x,y,TIME(2025/03/08 13:40:13.967),TIMETICK(f=10000000)
794.1100629935667,657.7855458420262,0.00000,0
690.6890982013578,676.3548594923919,0.22440,2244000
590.4407871872698,654.5733952464444,0.44710,4471000
406.97502453121774,511.12209121417834,0.66920,6692000
303.2133011002316,427.0148450839167,0.88310,8831000
262.9189336760337,366.0028298910442,1.10320,11032000
221.39398590564258,284.37500160012223,1.34060,13406000
222.98353059303213,232.8792122575031,1.57150,15715000
210.74990387301725,158.86740440323757,1.80750,18075000
239.80256972708656,120.8572773173419,2.04640,20464000
281.4944889148512,110.84374677252558,2.28410,22841000
298.8463985288375,101.70219148882943,2.50680,25068000
360.9124298335071,107.35145195247043,2.72710,27271000
431.73930501431596,170.06096269086532,2.94710,29471000
443.2129946848903,188.9713557151727,3.17150,31715000
492.9562736417365,226.40744358168166,3.39450,33945000
448.97249295303163,228.49613609392284,3.61860,36186000
434.7624876734829,221.19084545436303,3.84370,38437000
505.7108400437083,330.1330269928304,4.07720,40772000
575.8153149712425,393.24417748284486,4.30570,43057000
675.9550002228539,454.4972408874039,4.53480,45348000
717.4123330209152,506.27141915332334,4.76090,47609000
779.0922166309595,548.2657683646395,4.98180,49818000
805.7315596653901,599.8549406868715,5.21620,52162000
800.2843162837022,660.9862898236738,5.44620,54462000
816.70050799559,721.0115022171743,5.68040,56804000
821.5283389965101,734.9089945194643,5.93760,59376000
948.3859224779179,647.4792085016501,6.17410,61741000
1020.7644283532042,555.2731704758029,6.40000,64000000
1085.6673206509577,493.58852845803733,6.63510,66351000
886.9141977132437,400.32347768844403,6.89200,68920000
739.8182326155968,279.464604523553,7.11690,71169000
721.1611522552593,265.8962543257936,7.35850,73585000
726.9391746406645,255.9849357209884,7.59000,75900000
714.84423030616,307.95980413839254,7.81640,78164000
710.2514765092819,332.3375213329825,8.03200,80320000
651.5943715019932,306.4996311853347,8.24950,82495000
638.470501180922,320.5097870340377,8.47760,84776000
659.1148955826098,391.42485729291195,8.69410,86941000
682.740300278868,442.211162953277,8.93160,89316000
703.5532102269116,465.11662517823555,9.16330,91633000
765.3556243000605,500.9453360929308,9.40220,94022000
814.700158782481,615.3375110673765,9.61900,96190000
801.3397948827685,700.8492901101657,9.83320,98332000
852.272218985527,749.6752050286768,10.06620,100662000
854.1550746927484,759.0620526222758,10.29490,102949000
903.6816874428558,737.3761885467638,10.51940,105194000
851.5706514572431,720.950300632807,10.74090,107409000
779.1986324317944,745.0416351390332,10.98310,109831000
704.4228877719343,765.3161241074397,11.20640,112064000
599.1365633274559,775.2196447737969,11.42680,114268000
505.75867445751715,737.5854980119373,11.65660,116566000
477.4332365598814,731.703134465914,11.90060,119006000
392.96744125310005,723.1538058191122,12.13900,121390000
433.61413267168007,688.0153790540191,12.37170,123717000
457.10520337774255,628.9869909025965,12.61210,126121000
621.0944972164455,610.2760968990547,12.83720,128372000
701.2789904742306,562.7051247741418,13.06700,130670000
762.5472048205932,564.8273429364873,13.28940,132894000
838.1394751793389,542.5509735597901,13.52040,135204000
962.8438846388846,542.1441039856511,13.74740,137474000
1094.6529470573014,564.4010914205996,13.97290,139729000
1185.381686046767,576.6271118626476,14.22190,142219000
1276.6322023607001,618.731588710317,14.45190,144519000
1340.0394010255723,632.2486027229645,14.67850,146785000
1362.818716785576,640.5676434930067,14.90960,149096000
1299.0501656656966,645.0686610564728,15.12840,151284000
1143.352927745119,651.2282797394752,15.35520,153552000
1059.2244432806642,605.6737694518525,15.58220,155822000
1103.658186801261,615.8537539772674,15.80520,158052000
1010.0988071748354,629.7747632144066,16.02740,160274000
901.5555147217801,637.7602694866667,16.26090,162609000
864.1140018814768,671.0747557795678,16.48470,164847000
799.5250767081989,686.2904936153842,16.71680,167168000
875.6427163222295,699.2091013142125,16.94200,169420000
903.9757774641731,679.1549702247808,17.15930,171593000
914.707942515815,743.7990267878014,17.39470,173947000
960.2349581081634,700.3443144844366,17.62640,176264000
874.5578799285234,699.81858585022,17.84880,178488000
823.8192506804667,717.6478170435946,18.07390,180739000
788.5509301769438,729.1899710886596,18.30500,183050000
814.4650473217741,691.1874458077449,18.53380,185338000
943.1991348442527,664.6334958510212,18.75900,187590000
989.4787138888964,620.5702462664254,18.98010,189801000
962.4755074115338,566.2644104108414,19.20230,192023000
951.3111335924989,536.6490731784885,19.43570,194357000
1005.3405860091746,530.3445507405821,19.66220,196622000
1119.0352298212267,463.20234180151783,19.90600,199060000
1174.7859970652935,471.59661229419135,20.14040,201404000
1111.7769757530857,455.545207968861,20.37040,203704000
993.1404925624922,434.6474525846317,20.60370,206037000
995.281886498289,471.86410961778205,20.83530,208353000
996.399241892993,450.4229740136136,21.07390,210739000
1020.1131402275563,456.681443874792,21.29430,212943000
1087.5803560425866,455.52366755015834,21.52520,215252000
1126.9013681826996,449.317920432765,21.75110,217511000
1102.7155130048905,444.1764014433698,21.97810,219781000
1013.8743006567419,402.4785662312668,22.21530,222153000
996.6443933186993,430.68474733608565,22.42910,224291000
990.1410057217141,438.5432708014191,22.66390,226639000
1009.7143317556258,416.11162671351985,22.88610,228861000
972.6698806366176,372.92293049066774,23.10050,231005000
920.8132105654207,389.34361228483994,23.31520,233152000
876.8365032023554,412.55466920158284,23.53650,235365000
831.9261575108446,467.22059383055563,23.76210,237621000
655.0709037346209,357.0342375283247,23.99080,239908000
471.1814556560694,296.00402786804216,24.21270,242127000
446.9731775830176,326.08923814842643,24.44840,244484000
651.3922171120558,399.64760129510205,24.67910,246791000
761.2733719743217,418.50242534929924,24.90010,249001000
870.5797000029615,405.63391627161235,25.12040,251204000
964.6275425276009,404.7542408326591,25.33490,253349000
969.5112466939879,457.792390165932,25.55340,255534000
908.7925223208833,475.30209143056953,25.78710,257871000
954.9646953300551,517.4743562614099,26.00490,260049000
936.4049329806128,523.9303923630031,26.21930,262193000
933.9431449239825,537.9556054613381,26.44420,264442000
925.6094257521692,562.7463970319008,26.67290,266729000
977.6877630554621,590.4009846795796,26.89100,268910000
857.9039452600223,575.2854765305702,27.11710,271171000
690.9728965774751,492.45927802805926,27.34180,273418000
524.1697705546842,384.02926854354,27.57120,275712000
444.4638966765766,292.34885147477553,27.79550,277955000
445.5458215009861,230.84067040164229,28.02080,280208000
522.8465890265256,241.5041279338774,28.24580,282458000
555.0975374926935,313.27857185031144,28.46930,284693000
607.927728826369,359.2948898594306,28.69480,286948000
771.7092751684157,344.57103745711333,28.92320,289232000
849.3058855398776,368.56779460470284,29.16160,291616000
866.4302713111207,415.46194110150594,29.38930,293893000
848.6722384503913,447.82476266592363,29.61960,296196000
811.633654704189,515.7086038247327,29.85640,298564000
711.039541122863,554.7219114372214,30.09220,300922000
805.2197731981751,620.5645066083896,30.31570,303157000
915.3110436052165,662.2888124766821,30.54040,305404000
909.763878281254,685.3873215587189,30.76090,307609000
930.0917220837891,688.2446414050497,30.97900,309790000
888.6419483801106,721.1346478067383,31.19870,311987000
805.134458841774,759.3297539685993,31.42580,314258000
709.9430192687134,773.9046106047581,31.65450,316545000
732.5627999247415,776.5797640163921,31.88040,318804000
769.4618581734159,787.9554032776786,32.11250,321125000
795.5717461173899,760.5393481502153,32.34080,323408000
776.3575524908283,727.2972341593404,32.55560,325556000
731.9734910591277,683.1171359874965,32.77230,327723000
635.3800605924122,638.8082321066667,32.99790,329979000
594.5690836872512,618.8041565130997,33.21610,332161000
606.5877061648264,618.359862052401,33.43810,334381000
619.0754831795717,628.731932124651,33.65740,336574000
645.730381862914,630.6091169970917,33.87590,338759000
620.2891052032935,672.5855711160691,34.10370,341037000
550.9115087257933,696.7050078875089,34.32880,343288000
623.7573860398581,680.7831858938524,34.54730,345473000
727.6738860037702,641.7158440417008,34.77280,347728000
758.8107425372825,620.7708670374527,35.00370,350037000
816.2572102863453,538.2049091942636,35.23150,352315000
934.4609830673716,494.63029513672734,35.46160,354616000
938.950138241677,486.80128676647826,35.68440,356844000
889.3519458937775,573.6557158667712,35.90370,359037000
873.6006644343724,577.4451626958682,36.13050,361305000
826.4744103674221,545.2009417854872,36.35410,363541000
777.0740945565387,586.8927868995128,36.57710,365771000
751.3660835202121,628.8647601226244,36.80130,368013000
871.5484136743373,628.899210357036,37.02230,370223000
966.1468378617053,676.5950010291202,37.25820,372582000
937.9072336892237,715.9768639122365,37.48930,374893000
883.4139986510669,725.8573802325282,37.72260,377226000
741.5419551634222,690.0444722622144,37.94910,379491000
675.2552213507223,627.012076977974,38.17330,381733000
606.1020271807187,568.4018076995524,38.39420,383942000
572.2573351892216,532.2807331474387,38.62170,386217000
700.8385849146558,498.1566023440788,38.85230,388523000
797.4206744637171,439.7114420919716,39.07260,390726000
833.209784762177,433.1472254712718,39.29830,392983000
817.9201603571228,456.4495111396515,39.53660,395366000
956.6143485857601,501.4387813650009,39.76790,397679000
781.2208370319163,364.14498886493504,39.99740,399974000
599.9225710267293,273.4623966974135,40.22580,402258000
536.1366670218249,265.72114580540176,40.45860,404586000
502.2472322348167,234.84197359565076,40.68160,406816000
464.773790379474,197.69563899143608,40.90140,409014000
514.2710696824723,205.98975760747734,41.12510,411251000
519.4458787621024,272.37941769829905,41.34750,413475000
569.2631641615968,362.08265776813414,41.56590,415659000
763.6103613583215,306.7226154274354,41.79130,417913000
847.7777722917509,274.202042233839,42.02410,420241000
1120.9283404609364,210.00767191938272,42.24880,422488000
1311.8530216620497,166.19472032013203,42.47170,424717000
1422.255189656888,176.4882354894154,42.68900,426890000
1244.9031418189782,277.44711517836987,42.91180,429118000
1251.776573595977,369.08843477312536,43.13290,431329000
1230.8248017862193,422.023391357742,43.35340,433534000
1155.0198841319213,489.72389401733784,43.57330,435733000
1307.7047834569494,481.6497476975611,43.79740,437974000
1425.6340032644353,418.830998210414,44.01940,440194000
1481.88722619399,357.19031259264875,44.24380,442438000
1496.3923564335964,322.8544629247218,44.47220,444722000
1455.670479796885,324.9705371494668,44.70140,447014000
1223.096377637756,277.75711811587263,44.92870,449287000
1075.4371339579682,421.1407609371089,45.15880,451588000
954.4555641506853,496.93877580413226,45.38260,453826000
806.1738829762833,601.3876369609671,45.62620,456262000
720.5182706139046,662.6325462714311,45.85100,458510000
647.4830754369324,698.5735898465048,46.07660,460766000
713.0901417743307,721.444934832016,46.30640,463064000
750.9421949350127,756.0157705831076,46.53850,465385000
764.5688225113646,761.7894951255032,46.76480,467648000
834.9830618149401,779.2199995801346,46.99980,469998000
879.8722826874398,803.9217461698129,47.23040,472304000
872.1295276602386,789.7552670999297,47.48010,474801000
886.4900139965035,787.6365622753605,47.72910,477291000
910.3084605380651,750.4141882146622,47.95320,479532000
907.5835306576872,630.6266873181271,48.17960,481796000
963.0178007444804,600.9831766157614,48.39890,483989000
948.1202949771296,517.7291826336575,48.62200,486220000
947.1277282013648,458.59600904476366,48.84370,488437000
964.92533947071,468.5324243234886,49.06430,490643000
924.2306859469652,477.32778201966966,49.29460,492946000
857.1583667287666,510.1453652479628,49.51070,495107000
830.5039551370553,542.1689575918534,49.73560,497356000
875.461124723142,458.8032264366636,49.96720,499672000
674.3054195528211,326.0955662906766,50.19240,501924000
508.1986400554437,308.7759544816679,50.42840,504284000
468.6610169822556,277.4066890955343,50.65620,506562000
502.8376443427353,265.22398303046947,50.88260,508826000
521.1782595290794,238.99337427663264,51.11130,511113000
519.6309700090341,301.2629993778386,51.34090,513409000
557.0070046432038,418.31333635766134,51.57480,515748000
663.106505929857,499.79053794411857,51.79730,517973000
753.0124004846795,572.8821680278057,52.02940,520294000
790.9644036750436,637.2981322661932,52.25100,522510000
882.4639333824708,716.9455806922514,52.47130,524713000
943.9888167420014,728.7941730805094,52.68540,526854000
1007.5954947490268,706.0095221257507,52.90500,529050000
1058.3044007051255,698.9942928541194,53.12880,531288000
1098.6076361724533,682.2776746462051,53.34930,533493000
1100.8174550738331,679.8573362169551,53.57320,535732000
963.346991826487,669.551294569295,53.82330,538233000
1009.3004238244332,671.9471086889793,54.05480,540548000
1097.3659647062539,661.4489752935553,54.28240,542824000
1131.3526678626886,646.1235020517415,54.50420,545042000
999.8220465030663,624.9154199116713,54.72850,547285000
936.5675686172808,605.3369791102829,54.95060,549506000
892.9432394610343,621.8256160365812,55.17380,551738000
657.4827435977361,586.0529012214138,55.39230,553923000
418.6955251443714,618.8327724037593,55.61490,556149000
404.3666945221974,606.8319692372824,55.83790,558379000
552.6931878232509,622.0583221150735,56.05260,560526000
696.1345974276081,627.3874599054884,56.28010,562801000
857.7014119073417,620.6070930416579,56.50890,565089000
986.3973938062611,662.8630026268131,56.73480,567348000
992.4322863262186,631.5175106768891,56.96110,569611000
1041.254842930868,607.8184980894187,57.18580,571858000
987.9679077593888,585.2391049832122,57.41320,574132000
960.1185409107102,594.1230351700162,57.64530,576453000
941.4916102323999,546.5937912544275,57.87270,578727000
945.1311128174947,571.252218183071,58.09710,580971000
888.9326331134948,596.5112957676481,58.33360,583336000
833.7683052560452,630.5870169281629,58.56040,585604000
780.8247012536402,645.9952381750959,58.79660,587966000
662.3571233701372,603.0738981739062,59.02820,590282000
661.3924411397185,621.6219921912108,59.25780,592578000
596.3652625149807,622.3302355442645,59.49270,594927000
530.5320397655623,572.2079189973389,59.73720,597372000
563.3228651082158,584.6335251673905,59.95940,599594000
539.6975835598669,585.9368699627466,60.17730,601773000
511.4097439167929,602.3352372215675,60.40300,604030000
509.7185654315746,630.4401292066757,60.64010,606401000
491.1421912239423,635.9819588653944,60.88930,608893000
402.5601233469326,645.950941891902,61.11520,611152000
433.4120175893102,610.4606299404436,61.32440,613244000
725.2553591093814,502.21196044496827,61.55110,615511000
766.7803482537036,445.3488999687121,61.76990,617699000
767.3779901148162,430.5845553565756,61.99280,619928000
708.298824032858,480.54781875865746,62.21330,622133000
676.1518704322515,552.1543113631706,62.43770,624377000
671.434089654367,571.0630576216306,62.67540,626754000
642.864207337032,646.8977731803525,62.90020,629002000
667.4544149218923,633.1617491195317,63.12920,631292000
809.2190944532615,645.7150208123616,63.34900,633490000
917.1858820094286,664.3526560501012,63.57930,635793000
1006.8833383728947,679.4937366666705,63.80330,638033000
1061.8198963812254,674.2586337015458,64.02740,640274000
1117.4457416221667,728.8605936082341,64.25620,642562000
1008.850458427673,693.8210694991709,64.48610,644861000
947.1012533744898,785.184386252001,64.71000,647100000
913.942843999247,773.6609308929933,64.94110,649411000
976.1548686547943,763.8365525925459,65.16430,651643000
995.8622693822886,776.9507456884346,65.38900,653890000
1004.6270511340392,767.8695213734013,65.60710,656071000
961.0518400161714,738.0762465965446,65.84170,658417000
985.3523884850164,747.5745045624933,66.07150,660715000
1124.0604205388622,752.1367287596918,66.30110,663011000
1014.2099637342137,741.1441574156376,66.52180,665218000
959.1166668308875,753.8271646031563,66.74780,667478000
1005.2400041155724,714.9202409240634,66.97680,669768000
1046.5836058542995,707.092651741206,67.20270,672027000
1079.8965891565156,712.7946290167838,67.44150,674415000
1099.7426026760597,724.0625605671122,67.66030,676603000
1013.0050387962356,750.6354536070123,67.90070,679007000
928.9967068271969,774.0256390843479,68.12970,681297000
889.3307947885565,762.8508117823034,68.35650,683565000
874.3744760918821,766.4568514181624,68.58840,685884000
884.0098762225746,733.7282839016432,68.81460,688146000
892.2634546297801,693.153415591209,69.04590,690459000
981.8596079005866,670.8717424176893,69.26780,692678000
1042.0967331775657,645.9573713670825,69.49120,694912000
981.2120598119756,586.078788788628,69.71780,697178000
971.1159933992699,575.2539188242777,69.94800,699480000
968.8137349665591,567.9416116991825,70.17220,701722000
1029.3569774709163,516.8854050773809,70.39740,703974000
1073.2275227046212,508.81342758899945,70.63820,706382000
1107.3972153872598,521.9032307376361,70.86180,708618000
1177.750653404787,533.1233690675778,71.08690,710869000
1073.597297046984,584.339385960305,71.32230,713223000
997.1322270311789,643.2064132611409,71.57610,715761000
953.9884084656868,669.5787470424043,71.80360,718036000
984.2714960017113,678.3017719035686,72.02810,720281000
958.243458173725,691.0747852959785,72.24780,722478000
906.9220860655104,674.3448600116186,72.46400,724640000
803.0359818532122,629.6148073698945,72.68190,726819000
716.6916064387678,621.2205063039719,72.90150,729015000
752.4970549022655,644.3203537685508,73.12900,731290000
753.3529411352094,640.1364237731258,73.35410,733541000
687.1416281302237,607.8798163791217,73.58110,735811000
688.301986292174,626.9717961715952,73.80640,738064000
838.5588677390282,649.7035207741328,74.03380,740338000
900.1725348034299,686.9106957809464,74.27570,742757000
908.6035056890271,646.2529586564243,74.51030,745103000
935.7263596372885,588.0264440612534,74.73930,747393000
963.8658550074595,583.999583748523,74.97240,749724000
1027.9249195957357,627.0426780128139,75.19910,751991000
986.6909663668622,680.1897068731075,75.43580,754358000
920.8212015436629,714.6334369365534,75.66740,756674000
859.6959972394565,752.1701463983774,75.90050,759005000
910.463968785516,762.3146932651161,76.14720,761472000
815.5682362541172,740.367629424143,76.36780,763678000
803.3976923695762,701.4456857907118,76.59910,765991000
812.9157580632913,629.0907956166589,76.82050,768205000
854.1910954702043,586.9759967260159,77.03870,770387000
937.5135950448406,579.4183649270228,77.25770,772577000
975.8834772010243,587.9232651618587,77.47560,774756000
1015.9439310812716,596.6228777182971,77.69590,776959000
1046.241875929826,615.5905054802454,77.92410,779241000
1047.6616094410147,638.5229688329132,78.14650,781465000
1056.5285822561639,631.1459823288475,78.36880,783688000
923.1259386059733,600.7035639105579,78.60280,786028000
1013.8867917207323,649.201967142121,78.82750,788275000
1031.5600421070753,637.3297486075755,79.05520,790552000
1040.6828342292674,637.8796491975158,79.27790,792779000
1053.6326890336545,611.2929380342865,79.50020,795002000
1034.2511183008264,585.1988580177708,79.73590,797359000
988.899700471953,578.8317402935645,79.95480,799548000
915.6902960175486,555.8565158049798,80.17380,801738000
809.1942227558102,558.0151888593729,80.38460,803846000
876.3508062495422,571.607326846991,80.60110,806011000
790.4159151628677,527.7247797921262,80.81270,808127000
713.8187215583176,504.5092153603386,81.04550,810455000
679.3756004726168,533.8187405817812,81.26710,812671000
702.074230492942,523.4597585254622,81.49240,814924000
666.868967826919,525.2637806413692,81.72140,817214000
648.7752088003874,527.0129331313401,81.94800,819480000
615.3201563119331,593.2194200941916,82.17220,821722000
753.1966902947282,633.2257459089433,82.41250,824125000
847.1174099221508,573.3429519537385,82.64340,826434000
964.2388077382598,532.669157153367,82.86530,828653000
1010.4876777441665,487.8094604606646,83.08610,830861000
1095.4975431980101,452.65453182116056,83.31300,833130000
1014.7771741539441,422.48848334802415,83.53940,835394000
1052.9507296548245,460.03944789143367,83.77650,837765000
997.9368735914751,478.98551450301875,84.02660,840266000
1112.8500991612686,515.9957059698489,84.26770,842677000
1206.0463606640087,516.327344265351,84.49790,844979000
1020.9780074290345,421.6953338688545,84.73400,847340000
832.7620282954928,345.5518370474108,84.97270,849727000
745.8804922336545,305.0703523470718,85.19670,851967000
684.5305818276472,299.1104112074967,85.43720,854372000
589.9184607650269,280.39703065400727,85.66650,856665000
580.8119848414121,385.3020246694715,85.90120,859012000
535.9374386422365,365.95532409100645,86.12710,861271000
565.7516974160202,336.46312540780593,86.35440,863544000
652.3114484364744,323.23063649950933,86.57720,865772000
626.241895843138,317.4260498221395,86.80880,868088000
674.3931082466119,328.2164385635974,87.04900,870490000
797.8941213136451,372.41802028485046,87.28690,872869000
932.0305361989538,469.28895911267375,87.53290,875329000
1036.119118835901,529.9945340047278,87.75860,877586000
1107.1342930007488,579.8058605496576,87.98110,879811000
1104.8470753864829,568.3016816451811,88.20600,882060000
1112.01084357447,584.3060127545934,88.43220,884322000
1057.1200607567207,582.468270441328,88.67750,886775000
979.3441251059558,578.8974195707042,88.90900,889090000
923.4157627114853,574.489944647381,89.14210,891421000
867.3212413121896,561.0817883823156,89.36390,893639000
816.8493360842668,523.8426785315676,89.58970,895897000
795.3468808910711,525.1251868096351,89.81540,898154000
787.619813023291,464.6406167716319,90.04710,900471000
665.7864705531208,442.7192389260511,90.26100,902610000
698.8270145600125,467.1782886865256,90.48570,904857000
839.9210068951431,417.17760887326574,90.70420,907042000
920.2230701299645,401.69697253673434,90.92350,909235000
1066.2129173654357,386.7429882396365,91.15060,911506000
967.8313630949106,325.18413132485284,91.37460,913746000
766.2699767421581,241.32226903432525,91.59670,915967000
635.4927786113894,205.0179566064167,91.81540,918154000
485.0470145527624,224.87382127903874,92.03350,920335000
413.74086698660176,233.42774651937282,92.25760,922576000
375.79725886473335,282.5518912971812,92.47960,924796000
334.33233390400306,257.00951539831937,92.69800,926980000
402.63857035048926,307.6611706571504,92.90880,929088000
614.0517093166334,308.7410644281912,93.12130,931213000
820.5092603762548,325.79133041686924,93.33980,933398000
1022.2775442132695,325.4902489778545,93.55340,935534000
1155.38573397533,358.81308477821005,93.77000,937700000
1205.050143941581,405.3097056089525,93.98600,939860000
1279.903681896483,461.9402458884904,94.20390,942039000
1310.5750850570982,534.6165195869003,94.41510,944151000
1298.856877670636,624.893304883995,94.63400,946340000
1197.5727725944855,614.5870229383618,94.85160,948516000
1054.1326525904365,608.7899268340242,95.07360,950736000
961.4613017485251,592.1798381242397,95.29350,952935000
964.0631541835244,584.7742497147036,95.51800,955180000
856.6344764827669,514.4330828513476,95.74150,957415000
881.8198013411675,499.3777639621763,95.96050,959605000
799.1848641185269,473.8618488036725,96.17840,961784000
691.3175027223776,522.4375944914207,96.39950,963995000
707.8469528822351,551.442464142609,96.62640,966264000
692.7777089555716,538.5665266840532,96.86380,968638000
615.6180062521656,492.27075514807603,97.09240,970924000
656.3190129437208,481.76652183943725,97.31910,973191000
673.7157858058737,518.7685158717992,97.54710,975471000
621.5884809410294,509.37959441382293,97.76000,977600000
651.7743830687433,578.1519044277189,97.98470,979847000
646.251053297861,595.7781852637347,98.19990,981999000
600.3103342162848,630.7925012626802,98.42010,984201000
535.5550397461164,646.7037931994711,98.64380,986438000
563.4470725472853,702.7734561391737,98.86690,988669000
540.2778983647015,694.2959051468674,99.10570,991057000
570.9469581033245,705.8960754039514,99.33970,993397000
605.603766128474,733.761004868685,99.56180,995618000
653.5526771517781,742.5639918958187,99.78590,997859000
825.0960481061945,695.4428027175886,100.00160,1000016000
927.8232907167552,652.4956674424159,100.22700,1002270000
1010.0430981273108,607.89229250255,100.45670,1004567000
879.6474342853851,568.2204609549384,100.67510,1006751000
725.888502384866,450.2553357298895,100.90520,1009052000
625.4105559034897,405.78307786801486,101.13450,1011345000
603.2638850716993,437.3526471798989,101.36380,1013638000
650.867573715383,355.07872544197625,101.58840,1015884000
782.3918523154392,314.4758507047195,101.80840,1018084000
655.6287192248619,339.6424196445176,102.03290,1020329000
562.0820919062819,382.1530300683049,102.25840,1022584000
463.2477268660086,388.18740231316406,102.47980,1024798000
426.766912364008,431.4565249725612,102.70420,1027042000
457.9308968210046,491.9156096258819,102.94200,1029420000
450.58472325468676,623.1342252127886,103.16470,1031647000
492.88222220535573,708.2265840448391,103.38900,1033890000
592.2698974952606,719.031068600644,103.62200,1036220000
871.7965434513094,651.2897601977891,103.85100,1038510000
1102.8677978737549,574.5053951564493,104.07600,1040760000
1283.3849720100234,496.4210758152702,104.30000,1043000000
1444.7577846396957,404.15049209955134,104.51430,1045143000
1572.3547664684502,373.67771731161776,104.73100,1047310000
1659.569070747071,362.58282550819496,104.95190,1049519000
1758.3328447887147,255.5542260043748,105.16630,1051663000
1788.9617693204616,254.94398469722248,105.39320,1053932000
1841.0364083441189,264.05845409036704,105.62220,1056222000
1675.6850771601237,357.025514022068,105.84200,1058420000
1691.2751809538797,365.67728316482567,106.06940,1060694000
1670.4567662318677,329.9940911694823,106.28820,1062882000
1685.9645951227094,297.20438489071717,106.51380,1065138000
1530.5853220973095,335.72506426674977,106.73760,1067376000
1474.4246414735048,375.86202308768327,106.95730,1069573000
1537.4180301199358,345.32344908130773,107.18270,1071827000
1566.0663729128798,282.73857189487967,107.41530,1074153000
1536.334460402616,281.92971870580357,107.63370,1076337000
1516.490863509256,310.30698435337706,107.86950,1078695000
1234.5366054813712,375.60917430544407,108.08440,1080844000
1007.3072083771001,429.2481228492069,108.31210,1083121000
833.9655960886951,464.4654827512005,108.53890,1085389000
917.6096289221675,506.51411666724266,108.76330,1087633000
978.2879351014591,468.9394066162927,108.98400,1089840000
832.8226422633275,548.0290951761901,109.21270,1092127000
854.228230475137,600.6000357348646,109.43570,1094357000
913.4877385267187,676.8605212117683,109.65440,1096544000
1016.401332816486,595.2897063257245,109.87940,1098794000
1034.7676860397266,508.526433371101,110.09790,1100979000
1069.5660717675785,398.36937120010674,110.32460,1103246000
1146.1177707669815,328.96403900977714,110.54240,1105424000
1079.2402135088057,302.10099113022176,110.76300,1107630000
955.8882922397158,373.55190414587133,110.98990,1109899000
867.5216538524593,351.95986304943654,111.21580,1112158000
904.6809474991417,402.23814910126373,111.43600,1114360000
820.1914709637732,430.0566180998047,111.65700,1116570000
764.9099733806902,442.18314993243865,111.87500,1118750000
710.6987552813429,417.9521542448553,112.09680,1120968000
755.2031742667415,392.2228442322456,112.32970,1123297000
676.9554959333993,431.38704629056724,112.55720,1125572000
577.0069303418544,470.39501994884944,112.78460,1127846000
547.9926134198166,583.1263461410292,113.00890,1130089000
551.372121685321,556.3765359092097,113.23370,1132337000
528.6683559427838,569.4588022318031,113.46470,1134647000
566.802464579696,570.1448705004491,113.69150,1136915000
717.1855421189348,542.023213358759,113.92170,1139217000
833.5526620444759,516.1002742675424,114.14160,1141416000
941.9112377718237,452.18113393362876,114.37320,1143732000
1037.3811546418622,387.6667542518638,114.59730,1145973000
1080.9031691124915,426.8839994928718,114.82000,1148200000
1001.2413292214143,485.619453374875,115.04360,1150436000
1131.4651660283112,544.823665634224,115.26880,1152688000
1165.2900331425249,557.493628744762,115.50210,1155021000
1201.4972946002483,518.9080950192471,115.72480,1157248000
1053.7640233823156,514.7132191295506,115.95670,1159567000
970.8902141302847,467.3090961946193,116.17730,1161773000
907.5834587572151,455.0174374760902,116.40490,1164049000
864.0702171353713,456.14198595593507,116.63610,1166361000
786.5787999581065,470.100024688616,116.86140,1168614000
737.7884782702752,548.7578999130378,117.08830,1170883000
713.1112317031922,652.2548825340493,117.31560,1173156000
668.2235791554813,660.599107382585,117.54160,1175416000
619.1586266394187,763.9244200944331,117.79030,1177903000
586.4435762020187,787.0345124838474,118.03180,1180318000
510.3483080468664,788.2094021420152,118.26660,1182666000
528.2186858727537,794.4794659747213,118.49140,1184914000
620.6630538705001,780.7461764733895,118.70690,1187069000
707.9921739648333,718.9644322820063,118.94830,1189483000
822.1156295573628,670.376974581771,119.16340,1191634000
783.5372725228522,636.4615650360095,119.38730,1193873000
925.7631879606485,675.3628546490822,119.61440,1196144000
1028.4659218240358,711.5364943137174,119.83950,1198395000
889.1026848509495,695.9382818102486,120.06150,1200615000
682.2449992750961,688.3284199757938,120.28900,1202890000
623.9117524386496,674.7826250250222,120.52510,1205251000
702.1183975493971,657.1460663894281,120.78410,1207841000
745.513593157294,638.3706461552858,121.00700,1210070000
734.7946300775094,659.4716672382939,121.22680,1212268000
688.6936214894471,635.4216475235837,121.45220,1214522000
786.456561802282,620.9501632447657,121.67840,1216784000
923.7536054348958,609.7612127581154,121.89850,1218985000
848.9125975658961,577.7012837458736,122.12210,1221221000
988.5682614513723,590.0053129932289,122.35190,1223519000
1075.4146972222704,564.0160269231181,122.58780,1225878000
1133.2535048875993,583.0731342512487,122.81260,1228126000
1178.830061035872,563.7874502266204,123.04950,1230495000
1242.4561838933653,631.0189865470213,123.30930,1233093000
1273.4687304777217,630.6907489730618,123.52380,1235238000
1294.459206026049,641.0172218010406,123.75130,1237513000
1300.8976626525885,650.5195050891248,123.97640,1239764000
1332.5118969690684,662.8594080254056,124.20410,1242041000
1359.4007592128214,658.6742737824914,124.43610,1244361000
1170.5931079062518,640.3148165608515,124.66710,1246671000
1085.4088798099267,680.220970932491,124.91810,1249181000
1011.7224326729879,666.3993142643033,125.14900,1251490000
883.553420214105,631.37212084868,125.38040,1253804000
794.8943845976905,659.2809706131836,125.60650,1256065000
811.7561168392638,635.8705384787598,125.83720,1258372000
841.1750447038766,617.0077715125716,126.06620,1260662000
900.3576507358093,611.0851575361513,126.28850,1262885000
856.788887222878,621.1677884607658,126.51480,1265148000
809.4850718034498,599.0843933832903,126.73830,1267383000
813.6924502506778,616.6762508226694,126.95970,1269597000
843.3387106029145,621.2207021216127,127.18430,1271843000
891.5405749894768,629.4680249902332,127.40070,1274007000
860.2185642706089,626.3613887736412,127.61600,1276160000
859.2232293178665,653.7557282150599,127.84070,1278407000
975.3202306098121,649.8221347906357,128.06330,1280633000
1044.5541803957021,610.4187535011926,128.28780,1282878000
1025.8247321204847,624.7529935036741,128.53760,1285376000
1142.8382419636444,643.608470946942,128.75730,1287573000
1213.3878241045413,635.12203086365,128.98260,1289826000
1267.0569101131098,619.8110889268866,129.21160,1292116000
1313.29059331997,601.496887202625,129.44780,1294478000
1345.3258554260974,578.804832918378,129.69100,1296910000
1263.6233068760166,606.5860044705751,129.91110,1299111000
1175.40951185431,656.6457678892676,130.14010,1301401000
1043.3991325076158,670.6141512158642,130.36400,1303640000
1000.0618840993274,684.1694012053598,130.57620,1305762000
912.1838162534875,734.665989464576,130.79570,1307957000
867.2494379598634,678.5284591592924,131.01460,1310146000
830.6482738437297,670.0049706399008,131.22900,1312290000
811.5798234825943,657.0904145829638,131.46250,1314625000
771.8845228188155,668.1345081047637,131.69200,1316920000
715.7209920891787,625.7291652129275,131.93380,1319338000
712.9653530527394,621.1875340785123,132.16410,1321641000
793.9609525002513,617.6446754268906,132.39470,1323947000
850.3182027436534,597.6660198103427,132.61670,1326167000
909.7452809785366,580.9635872727837,132.83690,1328369000
866.1606516537109,644.511546265445,133.06450,1330645000
870.8279359312785,660.2332644404269,133.28540,1332854000
830.9842087730594,672.0283793779271,133.51110,1335111000
825.1747044861842,726.5845245059976,133.73080,1337308000
816.5086938266536,735.1825821852177,133.95740,1339574000
810.1145731588505,744.9733621659011,134.17650,1341765000
765.1231813075059,716.8539140153702,134.39790,1343979000
831.7890825810151,732.7123550011222,134.62590,1346259000
803.483598564078,744.2327215744319,134.85790,1348579000
770.0536958049906,744.8290324135454,135.08200,1350820000
770.9507713648404,763.5497818231371,135.31070,1353107000
788.6900544583049,781.3138213790626,135.53690,1355369000
860.6222043800551,759.590044332302,135.76170,1357617000
872.7183639638721,762.509684636715,135.98780,1359878000
860.9355569221965,679.0843535342985,136.21890,1362189000
903.634004109247,711.0035650011738,136.44450,1364445000
895.3630908639566,759.2396610352486,136.69940,1366994000
894.4306490038625,763.605721195042,136.93450,1369345000
881.4801149260784,749.4518486707436,137.15180,1371518000
1002.4155334360938,578.7615363085774,137.38520,1373852000
1102.1838269699374,480.2628531601904,137.61430,1376143000
1262.8479920991872,386.3858839336307,137.83610,1378361000
1378.9459642764969,256.8702971474785,138.06710,1380671000
1441.655977419477,165.57739433887883,138.28740,1382874000
1201.154194475166,202.44360890296653,138.51230,1385123000
1027.172064004926,186.30158648154597,138.74490,1387449000
826.9225774187032,165.03553551861623,138.97480,1389748000
740.001503666498,150.14160077255576,139.19900,1391990000
686.1194527126398,238.45194703765105,139.42530,1394253000
654.036506892467,200.5111406331328,139.66710,1396671000
664.1424602765264,125.3866030700492,139.89600,1398960000
657.7465224044056,240.16929843467005,140.13020,1401302000
591.6141822886526,175.50433084468622,140.35830,1403583000
685.6470052813022,129.92066041684922,140.58050,1405805000
728.735458033132,90.28449584990133,140.79770,1407977000
649.3352958531102,99.66038666420229,141.02640,1410264000
610.0355016647355,93.71367819322427,141.25530,1412553000
637.1656335098882,93.03779722479518,141.49020,1414902000
687.862922685211,89.30837466533497,141.71680,1417168000
797.0136827128294,95.80570321334243,141.94400,1419440000
745.6234369754919,278.06749686675175,142.16170,1421617000
911.2541131255684,287.7603840445539,142.38920,1423892000
1028.9858832343016,261.8855243810454,142.61450,1426145000
907.2078572784416,255.93193901988892,142.85570,1428557000
763.5076630933346,260.85147007372416,143.07700,1430770000
743.1665698448497,278.4483056645174,143.30030,1433003000
726.7555132478684,219.73195940696363,143.52410,1435241000
711.0173313020638,224.75410107764952,143.74280,1437428000
683.924287547667,201.10096256006892,143.95780,1439578000
732.5857640558593,231.23052603535083,144.18090,1441809000
938.0352434787792,272.4105426387687,144.40510,1444051000
1056.118281005664,401.9802894218016,144.63550,1446355000
1107.8968855790918,476.46320756856636,144.85500,1448550000
1146.7932909870171,470.6465797820971,145.08240,1450824000
1095.2551360946616,455.1621456003219,145.30790,1453079000
1006.6884413914429,509.07103739379863,145.53170,1455317000
1012.8126463814957,575.5855512091125,145.75970,1457597000
1036.4952954249443,674.7664771278185,145.99740,1459974000
1214.413226822779,631.6924578735927,146.22020,1462202000
1255.7204682800773,607.3648433736022,146.45670,1464567000
1262.1009028919118,594.3978390867935,146.69670,1466967000
1167.0043481328792,523.9477156949993,146.92640,1469264000
951.8877996865923,532.4105016443206,147.15100,1471510000
955.4335359437749,504.99004956631,147.38370,1473837000
945.6282701315072,464.77015660843114,147.60170,1476017000
924.0561985781061,488.26651205809225,147.82530,1478253000
946.7923509499532,530.9961689626996,148.05420,1480542000
954.6769557490802,603.43244359503,148.28000,1482800000
1004.487549405986,645.9200960642258,148.49920,1484992000
1096.6847704358568,649.7601712613368,148.71990,1487199000
1153.5278432960536,560.8665719777189,148.94850,1489485000
1218.0260494081767,586.2918547733688,149.18070,1491807000
1242.2507692942672,583.223142254682,149.40860,1494086000
1280.4449909806317,574.3584688001959,149.64760,1496476000
1238.1803534329417,590.7927373142502,149.87820,1498782000
1260.0259549710777,591.5122113799817,150.10910,1501091000
1325.7934953035085,534.9113726903929,150.33390,1503339000
1337.2276519059978,553.4319360913981,150.57360,1505736000
1231.2707324220582,636.8247260144677,150.81440,1508144000
1119.4626431362408,654.0343276904675,151.07330,1510733000
1046.2256607004244,634.9976789559946,151.28720,1512872000
988.1066683573837,624.5620380363346,151.51170,1515117000
1074.4501664687625,615.6785549712754,151.75050,1517505000
1130.8260491704903,619.9279341023682,151.97460,1519746000
1060.597187615758,575.3702195117688,152.18830,1521883000
1037.8607210240245,576.1857836838956,152.43280,1524328000
993.5999664511971,599.6217773981365,152.67340,1526734000
946.1576797799225,620.7362483759787,152.89250,1528925000
1001.2331963879507,622.4066455416454,153.12750,1531275000
1011.527558402626,619.4996758013431,153.35960,1533596000
885.3473100540687,689.1581958859565,153.59420,1535942000
928.3466716557439,705.7096010780825,153.81900,1538190000
942.6017012872214,705.0284917029122,154.03710,1540371000
1011.877533655105,689.3690449093917,154.26780,1542678000
1100.2108408981112,662.7815522264693,154.49330,1544933000
1144.5047803269192,647.7714550299143,154.72780,1547278000
1114.8216710164213,625.8978597089933,154.95100,1549510000
1072.003234620919,580.6791174889845,155.17770,1551777000
987.1771046711106,612.5519068122343,155.39040,1553904000
904.7309123769666,594.451644741258,155.61380,1556138000
930.4938942824334,589.431075097553,155.83200,1558320000
981.9455883951827,532.6958658419594,156.05120,1560512000
1011.5221008459512,463.12960489306977,156.26510,1562651000
933.9819008054156,397.1282375447482,156.48660,1564866000
725.5589660075062,378.0294602559397,156.70980,1567098000
674.693196745935,320.2430446783132,156.93690,1569369000
629.7217052950939,262.6468063310618,157.15840,1571584000
618.4611552456757,263.30965405460955,157.38370,1573837000
509.7514688913968,162.13148169122644,157.60090,1576009000
639.3335933122436,154.35621808994546,157.83910,1578391000
691.5851506613185,171.17165916475827,158.06830,1580683000
751.2458479726597,281.3505915002372,158.29330,1582933000
802.8676764430556,287.5785027969434,158.52130,1585213000
855.3677459218762,285.8077469811092,158.74670,1587467000
949.3578526477886,327.5261758606075,158.98130,1589813000
953.8050675390517,377.6301189477138,159.20890,1592089000
937.0634870017051,446.9038750401517,159.43640,1594364000
886.198108010314,510.46703485701363,159.66650,1596665000
900.7017397537587,584.9174223891871,159.90560,1599056000
924.0311971961113,615.779746301707,160.14120,1601412000
902.3901113765523,600.3851774644422,160.36570,1603657000
916.069875820149,508.80025338632345,160.58780,1605878000
941.7347609118725,396.96902165402673,160.81470,1608147000
924.5814789054642,335.07624227340494,161.04020,1610402000
1007.5929982049224,280.4918796932657,161.26580,1612658000
886.7358012165402,253.9290011242409,161.48810,1614881000
833.1002908952615,219.08567055275728,161.71690,1617169000
774.562299760692,277.7539191399145,161.94410,1619441000
847.231089702658,409.55099170438257,162.16570,1621657000
844.3168761419741,475.9306848524121,162.38480,1623848000
893.1259290638313,496.28904550428103,162.61090,1626109000
998.9616136406498,545.6491339531608,162.83430,1628343000
1063.9109112785588,616.4757353854966,163.06900,1630690000
937.9565848626497,670.9956915720176,163.29660,1632966000
985.0027657335238,678.3864002683559,163.54580,1635458000
935.1396826756442,643.4677068647593,163.78190,1637819000
965.2082987725311,665.4189259737028,164.00900,1640090000
1009.0093188961447,656.7203867674523,164.24220,1642422000
1022.3724540914103,632.9264120244743,164.47710,1644771000
1064.1696755423438,629.7682468460127,164.70290,1647029000
1121.722847887887,625.979411798848,164.92940,1649294000
1128.0315805784992,550.4238115255355,165.16610,1651661000
1172.2571828664911,419.0321457867918,165.40070,1654007000
1134.8723220602662,463.24113023015633,165.62060,1656206000
1107.0033704203486,476.68018993067784,165.84260,1658426000
1066.270109116015,501.26155832995937,166.05990,1660599000
1061.3793541016619,456.8441384392244,166.29090,1662909000
968.4338369869222,451.3277196174008,166.52090,1665209000
905.1567343558332,395.26921954960926,166.74770,1667477000
781.2522739515523,412.88233370444755,166.98380,1669838000
800.5787677706921,319.32578826776535,167.23270,1672327000
833.2048059015887,253.68977531000763,167.46810,1674681000
826.4515729350828,215.78778229355217,167.69720,1676972000
728.3914892678856,162.117842879922,167.92500,1679250000
695.9269062317982,146.46718619022897,168.15170,1681517000
626.366317632896,135.24194803850338,168.37270,1683727000
572.1681245340008,305.16360217616557,168.59220,1685922000
573.0502117484227,370.13447546680914,168.82330,1688233000
597.2443989439492,413.7134443117922,169.04890,1690489000
622.2627741342436,429.65305000121646,169.26740,1692674000
614.5628852574679,448.2394777863451,169.49440,1694944000
650.7157435897918,430.0765664993791,169.71760,1697176000
699.3915704340933,447.3678014898664,169.93950,1699395000
714.9177153527521,451.4101318573797,170.17260,1701726000
785.3265756388487,432.3064481405779,170.39440,1703944000
790.1241203306322,446.00681315676815,170.62070,1706207000
807.8900376711803,456.16827913486816,170.84770,1708477000
847.0321007983263,481.51628970581226,171.07540,1710754000
795.8939527725408,485.96421555185054,171.29600,1712960000
779.5862657844518,508.99031796764416,171.52840,1715284000
786.4485373684772,534.0394889610279,171.74910,1717491000
731.7358750877827,513.731253719476,171.97620,1719762000
670.1572637847249,489.18609784616456,172.19910,1721991000
691.670891341374,492.7592565068303,172.43030,1724303000
724.0534389980252,466.8785828746619,172.65340,1726534000
748.8521530661228,461.7607643540585,172.87780,1728778000
780.3857062720808,508.5529556965488,173.10150,1731015000
711.1881183598223,428.11206367925513,173.32050,1733205000
710.5404834706001,401.4890448394211,173.54090,1735409000
811.3208481034939,478.34526974092495,173.78400,1737840000
812.9450402279319,500.06705973563885,174.00370,1740037000
955.9392298563179,508.517708441483,174.22950,1742295000
870.6559420992661,601.6846029709958,174.45490,1744549000
722.8119673178512,585.4449270752169,174.68150,1746815000
664.5503181481963,614.2298685312941,174.89940,1748994000
776.5001072194681,546.5791620909014,175.11410,1751141000
853.3398610112303,430.98684552016687,175.33790,1753379000
923.2477410662618,378.9191533767408,175.55590,1755559000
950.3859260837038,338.63657116320974,175.77410,1757741000
972.3884322189899,277.3389518552699,175.99360,1759936000
932.8691706825249,155.07039478512692,176.21400,1762140000
910.673646580564,146.5041302354706,176.43700,1764370000
823.3745482055441,111.58988183657779,176.65490,1766549000
734.9789609395933,126.19108385340397,176.88470,1768847000
826.800321827403,213.45542284720747,177.10830,1771083000
886.3263357135089,256.6551338899513,177.33120,1773312000
916.2575862120024,278.47811994396994,177.56890,1775689000
932.0222896486015,317.83876150605533,177.79630,1777963000
1001.5726621689432,300.227071450582,178.01740,1780174000
1008.138267423794,292.4121926888261,178.24040,1782404000
1046.5452814383618,265.062310067468,178.45970,1784597000
1043.414568559201,215.00138703741146,178.68620,1786862000
953.5923827207362,173.33454041006337,178.91240,1789124000
793.6276646220498,311.54975843766374,179.13380,1791338000
671.906526690565,253.0175445211553,179.35980,1793598000
609.5024797651803,249.2020479040674,179.58950,1795895000
770.6208635603743,249.05798461226175,179.81000,1798100000
838.4486910010058,276.6684056683485,180.03060,1800306000
952.5688960440857,251.6740306734412,180.27100,1802710000
1048.172285999645,281.4412554717825,180.49400,1804940000
1066.1826034013154,284.9424589966625,180.71720,1807172000
1093.3441441349628,395.13879171693463,180.94420,1809442000
1121.417405146374,405.2285580099996,181.18510,1811851000
1157.8698285014045,431.79097948574736,181.41630,1814163000
1190.9725746181798,373.5811318532941,181.64170,1816417000
1198.0511101510992,383.97242972146466,181.86890,1818689000
1175.08925920539,321.0343394671968,182.08760,1820876000
1148.4369489696028,437.54817588227945,182.31420,1823142000
1117.1267178873113,410.74978805259514,182.55000,1825500000
1115.0818424727365,368.9848607971005,182.78030,1827803000
1177.6447838778302,334.83950276563456,183.00530,1830053000
1191.0883121030763,309.33809430041543,183.22990,1832299000
1148.4424290527443,304.08499784016453,183.46120,1834612000
1118.046486841467,268.51057896764723,183.70030,1837003000
1114.974086809244,273.8656489655501,183.91540,1839154000
1089.1357549037364,309.7857854773635,184.17290,1841729000
1050.0063438343777,334.76379057322697,184.38960,1843896000
943.9900504098078,421.39576723801713,184.61440,1846144000
754.4778495823974,411.05806019823115,184.84500,1848450000
722.5314814257222,430.184831878362,185.07510,1850751000
722.3684905960465,501.21932211464025,185.31250,1853125000
675.1198527552718,564.4202579392487,185.55110,1855511000
698.0271108347798,629.6510399607248,185.78080,1857808000
600.6307694844146,688.3055908524033,186.01190,1860119000
535.4620712677008,544.6984969068998,186.24150,1862415000
465.0465199207346,456.68823129730544,186.47500,1864750000
432.9753448024477,426.3265621347476,186.69960,1866996000
582.330886279442,341.14908310884385,186.92870,1869287000
700.0656181209299,282.5623418708509,187.16280,1871628000
669.8325985992599,335.0257609687655,187.38970,1873897000
673.2892918450383,436.2095999072591,187.63510,1876351000
734.2262235403011,499.74425101216696,187.85930,1878593000
942.6139883169352,446.61359873509724,188.08460,1880846000
1141.2984578616315,441.94803897986316,188.30320,1883032000
1261.8746695373138,398.1922792556434,188.52740,1885274000
1079.6266823656829,310.59603621792326,188.75180,1887518000
961.6925181458846,383.57568418093723,188.99000,1889900000
953.7672409156247,499.9628484832133,189.21520,1892152000
989.0493792909779,576.8567163401349,189.44080,1894408000
1038.6013488579447,551.6591947182983,189.67710,1896771000
1008.7350389566604,581.7780255328145,189.90840,1899084000
932.4423306998132,603.7363707994193,190.15210,1901521000
1092.0376018572997,554.9228034777861,190.36880,1903688000
1056.3205537892713,562.0930784952461,190.61440,1906144000
1140.2483093656892,548.64190253131,190.83880,1908388000
1044.7156408385308,596.9887235756045,191.06100,1910610000
1043.8085488792342,582.0315979246581,191.27900,1912790000
1066.2105303005862,590.000423629004,191.51390,1915139000
994.6887387018476,559.543236054694,191.73400,1917340000
863.4409758351048,439.62059391600076,191.96530,1919653000
894.2334144800072,327.2587459517866,192.18410,1921841000
980.1172945528854,245.63314968997105,192.41400,1924140000
943.3580830528931,254.57188172516095,192.65050,1926505000
910.0295009277877,278.53835171974777,192.88630,1928863000
912.4298697880681,319.445466214264,193.11770,1931177000
989.6407121030884,403.12765277206466,193.34440,1933444000
930.279230103888,514.4979647757848,193.57370,1935737000
1018.2462802709621,583.6384595478897,193.79610,1937961000
1007.1944476124271,631.7676022315646,194.01800,1940180000
1089.9429878683495,676.3493420393323,194.25780,1942578000
1128.9750931132444,722.7705691933783,194.49280,1944928000
1207.0194816077687,776.513221799884,194.71340,1947134000
1216.0552151095926,813.4559526100767,194.92930,1949293000
1167.818123612764,772.7024775251366,195.14910,1951491000
1244.2447162375,738.1349975658751,195.37300,1953730000
1268.5180598602733,714.5879776400893,195.60160,1956016000
1269.1439488808999,705.6058374614577,195.86700,1958670000
1192.8763062896312,671.4625211170763,196.09180,1960918000
1207.3739683192684,658.9135713347792,196.30840,1963084000
1291.7735396423539,695.7805903158065,196.53300,1965330000
1277.6318038509023,655.2732140333356,196.79540,1967954000
1213.228922071332,625.8196937542251,197.04030,1970403000
1028.6679933633832,584.5415578709201,197.26900,1972690000
1043.4922571157585,599.3660531583099,197.50310,1975031000
1072.3626157177712,618.2413746207523,197.72690,1977269000
1107.5071015995413,555.3128838904879,197.94410,1979441000
1143.4948130947573,504.31710166753703,198.17230,1981723000
1077.318826787556,440.3902833867105,198.39720,1983972000
1029.3347723001634,436.52567416262127,198.64910,1986491000
1024.9091929710614,436.5927826018459,198.88610,1988861000
1034.0887389751224,402.47402435416313,199.11250,1991125000
1074.2824878360543,412.2037344215027,199.34460,1993446000
1084.1857292376305,446.6440477566633,199.57060,1995706000
1012.5268115153425,451.05598435255484,199.79350,1997935000
951.6753983569682,526.9670077092361,200.02400,2000240000
1011.1397304708277,571.5695737261584,200.24700,2002470000
984.2292424662234,561.2013372694028,200.47730,2004773000
878.9043805926658,576.9924202634102,200.70240,2007024000
843.0952834237528,589.4831578167485,200.91930,2009193000
891.5487322063423,578.3658991325118,201.13250,2011325000
981.9870825663727,547.9142468503173,201.35080,2013508000
1019.9593117993966,516.5634284456224,201.57230,2015723000
1048.1907782250162,509.1567497062711,201.79560,2017956000
1036.1103189008622,516.1106459948063,202.02380,2020238000
937.3133654019687,519.105958593654,202.24920,2022492000
881.3806023941037,543.1470940677524,202.47830,2024783000
826.2429094417113,566.4006906137088,202.70240,2027024000
689.0788453381276,591.9500287672729,202.94640,2029464000
729.38855490647,621.4487517455752,203.21110,2032111000
705.0137870195351,460.0230316745685,203.44120,2034412000
823.9959030714779,384.3191017611462,203.66370,2036637000
901.9936689716526,328.40421425095747,203.89050,2038905000
750.3101984294315,277.5210104307947,204.12010,2041201000
733.3227820415588,269.4080036193553,204.35000,2043500000
725.4400719574701,392.51115379064925,204.57280,2045728000
771.6305242099038,496.93528273385357,204.79400,2047940000
796.6375957572919,566.4265175342766,205.01980,2050198000
750.2515066797968,591.7985599199728,205.26600,2052660000
762.7843311274993,509.84441205154906,205.50810,2055081000
858.8819051736092,520.8196419639067,205.72600,2057260000
805.554055867641,622.2148091476906,205.96110,2059611000
888.098346411522,646.7427462509548,206.18600,2061860000
959.7603548951826,676.8131989377296,206.41530,2064153000
942.0062004567819,664.4168556373522,206.63480,2066348000
893.57588610703,636.1842487551553,206.85430,2068543000
922.5993982518748,630.1517137488338,207.07680,2070768000
867.7994318767418,540.9016239528204,207.31630,2073163000
790.8234005217618,579.5763979308072,207.55410,2075541000
721.212992910988,604.5818325709018,207.78340,2077834000
719.8857228763967,631.3298400771419,208.01270,2080127000
840.3978228466417,659.3982572475605,208.24390,2082439000
962.6073188689555,682.4430048167967,208.46730,2084673000
1052.5142842022688,670.5053029238923,208.69020,2086902000
1125.250054354596,588.3107825553407,208.92250,2089225000
1177.5167877005392,634.2003113365809,209.14940,2091494000
1254.611845777828,605.4679811859099,209.37240,2093724000
1220.6596266263439,523.6930208477751,209.59330,2095933000
1195.0648560752354,412.0157298423445,209.82180,2098218000
1182.3721866011244,334.1094330397897,210.06000,2100600000
1192.9041157945203,292.05766535697586,210.29170,2102917000
1199.470436162128,265.08661642386556,210.52180,2105218000
1188.9376724378621,251.55506507261262,210.74640,2107464000
1331.3015640174794,243.2547952526092,210.97290,2109729000
1179.0443575232791,301.05587895792723,211.20550,2112055000
1187.3977590522354,315.18512667620905,211.43010,2114301000
1196.9433132258841,279.73365905883173,211.66150,2116615000
1191.1996063708095,293.75977847096897,211.88600,2118860000
1183.890552458611,270.4312755098258,212.12600,2121260000
1248.4597739731944,233.70544356096073,212.34730,2123473000
1245.8082919199478,203.8687131577954,212.56540,2125654000
1101.2024815157374,241.02108842453646,212.78950,2127895000
1087.945270701795,232.7554231550335,213.01380,2130138000
1072.219549819679,262.677851874717,213.24910,2132491000
913.5742571385402,297.0326419585296,213.47810,2134781000
847.5608396139103,290.77881470101073,213.70120,2137012000
958.7907665519165,287.83661224217445,213.92730,2139273000
992.7103168054657,301.7237384664041,214.14580,2141458000
1036.3351225438455,284.9650655562049,214.36780,2143678000
1065.8765287835095,252.13291773002277,214.59700,2145970000
892.5284080402578,387.07577252958674,214.81210,2148121000
745.8783127546374,281.49514956957125,215.03300,2150330000
791.3674421323187,226.61527540743737,215.25630,2152563000
847.589943152877,212.44079650084984,215.48950,2154895000
775.3526007101952,197.6364541513565,215.71910,2157191000
697.4248012198975,202.25055631323818,215.93800,2159380000
592.0547113714204,196.47771406028318,216.16780,2161678000
520.5307312809662,182.90929768328272,216.38670,2163867000
550.9837707097506,186.9975055823339,216.60580,2166058000
629.8602511153085,297.259371619371,216.82400,2168240000
678.9543605178869,266.9672317155221,217.05900,2170590000
742.9239399836379,268.05155145396446,217.28240,2172824000
812.8958678718528,282.10310925688367,217.50680,2175068000
759.5463607356564,279.7507783298975,217.73360,2177336000
780.2918171683369,341.5367684496204,217.96070,2179607000
882.9401934121435,449.07668528919794,218.18610,2181861000
1000.730103941388,476.4969775654284,218.41460,2184146000
1104.0973758606567,519.0073390378698,218.64720,2186472000
1179.4190837148828,476.19488138940915,218.87810,2188781000
1203.831432824328,506.37563250473033,219.11160,2191116000
1222.1482284228848,555.3377585788168,219.33790,2193379000
1135.7349771638162,553.8527810486898,219.56440,2195644000
1111.779001976298,537.2665655977213,219.79540,2197954000
1045.4631503979854,476.87930061257487,220.04370,2200437000
979.5181134686479,521.4838488508085,220.27420,2202742000
947.9872648134676,543.0271739428601,220.49350,2204935000
885.6343396627868,567.8289284955125,220.72010,2207201000
900.3470146931643,536.57595953038,220.93150,2209315000
970.7081341063954,513.7206313580659,221.15960,2211596000
1002.7451728672653,515.5140484235318,221.38050,2213805000
1114.3691817414276,532.7433878863104,221.59930,2215993000
1212.4762820194849,502.64462308223756,221.82570,2218257000
1217.4441994856818,422.37615101929515,222.04910,2220491000
1233.2622835822588,422.7956359416174,222.27660,2222766000
1224.2146731683306,479.80414254943355,222.49650,2224965000
1147.6477948175693,518.7389440373844,222.72620,2227262000
1025.0110264540986,542.2092367500208,222.95070,2229507000
889.7239679410736,553.9596689511804,223.18620,2231862000
714.1930427003963,588.1583728497235,223.41720,2234172000
650.4644661193471,602.9056394240694,223.64970,2236497000
662.2225627552524,560.9042251762689,223.87830,2238783000
692.7800734750006,553.5931496371412,224.11310,2241131000
949.9221317152391,575.9158066694678,224.34000,2243400000
1155.7768979443645,605.5717107136093,224.57820,2245782000
1186.4364199980455,584.5978794361264,224.79610,2247961000
1159.8661049863745,604.7181740081608,225.01490,2250149000
1137.935535040143,618.4088637823451,225.24390,2252439000
1079.4380714429585,618.7841068702751,225.46180,2254618000
1059.5480846159628,655.3629204922614,225.69660,2256966000
1040.3231853521918,676.7842009966308,225.93320,2259332000
956.7214679370948,719.3664421928662,226.16960,2261696000
959.8695364252987,753.0715485273859,226.40910,2264091000
1012.2828336165747,760.9311260654574,226.64740,2266474000
1055.5472559782597,774.0258163326822,226.88020,2268802000
1151.2298874524306,771.8831534406495,227.10430,2271043000
1198.347325427365,788.0172947602298,227.32600,2273260000
1147.4456100367988,734.6945715460012,227.57710,2275771000
1087.3527141517602,730.1300218191515,227.79580,2277958000
1039.5599989043378,705.6112139551501,228.01700,2280170000
1018.6358953654873,683.6484624775828,228.24360,2282436000
1044.159796183052,652.2849184160979,228.46180,2284618000
1032.2143506993375,655.1582605546615,228.68410,2286841000
1018.9935736494148,690.9956451860907,228.91430,2289143000
1018.4497788140746,697.3455879666262,229.15260,2291526000
1005.5386593284421,694.1359447595754,229.38690,2293869000
976.0074097659262,651.2808487601155,229.61130,2296113000
996.6061313176428,676.3410274172253,229.83380,2298338000
954.2157953314475,646.7960262533855,230.05840,2300584000
1045.425691631701,668.4480996133051,230.28320,2302832000
1119.4499743666463,661.0725147396046,230.51790,2305179000
978.4889722126738,622.7979555374762,230.74520,2307452000
1033.366813024434,681.3649899882946,230.96550,2309655000
1047.4604992371403,709.0081399995412,231.19340,2311934000
1104.8540773778363,710.2845957685668,231.44000,2314400000
1172.4019401480361,707.0362871740233,231.66780,2316678000
1249.7563402051796,676.46595929514,231.89660,2318966000
1285.2905607622356,683.53478813039,232.11970,2321197000
1297.125550554859,703.0315693457298,232.34440,2323444000
1162.282359639305,748.1322884639548,232.55970,2325597000
1180.745001250714,751.8539047849857,232.78100,2327810000
1134.4016405855568,700.5809370202288,233.00040,2330004000
1208.3154645136428,642.4362746871662,233.22930,2332293000
1137.7297799509213,644.8935687459872,233.44510,2334451000
1104.2323750853486,635.4569696832859,233.66910,2336691000
1036.3416697694786,607.3357843804774,233.89710,2338971000
993.6414253368094,573.5714688904001,234.11640,2341164000
979.12915906406,614.9190482640429,234.34050,2343405000
989.5380798514976,599.8486633508879,234.56470,2345647000
944.8621097322251,614.3942286375324,234.79970,2347997000
776.1613416871745,635.6879919387438,235.02710,2350271000
739.9139751221684,672.2940663383433,235.25760,2352576000
804.6497579376352,674.9013826136412,235.48750,2354875000
844.9389401447607,668.9230705496846,235.71990,2357199000
835.6923668735526,648.3654510841634,235.94590,2359459000
807.0433491278419,630.7801189443021,236.17250,2361725000
801.0559821491275,640.728031850719,236.40520,2364052000
771.1263479455932,674.373902105403,236.63330,2366333000
731.6568992787921,661.991944462482,236.85720,2368572000
713.1206754717794,668.5239015382065,237.07890,2370789000
753.322811837481,697.1740287620297,237.29890,2372989000
779.5601460778479,719.9429909054319,237.53240,2375324000
739.5098717337636,659.2749865619396,237.75260,2377526000
798.7283453151906,684.7008712229589,237.97570,2379757000
797.9210042268954,670.6395876033067,238.20260,2382026000
863.7273495738941,658.6717617577876,238.42740,2384274000
782.0249092857509,619.1883481213125,238.65400,2386540000
715.6674157174281,504.4332711597769,238.88100,2388810000
799.477089448902,365.58825995259645,239.10190,2391019000
921.6980904549812,322.9781270354983,239.31210,2393121000
991.6948145282239,253.6739175202684,239.52980,2395298000
907.9410024019861,225.30126880686794,239.75040,2397504000
812.2433392524738,294.2246708828258,239.96480,2399648000
717.169429290415,346.1082348933472,240.18300,2401830000
770.2033474249773,325.8638247492582,240.40190,2404019000
810.6291227217021,336.1604631069076,240.63090,2406309000
945.3749108399452,386.39185453540455,240.85250,2408525000
1002.1772920881003,477.99123238627243,241.08280,2410828000
967.3939778205001,512.6335646624706,241.30970,2413097000
965.6227378685138,599.3472260229266,241.53220,2415322000
932.4719186050398,685.9748319169387,241.76270,2417627000
875.5673345623628,731.019159605682,241.99250,2419925000
807.1112234817167,734.4598118907883,242.22990,2422299000
772.5686153893741,708.6539180209418,242.46200,2424620000
822.9224004104963,686.819775687744,242.75850,2427585000
943.4520668915145,565.956146373667,243.01960,2430196000
931.7088051582547,449.088251899258,243.26080,2432608000
797.2648451131886,380.86253333218764,243.49400,2434940000
728.2720443429937,333.6423955820324,243.72200,2437220000
828.0598884207218,278.6355022908065,243.94620,2439462000
830.1820817981717,264.95947584166356,244.17070,2441707000
815.0225440521883,315.6074280802071,244.38860,2443886000
1032.1591619698618,421.3601238464405,244.61110,2446111000
1098.8898670187343,454.52235465659993,244.83460,2448346000
1031.6653419953338,509.9691601350299,245.08020,2450802000
1112.4502455324262,565.7332732234529,245.31430,2453143000
1194.110445186385,607.0371946566355,245.54590,2455459000
1243.286768157683,634.0064995128434,245.76430,2457643000
1233.8573828699402,659.4050011581061,245.99530,2459953000
1319.135414784534,673.1828951673411,246.23250,2462325000
1341.5255083267891,676.2576947835216,246.46570,2464657000
1145.1807755874843,647.8887786910797,246.71950,2467195000
1183.781698653048,676.0774131759576,246.97800,2469780000
1214.839890584701,658.4025237431125,247.24610,2472461000
1215.567092458698,636.5361452307876,247.48410,2474841000
1216.0186653691444,621.3331507031293,247.71460,2477146000
1241.7948505494514,569.6644535751062,247.95080,2479508000
1202.0939820187366,558.0015793251446,248.18910,2481891000
1193.8483326755022,559.7891375208762,248.48610,2484861000
1155.0913602677817,549.545163110145,248.71040,2487104000
1136.1291628806955,528.6605058845778,248.93640,2489364000
1133.6257476604858,494.8799147060508,249.15720,2491572000
1042.757526711271,522.8791311894286,249.37800,2493780000
862.5655093711655,465.36763354523873,249.61320,2496132000
855.2064236908489,525.2796831947718,249.83690,2498369000
932.0640260590161,573.3340799551521,250.05970,2500597000
1005.5704939937021,552.999600705555,250.28950,2502895000
1076.1161915446971,511.8795929639906,250.52520,2505252000
1074.2414019685789,444.61784008146395,250.76480,2507648000
944.3325517842688,368.9335630155281,250.99430,2509943000
788.6745107262177,287.66099870572,251.21630,2512163000
859.6830656174425,227.53389812815902,251.43980,2514398000
966.8689187581368,235.0332853421469,251.67940,2516794000
903.0165987591963,188.20462835950875,251.91390,2519139000
802.3127006660806,164.324266599854,252.13980,2521398000
844.3399481113294,178.5557285481835,252.36310,2523631000
831.2450198355243,309.0510185031629,252.60480,2526048000
963.8436678429919,381.88062156878556,252.84760,2528476000
1009.0563205306464,338.42147752263475,253.06660,2530666000
1084.2834948692193,379.638531246721,253.28150,2532815000
1162.410265120102,390.6248682723222,253.50380,2535038000
1186.7350254472217,397.23563878855896,253.72630,2537263000
1232.7010992675807,433.05413851514487,253.96040,2539604000
1113.7120102115687,403.17533208979313,254.17700,2541770000
1082.982481878096,409.8942798464452,254.40110,2544011000
1137.6985678731344,451.84158791648235,254.63820,2546382000
1061.063434499806,469.80719315875706,254.86190,2548619000
1096.2040464736547,498.97189874168856,255.09040,2550904000
1129.9650056032679,505.6168128593822,255.32610,2553261000
1148.8378896872873,498.3323284688722,255.54820,2555482000
1183.5961474092358,461.8129430975553,255.77430,2557743000
1237.1733229651136,475.6516940400052,255.99620,2559962000
1246.913456978383,489.38718469938334,256.22980,2562298000
1233.6302814636306,499.1945877526053,256.45000,2564500000
1201.9901061334142,558.6455924442553,256.67050,2566705000
1201.6027013501596,566.8019579246047,256.88250,2568825000
1195.8286956277248,534.3897945038788,257.10120,2571012000
1199.98830402792,492.2066571957449,257.31680,2573168000
1220.896728608091,510.54893894876716,257.54430,2575443000
1218.6098703668254,492.7080135349894,257.76340,2577634000
1202.5981249938495,482.52353631104984,257.98310,2579831000
1105.1859967043852,485.7310826439319,258.20700,2582070000
1009.8633734273087,501.00542950044536,258.43100,2584310000
913.8109359178844,533.7741075467798,258.65350,2586535000
887.1020027012819,555.4829595970813,258.88390,2588839000
1009.7818447170986,531.1364266529475,259.11070,2591107000
988.9277950095516,595.8800892594118,259.34170,2593417000
1015.3480710411988,610.7575067097498,259.56680,2595668000
871.4326669423326,503.16471019521424,259.79900,2597990000
777.0480656178365,401.61298771475435,260.01990,2600199000
779.7003902732405,352.25510842103944,260.24280,2602428000
849.4867656459134,342.87608986517796,260.46570,2604657000
946.0867314500125,387.6110690911556,260.69190,2606919000
814.0795424444468,385.9662277818432,260.91130,2609113000
812.9902478500994,369.4138211465366,261.13280,2611328000
807.6645715280231,356.2417243795822,261.35530,2613553000
845.8040175425571,386.35351482320294,261.58450,2615845000
788.5319509557727,514.7968305895495,261.80480,2618048000
747.4053822218358,536.3711061363516,262.02900,2620290000
803.0411585935769,565.6000165356623,262.25280,2622528000
799.5285552586795,548.3553567912232,262.47890,2624789000
753.3802661309606,614.9153173540018,262.70210,2627021000
851.25532584374,638.9369380234757,262.93980,2629398000
798.9864128736058,639.7567176768107,263.16860,2631686000
750.6940644937775,634.1469558547161,263.39150,2633915000
709.6152501428551,625.2503531500099,263.61360,2636136000
726.9709293127215,624.693482710804,263.83460,2638346000
613.1314382602715,614.873090808082,264.05630,2640563000
643.4386924042889,483.7849878442089,264.27490,2642749000
582.1037695927034,391.5281392391795,264.49330,2644933000
588.2140036149664,318.1191781052363,264.71630,2647163000
595.8632794272237,278.0150956783407,264.94070,2649407000
629.9551827243446,253.14993802322766,265.15350,2651535000
574.8284875324739,264.38498883547527,265.37320,2653732000
585.3983960123353,243.3322623440021,265.58740,2655874000
568.8597662694066,217.90186328947,265.80590,2658059000
478.5897619065188,200.96324708976817,266.02270,2660227000
526.7380025843505,235.21269919879933,266.24120,2662412000
488.9435816761521,242.16520725396623,266.46550,2664655000
569.7643386881052,328.56807023233574,266.70690,2667069000
599.5113232197243,411.20434181270247,266.94200,2669420000
612.1948660555978,369.1029755433939,267.16640,2671664000
594.6560674271312,290.8062885857007,267.40520,2674052000
590.2565169514658,283.9960568846803,267.63120,2676312000
650.0033083796113,396.4439442895822,267.85550,2678555000
647.640568986018,344.36152298173045,268.08540,2680854000
675.2245642866744,355.0729562926613,268.30830,2683083000
642.6150115170615,349.83563540754847,268.53290,2685329000
688.8357353963189,348.1650936322895,268.75880,2687588000
686.5910871364679,312.5044619560487,268.98190,2689819000
764.3968067171803,441.42672024106014,269.20860,2692086000
753.166977214633,412.25332983078863,269.43500,2694350000
650.6817669131034,311.8650637014978,269.65800,2696580000
568.4964477484627,277.59329978266993,269.87970,2698797000
571.7628972012899,307.136901280371,270.09670,2700967000
675.1773567292296,346.8882414480394,270.31840,2703184000
726.5282250465394,338.35031819819295,270.54370,2705437000
715.4328573823873,293.49649692732,270.75710,2707571000
694.7025186561391,264.79079194873697,270.97590,2709759000
742.0751547663128,375.414830653332,271.19960,2711996000
691.8474965455897,310.40753976160454,271.42260,2714226000
661.0411926204241,250.83133041621218,271.64370,2716437000
586.7935134944496,162.82454600503718,271.86590,2718659000
527.985846088133,139.81084217340523,272.08930,2720893000
513.0774582673873,116.28476902718936,272.31190,2723119000
582.3065276352494,102.26761594296164,272.53760,2725376000
659.3572630242115,182.4494283413957,272.75870,2727587000
740.2377523765483,185.77840497905,272.98530,2729853000
705.9678276540042,274.3760786009455,273.21120,2732112000
800.5107673207042,335.31526293874316,273.43270,2734327000
844.4679845758806,432.1428667688318,273.66420,2736642000
1067.2391105623747,489.5080168130813,273.88670,2738867000
1182.2804294414502,522.9702984836214,274.11120,2741112000
1167.8604497373406,604.2087072380448,274.33360,2743336000
1104.1501046306726,621.3694250129147,274.55070,2745507000
1116.345287607757,631.9317456289243,274.76720,2747672000
1227.2273110183075,685.7026857290075,274.99870,2749987000
1087.6381348418784,701.5382150299494,275.23760,2752376000
1121.1429617534645,734.2423952188772,275.46720,2754672000
1183.4494836003266,786.0807903263086,275.69550,2756955000
1237.7478932041085,824.6169813141081,275.91170,2759117000
1193.6782551859012,781.1233431263908,276.12800,2761280000
1187.7214608908748,741.1376759861168,276.35260,2763526000
1235.3008912628934,719.6183747277614,276.59410,2765941000
1266.2496996136738,686.3557279000726,276.82680,2768268000
1226.2337723037779,691.8779584090366,277.03840,2770384000
1202.911576540636,689.7336166618636,277.25240,2772524000
1146.1387976884594,703.0084255585219,277.48470,2774847000
1174.0726813780645,650.9610870589422,277.71320,2777132000
1243.1576914185484,649.4602672309787,277.94930,2779493000
1117.1682442638166,711.7667846961855,278.19100,2781910000
1127.553375383256,747.912753666851,278.41370,2784137000
1159.6250884939486,776.662018439381,278.62710,2786271000
1111.919457420642,794.1635492840794,278.84910,2788491000
1059.6142977827596,758.0872835663289,279.06540,2790654000
879.0977096549434,583.2204649623075,279.28190,2792819000
728.8055785248192,471.2864717017789,279.49910,2794991000
661.984285592827,414.8710762469617,279.72210,2797221000
619.0535851807692,331.8113216691472,279.93970,2799397000
618.334820641731,360.99471302216875,280.16310,2801631000
716.8469515595609,449.1885977750585,280.39030,2803903000
852.1967671734977,464.32664559790015,280.61610,2806161000
917.1992767390593,472.35501822114094,280.84580,2808458000
849.0179103182223,443.20348863735404,281.07940,2810794000
913.5755388802376,425.57706034567093,281.30200,2813020000
896.5077342782388,467.8371266669866,281.51980,2815198000
880.3670286565816,509.294581896188,281.74780,2817478000
849.4662708487656,570.8738245768722,281.99000,2819900000
882.2573982752534,635.4435077664472,282.21350,2822135000
930.2073611131883,655.7621139995395,282.45420,2824542000
948.0210863820956,655.1082776049052,282.67880,2826788000
966.389740633086,663.8385114183972,282.90110,2829011000
868.867660791321,681.1563380475862,283.11980,2831198000
898.8202597866401,697.0125923916623,283.34330,2833433000
928.7901838323899,699.5579204959068,283.56940,2835694000
1017.5914969886916,681.8894009250192,283.81140,2838114000
1091.5135228002453,637.5792199661953,284.03680,2840368000
1028.089100710711,582.1477480860516,284.26010,2842601000
1036.7050303018664,572.6052253188342,284.48630,2844863000
1032.6960627173073,524.5087529165132,284.72170,2847217000
1096.537228827563,499.94353940579157,284.95870,2849587000
1044.7993933094306,514.6453714029025,285.19460,2851946000
934.1961167177064,431.25825895291956,285.43900,2854390000
861.8831058641944,359.2448023994726,285.67980,2856798000
772.553133287822,312.2588719654324,285.91040,2859104000
670.06286082109,274.04775445162625,286.13210,2861321000
650.9953965894292,315.5662556787729,286.35480,2863548000
693.8545722231036,451.92068192879594,286.58380,2865838000
640.055263067959,478.4011365424642,286.81370,2868137000
682.0028105116519,551.968136957483,287.03950,2870395000
747.9748389845255,624.0592531343189,287.26590,2872659000
847.2842737817807,680.6629316808245,287.49070,2874907000
862.7820080678749,680.7536053158682,287.71300,2877130000
769.3905857317061,567.3539151097768,287.93960,2879396000
708.9670828849992,457.1704170659842,288.16370,2881637000
670.7393961522969,364.36482585185576,288.38590,2883859000
670.898355329755,431.4296081676309,288.61220,2886122000
648.6212082998313,461.43219926178284,288.83180,2888318000
690.2061135286381,559.3918754873802,289.06250,2890625000
711.0925268281534,537.4931705627666,289.28470,2892847000
753.4568805007804,548.3217592624707,289.51510,2895151000
838.2077050157246,583.5940646710636,289.74780,2897478000
892.2694739463026,608.6734334118695,289.97070,2899707000
978.8116114368551,609.6811096998823,290.19260,2901926000
865.9304028089673,630.0282748864422,290.41670,2904167000
858.8150223187471,656.0249979120281,290.64460,2906446000
845.9088782338488,663.1129880024575,290.86250,2908625000
839.35965859403,662.2745580703763,291.07720,2910772000
805.8400131789871,652.4692884717225,291.28580,2912858000
754.0251666424372,623.243871821871,291.50980,2915098000
749.5602180417358,522.6425967032898,291.73700,2917370000
693.523229841136,480.82226943131394,291.96380,2919638000
691.4334077547957,498.04256384899196,292.18850,2921885000
728.9252164857708,469.35954683728846,292.42030,2924203000
558.7706639761684,339.5618608909859,292.65090,2926509000
528.9613199097332,245.00544923536347,292.87770,2928777000
452.93655964400625,216.37895113785916,293.10760,2931076000
469.5113386609385,331.2235740687071,293.33600,2933360000
561.8999012915733,327.0206177746345,293.56640,2935664000
631.4445959759375,381.01213470658774,293.79220,2937922000
683.1693922396864,337.4405739572695,294.02460,2940246000
712.3606011387864,396.6479733492892,294.25280,2942528000
885.3802146498349,368.79855051395975,294.48230,2944823000
977.4801559711889,353.9740816840038,294.71350,2947135000
1124.7398109807493,425.8161569432928,294.94560,2949456000
1183.939776893394,452.69297756090657,295.17990,2951799000
1225.95867394113,531.9026873768217,295.40710,2954071000
1080.912363431529,569.6645447918501,295.64240,2956424000
1143.0468866879953,588.0221189663982,295.86990,2958699000
1187.9078258671261,620.9897652203051,296.09530,2960953000
1096.8292223680774,678.7502967461655,296.32180,2963218000
1006.4441029781941,678.0972961053354,296.54880,2965488000
816.4310131403454,702.5882439486992,296.77410,2967741000
705.2592485308385,528.0549112103561,296.99490,2969949000
623.480304994479,426.95489034332064,297.22150,2972215000
681.6585478427768,430.1194039862418,297.44920,2974492000
748.7750244501303,456.2665859013272,297.67590,2976759000
681.6694277584006,402.8843859133789,297.90570,2979057000
605.3124778126778,430.0943673377847,298.13590,2981359000
753.0459390603093,476.5551294310493,298.35590,2983559000
728.6120881728858,486.2914782422533,298.57920,2985792000
907.844326414016,520.9089243698934,298.79580,2987958000
1007.183624257765,558.6893508067617,299.01990,2990199000
1130.7069176087032,571.0945470519955,299.24680,2992468000
1071.6599423278508,647.7507265005938,299.47570,2994757000
961.0852418918373,691.5726834742379,299.69550,2996955000
943.8013810086353,751.6441120927583,299.93460,2999346000
999.8292235872599,784.8301878571008,300.15430,3001543000
1046.383601555736,808.6867465793975,300.37510,3003751000
1106.2663519282582,865.9043035151711,300.59450,3005945000
1162.5103438347044,852.13115307292,300.81710,3008171000
1100.835800974389,806.0643845106385,301.03950,3010395000
1012.7094320287338,677.3353159164978,301.25950,3012595000
1096.5249882665578,602.5736367878784,301.48420,3014842000
1182.7341113532686,519.3320836686929,301.70730,3017073000
1117.2278921544355,563.5182957533839,301.93610,3019361000
966.7816926204168,488.9259091956955,302.17590,3021759000
803.7415928403589,385.4435403898467,302.39550,3023955000
682.4412627712315,282.2095917758962,302.61590,3026159000
605.423257301446,246.73264108534883,302.84620,3028462000
509.3761150092011,210.30384332659162,303.06630,3030663000
515.1327144551335,338.54509667552827,303.28370,3032837000
536.9565165096491,389.64802942030764,303.50480,3035048000
641.9892006398575,496.8462170143048,303.72780,3037278000
778.5863534673709,578.5881070214574,303.95210,3039521000
879.8991507510383,626.5435602969594,304.17610,3041761000
835.2830027940461,639.0671011989297,304.40460,3044046000
811.0452931317791,642.7354535489901,304.63140,3046314000
791.6209174412994,659.2396706943199,304.86380,3048638000
753.0595419686399,670.7567396756608,305.09630,3050963000
711.4728081047717,628.106084036633,305.31800,3053180000
802.2585237738462,652.8731849033366,305.55120,3055512000
773.7840533791097,648.8281356487588,305.77850,3057785000
801.0890693085495,725.5016586834262,306.00890,3060089000
894.7002870089875,706.1670222473931,306.23990,3062399000
998.1509913302801,653.8034147152277,306.45970,3064597000
1095.6271366142805,669.8099245572181,306.68530,3066853000
1215.1011729912545,675.431737305719,306.91570,3069157000
1253.4735398985038,642.1778119721381,307.14050,3071405000
1283.0777361874511,609.8978028255351,307.36460,3073646000
1230.0940602138407,582.241657182913,307.59240,3075924000
1199.1254329613039,533.1447383748356,307.81520,3078152000
1209.508298374581,566.1807150343492,308.03690,3080369000
1123.1548520378988,584.9211184147389,308.25300,3082530000
986.7064697097912,620.2752278433411,308.47940,3084794000
939.3036215849002,618.7943537380385,308.70690,3087069000
922.3484288570357,607.327642916612,308.92820,3089282000
884.6830889536133,526.7165148961951,309.16450,3091645000
830.3836422229813,507.1607856329027,309.39070,3093907000
767.2030150323004,497.15879963719317,309.61460,3096146000
744.1079689555669,495.39916586605176,309.83970,3098397000
680.5683777999886,479.12547846342846,310.06230,3100623000
660.9926140579634,519.6816772646423,310.28440,3102844000
739.78556724002,563.0916507925408,310.51430,3105143000
758.4846288264123,546.793386109717,310.73750,3107375000
806.1102183571819,541.7495942308597,310.96800,3109680000
916.7193738397815,525.1401783305965,311.19540,3111954000
901.6316589635039,497.7407846424532,311.42150,3114215000
837.4501770379468,478.45228656406204,311.65740,3116574000
928.8557625973892,530.0707081782034,311.87760,3118776000
914.5603718759238,508.69728087187286,312.09720,3120972000
908.8239201188721,507.2230740746931,312.32170,3123217000
848.2700356844784,526.6990615462105,312.55260,3125526000
837.6778238082379,548.519659386251,312.78320,3127832000
846.3519238467081,569.3421670161199,313.01300,3130130000
811.0630331054675,499.4487990085485,313.23770,3132377000
716.4532602841097,459.46237461760825,313.46880,3134688000
722.9852603250749,451.94999012549647,313.68400,3136840000
643.1816454321081,549.8430667332948,313.90750,3139075000
753.3447336432876,587.582355266214,314.13370,3141337000
807.5206812549591,534.6726340195619,314.36320,3143632000
861.2613479737315,521.1659491288032,314.59360,3145936000
950.7859953092618,549.3055684003415,314.82120,3148212000
1042.9210508013057,546.3602961248052,315.04670,3150467000
1116.8414530869754,580.623357857007,315.27830,3152783000
1155.5247416651164,609.9846099235492,315.51540,3155154000
1058.8782810567086,609.2551040222911,315.75100,3157510000
1096.1090239723003,655.0723692066556,315.99390,3159939000
967.8310523867474,670.2468325444755,316.21620,3162162000
837.0008916339359,679.687135932142,316.44450,3164445000
736.1139707113275,671.4178817217664,316.66980,3166698000
731.7115830513774,678.2809472199274,316.89940,3168994000
677.2044052495215,703.354963015917,317.12270,3171227000
596.1115331490491,685.0828182235663,317.34820,3173482000
601.9982305974739,718.6944407712443,317.56680,3175668000
599.1558400261813,718.6713460833287,317.79440,3177944000
609.0570013701222,718.4063299671803,318.02790,3180279000
575.1044959108042,721.010737129802,318.25880,3182588000
511.8624235698814,659.2228687892729,318.48700,3184870000
530.1757799191154,686.2192244322611,318.71770,3187177000
588.901256575998,686.4781295419036,318.94540,3189454000
622.5319794633676,720.0324089812568,319.16310,3191631000
651.2468192522083,725.6397858196976,319.38630,3193863000
658.5470304000507,701.971569523086,319.60330,3196033000
740.2672466162461,697.1351988311806,319.82180,3198218000
771.5556745394616,677.9274694311472,320.04650,3200465000
808.0910633871388,602.6418710182362,320.26970,3202697000
894.0746682119634,524.7770204319312,320.49370,3204937000
883.5656205113155,478.4078982870858,320.71710,3207171000
869.4740084081274,520.6238636927302,320.94350,3209435000
793.344915710305,527.0404723829116,321.16700,3211670000
744.160010758851,575.9271153341551,321.40250,3214025000
710.3116466706266,646.9226359635463,321.65880,3216588000
743.5261002335784,660.5520381726716,321.87480,3218748000
718.3038560717816,700.8412409089143,322.09960,3220996000
817.2668122670938,695.122103343129,322.33110,3223311000
948.6367221226551,694.5127623497532,322.55000,3225500000
1014.4373979368554,651.7228952884238,322.77040,3227704000
1065.891453220187,636.3418182207259,322.99350,3229935000
1067.0894371650138,605.3522999642756,323.21940,3232194000
976.0669181220574,565.0368070663638,323.44550,3234455000
940.208225951897,465.4719941876152,323.67870,3236787000
919.8126577912635,410.34499719266955,323.90340,3239034000
898.7286294043118,416.9989928025185,324.14210,3241421000
967.5302591532904,466.2203343089207,324.40690,3244069000
934.8877842572088,603.3660312915374,324.66570,3246657000
1116.0606823054839,636.3063325103662,324.88680,3248868000
1060.4074307243231,644.3450012263039,325.11130,3251113000
1078.10258350733,655.9530002734405,325.33290,3253329000
1164.3029616602857,717.0128593209141,325.56860,3255686000
1217.1159524338664,689.7882268556982,325.81630,3258163000
1124.4279871770163,652.1250281037472,326.04540,3260454000
1112.5543629032368,676.2662276804538,326.27840,3262784000
1146.0882980345907,709.8284565471467,326.50980,3265098000
1242.7121275152685,680.6723145752878,326.74110,3267411000
1341.2488339621002,666.0786001435381,326.97340,3269734000
1381.6224983850523,707.2196124086523,327.20750,3272075000
1409.5246960546417,681.4454429510022,327.44880,3274488000
1397.7053490991161,659.3797881784307,327.67880,3276788000
1414.3022551689662,563.8361609216589,327.90050,3279005000
1325.779382243649,484.2539688104179,328.12080,3281208000
1436.519723956746,381.897246745843,328.34300,3283430000
1440.381812847931,404.9622231725572,328.58030,3285803000
1429.664992157542,443.56877681149376,328.81540,3288154000
1190.7194089780162,494.90171078513197,329.05290,3290529000
1038.0930422267015,386.85877554595356,329.26370,3292637000
1003.737200068288,380.60302610035234,329.48920,3294892000
811.1875205346249,280.15983384864444,329.71520,3297152000
716.4474294395843,282.84847619797404,329.93730,3299373000
775.4710866115593,342.11569074625277,330.17260,3301726000
852.9254758914473,363.3050487545088,330.40530,3304053000
815.1200958260464,404.0600360745738,330.65900,3306590000
761.2069528234518,449.6006131303215,330.88790,3308879000
836.8982063726501,536.0640163991865,331.11530,3311153000
874.7487639085069,590.0475662366664,331.34410,3313441000
985.8727850529563,629.1921901499561,331.57480,3315748000
1083.2251433714318,655.9019796204605,331.82030,3318203000
1108.7260164373315,682.7708762374267,332.05030,3320503000
1042.8590966735633,735.6733525468013,332.27110,3322711000
1019.6616348419401,729.819350121559,332.49370,3324937000
1072.7095739578776,732.7163004555883,332.72670,3327267000
993.5181170737244,679.540280569006,332.96310,3329631000
980.6342468306991,686.6382646497898,333.18500,3331850000
1040.3127077908184,760.3702136440764,333.39710,3333971000
1108.9893679438358,745.277655802774,333.62500,3336250000
1060.4460958177099,725.8304399026715,333.86820,3338682000
980.0293333131405,701.9566540131997,334.08600,3340860000
903.9611075389837,691.3778794992817,334.31240,3343124000
826.7665899002674,707.0536498294491,334.53890,3345389000
708.9494077548828,670.4422004845677,334.79360,3347936000
715.166307744936,664.2646853859779,335.05010,3350501000
688.8628278887023,681.5042819562533,335.27540,3352754000
702.1723937199819,678.6735302037432,335.50940,3355094000
712.916727956822,676.2399008516973,335.73160,3357316000
695.5815149173987,714.5017831758323,335.96760,3359676000
757.6694440977877,695.5291776268241,336.18850,3361885000
832.0038266375869,677.7592647862208,336.42370,3364237000
846.5321313888235,607.7690913319602,336.64360,3366436000
945.2001852340815,629.2909729415092,336.87880,3368788000
1010.0200591773405,659.3630605890185,337.10570,3371057000
1039.011111567065,673.6325394979604,337.32730,3373273000
1122.3796078408504,665.7331747976333,337.55820,3375582000
1169.4989821331812,664.1159224780984,337.78030,3377803000
1243.74651988102,673.4896051299628,338.01330,3380133000
1286.6884703751518,657.6831661009317,338.23920,3382392000
1336.946668378896,595.1810042398166,338.46520,3384652000
1373.537112885306,586.4449891446654,338.68920,3386892000
1422.2057593396335,562.679910981091,338.92350,3389235000
1425.2615243962996,549.6611134807673,339.14860,3391486000
1441.5319039941471,562.4923194937685,339.37460,3393746000
1296.9879365522377,569.3030859127148,339.60300,3396030000
1351.8987941794783,567.4261724370056,339.83070,3398307000
1332.5830074881535,511.0528301128079,340.06280,3400628000
1378.1339361710247,526.5785829535515,340.29510,3402951000
1372.8771266773051,541.5295576531881,340.51640,3405164000
1301.8337768895549,532.471338304146,340.73820,3407382000
1205.045412887493,514.8998231903018,340.96090,3409609000
1063.696533917849,516.3268987036539,341.18880,3411888000
983.9805004202083,539.0743692740883,341.41680,3414168000
912.7276374288749,616.4332979346207,341.64080,3416408000
770.1340451544929,650.2136702350839,341.88820,3418882000
682.0405081393178,702.9255246552959,342.12110,3421211000
652.9076228266194,733.6410320213669,342.36290,3423629000
672.0082745551133,690.5583639853057,342.58570,3425857000
823.8995437762543,682.9629958705269,342.80290,3428029000
934.4976119907761,645.3799915696998,343.03820,3430382000
997.7213155169455,626.0758461630345,343.26610,3432661000
1040.2331569017051,596.134689114513,343.50600,3435060000
1003.1222351651472,571.9008323363632,343.73370,3437337000
972.6533818296002,567.6562054402638,343.95800,3439580000
966.790862844841,590.3992005641023,344.18180,3441818000
989.0407218998954,642.2909246802969,344.40500,3444050000
941.365065923132,634.9506309598988,344.62740,3446274000
928.1094708503268,573.9689029011346,344.86120,3448612000
933.9992722740058,583.5427633273557,345.08900,3450890000
883.0433022758784,630.6245718098994,345.31710,3453171000
853.1976082447553,648.5974182707931,345.54300,3455430000
809.6475366985338,634.6776710559263,345.76140,3457614000
908.4064851164426,610.1549857583541,345.99130,3459913000
966.1140102332181,574.335951368642,346.21320,3462132000
1046.3587324817804,532.7797278790238,346.43080,3464308000
987.2187430062108,523.0489186792397,346.64900,3466490000
1047.332010455889,495.9478433569173,346.87760,3468776000
1119.0658109318424,524.7112462001257,347.09650,3470965000
1185.3906713844817,562.2299042658876,347.31910,3473191000
1121.581889786854,545.4869483025129,347.54990,3475499000
1047.7206398428586,565.08598379048,347.78400,3477840000
987.3226818688064,584.9675446055763,348.01480,3480148000
976.0104665998475,624.0734389125103,348.25490,3482549000
1039.681171490507,615.8532806767364,348.49630,3484963000
1115.3428785958433,569.1524587800989,348.73150,3487315000
1186.3797571647,564.6196045759463,348.94630,3489463000
1303.0318546702322,554.9514200501657,349.16200,3491620000
1376.0991809362413,561.9016901790518,349.37840,3493784000
1233.599051405575,538.6110620219868,349.59530,3495953000
1148.8133616511,554.0853387908415,349.82910,3498291000
1045.5533266240593,502.63504711543317,350.05240,3500524000
965.9567542356704,495.2347174640577,350.27540,3502754000
908.2135922781405,518.0044774431934,350.50880,3505088000
825.6279079932152,582.3516486491878,350.73570,3507357000
754.6581177717827,639.3644622165249,350.97700,3509770000
756.9952892027734,607.8451420152527,351.20800,3512080000
884.7512596307133,572.7034550120626,351.43090,3514309000
982.2500331531901,587.0716233097878,351.65400,3516540000
1063.2872132844623,578.5457301307732,351.88360,3518836000
1144.1874556663092,604.2402886131595,352.10900,3521090000
1176.310168537485,647.4362750192208,352.33850,3523385000
1237.8521465701865,649.0815706031528,352.56760,3525676000
1221.9673590681164,645.8997406480665,352.83310,3528331000
1211.9178261721665,589.8221985086051,353.06540,3530654000
1276.2170321081978,564.3662552030424,353.29310,3532931000
1162.7380506106247,539.8414108794951,353.52390,3535239000
1087.9170542261759,603.1318292254196,353.77110,3537711000
1055.1320387165133,619.9474603972358,353.99450,3539945000
927.7880362162431,596.0387057698011,354.21790,3542179000
934.3316699465565,598.5089649165632,354.44370,3544437000
843.0937027501393,560.5458051224432,354.67580,3546758000
814.9708623040528,558.8385803896311,354.89860,3548986000
797.683157819155,528.1440957862437,355.13570,3551357000
757.0618009158372,518.8112715486222,355.37550,3553755000
758.8978473560943,525.4590833875362,355.60160,3556016000
734.9709230855741,524.7643144437303,355.83570,3558357000
705.8468358492025,529.867660597085,356.07060,3560706000
663.357907143199,492.6916094472419,356.30250,3563025000
653.5250614398495,495.55665021968656,356.52490,3565249000
654.9679120038561,541.3969884891598,356.75560,3567556000
668.2862218470019,548.7148711805721,356.98280,3569828000
696.7274405859248,566.0964070852028,357.20800,3572080000
747.3713523369637,551.8788673932937,357.45900,3574590000
781.0539228346163,610.5159014158128,357.68410,3576841000
858.9677355399429,617.5448004367003,357.90820,3579082000
940.1366652994848,593.6054823470124,358.13560,3581356000
901.1273334952107,550.1971718412358,358.35900,3583590000
990.2147225258418,548.1247322075399,358.59050,3585905000
1067.58360226347,539.3406870768741,358.81280,3588128000
1140.031303399051,530.5980323633288,359.03620,3590362000
1191.7373335420625,532.9871465376866,359.26690,3592669000
1280.1320492299105,582.6152694622732,359.49420,3594942000
1370.9929154878334,577.2790613306526,359.72720,3597272000
1387.787538467574,598.6530607837661,359.96890,3599689000
1341.9593105080496,583.4904320599945,360.19150,3601915000
1162.6766853686518,558.6842274665842,360.41350,3604135000
1180.6615808438262,594.3479513714989,360.63750,3606375000
1241.1973990968545,605.1957522895502,360.86010,3608601000
1258.3412767677562,616.0434818837514,361.09900,3610990000
1294.452516027569,642.2201548758223,361.31890,3613189000
1302.6533325371427,645.7369446410761,361.55150,3615515000
1282.8270401624368,655.2996583672335,361.76650,3617665000
1228.5989114962135,632.1459447314638,361.98290,3619829000
1266.9112805459808,626.6991610540811,362.21980,3622198000
1281.3418047733685,609.619986468323,362.45470,3624547000
1313.046434077334,604.2682683139725,362.68450,3626845000
1307.4774429955185,595.6037484601352,362.91280,3629128000
1292.847345663393,613.2543823093868,363.13910,3631391000
1234.6813635047283,607.8580018373626,363.36720,3633672000
1127.0774138021234,603.729312346892,363.59570,3635957000
1068.0305469955313,624.3348064221299,363.81150,3638115000
1052.5310191780372,605.3099528756655,364.03570,3640357000
991.2194206962407,660.0637229091667,364.26020,3642602000
1003.0681252840059,658.0257574325839,364.50860,3645086000
1018.3218194857645,667.2277532158562,364.74040,3647404000
1030.265951132386,600.3004291883127,364.98770,3649877000
1111.4984244354637,578.2685638503382,365.23510,3652351000
1063.4704508538234,567.1169613309702,365.45870,3654587000
1032.9936922657541,630.6799284314342,365.68200,3656820000
1118.2472604214176,641.0922575561289,365.90300,3659030000
1136.6149778474135,604.067643381507,366.13070,3661307000
969.3129951575082,495.9708135018814,366.35910,3663591000
890.4886495806811,445.4076511129264,366.59150,3665915000
755.0300908552466,333.26582761580164,366.82150,3668215000
676.8565313127802,308.3031556508949,367.04850,3670485000
745.2395423545659,384.34437561229566,367.28180,3672818000
886.162227351196,434.03085147878255,367.55660,3675566000
977.0822352345954,398.1934955957539,367.78000,3677800000
979.6454716723637,409.426354918084,367.99930,3679993000
994.9717224417484,415.86882494960935,368.22080,3682208000
1065.4851064404502,479.6130193140136,368.45110,3684511000
1060.0355242441378,530.047410155611,368.67760,3686776000
1137.8930509109805,585.2568268931071,368.90930,3689093000
1174.1657038434864,522.0426179795286,369.13610,3691361000
1191.0315695819913,556.0677097997808,369.37300,3693730000
1241.1869916117735,594.5628434156636,369.60550,3696055000
1144.9638394137273,575.6575625794226,369.83900,3698390000
1030.9237231826744,568.7191246178377,370.06690,3700669000
1074.2342256338634,570.9450876986712,370.28870,3702887000
1123.3198997615216,601.9122172784155,370.51790,3705179000
1101.5742691704072,648.2286266094096,370.74420,3707442000
1105.1364597913164,680.9997146510125,370.97680,3709768000
1205.2816968050597,669.9706261156347,371.20450,3712045000
1268.9440464841139,670.8805226097458,371.43900,3714390000
1346.2641885615499,640.8168503183083,371.66620,3716662000
1251.1993425161697,632.011296705905,371.90200,3719020000
1128.0437277128137,630.2060464816963,372.13070,3721307000
1166.1115696832653,596.3796186527011,372.36230,3723623000
997.5332213685533,542.7465377255595,372.59280,3725928000
895.6614042619123,609.250339504882,372.82400,3728240000
879.5094655079542,639.4971867076716,373.06010,3730601000
926.7769938358263,633.9520405841442,373.27950,3732795000
889.9243717009962,689.3520133818342,373.50810,3735081000
941.1437516855938,735.2396718927802,373.73280,3737328000
956.5101288665938,733.4315481197677,373.96460,3739646000
982.782851302809,757.2381766547475,374.18570,3741857000
995.079461269359,751.5737117666524,374.41420,3744142000
1113.206283479634,742.9368755376407,374.63660,3746366000
1184.4114257837082,741.5530084520844,374.85000,3748500000
1280.716489763307,669.4790906434439,375.07380,3750738000
1323.6356070837667,612.6065162507975,375.29180,3752918000
1300.3413949614023,519.4901959644465,375.51550,3755155000
1334.4959837273325,487.0073802082811,375.74680,3757468000
1304.9191457144693,413.47283196653296,375.97500,3759750000
1224.4635018294553,368.7730324593786,376.20580,3762058000
1218.2153555191078,307.25389979758256,376.42950,3764295000
1043.5517848429968,335.01579315391336,376.66170,3766617000
866.1959787484176,354.84857018385173,376.88790,3768879000
723.0627156888605,383.82504163331225,377.11850,3771185000
668.9390131362853,366.3589627433833,377.34370,3773437000
636.6205186412843,323.47856995662767,377.58560,3775856000
582.6674364605591,304.5967965565604,377.80390,3778039000
553.5553415077883,305.028184806011,378.02390,3780239000
517.7788232050605,336.27565601373135,378.24560,3782456000
499.9631163977887,389.7308745926427,378.46750,3784675000
567.2866505078006,428.5518667833534,378.69680,3786968000
560.4067977765665,472.4634085115993,378.92490,3789249000
567.5954290325445,550.155949996568,379.17470,3791747000
580.3718961564092,623.477242112197,379.39980,3793998000
627.198656383741,710.5558707737206,379.62720,3796272000
592.2338025050813,739.1043154893771,379.85640,3798564000
611.017290751705,738.6523480293534,380.08470,3800847000
656.360708582361,785.1679848451114,380.30670,3803067000
631.1447389240382,811.7846686688551,380.53890,3805389000
650.5620120549785,754.2268065548415,380.75890,3807589000
631.4361008861615,679.1490490698593,381.00460,3810046000
570.807796214244,554.5856815297694,381.24470,3812447000
540.1524103307822,477.7492152965737,381.47810,3814781000
580.9881874082057,409.12420240359717,381.71910,3817191000
587.1416081922542,398.7797683436305,381.94050,3819405000
593.5102538480019,396.8526474488095,382.17020,3821702000
694.3479009355145,453.2915281778544,382.39190,3823919000
739.2221029930676,450.55185823430105,382.61990,3826199000
884.4865749281607,520.7274207955847,382.87470,3828747000
843.4084164868203,566.8870523912798,383.09360,3830936000
708.514480432965,457.786946894168,383.33220,3833322000
624.753947670521,376.1308460260892,383.54810,3835481000
595.2897660423835,434.1698151623531,383.76260,3837626000
629.6472661809909,461.69183547814873,383.98170,3839817000
699.9769300142233,484.71715486634685,384.21950,3842195000
754.5207153732949,523.726607821718,384.45010,3844501000
926.7704779868634,572.4814357803413,384.68760,3846876000
1053.76248946652,621.0249053945455,384.91690,3849169000
1178.8330677621,643.028204117256,385.14470,3851447000
1182.9615376361583,666.4727600101089,385.37640,3853764000
1230.6270737787802,602.6190967282769,385.60520,3856052000
1275.1831648895673,633.8176374165935,385.82960,3858296000
1289.440791546662,647.775293031941,386.05590,3860559000
1218.657820801898,688.8057348486102,386.30640,3863064000
1164.4069917238871,707.5159092970093,386.52800,3865280000
1053.4161845010624,647.8585279313533,386.75200,3867520000
896.1046843609265,578.0652062417587,386.99710,3869971000
801.5359331004347,611.1259671779576,387.22170,3872217000
717.8853320165946,489.73679909864745,387.45850,3874585000
600.6894153238147,418.80623370485415,387.68700,3876870000
560.7154588084182,355.9105888869022,387.90810,3879081000
535.7982424176658,301.2497267449993,388.13160,3881316000
612.6692562185251,280.896740955277,388.35820,3883582000
582.1762341781181,235.12491195732488,388.60510,3886051000
616.3724321847653,266.4191865250541,388.83400,3888340000
619.9875286372809,239.6392658288124,389.06810,3890681000
641.015968268772,255.5410139729188,389.30230,3893023000
614.4156184009337,214.57840881595166,389.53450,3895345000
574.9578229522613,202.04918544359262,389.76250,3897625000
600.475807380487,193.64524654961892,389.98280,3899828000
596.087095394272,188.84206469323115,390.21040,3902104000
640.9294604748608,171.18400492549353,390.42940,3904294000
606.3348487474137,134.505586374639,390.65410,3906541000
658.7540523447624,268.28259475840156,390.88200,3908820000
621.598798071224,236.36080576001555,391.10630,3911063000
786.8250539270084,275.5960474542869,391.32430,3913243000
1036.8195216014956,229.61101347048208,391.56500,3915650000
1267.0280954178736,219.1006107301931,391.77980,3917798000
1161.9619141312885,191.9618275377611,392.00300,3920030000
965.2427965513094,176.71930728146557,392.22000,3922200000
853.1843004633959,184.53619483794049,392.44630,3924463000
814.4649345981246,267.56556017418814,392.67030,3926703000
778.7569814269746,232.08434856180997,392.89370,3928937000
753.0167857263207,186.9969466961095,393.12380,3931238000
770.2349940623351,199.11074781422076,393.34570,3933457000
758.4996903167847,198.59462257261922,393.56770,3935677000
830.229603528338,184.41348484626752,393.79640,3937964000
892.0703559901939,154.9015084809476,394.02750,3940275000
904.3371980655337,247.33489823902715,394.24810,3942481000
1049.5967751376365,275.55984351953725,394.47610,3944761000
1245.340929550948,257.44023408387545,394.70140,3947014000
1066.6373208032594,215.5270647301847,394.93330,3949333000
913.899323502782,251.48843693047985,395.16660,3951666000
859.1916274060627,224.6397130941602,395.38790,3953879000
831.3448910179414,203.70010170388613,395.62200,3956220000
843.6560084859857,219.45508405377188,395.84530,3958453000
762.6357568703377,187.44623358238235,396.06960,3960696000
814.0732374637167,227.31150655439933,396.29020,3962902000
931.1375854706333,247.93219126146198,396.51530,3965153000
885.7822530704323,342.5080846420598,396.74040,3967404000
821.9017929672069,356.4622406458483,396.96860,3969686000
791.348286772228,270.5180564604581,397.20020,3972002000
694.163140926434,212.78787594653625,397.42750,3974275000
671.8235577728312,376.3008394031939,397.66180,3976618000
602.2626967170345,383.15240037407517,397.90090,3979009000
616.0462417045254,327.7466102729735,398.12510,3981251000
644.1180883475347,252.85592111949535,398.35150,3983515000
714.1900561430299,257.8929456494812,398.59070,3985907000
705.4822608283043,207.13641971930147,398.81260,3988126000
679.1117891308088,167.1237542350203,399.04020,3990402000
661.892551416918,173.92859148519187,399.26470,3992647000
594.1985547184705,180.96832826596676,399.50220,3995022000
635.2984793174039,303.2445776177467,399.72460,3997246000
733.7541068836549,310.1043539529253,399.94060,3999406000
801.9711467429972,233.37134943038987,400.16130,4001613000
826.9596917673579,186.14220175251654,400.38760,4003876000
772.8157352704258,156.8230703239845,400.62120,4006212000
749.9301768086079,152.8959251650382,400.84830,4008483000
730.75485428576,117.22886125573702,401.07240,4010724000
772.5553078709263,99.70864381234018,401.29860,4012986000
793.270683996366,231.24277498715918,401.51930,4015193000
902.3855121232547,310.764683363456,401.75560,4017556000
955.0029662335608,422.1012452276363,401.98360,4019836000
991.903953983224,511.8782586673924,402.20580,4022058000
981.9691858042285,546.4112355293952,402.42320,4024232000
996.7105446239353,503.69052948623033,402.64810,4026481000
1058.2140854630761,422.36107914593464,402.88890,4028889000
998.3875774388805,331.0695800271684,403.11550,4031155000
1006.705371005465,283.9232477245618,403.34760,4033476000
1040.1491871742446,217.66731096553676,403.57920,4035792000
1086.6829054375762,164.1530624000503,403.80510,4038051000
1173.8455793486373,193.07055128354145,404.03420,4040342000
1263.3707798782216,223.5421108641533,404.26920,4042692000
1308.5083808728757,231.6587101434962,404.49440,4044944000
1205.0002387290692,361.0476116167755,404.71930,4047193000
1189.3997498455208,365.00490327883716,404.94500,4049450000
1320.065414516189,349.8043220213962,405.17230,4051723000
1141.9714250163563,307.23203946159833,405.40910,4054091000
965.0822015702897,281.3795353417556,405.63010,4056301000
812.1316848300786,291.7994929196738,405.85420,4058542000
723.8728558944138,264.14248542076325,406.09370,4060937000
597.7311915352581,214.87462149391536,406.32170,4063217000
547.4077335736815,155.27105482275195,406.55110,4065511000
474.05655017272124,132.38009156872835,406.77150,4067715000
431.67949608910317,112.45163762862411,406.99360,4069936000
488.59097993647043,165.76996571410325,407.22160,4072216000
453.40678033036846,139.23845726099694,407.44310,4074431000
494.4641859586143,187.80252288338073,407.67270,4076727000
630.8307215466323,159.95751787408201,407.91120,4079112000
832.426165663325,158.27167253529237,408.13700,4081370000
990.3576433925264,161.98087228311155,408.35670,4083567000
973.4275977573734,160.51596991340114,408.58000,4085800000
992.5131755779693,187.47409193532982,408.80060,4088006000
982.5768958151842,214.9934867690974,409.03490,4090349000
1146.929539497528,252.93976157538353,409.25350,4092535000
1100.3198250531334,263.1812031029296,409.47870,4094787000
1035.6452341907852,237.79710670478084,409.69680,4096968000
931.5754008309756,223.2149359528163,409.91690,4099169000
917.3919769321068,237.25841562332798,410.14120,4101412000
954.2230786571271,236.70212377863675,410.36720,4103672000
895.1683365663431,375.32783548659074,410.58860,4105886000
1019.079937400473,356.216864482082,410.81280,4108128000
1141.7740566559837,342.5776838135115,411.04500,4110450000
1284.2750306048165,295.8376224860464,411.26770,4112677000
1151.7824465871904,267.01949732621557,411.49640,4114964000
1024.4194541272227,269.8794433260776,411.72080,4117208000
948.6962869339316,345.23119737311094,411.94010,4119401000
818.8668560777982,269.34973693169854,412.18160,4121816000
808.3923055292621,249.7079431565996,412.40870,4124087000
833.5643975482318,229.3505753562461,412.63750,4126375000
805.7256152675078,229.61536449660116,412.86650,4128665000
854.153252190917,217.83379769875168,413.09560,4130956000
996.3390126899639,199.6095342271814,413.32370,4133237000
970.7657735935591,236.72409203138497,413.54900,4135490000
934.5282967446748,255.6386373571709,413.76710,4137671000
1011.8367697321273,293.63909222536387,413.98910,4139891000
1088.249240138049,358.24443222125905,414.22710,4142271000
1214.1568157564377,372.870683571361,414.45190,4144519000
1256.4661130594516,339.32331258722496,414.67850,4146785000
1278.816187559255,307.7653409077145,414.89590,4148959000
1297.9897947075542,264.33371390402294,415.11830,4151183000
1334.361637043167,279.52830105738104,415.34810,4153481000
1345.3293322438983,294.55457866546357,415.56620,4155662000
1378.6199149599265,247.59314012373557,415.78880,4157888000
1396.7247136828287,229.04995768785778,416.02110,4160211000
1421.2379908257608,254.83983302761493,416.24590,4162459000
1444.8701719149396,246.80723430107236,416.45870,4164587000
1439.0368976573006,330.62538051097494,416.68230,4166823000
1436.4996129505778,318.5578958458832,416.89810,4168981000
1282.3864679630647,298.61171171599005,417.11520,4171152000
1260.7875684946343,273.11670637439084,417.34250,4173425000
1102.194202402866,219.00604521917603,417.56570,4175657000
979.971216508644,239.18631439129425,417.78750,4177875000
873.1283524685256,220.8046118525401,418.01330,4180133000
966.7097075104679,248.1748863516073,418.22840,4182284000
812.6747519152179,257.0786290665445,418.45360,4184536000
709.7140642175327,259.6430121957233,418.67550,4186755000
651.9649904814828,233.07753298841638,418.89650,4188965000
598.1964268297979,206.30175230797738,419.12070,4191207000
531.3045950183855,248.89357497127332,419.35470,4193547000
609.9483640849681,266.0392870031891,419.58080,4195808000
649.4039212025175,278.5045400597808,419.80590,4198059000
682.7868725335477,277.0193506817961,420.02460,4200246000
719.1118917636364,303.03097989598393,420.24640,4202464000
783.3566869653155,351.46607639949116,420.47360,4204736000
875.1347505007363,307.60676007925247,420.72420,4207242000
993.7828995661291,300.2683933096373,420.94870,4209487000
930.1257153404474,291.9617778671573,421.16620,4211662000
781.4614327756556,281.4613899890599,421.38100,4213810000
790.3638040936308,245.98830895859007,421.59380,4215938000
750.1826793796146,254.9131179819214,421.81700,4218170000
842.5567770728776,261.8614761641683,422.03550,4220355000
957.6380441785135,298.5460217206156,422.25920,4222592000
1109.640615600062,347.50294095828167,422.47990,4224799000
1073.1420657896847,349.1789678290489,422.69680,4226968000
1110.5325199399904,327.9568404083695,422.91770,4229177000
1061.556331736586,319.35141412395024,423.13270,4231327000
1120.6657387235637,278.0169112570651,423.34500,4233450000
1140.3079053249878,261.9533052886907,423.56950,4235695000
1081.743900430396,342.4463608896815,423.78770,4237877000
1196.7881781167544,356.82424841088164,424.01330,4240133000
1334.3946834589092,366.14488143717836,424.23610,4242361000
1113.0642696420928,323.9346423271776,424.44900,4244490000
952.4677400526004,294.4353152999605,424.67150,4246715000
807.9447692449747,454.3112667189395,424.88810,4248881000
725.6691624576466,417.1170390626812,425.10830,4251083000
683.478034814849,408.80222514317876,425.32600,4253260000
756.4297705741308,413.1973240505803,425.54870,4255487000
804.180456171542,457.27183629795957,425.77130,4257713000
788.7180761960352,513.1708252065437,425.98510,4259851000
834.7111438190818,544.4924752319741,426.20850,4262085000
920.3691003582103,545.833238509193,426.42470,4264247000
992.89084826738,525.4249379563721,426.64690,4266469000
1029.12629408894,437.1474723528608,426.86280,4268628000
1037.3367654281224,408.04572119041393,427.08390,4270839000
1025.5883280747414,477.5461594402116,427.31470,4273147000
980.8464500674,475.85028086078273,427.56060,4275606000
930.5505193949066,478.56223680101436,427.78320,4277832000
1025.1832329694603,512.0921201441275,428.00970,4280097000
1069.3775072794958,499.08083482082225,428.23800,4282380000
1126.8757444232558,426.634937030197,428.46220,4284622000
1175.7596390267893,374.16871221319093,428.69030,4286903000
961.7022302779941,337.119797947094,428.91720,4289172000
859.4756905606561,341.17146110984436,429.14130,4291413000
814.2486421532197,443.89613772764983,429.37460,4293746000
838.4062172788827,458.4481924609573,429.62820,4296282000
887.8827569816133,534.0019855840793,429.85410,4298541000
972.9328022045481,530.1032323742799,430.08300,4300830000
1059.5765252234094,557.4554128104177,430.30480,4303048000
1082.3846131340533,581.611256018988,430.53220,4305322000
1114.4591578609163,613.0139843804784,430.75310,4307531000
1033.66723040357,611.1657319621238,430.98990,4309899000
1098.0113431911855,643.6141696873501,431.23690,4312369000
1097.4323741063572,641.4433167773539,431.45690,4314569000
1100.3356394092564,666.0921515640324,431.68040,4316804000
1050.43825084074,667.2970543862448,431.89900,4318990000
1031.9710461831653,619.0981107863333,432.11860,4321186000
1004.3411924026811,606.633307097603,432.34200,4323420000
1002.7593480010636,597.0737348351289,432.57630,4325763000
983.1927129786392,601.5299321110322,432.81130,4328113000
944.0826547066165,669.9208551555496,433.03580,4330358000
911.1150117470067,721.4023579030227,433.27010,4332701000
819.0013391245514,707.9025722142144,433.50850,4335085000
835.8321268488041,697.8942498236978,433.74030,4337403000
904.4377808710632,693.7310151865432,433.97540,4339754000
954.0256050950074,673.1966925524849,434.20460,4342046000
944.06691245251,699.4310533984519,434.42920,4344292000
852.6985640407756,673.7636838550093,434.65500,4346550000
878.4122467724256,694.1400224815405,434.89690,4348969000
910.45553719474,686.1526074420681,435.12060,4351206000
888.8447275809807,701.1092466983033,435.33890,4353389000
846.5978964590282,715.8897099461121,435.56080,4355608000
826.9265777872517,674.8250000898125,435.77860,4357786000
810.3293031683403,664.6311904111767,435.99910,4359991000
718.5063013470946,632.534141990272,436.21990,4362199000
714.355754420569,680.1190501143757,436.44140,4364414000
741.0574221921091,709.5708411350504,436.67670,4366767000
828.4493000351191,728.4426468174511,436.90620,4369062000
906.4191596465237,775.2708963922979,437.13840,4371384000
900.8529989782352,738.5925633523738,437.35800,4373580000
956.7177165875457,710.3514961817808,437.58310,4375831000
992.6159790017678,667.1005618379866,437.81230,4378123000
1089.806830089033,610.098095164633,438.04060,4380406000
1152.410570525852,597.6366771156202,438.26930,4382693000
1151.3257777021124,518.6890777884258,438.49460,4384946000
1120.9630344873503,598.865960154072,438.72460,4387246000
1155.854551359477,573.321318333803,438.95440,4389544000
1177.8913343456886,538.0730324754064,439.17870,4391787000
1179.611326978582,475.2484941186531,439.41620,4394162000
1159.3728967422246,459.5454459074848,439.65840,4396584000
1148.5750353720828,439.7057488801853,439.88210,4398821000
1143.3420305252669,450.7987466462825,440.10320,4401032000
1123.8893536930243,452.83987047787974,440.32460,4403246000
1156.7320611211678,454.24097569008467,440.55510,4405551000
1104.6746669225513,367.64206619790514,440.78080,4407808000
994.6091500573965,399.4081812172247,441.00500,4410050000
1066.5702588761278,455.34234573979876,441.22880,4412288000
1059.82089021275,448.7231406640595,441.45680,4414568000
1019.7184240485032,441.13509212823146,441.68770,4416877000
972.771986161148,442.45969070012904,441.91030,4419103000
1029.2286479645627,422.3698572914071,442.13040,4421304000
1072.1407083673128,432.91982777312506,442.35360,4423536000
1089.2356159759338,463.7743751299246,442.57420,4425742000
928.3769608076927,442.77262421280403,442.81030,4428103000
748.9576424272775,326.0691970120225,443.04180,4430418000
653.9277361800187,241.4611825073667,443.26830,4432683000
789.8416812903299,233.97742319050388,443.49380,4434938000
827.9662376849956,273.00884417021973,443.71350,4437135000
886.3037677848579,323.2104731254574,443.94220,4439422000
894.0390090611338,368.4612637204153,444.15790,4441579000
786.6023570392383,301.85977786577155,444.38350,4443835000
678.9613695332517,268.86310975070825,444.60400,4446040000
768.9719088861792,229.73385659859014,444.82940,4448294000
853.9527975208848,272.69795114902905,445.05860,4450586000
992.8024754518653,285.66046390991806,445.28870,4452887000
885.2713060385948,253.53285208880772,445.52020,4455202000
803.367148576641,210.73606003455902,445.75030,4457503000
646.7811204401578,204.09626591280207,445.96580,4459658000
542.2595841098904,124.34418581982904,446.18460,4461846000
492.85515142103714,135.95549240581988,446.39910,4463991000
403.0664905699816,81.11030351748437,446.61500,4466150000
333.49465787567937,57.915257499822914,446.82910,4468291000
463.78305162615675,59.638632027781675,447.04070,4470407000
609.8631458082152,67.10204769236103,447.26110,4472611000
861.257832793762,238.93748071047133,447.48750,4474875000
1027.57314913039,234.92652677475905,447.72390,4477239000
914.2116518853146,261.9964889184554,447.97160,4479716000
768.2233757730636,232.80776918192913,448.20240,4482024000
883.199404316847,249.47290977741227,448.42090,4484209000
939.0484233907035,207.68268160137785,448.64730,4486473000
1060.0234550346745,189.57520117408995,448.87870,4488787000
1102.0360897696235,218.35497202511962,449.11370,4491137000
1093.3879548018367,184.18752071368337,449.34170,4493417000
1035.6371045322012,195.4405386709141,449.56440,4495644000
920.4992866384403,223.41497293268964,449.78310,4497831000
862.2918897958779,234.21491499011157,450.01070,4500107000
888.0022455610355,292.7400334843048,450.23310,4502331000
1041.24689871917,318.9502099900341,450.45540,4504554000
1119.88718664414,333.7888184206606,450.67770,4506777000
1015.9769850221486,238.75292602145834,450.89650,4508965000
952.1839117114305,254.19961877760213,451.11240,4511124000
1124.6967164340108,284.5498408465645,451.34530,4513453000
1148.0746836461908,238.28923307567158,451.56420,4515642000
976.8087443365403,229.2616868736934,451.78370,4517837000
860.2061906797188,252.23338704865344,452.00740,4520074000
791.5450455698959,195.99363129528575,452.22850,4522285000
763.4234179163498,299.671856734696,452.45310,4524531000
639.9452189584895,240.57505447371022,452.67780,4526778000
579.5970369055435,183.0712711662393,452.91350,4529135000
530.8016070845963,361.26970691895497,453.14030,4531403000
484.5224237698638,356.8275930245779,453.36910,4533691000
492.5126141923343,300.203837165752,453.59910,4535991000
493.50225375091117,217.1467604930388,453.82650,4538265000
480.0296853329057,193.96826237962335,454.05760,4540576000
439.46682352030166,156.9512662895408,454.28380,4542838000
490.7170364569705,160.4940140262332,454.51020,4545102000
599.0038328670066,135.3536981388786,454.73410,4547341000
794.6875272755664,149.11516536513702,454.95900,4549590000
887.4211618976954,151.6705705475582,455.18380,4551838000
950.3194750746793,132.71063014905158,455.40880,4554088000
1026.316593471187,133.4611593030392,455.62840,4556284000
1149.1726760679364,234.90375482376032,455.85150,4558515000
1278.0666603190336,229.39546419410127,456.07250,4560725000
1465.2670732099496,247.58457592987105,456.30150,4563015000
1439.9148504655886,189.05407051155385,456.52520,4565252000
1353.5957864745978,162.20645955254108,456.74950,4567495000
1350.583404165184,152.42766452437942,456.97750,4569775000
1387.2811616590848,168.57243073070225,457.19700,4571970000
1451.5124521139353,179.60308152367253,457.41650,4574165000
1451.2527929131713,233.80164458697544,457.64420,4576442000
1393.3867068217344,264.2624383278546,457.87980,4578798000
1421.8062216497717,313.3954305519791,458.10910,4581091000
1492.451523316859,396.07169731916304,458.33740,4583374000
1465.1403030828642,504.5224890235536,458.57320,4585732000
1274.7102431704138,574.3556554093824,458.79910,4587991000
1288.4055555962832,600.8174483930841,459.02680,4590268000
1247.3194137263008,621.821139718172,459.25940,4592594000
1259.4947329119127,635.075602741449,459.48930,4594893000
1030.9336499202739,527.970963657461,459.71000,4597100000
814.5515001819892,430.730386666838,459.93400,4599340000
719.2950570281339,367.03964849825763,460.15910,4601591000
685.2048919688835,312.27196439792664,460.37810,4603781000
834.6932179774856,411.3622060533412,460.59740,4605974000
881.7886685043779,455.3413755718002,460.81420,4608142000
893.4103972933455,437.90700402992775,461.03790,4610379000
919.0477218506745,473.7615781803859,461.25940,4612594000
1033.7703524501292,509.24119935074293,461.49290,4614929000
1109.9185673945456,509.0208763959392,461.71190,4617119000
1171.8382403936316,499.69769937567463,461.92420,4619242000
1174.1962638953016,500.37030873230367,462.13980,4621398000
1141.6842891651183,522.686911705644,462.35000,4623500000
1063.6946086868857,490.7467283072142,462.57400,4625740000
981.2073003415674,510.55392423092735,462.79770,4627977000
944.0835053346622,523.4725914647354,463.03710,4630371000
1059.1961680225165,505.63647907546624,463.27530,4632753000
1079.050395060203,476.963299143202,463.52070,4635207000
1057.5790420061044,558.0458650273492,463.77200,4637720000
928.204036242154,472.2769138159423,464.00030,4640003000
798.1262911351054,405.5327202181223,464.23870,4642387000
758.6600038270353,356.58902250202607,464.46320,4644632000
613.861690661307,240.86920282995862,464.70210,4647021000
573.5390292264358,300.34886776922497,464.93890,4649389000
637.2237543065355,350.7449529215887,465.17190,4651719000
600.678206118114,420.10946894400763,465.39680,4653968000
664.6565486896748,469.8667347391035,465.62280,4656228000
703.173339126134,536.1786392480515,465.84650,4658465000
710.0182529240144,554.7878676115704,466.07200,4660720000
719.3288825351282,546.288227430335,466.30080,4663008000
710.8180895160896,645.0826431929345,466.54160,4665416000
750.732982337139,676.1510004692691,466.76410,4667641000
781.3588341517141,645.0788252486102,466.97750,4669775000
850.6910201340568,647.4874436337628,467.21430,4672143000
869.463042403618,658.4157253418284,467.43900,4674390000
837.89778087003,611.9571615472033,467.66130,4676613000
826.0376717740172,629.6123638037435,467.88740,4678874000
847.6972521047833,664.3450234424337,468.11890,4681189000
813.6616044639709,697.173303340185,468.34290,4683429000
855.282362987763,725.8348589339549,468.57820,4685782000
737.628984901903,613.4566851329719,468.80380,4688038000
638.0617734768712,507.3696419467224,469.04650,4690465000
535.0533228210606,406.46831327130286,469.27610,4692761000
499.18669350317197,298.9053154241092,469.50760,4695076000
519.6282126033076,248.84807232495123,469.73550,4697355000
576.9322253970538,265.7270529084971,469.96260,4699626000
608.8617184382496,387.27187249527293,470.19710,4701971000
696.8216672790865,422.1965520744171,470.43350,4704335000
751.0066475527775,418.7992531687786,470.67060,4706706000
802.0785595304045,414.50662158086186,470.89670,4708967000
957.0078076228721,391.6482888034733,471.13100,4711310000
1115.5792027077273,370.5525185649272,471.36180,4713618000
1154.2981936673887,315.42050527037406,471.58610,4715861000
1215.8027312789932,265.8848390645007,471.82410,4718241000
1382.5870169997406,254.86673525307066,472.05980,4720598000
1506.585421783012,253.86708196816116,472.28650,4722865000
1576.372505465268,297.33322079530274,472.51880,4725188000
1452.380882918655,414.9272305984133,472.73780,4727378000
1320.3584326634614,459.727738272867,472.96320,4729632000
1404.0094955693357,553.8571779702814,473.19550,4731955000
1411.5375813793753,525.2514024817712,473.41450,4734145000
1341.7775791788708,422.14228527245984,473.63280,4736328000
1182.8874902470022,448.7690793338715,473.85650,4738565000
1101.669020744369,446.4256701401041,474.08600,4740860000
1103.2465238353047,394.4197573774324,474.31000,4743100000
1132.904168925941,349.0009312970851,474.53180,4745318000
1245.1514486897456,299.3955884833116,474.75510,4747551000
1355.313597844181,268.906631308896,474.97990,4749799000
1396.1599480396803,281.235421673426,475.20450,4752045000
1251.2211409574966,326.5316440868353,475.44240,4754424000
1387.4734689932995,378.1259265928961,475.66850,4756685000
1415.4441733193175,375.1804617596778,475.89700,4758970000
1460.805272556098,308.1623706803249,476.11980,4761198000
1529.9744843367844,253.5273985988361,476.35000,4763500000
1615.0470879728573,257.7070118008574,476.57930,4765793000
1413.9967205902083,204.841244413911,476.79900,4767990000
1126.3750548529592,170.15901424020763,477.02320,4770232000
913.9715360282298,133.3024569323986,477.24640,4772464000
723.3215891943362,102.72639322509538,477.47290,4774729000
709.2721323326294,260.7078731757982,477.69200,4776920000
837.234696284348,356.63343719311433,477.91900,4779190000
919.0339197629268,402.2167527432048,478.14150,4781415000
827.558010625826,464.94269740767874,478.36830,4783683000
776.4073401379703,481.3034393698948,478.59470,4785947000
782.9083687614846,449.963892689111,478.81730,4788173000
837.1195586223341,456.52582924296814,479.04170,4790417000
998.9301374459098,454.92596637927574,479.25930,4792593000
1064.9423016163746,386.3741209852134,479.48550,4794855000
994.3922450114574,314.85594067562204,479.70390,4797039000
1088.6734721872926,265.49245002471406,479.92370,4799237000
1110.477415931558,230.68922397807265,480.14470,4801447000
1198.1813307674122,212.06710346345395,480.36830,4803683000
1224.5882525009958,192.59787625066792,480.60150,4806015000
1316.5429915691282,300.9106392024406,480.83690,4808369000
1342.2990010694527,345.90239278229933,481.07670,4810767000
1315.9449228198164,344.59557791744396,481.30130,4813013000
1250.7399857417222,408.12723529705085,481.52890,4815289000
1209.3187845860484,469.337948420233,481.74520,4817452000
1226.57773504899,540.1610575351883,481.97660,4819766000
1331.019088157991,551.1014889239134,482.19280,4821928000
1364.100842040864,550.0865874446755,482.42240,4824224000
1269.6956835906694,554.6573668351983,482.67380,4826738000
1396.7572903897735,517.5899804552782,482.89980,4828998000
1390.054604207853,464.26955544623627,483.13600,4831360000
1273.8642649360859,553.5562241517331,483.35350,4833535000
1193.8876044764065,467.57389554028293,483.56910,4835691000
1176.0385770786675,409.34522758376886,483.79940,4837994000
1156.3246426525088,360.7074522874935,484.01970,4840197000
950.0630555719188,254.71843278824156,484.24740,4842474000
826.3708794282055,236.47728010826177,484.46790,4844679000
780.559139509019,214.0127026025507,484.69030,4846903000
698.3984477172961,167.88351911093994,484.91790,4849179000
619.9775155015826,110.97596092120006,485.13800,4851380000
668.7410500785265,217.18969940184758,485.36100,4853610000
741.1569163174827,231.68726702763374,485.59790,4855979000
652.5282345847281,218.45713469654027,485.83430,4858343000
626.2823911076646,228.5709914569089,486.05690,4860569000
623.4858123153863,377.43345707284925,486.27680,4862768000
585.749575670001,314.14000375340345,486.51140,4865114000
505.20606593781173,287.98491367455716,486.73300,4867330000
466.9218325961508,324.3383530431508,486.95210,4869521000
434.2509774756421,383.47277455334034,487.18270,4871827000
445.0809333015103,382.58283141923937,487.40490,4874049000
399.6144988825308,388.6529936101311,487.62850,4876285000
412.77827609936116,382.56844941844,487.84680,4878468000
431.8058451814699,414.6648878776945,488.06910,4880691000
516.5482211758898,409.62237424869966,488.28870,4882887000
563.7442661174935,387.261697090981,488.51300,4885130000
639.2972600450917,331.6208713593676,488.72800,4887280000
561.4365271274008,305.5433904802727,488.95020,4889502000
626.7715600093244,283.1063653234154,489.17820,4891782000
556.2989341998009,284.5420083493612,489.39880,4893988000
748.2724781007321,434.50204202558746,489.62340,4896234000
798.8263219919465,487.7942418453963,489.84130,4898413000
890.5141372634395,567.9894465519851,490.05900,4900590000
1009.7169588820134,601.5826289996227,490.28600,4902860000
1139.2468555468004,633.5617157747308,490.52860,4905286000
1197.7034874831543,646.0530623615477,490.76220,4907622000
1291.013024338111,641.6960968580076,490.98530,4909853000
1278.4699258318653,652.380922328509,491.21630,4912163000
1274.6289030926184,734.2442042763223,491.44670,4914467000
1292.892503048067,758.2644423032592,491.67680,4916768000
1294.8343893536162,758.7853026506274,491.91080,4919108000
1368.1805302896867,733.6816737675441,492.15520,4921552000
1407.640077621801,710.3182023623223,492.37680,4923768000
1414.7855538746876,695.5657482496456,492.59660,4925966000
1320.9565139666945,662.3909940429565,492.83300,4928330000
1347.3281730757349,614.2592321807025,493.06060,4930606000
1329.4206069834843,606.9682419726249,493.28320,4932832000
1311.133390243178,590.998797499909,493.50750,4935075000
1292.085230534926,602.4794892454212,493.72340,4937234000
1221.091323194213,634.3160483114797,493.94710,4939471000
1216.8450779119987,637.0654567458233,494.18790,4941879000
1150.7352245995296,650.5847150777016,494.43510,4944351000
1087.7297422282647,682.9073652122352,494.66720,4946672000
1029.934241427157,676.5625679280132,494.90800,4949080000
1067.9215445091634,672.4438235569902,495.14150,4951415000
1008.897843014539,646.3699865714401,495.36700,4953670000
929.8847086553959,700.9858096639715,495.60510,4956051000
956.5332565208487,710.3254203307775,495.83830,4958383000
1008.4936188939894,746.7192395639686,496.06340,4960634000
1034.3784159362235,741.4365498091031,496.32290,4963229000
1119.259587243003,750.7572827977613,496.56290,4965629000
1132.2048433981404,726.2013452065129,496.78940,4967894000
1154.1656874690855,659.2426235611409,497.01360,4970136000
1121.9281749244697,657.057152860673,497.24870,4972487000
1095.9921930557884,629.220913139657,497.48200,4974820000
1120.887948254045,624.7867148446068,497.71470,4977147000
1216.979627042626,620.728116754182,497.94140,4979414000
1114.8360463007352,580.5295262974579,498.17510,4981751000
1148.825941839574,655.3173834058987,498.39790,4983979000
1281.454416007669,705.1279800684848,498.63760,4986376000
1419.3489301441311,579.9008446267259,498.88450,4988845000
1425.8078543992776,598.1794883581101,499.11150,4991115000
1391.3667924057736,586.5472899592048,499.34790,4993479000
1404.4035286487544,574.3611714818446,499.59280,4995928000
1287.5594368867473,571.1956373240948,499.80850,4998085000
1251.0508413823827,570.0084384205425,500.05510,5000551000
1228.9358974468655,562.294591056234,500.28610,5002861000
1232.0122001115783,584.2517237344318,500.50820,5005082000
1262.5725186142613,572.8183223792944,500.72520,5007252000
1248.0236076828396,572.0306867826472,500.94550,5009455000
1097.1637046625974,583.3206433408182,501.15950,5011595000
1114.3935571784436,617.1247154991569,501.38340,5013834000
1134.9157448875053,634.4841528770982,501.61160,5016116000
1113.822496566421,629.68101011358,501.82800,5018280000
1151.1817627784462,619.9461859848655,502.05470,5020547000
1188.912455061307,627.9265186706775,502.27530,5022753000
1201.755176293436,653.2995362896761,502.50880,5025088000
1226.4653535148973,672.6847021384577,502.74760,5027476000
1111.8740979242539,640.2778829399109,502.98560,5029856000
1059.8679452498202,698.9388576027186,503.21140,5032114000
1095.5574244178067,673.4353213124768,503.43480,5034348000
1098.3727285423165,649.4999842959853,503.65100,5036510000
1030.7132552793757,605.004034453461,503.88090,5038809000
949.5127473831723,590.8977428893292,504.10120,5041012000
826.9242446445367,551.8329247358124,504.32430,5043243000
835.6475312413675,550.8392064760791,504.55550,5045555000
826.2283918701174,558.9306413942551,504.77710,5047771000
853.9307605344584,557.545859441929,505.00120,5050012000
833.7348890527744,552.2424732924812,505.22650,5052265000
824.4504739428893,521.5182217458679,505.45500,5054550000
869.1771921081937,502.6628809658944,505.68270,5056827000
890.7817627524316,528.5943384489403,505.89720,5058972000
916.2479299282219,583.847044294979,506.11000,5061100000
922.4822472189545,590.8940365131722,506.33050,5063305000
912.6386631466928,576.6059660743431,506.55710,5065571000
899.2239261459323,536.2691451018577,506.77030,5067703000
919.5930429643255,528.7996044025729,506.99400,5069940000
928.5863405367496,516.2106618371553,507.21610,5072161000
888.7813253670284,535.9523801650411,507.45950,5074595000
934.5528473561332,593.244337777091,507.69650,5076965000
943.3287667717182,640.1359987124405,507.93360,5079336000
914.5723735370309,631.6334574781048,508.16340,5081634000
881.0363718072861,632.9383935754452,508.39760,5083976000
885.8691878571551,676.9627146429209,508.62410,5086241000
703.758621361666,554.8629108504324,508.85730,5088573000
636.5797907549796,510.00456418322995,509.08180,5090818000
611.7474097888451,436.0041908601364,509.30530,5093053000
582.169358357663,379.74948307337536,509.55350,5095535000
658.5444197537328,399.03005812682045,509.78430,5097843000
719.4223113747181,461.1165736781235,510.01290,5100129000
737.7759882474238,474.52919387249614,510.24040,5102404000
672.0699482256216,459.5688467453456,510.45930,5104593000
727.1344496883704,484.2555387908272,510.68310,5106831000
777.3266489928952,536.279304432464,510.91030,5109103000
1094.9685084589553,635.0997284749263,511.13290,5111329000
1228.1765781300062,685.1176667988999,511.35940,5113594000
1116.8894657092444,726.1146633212891,511.58990,5115899000
1109.9632252358679,754.7581692884369,511.83460,5118346000
1143.9703038296302,740.9620513135146,512.05960,5120596000
1120.1112332418052,749.6965367152698,512.28690,5122869000
1042.8380532288031,737.1945338482059,512.51120,5125112000
1012.7123123625229,691.4123997285511,512.73530,5127353000
1082.4779876585817,708.4384835412544,512.95370,5129537000
1159.031186507637,700.0521609570335,513.18070,5131807000
1086.0599281055602,694.9938213987147,513.41260,5134126000
1063.9231438684094,752.1790667305305,513.65220,5136522000
1141.0531495496857,768.7456769969543,513.89010,5138901000
1250.2078469287037,817.397836613934,514.11820,5141182000
1310.2222651917948,792.7364621339212,514.35060,5143506000
1322.413441848743,759.0532915701411,514.58470,5145847000
1358.5945732179014,768.6710572274454,514.81400,5148140000
1393.022960058343,749.9051298430263,515.03170,5150317000
1433.4529980379286,712.6830509451019,515.26430,5152643000
1416.1166353384467,680.8558786496357,515.47250,5154725000
1274.9354053871539,686.4653915228773,515.70500,5157050000
1244.9928607594336,664.1689009528704,515.96510,5159651000
1250.1405238315936,682.5595050151828,516.18550,5161855000
1157.904920929422,772.9732472815873,516.43230,5164323000
1155.4649493131137,748.7962289909162,516.65940,5166594000
1176.9537812632857,763.7919634642445,516.88610,5168861000
1208.6008982736155,745.6602582519798,517.11950,5171195000
1166.6181726524374,723.5331620879927,517.35670,5173567000
1088.8395932036653,662.5652541328443,517.58360,5175836000
1033.902930396398,660.8632240574021,517.79980,5177998000
999.8145923808505,623.921575542133,518.01670,5180167000
1003.6838670158651,579.9108392713376,518.25210,5182521000
921.9420839143748,563.3420753349596,518.48040,5184804000
909.5597593363331,547.0671474226043,518.71500,5187150000
891.9879025698859,601.9479164570772,518.94830,5189483000
831.4837887679229,550.0492255968761,519.18370,5191837000
829.8402711702163,517.389572358268,519.43000,5194300000
822.0168241787644,510.22820989016816,519.66890,5196689000
804.5090070084981,509.62675569163235,519.91300,5199130000
841.2591540504936,497.434791788048,520.13290,5201329000
879.0044609220209,453.94792961409456,520.36360,5203636000
886.7461815911599,465.2457358249375,520.59710,5205971000
861.8250917259686,430.46157895493695,520.82060,5208206000
847.6382419714505,424.33045603445754,521.03270,5210327000
823.8232688511308,436.64386478037704,521.25820,5212582000
816.0204095192073,419.1856813527226,521.49150,5214915000
803.5094077464372,411.03263096697316,521.71540,5217154000
767.580505157232,421.1120761167001,521.93500,5219350000
854.6864510330923,491.1241017258664,522.16110,5221611000
863.3400314605476,551.7882517195263,522.40130,5224013000
862.4736758781676,575.1816973857208,522.63020,5226302000
873.014193146179,568.5481493688822,522.87320,5228732000
936.7488025541554,583.5770713893334,523.12120,5231212000
969.9132307475393,581.2537526385635,523.36510,5233651000
972.1371648515074,557.306363999772,523.61410,5236141000
965.7640085263196,572.0072232570595,523.83630,5238363000
982.9276005884035,526.1680102562378,524.05650,5240565000
938.2516547820836,517.9401927762556,524.27660,5242766000
889.8361320319698,497.021556022493,524.51680,5245168000
881.3294386172648,519.3381508043116,524.74520,5247452000
917.8246477246531,553.064755918842,524.97780,5249778000
943.1703338946137,551.2633466083688,525.19460,5251946000
893.6824577780881,580.957745484104,525.44210,5254421000
906.0581210425602,554.8178445815706,525.68590,5256859000
942.8868577525986,554.047889538022,525.94770,5259477000
1026.9287995223135,537.718627209887,526.21590,5262159000
1065.4013320608522,577.5686703410202,526.46320,5264632000
1067.9794835247974,594.028149611356,526.68820,5266882000
1113.2203249721028,605.0913580757219,526.91900,5269190000
1060.4940150486218,591.4842617592158,527.14390,5271439000
1072.1530982840893,534.0639974488655,527.36470,5273647000
1030.9234033280386,546.2791297547991,527.58330,5275833000
975.8568862905471,569.2676223111124,527.80910,5278091000
981.3552027474888,625.2006564944609,528.03420,5280342000
1077.7890901807866,522.882572041256,528.26300,5282630000
1245.570705450388,384.31117727364057,528.48440,5284844000
1191.2029573827876,472.262759924466,528.70810,5287081000
1140.3235174467222,586.4454572106465,528.92730,5289273000
1094.9639269175616,626.2325062383949,529.15530,5291553000
1069.3883786912384,664.5413655937018,529.37660,5293766000
1056.3381742804695,689.5569461915082,529.59970,5295997000
1128.7301657367123,724.5787328442278,529.82040,5298204000
1127.3692996941268,670.0921104153066,530.03750,5300375000
1093.9519658166278,574.0480565548651,530.25470,5302547000
1007.7874444544115,447.0968873857225,530.47470,5304747000
845.2636471017645,359.52253567452465,530.68930,5306893000
786.7971549774932,344.8892801214015,530.92280,5309228000
738.9709568674064,312.19131793896474,531.13750,5311375000
644.8309132338231,282.1271799078702,531.34970,5313497000
603.5984220303937,233.38901619881133,531.57340,5315734000
706.3997317023088,320.0312644681061,531.79420,5317942000
713.2375985808824,467.875427683917,532.01980,5320198000
654.0166057149281,405.28732290039727,532.24720,5322472000
738.0672238616694,354.46532008735727,532.48400,5324840000
777.5935974323406,378.98237416549875,532.71650,5327165000
828.7095028080977,359.7574708077713,532.94390,5329439000
827.8703942414372,323.7166785443496,533.17540,5331754000
807.0956165471647,313.4202348605333,533.40940,5334094000
927.3144253546398,387.27818160774484,533.64440,5336444000
886.7321850048857,442.1064461830671,533.87580,5338758000
860.2913168517808,416.5110642741829,534.11690,5341169000
789.3044641007036,332.64882644659224,534.33380,5343338000
756.1858030146029,373.64526171745933,534.56890,5345689000
720.6814268527893,350.32438140709235,534.80180,5348018000
726.7791285160878,351.5751908218795,535.03000,5350300000
671.0357601563239,355.5051370419331,535.26480,5352648000
605.820300803831,316.8587380157741,535.50740,5355074000
742.1610316467888,338.20578055036975,535.73680,5357368000
749.9121507840509,354.10642413991815,535.96520,5359652000
792.9692540602424,387.1270908668794,536.18970,5361897000
869.0350780068791,427.3049145296097,536.41020,5364102000
833.9869576916268,555.179536465577,536.63290,5366329000
897.5150826707129,633.7251081953013,536.86170,5368617000
986.3162144100727,645.8315643499542,537.08710,5370871000
962.4672508260492,627.2963083582309,537.32720,5373272000
867.0408098963904,574.9950202333581,537.56470,5375647000
828.9069784733406,542.216732488416,537.78930,5377893000
723.9235073410346,503.7753176195839,538.01900,5380190000
711.9928536200218,627.2239327298057,538.25150,5382515000
849.7197180688124,665.001477277918,538.46360,5384636000
965.3678480999429,688.3061548271429,538.69210,5386921000
997.8496452909136,709.1791245139208,538.92500,5389250000
1120.3080282419546,707.0066808164703,539.16330,5391633000
1156.0283088348904,704.8805752380842,539.38940,5393894000
1241.97718395327,692.9826786319593,539.61400,5396140000
1285.093532324187,684.3676862813844,539.84420,5398442000
1310.8860699113307,654.9145806526669,540.06730,5400673000
1282.2123013888727,607.5504564781457,540.29980,5402998000
1179.039565017872,598.982565515939,540.51890,5405189000
1178.8884651250362,627.3724549519544,540.75590,5407559000
1150.0317906804694,662.1072285379797,540.97350,5409735000
1120.7818496334085,649.310382790769,541.19570,5411957000
1051.8018274257706,631.3653178441677,541.41570,5414157000
1131.243446482376,604.1053197304493,541.63000,5416300000
1141.965916756592,593.0823662972749,541.84960,5418496000
1116.8101426636272,622.217717607191,542.07190,5420719000
1151.830172010729,565.1988066213902,542.28650,5422865000
1185.6201194796477,511.559157327636,542.52330,5425233000
1213.5696000104183,488.96712760486855,542.74340,5427434000
1159.897457816423,491.42751133443875,542.95840,5429584000
1130.4803198097718,483.6291423521393,543.17750,5431775000
1117.0333525846845,473.3257473420431,543.40290,5434029000
1031.8469061917356,497.69208003349104,543.63240,5436324000
931.1357822039826,529.7607663635687,543.87090,5438709000
901.5623373004194,546.8128574799586,544.10060,5441006000
932.3137754842892,507.25330205183354,544.33550,5443355000
911.7522130065717,484.9559962633916,544.57800,5445780000
869.5845178744026,508.9142523191886,544.81370,5448137000
866.8961509857583,518.053706782356,545.04380,5450438000
912.5325553679307,542.0722067698894,545.26910,5452691000
898.1290084483898,536.1415239005782,545.50770,5455077000
909.3009206631089,517.9420209526766,545.72570,5457257000
895.1698031773573,530.5551022366902,545.94580,5459458000
954.944913858045,533.3168159952309,546.17750,5461775000
942.0802635012403,552.5931788468724,546.41610,5464161000
830.7132557303922,569.6470065198813,546.65340,5466534000
767.5072709875583,601.5152159267767,546.87740,5468774000
775.1230753509092,561.4765933675035,547.12580,5471258000
788.2336339922649,519.8064317537242,547.35370,5473537000
831.6483545584305,507.1675301693943,547.57800,5475780000
864.6781958234992,486.9727536083361,547.79740,5477974000
921.9242161868266,504.46403994410326,548.01530,5480153000
976.5911044034448,550.8345919790981,548.24020,5482402000
952.1981538408195,588.8711362740063,548.46910,5484691000
917.4019292538173,595.6763038650269,548.69900,5486990000
860.8317916909735,611.7296462410067,548.92880,5489288000
816.6034590368839,569.4618620043169,549.16740,5491674000
851.399224597556,549.4641345748711,549.40170,5494017000
788.0822608838128,553.7258871383816,549.62530,5496253000
749.712682474497,559.611033990467,549.85560,5498556000
713.6496947453493,559.4501676706429,550.08780,5500878000
636.2575456318526,575.5009696675997,550.30250,5503025000
596.2851891232222,439.14523480846367,550.52880,5505288000
671.5339362131471,384.70285495202216,550.75250,5507525000
668.7745866986957,357.4908907243783,550.97610,5509761000
653.1358552429105,297.2424413944621,551.20310,5512031000
687.0698727378464,266.54743672603513,551.42260,5514226000
667.139434198305,205.8348276391066,551.66260,5516626000
728.3451262396255,205.7284354847411,551.89850,5518985000
773.1725885698124,313.6722066156989,552.11400,5521140000
767.0466238285624,383.0661051978561,552.33850,5523385000
863.7160384267158,407.41968262060084,552.56500,5525650000
894.12595180947,463.61717070677037,552.78310,5527831000
1004.0908889750519,524.541619820563,553.01110,5530111000
1003.0124586930091,613.2440742764194,553.23290,5532329000
1051.0419404215822,722.4092785117227,553.46150,5534615000
1129.3894300807901,690.2650804454678,553.69280,5536928000
1196.2940944039644,646.0816967328237,553.92300,5539230000
1144.3389204299142,683.7571822136208,554.15300,5541530000
1108.3933350163409,692.8472595744099,554.37910,5543791000
1050.7700783205028,750.3638709222176,554.60480,5546048000
1023.192429822387,815.5168787501306,554.82530,5548253000
1058.5748945260073,808.0214349110506,555.05640,5550564000
1039.1949995219838,766.3790720470374,555.28200,5552820000
969.5618222695902,708.1594313526223,555.50250,5555025000
935.6555984388237,670.4975177368947,555.72670,5557267000
926.8103505864676,640.3121859502488,555.95680,5559568000
949.9180835047615,670.8535821886016,556.18470,5561847000
1051.4373317328682,635.4603453490341,556.41490,5564149000
1180.817168876307,593.1270077147899,556.64410,5566441000
1194.6521960883294,594.4278693306592,556.86790,5568679000
1186.5045587662248,581.0945130188891,557.08890,5570889000
1164.1017142045891,635.9810244281765,557.30990,5573099000
1139.3205546345723,677.7362127560883,557.54100,5575410000
1082.6284784637808,634.9939322815438,557.76470,5577647000
1060.9777021633342,622.3098491761984,557.99090,5579909000
947.7285919290849,586.0157891493778,558.21460,5582146000
802.2350913857421,490.8482588160078,558.44870,5584487000
709.1669567098763,440.9433648014302,558.67440,5586744000
654.135094065048,365.03532856244715,558.89010,5588901000
734.4113080144849,344.19443835515204,559.12170,5591217000
832.4675094042782,410.5376397801809,559.35340,5593534000
809.7075929530754,359.7242493642754,559.57880,5595788000
786.5165380250858,354.23309513035434,559.80630,5598063000
718.1563398531513,315.87476178124587,560.04110,5600411000
710.7826702597054,282.8033224017494,560.28240,5602824000
743.6141656393479,405.5656176951399,560.50940,5605094000
736.0451939839163,401.08805246825744,560.75080,5607508000
702.9262996225488,367.3632863607213,560.98040,5609804000
735.6947870810058,339.97033177618295,561.21530,5612153000
745.0172767357022,348.8564598320513,561.43780,5614378000
797.4702203786205,343.65160237533564,561.67250,5616725000
876.8829573206158,340.8061475727268,561.90280,5619028000
976.6736087751012,348.8329511921556,562.17630,5621763000
1059.2686041357354,406.6023581337834,562.40830,5624083000
1131.5737086328684,471.3440633150791,562.64840,5626484000
1171.1771094253934,487.0503864016379,562.87260,5628726000
1228.4368907170378,543.0342561522837,563.10690,5631069000
1174.8524857396892,672.2304117846911,563.32860,5633286000
1190.3543055498228,668.4974158249289,563.59200,5635920000
1233.7797693396938,711.153658212082,563.84870,5638487000
1225.0100863917937,682.703450422724,564.09660,5640966000
1167.4058349080192,646.479368485067,564.35310,5643531000
1191.424985850658,642.8955174564093,564.59080,5645908000
1216.0638986712756,646.0842937603269,564.83050,5648305000
1190.5029375279755,679.4145715344783,565.05840,5650584000
1066.0674205725545,731.1834512842645,565.28650,5652865000
1084.662166888519,724.6936859253826,565.52690,5655269000
1100.1624001530038,722.2162724170465,565.80790,5658079000
1070.6496793085178,673.0787193504814,566.03060,5660306000
1133.3588778217677,682.2081155947208,566.28350,5662835000
1170.999814132918,668.3741482282438,566.50590,5665059000
1206.0359984845516,643.0384487143951,566.72950,5667295000
1189.594677070394,658.7470039711454,566.95520,5669552000
1235.2048859182141,651.1756948757071,567.18240,5671824000
1312.5913957610373,731.6002857835882,567.41860,5674186000
1324.2273379495846,743.5345763561169,567.67900,5676790000
1329.145400638784,773.8649961785004,567.91690,5679169000
1294.0043204535564,729.0055452487557,568.15790,5681579000
1308.8455670411267,657.3373987792212,568.39250,5683925000
1307.1582304919002,574.6130711633929,568.62550,5686255000
1324.331023567811,578.2778484546756,568.85620,5688562000
1362.9937941012163,570.0420237943557,569.09840,5690984000
1375.8244629862234,562.3179272532793,569.32080,5693208000
1390.0389666159067,548.1161700106173,569.54700,5695470000
1346.5763312510637,578.0358516561348,569.76580,5697658000
1291.2554620558824,614.6028426706745,569.99140,5699914000
1203.804062305187,672.3215681008284,570.21740,5702174000
1207.3267226511625,682.645736321244,570.44750,5704475000
1137.8036094919646,676.3071416604594,570.67040,5706704000
1118.656419459341,717.5453367934017,570.91690,5709169000
1207.4083759322314,712.3321559687621,571.14300,5711430000
1231.8491571996342,728.5528641118449,571.37310,5713731000
1238.230636667552,731.3533317917825,571.60070,5716007000
1277.1867913061685,716.0857743204026,571.84390,5718439000
1293.4695847963742,671.192324854525,572.06870,5720687000
1280.409214895241,627.1786052238956,572.28730,5722873000
1321.8047056527498,656.2174308991132,572.51800,5725180000
1335.2560237629652,653.0586249961733,572.74210,5727421000
1337.41980819168,615.6132604457936,572.96360,5729636000
1273.6647286241082,665.2348083655314,573.19850,5731985000
1080.7371291426289,697.5892138926304,573.42230,5734223000
1025.0052738206066,681.3109379233304,573.64340,5736434000
1047.5242689709098,653.7768427279531,573.85870,5738587000
949.3302740169809,633.0077908248509,574.08340,5740834000
854.0812902517214,521.130061052659,574.30050,5743005000
656.0394280853127,484.44047540912413,574.52330,5745233000
638.568134221537,404.85690531608,574.74940,5747494000
624.0655041636792,410.2504945507614,574.98230,5749823000
634.2515434115122,468.9368415526817,575.21610,5752161000
697.0929438160779,490.89418130828113,575.44760,5754476000
808.0596635830478,508.97841201044196,575.67990,5756799000
849.2461400269364,537.0409279489913,575.91210,5759121000
901.5221597965837,588.8450227984932,576.13380,5761338000
937.8080354893665,614.7448209007252,576.35400,5763540000
931.3555955295578,591.8480552223143,576.57530,5765753000
1080.204514672754,635.2681900596192,576.80160,5768016000
1112.7506053818465,650.5765061523293,577.02170,5770217000
1066.5821573476558,648.1581193475413,577.25320,5772532000
1132.7519300332513,701.797825356346,577.47960,5774796000
1186.3212910492484,709.9015270351216,577.70180,5777018000
1222.104271986304,765.1884596769773,577.94450,5779445000
1254.0850689821675,755.7755987106834,578.17270,5781727000
1294.7837598724554,774.4387696831618,578.39840,5783984000
1276.6649880291036,787.3907989091745,578.61900,5786190000
1264.92280796959,783.4151622730506,578.83880,5788388000
1203.7156739173274,724.5505819751486,579.06470,5790647000
1146.885688517485,765.1527599509341,579.29100,5792910000
1122.88626507593,765.6398981259414,579.52610,5795261000
1182.0581207344676,827.9562289790241,579.75480,5797548000
1255.7639198218988,781.7381027252403,579.98230,5799823000
1285.5023552836083,759.5749813146706,580.20090,5802009000
1313.5911251129012,744.5080694359887,580.42480,5804248000
1301.0252646327667,721.8177888013739,580.65220,5806522000
1261.563396242496,736.1171010258207,580.89320,5808932000
1245.830183200881,741.1401258424637,581.13330,5811333000
1240.179116726444,758.3809333925618,581.37270,5813727000
1178.817232221938,757.3723432450983,581.59490,5815949000
1081.7523102458183,781.3820110433159,581.86930,5818693000
1065.3236036293245,774.3699169121664,582.09600,5820960000
979.4460842812495,749.2483033901832,582.33150,5823315000
992.7886105307128,731.7088026530369,582.55460,5825546000
939.5130678696498,709.5802907141381,582.78510,5827851000
953.7055235242321,712.6210370792311,583.01190,5830119000
896.9763244283101,706.2275449663499,583.24250,5832425000
934.4405496891934,734.3173808438952,583.47280,5834728000
960.9595744839187,755.8893195380408,583.70510,5837051000
906.1508786937169,716.9192326386247,583.93090,5839309000
919.9167441390255,714.8426669455132,584.16300,5841630000
914.4647132107882,684.9065452194293,584.41320,5844132000
947.89520693054,679.4265592877829,584.62760,5846276000
978.137085425792,702.2581893886924,584.85460,5848546000
978.7329306313303,658.8336097269778,585.07200,5850720000
938.6158116915783,656.2079676954083,585.29800,5852980000
779.8740140003406,549.4592871647885,585.54060,5855406000
760.4604857620571,484.69941928989476,585.76530,5857653000
734.3552424480346,411.5080879500926,585.99870,5859987000
772.0215262502245,477.905175622852,586.25310,5862531000
823.5703460045673,527.3500129938316,586.49700,5864970000
876.1382434852046,565.889725124086,586.73600,5867360000
944.1091141758343,590.5766421164288,586.96540,5869654000
994.3293296868618,655.0161112200926,587.20100,5872010000
1001.3867595862467,709.8662402855551,587.42590,5874259000
955.141267879899,683.5277823585695,587.65210,5876521000
990.9659710287713,727.196232789502,587.87510,5878751000
1022.2360358113347,738.4716896991065,588.10160,5881016000
936.5996210635242,705.171080921944,588.33260,5883326000
908.0179420383721,685.0951915049314,588.57370,5885737000
798.7636418090393,550.147168315809,588.80210,5888021000
761.9472818602321,472.96651396459737,589.02910,5890291000
788.471338726138,459.0174124450483,589.25210,5892521000
820.1661176364232,426.2885261720366,589.47520,5894752000
866.9289319902024,503.53769911087187,589.70030,5897003000
997.9339118725259,477.33570914932056,589.93700,5899370000
1092.8295791772389,489.1722048096515,590.16510,5901651000
1134.655840247879,486.2436908475072,590.39810,5903981000
1074.3482614538516,473.7532424014044,590.61980,5906198000
996.1334018426255,408.540413806995,590.83800,5908380000
915.7865843569407,361.13901629192395,591.06580,5910658000
792.3435695338151,325.1250203950243,591.29250,5912925000
713.5194394145362,313.69704798951255,591.51160,5915116000
694.1945846564884,300.90126712339173,591.72620,5917262000
761.4110090126374,372.5771535358818,591.95640,5919564000
834.6790080781931,415.1385790189097,592.18270,5921827000
813.2658510344352,462.00968866869346,592.40700,5924070000
950.1055860931203,567.1969416424035,592.63800,5926380000
897.7617424404557,643.4441036566373,592.86140,5928614000
987.8770087297991,706.2654724126096,593.09180,5930918000
1035.6174908099595,733.4707299715868,593.31840,5933184000
1078.0936426989015,720.4330765633086,593.54790,5935479000
1105.9104307507403,668.8776313292076,593.77370,5937737000
1037.9629106846182,581.9777300097763,593.99730,5939973000
926.5227797194834,491.7516559686775,594.21600,5942160000
817.1279715717058,419.2707520246423,594.44500,5944450000
748.7227039861091,379.36273755723033,594.66680,5946668000
716.3732262774147,363.42479445051373,594.88440,5948844000
869.6091409581713,338.5782659805962,595.10420,5951042000
928.6133730305093,371.1692049749467,595.32230,5953223000
931.3726646834053,424.3350490279678,595.54620,5955462000
971.1314701840894,540.8807942933878,595.77650,5957765000
915.4793914638658,575.3524779552623,595.99770,5959977000
806.1627117264812,526.2184576523132,596.22900,5962290000
631.949874143553,519.50673038168,596.45750,5964575000
647.8498361491338,517.5144756805587,596.68680,5966868000
637.7723657988982,523.6851043921129,596.91710,5969171000
772.7034732816483,485.0840379128995,597.13920,5971392000
836.8690327083103,504.69531451828453,597.36320,5973632000
849.6383172952311,497.8260312073131,597.58440,5975844000
904.2075063561807,546.8521399825887,597.81670,5978167000
925.1155735463255,524.1769935843063,598.04480,5980448000
913.477626956556,518.2335533180589,598.27090,5982709000
829.8401733313023,403.4835558668201,598.49450,5984945000
810.830040040002,367.5548730676226,598.71360,5987136000
862.7661197888119,403.7360175179323,598.92780,5989278000
879.2329195979496,424.3397059293071,599.14920,5991492000
806.215664689362,460.8621588544989,599.37020,5993702000
891.6786340716852,556.7101546192921,599.58820,5995882000
986.251275712042,567.74061053615,599.81360,5998136000
1035.9747607201216,499.03429413954956,600.03060,6000306000
1075.1500419987517,446.10131216275545,600.24840,6002484000
1052.7827553668715,474.72161585299307,600.46930,6004693000
974.9817990971667,525.9585997730562,600.68660,6006866000
938.837341936395,592.6847998974888,600.91190,6009119000
987.3884034515161,546.0607300963578,601.13800,6011380000
959.7094786798892,603.3324267897792,601.36420,6013642000
958.7752372348863,648.953080580273,601.60000,6016000000
1175.3513041281597,595.3437416309499,601.82980,6018298000
1328.2209646689757,489.301578163414,602.05710,6020571000
1440.2950111700584,443.8196305099173,602.28200,6022820000
1325.6552739946114,453.8402833656429,602.50990,6025099000
1253.8690714145405,530.4974436638893,602.72630,6027263000
1206.8234624422514,556.5948546218943,602.94690,6029469000
1193.5953221028906,598.4245785121346,603.16920,6031692000
1167.2945177151541,631.5000362926455,603.38490,6033849000
1075.8055994250017,532.7275170245699,603.60090,6036009000
1018.1573805116126,445.5641786352679,603.82660,6038266000
958.6370477153073,405.25970349266964,604.04830,6040483000
851.4214021028811,378.7390635789489,604.26930,6042693000
827.0750990294575,352.05618525157394,604.48670,6044867000
784.5105757722233,323.00432369735,604.71080,6047108000
741.6615285537055,340.46642109547645,604.92980,6049298000
656.5377493289335,304.16437422803835,605.14700,6051470000
711.9750996116608,291.1028702712964,605.37510,6053751000
867.8035357538253,300.2283543124545,605.60250,6056025000
1099.6767680037801,263.72221857891583,605.82430,6058243000
1105.9334537886775,283.7511187402403,606.05240,6060524000
1176.3375339691117,395.40007976038976,606.27010,6062701000
1226.3559222819226,427.52072152612556,606.49500,6064950000
1201.5562300686356,442.02808102080274,606.72830,6067283000
1360.766926325218,416.79335634898126,606.96050,6069605000
1488.4925297033283,378.12387781250555,607.18460,6071846000
1587.7610283412257,336.2409118916063,607.41950,6074195000
1512.8309405954094,361.472991451698,607.64850,6076485000
1489.3789194027054,354.67704490030997,607.86870,6078687000
1510.5041661874147,374.5448109466217,608.08230,6080823000
1516.7621712490254,356.6958808939168,608.30850,6083085000
1300.4407190171428,362.40772847798655,608.52960,6085296000
1037.209503227422,356.00407564658025,608.76480,6087648000
937.1575885124442,297.81302393378206,608.98260,6089826000
866.0172792573546,379.9445134660945,609.20840,6092084000
786.5863500349282,455.1141209359374,609.43970,6094397000
813.4438177834314,489.0361583170375,609.65140,6096514000
844.3920648890742,580.9047313523664,609.87450,6098745000
741.4959825913731,597.9054486463846,610.09650,6100965000
679.481754150616,544.7677705641215,610.32280,6103228000
709.8901835691402,597.3544024889885,610.55210,6105521000
751.6119153952278,677.0461373491939,610.77030,6107703000
844.0174069666663,712.3988193809496,611.00130,6110013000
927.9334850932163,681.5769079767338,611.22150,6112215000
876.2386414552225,587.8591403844002,611.44420,6114442000
809.2780123588791,521.0143348762487,611.66930,6116693000
741.3246098645434,431.06119090742914,611.89630,6118963000
679.3852355682874,481.00325631188264,612.11720,6121172000
700.7177240014041,435.8699765426818,612.33880,6123388000
690.9448909030795,374.6947240902841,612.56330,6125633000
676.9503551126988,311.74829338158276,612.79210,6127921000
705.0068289098999,292.58012164313146,613.01720,6130172000
633.692452274339,316.03831046479115,613.23680,6132368000
713.2149517400239,354.3855018931501,613.46170,6134617000
747.4183031757563,398.52367958967426,613.68270,6136827000
723.8823414943373,318.89213676465,613.91880,6139188000
727.8155329349759,256.923123373021,614.15400,6141540000
715.9981528715869,251.8498206541073,614.37570,6143757000
701.6750529232709,249.8937839707709,614.59460,6145946000
668.1220059866912,247.69940188222918,614.82600,6148260000
665.5230161887584,248.9455904781655,615.07240,6150724000
772.4295796603894,363.5909276000318,615.29110,6152911000
852.4419585103551,373.3692034573247,615.51950,6155195000
902.4098959479566,340.54517181361314,615.74540,6157454000
1091.574836165023,359.9299275011474,615.96930,6159693000
1165.6227953435248,380.67496940873286,616.19520,6161952000
1233.2474207461362,428.44849194797536,616.41290,6164129000
1223.805785967394,511.221240608045,616.64160,6166416000
1135.5215019907741,447.95729387371307,616.86080,6168608000
1031.8257643816692,379.24159775672143,617.08420,6170842000
986.9142019258936,355.5193506977143,617.31640,6173164000
950.9720197210744,388.92019480874416,617.54100,6175410000
896.5543402126805,397.18631876402657,617.76160,6177616000
833.0268886458141,422.17301869593746,617.98400,6179840000
879.0253109283658,431.41165193830824,618.20830,6182083000
805.1323108211305,414.5731072784657,618.42510,6184251000
773.6969094898172,392.254072155276,618.64940,6186494000
709.5295780148089,366.18723369849283,618.86790,6188679000
758.2631403439757,397.2914984015,619.10440,6191044000
761.0348607631441,368.79998453523547,619.32200,6193220000
762.1585117093061,348.4493508974929,619.54200,6195420000
862.0482622868021,282.6412304839166,619.76040,6197604000
862.6922338197514,235.26446241181497,619.99040,6199904000
849.8400301534468,195.4013413065878,620.20870,6202087000
989.1703369601867,284.69334036715054,620.42140,6204214000
885.9845869138326,248.29324257922377,620.63940,6206394000
943.8732568482275,230.34070803107446,620.86050,6208605000
832.5032509947841,182.25621912601957,621.07810,6210781000
799.8468396540745,194.7875309330419,621.29670,6212967000
717.8877622855533,200.31006676827917,621.52200,6215220000
841.7866524982418,169.79414540457614,621.74580,6217458000
774.9444694959913,215.1171678796209,621.96890,6219689000
707.5994785992084,191.51327086692305,622.18760,6221876000
632.3300758757273,190.50917816640404,622.40240,6224024000
630.6033492089414,196.48080972735175,622.62010,6226201000
706.2268209012,314.5382643263153,622.83760,6228376000
757.9261831010064,337.9177016972986,623.05380,6230538000
633.1966571213658,333.96509947225326,623.27760,6232776000
533.8790697629919,298.50828332262984,623.49350,6234935000
508.0172145582287,283.4495864977427,623.70400,6237040000
602.5044696063943,270.84041435361166,623.92490,6239249000
679.8717536107365,275.57671168758134,624.14440,6241444000
729.8515159925864,274.8943271086704,624.37280,6243728000
800.3334503451798,342.28507406477667,624.58810,6245881000
898.4310699917443,388.263028642643,624.80560,6248056000
999.3441955899228,425.11333100350043,625.03150,6250315000
1131.40745559554,532.1238353086607,625.25360,6252536000
1229.3523519793832,648.1705498463941,625.47150,6254715000
1259.333374765023,711.5225564884338,625.69690,6256969000
1278.9739042796182,749.0796480175271,625.91960,6259196000
1296.380144563977,774.607628242719,626.14820,6261482000
1335.54902816487,789.299364533833,626.37740,6263774000
1391.4345913550208,767.9117232027642,626.60710,6266071000
1387.8409747200742,821.2883109731026,626.83360,6268336000
1374.8552071416532,815.4428936663732,627.07220,6270722000
1364.9440643901555,784.7651432987649,627.31250,6273125000
1206.9883275374855,669.2562962163379,627.54040,6275404000
1026.2151716063436,556.948225623938,627.75940,6277594000
1073.3331762673827,529.4577769682523,627.98160,6279816000
1049.7043912645117,546.6271203387467,628.20430,6282043000
1120.8861894206182,610.8119174736237,628.43170,6284317000
1204.9707542466979,652.8310299516645,628.66020,6286602000
1190.667172830471,607.9400080053844,628.89480,6288948000
1190.931929079636,625.5626973634137,629.10850,6291085000
1146.1213598474399,589.0672850498731,629.32750,6293275000
1081.6537841461309,621.3765978980563,629.56680,6295668000
1097.3589372436297,627.4705189308464,629.78430,6297843000
1194.8156304886902,635.2418812766633,630.01190,6300119000
1081.5033249904227,605.604466993028,630.22480,6302248000
1026.9743718508425,591.9503220098496,630.45430,6304543000
1067.1264049316694,607.8627173496554,630.68100,6306810000
1049.2695162266737,645.9537881271341,630.91460,6309146000
1045.2524330490605,641.0496575803265,631.14540,6311454000
1047.923290020345,647.6112393660081,631.37040,6313704000
1020.5840554625853,646.0227009123092,631.59670,6315967000
978.789853969887,644.2545264843632,631.81700,6318170000
845.2209434559861,570.972487868062,632.03690,6320369000
849.3091065848363,492.2024646404132,632.26720,6322672000
950.1746008583822,477.83260997558864,632.49710,6324971000
993.1791150059842,454.7385366947847,632.72760,6327276000
925.9377177133767,494.2799241277447,632.96020,6329602000
910.6831893091817,520.9195174968162,633.19780,6331978000
859.881623446823,474.6088159930043,633.43940,6334394000
820.2974766839773,420.8788555324255,633.67730,6336773000
800.0808274105515,312.5990030757046,633.90480,6339048000
808.223767920055,285.86643458605363,634.12410,6341241000
720.0746691055751,282.6163261587209,634.34460,6343446000
687.2538856734201,294.2763349528856,634.57150,6345715000
672.0628540020339,313.6972116708057,634.78560,6347856000
700.484085637028,420.72750461997373,635.00940,6350094000
789.8419604905456,456.03205058522474,635.22710,6352271000
797.3836053019114,498.9706013795168,635.45170,6354517000
791.4037933765348,453.1196607429459,635.67830,6356783000
832.1410503470609,462.0722951257458,635.90110,6359011000
899.8649564108918,480.6704860174744,636.12950,6361295000
913.397937918302,536.1864024909671,636.35170,6363517000
863.5806770835146,551.6713479934577,636.58050,6365805000
921.416869314349,577.590720682517,636.80450,6368045000
928.1680333149127,605.8229534186448,637.02080,6370208000
939.8001548186912,624.5785343452573,637.24590,6372459000
969.5559725111718,631.6767330444753,637.46910,6374691000
949.8148484698385,661.8343388699336,637.69360,6376936000
938.2082992458166,682.2090868373415,637.91700,6379170000
954.7741512475626,688.2806778000311,638.15440,6381544000
902.4692568046563,722.7324260825975,638.37800,6383780000
960.2575422169075,705.3646508628332,638.59530,6385953000
1042.2454575056884,677.4136601176324,638.82360,6388236000
1097.740172111172,676.1638983501184,639.04260,6390426000
1151.9634006442382,658.8020442961597,639.25020,6392502000
1162.6098127644157,668.9858569916051,639.48160,6394816000
1150.3651870012698,715.2874913177151,639.75250,6397525000
1196.7040705456734,717.5736555312366,639.98820,6399882000
1209.7409646626186,727.003775693307,640.21890,6402189000
1201.8807207943184,715.4226892431891,640.44500,6404450000
1200.5257719667131,676.8141940195508,640.67060,6406706000
1209.6655587375878,667.6646978589251,640.89950,6408995000
1190.6269715280866,656.8312404661958,641.13000,6411300000
1164.2235717530618,677.9475849469894,641.36710,6413671000
1200.432085714778,693.9184572153252,641.58980,6415898000
1225.2967524753772,649.6148781107373,641.81960,6418196000
1224.2652036897155,582.5991221347529,642.04360,6420436000
1278.1550583724886,559.6249508717551,642.27160,6422716000
1215.6203103570901,549.7616479414313,642.51640,6425164000
1139.7309099312197,556.1701005385272,642.75200,6427520000
1082.8708429943097,572.3933377934482,642.99070,6429907000
991.9816982218044,502.6469577745223,643.21580,6432158000
756.2628990462399,401.49254474172227,643.43940,6434394000
701.0010047861647,367.6121615254018,643.66070,6436607000
629.1520950673284,319.8525612350986,643.88150,6438815000
587.1190907151456,285.75781008595504,644.09680,6440968000
612.2811877338073,264.62524632809584,644.31570,6443157000
722.5249352770632,360.79494763318996,644.53400,6445340000
851.6138064748784,361.2315874013557,644.75790,6447579000
919.2430132499625,346.9666185454453,644.98040,6449804000
802.5255619142715,317.64004154531585,645.19840,6451984000
864.0363967609125,294.94961529300673,645.41910,6454191000
974.794714102142,348.09727548243643,645.64640,6456464000
1168.902160381096,387.6121755544309,645.86910,6458691000
1284.6784958606177,423.0235073556697,646.10330,6461033000
1368.8528019943706,458.12588006675753,646.32290,6463229000
1340.4352554622383,468.58449288817667,646.54510,6465451000
1416.3141623243384,512.3216289758361,646.76630,6467663000
1380.3025977840418,503.2281613424584,646.99320,6469932000
1391.5886538966988,505.9928343704412,647.21270,6472127000
1388.288053262939,533.6602038891822,647.43040,6474304000
1394.5029953286205,551.7748977221617,647.65450,6476545000
1316.264103911339,577.9737941689605,647.87460,6478746000
1255.0721762467313,619.0789790507515,648.09680,6480968000
1191.275132218647,631.5602904663571,648.32400,6483240000
1146.3495312983728,648.5970143032856,648.54800,6485480000
1225.0465963488398,663.871573177901,648.77600,6487760000
1210.7595032210284,668.2536052249034,649.02440,6490244000
1172.8835358342608,700.3328975047655,649.25160,6492516000
1117.2637939901144,694.6806780434341,649.46990,6494699000
1104.7218782302627,708.7635048772406,649.68990,6496899000
1091.9043389475894,706.2659936388224,649.90850,6499085000
1124.8606721651536,672.9341193943276,650.12920,6501292000
1142.7697818745553,685.1318658529563,650.36400,6503640000
1241.559882097269,657.235968652749,650.59340,6505934000
1335.649331979425,660.0465725177129,650.82780,6508278000
1310.9399468901008,645.0439414156563,651.05530,6510553000
1388.518790765045,715.6337637030455,651.29190,6512919000
1380.3530555036264,610.6194012889771,651.52120,6515212000
1357.4194013694416,487.2864526013553,651.74380,6517438000
1420.6576766841183,425.1774384856175,651.96630,6519663000
1546.8963654968572,351.6397246886911,652.19410,6521941000
1665.9241955066343,436.77870793598584,652.41870,6524187000
1637.2892478066303,514.363715692733,652.63860,6526386000
1658.6767957924008,462.27606127485456,652.86730,6528673000
1698.5276224286813,377.10691369232825,653.09340,6530934000
1716.1416109995191,360.9433866733929,653.32320,6533232000
1705.879168249064,354.4370008021803,653.55100,6535510000
1701.8078236026645,339.5427278996963,653.78200,6537820000
1713.6824329335197,278.26547020174445,654.01240,6540124000
1713.9840239878504,249.98287583525746,654.23670,6542367000
1523.5051708447381,339.45685448625943,654.46860,6544686000
1413.0267614259544,406.3364096965603,654.69660,6546966000
1334.2919445403897,523.5126380037436,654.92150,6549215000
1172.416832103902,529.5877195907435,655.15150,6551515000
1062.417407816723,605.4858491698849,655.38000,6553800000
948.9150331434571,673.1949239791946,655.60330,6556033000
974.9556780449965,716.7403302327921,655.82420,6558242000
975.9904288304422,767.5840800672033,656.05130,6560513000
1068.4981486709753,753.0050064409957,656.27960,6562796000
1079.7092215615526,759.7486631428683,656.50150,6565015000
974.945257620903,645.9942135557022,656.71680,6567168000
792.6797270657502,552.416748748041,656.93330,6569333000
761.8788039922842,466.8397982088658,657.16160,6571616000
860.7818722645461,458.039415093012,657.38260,6573826000
918.4994482003805,478.61675261395726,657.61320,6576132000
989.9468243940937,472.6530109233552,657.83730,6578373000
956.9558971539628,428.790314766668,658.06770,6580677000
976.8667045490482,414.3501668412734,658.29160,6582916000
866.1156809659631,405.30120769263056,658.51810,6585181000
839.0779155865328,382.9918276146044,658.74160,6587416000
798.6517781975496,374.4056675940682,658.95410,6589541000
693.8406149259519,356.13762340620144,659.17880,6591788000
733.0203061584494,452.5151267132735,659.40190,6594019000
714.861072170875,449.3182298787323,659.63500,6596350000
731.7485842544941,453.01299536729806,659.85860,6598586000
725.9741413989651,431.7563669027595,660.08900,6600890000
734.7976356982975,399.7044193443553,660.30590,6603059000
769.1802426327301,400.46684015745905,660.52920,6605292000
997.6140242929343,366.5500730343696,660.74860,6607486000
1083.9998679515563,323.43898499706313,660.96570,6609657000
998.3110695585137,299.6856087033475,661.18430,6611843000
924.0046869547978,274.10413411080344,661.41120,6614112000
908.0699192711442,239.0032820255771,661.63580,6616358000
852.2707959174631,234.44074652007842,661.86530,6618653000
848.535237659766,236.76427226798484,662.08530,6620853000
1090.264009124062,248.59990160977028,662.32250,6623225000
1057.4628933846245,302.4641440987371,662.56110,6625611000
1137.2884759078001,385.58342997223906,662.80630,6628063000
1122.3599903487352,461.0688670901309,663.04060,6630406000
1180.3199471222704,509.795795970079,663.27760,6632776000
1221.18401290652,568.1972099438291,663.51570,6635157000
1188.831854191663,611.3273350000151,663.75420,6637542000
1208.935715063017,619.9807023281629,663.98340,6639834000
1227.5874085828038,609.5813627841296,664.21210,6642121000
1278.7849895600457,629.4517338441767,664.43570,6644357000
1113.4976175535444,598.7695831641641,664.66030,6646603000
955.510862705753,526.2118627337456,664.90460,6649046000
902.2244568770661,552.6980474084487,665.12540,6651254000
869.3649088132963,550.7374649071063,665.34090,6653409000
871.0655904822185,566.8286106126752,665.55240,6655524000
897.2042946231135,604.1414349886484,665.77980,6657798000
975.7516298506835,634.9485336865654,665.99950,6659995000
1011.3315116019718,676.7042279947418,666.22000,6662200000
1008.7460894998242,723.236971722401,666.44790,6664479000
946.8806332328445,760.7917669610307,666.68270,6666827000
920.2900275473843,750.185814014737,666.91450,6669145000
949.0996687189323,713.8223762651851,667.14570,6671457000
965.9053393563547,708.503835414289,667.37280,6673728000
1027.582937001523,697.0158503560558,667.61400,6676140000
1095.6309851794902,662.2356506521468,667.85070,6678507000
1112.7992828713043,601.1867303951776,668.08090,6680809000
1081.7738199637363,606.9506938949057,668.30730,6683073000
1055.581194901973,564.270772349249,668.53820,6685382000
1073.8323858434103,568.6093128452842,668.75570,6687557000
1095.1405321777588,571.1129583350673,668.98180,6689818000
1099.9679299679067,550.0430934711778,669.20720,6692072000
1094.4602022858953,580.4317529362116,669.43200,6694320000
1139.644621964857,603.7434382885003,669.66070,6696607000
1132.0981496161269,649.403233894718,669.88130,6698813000
1179.0438988841502,690.8266258321302,670.10740,6701074000
1226.3169684397817,687.8328341488361,670.33270,6703327000
1296.2582965054123,677.6435574599856,670.56290,6705629000
1329.1712532635938,648.5083579025892,670.79700,6707970000
1291.8064669755208,644.4370736743982,671.03150,6710315000
1178.1168892588007,690.809283680134,671.25610,6712561000
1044.363333745081,727.0241904919073,671.48330,6714833000
1025.865354937594,727.3949434947208,671.70510,6717051000
1065.4395661534693,747.8463129306863,671.92610,6719261000
1108.7839982502826,732.1698459067136,672.14740,6721474000
1105.0991613827218,682.9899409084587,672.36580,6723658000
1073.3231772160777,651.0715808819701,672.58570,6725857000
1273.6368096102656,542.1357896380796,672.80000,6728000000
1394.5506999370284,428.1876961078519,673.01560,6730156000
1520.606464094407,362.5010250438706,673.22970,6732297000
1621.3812990340184,297.26956053948726,673.45420,6734542000
1729.01760800566,259.3725741865026,673.66980,6736698000
1772.2971989206435,232.83841007151474,673.88700,6738870000
1587.5691953374617,356.1490318850538,674.10900,6741090000
1451.7692844513924,446.3846270405829,674.32530,6743253000
1357.8283768399676,475.37197852707163,674.54150,6745415000
1231.2720710375213,531.6370251289399,674.75810,6747581000
1111.5753319467888,570.5619816071641,674.97270,6749727000
1138.602619093349,533.4154104072949,675.19590,6751959000
1151.056689526808,530.0885365905832,675.40940,6754094000
1085.5350743916492,544.3801127007779,675.62280,6756228000
926.2586675227355,578.2965468591767,675.84110,6758411000
885.0275068422582,625.8867446989767,676.05160,6760516000
938.4414656140092,678.1150987868195,676.27750,6762775000
1129.9780979081447,554.1350159005976,676.50920,6765092000
1340.6018213498623,486.01233696779565,676.72310,6767231000
1461.030952057481,413.9362298624552,676.94330,6769433000
1556.1835095649808,351.4355167324185,677.16920,6771692000
1716.5507861205162,392.86944767735764,677.38600,6773860000
1568.2337089442763,463.7103219947322,677.60270,6776027000
1431.5516965914553,518.1021929325109,677.81850,6778185000
1441.6594974167097,536.8921716464514,678.03670,6780367000
1402.8097320604481,513.983324129071,678.25110,6782511000
1250.8892252974633,600.9307424677855,678.47840,6784784000
1097.375792220062,671.5989229400064,678.71840,6787184000
1073.1085577463662,601.644825139825,678.94440,6789444000
1053.910443477796,629.7668236564508,679.16700,6791670000
955.5109985606678,671.1416669589385,679.38530,6793853000
968.2193917450109,677.9344731419784,679.61110,6796111000
939.5596899873314,736.503484024968,679.83770,6798377000
932.3370623595996,743.2059576411186,680.05640,6800564000
916.5126799404063,727.5975191721195,680.28150,6802815000
909.3928587615359,722.0724535425684,680.52170,6805217000
906.2768148726187,712.3686660779856,680.74580,6807458000
891.2821116076487,711.75034258726,680.97460,6809746000
846.4455108834065,694.3476003587936,681.19590,6811959000
889.7121390946764,682.4549487643512,681.43480,6814348000
944.154514286415,694.2390396407704,681.65370,6816537000
1016.3711671908106,656.7855907754081,681.87630,6818763000
1207.7478456716733,519.712331964708,682.10440,6821044000
1405.6944542838519,422.9521936016397,682.31990,6823199000
1525.2421147890475,306.97421051258596,682.54940,6825494000
1621.9818658731679,221.17444034862663,682.77340,6827734000
1727.9015519289103,236.73281428488184,682.98250,6829825000
1803.729706709812,210.33855435071365,683.22290,6832229000
1845.5734050684785,198.94351706675582,683.44120,6834412000
1865.1114753501113,195.83720626452273,683.66640,6836664000
1901.107420641179,167.62152112532567,683.88510,6838851000
1927.1246216245902,185.29512278037535,684.11980,6841198000
1574.273579198932,332.4909169607706,684.34160,6843416000
1245.151976934798,312.59209540157593,684.55980,6845598000
1010.1075986195494,294.0723279596882,684.78060,6847806000
800.5565477337575,249.363507832467,685.01180,6850118000
680.360541886461,260.9488778419451,685.23410,6852341000
659.4683886546269,262.9833719031321,685.45550,6854555000
658.9150374734276,321.184977061692,685.68690,6856869000
609.0616279264751,280.6833501295224,685.91100,6859110000
591.6514324946171,280.3090891705751,686.13150,6861315000
659.4437611621671,384.94891350359126,686.36380,6863638000
668.891551107939,375.98594095639373,686.58390,6865839000
655.540051741375,328.31942229310243,686.80630,6868063000
652.2429137686486,310.4330866765927,687.03790,6870379000
518.1170723437833,246.08823762237685,687.26120,6872612000
590.528314167868,255.91062947559442,687.50070,6875007000
581.9697938667698,244.52639587541168,687.71530,6877153000
528.77054401017,229.42308714338037,687.93780,6879378000
471.33570459926386,205.46349680061456,688.15870,6881587000
463.136366566791,200.00293393759907,688.38550,6883855000
463.77783212385214,187.7464943926135,688.61320,6886132000
557.361581751435,274.82510573303966,688.82900,6888290000
595.7051198931242,301.900982682689,689.04970,6890497000
622.2533621393101,270.2930960157243,689.27700,6892770000
609.7443345318346,275.8258150310485,689.50430,6895043000
660.6857901459028,253.3955195551864,689.71410,6897141000
602.5278564831319,242.98415505421582,689.93580,6899358000
553.6501457897608,219.65083524854364,690.14920,6901492000
641.2595439907237,305.3536072517214,690.36790,6903679000
733.4200632007435,388.2988469664677,690.59160,6905916000
739.884372788744,402.9629730386932,690.81260,6908126000
721.7730177966033,370.0904795137467,691.02460,6910246000
599.4952458005623,341.9032646263651,691.24600,6912460000
576.9253633648018,334.7966910209482,691.46010,6914601000
567.3172172177644,309.88977106454524,691.69410,6916941000
522.1180420852759,263.5109794617459,691.91210,6919121000
498.2079988039211,246.72554473512085,692.12750,6921275000
447.7054103847459,215.29422316140736,692.34860,6923486000
455.0865960380665,210.55850362231675,692.57350,6925735000
436.079053861524,221.82317879623278,692.80210,6928021000
451.7214380073306,212.26846320155593,693.02300,6930230000
493.702460949611,216.56126038246484,693.25660,6932566000
468.7820832213944,194.70069957179396,693.47650,6934765000
434.48416000667737,255.3475614350653,693.71880,6937188000
434.4376849413813,274.63661803707015,693.94520,6939452000
428.10385692078773,264.92273062023855,694.16570,6941657000
311.53932642003775,380.4890229304541,694.39570,6943957000
264.26713173221356,435.5486801507293,694.61170,6946117000
119.36953222879113,559.7438234010183,694.82970,6948297000
222.93514068571534,619.3564110844073,695.05820,6950582000
291.82176605511444,542.0372572382191,695.28790,6952879000
334.44770400303025,484.3420181876469,695.51550,6955155000
364.43694312308224,418.6671773220245,695.74190,6957419000
393.7910507009073,334.25550351321795,695.95650,6959565000
474.41301522024395,289.93540161687605,696.18660,6961866000
521.7467628605134,284.0108790861081,696.41460,6964146000
510.22395347900874,256.04078054868177,696.64290,6966429000
507.58717864864894,280.0662726852263,696.86430,6968643000
361.8037714182559,360.2796685317968,697.08420,6970842000
270.0319978772642,395.42722625047935,697.31010,6973101000
382.612728967371,491.7453112517171,697.52990,6975299000
409.3527673162651,456.30454035472695,697.75000,6977500000
426.5325604237293,417.544364647838,697.97010,6979701000
523.3032700401649,395.5011322715291,698.18970,6981897000
572.3233443240281,408.4271954132194,698.42140,6984214000
629.7066118877118,395.52329119577826,698.64700,6986470000
602.8658995754323,355.22007395341086,698.86510,6988651000
686.5360236792328,427.7227553735833,699.10120,6991012000
631.1001379586081,443.693921593252,699.32430,6993243000
552.1291568802623,400.07395880248146,699.53720,6995372000
560.3301776093248,395.92308720903424,699.77540,6997754000
647.6572016810121,373.31965982667725,700.00150,7000015000
611.0865365966827,351.84631165095936,700.22660,7002266000
617.4771990526859,301.603088105321,700.45020,7004502000
600.2945143522487,276.40117920132883,700.67610,7006761000
544.2553919840009,247.04932679454836,700.89690,7008969000
468.1703179279525,215.41709898781016,701.12090,7011209000
413.2257455667245,196.21998291022794,701.34350,7013435000
452.3072084862633,210.08290526569755,701.56030,7015603000
482.73023347807583,200.74611962159975,701.77690,7017769000
476.7578035973452,214.83260892561333,701.99990,7019999000
467.64703945883343,204.2514854838222,702.21370,7022137000
467.3829808432754,208.87372486027056,702.43930,7024393000
475.999773241798,344.4780377707284,702.66260,7026626000
441.5469765319639,394.10548321285626,702.89090,7028909000
452.42403781664234,384.7135050907279,703.10910,7031091000
425.15079103696354,386.3187745260445,703.33710,7033371000
396.53272793669913,356.14838891499556,703.56260,7035626000
349.3470857048363,362.27251310301233,703.79170,7037917000
369.1608187745899,362.5557348637548,704.01810,7040181000
356.49708371672386,369.3973798473361,704.24950,7042495000
390.97922677149734,334.0235683808031,704.47860,7044786000
291.51157890146135,411.9261065110936,704.70320,7047032000
195.95892767438932,464.32986503556845,704.92350,7049235000
163.70481364594286,537.1776467979527,705.15140,7051514000
172.9452472495684,583.2634815871717,705.38410,7053841000
197.07253888325727,649.1111764365257,705.60730,7056073000
214.33188556549618,702.6274189819146,705.83890,7058389000
396.87948220515455,759.9559614099428,706.06110,7060611000
480.6530216726499,757.3905533498955,706.29330,7062933000
491.560980447146,677.9255234023583,706.52950,7065295000
455.1072625434713,652.119307856548,706.76550,7067655000
356.1637557050285,651.6001971448034,706.98700,7069870000
365.0533278254637,634.3005787732048,707.20820,7072082000
411.53866313116134,540.3673777407556,707.44060,7074406000
386.6830889765008,484.58866235925257,707.66790,7076679000
420.5261784466033,402.7175274993991,707.90680,7079068000
475.4921466803354,369.58043651452533,708.14370,7081437000
487.94169775966304,328.4541152324339,708.44160,7084416000
594.0375312022363,379.8362244642559,708.67540,7086754000
751.2407678780788,392.56661678793154,708.89610,7088961000
674.9924543693894,372.6353247148843,709.11720,7091172000
654.8583881655317,345.6264032400645,709.35320,7093532000
627.9870019248473,315.5978344999376,709.57670,7095767000
642.2796557358924,288.9801545896374,709.80470,7098047000
595.2802734269011,340.35338925376476,710.02950,7100295000
727.2784847424726,422.57351128766584,710.30290,7103029000
724.0486591393092,462.8154730342899,710.51830,7105183000
774.3582102160714,486.7721754508529,710.74500,7107450000
924.5580682276134,447.34714221664683,710.96950,7109695000
1020.1809738135718,425.5267925413604,711.19780,7111978000
898.4688245684904,404.1081282826431,711.41370,7114137000
859.9184988009141,399.966976471039,711.64440,7116444000
799.7247709094542,375.2908801514737,711.87290,7118729000
719.5951747060832,381.8635653752498,712.09990,7120999000
646.3098676950291,293.66495922384183,712.31390,7123139000
645.4385421992118,276.22682647173053,712.53850,7125385000
614.8289199474383,289.2150103033646,712.75480,7127548000
625.9059008514988,290.64818378860144,712.97660,7129766000
536.3109874303406,263.4290824963911,713.19570,7131957000
468.9999321455196,258.72811727454814,713.41050,7134105000
510.1197623357895,362.70252661238516,713.63180,7136318000
458.3018885579761,357.65133614195366,713.84610,7138461000
401.88975058310876,384.63799117972144,714.08220,7140822000
350.2156433654479,358.16955339038424,714.30420,7143042000
386.32569324204525,341.6219815404901,714.52320,7145232000
433.04114054675944,367.3242810358685,714.75130,7147513000
583.9128853841991,545.7320373107783,714.97720,7149772000
576.3875900967676,491.5403110173223,715.20590,7152059000
624.8682278373725,487.9196274103987,715.43880,7154388000
638.3289821566675,463.54363829632814,715.69950,7156995000
664.2825362744653,438.10483541605186,715.91450,7159145000
580.4936626265554,369.75259656946446,716.14420,7161442000
615.4918035717417,393.2142155019617,716.37850,7163785000
633.0362555277388,354.60263904962574,716.60430,7166043000
670.509708692532,359.53640679496186,716.83210,7168321000
708.2496142543631,347.3897350543741,717.06710,7170671000
759.3307195779681,447.6977012113949,717.29270,7172927000
677.9020657972028,521.2104060135559,717.52610,7175261000
656.5075289627265,486.37246881250945,717.75590,7177559000
642.6134355166275,408.32757546699884,718.00460,7180046000
656.2368108841628,349.686498617444,718.22610,7182261000
611.5993452451551,321.08183036390744,718.45360,7184536000
587.0783839582459,307.9640931954932,718.69460,7186946000
568.9257162851135,306.99727749759666,718.91700,7189170000
582.6837521162494,293.31545304647807,719.13930,7191393000
541.0301720270785,294.25809287238593,719.36410,7193641000
552.1160442529731,290.3905117704324,719.60750,7196075000
528.0227609379409,290.58863836389673,719.86660,7198666000
476.520301253553,290.9964988104124,720.10510,7201051000
546.9847809354932,342.98424724396085,720.36220,7203622000
631.2657007987458,367.49087423813427,720.59510,7205951000
561.1891254987756,378.3770298145291,720.84620,7208462000
507.5950804340618,389.3490844615137,721.07650,7210765000
503.1265683002063,404.7557469127165,721.30060,7213006000
565.8883134891099,411.55506803655146,721.53070,7215307000
634.1451286595092,550.9216926337276,721.75050,7217505000
644.3484144860429,544.9449052310123,721.96920,7219692000
701.1751886596677,482.29068983074615,722.19530,7221953000
709.1977640327439,388.52126908772055,722.41220,7224122000
813.9429226099501,443.0127940495569,722.65050,7226505000
763.4366958559257,503.58936702728647,722.86860,7228686000
672.6417312356871,523.8249551406901,723.09130,7230913000
548.4400511367663,564.2851437058401,723.31890,7233189000
629.832039403641,550.3472544520125,723.55100,7235510000
683.7119796199713,535.2471581428072,723.79340,7237934000
731.3735752979587,556.5927649377215,724.03000,7240300000
756.5661069220326,518.3085904575995,724.27340,7242734000
729.2365919208818,511.03678303481354,724.49800,7244980000
685.0457087716708,528.072758756514,724.72140,7247214000
555.5120426423157,551.2896478988011,724.94210,7249421000
422.1006778416589,546.2578518881021,725.16080,7251608000
351.44793258422965,571.32343545853,725.37770,7253777000
347.06407940470734,530.5692524275676,725.60090,7256009000
324.4708008171661,478.016980629235,725.82160,7258216000
330.5176613080529,460.75464539009363,726.04220,7260422000
356.2300658449643,439.3202458691682,726.25920,7262592000
526.4861726624315,400.3726437315374,726.49010,7264901000
537.6095105604016,382.3443654404775,726.72390,7267239000
523.3046509682327,343.31638403375325,726.94660,7269466000
504.09617406692234,304.8081095067039,727.16530,7271653000
536.3414978335529,302.73442905637876,727.38830,7273883000
565.374377630199,294.0113208922731,727.61470,7276147000
577.029131752124,361.7418775054745,727.83630,7278363000
558.3492623036418,441.42070373089575,728.06250,7280625000
541.0725464817702,473.01980999341134,728.29290,7282929000
502.968365937885,464.67743818425595,728.52160,7285216000
499.11003040446604,490.558340104661,728.74660,7287466000
424.5441138283851,547.7036766822748,728.96790,7289679000
406.0789851716891,632.1821574532034,729.19370,7291937000
719.4273681157528,541.7779933881278,729.42020,7294202000
925.4581077266167,470.6653491155132,729.64730,7296473000
861.960860495088,541.4959663617539,729.86490,7298649000
748.6054177621108,587.0147227639233,730.08920,7300892000
662.754501174763,662.3902675249487,730.30910,7303091000
553.7061549074051,703.1161944187306,730.53000,7305300000
653.6182142490792,764.6559492539617,730.76120,7307612000
644.6275274404956,799.8932215873983,730.98230,7309823000
569.9169268844822,792.2840929146545,731.20150,7312015000
480.1091976896746,805.7716715523203,731.41920,7314192000
460.1486324579152,744.1687563919735,731.64490,7316449000
417.67908650799154,673.1257043866649,731.87540,7318754000
471.7172968249793,607.28897838599,732.10570,7321057000
407.3958693364053,512.46151822194,732.34290,7323429000
398.6796803050206,447.2144023325852,732.57500,7325750000
485.7326866060046,411.93426715243976,732.79880,7327988000
604.0005146954198,368.5454899711618,733.02240,7330224000
687.3334031901696,339.29154349440205,733.23820,7332382000
767.4447521091782,355.505789500107,733.46000,7334600000
926.3728066048627,384.14028557748577,733.69980,7336998000
955.6076302840538,356.8203351661979,733.93110,7339311000
869.598741667519,312.96038649804535,734.15600,7341560000
845.1540311091298,265.6883055470719,734.38240,7343824000
705.9964150353436,231.12768869433341,734.60300,7346030000
687.1971642717654,209.36731696088276,734.82000,7348200000
643.6013999264791,334.4688905858695,735.04880,7350488000
585.9909972843009,347.71891266665017,735.27800,7352780000
482.29733359421675,349.691077922471,735.50200,7355020000
330.78766604398436,465.06566642735737,735.73480,7357348000
390.2837064577738,578.1195521169267,735.96780,7359678000
462.1074442709766,651.905455034783,736.19140,7361914000
481.8432441958388,706.6503897025226,736.42100,7364210000
493.9985728944548,743.185763787256,736.64510,7366451000
540.9610864643699,808.712777511118,736.86660,7368666000
698.2452368518,801.8513430336892,737.09810,7370981000
860.9634123679928,801.3313957418824,737.31520,7373152000
707.1225296281381,820.9310068748101,737.53790,7375379000
538.8526839243686,851.4489308610033,737.75610,7377561000
451.1953221944885,848.5106878790737,737.97260,7379726000
357.69518978882104,851.1294743456414,738.21950,7382195000
320.95462613661255,856.6598036300611,738.43490,7384349000
374.20578688577183,860.5826781043274,738.65320,7386532000
426.7826781215642,877.5343630279934,738.87530,7388753000
478.60184532832136,844.5670283481217,739.09390,7390939000
393.2086640876367,855.0024959650474,739.31690,7393169000
287.7466197749235,828.8407205814094,739.54130,7395413000
361.9022141802367,850.062658688536,739.76330,7397633000
370.97157986479095,888.0844637046941,740.00410,7400041000
366.9600514591997,906.0691928072114,740.23010,7402301000
395.17689023188126,930.3044637408203,740.45860,7404586000
594.3936691972052,941.680393206482,740.68420,7406842000
807.4920904169361,948.7276361909525,740.90980,7409098000
1016.6711538273606,853.2086863032459,741.12220,7411222000
1182.217412774987,821.8915445151019,741.36280,7413628000
1281.9053793331323,803.5356255528319,741.59260,7415926000
1381.4641559246686,738.3001374471067,741.81180,7418118000
1442.8361731168222,721.0693427762104,742.03420,7420342000
1433.429451520806,718.6321528815301,742.25860,7422586000
1393.9880835019162,701.2777029053683,742.48210,7424821000
1338.2762607421273,688.7796519725812,742.71590,7427159000
1311.7509234699867,674.9453013500482,742.94620,7429462000
1247.5616321538057,632.4383867559351,743.17720,7431772000
1209.2767891573758,547.7360416696955,743.40720,7434072000
1251.6627291280627,486.7795502038322,743.63280,7436328000
1301.7709812000116,413.0929898145435,743.86530,7438653000
1343.9820522816922,318.65474390719316,744.09460,7440946000
1460.5070684440298,250.43371510405262,744.31380,7443138000
1525.1657595962574,178.72525137900868,744.53800,7445380000
1428.713657265431,219.28883265718264,744.76400,7447640000
1258.9498886927986,220.32542144531422,744.99320,7449932000
1147.4873299104947,232.21842878497438,745.22220,7452222000
1078.5881600134612,260.4977091457293,745.45210,7454521000
985.5791016260401,246.4475619796439,745.68370,7456837000
909.7321101386158,256.4634145577078,745.90830,7459083000
867.580973795632,291.83452716250633,746.13330,7461333000
906.2323554127713,303.2710940234219,746.37130,7463713000
1040.466855427196,299.2903720925198,746.59780,7465978000
1220.2465648072027,299.17935976129195,746.82040,7468204000
1386.976076564866,465.1594722114954,747.04270,7470427000
1459.356307119459,427.3143180614174,747.26730,7472673000
1457.9648819421036,336.0912171430161,747.49390,7474939000
1505.1235556829388,277.9863064453778,747.71500,7477150000
1515.3398589475316,265.5088136693694,747.93860,7479386000
1584.067156989347,253.76277379501707,748.16400,7481640000
1616.1639186942587,229.05580508334634,748.41880,7484188000
1278.9492719423429,207.47494315381905,748.69320,7486932000
1060.8465290625547,218.09325311275168,748.91590,7489159000
866.8920135599479,215.918139223582,749.15620,7491562000
900.7521222368372,363.4039261841499,749.37370,7493737000
861.9556598752772,505.27216416485794,749.61330,7496133000
860.4067114451517,584.2227680164071,749.84300,7498430000
891.8327913460706,610.6707074705419,750.06630,7500663000
730.3282209967139,640.1402063061778,750.29300,7502930000
673.6413676087651,720.0505483369084,750.52620,7505262000
605.1172993785572,734.6352865676961,750.76080,7507608000
550.4237424049802,642.7112880766432,750.98540,7509854000
445.46097404747826,585.0573838863037,751.20690,7512069000
414.74810456908244,524.9916418835535,751.43130,7514313000
410.04553680758966,444.02543695490095,751.65620,7516562000
469.83503231454335,406.89744725528965,751.90750,7519075000
427.558375108491,351.04345191809847,752.14120,7521412000
552.1078224884675,369.1649730764358,752.37150,7523715000
777.7952615176425,451.07505323920077,752.58780,7525878000
738.1433699632987,506.67612109548924,752.81660,7528166000
845.822136511127,548.963446152206,753.06290,7530629000
769.9573704189337,653.80670389639,753.27800,7532780000
674.1743032146834,740.5543749936536,753.50330,7535033000
572.4019436211614,773.9659505013286,753.72390,7537239000
664.2061175111403,769.6461059754381,753.96540,7539654000
782.9963652055367,740.8717710329036,754.19350,7541935000
868.4282921563441,741.1780332740627,754.41390,7544139000
878.9752156348048,713.5284277683779,754.63420,7546342000
813.710353843659,638.6344222615512,754.85920,7548592000
721.7089535230687,615.6812670699525,755.08050,7550805000
671.5783748902307,517.1463476865426,755.32160,7553216000
723.9555658151746,468.2970764134913,755.55130,7555513000
666.3780572131149,396.255443982339,755.78670,7557867000
581.2527241585826,312.05920674285176,756.02850,7560285000
560.8092422636586,239.01884823780574,756.24390,7562439000
613.891698813698,334.70088035265167,756.46950,7564695000
611.942047747755,358.71648730159603,756.71240,7567124000
544.152834682135,378.32658990083996,756.92990,7569299000
572.5817724980749,326.6515347091821,757.16060,7571606000
586.4378604787032,328.93451219385565,757.38540,7573854000
574.560404354667,308.6839313972248,757.61410,7576141000
435.69955456500537,380.1875010930448,757.87370,7578737000
428.45497767531833,482.1604722310982,758.10610,7581061000
468.8337861901115,614.5910055105053,758.34160,7583416000
488.36819278367,634.0104219713708,758.57350,7585735000
498.5062411894806,611.1031621475693,758.80960,7588096000
645.8584076446369,603.2003027524486,759.04070,7590407000
614.0300053466269,614.1816358263445,759.25160,7592516000
548.7210157808447,630.7286920675474,759.47430,7594743000
454.72667405190714,611.2867977036178,759.69620,7596962000
457.74488484759456,552.8748884979314,759.92540,7599254000
492.7058187372918,539.9380980922631,760.14780,7601478000
514.194821076171,501.9257728605397,760.37820,7603782000
531.7949898575473,437.8523680115367,760.60640,7606064000
572.0627894374128,370.8255164033812,760.85020,7608502000
628.3953585826504,355.12215336095346,761.07940,7610794000
740.6474442716319,390.72144862799644,761.29450,7612945000
645.7285331003379,408.03286590700884,761.52650,7615265000
597.3466971007335,356.7347923943409,761.74980,7617498000
599.2665776097534,295.5347241359468,761.97700,7619770000
694.4111133928758,282.38360684351187,762.19980,7621998000
686.3754240237665,262.6972347519447,762.43210,7624321000
668.0887010580436,263.4743407592241,762.65570,7626557000
644.6329605872824,219.59785091807976,762.88300,7628830000
744.2371978685281,303.8574336094026,763.11360,7631136000
726.7712575047019,433.62814922300623,763.33060,7633306000
608.1503985334434,482.781999317427,763.56840,7635684000
679.208038358903,522.6226924283146,763.78930,7637893000
722.1374991890882,510.784213508027,764.07160,7640716000
660.2600653474226,439.2405855722717,764.29340,7642934000
639.7609950083144,392.9134693637256,764.51020,7645102000
735.2211861238911,352.00035348097884,764.73560,7647356000
783.8079311343854,320.4731345123842,764.97250,7649725000
840.0743837459937,324.2568653851974,765.19600,7651960000
881.0379575973955,399.2676594226976,765.42340,7654234000
906.233457739124,478.01901897285677,765.64930,7656493000
951.7435678660906,507.47467020691937,765.87280,7658728000
950.1452205753399,571.212289502145,766.09190,7660919000
957.8917643336817,681.3724431801651,766.31820,7663182000
783.2945504425886,733.3592812668726,766.54960,7665496000
665.1809901275619,735.4794429575296,766.76780,7667678000
511.24828881633243,703.5904790486837,766.98630,7669863000
400.44144901212246,708.0648508017542,767.20350,7672035000
343.66085654176567,697.9711576011535,767.42170,7674217000
245.46779447132795,722.9288253405184,767.64300,7676430000
311.5467546268511,764.3330856142707,767.85590,7678559000
487.11977999538914,808.3134002456989,768.07840,7680784000
673.5248505913489,817.9591773094427,768.29620,7682962000
822.5304790250727,850.8986984008321,768.50940,7685094000
936.4341807418825,855.4719715258431,768.73160,7687316000
1033.7652150145316,856.9511230914368,768.94720,7689472000
1072.83343499593,862.146684693415,769.15860,7691586000
1080.4368428754499,875.8040572245783,769.38810,7693881000
1001.9424053572009,897.6566840632158,769.61050,7696105000
843.4755197581702,812.142228491178,769.83690,7698369000
763.1182262485037,775.2777637768833,770.05100,7700510000
687.1614276351669,749.3061934827155,770.27310,7702731000
575.4851217132116,631.6883305895285,770.49860,7704986000
548.3829998652994,548.2838052026955,770.72470,7707247000
569.8382061085757,434.3159527630616,770.94670,7709467000
506.80611936873754,315.25631251862336,771.16390,7711639000
479.63313744519576,261.28144713775544,771.37730,7713773000
407.1538055922549,266.49436709135523,771.59890,7715989000
376.70441683049336,246.33579901824226,771.81450,7718145000
342.64840874603493,267.6913397372871,772.03200,7720320000
301.2290932372941,272.3225707217907,772.24990,7722499000
394.3271626881543,375.4998156903816,772.46640,7724664000
395.63142828269093,443.7692321630094,772.68940,7726894000
364.082344631876,512.345277425442,772.92080,7729208000
478.0836718417127,534.3558340433603,773.13470,7731347000
687.3177541402275,624.8261483178812,773.35060,7733506000
772.9777159871505,629.1388919477444,773.57820,7735782000
879.9162405913426,592.4332269640697,773.79780,7737978000
811.965447309582,504.48147260694736,774.03180,7740318000
740.8144368511398,476.3128607823776,774.24900,7742490000
690.1712152445459,537.3311975841631,774.46710,7744671000
707.9410099620064,599.7629519007804,774.69430,7746943000
751.7867710301672,598.1469035994083,774.91700,7749170000
695.3982812232313,512.5778392101674,775.14650,7751465000
722.2894731935542,492.25523938850495,775.38390,7753839000
704.1792502610302,523.274663954752,775.61320,7756132000
709.9729087286876,546.1384669976724,775.84470,7758447000
667.679684554361,603.0553978115227,776.06830,7760683000
581.8497882221357,635.3941337221863,776.29330,7762933000
584.6324707522373,689.3743455548656,776.51860,7765186000
556.308266790176,645.9722333430287,776.73530,7767353000
543.6264140967395,626.4262010883418,776.97020,7769702000
543.4546764187729,529.0453219778854,777.18720,7771872000
616.1640591234208,545.5563946799161,777.42840,7774284000
538.0562990451245,531.8669818312959,777.66330,7776633000
486.81036018546183,595.1844708029174,777.89150,7778915000
441.9281663451011,607.37048514301,778.12450,7781245000
467.2496333950981,623.0615937094906,778.35650,7783565000
411.11683634086063,537.1616069772614,778.59230,7785923000
492.75626603651364,594.5181890397706,778.82150,7788215000
502.72472404850754,520.2987708689304,779.05020,7790502000
497.40435783895384,467.40097210403746,779.28100,7792810000
479.8745974760054,450.1532430923997,779.51870,7795187000
395.2097891912913,478.08442149008715,779.74530,7797453000
364.42507141843566,474.04135969719545,779.97910,7799791000
458.25288254581426,455.1605670535831,780.20270,7802027000
463.51024052055357,402.6387661313436,780.42200,7804220000
497.29495441480947,377.965941193647,780.64270,7806427000
585.0377693625721,414.06471429162247,780.86750,7808675000
640.5853409869906,492.5393027791924,781.09780,7810978000
667.8719771239271,467.67115613644165,781.32630,7813263000
674.142329951126,420.4652083944702,781.58120,7815812000
665.8710172896604,391.91987610669156,781.81830,7818183000
572.50551914855,449.64562710304165,782.04750,7820475000
472.2034999642031,478.9881683943505,782.27040,7822704000
436.4348298456736,551.8765938450606,782.49550,7824955000
565.8342165898847,574.1229640002722,782.72190,7827219000
521.3875777083776,659.4628069621862,782.97420,7829742000
467.2030028728604,739.4167896602286,783.21110,7832111000
470.467210898411,767.5490055454799,783.43640,7834364000
459.8268541532885,729.7812055649233,783.66790,7836679000
449.9479711400032,621.7041240121005,783.90780,7839078000
544.9124926151205,572.0559536926448,784.14050,7841405000
688.7071010719998,565.9140610938732,784.39010,7843901000
657.3682843243076,499.49672717770926,784.62180,7846218000
640.5021781599625,466.657888150518,784.85390,7848539000
646.353531800446,440.1047454199634,785.07580,7850758000
733.6192203014859,449.04173602510076,785.29900,7852990000
865.3509631418468,511.07471038681877,785.52730,7855273000
839.9297653493104,525.1239619358978,785.75430,7857543000
807.5907976152241,481.64590092344366,785.97500,7859750000
834.8598316860491,411.74844254394435,786.19490,7861949000
771.2127803260478,423.76639193006787,786.41720,7864172000
695.8591273325563,366.72306083751334,786.64820,7866482000
624.5585860682172,391.3000800479726,786.87640,7868764000
531.6906523557334,311.44914336682825,787.10000,7871000000
521.8678172897668,284.73161126134045,787.32720,7873272000
529.268842804911,313.22292282103103,787.55770,7875577000
670.6434815481782,295.54142690711046,787.78040,7877804000
805.7695940963579,347.39827549373234,788.00530,7880053000
741.0236355236398,381.4592909101639,788.24240,7882424000
710.1530821552265,319.42209946059745,788.46230,7884623000
842.2928825119004,331.53766126025465,788.68730,7886873000
935.4823531495085,301.486166075573,788.91630,7889163000
1081.8720046654119,282.86704753540346,789.13260,7891326000
1231.7505223013818,217.8443702814748,789.34720,7893472000
1308.373215396648,163.52040172151285,789.57030,7895703000
1400.8859137774725,188.5659196819139,789.79440,7897944000
1492.339471153236,171.7532622795035,790.01100,7900110000
1406.5977067577169,202.27383973081675,790.22580,7902258000
1302.588709208617,230.6298303510342,790.45400,7904540000
1324.7443661791128,247.1827641986875,790.67660,7906766000
1412.5313427613373,213.53717479570324,790.89640,7908964000
1281.1175433687145,254.12576104430104,791.12060,7911206000
1151.5547887246164,262.3203875190117,791.35120,7913512000
1148.61929697603,285.1155442783808,791.57470,7915747000
942.9307598217285,273.0933066303142,791.79050,7917905000
780.6778734149411,273.5261167233226,792.00740,7920074000
694.7851025673915,300.2830961337162,792.24720,7922472000
669.6030120900955,329.0419755617905,792.46260,7924626000
637.3519342224523,319.8312266932811,792.68950,7926895000
536.9594469667007,440.23016983144885,792.92580,7929258000
471.9280358192676,469.0707218880212,793.15650,7931565000
454.51050014078044,488.2977365552324,793.38190,7933819000
534.9697934978044,472.04941789809254,793.60790,7936079000
412.614300581666,518.649273500785,793.82850,7938285000
466.02287930568264,463.10229008556314,794.04800,7940480000
426.1506038268048,424.925649154383,794.28240,7942824000
403.9495772695904,421.93603139517376,794.50150,7945015000
432.2363674872473,420.1045514894412,794.71970,7947197000
442.0110092565559,413.8629590890402,794.94090,7949409000
423.7819219142368,480.88668436875037,795.15610,7951561000
406.3273487920003,586.5051909663149,795.37360,7953736000
347.4039024975866,584.8262360979434,795.59630,7955963000
588.7582747431194,658.8773109927464,795.82310,7958231000
853.3937173945137,646.9988831204712,796.04720,7960472000
921.5923087878125,618.4914397999482,796.26590,7962659000
1137.9072266072842,566.8544694873715,796.48950,7964895000
1006.4257719704716,555.5731421653417,796.71200,7967120000
936.453497593063,560.0949062361983,796.93270,7969327000
1073.6317947951238,528.0724452286729,797.16790,7971679000
1211.9768446985665,513.630502093045,797.42240,7974224000
1374.8924712929345,478.6035832879341,797.70640,7977064000
1276.0460336048893,517.0989058430491,797.93690,7979369000
1184.3144846063053,526.2236333240452,798.17450,7981745000
1144.7750542609244,568.4661113694124,798.41000,7984100000
1077.1393810933728,592.874168268777,798.64800,7986480000
1053.5051390233252,669.1914618264871,798.86770,7988677000
946.496192630418,718.1388226502644,799.11260,7991126000
767.5256880431671,743.4658269714266,799.34920,7993492000
606.9370361207948,746.6402009673384,799.58690,7995869000
534.8808635154384,709.494498759681,799.81380,7998138000
445.8961900604061,631.6209461714783,800.03540,8000354000
507.89784127076314,489.2233730850114,800.28150,8002815000
579.9041906434309,437.709267954793,800.51900,8005190000
671.0906240535411,365.0718214748482,800.74400,8007440000
674.5150327139138,362.90252767637116,800.96120,8009612000
731.6593046014709,355.1879725728851,801.17930,8011793000
998.3467546518931,331.22630917989164,801.40510,8014051000
1169.6030591081883,211.42983326115757,801.62460,8016246000
1310.2175679572908,195.1729762248944,801.84660,8018466000
1444.0589753274169,271.14236543751684,802.08250,8020825000
1568.711892528677,271.4760499078045,802.32200,8023220000
1682.1784792674373,276.278533204202,802.54610,8025461000
1725.752340659186,241.36170862566323,802.78300,8027830000
1790.63462552486,226.76135227281102,803.02470,8030247000
1805.3675305771503,216.45164653736532,803.26550,8032655000
1470.5489802188747,217.6096487262639,803.50120,8035012000
1305.6027125820156,227.10805948484492,803.75310,8037531000
1132.5556311327323,234.781011899513,803.97260,8039726000
986.2127235525123,249.946892248655,804.20040,8042004000
901.8680173058656,279.0446878856378,804.41610,8044161000
725.7228321992537,346.30926806126024,804.64990,8046499000
637.1695157765854,391.5507654858448,804.86760,8048676000
721.3516669335343,359.9002722159921,805.08720,8050872000
878.4835987774488,352.87067618128714,805.32020,8053202000
1141.7063528345523,344.5542749881143,805.54190,8055419000
1129.8217150346818,326.25887343391526,805.76550,8057655000
1107.4628027645467,261.52395363151123,805.99610,8059961000
1079.630094560476,321.8003236722902,806.21850,8062185000
1027.8980199852472,362.7829337398497,806.43810,8064381000
900.4802994314934,404.7755454699402,806.65860,8066586000
824.3082934634112,386.5004308838014,806.88260,8068826000
810.7964305229908,428.6906493233921,807.12460,8071246000
625.8439935504474,529.3489645553452,807.35760,8073576000
538.788759747289,559.2605425945997,807.59020,8075902000
431.8673483885042,583.0381080095261,807.80720,8078072000
405.4899739235532,629.0241559418588,808.03440,8080344000
413.0870631129092,743.9329730755622,808.26420,8082642000
383.7437084245615,783.8822807925704,808.50100,8085010000
344.1173355102361,757.093569280689,808.72120,8087212000
307.1957343165847,788.5120650150309,808.94710,8089471000
330.56932659970346,792.8429096802819,809.16980,8091698000
333.348163101899,749.2864052318728,809.38840,8093884000
367.9963144346848,703.1720799640965,809.60610,8096061000
524.1262466187711,694.5592680435886,809.83410,8098341000
729.0697254411467,741.135457179876,810.05080,8100508000
927.271412760112,727.8474897490585,810.26560,8102656000
971.4091390872929,640.9783717083974,810.49470,8104947000
1138.0947331713203,708.1593503606261,810.71450,8107145000
1234.685629943996,711.5952213874076,810.95200,8109520000
1181.9330774330263,751.1941336090291,811.19360,8111936000
1180.3695433598602,806.893069236995,811.42350,8114235000
1151.5248118324575,816.5289771608608,811.64820,8116482000
1117.7855902564543,802.4542526751347,811.87070,8118707000
1100.059530489814,825.9208489937665,812.08840,8120884000
1035.6511176593226,852.4877107783856,812.33940,8123394000
931.7925347247054,868.9166131376167,812.57280,8125728000
762.0681233395046,823.6276549369261,812.80280,8128028000
597.386580664745,781.597400941886,813.03960,8130396000
546.7511131655316,627.6782318914517,813.27900,8132790000
499.48788554911715,549.8433457043386,813.51250,8135125000
451.1158951953607,512.5741413014184,813.74990,8137499000
392.8035788434634,503.36559102179314,814.01110,8140111000
405.54080559866117,428.319864337104,814.24900,8142490000
412.8329287676765,367.82985595591913,814.49250,8144925000
390.31043446342005,305.8266836805614,814.74790,8147479000
466.1779726743611,298.95376914391653,814.98380,8149838000
499.0558860590078,265.24792867485894,815.20800,8152080000
534.8949287234999,294.48349443275777,815.44220,8154422000
509.33516612005224,391.54810668294397,815.66780,8156678000
529.2284042613293,426.3229585019126,815.89640,8158964000
541.5647017024297,377.77737925332997,816.11400,8161140000
511.1837927415585,330.69498763457057,816.34430,8163443000
579.2984246164588,292.1904536384967,816.56360,8165636000
680.0983304767046,302.4533784337137,816.79900,8167990000
692.5565545422907,282.6005537382036,817.01600,8170160000
696.1094327027162,247.1328674856433,817.23210,8172321000
645.122756995846,276.22383844552195,817.46430,8174643000
570.5528303001812,356.61720723182447,817.70010,8177001000
559.2706445724922,402.87676756251506,817.91750,8179175000
509.99057267500336,500.23411763686823,818.14060,8181406000
432.4331720270613,619.8805775860656,818.37030,8183703000
366.1120895832105,688.9384626846689,818.58520,8185852000
366.18530601466466,769.1010633940726,818.80510,8188051000
386.2720686405981,716.0514709833334,819.06040,8190604000
508.98273111373976,666.1122960543738,819.30190,8193019000
531.2976608966139,598.8046827863411,819.53220,8195322000
599.6286080732698,515.5144725910901,819.75760,8197576000
645.5101134811558,392.899618533821,819.98770,8199877000
747.4178918442227,273.1931799230101,820.21250,8202125000
821.323369570753,407.60807943836187,820.43050,8204305000
692.5905084048792,486.1554569547992,820.65160,8206516000
589.0274749898758,548.3047842067433,820.89270,8208927000
532.7288244051637,589.4768643384515,821.11920,8211192000
448.18452277039876,608.1221808679518,821.37300,8213730000
570.5676018655153,591.6570196781906,821.61210,8216121000
785.8030415795669,513.6172978396903,821.84340,8218434000
947.1664676009775,445.8081304128812,822.06330,8220633000
1110.6328051338648,405.47372135048937,822.28420,8222842000
1220.2989578987188,356.8821380020576,822.50890,8225089000
1422.0943652519445,305.40651902278245,822.73910,8227391000
1494.7418205672252,270.0778348216931,822.97720,8229772000
1566.945868623503,202.13272548419906,823.21310,8232131000
1648.5536921486369,146.66201814841247,823.46910,8234691000
1711.771049765108,178.64281503699976,823.68830,8236883000
1781.7073175855069,137.45817086868377,823.90490,8239049000
1807.5043899700374,143.3598513954831,824.12310,8241231000
1528.7836370684047,156.03605248771964,824.34010,8243401000
1333.1701665123844,203.98361143276858,824.56460,8245646000
1446.3074526149,222.41390010724524,824.77910,8247791000
1517.4965988196943,243.68766065100863,824.99410,8249941000
1575.7561402288065,230.0275013202786,825.20660,8252066000
1640.5058600828727,206.91944945015138,825.41940,8254194000
1696.7089771985172,188.83284888059126,825.64340,8256434000
1745.4531696866495,191.857216717823,825.87450,8258745000
1812.2568897908523,215.13626137519228,826.09910,8260991000
1518.3059343983314,237.13744922800734,826.32060,8263206000
1320.2142584155097,278.76089292682326,826.54330,8265433000
1225.7538862096933,383.25665854997555,826.75790,8267579000
977.8493449460352,519.5925847633497,826.97950,8269795000
800.4062606331784,602.8460382887863,827.20310,8272031000
685.2095049558823,539.3348978163194,827.42310,8274231000
542.1715809842094,508.9366313867449,827.65480,8276548000
539.9485548267699,467.1963840513899,827.88110,8278811000
566.6170891620096,451.38244995698483,828.10090,8281009000
487.103556677574,361.56466320062924,828.32390,8283239000
412.7492020704948,323.9330044416166,828.53760,8285376000
437.93787794496006,294.09300731019954,828.77620,8287762000
379.4955288982213,317.7117927949326,828.99450,8289945000
326.5663039244128,411.41550635864974,829.21070,8292107000
282.78794934874725,507.5135156201734,829.43660,8294366000
374.1686374238583,456.81858756040225,829.64860,8296486000
465.8462256183927,459.36834384667577,829.86150,8298615000
488.0348249068048,446.61162886585106,830.09140,8300914000
549.5483458171122,473.5665962154907,830.31250,8303125000
616.1358516188,443.8179766391495,830.53180,8305318000
596.3411150673059,417.8439070682699,830.75040,8307504000
607.2379421874928,459.32508660291404,830.97400,8309740000
601.3143617165367,429.60202946082694,831.19720,8311972000
636.251943130286,418.1849517505741,831.42560,8314256000
600.9403020015176,386.2733155476784,831.66460,8316646000
537.0841542416857,487.35800956763603,831.91560,8319156000
568.8165595992492,567.7390500069063,832.14950,8321495000
618.294345719956,528.9803911515654,832.37990,8323799000
659.4314698203689,485.6344024150268,832.61450,8326145000
661.9999774938559,419.4998105076767,832.84680,8328468000
742.1688909175133,356.3829359833153,833.08280,8330828000
897.6200778383547,340.9747025512858,833.30830,8333083000
1138.9171070995174,321.78805365732944,833.53400,8335340000
1283.1455727244188,277.39831008374364,833.75890,8337589000
1325.7699056504582,266.86718951970335,833.99290,8339929000
1273.727495375543,262.03942179967726,834.21290,8342129000
1352.3165702966503,393.27774191131596,834.43440,8344344000
1135.8352976321244,519.2860836967817,834.65780,8346578000
938.5226964242282,588.8752464752824,834.87790,8348779000
740.9912843850086,633.0675750714399,835.09590,8350959000
574.1455690634921,611.4492526694186,835.32170,8353217000
535.6819902826628,539.4175711351137,835.55110,8355511000
634.1149124560617,464.7109069675521,835.77160,8357716000
821.8433797100737,383.8690230970259,835.98710,8359871000
1037.2988960309729,316.25665355805336,836.21060,8362106000
1187.2495491919938,247.86183319691187,836.43030,8364303000
1372.0847631776383,198.54196793493858,836.65920,8366592000
1477.0136797287366,176.15614748478086,836.88890,8368889000
1305.2343243837593,203.69560279353175,837.11540,8371154000
1141.0569939910304,224.5590966943024,837.34200,8373420000
1056.366546530334,278.7995995402092,837.56510,8375651000
954.9944727409232,334.2496885006467,837.78900,8377890000
1210.0387775159759,313.38208141569226,838.01830,8380183000
1360.0685907131335,294.92488183277715,838.24250,8382425000
1456.2037820332853,261.40343547364455,838.46890,8384689000
1393.6302678211757,243.66041412622513,838.68980,8386898000
1295.4433818203945,308.1653350919665,838.91640,8389164000
1410.4444479822391,311.3781250073881,839.13810,8391381000
1473.3217351166422,264.64938270989023,839.36000,8393600000
1519.9891431010503,275.1688681661567,839.59650,8395965000
1532.131842353379,261.11691539449725,839.81400,8398140000
1506.8461881119285,250.77846483506187,840.03110,8400311000
1423.438601323843,235.67598731244604,840.25200,8402520000
1535.7794103463648,251.95752186565528,840.47850,8404785000
1560.8782396054548,285.3998978754344,840.70270,8407027000
1423.3999729244565,361.5680168174028,840.94380,8409438000
1227.2478382839292,350.1610896770477,841.16780,8411678000
1002.5225214558039,336.8651332520649,841.38990,8413899000
885.3180826825302,309.298129715186,841.60830,8416083000
717.5418196029892,255.59407595132706,841.82650,8418265000
573.6991918401519,427.8368645946328,842.06260,8420626000
417.593388969867,491.5693114556172,842.30070,8423007000
278.51587432251716,542.4663448723296,842.53120,8425312000
203.92830763038145,639.8148570688605,842.76160,8427616000
154.9461856712542,729.9134956386382,842.98490,8429849000
264.5722951584951,815.0693436146363,843.20880,8432088000
263.6614749553282,848.0719575304935,843.43770,8434377000
232.5906601389999,879.8192125258781,843.66430,8436643000
189.4740828981048,881.2727632033907,843.89430,8438943000
188.85566547257304,886.8666266109637,844.13670,8441367000
264.2786300525565,913.5123938637149,844.35750,8443575000
441.46335896630666,815.4827540802496,844.57370,8445737000
562.3530332639534,836.1786604583752,844.80160,8448016000
585.1267480618181,821.058403406494,845.03740,8450374000
585.3669226113814,818.5637933017586,845.26140,8452614000
628.2322100276753,805.3273412815793,845.49310,8454931000
659.3047585011859,809.6133835293164,845.70900,8457090000
696.9761541335221,820.5258718910262,845.92000,8459200000
796.1362878753807,826.0944791935692,846.14970,8461497000
787.9525591593856,788.5477505366982,846.36720,8463672000
847.4660621334249,836.5827761435884,846.58040,8465804000
875.005278050667,839.0182675613585,846.79740,8467974000
878.0154784422432,835.3672007559468,847.01100,8470110000
932.0134052460787,808.5551354822958,847.23500,8472350000
906.3418377914466,834.4553424106596,847.45860,8474586000
880.050984357122,841.8349125705248,847.68950,8476895000
873.8555048862496,803.4541585899528,847.90590,8479059000
879.3136147251042,813.0060852544171,848.13900,8481390000
935.6289352896418,850.417312700671,848.35650,8483565000
858.1155701672859,844.8343678070831,848.58140,8485814000
828.0946471826227,820.6462562177894,848.80040,8488004000
905.5044001534839,804.9063354232279,849.01960,8490196000
932.4353223494628,807.8124908424936,849.24240,8492424000
836.0849549762486,755.6370366158749,849.45710,8494571000
753.2254382514118,620.6846626208192,849.68590,8496859000
777.9106421798947,649.152686243568,849.90400,8499040000
761.0964796716047,710.0457635474656,850.12060,8501206000
755.6986998337669,752.2583891445736,850.35250,8503525000
667.4810974219555,635.105746298417,850.57660,8505766000
691.4600530508965,531.867714286383,850.79280,8507928000
695.1515067087065,438.513368055551,851.00810,8510081000
631.3594025596614,365.9989687858717,851.21970,8512197000
570.3491602883902,318.54079981403765,851.43270,8514327000
631.4059071396288,295.02214646335335,851.65040,8516504000
637.7967868375749,283.77950122493894,851.87000,8518700000
656.964397314964,272.1312979714662,852.08710,8520871000
614.9547696050676,239.2002100795742,852.30120,8523012000
544.7883953900053,311.27472603776073,852.51870,8525187000
435.8628450054605,411.6183270938302,852.73970,8527397000
384.5007238587074,514.0528546294553,852.96570,8529657000
319.19245448088157,607.1095470552715,853.18530,8531853000
293.3687251364663,652.5159212949118,853.40910,8534091000
362.5851883883854,590.6768532091297,853.63030,8536303000
470.98986491736014,543.8912925851758,853.85190,8538519000
537.0794251100441,506.2262370312201,854.06310,8540631000
498.5109658846667,495.4410219736701,854.28500,8542850000
486.28625463476067,490.4597295604141,854.51270,8545127000
526.5582304078847,418.09664854625953,854.73390,8547339000
511.43863090153434,422.25329926470516,854.95860,8549586000
458.7407825148076,460.19193494215165,855.19520,8551952000
533.5731908978378,516.8771959484627,855.42100,8554210000
535.320653194083,590.5154179182304,855.64310,8556431000
657.301799457781,555.8530309331754,855.87360,8558736000
716.1528609284462,508.5960302311919,856.11080,8561108000
698.6897820970134,580.5272219369551,856.36540,8563654000
726.7210810553031,541.4155405072518,856.59770,8565977000
671.1927227755614,499.86904856736464,856.83140,8568314000
641.1001349980195,441.13621148907384,857.05660,8570566000
700.6915108603636,401.00927799025436,857.29050,8572905000
696.6642517018184,367.16669073436327,857.51910,8575191000
767.7026153797607,370.55360347693403,857.74910,8577491000
735.594899836944,388.6153481610389,857.97070,8579707000
680.2093042565773,338.42692833720554,858.20900,8582090000
692.8028679659933,374.91278435243316,858.42810,8584281000
549.441651209555,433.6690570575642,858.64940,8586494000
506.51893561276063,474.3437282986946,858.87370,8588737000
459.3296388274891,527.5631015920102,859.09090,8590909000
470.16266442596003,456.52256248029187,859.32520,8593252000
548.5322384333576,384.55728161502134,859.54450,8595445000
613.0172885410061,319.0134249704126,859.77370,8597737000
696.7380511981144,258.8652879003233,860.00390,8600039000
773.1138215896312,240.10876021644006,860.23750,8602375000
839.556351720444,253.84895842586886,860.46300,8604630000
1000.1910081772182,308.7280616654032,860.70090,8607009000
1127.1429177064751,314.9797608096643,860.93250,8609325000
1257.0473769146602,248.82595584995443,861.16940,8611694000
1349.1869721614214,179.52692118086503,861.39100,8613910000
1392.3861582901593,137.64310015060454,861.61950,8616195000
1446.7900560486423,128.11108023018198,861.84300,8618430000
1567.0209527661962,171.2723301941204,862.06930,8620693000
1349.8536598155442,322.0332340870142,862.28410,8622841000
1107.7714116105547,442.7465674926141,862.51340,8625134000
968.8254632326806,584.6110817533818,862.73390,8627339000
846.813322672994,707.8019368101973,862.96280,8629628000
733.5338770652861,698.0363602999702,863.18860,8631886000
631.6046907696473,639.6262495575734,863.41040,8634104000
630.281729841656,576.8559198118041,863.63850,8636385000
590.7132000358891,506.66909495446157,863.86170,8638617000
568.1338610491531,538.2899714228994,864.08240,8640824000
564.2340996625878,579.1493175227948,864.30340,8643034000
470.7936584166557,611.6860341697068,864.53800,8645380000
454.9431548995581,627.1685190841257,864.75860,8647586000
444.1931286918481,585.9454984464313,864.98120,8649812000
492.7243843804925,521.6515613649694,865.20470,8652047000
508.3983480746026,470.3805643570459,865.43420,8654342000
548.8526174408397,446.3086358893316,865.65420,8656542000
590.8397844233576,552.9487301419216,865.87730,8658773000
700.6522848371496,526.4746448621792,866.10460,8661046000
641.6356814712414,462.29230336686146,866.32910,8663291000
649.7317318397309,434.902892843303,866.55370,8665537000
674.7776413297287,431.24714669050377,866.77970,8667797000
790.059165456513,369.0307977757965,867.01560,8670156000
779.906782534057,320.49078840116465,867.25110,8672511000
731.7070188361157,259.8447694685504,867.47470,8674747000
656.9744342703749,394.87014334938607,867.70460,8677046000
581.2343052692763,474.65945209022914,867.92630,8679263000
532.2205761925298,534.8192126348372,868.14870,8681487000
511.5892598588559,492.07466774448307,868.37500,8683750000
530.5808828724572,435.8366630179285,868.59910,8685991000
502.9143084979667,385.3580346784865,868.82780,8688278000
548.5115665401657,357.3433677198033,869.07060,8690706000
468.1727379861433,419.12398722798076,869.31910,8693191000
377.87957501728613,495.5218952813665,869.54520,8695452000
362.2882894587561,512.6875065251176,869.77360,8697736000
435.2395798032086,511.42952540718335,870.02230,8700223000
460.7439749779202,471.6300875549236,870.25820,8702582000
473.5375021874533,436.9749472912457,870.49790,8704979000
439.299387978941,439.1997361058181,870.72520,8707252000
379.94034002863503,483.3446874886659,870.94480,8709448000
371.98717438120264,553.346019567212,871.16620,8711662000
522.9769696410913,601.3520780507758,871.39180,8713918000
595.3785630738885,642.9004242015,871.62220,8716222000
636.6455285732308,675.5122243194194,871.84040,8718404000
660.8669085323604,730.7766259031035,872.06500,8720650000
758.9613824084421,747.0290869826702,872.28870,8722887000
868.2742679889324,702.3756171064457,872.51230,8725123000
760.7722582028405,690.4399739854196,872.73900,8727390000
651.6913259189189,631.8924308214093,872.97340,8729734000
648.8178614353587,571.6251485388068,873.20710,8732071000
638.2177516647084,494.8626127545722,873.43900,8734390000
622.7147420507665,411.66315251780543,873.66140,8736614000
638.5883592358599,347.4490067841661,873.90270,8739027000
780.3292779336703,287.12194810815316,874.12380,8741238000
885.3316053727063,278.0805383113894,874.34820,8743482000
1035.752246398801,341.87630510691645,874.57970,8745797000
1263.4173956118864,429.15280884162394,874.80560,8748056000
1356.654853109066,429.53035717253306,875.03080,8750308000
1455.3947012062322,428.57441188797094,875.26530,8752653000
1521.9221249694817,353.9358432199394,875.51920,8755192000
1575.1579606939765,289.9247089591034,875.75830,8757583000
1627.8516822570296,288.26116265674096,875.99710,8759971000
1542.8855313087029,322.66384162549156,876.21810,8762181000
1533.1515184226732,317.52186344875594,876.43770,8764377000
1514.407226341745,284.94649643698403,876.65750,8766575000
1499.2080807048228,400.66248204911653,876.88120,8768812000
1270.00314257236,519.0357259391993,877.11550,8771155000
1024.2916318985424,579.1281980801125,877.35790,8773579000
934.7741557889119,611.0812580497226,877.58860,8775886000
839.3125181881371,653.829507172252,877.82250,8778225000
823.4949516555155,679.2725289638372,878.06770,8780677000
750.6935407778052,686.6410876869766,878.29050,8782905000
715.8355182812622,707.5386551869514,878.52460,8785246000
632.6688181635425,734.5728058455035,878.74480,8787448000
828.4104321110212,674.0158535602948,878.97560,8789756000
1023.3070855100992,528.5166759756373,879.21420,8792142000
1187.797265590273,426.3938685492677,879.43750,8794375000
1296.8937184929007,364.876778917863,879.65990,8796599000
1431.1854424319913,283.6744633212381,879.87880,8798788000
1538.8029011661183,237.66013962856002,880.10980,8801098000
1462.8726482097059,250.6868279562265,880.36100,8803610000
1548.6296165135495,254.88835004408136,880.58340,8805834000
1605.4424435449384,280.8022778010612,880.80630,8808063000
1597.973061186181,310.4392126746998,881.02600,8810260000
1404.1235018906177,343.93389435145855,881.24850,8812485000
1279.2451830259936,399.26810097892513,881.47060,8814706000
1126.455773314096,379.7656702563262,881.70780,8817078000
999.2908275572308,338.82502695211105,881.93680,8819368000
841.0575904343926,315.92962760662084,882.17600,8821760000
694.3742807289434,288.41071336886046,882.40290,8824029000
628.4718698010365,316.6730524175773,882.64170,8826417000
565.3638383350889,321.49634204316396,882.87990,8828799000
522.2394036371815,419.58365304281546,883.11470,8831147000
523.1141087606478,430.32885058406805,883.32860,8833286000
397.03571098224444,477.91223364113455,883.57340,8835734000
363.3859710282457,465.2263855136182,883.78900,8837890000
371.7650159803106,459.3274815921891,884.01520,8840152000
362.93434553602594,447.6640394441834,884.24230,8842423000
350.5616027791417,454.70804080624015,884.46390,8844639000
470.2752805261715,551.8256309026192,884.69400,8846940000
551.4739356450212,586.5276069708019,884.91310,8849131000
535.447565894866,564.5466369379309,885.13410,8851341000
586.3973603779857,485.76302649792507,885.36340,8853634000
545.0785535009809,426.7103633293591,885.58460,8855846000
560.7565536229127,377.9178959867946,885.81830,8858183000
560.7523751900513,369.2321323093136,886.05490,8860549000
643.4250310566485,378.32336934360853,886.27910,8862791000
643.5350785326881,461.849581134642,886.49590,8864959000
527.8334920795196,571.8946168255172,886.71050,8867105000
452.08870686443635,645.3233575130184,886.94190,8869419000
487.82882830701885,563.3485614632918,887.16980,8871698000
579.6973916062468,507.50120131470374,887.39690,8873969000
535.4130051059191,589.5836178520943,887.62370,8876237000
480.4431300153927,657.6257868697768,887.84760,8878476000
465.9076687779053,651.1238900671821,888.06430,8880643000
486.1117572231552,733.7054946438784,888.31550,8883155000
582.2439553476511,712.4274185917606,888.55480,8885548000
674.867487286849,749.3749552480631,888.77990,8887799000
603.3839776974792,835.0727938562428,889.00680,8890068000
598.2741027293556,828.1837708032899,889.23360,8892336000
583.9035305920537,821.3481105708101,889.46020,8894602000
564.495683933463,812.3401076808251,889.69010,8896901000
499.7945356413859,808.8505927131308,889.91860,8899186000
439.627384776701,819.2013365674942,890.14500,8901450000
416.85359955121623,869.924929547142,890.37000,8903700000
550.5074176932192,836.9848768362176,890.61250,8906125000
678.5038275601879,844.5688612438614,890.87110,8908711000
801.9923623305074,801.8927299363619,891.12170,8911217000
866.688584574632,667.6065462984425,891.34970,8913497000
882.3259521150046,556.5862113997991,891.56920,8915692000
981.180821298389,542.2498061560208,891.79110,8917911000
970.3755223940428,580.2643217115578,892.01500,8920150000
1004.8263664105322,515.1242231849764,892.25470,8922547000
890.8150481874266,465.5795690313364,892.51260,8925126000
744.107769469518,389.4994997429328,892.75100,8927510000
709.8483440624675,356.9493875849067,892.99830,8929983000
598.0347339057284,377.3661503009762,893.24140,8932414000
528.545116340876,480.1630424037961,893.49120,8934912000
512.9295819724132,520.3823643589244,893.72420,8937242000
488.06253854036544,530.8479071122493,893.94300,8939430000
476.9975728146434,566.2433712051078,894.17910,8941791000
490.8997370555096,622.3823314448462,894.39850,8943985000
530.1449618420311,705.2579006591907,894.62230,8946223000
442.61705380669434,755.0549727018274,894.85340,8948534000
357.26966589371415,768.7593300684842,895.07540,8950754000
362.99201891359274,776.4762903412222,895.30090,8953009000
326.7817979033453,832.7403625468245,895.53960,8955396000
330.9575606477456,814.1135664251133,895.77620,8957762000
319.89095819876195,770.785244849424,896.00550,8960055000
341.6404475197454,653.3361405670831,896.22360,8962236000
679.2360377654543,645.4009986201282,896.44840,8964484000
940.156658945575,585.3890574399024,896.67470,8966747000
1135.162450033391,526.6449812551054,896.90090,8969009000
1266.7037217384693,463.05236992146115,897.12870,8971287000
1324.6784113535384,348.16629222512285,897.34340,8973434000
1287.2320067654744,306.84193944465636,897.56520,8975652000
1171.946476589688,299.9345416757398,897.80600,8978060000
1036.6362533339648,327.5115558458422,898.04900,8980490000
868.883610612829,317.85912349986313,898.27080,8982708000
702.7479309852122,330.96181945950417,898.49940,8984994000
626.1620477560892,329.09461078524123,898.72200,8987220000
603.4509919952784,336.11827456967444,898.95820,8989582000
570.1841301958677,397.26733041053785,899.18800,8991880000
496.48326088193085,411.12448747903164,899.40970,8994097000
442.49909675953097,402.63949251789205,899.63820,8996382000
467.12857830304375,424.10934549678393,899.86120,8998612000
576.5656337828889,405.2477413557774,900.08530,9000853000
565.3357737700487,355.3942845112322,900.31000,9003100000
555.8816581400712,354.416927075919,900.53640,9005364000
695.0053263957537,409.95751928236274,900.75790,9007579000
672.4827399642929,454.0129086103257,900.98100,9009810000
575.9478534639599,452.7006272270493,901.20060,9012006000
635.3442221336192,466.8213455738924,901.41840,9014184000
642.4163342229103,475.1274198327159,901.63850,9016385000
591.0162917299385,434.667215674414,901.86160,9018616000
539.2715727875145,403.78966740568177,902.08290,9020829000
522.9438208078874,372.46213109622556,902.30370,9023037000
512.3670859396171,394.68315770461476,902.52440,9025244000
471.66145308343056,340.40115106906234,902.74870,9027487000
530.659297309284,372.89893747284566,902.97090,9029709000
495.595588052562,352.56551552049575,903.19820,9031982000
500.98333930058755,310.4001455108504,903.42160,9034216000
470.5872461969674,308.570276940001,903.66080,9036608000
454.7868712672443,306.0301909606734,903.88720,9038872000
386.08217287274374,294.3344962890426,904.11130,9041113000
423.75971100120887,297.22650809900387,904.33530,9043353000
505.4579059881598,285.075836482429,904.57120,9045712000
583.8086198168572,262.0169367276709,904.78910,9047891000
699.3465538560557,306.9670549703344,905.01640,9050164000
679.2761637643911,319.6801662140181,905.23320,9052332000
726.2024571539172,350.63440319492986,905.44920,9054492000
800.2945387823959,354.7029316307871,905.66400,9056640000
817.4897061188641,392.71047078690947,905.89360,9058936000
866.894960348763,364.0486211664377,906.11190,9061119000
749.7470373212635,356.14168993834363,906.33620,9063362000
702.1734528329011,353.44004852859035,906.56110,9065611000
768.6374318031943,443.56399035665515,906.79550,9067955000
752.6971494833483,450.4064691968658,907.01640,9070164000
647.5538429670946,416.88143951984387,907.24170,9072417000
582.992821982784,421.67389175616074,907.47570,9074757000
566.6131414181074,400.1627776997596,907.71210,9077121000
820.3466738506479,351.60875667985107,907.94600,9079460000
955.3112008709764,265.87878757301314,908.17900,9081790000
1096.7374445686403,204.36509278848462,908.40990,9084099000
1109.5960852126057,202.74291991004057,908.62800,9086280000
1035.0065483633807,296.74319478602325,908.84790,9088479000
1027.6125185120416,328.74098373334374,909.06890,9090689000
960.8719337348326,330.42677677030105,909.28440,9092844000
845.1076340962067,332.1778915299303,909.51300,9095130000
916.9194048568157,358.06592957810426,909.72920,9097292000
950.3682613606092,383.79672825527564,909.97880,9099788000
920.5357185726875,357.68775962766796,910.20580,9102058000
951.0437917932618,351.5527346413055,910.41820,9104182000
953.664458533782,383.39791979502115,910.64580,9106458000
965.6059852162624,375.4518147046904,910.87450,9108745000
1067.461285199136,385.51785098974995,911.09360,9110936000
1163.469120025,364.0274910596967,911.31270,9113127000
1127.0100952161658,429.9875146928068,911.52790,9115279000
1082.1571454551988,443.2760232204641,911.74820,9117482000
1004.9047824525328,473.76773408250773,911.96660,9119666000
1005.1512994022519,492.14692377419175,912.19060,9121906000
963.1257804195059,480.2746502348229,912.41040,9124104000
822.3226074109233,487.10886377510957,912.63640,9126364000
759.2041953627509,449.31441671512493,912.85960,9128596000
688.2194597870911,441.43629186433435,913.08260,9130826000
769.7554196117586,513.1934543790067,913.30100,9133010000
719.6000149456607,463.60065533826634,913.53020,9135302000
641.3079299917592,403.35675189753465,913.74910,9137491000
604.7693139209878,368.60153976189457,913.97460,9139746000
606.9817200207384,356.57794446344536,914.19600,9141960000
528.3428455061237,358.5915809208153,914.42040,9144204000
462.28879667763056,336.6967995781404,914.64620,9146462000
549.119314980166,363.61117877900756,914.86520,9148652000
521.4483844197207,451.07532339197843,915.11250,9151125000
512.3279158540912,428.66647333588827,915.33860,9153386000
493.176447084925,453.9267813200099,915.55670,9155567000
469.727178553538,520.7588251630251,915.78050,9157805000
394.18813766603233,604.7718308923003,915.99910,9159991000
497.68017091293734,652.913835640931,916.21390,9162139000
483.9291721319448,646.1216237848207,916.43330,9164333000
542.0591727614756,620.7930278026729,916.66350,9166635000
518.9974867474361,554.9386366191806,916.89600,9168960000
512.9261013469328,516.9791763451923,917.14690,9171469000
580.5882157132002,487.9033495629108,917.37100,9173710000
548.1887088221672,532.7866497272184,917.59570,9175957000
500.1931223622446,598.3345455168732,917.81180,9178118000
606.8562949090821,644.9884831838604,918.03560,9180356000
661.8319862771508,594.1469117821262,918.26110,9182611000
726.4462984012425,564.7793711846341,918.49330,9184933000
744.5932516095702,509.0053361999233,918.71780,9187178000
829.2285311492417,426.6776911221578,918.94220,9189422000
968.1396181864125,366.18449942808695,919.16830,9191683000
1128.602664181589,315.83266756313714,919.38410,9193841000
1318.6790541029025,282.65680091849197,919.61260,9196126000
1456.403016481357,242.78353136321488,919.82670,9198267000
1542.5484202738523,170.06740705403635,920.04490,9200449000
1390.7964656057231,153.35776030800946,920.26490,9202649000
1132.4564966877585,273.9471539440083,920.49390,9204939000
995.9653979358999,430.5484186364443,920.72140,9207214000
1079.0669126936152,443.97016053567796,920.94310,9209431000
1175.6556156261358,339.38689956229706,921.16660,9211666000
1306.6616075791312,292.06823581780725,921.38390,9213839000
1393.844876012604,253.82688234060942,921.60390,9216039000
1471.1245335906883,229.79847767709748,921.83010,9218301000
1536.4429730601773,210.73510487266444,922.06530,9220653000
1601.7068960775941,181.39651249385622,922.28760,9222876000
1479.730356038953,213.78010214183183,922.51980,9225198000
1337.8146156894263,231.5866297052323,922.74020,9227402000
1233.1867354923013,262.0529899856752,922.96990,9229699000
1084.8316234983242,336.03774433338117,923.19720,9231972000
966.2467875814846,387.50388772641566,923.42120,9234212000
902.9553975761581,437.9292601941561,923.65190,9236519000
849.8551336129804,442.54496416865277,923.87520,9238752000
789.7045323045885,500.03808280052414,924.09660,9240966000
642.9900423256302,565.3451916346291,924.32360,9243236000
548.7348517133576,613.6148624773534,924.54440,9245444000
588.6102285606183,660.3291698290345,924.76980,9247698000
520.7668027312593,774.2649750068128,924.98970,9249897000
514.4220184294202,803.0062315188968,925.21080,9252108000
456.68266888667534,854.3166854070935,925.43840,9254384000
399.9510241390132,865.9804917767528,925.65850,9256585000
433.21713285380577,896.9601977965928,925.89020,9258902000
376.9051025330396,888.9263589661537,926.12470,9261247000
335.66942354576264,858.6208530088591,926.35200,9263520000
408.84335737193663,734.8034236754562,926.57650,9265765000
347.38788982615574,710.5222876159079,926.79570,9267957000
632.5485816441226,727.2676558366694,927.02480,9270248000
923.0029872577464,765.6959129712449,927.25130,9272513000
945.4085244704029,747.100170002934,927.47230,9274723000
897.3530792497907,634.6187846505811,927.68990,9276899000
825.6222647157922,521.5163754583041,927.90910,9279091000
833.1142855271223,473.68355752637257,928.12960,9281296000
787.3275602031439,494.76573189426614,928.36940,9283694000
710.3624069464186,428.1618675049949,928.59670,9285967000
621.609444534507,459.89140796426676,928.82970,9288297000
518.806341025463,559.6933885587243,929.05110,9290511000
472.505659103228,589.6231816143394,929.28450,9292845000
395.87268617702586,597.6229842044897,929.51780,9295178000
442.92432432982025,678.5480477036572,929.75080,9297508000
590.3757738862263,680.5515897458744,929.98490,9299849000
668.8730196075062,694.754955234342,930.21880,9302188000
595.7878809275327,636.3133850485657,930.45640,9304564000
628.6031848276517,644.3389942662988,930.67760,9306776000
562.0878582239707,643.3343519029546,930.90900,9309090000
509.50056919640764,641.0965279626869,931.14440,9311444000
555.2767768256509,681.0633029871844,931.37300,9313730000
632.5833538157112,702.5464547506391,931.59970,9315997000
690.413669236014,710.0249644299643,931.82230,9318223000
768.2552442975934,680.497742829754,932.05100,9320510000
736.8970737912942,546.0040721170983,932.28620,9322862000
720.2731543859626,434.95762645343575,932.51440,9325144000
750.8907448933211,341.204841573778,932.73570,9327357000
747.372970661122,331.2624959441221,932.96040,9329604000
704.043930961218,304.62944634073165,933.18800,9331880000
733.9592301035116,246.53105978439132,933.41310,9334131000
746.1944176087726,259.9298012490302,933.63830,9336383000
623.0791803396135,340.5191356451847,933.87080,9338708000
536.3633204910609,397.2602413929211,934.08840,9340884000
594.8295066689147,423.2102944979122,934.31450,9343145000
598.9582829810705,419.4374788261358,934.54250,9345425000
598.4381702311803,403.77876118485864,934.76710,9347671000
620.6716792266236,346.69566497835365,935.00410,9350041000
528.8931933694995,415.635451259293,935.22890,9352289000
542.0109316174013,492.13502855394427,935.47130,9354713000
549.4882819604928,475.31125357779223,935.70190,9357019000
556.645635731233,503.78094719553894,935.93390,9359339000
584.6653780827559,484.10437418094324,936.17370,9361737000
553.1998389735571,593.8083279019816,936.39850,9363985000
568.4691498543845,596.2671942917195,936.62680,9366268000
675.799550276952,537.4874588697594,936.84780,9368478000
771.7823482560772,494.7754522691616,937.07610,9370761000
1060.9272540878142,451.8653033028543,937.30590,9373059000
1003.0427159286779,402.04754110878133,937.54650,9375465000
1019.9798949168269,356.76709371254844,937.77150,9377715000
839.8482761857534,497.4526049880179,937.99960,9379996000
747.6319045565104,575.08471102168,938.23180,9382318000
692.3093091625286,643.8034448835725,938.46440,9384644000
654.6214256541056,744.3009576945219,938.69290,9386929000
529.3724244938747,732.2202243456832,938.95060,9389506000
444.20888862898187,716.5938555623617,939.16670,9391667000
524.5021552928791,765.5112415209735,939.39150,9393915000
580.64399392576,799.6447159171753,939.64210,9396421000
523.1130539031158,811.0738882251227,939.88590,9398859000
458.16909994366245,792.5995792702004,940.12130,9401213000
447.90754400779434,766.7731247725184,940.34290,9403429000
451.94557499363435,649.5863538124537,940.57280,9405728000
469.71872121802477,579.5440725701762,940.84490,9408449000
541.1109141612118,492.0864165342878,941.08400,9410840000
548.3232776683083,407.1050637883924,941.31350,9413135000
605.8054790458056,410.7404158954586,941.53510,9415351000
599.1060892255292,370.01720472307636,941.76800,9417680000
620.1154101148052,312.10619061073834,941.98550,9419855000
650.0313882783321,305.45182653661914,942.21040,9422104000
782.5477073638684,389.39528903417545,942.43750,9424375000
878.9161908348261,491.2311255606971,942.68150,9426815000
943.0426444992095,554.2390035381452,942.92070,9429207000
856.1563106674973,517.1093401006841,943.14700,9431470000
847.2605268385413,515.8134039171149,943.38640,9433864000
842.2313159803459,500.0174167967874,943.61270,9436127000
753.3703202992634,436.9309313785003,943.83670,9438367000
804.8691603426765,400.1971862630728,944.06250,9440625000
768.5927369273041,347.9537696638064,944.30320,9443032000
743.7173187769396,295.5642260366138,944.53820,9445382000
708.0754766885826,288.209868970918,944.77090,9447709000
808.1908449957931,296.4124773027476,945.00600,9450060000
890.2580545287849,378.54104598508803,945.23010,9452301000
1023.7260277893984,348.70039855243164,945.46880,9454688000
1088.9311782405696,314.12853276733654,945.70690,9457069000
1206.7223232840524,270.2491500223278,945.93840,9459384000
1416.630658299825,235.42739439668316,946.16650,9461665000
1502.8028682630415,211.74990199102214,946.42130,9464213000
1611.4694864448122,177.19608246874424,946.65130,9466513000
1616.8684516137382,156.77879818151013,946.88380,9468838000
1650.4315916386483,146.28227377326067,947.11900,9471190000
1478.9245550714966,244.44099290274497,947.35250,9473525000
1282.6485589607187,327.99556221605656,947.58150,9475815000
1067.4937795759483,361.02141783956034,947.79690,9477969000
946.6343254168487,352.526874781292,948.01630,9480163000
862.1219948717255,367.2535493306544,948.23670,9482367000
753.6622906092182,343.7421618488747,948.45650,9484565000
933.2308420437607,314.09560678130185,948.67700,9486770000
1123.523544637073,242.13773559611096,948.89500,9488950000
1309.6683501442606,204.6999744842941,949.12070,9491207000
1430.2582760385153,193.65028046665907,949.34860,9493486000
1393.1505087640273,230.09491438584817,949.57270,9495727000
1439.0613394270874,269.9535244256262,949.79600,9497960000
1458.0345172099533,221.56696045803233,950.01460,9500146000
1594.4582143481382,236.10031579422264,950.23740,9502374000
1720.562839193977,196.33518302004862,950.45890,9504589000
1596.148632629538,272.0616929570183,950.68230,9506823000
1572.8511873605585,352.3568823090938,950.90010,9509001000
1555.4148522045314,350.8258241666016,951.11140,9511114000
1675.294923501541,431.8141834793185,951.32570,9513257000
1675.7458440363953,444.5218666973062,951.54830,9515483000
1661.933868999145,435.7213458386912,951.77230,9517723000
1598.080269975354,405.15034834072156,952.00060,9520006000
1603.3735882002109,368.36507542163315,952.24150,9522415000
1622.0505003491412,331.8134329744396,952.47330,9524733000
1617.618775680081,283.9476587938143,952.69800,9526980000
1402.0473001193604,337.3159794033238,952.92100,9529210000
1138.8843689367968,344.80098593249403,953.15040,9531504000
1015.1885899013611,351.20678738759364,953.37970,9533797000
1138.3841889829994,311.80673373503345,953.60420,9536042000
1193.2381235700502,315.29407542992465,953.83120,9538312000
1293.4886199673897,309.3464448295608,954.06260,9540626000
1283.3403678985778,437.88306857028573,954.29060,9542906000
1360.1345374145303,425.8632937848939,954.51810,9545181000
1356.1935999151283,409.1130936926333,954.75040,9547504000
1350.4931537553398,360.2928285116724,954.97450,9549745000
1279.319221885703,339.6601209889359,955.20100,9552010000
1230.3739793574553,301.54515723954506,955.41720,9554172000
1245.532990149926,286.85343517795053,955.64350,9556435000
1227.3960155764341,258.10465620708135,955.85480,9558548000
1271.5229728120387,225.6150570197967,956.07970,9560797000
1061.7019326695022,249.15266624601585,956.30180,9563018000
912.4921462214709,260.7157691769565,956.53870,9565387000
790.2986413811635,254.36781633897985,956.77020,9567702000
630.1980192487781,321.15766839485684,956.99480,9569948000
532.2384206886126,403.52869701276836,957.23340,9572334000
444.78466621027195,473.30113654322815,957.44910,9574491000
346.196482394543,530.5232426115158,957.68280,9576828000
449.99869331743173,526.1824851201601,957.91610,9579161000
474.6171147226535,459.27006895748957,958.15350,9581535000
553.0629194023384,521.6384804446309,958.38450,9583845000
528.5551182191422,599.9185838384875,958.61360,9586136000
449.53665831710504,719.8979683450078,958.83070,9588307000
395.8846804208982,779.564928619527,959.05820,9590582000
435.6393402429188,714.6819892153748,959.29450,9592945000
509.34148856325703,659.2972694673384,959.53550,9595355000
521.6278746699579,591.5865605390582,959.76410,9597641000
503.857235789835,601.1737977288575,960.01980,9600198000
475.34180875875876,600.1388787461306,960.23930,9602393000
465.10330366665085,627.382272520346,960.45520,9604552000
638.5122720986101,621.1632567017269,960.68350,9606835000
819.0947754913485,531.9096416497952,960.89850,9608985000
1019.1402614299766,470.6969622855528,961.11860,9611186000
1231.9115451127682,412.1407486674973,961.34180,9613418000
1197.8971821338475,472.40023543307296,961.57050,9615705000
1223.0167686373588,438.32534990862894,961.80610,9618061000
1174.0544508047496,399.3254696646333,962.03990,9620399000
1158.136040826444,369.0939281881877,962.28930,9622893000
1153.0920976831087,361.12711489262085,962.52450,9625245000
1285.274653434111,290.8945798410707,962.76200,9627620000
1471.4743332510575,232.96012064806288,962.97860,9629786000
1566.0295072787173,215.67486632207834,963.19000,9631900000
1470.375478107803,288.9702150238397,963.41040,9634104000
1448.1161008402298,284.0933730186628,963.63860,9636386000
1264.153541379067,288.76876772758754,963.86830,9638683000
1137.824220386622,270.01358149479586,964.08580,9640858000
1066.5586977028145,236.03008958661172,964.30510,9643051000
1070.4514728420597,257.0447431463256,964.52480,9645248000
1170.295143318669,260.8172706550231,964.75010,9647501000
1165.382613648426,254.3056825405131,964.97650,9649765000
1160.19422693465,304.7897826107301,965.19660,9651966000
988.875076192631,386.1783863057562,965.41780,9654178000
829.7419663448075,375.0875560508877,965.63920,9656392000
678.0539065374473,382.1808170034364,965.86470,9658647000
583.0593952390038,409.07837373647556,966.09280,9660928000
606.5775283427294,391.6160832648578,966.32140,9663214000
507.5861294531752,499.7302248653328,966.55310,9665531000
416.2175956226444,523.2495128555627,966.77730,9667773000
496.7026979083754,568.4255627038785,967.00410,9670041000
425.4127687153296,639.5909451275191,967.22600,9672260000
317.6296155459287,657.6197716993663,967.44570,9674457000
645.6858028866253,563.5033293861568,967.66930,9676693000
797.4546811194724,526.8978315278105,967.89070,9678907000
981.2902966327251,635.2560871789408,968.11340,9681134000
1112.627611421263,635.7757080675608,968.32870,9683287000
935.4296659471211,694.1458422929853,968.55060,9685506000
918.8070012374127,663.3127089136752,968.76720,9687672000
928.3398581046736,635.520046604224,968.99550,9689955000
860.3048263647665,578.2545969664409,969.22870,9692287000
841.9050800991284,533.8296839115575,969.45690,9694569000
777.3688737925679,483.37884283279897,969.67920,9696792000
824.75140557399,423.04046450757846,969.89890,9698989000
784.1238347798703,351.617013592909,970.12000,9701200000
804.608663995029,294.3211321191909,970.34240,9703424000
774.0785880342,247.79080498366423,970.55290,9705529000
981.3414438255537,276.0639043338574,970.77740,9707774000
1019.0446056178631,357.9446549689677,970.99270,9709927000
982.7940015419653,375.18183430218426,971.21760,9712176000
936.6041749512789,367.0557677144088,971.44100,9714410000
994.5398433276804,350.0064467905073,971.66770,9716677000
1000.2176954289608,268.1019862834353,971.88690,9718869000
867.9785671360712,299.0248439469027,972.11370,9721137000
734.6144752232619,392.31020336088284,972.32890,9723289000
673.4387873707036,474.16846402047315,972.55600,9725560000
680.985126803476,515.4926205497147,972.79490,9727949000
627.6581013227086,544.8696920992879,973.01890,9730189000
612.9929634450496,575.9688825287992,973.25110,9732511000
601.031231143128,603.4023671383854,973.47570,9734757000
661.769611080437,582.0171089996999,973.70170,9737017000
692.172327942862,647.3028410767151,973.92230,9739223000
766.5174051404053,647.2653998104389,974.14820,9741482000
765.2107636292861,646.6259896632768,974.37410,9743741000
751.3660362701428,594.0627316646951,974.60590,9746059000
758.1358018957715,562.1031131380305,974.83310,9748331000
754.7448913178755,474.5104292060196,975.07310,9750731000
692.3880051475574,438.4279467290659,975.31180,9753118000
615.6071880149555,399.99602290647624,975.54070,9755407000
556.7052815142794,370.6963716530286,975.77080,9757708000
641.8921842802143,421.25092432817206,976.00340,9760034000
641.133697429695,449.2960393647529,976.22640,9762264000
654.1856891513808,386.59130181588637,976.45360,9764536000
617.3526114519377,380.3620731438567,976.70800,9767080000
656.8642732833491,340.423262555609,976.93000,9769300000
635.944181237231,343.16239765988814,977.15420,9771542000
610.4700204119777,357.52571972444514,977.37890,9773789000
568.3680146055208,355.27465770762444,977.59830,9775983000
541.27799997693,301.78752021385736,977.83500,9778350000
715.1914725221909,354.59698767787717,978.05160,9780516000
712.6410534851996,375.52155193980093,978.27330,9782733000
772.2870452443444,477.59462646466966,978.49690,9784969000
679.6230171618669,466.57649265274125,978.72130,9787213000
619.458106077226,431.48681956113484,978.95060,9789506000
575.9773952038369,375.84677151260445,979.17390,9791739000
555.0548083410639,344.3439225708659,979.39690,9793969000
558.8870491909811,344.8358094871617,979.62350,9796235000
594.887511902223,306.2314142211885,979.85140,9798514000
604.534266686255,261.97240234484696,980.08450,9800845000
548.57393157168,246.40763566669864,980.30840,9803084000
594.6888729668117,293.20186353573456,980.52950,9805295000
581.1326827767059,251.3840500041282,980.76090,9807609000
518.7746914563479,225.28839084364685,981.00550,9810055000
567.1936574033136,263.655341370484,981.23530,9812353000
523.9030661259109,305.7514542994558,981.45960,9814596000
553.1613922020431,406.39248868387494,981.68450,9816845000
519.402036708244,406.79302591132745,981.90230,9819023000
499.99233655523983,408.2320628608161,982.11790,9821179000
435.4518609542067,464.7323784763582,982.34600,9823460000
412.30390071886706,476.11639200336396,982.56220,9825622000
396.21782266335816,416.198204582961,982.78420,9827842000
413.44023984457,419.8472014789982,983.01160,9830116000
459.1922417904391,382.00354167029593,983.23270,9832327000
489.8573565257291,353.4167947806069,983.44930,9834493000
527.3788228589498,413.5195948662989,983.67150,9836715000
511.77465159446297,458.13684651556775,983.88520,9838852000
525.7712717642082,465.7129011578901,984.10190,9841019000
602.9960091988918,460.7534495127067,984.31850,9843185000
752.6319766895529,438.64706614817925,984.54310,9845431000
838.0164277638593,378.14234253499893,984.76790,9847679000
897.139727910029,338.8965484668957,985.00690,9850069000
977.860293002365,297.34192503647915,985.23180,9852318000
1021.9759889605893,239.72548679462383,985.45920,9854592000
999.8380770512383,238.5868067037149,985.70800,9857080000
1101.305901021038,223.612120799824,985.93590,9859359000
1286.3004631362999,177.6749736335009,986.15780,9861578000
1399.1267067659683,181.7733346617422,986.40300,9864030000
1281.052759478401,362.8755220511996,986.62700,9866270000
1185.286729936142,360.0289729250078,986.86840,9868684000
1150.7644696890127,325.6793340978446,987.10750,9871075000
1076.228860787061,289.39838161493714,987.32590,9873259000
946.9626609851775,243.3192592393665,987.55560,9875556000
1077.8764532770015,257.6224556232992,987.78460,9877846000
1081.212761461413,259.8600073054561,988.01750,9880175000
916.5274258204136,264.26113089740954,988.26210,9882621000
1135.107329994094,280.0464431542135,988.50250,9885025000
1228.5219394984063,299.33493213919206,988.74420,9887442000
1343.390893865791,247.20896982024905,988.96740,9889674000
1447.4313108521894,217.79408203834072,989.19960,9891996000
1548.108982808651,204.42309288707483,989.42240,9894224000
1473.6812720548057,328.6263088436427,989.65850,9896585000
1304.2449115451159,383.7583261529736,989.88090,9898809000
1221.6923425722093,366.91158153136604,990.09850,9900985000
1290.3104121788358,325.0235950537699,990.33500,9903350000
1255.2170074798291,268.1824025365562,990.55540,9905554000
1053.4697553398723,267.0677530961933,990.77530,9907753000
934.4986144338975,285.3003289704642,991.00520,9910052000
839.0292713202213,272.0118528980383,991.22730,9912273000
960.521172334597,279.43590047743334,991.45260,9914526000
1055.5611051485382,298.91319614427175,991.68570,9916857000
930.1791032485997,242.35116314408646,991.90560,9919056000
808.52186914311,221.29869054456915,992.12360,9921236000
775.2475887722674,314.38550954654454,992.34610,9923461000
649.9150556370694,331.995153910691,992.56350,9925635000
757.4007385604339,350.1902414824149,992.78460,9927846000
942.8151047760336,350.89351563321793,993.00830,9930083000
901.7770760005878,372.9345884472246,993.23170,9932317000
803.0777616789165,505.6531324965521,993.45490,9934549000
773.6443515553514,524.9335038176722,993.68260,9936826000
794.7731460456953,501.9819787347036,993.90450,9939045000
790.2572378861795,468.9412090048177,994.12400,9941240000
984.6825594032432,375.3072560224837,994.35200,9943520000
1158.5894729436043,311.93220427998455,994.57510,9945751000
1222.840154774621,319.51027781453655,994.79910,9947991000
1307.7304087779144,297.0628382330736,995.02360,9950236000
1231.8307025276351,267.06141615454675,995.25110,9952511000
1028.0145706190044,354.3838996901574,995.47660,9954766000
835.1412411146632,388.8981610775556,995.69470,9956947000
673.3706611593,510.0143081624188,995.92240,9959224000
679.1811873066436,566.2475396397897,996.14140,9961414000
740.9210097741625,515.9089724950387,996.35290,9963529000
775.1648997384325,482.77496182749695,996.59060,9965906000
744.4819259145222,469.2620284898424,996.80780,9968078000
635.0607763230838,564.871533185273,997.02190,9970219000
540.8459705193555,598.1569507330969,997.24400,9972440000
426.7902474299621,654.9317988438089,997.46440,9974644000
547.3719282876378,642.7099226002262,997.70490,9977049000
584.9115106855792,695.29374018552,997.93790,9979379000
492.9054198443937,728.5099066103282,998.16340,9981634000
484.4080408785661,763.5681247002925,998.38660,9983866000
571.196654116973,654.2816045210616,998.60910,9986091000
663.7916523257062,623.6806416088717,998.83020,9988302000
726.4436050536336,544.5153683409358,999.04810,9990481000
1005.074013917786,457.6848094839185,999.27090,9992709000
1124.0175014972867,391.0911559838746,999.50390,9995039000
1292.2470310963236,343.7739416811237,999.73350,9997335000
1278.5637558590263,310.4530947550836,999.97210,9999721000
1281.4919810538008,314.9900672948846,1000.19320,10001932000
1197.538204930359,331.58263878710403,1000.42440,10004244000
1110.4191014672174,335.55833766207616,1000.65140,10006514000
1049.685235356619,427.0127006882183,1000.88040,10008804000
1026.8018165986161,450.3078553404489,1001.10540,10011054000
936.1182787013279,432.1593091944115,1001.33660,10013366000
950.2814873331599,386.76168588239494,1001.56350,10015635000
830.2979218001286,354.42401197559417,1001.79330,10017933000
1013.7968701469327,305.1710884747978,1002.01690,10020169000
1150.937663705291,275.47466373157636,1002.23780,10022378000
1325.2168573475312,225.630964165408,1002.45770,10024577000
1143.5839716301455,284.2525459030745,1002.67500,10026750000
1060.469575590526,295.84725421738113,1002.89100,10028910000
980.1960399404494,283.8783413688798,1003.10950,10031095000
890.886384138074,298.8721593948662,1003.32050,10033205000
905.1600496579621,294.7255278561345,1003.53870,10035387000
856.7134317874605,266.32722483573315,1003.75550,10037555000
860.0284255153247,272.5299278942066,1003.97530,10039753000
864.4002592775469,264.5799515254476,1004.19300,10041930000
1060.0191127404146,273.4079505890025,1004.42230,10044223000
993.553095049488,344.1661129783334,1004.64170,10046417000
965.0633394076865,400.8351284148939,1004.85800,10048580000
930.4753648161128,461.53596916080437,1005.07980,10050798000
886.8006570999748,460.7059425241842,1005.29580,10052958000
721.8558621623853,498.13588257216946,1005.53450,10055345000
642.9009890305052,570.042186567741,1005.75720,10057572000
668.6870903373824,586.394906072239,1005.98020,10059802000
683.751042521018,513.8358583100625,1006.20770,10062077000
677.565707967558,443.1172856883596,1006.43070,10064307000
647.818196113587,538.966037354211,1006.65150,10066515000
690.6453759288373,546.4416392582647,1006.87110,10068711000
678.834824319588,486.84506829310544,1007.08500,10070850000
747.188430484431,477.1275057760009,1007.30880,10073088000
773.7431032177444,414.9864123475605,1007.53320,10075332000
828.3006520149504,416.5734755640162,1007.74980,10077498000
881.3409339328814,392.2549660980388,1007.96770,10079677000
912.0760597282349,451.9932281679593,1008.18620,10081862000
1096.9304492380802,462.5516461091204,1008.40140,10084014000
1287.7319316436594,394.52656981128746,1008.61470,10086147000
1409.6020718663926,351.65696937130497,1008.82960,10088296000
1260.7585359397356,436.3090901483321,1009.04490,10090449000
1202.2567697110953,523.4210813098521,1009.26610,10092661000
1175.9240732181834,518.0446357433316,1009.49090,10094909000
1095.3963457492257,482.3186608061395,1009.70570,10097057000
1204.9789030123397,458.55069327257274,1009.93090,10099309000
1313.4752055030772,359.8957285103356,1010.14420,10101442000
1398.04764573331,404.8168819516264,1010.36330,10103633000
1331.218956875045,482.3748680569823,1010.58700,10105870000
1283.7350521953913,418.6326933974168,1010.81480,10108148000
1217.611963817626,458.1843225115821,1011.04180,10110418000
1261.4427985965165,459.79774840346386,1011.26630,10112663000
1311.6267079802624,459.5693819099953,1011.48980,10114898000
1225.9465290298328,499.14493334779354,1011.71940,10117194000
1182.1386565722319,472.8842649543358,1011.93310,10119331000
1085.583438920169,475.08396896443674,1012.15240,10121524000
1099.0731825998255,452.84788362332114,1012.38090,10123809000
1001.1166323340556,409.5844373414023,1012.60550,10126055000
928.7587913216777,378.178821527016,1012.82510,10128251000
882.1720052072219,337.4119630146152,1013.04380,10130438000
916.0827360032386,331.7519866188969,1013.26490,10132649000
866.5580364616496,413.2305814077593,1013.48080,10134808000
803.5402420361522,487.4783560734745,1013.70750,10137075000
773.6835976619026,485.38802775724463,1013.93770,10139377000
774.6774744526232,505.8787321755781,1014.14840,10141484000
852.8532028119258,462.3045560736909,1014.36760,10143676000
865.9707879799959,440.246343244274,1014.58870,10145887000
923.0034034423519,480.8508888704772,1014.82870,10148287000
950.4560694182373,521.2291331330015,1015.04150,10150415000
907.1599121254676,494.49512236655914,1015.26290,10152629000
884.416092516439,518.7346622596792,1015.47240,10154724000
857.9813716484949,503.1859873136011,1015.69230,10156923000
960.4081257677168,463.95790625568924,1015.90970,10159097000
891.3802486257748,406.3065225275766,1016.12620,10161262000
838.3068347005377,385.81555220446484,1016.34440,10163444000
831.2519304339573,366.1827461587442,1016.55740,10165574000
766.7958304835844,434.3395628282972,1016.78170,10167817000
829.0986207535698,449.790083361614,1017.00640,10170064000
833.6143899014505,447.06292951200714,1017.23120,10172312000
838.6759962941023,429.1295899862085,1017.45330,10174533000
850.3006733816408,389.7053474792112,1017.68510,10176851000
846.9257692659444,383.36785024044053,1017.90210,10179021000
858.2929046400815,379.87990341908636,1018.12520,10181252000
842.4509557421327,498.4014659000934,1018.35410,10183541000
903.244574679143,460.15513335430904,1018.58240,10185824000
1076.5733629170225,444.3439328087524,1018.80190,10188019000
1219.1371634039838,415.47980717651507,1019.02280,10190228000
1269.1436927296284,332.94079741386133,1019.25040,10192504000
1362.9304026340014,314.42731287142783,1019.47700,10194770000
1408.599380888218,262.9587788669704,1019.69450,10196945000
1519.660396088304,287.69984295864936,1019.93510,10199351000
1441.7726534925923,237.5449680990202,1020.15960,10201596000
1376.3569629213857,217.953962688817,1020.39790,10203979000
1399.8313645972794,214.22305093594133,1020.62030,10206203000
1381.8594334236025,306.41789162787575,1020.84350,10208435000
1271.110381220048,356.61447408006717,1021.06940,10210694000
1220.1554502847919,385.74634218285655,1021.28390,10212839000
1292.1019632390796,398.7284336085115,1021.50550,10215055000
1256.3251836443685,393.4208297127325,1021.72650,10217265000
1287.5291243549093,401.83541948263223,1021.94980,10219498000
1152.5634072678552,462.7550404515363,1022.17460,10221746000
968.425972754727,427.4978113521663,1022.39790,10223979000
827.2649801200178,415.85471724000996,1022.62240,10226224000
736.179107555999,388.2550983402765,1022.85080,10228508000
684.3458575451189,384.0742374858749,1023.07920,10230792000
632.4148890255966,308.23294238312616,1023.29810,10232981000
653.4942826978196,306.08110162691816,1023.52530,10235253000
628.3850399493907,281.7422306424891,1023.74890,10237489000
590.3837959081768,276.85505365834047,1023.97040,10239704000
557.5304146809731,264.9245972741149,1024.19660,10241966000
588.8827106323474,285.8771947602286,1024.41690,10244169000
615.4873038836622,356.5175480448956,1024.64500,10246450000
610.3845967321298,367.03750986582423,1024.86730,10248673000
595.1565071751978,316.2469527136848,1025.08670,10250867000
569.7267261882696,271.87506703413794,1025.31110,10253111000
561.7263545634447,297.25905448213564,1025.52800,10255280000
578.0767510615744,309.10275463860074,1025.74730,10257473000
565.4610163430053,302.3124897614449,1025.97240,10259724000
545.6994566263148,311.6109409847924,1026.18750,10261875000
662.5011260805851,439.63014169170333,1026.40030,10264003000
609.7040888437296,445.3850039989762,1026.61700,10266170000
669.6338022014984,398.9474037243176,1026.84090,10268409000
658.0935744083474,337.15682065860653,1027.06230,10270623000
677.3855408085964,338.7663236623,1027.29650,10272965000
736.0182843071209,328.9631067799965,1027.52230,10275223000
735.7039845555964,299.17151921381526,1027.75110,10277511000
637.2816521458632,425.77713705758254,1027.97910,10279791000
609.8617633755547,369.87270422111135,1028.20130,10282013000
578.1886359680888,311.7557084663835,1028.41920,10284192000
585.4211927126693,295.58284995308765,1028.64080,10286408000
637.116071356755,315.5668248621994,1028.86240,10288624000
644.36510920745,275.3653870196981,1029.08650,10290865000
623.7989782755709,274.8679154439182,1029.30840,10293084000
718.4469024986787,344.06904281768965,1029.52840,10295284000
880.7837809783355,372.1268162472745,1029.74720,10297472000
862.9479977190584,347.93658164437,1029.99320,10299932000
806.1487742750843,363.45615546063897,1030.22040,10302204000
751.6757152992598,325.06381251739293,1030.44200,10304420000
747.7141094156667,314.1683573012598,1030.66390,10306639000
784.4567270611842,288.6382604080795,1030.89090,10308909000
782.9154399771783,393.9831114252583,1031.12270,10311227000
737.002484064715,378.8054441148471,1031.34320,10313432000
717.6550068699705,330.9915778099506,1031.57620,10315762000
699.2698419299501,275.4950826885919,1031.79880,10317988000
660.0217023262923,254.16843808112233,1032.04060,10320406000
685.9858123759201,280.07173931911933,1032.25600,10322560000
720.0472665103508,389.24002018128886,1032.48770,10324877000
812.183610797769,386.3920330515206,1032.71710,10327171000
909.0457501664162,356.2541998632527,1032.94550,10329455000
995.0237690958728,316.77027272511543,1033.17690,10331769000
1011.4629539321292,298.0139494285818,1033.44340,10334434000
857.8619907889852,274.0469895659945,1033.66900,10336690000
793.5018051400929,306.8970430657498,1033.89160,10338916000
661.330065627982,483.62635348896515,1034.11650,10341165000
619.7713370841534,427.3269971329113,1034.33450,10343345000
627.2800745895576,404.94015387585813,1034.55040,10345504000
643.8027829519162,381.35050209078236,1034.77200,10347720000
672.6300457876357,336.91752070854074,1034.99370,10349937000
755.4934512612679,401.70436904695595,1035.23740,10352374000
816.2632487839005,448.37628700579205,1035.47440,10354744000
762.4669280780843,409.64308287056576,1035.69870,10356987000
734.1252749166738,350.4903270158327,1035.94050,10359405000
772.7847664586925,306.51051446455654,1036.17640,10361764000
733.6162660530434,261.8493307214863,1036.40670,10364067000
674.4520507272193,216.21927324402694,1036.63730,10366373000
699.0054786169126,203.5741187161113,1036.87500,10368750000
738.1079526472109,251.6602605642929,1037.10680,10371068000
713.6007867277598,248.37918757330195,1037.34060,10373406000
779.5235721359013,241.11933950137782,1037.57660,10375766000
881.4011240782543,228.54541493739802,1037.80570,10378057000
965.5708143377159,254.62172779559464,1038.03010,10380301000
972.111276585387,263.37727570092306,1038.25230,10382523000
1027.8151121108717,233.26314032770262,1038.48160,10384816000
1144.0529100809154,288.1996031441192,1038.70830,10387083000
1274.6318899909866,290.8115251660536,1038.95060,10389506000
1359.9643431785173,260.2139610446294,1039.17790,10391779000
1168.7787376295528,258.4532366310272,1039.40120,10394012000
1076.8131199375473,292.50808180809696,1039.63140,10396314000
1000.9771060372143,368.78308989039766,1039.85460,10398546000
1055.9674518659401,376.9571364912696,1040.07260,10400726000
1153.674691607317,364.2209937185686,1040.31310,10403131000
1051.3637298979463,366.0098455588036,1040.54210,10405421000
882.6328625342608,307.56973339405806,1040.78000,10407800000
839.7946743676486,254.59577448839212,1041.02220,10410222000
800.5557661298955,284.0860142895641,1041.24900,10412490000
781.9312910914908,321.99181749504584,1041.48100,10414810000
730.2329861558902,296.77253760658954,1041.70800,10417080000
703.8750548504167,253.57022918734802,1041.92580,10419258000
575.3913908720643,219.63268165869536,1042.15390,10421539000
629.8368676970974,259.96979014923187,1042.37800,10423780000
606.6631593998917,224.38730004728976,1042.61270,10426127000
641.1752042980684,325.6999333618465,1042.84920,10428492000
706.7987423099382,334.2766350028197,1043.07340,10430734000
799.6160734374777,310.0548942585049,1043.29740,10432974000
874.3200113549294,349.02263325044703,1043.52540,10435254000
872.5256130591089,309.0335911431663,1043.75560,10437556000
848.8076252884827,258.37606492127753,1043.98890,10439889000
846.5747130580278,296.57252127395617,1044.21140,10442114000
891.5311124311697,281.6250191028095,1044.43130,10444313000
982.2935047305436,272.56447587093004,1044.64710,10446471000
1004.315104532452,276.3541502325684,1044.86040,10448604000
928.6392552018572,259.515932013106,1045.07830,10450783000
895.0688506510809,234.97025130305224,1045.29710,10452971000
988.2360640156348,314.8321404351029,1045.53480,10455348000
1047.748318876733,360.5165655625676,1045.76400,10457640000
1107.7444784150996,339.8138001492332,1045.98210,10459821000
1013.5291233561861,306.4956615035734,1046.20640,10462064000
889.9324685519362,327.12758530104145,1046.43000,10464300000
847.8682494739442,328.3469541868437,1046.66230,10466623000
857.7450755747816,348.58548240224894,1046.88190,10468819000
785.9009258129668,358.07790322675015,1047.11090,10471109000
861.9229611038959,363.3853397359349,1047.34160,10473416000
952.1249713231914,338.1178711735887,1047.56690,10475669000
1040.9703518521735,427.42700622756865,1047.79740,10477974000
1099.0320695576802,377.8067292406027,1048.03010,10480301000
1175.894536173284,347.57757492873196,1048.25330,10482533000
1140.9099224940167,310.3210956408278,1048.47330,10484733000
1054.2263230207843,327.8856117147229,1048.70340,10487034000
990.9815257585244,356.5596803173692,1048.92490,10489249000
963.9241908674841,305.55558545878085,1049.14740,10491474000
867.5288258544344,278.6840969819276,1049.37400,10493740000
776.4481670152007,294.6921754081746,1049.59790,10495979000
850.001206057282,337.040048273067,1049.82430,10498243000
895.3584742088074,372.56672539270824,1050.05230,10500523000
1018.8762701286907,360.6615963621286,1050.27780,10502778000
1163.8358340112986,335.3506158779068,1050.50180,10505018000
1063.3603283093462,300.2744097573916,1050.72560,10507256000
1001.9689072297163,291.16003007426815,1050.94940,10509494000
912.2052434586014,263.0903332307729,1051.17170,10511717000
858.4717929248962,246.44953809642925,1051.39170,10513917000
727.2528355247308,192.78599703482587,1051.63130,10516313000
738.1581246722403,328.14692361516984,1051.85480,10518548000
880.687769107375,328.3867917350253,1052.08170,10520817000
1101.8680261892184,356.1808752890839,1052.30100,10523010000
1283.6302107617355,326.0994010698711,1052.52360,10525236000
1418.1508118568127,314.2237617258086,1052.74570,10527457000
1467.0426789915234,293.6151278286069,1052.96070,10529607000
1301.235518544582,290.4325321773216,1053.18680,10531868000
1167.8291105587455,306.6087083952909,1053.40820,10534082000
1049.884799368209,296.58838809043004,1053.63350,10536335000
922.9680824782814,215.29764538567218,1053.85380,10538538000
764.8448803001495,240.05163279437477,1054.08530,10540853000
673.4448411501487,227.27212040548605,1054.30540,10543054000
615.5243841536068,197.6422098029415,1054.54140,10545414000
567.9124840371277,344.83424385120566,1054.76770,10547677000
565.9881648445992,344.06543850226956,1055.00970,10550097000
551.9700029220459,305.1253957842157,1055.23170,10552317000
722.7980159956373,285.2579553579245,1055.45220,10554522000
642.6858554710338,286.62617615738213,1055.66730,10556673000
586.9604706764167,263.50871918763215,1055.89780,10558978000
558.1248080908402,261.94414725578923,1056.11680,10561168000
584.4101299313453,252.91555823171407,1056.33630,10563363000
615.7246961092067,242.2167605389719,1056.55760,10565576000
567.455400799859,263.69467407304626,1056.78110,10567811000
620.8145343794622,298.50115825710145,1057.00470,10570047000
585.3177128472543,338.1661993311932,1057.22540,10572254000
572.821416122473,308.59223894852977,1057.44640,10574464000
603.1474303342436,288.1334181528873,1057.67150,10576715000
645.5697994490836,281.5831005324484,1057.89170,10578917000
693.1302630917245,268.1588719399671,1058.11890,10581189000
722.0169180592305,252.9287618015942,1058.34190,10583419000
678.7820836299941,291.075366193985,1058.56070,10585607000
731.4682449683597,312.51466768754057,1058.77750,10587775000
773.4603368795913,310.1271375534211,1058.99500,10589950000
812.3411855720291,274.5892499482968,1059.21400,10592140000
826.8580336302555,292.9124029931901,1059.44030,10594403000
936.7439788926092,304.03102641115333,1059.66190,10596619000
969.1773059615393,441.37198308831296,1059.88090,10598809000
981.8607085382357,465.20153964727126,1060.10320,10601032000
960.4824039124704,484.7372681177305,1060.32520,10603252000
951.8372889874084,438.0535224631122,1060.54450,10605445000
894.4186035131124,425.17090533330963,1060.76350,10607635000
918.5420993201265,366.8150525675781,1060.97950,10609795000
972.4157212519973,334.609600545975,1061.19930,10611993000
1118.5339092237255,360.5706506772909,1061.41920,10614192000
1132.1344065375345,398.8025106053204,1061.64190,10616419000
1048.9332586030241,362.64077524151566,1061.87540,10618754000
1013.3654053188958,354.17013736465,1062.09570,10620957000
918.6894800596566,329.3593156605697,1062.30820,10623082000
854.1808053910522,284.7535324032287,1062.53290,10625329000
844.7800348562348,287.8178804237281,1062.75780,10627578000
787.9057786599411,265.31765018332203,1062.99310,10629931000
704.1581402129742,310.86646736335405,1063.22430,10632243000
656.6268634346958,310.0508732535102,1063.46030,10634603000
623.9150614658579,303.6648164824561,1063.69400,10636940000
576.0699622106112,266.0733979210563,1063.91590,10639159000
614.2745807797277,254.36452407425887,1064.13970,10641397000
721.9421031536208,256.07981036889913,1064.36410,10643641000
780.0974339621371,394.1062989933906,1064.58990,10645899000
698.6565200376541,390.5502234262356,1064.86480,10648648000
668.9180948077561,365.467100354514,1065.08450,10650845000
632.2474765167409,318.2062363345297,1065.30340,10653034000
580.8891905528473,317.36614323979694,1065.52610,10655261000
636.0350413903216,329.15145642849546,1065.75550,10657555000
587.8656503617946,282.29593511175744,1065.98410,10659841000
634.5805867162507,341.0916652313337,1066.21180,10662118000
657.137492435075,359.11170936000224,1066.44130,10664413000
641.6227987656106,480.59826763041644,1066.66170,10666617000
673.6152806998091,454.75688611889655,1066.88930,10668893000
710.3734826951543,457.4386755205005,1067.11930,10671193000
857.1030736410528,450.64604568877616,1067.35790,10673579000
954.8684201169931,426.8577597824311,1067.58950,10675895000
822.8208931269751,382.9482343497603,1067.81380,10678138000
701.264765058432,349.7350989530135,1068.04970,10680497000
739.1325128789904,363.0902722161604,1068.27070,10682707000
743.105437324798,316.5788350763637,1068.50640,10685064000
725.0880265024958,304.41956482851896,1068.73450,10687345000
689.0850740988894,257.2775663211206,1068.96360,10689636000
739.3878973412902,236.96322830717435,1069.18600,10691860000
701.6126934141181,224.89399222197355,1069.42000,10694200000
639.2814097190985,214.67094305433676,1069.65660,10696566000
641.2712343355138,276.3430411577275,1069.87500,10698750000
605.9995935802312,262.67358797268076,1070.10120,10701012000
742.4138222801289,253.80090282721343,1070.32260,10703226000
862.1256482221681,272.7332782337372,1070.54820,10705482000
1021.8736696898751,253.33756489288604,1070.77730,10707773000
1141.0055488784205,337.5657733411393,1070.99660,10709966000
1166.5348176035372,308.1248900270022,1071.22210,10712221000
1200.7574164757918,295.7138992246,1071.45550,10714555000
1164.1156493812596,267.28299651879115,1071.68360,10716836000
1231.6353002801166,240.67653224178642,1071.90940,10719094000
1284.4619999360568,202.2433019385746,1072.14360,10721436000
1263.5477843568656,252.0303495569397,1072.37300,10723730000
1359.2916670863349,262.7042596164366,1072.61410,10726141000
1407.4052795327652,229.40126440589523,1072.84640,10728464000
1447.4702530907305,415.2446215061666,1073.08010,10730801000
1490.2836018686105,380.4242670534195,1073.29790,10732979000
1477.910280146378,357.8845307215223,1073.52370,10735237000
1286.1925217629805,359.3338731619329,1073.74880,10737488000
1165.6843092188205,322.91664984652317,1073.97290,10739729000
1083.105066952233,295.7910002388471,1074.19450,10741945000
1000.5266257271481,294.0640431158598,1074.41690,10744169000
897.3185034775479,295.3006092298963,1074.63810,10746381000
818.5921716070761,364.20264357934565,1074.85280,10748528000
753.4380638264511,328.54619500847235,1075.07850,10750785000
735.4423519747842,300.16480241412387,1075.29730,10752973000
737.880077958282,249.14011448732163,1075.52150,10755215000
705.5300402932652,190.10894783628652,1075.74920,10757492000
719.179124607162,225.06828428066348,1075.99000,10759900000
622.6117623028223,232.6620188504564,1076.22090,10762209000
592.6829892641218,278.3961260732551,1076.43840,10764384000
668.6673512550506,331.6598381943893,1076.66270,10766627000
647.3629598990515,351.9585845135995,1076.89110,10768911000
681.4273990368248,355.6516476198963,1077.11590,10771159000
665.9723526655545,375.134952163967,1077.34080,10773408000
752.4730176383542,378.8456525076024,1077.57420,10775742000
935.3629331519498,395.1539383995027,1077.80480,10778048000
995.3951313504294,384.8692838831822,1078.02320,10780232000
973.5681440693079,376.21221330859066,1078.24010,10782401000
964.334874608822,390.75958834686213,1078.47970,10784797000
905.5028305660439,358.3077524827425,1078.71480,10787148000
943.2840782872203,329.19238610325715,1078.94100,10789410000
968.475199854398,312.99743619078157,1079.16390,10791639000
976.4416849555353,327.9205279861136,1079.39180,10793918000
896.7928547699164,374.47899008236453,1079.61320,10796132000
854.7944460575395,368.8015060712423,1079.85030,10798503000
814.9715648135752,305.8490190882916,1080.08480,10800848000
811.7234353812993,283.37460342597603,1080.32830,10803283000
770.5051654333072,280.4654878424764,1080.55720,10805572000
729.5797117307986,266.97329760318564,1080.79620,10807962000
751.1897909237109,262.17691199580105,1081.02840,10810284000
692.3911269544041,274.5463156762323,1081.25790,10812579000
673.1668004940034,328.9181674800813,1081.48750,10814875000
681.0316667250438,334.10659078512214,1081.72610,10817261000
774.2041466094918,338.61482783568164,1081.94360,10819436000
810.1332911846175,336.24005685498884,1082.16180,10821618000
834.295802526179,320.93931717531063,1082.38630,10823863000
867.7536933974465,276.7009400441697,1082.60870,10826087000
813.278845113577,227.5430153025861,1082.83120,10828312000
850.8825936397415,311.3170270829624,1083.05720,10830572000
844.6224556850677,273.2621866595711,1083.28970,10832897000
800.4800586473474,272.91034298211196,1083.51500,10835150000
882.1939293101586,261.8358677264027,1083.74410,10837441000
922.2917906291241,234.51323054646318,1083.96710,10839671000
1054.3673027077775,218.10584929341314,1084.18370,10841837000
1159.4433198951567,220.78054108851217,1084.40140,10844014000
1149.293894572008,208.66956292582898,1084.62770,10846277000
1221.8729435249124,215.19152589868216,1084.85080,10848508000
1292.1458991460809,247.5744435141366,1085.07070,10850707000
1105.4354631454532,315.56157361303394,1085.29120,10852912000
998.9331414910422,349.30280023155115,1085.51840,10855184000
925.2880965133209,365.602244678212,1085.74660,10857466000
909.2972011110712,408.5508856544774,1085.97830,10859783000
798.1822471534224,482.74579271714094,1086.20670,10862067000
749.6090254194663,559.981465834266,1086.42970,10864297000
573.8923252256378,585.4660199790621,1086.65470,10866547000
545.3080255559286,563.7505961876537,1086.88560,10868856000
554.6861902830522,671.6634518063183,1087.10780,10871078000
624.4090261998963,658.0234077315786,1087.33290,10873329000
638.1399691300121,643.5538400958925,1087.55690,10875569000
627.5055318110439,621.3917058192503,1087.77900,10877790000
813.2558743930709,530.8852565096579,1087.99870,10879987000
971.3373326993253,452.40340416286085,1088.21330,10882133000
1219.964048732422,475.19783918353255,1088.43480,10884348000
1199.7168366247033,436.228953625437,1088.65510,10886551000
1129.1885350366936,386.307883617392,1088.87950,10888795000
1115.5459025842322,352.4882252309901,1089.10340,10891034000
1049.5093105372932,321.7516897061208,1089.32030,10893203000
967.7644019612237,287.11014449727406,1089.53730,10895373000
914.8214162578691,259.01750652933504,1089.75420,10897542000
953.9301921644242,306.8573130835661,1089.97030,10899703000
920.8927237916586,344.2076737888099,1090.18920,10901892000
997.407782579828,334.256916376531,1090.40530,10904053000
967.6246897667544,383.48112113593925,1090.62170,10906217000
868.5872222345048,378.6529133270979,1090.83990,10908399000
781.1695447900918,379.0205425269805,1091.06490,10910649000
771.5362919955608,384.44640186495997,1091.28250,10912825000
800.996176222712,493.11683928639786,1091.50180,10915018000
830.1818611720679,453.6615533251672,1091.71880,10917188000
860.3399995609799,380.9604295717203,1091.93920,10919392000
734.5867078441179,350.84920684603844,1092.15640,10921564000
637.6542661250803,345.24222098496335,1092.37420,10923742000
682.2055876391966,430.80174551653636,1092.59170,10925917000
748.0691111598533,387.85194315625876,1092.82070,10928207000
706.4223103481849,339.3065819878566,1093.03680,10930368000
671.3702295557766,317.7336701723551,1093.26410,10932641000
654.5362345130836,293.72865734963176,1093.47910,10934791000
686.540752688491,314.99941600956504,1093.69740,10936974000
742.7967170257191,405.87992558393364,1093.91530,10939153000
760.2224080450947,402.7829374057087,1094.12630,10941263000
711.8652072378715,412.3628077535851,1094.34440,10943444000
625.8897551020034,406.99272958543867,1094.56250,10945625000
665.0622706161628,385.19213381010616,1094.77940,10947794000
653.1311266718455,375.27764771257466,1094.99970,10949997000
707.2589513270053,380.36781888770327,1095.21590,10952159000
756.6200864400116,391.32810642912125,1095.44010,10954401000
754.5368751412207,337.5593480505959,1095.65840,10956584000
819.9167644377721,314.9519943659581,1095.87460,10958746000
992.2826043267107,329.71924921376694,1096.09170,10960917000
1170.8447874110727,324.9672259991722,1096.31030,10963103000
1294.9608890074878,319.96913969177274,1096.53630,10965363000
1302.1237998017427,326.0039199768492,1096.75360,10967536000
1376.8161197526908,315.76203360642114,1096.97440,10969744000
1453.1815856213882,303.26949613582667,1097.19190,10971919000
1449.5929719635185,276.1517540542013,1097.40640,10974064000
1431.4587137227861,232.80931636484578,1097.62510,10976251000
1509.1616330224683,256.6475048051451,1097.84400,10978440000
1537.6498553815707,240.02754845930147,1098.06790,10980679000
1563.5033525038696,281.2839203389945,1098.29410,10982941000
1475.176492143607,375.80334352523454,1098.51580,10985158000
1331.9976402518782,403.76555477319056,1098.73810,10987381000
1234.4403110225485,429.2635547819363,1098.95990,10989599000
1116.9675343429042,483.2910448545098,1099.18000,10991800000
1030.7636242805822,491.5111769571805,1099.41350,10994135000
761.8932063386992,412.5231874014713,1099.63340,10996334000
702.4600140288461,336.58686963989027,1099.85050,10998505000
664.2335885720419,281.93451199503426,1100.07170,11000717000
582.7908304599607,277.10718869143113,1100.28990,11002899000
665.2980333307702,330.0951616618643,1100.51400,11005140000
648.1950690185987,371.08653832642926,1100.72960,11007296000
634.1391555498966,445.25772271113397,1100.94350,11009435000
574.2805408693075,470.2045394719371,1101.15510,11011551000
638.0686927450236,495.8227138213433,1101.38610,11013861000
596.1258330944513,476.5540902408709,1101.61000,11016100000
542.3546629283688,462.4120129804763,1101.83270,11018327000
733.2095443945788,410.58794567260964,1102.06420,11020642000
772.0567018841683,407.5221518035247,1102.29150,11022915000
784.9649310565069,460.52590490663306,1102.51650,11025165000
751.3823058857823,482.18447036733363,1102.74140,11027414000
817.4274222828507,543.016566822737,1102.96260,11029626000
918.8838663950964,660.4533387435248,1103.19840,11031984000
1083.9065861441063,581.20286733597,1103.43020,11034302000
1201.466488029234,521.2339701065441,1103.65700,11036570000
1319.2375770839606,472.7366203151412,1103.87920,11038792000
1317.6842972768104,416.42034556939757,1104.10990,11041099000
1174.4130817034188,390.7240776168462,1104.33680,11043368000
1061.5296076750176,385.6603024428122,1104.56480,11045648000
937.2856668341573,376.6447109294915,1104.78000,11047800000
964.3405916080237,418.0333668223718,1104.99850,11049985000
952.8595011960239,445.41238943942017,1105.21750,11052175000
966.0172072378746,421.502397941659,1105.44170,11054417000
940.4991637398555,408.94747125498515,1105.66840,11056684000
991.9188496556364,364.58604591937893,1105.89150,11058915000
1029.7769917121798,311.9311670415941,1106.11320,11061132000
1189.8812230886497,285.09432698419823,1106.34060,11063406000
1198.0884239474667,248.72606751345057,1106.56760,11065676000
1349.6415305428031,377.68695692371705,1106.78540,11067854000
1350.952133013486,375.03645575592043,1107.01420,11070142000
1352.7650718552313,362.9187381276189,1107.24130,11072413000
1406.0004306148217,338.37610950407645,1107.46400,11074640000
1348.6291660480686,316.05587616692725,1107.68570,11076857000
1318.3334727536005,309.1095251684115,1107.90910,11079091000
1348.492658460621,369.44812414814146,1108.14220,11081422000
1453.435465992398,345.1225814541432,1108.37590,11083759000
1584.5113369351002,348.44761831135156,1108.59730,11085973000
1576.9129362805995,341.71601794999657,1108.81690,11088169000
1410.4592726111337,389.4363088717606,1109.04170,11090417000
1240.4626860072738,470.46454117082584,1109.27350,11092735000
1090.5315624807524,527.153415906574,1109.49270,11094927000
880.0313510359199,590.4107427526551,1109.70970,11097097000
806.8479143360105,594.2017439084343,1109.95030,11099503000
675.5681235633174,670.039621697703,1110.16620,11101662000
528.7901794245399,638.7421807165001,1110.40840,11104084000
403.1666855886019,656.3290153663677,1110.63760,11106376000
391.9814630225967,645.6338100880082,1110.85100,11108510000
381.62548776400115,629.054007804012,1111.07590,11110759000
449.6293243495991,654.8828783572854,1111.29200,11112920000
495.6373004013765,618.9294414536581,1111.52530,11115253000
452.8232229035959,537.2945446250013,1111.75280,11117528000
429.20886302367694,487.0365166590349,1111.97270,11119727000
447.17833093573165,406.0587649514576,1112.20800,11122080000
504.2140701013457,359.6408690774216,1112.44280,11124428000
540.1855168648117,371.7526836709394,1112.67140,11126714000
541.9233184525539,401.8144689125338,1112.89420,11128942000
550.1009705699898,391.5107689407699,1113.11970,11131197000
648.9432761566599,415.38572382266165,1113.34210,11133421000
664.9823226369731,417.2273316889956,1113.57300,11135730000
662.0404250984576,449.18348616280343,1113.79260,11137926000
717.233580214067,464.96993864567804,1114.01470,11140147000
737.3165663031592,469.24892079303396,1114.29200,11142920000
722.0875543366559,529.9540077295451,1114.50690,11145069000
675.7478404574556,563.4752449101416,1114.73220,11147322000
694.8630543854091,560.0791517497032,1114.96860,11149686000
666.4531977439306,532.515545009995,1115.18610,11151861000
704.1691876217053,559.5681775762031,1115.41070,11154107000
747.1215691816221,545.2541933072748,1115.64450,11156445000
805.1563317757644,523.9471680600327,1115.87450,11158745000
705.0108151876207,453.90833646482326,1116.09940,11160994000
660.1585135513769,435.5510155911232,1116.34070,11163407000
627.9459821847963,396.6450610443826,1116.57430,11165743000
677.1342745474439,405.5945581451096,1116.79350,11167935000
677.400708948485,461.7222674939727,1117.01710,11170171000
787.1417202088977,484.0050976355079,1117.25900,11172590000
800.9557215517399,431.35846566632097,1117.49920,11174992000
759.0963505891573,368.0126367599707,1117.72410,11177241000
757.886529439848,385.75286849635137,1117.96490,11179649000
681.7559696592299,379.4345049197121,1118.18800,11181880000
762.971996362532,332.22579731917716,1118.41800,11184180000
792.1941965138153,296.00214120882003,1118.64830,11186483000
903.7136413514286,242.8022602729185,1118.86770,11188677000
1091.3517543680405,234.1582326148248,1119.08240,11190824000
1294.0819542187255,181.53895978366074,1119.30060,11193006000
1181.830580664518,320.29716250013655,1119.53420,11195342000
1037.9310102116262,370.7519416595552,1119.75320,11197532000
880.2117056453026,359.84237371519254,1119.98540,11199854000
747.96756789976,383.3136991214075,1120.20940,11202094000
786.8940176273717,362.5034796920678,1120.42880,11204288000
741.2465238346686,342.1964117312882,1120.64180,11206418000
670.460216569772,373.3014153943155,1120.86350,11208635000
598.3972411972605,442.22014915665966,1121.07910,11210791000
638.872098852983,434.65184700238376,1121.29970,11212997000
625.759355747974,367.5103608958499,1121.51790,11215179000
646.4080025361545,388.8065104774777,1121.75170,11217517000
692.1602644901415,374.57937749348196,1121.99480,11219948000
670.5765203793811,342.6002851948467,1122.21300,11222130000
708.218282329188,328.52613929531145,1122.43330,11224333000
696.9993666883003,353.50386300165354,1122.64480,11226448000
684.2838546633839,357.91597297074827,1122.86800,11228680000
676.2101519458128,385.40579355843533,1123.09540,11230954000
595.815935777166,358.08044594707576,1123.33210,11233321000
707.0889533426341,395.69957377693004,1123.57470,11235747000
693.8795728302725,483.814173495316,1123.80900,11238090000
849.5919178923484,469.46276262739167,1124.03010,11240301000
964.1283625685577,450.3489926624525,1124.25310,11242531000
1086.8333457459555,408.87950328045935,1124.51240,11245124000
1243.212962358584,359.14965413704283,1124.73390,11247339000
1365.2712695682258,276.79705449343237,1124.95500,11249550000
1502.4246851988917,226.71013369009265,1125.17660,11251766000
1321.1705853221004,342.99056042466594,1125.39290,11253929000
1250.0528493947245,429.01133841349355,1125.62930,11256293000
1105.1007621118995,503.695066124028,1125.86930,11258693000
935.7151175184501,531.6523588202494,1126.09670,11260967000
805.7827349529065,582.6740210392752,1126.33580,11263358000
684.0010336017574,609.9950352081066,1126.57140,11265714000
666.1916035201259,633.6869576381115,1126.79550,11267955000
669.3002472933454,648.5178799643496,1127.02230,11270223000
712.100183978108,655.6007368926844,1127.26340,11272634000
659.5321112216068,620.9532814942194,1127.47790,11274779000
658.7564037286869,637.2318137973535,1127.69960,11276996000
682.2782236572695,608.5062818646857,1127.93330,11279333000
679.0880106218009,564.5034334246254,1128.15830,11281583000
663.8560875131654,673.1186945547977,1128.40790,11284079000
632.0986084334235,679.4008025518913,1128.64660,11286466000
656.9345166005392,673.2688549079465,1128.87620,11288762000
543.5264865651891,674.0224830838738,1129.10160,11291016000
533.2833660049439,673.9124310585212,1129.32940,11293294000
648.0461090625147,699.4210205125585,1129.56280,11295628000
720.9048028411542,736.9291734003929,1129.78870,11297887000
701.8620772006709,749.5366261028796,1130.02050,11300205000
669.0930884062823,687.1339849385043,1130.27000,11302700000
647.0961313024458,625.1296988363929,1130.50560,11305056000
747.417264915317,613.1866023956559,1130.73290,11307329000
834.5448748438953,629.4562616265442,1130.96630,11309663000
909.4622502584066,591.2759548199482,1131.19620,11311962000
895.7654014941843,659.7756737551317,1131.43110,11314311000
844.8519972952606,615.653827653073,1131.67770,11316777000
834.7637515751791,615.288849463104,1131.91110,11319111000
816.4134551601052,634.0661250206724,1132.15420,11321542000
764.7264247212596,613.2976416764731,1132.38880,11323888000
699.298663260709,561.6694887543275,1132.61850,11326185000
634.9266288480089,536.7593443464799,1132.84590,11328459000
608.3546433993531,495.8549351595442,1133.07410,11330741000
539.6696676082506,524.8219106351992,1133.29900,11332990000
682.3536158030226,512.3696017239348,1133.51940,11335194000
712.9020824334814,585.6295032104739,1133.74470,11337447000
758.0289185589238,596.2147382866456,1133.97860,11339786000
730.1842787169187,615.1795563602051,1134.19630,11341963000
702.1353451686625,588.7795673283268,1134.43020,11344302000
594.7054564137112,588.9849187317127,1134.65600,11346560000
591.7559578720031,539.0681025544338,1134.88420,11348842000
524.9962635945936,522.194775940379,1135.11430,11351143000
714.153456259412,497.1042305660003,1135.33480,11353348000
951.082578130147,495.0345026261653,1135.55790,11355579000
1164.8300391676994,452.8814347871735,1135.78450,11357845000
1130.451583553605,530.6617554060084,1136.00810,11360081000
1321.7055402618648,526.9516378599931,1136.23670,11362367000
1424.1152734286804,521.7639620552401,1136.46140,11364614000
1447.6238465407318,510.6629063298781,1136.68570,11366857000
1420.0762094675283,513.1882433159387,1136.91050,11369105000
1334.3576167819522,495.7880935872157,1137.13890,11371389000
1190.639204730097,467.8981428030579,1137.36500,11373650000
1101.5575396018946,472.9624293096646,1137.61340,11376134000
1025.8133734699732,480.00126267196595,1137.84200,11378420000
995.752624366464,497.91846502758176,1138.06420,11380642000
911.1999449836004,491.0982796088341,1138.28730,11382873000
968.1917329915841,458.95108474148833,1138.51910,11385191000
1035.8954909472666,454.84306813772173,1138.73870,11387387000
1009.1686037554172,450.4838886675905,1138.95180,11389518000
940.0049707738051,485.65667239685405,1139.17770,11391777000
774.4377009171641,527.9729299360714,1139.40730,11394073000
743.8952040672447,594.2519689565415,1139.63710,11396371000
720.7314793997405,613.9759059501357,1139.85780,11398578000
756.0408522721445,638.3966399284238,1140.08800,11400880000
786.1079629066097,633.2428326157672,1140.30530,11403053000
905.0019440411238,638.6694510286677,1140.52470,11405247000
991.4292840712658,643.006681512381,1140.74210,11407421000
1064.4538369055888,636.6203081311443,1140.95790,11409579000
1100.3487056032147,631.2078023895432,1141.18750,11411875000
1019.1855428172582,640.2750080447678,1141.41530,11414153000
929.9351181681379,691.9908432171818,1141.64450,11416445000
973.5654137736121,692.5040168686461,1141.87230,11418723000
1042.0675749984023,727.7764504351325,1142.08810,11420881000
1058.1337825326118,751.9924599940437,1142.30830,11423083000
991.6064058762039,762.4863828291734,1142.52720,11425272000
893.2832470015226,798.8540891562141,1142.75030,11427503000
960.0780345885472,751.5837914004082,1142.97090,11429709000
876.8301360880911,743.5766240134997,1143.19370,11431937000
775.9012301422694,758.8114558018002,1143.41670,11434167000
618.3984490454276,778.9090266786341,1143.64420,11436442000
511.63595051231505,754.8314269498911,1143.87410,11438741000
532.6550980529266,696.6553903703722,1144.09500,11440950000
570.6585663130063,641.2078781999548,1144.31980,11443198000
651.6322864497472,625.7817340926956,1144.56360,11445636000
717.7495552223177,585.8181474206475,1144.78560,11447856000
671.4413642711526,674.4885174152581,1145.02170,11450217000
671.8815638009258,690.2767701313855,1145.24810,11452481000
580.8919047191329,631.0642918165447,1145.47100,11454710000
565.1276537137844,540.2635770472241,1145.69280,11456928000
670.4677696621237,522.0464567494388,1145.90870,11459087000
755.6664283470507,531.60339863744,1146.13340,11461334000
807.232695586578,550.3395611998973,1146.35320,11463532000
745.0021931652484,533.7167764211681,1146.57360,11465736000
692.9412150894675,597.9517448998721,1146.78650,11467865000
721.8153088246646,619.5323526781294,1147.00910,11470091000
704.7907350379692,655.9203994693072,1147.22740,11472274000
666.5346598153343,611.0965601361979,1147.46440,11474644000
641.9603232736191,576.2431136438631,1147.68360,11476836000
743.5008188711752,516.2181398959149,1147.91140,11479114000
783.7400778655617,432.77395653675507,1148.13220,11481322000
900.0715053519006,444.46609917629866,1148.34790,11483479000
865.655496679912,423.3198716497266,1148.57190,11485719000
839.788797257962,395.90209694296243,1148.79990,11487999000
800.5265437101854,348.01686294122646,1149.03890,11490389000
806.9032568945244,303.55269091579777,1149.26350,11492635000
784.3713715357724,323.1854309651059,1149.49100,11494910000
786.9565794057767,364.1434798848026,1149.72250,11497225000
726.2903412124361,360.6649896055224,1149.95110,11499511000
781.9418490056165,387.994124630713,1150.18310,11501831000
870.509682597594,386.4213074558121,1150.40890,11504089000
970.530197516524,363.8372106243349,1150.63800,11506380000
1121.7300833533627,317.8503075199252,1150.86830,11508683000
1025.255628385056,276.1035912957383,1151.08660,11510866000
925.5255214126022,245.1697801345038,1151.30860,11513086000
973.3175321891715,223.658730889278,1151.53520,11515352000
946.3029092611287,255.67145285078888,1151.75650,11517565000
930.1005847725713,343.1687147205144,1151.97810,11519781000
867.4802880534286,312.0718590395252,1152.20570,11522057000
790.3824446490918,261.1877657102914,1152.43590,11524359000
706.2724803675495,240.91475658651467,1152.67170,11526717000
693.8104683746345,249.06303820194776,1152.89620,11528962000
625.0778457920804,251.45841422247793,1153.11650,11531165000
612.1574388190306,229.01021999258353,1153.33090,11533309000
628.0462545239193,174.01170690803224,1153.55450,11535545000
616.2799531964149,209.3901737939017,1153.77360,11537736000
613.4821825394666,223.4431189108657,1153.98540,11539854000
587.2462024433057,318.2177496466102,1154.20840,11542084000
633.9575222493946,329.17297641201435,1154.42960,11544296000
662.2069469251113,337.07161494664837,1154.65390,11546539000
711.0727801102088,367.48671293315294,1154.87430,11548743000
712.7060949354478,370.49751806524614,1155.10010,11551001000
682.9845152170213,358.5045437398382,1155.33890,11553389000
648.6403408178202,349.10846827323576,1155.56450,11555645000
667.2078888789305,310.1267236397425,1155.80110,11558011000
665.6227814426312,330.8274563231234,1156.03500,11560350000
598.0682359002451,337.8435751517294,1156.26220,11562622000
611.827148335641,346.9868991598037,1156.49050,11564905000
614.416009369921,326.4463604976283,1156.71200,11567120000
619.8949781292418,290.5099468585981,1156.93070,11569307000
663.7654376731814,414.6362088026042,1157.16390,11571639000
640.6106255422676,390.41612539312666,1157.38880,11573888000
700.46481374767,363.0036656815409,1157.61670,11576167000
741.8078293859843,328.031883340225,1157.84460,11578446000
753.554951144598,326.7610299049091,1158.07090,11580709000
764.1804577293896,453.7133066339793,1158.29390,11582939000
751.3653730086362,468.4799696906624,1158.53300,11585330000
711.856341751493,510.7938851439435,1158.75730,11587573000
738.5474308254044,476.5842880120123,1158.98800,11589880000
721.5639588583699,442.06085174211626,1159.20860,11592086000
745.5431393560018,388.56890927430766,1159.44450,11594445000
754.9909178810498,358.74222894610006,1159.67050,11596705000
757.9925720859449,352.6436402336779,1159.89320,11598932000
769.8374476305454,334.70409457757785,1160.11620,11601162000
723.5543120221477,323.9467030713004,1160.34580,11603458000
702.8647643938368,402.9636610762893,1160.56590,11605659000
689.9047325979609,392.39024816662953,1160.79750,11607975000
663.6856743572574,353.6303839836894,1161.01530,11610153000
699.6223864247249,297.70162500814286,1161.23640,11612364000
662.3282085687073,263.7225951706585,1161.45920,11614592000
694.4577321688981,264.19523978109606,1161.68250,11616825000
666.5894310624708,238.05348207291934,1161.90930,11619093000
693.5719855954776,240.84054483826,1162.13240,11621324000
763.4416639783803,273.1525990805489,1162.35730,11623573000
976.7892674993323,235.7786827395219,1162.58220,11625822000
1057.0368595019172,174.7914718796747,1162.80360,11628036000
1072.7834227386886,141.64260940806267,1163.02870,11630287000
1117.8329813124587,109.72163384289556,1163.25090,11632509000
1241.7111911078719,280.10629265055337,1163.47450,11634745000
1106.700848204667,252.05669778330707,1163.71720,11637172000
1081.5865987770994,252.28649795959777,1163.94380,11639438000
1061.7643252453208,274.00956125275104,1164.17250,11641725000
985.80264709947,258.28140155482913,1164.39360,11643936000
942.3301331977428,256.70061241717247,1164.61570,11646157000
919.3379536981754,247.07520393574393,1164.83490,11648349000
856.3744075865022,228.83143602577135,1165.05880,11650588000
849.4706633512967,225.68870626727474,1165.28280,11652828000
868.3539901390585,360.26378555859475,1165.51170,11655117000
752.2007681132087,318.51146725027945,1165.73260,11657326000
753.8632101944428,297.53657743007665,1165.95840,11659584000
794.9083325972061,261.4665987948731,1166.16900,11661690000
829.1681285998086,277.4507992279252,1166.39750,11663975000
799.5287042257896,273.1958154378042,1166.62210,11666221000
750.629758760791,268.7066677553606,1166.84510,11668451000
806.4200458536844,301.268819438824,1167.07270,11670727000
847.444654933858,286.1003276140142,1167.29520,11672952000
909.2614770342666,301.5079361802345,1167.53410,11675341000
950.8164401643716,315.2333443152516,1167.77070,11677707000
992.723265371354,301.11910005910596,1167.98850,11679885000
1023.1637172567513,398.4791219953427,1168.21830,11682183000
910.4601234997901,380.23512137890094,1168.44230,11684423000
883.9674844757996,345.8604613349862,1168.66990,11686699000
893.5109188364779,336.051789827542,1168.89310,11688931000
825.800733305692,332.4574535048553,1169.11270,11691127000
945.8194770111645,312.66282099752766,1169.34380,11693438000
998.846119522126,307.2002997979177,1169.56420,11695642000
1059.705035449275,434.93505359861217,1169.79270,11697927000
1117.3103770942835,433.3376571572028,1170.01770,11700177000
1223.2018062488928,405.4421099737221,1170.24900,11702490000
1302.5395306130654,357.08175801320897,1170.47730,11704773000
1225.0225415998568,399.61130685680604,1170.71040,11707104000
1049.3495850002187,408.6012251713205,1170.94780,11709478000
933.9138758215531,360.87028571800687,1171.16590,11711659000
831.4986079474712,321.92858716049165,1171.38710,11713871000
748.323074056611,300.012811139503,1171.61150,11716115000
640.7480840628987,276.9729732476342,1171.82860,11718286000
658.2764697270173,354.77361340628494,1172.05120,11720512000
685.9220879494168,360.1791502939462,1172.27240,11722724000
668.4043859195261,399.63049236560227,1172.49760,11724976000
578.6260898994149,401.7474295374701,1172.72400,11727240000
510.17485839771234,422.53776370646403,1172.94630,11729463000
560.612957332227,410.0977380176341,1173.16940,11731694000
779.9022447985612,368.1318252416039,1173.39360,11733936000
999.3024255542521,322.37163579215957,1173.61190,11736119000
1203.0911597988231,278.1229571385837,1173.83590,11738359000
1368.5903239681581,301.8666743431062,1174.05070,11740507000
1394.6193130679592,346.3330099367499,1174.27270,11742727000
1422.626168638946,372.4509825506356,1174.49350,11744935000
1430.2103953047115,379.99149615057485,1174.71440,11747144000
1319.6380523690175,450.86328825863933,1174.93730,11749373000
1211.421439412732,528.400293119516,1175.16710,11751671000
961.4771636408548,506.83638953030646,1175.38200,11753820000
829.4988514979318,519.3111109425546,1175.60260,11756026000
714.5296320607978,517.0007940009631,1175.83370,11758337000
720.9768500709504,459.0171780440399,1176.06220,11760622000
653.3306483139759,488.29110554499647,1176.28520,11762852000
682.3554415025728,535.1109769970432,1176.51570,11765157000
614.1193930988289,518.4032738209596,1176.73710,11767371000
542.7540262774693,473.1877860690938,1176.96410,11769641000
612.6774774658893,452.9203550094264,1177.19120,11771912000
788.5463447558636,410.79786150214557,1177.41270,11774127000
989.4297116415819,375.30865917157627,1177.63820,11776382000
1051.075606082429,378.83899965381056,1177.85310,11778531000
1069.2517073956885,351.86769266559526,1178.07840,11780784000
984.5461280133203,392.12714092781215,1178.30370,11783037000
861.3785998173045,425.9574903370667,1178.52990,11785299000
819.8041924917416,458.3959692037833,1178.75670,11787567000
746.0392010090767,548.670455190892,1178.97590,11789759000
744.197818208042,513.2680254175459,1179.21120,11792112000
748.8173598229438,443.9313142415091,1179.43790,11794379000
736.1097672212092,393.249247280012,1179.67100,11796710000
741.5389518420375,353.49346804176633,1179.89260,11798926000
696.9307114782428,342.4381061921874,1180.12420,11801242000
678.5560666295125,486.1155448874665,1180.34780,11803478000
812.6061612445815,521.2782069607028,1180.57390,11805739000
944.6189485773451,490.06581344726504,1180.79770,11807977000
1052.985053629902,466.91966684470094,1181.01570,11810157000
1166.080763244055,378.6390513722583,1181.23690,11812369000
1327.0711666351788,263.2482202592204,1181.45900,11814590000
1483.0100634919852,228.9488307642912,1181.68270,11816827000
1384.6480474074162,225.30470369804272,1181.91130,11819113000
1234.0051226493379,193.40633167141112,1182.13640,11821364000
1074.3905534768683,173.71928109601203,1182.36540,11823654000
960.584195310919,179.72132091215644,1182.59410,11825941000
825.7171606313782,209.29526863996568,1182.82860,11828286000
719.2745808430659,265.7175213929295,1183.08920,11830892000
667.9592579489668,251.99654901425117,1183.32970,11833297000
709.4031701309534,272.4895850118638,1183.56540,11835654000
893.595978604573,289.5491626205505,1183.79020,11837902000
1069.087694021923,297.25917394561174,1184.03170,11840317000
1011.7771030804779,371.5843765248977,1184.26980,11842698000
1030.9859053693772,389.1211538036259,1184.50410,11845041000
1013.7681256545518,482.54791856838546,1184.73550,11847355000
993.9932541579147,431.8312377205749,1184.97380,11849738000
846.9307280078185,389.41926368089685,1185.19660,11851966000
808.8543377085365,372.6481710677932,1185.41810,11854181000
733.029087028353,322.89468121253555,1185.64240,11856424000
723.8530137221994,272.71138130530227,1185.85450,11858545000
750.0051110269038,377.4689355314107,1186.08730,11860873000
631.2681145751492,450.5951086189573,1186.31060,11863106000
577.4374778151188,482.0300506503084,1186.53830,11865383000
548.021811760696,475.57313429108876,1186.76130,11867613000
523.2105407294711,500.7645609688853,1186.98610,11869861000
512.6564835245937,453.82080764750947,1187.22350,11872235000
492.31397731062924,399.2912630395303,1187.44720,11874472000
528.9457693487124,354.5606176373505,1187.66840,11876684000
560.4453625328094,354.265105540504,1187.89150,11878915000
630.9650892726542,387.4813415335228,1188.12630,11881263000
662.8712401370684,460.02898162303813,1188.35530,11883553000
737.7758447229085,469.0024424811339,1188.58410,11885841000
723.3422704393432,531.8191357476727,1188.80650,11888065000
765.7972335732265,582.0533831848351,1189.03350,11890335000
722.0788025609102,629.0655776068991,1189.25430,11892543000
787.0069011062507,606.0467213773213,1189.47610,11894761000
780.1575549234459,651.5905131319745,1189.70020,11897002000
778.8395261220224,678.7808606494283,1189.91490,11899149000
757.7445452421614,674.998498836329,1190.13820,11901382000
824.2379946485985,626.2312415400147,1190.37540,11903754000
816.7980342473523,529.7401721997495,1190.59520,11905952000
763.0142882821602,454.55475032476204,1190.81530,11908153000
684.3451855118527,405.8107261886405,1191.04490,11910449000
723.2942862889281,412.63002720221823,1191.26680,11912668000
765.6998890551966,378.4898077841687,1191.48950,11914895000
717.0306766852971,323.9611668612928,1191.70540,11917054000
682.0374352411346,330.11270667689854,1191.93360,11919336000
716.6145291119894,284.7849215927879,1192.15610,11921561000
601.4725082018848,269.23120347026446,1192.37350,11923735000
564.5646361697912,240.14739454061603,1192.59330,11925933000
559.9544096259534,273.7437156937408,1192.82650,11928265000
558.7563640994321,300.52838551200136,1193.05190,11930519000
501.79955778657074,277.6257258223102,1193.28580,11932858000
530.0933738839669,321.17597145625706,1193.52330,11935233000
534.7004153611562,272.0078764338445,1193.74950,11937495000
560.4463116891233,299.0884354537847,1193.96710,11939671000
573.2078369742115,348.0636623557294,1194.20570,11942057000
596.5389823892002,416.59761355784156,1194.43240,11944324000
582.9918027679528,448.25097117652365,1194.65420,11946542000
634.7430752919917,405.0588256366608,1194.87520,11948752000
622.633653675428,393.73004052200173,1195.10090,11951009000
622.0766033144085,356.8420631639435,1195.32170,11953217000
653.9025195608933,384.6514459837135,1195.54420,11955442000
678.7808233813137,342.26895888008806,1195.76250,11957625000
618.748511362371,333.41628475052016,1195.98800,11959880000
578.6302436158328,485.7402696993706,1196.23740,11962374000
601.6440853142731,513.429819390896,1196.45380,11964538000
608.59021269729,504.2240823655277,1196.67930,11966793000
584.8886114578675,479.21088117699003,1196.90520,11969052000
635.4847423470171,459.5805583270344,1197.13040,11971304000
633.9455193729908,424.5411280628747,1197.36250,11973625000
658.3498244578476,389.7230896292548,1197.58880,11975888000
763.2686527651097,375.4041698824332,1197.80620,11978062000
892.3024454677917,352.65106928028086,1198.03520,11980352000
985.2062481540995,418.13721519184287,1198.27860,11982786000
1049.7619494148205,466.2437427111963,1198.52620,11985262000
1033.5370130819565,465.3273088637545,1198.77230,11987723000
913.7814441587287,564.8557979132065,1199.01000,11990100000
747.9484085666608,572.7447375021314,1199.25900,11992590000
653.9884716125048,638.8404295245408,1199.50550,11995055000
558.7546513692678,638.1742150457476,1199.74430,11997443000
521.1363483450235,631.2608906371751,1199.99060,11999906000
448.6270496197494,679.1678872108384,1200.21380,12002138000
385.7537463838895,787.5177650487502,1200.43570,12004357000
453.13472729477365,784.7305347283342,1200.66960,12006696000
443.9477691333685,730.5071434758968,1200.90520,12009052000
453.8849616986598,674.0352863550874,1201.13810,12011381000
463.8013139840006,631.7281934269403,1201.37300,12013730000
427.3089672525062,615.2675730969621,1201.60490,12016049000
545.0676601733776,550.1415459629452,1201.82790,12018279000
588.0720967524744,490.4874840786936,1202.05720,12020572000
679.8621097653522,492.01012382135144,1202.28870,12022887000
682.8789409076342,451.31970479117837,1202.51060,12025106000
740.4077832088725,484.04255970652343,1202.73070,12027307000
682.834079378739,475.4087637067245,1202.94970,12029497000
704.9870916861,498.2443357252906,1203.17020,12031702000
734.2696410365933,467.4174978192209,1203.39730,12033973000
815.2408022983212,414.46597311516297,1203.61870,12036187000
910.0456476457548,382.3764952895453,1203.85130,12038513000
960.8064072973,404.07729300076755,1204.08270,12040827000
1030.5363646038345,448.9937389392459,1204.30790,12043079000
1089.7098723391182,484.4272078867412,1204.54800,12045480000
1092.2679641592815,534.6382774865737,1204.78550,12047855000
955.3463467774329,545.181613039127,1205.01840,12050184000
824.3815866315884,613.8373514044321,1205.24430,12052443000
840.6979532817194,615.1398050054408,1205.47150,12054715000
794.1037435536734,717.0519317534029,1205.69610,12056961000
786.2483502095415,777.5792208942701,1205.92200,12059220000
863.0571508382501,781.053729819473,1206.14420,12061442000
808.6722159478574,820.815512332572,1206.36820,12063682000
756.4349458618503,794.8339796415243,1206.59710,12065971000
696.5125830738866,805.4360115614975,1206.82400,12068240000
657.2685480824832,701.2673761343565,1207.05200,12070520000
679.5767061958036,637.1366578464081,1207.28100,12072810000
676.7955018057273,561.776687090271,1207.50610,12075061000
634.9036008551216,559.9025705096076,1207.73570,12077357000
729.3960348659792,557.7683196265554,1207.96550,12079655000
661.2918991866812,452.533502894688,1208.18900,12081890000
632.863159906218,425.87852156307235,1208.41400,12084140000
659.1825745645832,395.3310572399123,1208.64190,12086419000
675.0109368895343,349.9400104322675,1208.86580,12088658000
725.9932962652741,335.4274659543581,1209.08500,12090850000
776.8818909642142,351.6451657628784,1209.30800,12093080000
722.5873498783429,409.1540849254591,1209.53250,12095325000
674.9256028840948,483.47543520952775,1209.74950,12097495000
647.8815312542501,543.5315366923339,1209.97460,12099746000
571.6662922467672,521.7310268812188,1210.19400,12101940000
551.891183021207,530.1482455607587,1210.42530,12104253000
674.6628114050599,582.0951494121227,1210.64660,12106466000
855.0150155247086,537.2740110516239,1210.87840,12108784000
1056.780328594738,461.2534263376053,1211.13160,12111316000
1211.176920134444,405.7668927090434,1211.35710,12113571000
1017.2095895436427,460.9716336879419,1211.59680,12115968000
950.4727745159884,422.12007272703715,1211.83730,12118373000
868.3791115081771,389.54817537837533,1212.07350,12120735000
877.7308363664904,361.5946855334969,1212.32200,12123220000
811.5282465866939,332.46430969443213,1212.57550,12125755000
758.9480019766063,359.645504222104,1212.81150,12128115000
741.0882216046872,351.1798813270042,1213.04240,12130424000
666.599991692084,318.72623418794956,1213.26210,12132621000
625.157339473225,288.6163499601514,1213.50240,12135024000
603.6452047732805,317.93165819256683,1213.78370,12137837000
590.9891898672341,349.8846688703382,1214.02830,12140283000
626.0752195618646,402.1555935394918,1214.25590,12142559000
687.1222628022723,472.8333742942417,1214.47310,12144731000
566.6598910887079,508.2331987382609,1214.70450,12147045000
458.1170535005118,485.0576940158216,1214.92640,12149264000
488.36077128385335,461.47636954998313,1215.17460,12151746000
444.6440874721059,480.12884373287795,1215.39540,12153954000
421.75909064260514,570.3573886670522,1215.62940,12156294000
341.2655017543518,611.3022349525779,1215.85350,12158535000
310.91541553424173,524.6923116510558,1216.09120,12160912000
349.7478719928704,435.04906696011443,1216.31460,12163146000
405.43559490030145,387.8828239131715,1216.52880,12165288000
492.7962020358991,328.47401710704145,1216.76620,12167662000
553.9233937660875,321.8822758734538,1216.98010,12169801000
609.663228790458,324.0623859328303,1217.21420,12172142000
619.5448278639341,327.1829802909095,1217.44220,12174422000
678.6964703095574,356.9279757556768,1217.68680,12176868000
744.5513560745015,405.8538793887685,1217.91510,12179151000
712.5419568486097,372.4845797377453,1218.13540,12181354000
733.2513505196457,401.7079243232927,1218.36750,12183675000
865.7840379870742,356.2348056576033,1218.59980,12185998000
1055.4255649559602,363.4465323937871,1218.84340,12188434000
952.5243167678648,391.64142835602445,1219.06870,12190687000
853.5522610843024,409.7171101459155,1219.29920,12192992000
798.9022727082361,417.34581538180163,1219.52360,12195236000
795.7290713815098,410.837276800846,1219.75180,12197518000
761.3401056017682,493.2735551223551,1219.98290,12199829000
759.7021349995667,486.3548673927679,1220.22390,12202239000
778.1737873714219,487.45226328164824,1220.44610,12204461000
891.2032753828469,403.8661399408509,1220.67270,12206727000
816.7820856226954,451.30783267319157,1220.89630,12208963000
703.0838533770664,475.6182672751218,1221.13470,12211347000
592.3721172171919,509.4896516764618,1221.35530,12213553000
577.5347020112633,494.34348766840446,1221.57600,12215760000
527.537535271222,493.6026836423709,1221.82790,12218279000
643.7160914485374,416.2989110520757,1222.05270,12220527000
828.0099054627124,378.2080098360818,1222.28080,12222808000
1081.0801396935944,321.72652153245554,1222.51340,12225134000
967.1975544025414,439.63108876517913,1222.73640,12227364000
808.864981078772,535.3675406832663,1222.95090,12229509000
757.484514637158,578.807232984312,1223.18660,12231866000
675.3754222022418,565.2162552345712,1223.40790,12234079000
661.4843380137561,470.23383164414787,1223.62980,12236298000
658.1888493161324,396.4125847556712,1223.84680,12238468000
667.7631475619884,473.0492493851923,1224.06600,12240660000
781.4810830097978,455.2981476564016,1224.28680,12242868000
922.5923629887163,392.96983796787435,1224.51610,12245161000
1134.6022386831567,352.2178218313242,1224.73280,12247328000
1123.7893496277989,331.356729974245,1224.95970,12249597000
1021.2088673053954,305.92474818607207,1225.18610,12251861000
894.3535408939242,261.25749349751686,1225.40730,12254073000
823.96487879523,390.9313544609313,1225.63290,12256329000
797.0510663069439,388.9560680733378,1225.84740,12258474000
842.8419490977549,365.4195125116435,1226.06360,12260636000
1011.4398602855912,343.7610495911886,1226.28580,12262858000
891.3749325779502,370.697037596127,1226.51740,12265174000
1071.323034895027,351.31829303526973,1226.75430,12267543000
1221.8600435266255,315.5701767560952,1226.97890,12269789000
1327.6101559488677,273.81100698121895,1227.20720,12272072000
1479.842295825218,230.88803470165752,1227.42180,12274218000
1550.188642009536,212.40278397157834,1227.65820,12276582000
1422.3495705815749,228.79855781284186,1227.88780,12278878000
1292.7538333484968,248.68143010570316,1228.12240,12281224000
1129.1593099184624,345.01379757500047,1228.34250,12283425000
984.0302442360814,324.1413895037217,1228.55720,12285572000
839.2910573886929,324.8837032180696,1228.77660,12287766000
721.2069334525193,283.7664971031504,1229.00130,12290013000
649.6647837980805,278.5643917060283,1229.22230,12292223000
556.8169803641072,244.96782380838084,1229.44390,12294439000
611.2033084861529,314.4604161882503,1229.66420,12296642000
641.8302493525455,322.9059150505014,1229.87610,12298761000
647.5974270024122,318.1836338570815,1230.09410,12300941000
725.905371438314,312.65228341720683,1230.30810,12303081000
784.5557103485689,353.4333463957497,1230.52320,12305232000
734.6307249895805,342.12091291399474,1230.74160,12307416000
682.5306033859048,464.6209270643425,1230.95670,12309567000
646.9191424115054,378.4810309557409,1231.17560,12311756000
651.1673254562146,348.8032401927579,1231.39550,12313955000
636.4981461986645,324.729837218065,1231.62860,12316286000
611.895933717941,269.3838418428961,1231.84840,12318484000
643.2196367992067,300.6765400603073,1232.07770,12320777000
660.2105516422329,300.241831097228,1232.30460,12323046000
675.718643736662,289.39440034925894,1232.52460,12325246000
631.6758243320518,223.0375459197149,1232.74620,12327462000
550.2645292603459,212.99212447339622,1232.95950,12329595000
620.7404438682761,248.97490535926593,1233.18760,12331876000
699.0751208159317,214.6111710634437,1233.42420,12334242000
907.4078367240248,247.06834941380816,1233.66110,12336611000
948.4369495256401,210.13020009374588,1233.88460,12338846000
999.8226960819854,184.14149147126088,1234.10660,12341066000
918.6166283775335,186.60209244124977,1234.33500,12343350000
891.712267474314,280.5375097154009,1234.56120,12345612000
794.9798154249715,360.1305176956118,1234.79830,12347983000
681.5853073793667,385.47633413428287,1235.03010,12350301000
715.8201438081284,434.13280254677096,1235.26260,12352626000
764.3605134423153,446.98377716248007,1235.49640,12354964000
680.2047115126464,483.8507739552104,1235.75810,12357581000
613.0989376431068,513.5640259477127,1235.99280,12359928000
612.1259799825663,546.8827296091459,1236.24740,12362474000
564.354006554619,508.31391149942834,1236.47660,12364766000
613.578894087637,523.6505386879539,1236.70510,12367051000
754.6388949418249,534.3446624298205,1236.94740,12369474000
844.0246448280024,551.0538445598373,1237.20530,12372053000
936.8725101691831,528.7365721535319,1237.43300,12374330000
898.8976090566786,508.81518209020714,1237.65950,12376595000
905.5609304984739,481.10199964015294,1237.88950,12378895000
860.0330691660322,461.9249576873234,1238.12890,12381289000
858.3465593060696,448.46919117908965,1238.37440,12383744000
858.6588120619931,448.05834621606584,1238.59600,12385960000
843.8580690021776,447.6652306760752,1238.83870,12388387000
841.7336729930291,603.4722118564343,1239.05450,12390545000
854.6822121060123,628.4457002403432,1239.28380,12392838000
864.5789226789502,675.8690841232526,1239.51080,12395108000
840.3042357823174,709.8530331572267,1239.74020,12397402000
900.478186239622,727.7859864369817,1239.96030,12399603000
913.85384694527,796.8377028738771,1240.17650,12401765000
945.3307112991807,889.8632374974878,1240.39770,12403977000
927.4875440481974,908.830954380925,1240.61640,12406164000
963.9378268077379,852.0335180816105,1240.83820,12408382000
923.7992742395403,838.5153081324369,1241.06980,12410698000
940.3125746828975,804.5016790797624,1241.29580,12412958000
949.3500668182115,728.8287546067868,1241.51680,12415168000
939.2735470893139,678.033657555668,1241.73680,12417368000
990.3798925195936,606.9147008788467,1241.95640,12419564000
1008.2011487321943,544.1934737928576,1242.17750,12421775000
977.5700397716827,434.6801267524824,1242.39660,12423966000
927.1057581394417,397.8807464281901,1242.62470,12426247000
819.158727286411,360.97002484654456,1242.85090,12428509000
648.3838071431802,440.92565668283135,1243.07240,12430724000
566.0078617556919,397.4725112049176,1243.29370,12432937000
471.3203818424456,343.6912836088708,1243.52890,12435289000
600.3174680248127,338.3180444648362,1243.75140,12437514000
581.582282520852,276.9793223016237,1243.97080,12439708000
571.0342491280711,238.86739842817371,1244.19800,12441980000
559.9769849703764,209.60197068358858,1244.41090,12444109000
462.9061484288575,260.4861558839048,1244.62350,12446235000
492.98999202181665,337.32679285319716,1244.86920,12448692000
456.5618734401776,339.3126151287916,1245.14390,12451439000
454.1298102422089,378.9065868472397,1245.36920,12453692000
465.1126307371023,435.96902267785094,1245.61540,12456154000
457.0111746263524,422.87820125634045,1245.84840,12458484000
416.1639480217498,426.97249357550226,1246.07160,12460716000
410.9300666718002,508.90307477030206,1246.31830,12463183000
417.5528318242989,506.3053911234069,1246.55780,12465578000
413.8611572765466,425.61299956256306,1246.78600,12467860000
473.2331895130193,409.75377063047165,1247.02720,12470272000
538.1489881082078,350.3901878062961,1247.26230,12472623000
663.6228083030267,378.64551009270593,1247.49010,12474901000
718.0127148828581,326.63043703896375,1247.70680,12477068000
618.3952227035217,401.49495978473277,1247.92080,12479208000
533.9533660077781,455.98692841211573,1248.14780,12481478000
575.0654145683338,495.88097842984,1248.37570,12483757000
544.9769359996912,569.3144776882343,1248.59590,12485959000
630.7959928130131,660.5346790867569,1248.81200,12488120000
706.0452428210166,736.2933467551028,1249.03430,12490343000
801.18604629685,779.4326585429147,1249.25730,12492573000
811.1296296996215,792.5544248427063,1249.48420,12494842000
713.6336377643631,802.6102207602944,1249.72040,12497204000
658.9275494242147,825.4375881744924,1249.94890,12499489000
658.4398728740988,740.4779368448584,1250.18080,12501808000
608.0330144333817,633.4079164698579,1250.41310,12504131000
722.4873333385622,562.8941352118492,1250.64760,12506476000
820.9018133802234,477.0733478803962,1250.87370,12508737000
866.4484953427428,439.0238330613565,1251.10830,12511083000
768.2085874306119,419.4903797064085,1251.34810,12513481000
690.8026495672397,385.2850873944008,1251.59810,12515981000
695.7855163872854,415.4201822820696,1251.81740,12518174000
669.6591119785471,442.54133400150425,1252.03790,12520379000
659.3239918243316,466.1246722139355,1252.25360,12522536000
633.7490001626594,470.22006506847123,1252.47960,12524796000
602.0858945130723,581.4699810590241,1252.70600,12527060000
582.3085369850122,498.34821533275755,1252.92660,12529266000
586.8730208228114,454.79501894208397,1253.16450,12531645000
548.9018619916218,426.8709458767482,1253.37730,12533773000
559.2529353591647,360.5944025817459,1253.58780,12535878000
591.2396311449025,337.68982558349796,1253.80790,12538079000
581.5078928201114,340.28715359007714,1254.03190,12540319000
570.123675758884,357.55443582638026,1254.25740,12542574000
548.2553794508625,343.2015100426597,1254.49180,12544918000
573.0576555557916,343.27258322538944,1254.71540,12547154000
606.6473578768756,348.84940521166925,1254.92860,12549286000
715.7095096697507,331.6845290242861,1255.15310,12551531000
831.7633476595907,239.96007674995525,1255.37820,12553782000
771.8785632228182,216.40157125787277,1255.59990,12555999000
739.2731338788774,181.5209220221959,1255.82000,12558200000
733.7843213515897,290.68150153815566,1256.04730,12560473000
757.1912243611495,304.48830876830937,1256.26620,12562662000
665.1569225182757,361.92249540285945,1256.50700,12565070000
575.764964101584,355.119459641294,1256.72780,12567278000
618.3448449239467,422.7975735588193,1256.94980,12569498000
674.5635556336451,470.28422443000073,1257.17940,12571794000
662.5783547667402,545.3573343266282,1257.40270,12574027000
717.1488064090647,590.1999574003777,1257.63230,12576323000
618.0937080867869,651.5952896057121,1257.86030,12578603000
579.8796616981197,652.9738505961161,1258.08810,12580881000
537.3503072032105,695.2048000175085,1258.30970,12583097000
495.58195176014965,687.6780588722637,1258.53040,12585304000
555.4636984661147,697.8480372281333,1258.75080,12587508000
642.2314312796764,794.3978694505637,1258.98020,12589802000
695.2582632650211,780.9138461882037,1259.20470,12592047000
782.3686028012141,766.0956935336457,1259.44080,12594408000
804.4750304609597,758.2874872884734,1259.67120,12596712000
799.117058600286,715.5384949091515,1259.90130,12599013000
751.6009694619598,633.3679046978441,1260.12480,12601248000
748.5669225697749,617.1008400228401,1260.35840,12603584000
754.1173923365726,575.6714784141316,1260.58940,12605894000
815.8538849683139,552.5477423653406,1260.81730,12608173000
859.4280961782463,450.81428748252233,1261.03880,12610388000
1020.1184489187602,369.85101271874134,1261.26510,12612651000
1129.9189388673763,312.73622543956174,1261.49960,12614996000
1258.7179473179783,414.72952952812625,1261.71560,12617156000
1247.5601620639702,447.6703359370571,1261.95040,12619504000
1280.2216869137496,420.31255586802985,1262.18000,12621800000
1174.201608313529,376.1755913514878,1262.40550,12624055000
1019.1901616251557,295.82434839050046,1262.62410,12626241000
905.768291495458,237.0454611319081,1262.85150,12628515000
788.0950645777771,226.46174632247556,1263.07380,12630738000
682.0450686590987,235.14099293491824,1263.29250,12632925000
613.7233176989287,292.81531659417954,1263.51620,12635162000
537.606786218209,254.36491160138223,1263.74290,12637429000
537.4467008301734,297.9876309742211,1263.96310,12639631000
438.74767579033266,347.20216588732376,1264.18640,12641864000
593.2869071696234,450.1695411838688,1264.41300,12644130000
696.5287764071657,490.0642665203454,1264.63940,12646394000
793.746079563643,530.648807710716,1264.86980,12648698000
731.9313209107528,591.3332322313892,1265.10140,12651014000
705.9795893437326,600.1994411187965,1265.34960,12653496000
607.3450360569666,645.2678223612045,1265.58420,12655842000
585.0550918765955,695.0255187328767,1265.81150,12658115000
527.2126397749074,718.3544396357942,1266.03790,12660379000
530.051488517979,670.7114308291917,1266.26750,12662675000
531.2315252212816,663.9158691026444,1266.49250,12664925000
549.3899421420648,655.747266082834,1266.71330,12667133000
572.7237668514592,561.5262737408383,1266.92780,12669278000
556.1569096771266,515.4669116688175,1267.14920,12671492000
536.4890191915857,489.10805065475677,1267.37670,12673767000
558.8535196002957,481.24790454473225,1267.60110,12676011000
513.5058231607568,470.009931685021,1267.82200,12678220000
544.3226379002058,505.2783312827133,1268.04890,12680489000
592.1524771658718,473.0163539083625,1268.27550,12682755000
593.2795128889429,428.3483818927195,1268.49850,12684985000
550.1543780424001,390.0854347186101,1268.72840,12687284000
621.2508163119505,507.3152725413663,1268.95930,12689593000
743.1140088983811,563.4499648600889,1269.18710,12691871000
791.7020262311391,629.7434488637274,1269.42420,12694242000
844.1120137958146,584.4158043474584,1269.66120,12696612000
931.2976724909778,616.5214594751818,1269.88280,12698828000
934.0483757796676,673.4017048698644,1270.10680,12701068000
947.5796923938992,695.7308343194372,1270.33690,12703369000
953.3760832475384,746.568012960389,1270.56590,12705659000
1064.7120167087373,775.2638277710267,1270.79600,12707960000
1079.325674756263,646.4216197809174,1271.01900,12710190000
1235.908676513839,553.1893152028289,1271.25240,12712524000
1232.253744001259,477.6550529208763,1271.47460,12714746000
1158.922512290184,450.18212902131603,1271.69560,12716956000
1033.6287552863564,417.2584620061222,1271.91340,12719134000
1038.1335716566346,467.7324867978484,1272.13020,12721302000
828.1470037305147,581.9416741044863,1272.34920,12723492000
632.6467646001886,612.4410670240585,1272.57740,12725774000
546.7908852183593,642.6479781653675,1272.80110,12728011000
450.7161528683514,699.1526162596741,1273.02860,12730286000
489.66994566324036,717.4708800916899,1273.25320,12732532000
625.9888339543495,730.5954809445675,1273.47650,12734765000
664.834997131935,666.3042529972414,1273.70230,12737023000
743.5859761781696,680.5210029391066,1273.93480,12739348000
842.1692649093999,714.7176039402386,1274.17280,12741728000
727.0738560531843,692.4741635152958,1274.40360,12744036000
644.105956229827,680.6833479937357,1274.64470,12746447000
559.012861360537,682.0091717730755,1274.88620,12748862000
489.6912521670729,647.4167579464478,1275.12830,12751283000
504.57815780694995,610.5938373394646,1275.35710,12753571000
477.4101165671486,638.7302999929548,1275.58550,12755855000
561.043652550453,494.44106379622826,1275.82340,12758234000
812.9673809829401,410.78087105305116,1276.08290,12760829000
861.407620551628,382.1098500984972,1276.33680,12763368000
869.0763662148306,333.4093084614339,1276.57050,12765705000
810.1139340015204,347.1757466872368,1276.80800,12768080000
933.1139651187121,314.86599288525906,1277.04590,12770459000
1133.7720540129146,341.49966071538034,1277.28420,12772842000
1135.3363227167756,365.19213254218107,1277.52980,12775298000
1120.793644935494,368.44490182868793,1277.76550,12777655000
1108.95107202682,352.01507540243176,1277.99040,12779904000
1270.8667618199067,504.1383062897687,1278.22720,12782272000
1300.5266612557584,534.77243899325,1278.48060,12784806000
1416.3006140278414,496.7872344067492,1278.71430,12787143000
1473.47497332416,457.4934117313456,1278.95890,12789589000
1228.9570975594452,534.7281468192309,1279.19790,12791979000
1044.9511893134013,598.7497069271943,1279.42580,12794258000
880.8681723379397,691.5939271497646,1279.65550,12796555000
630.2612510131742,737.9190009124179,1279.89640,12798964000
532.1012147804945,836.3796402346564,1280.12590,12801259000
393.5796757258047,926.2936030137179,1280.34830,12803483000
228.52709282618252,929.8457777799276,1280.56620,12805662000
266.0248754528212,945.301902706757,1280.78460,12807846000
254.06731767986247,894.9826657830647,1281.01590,12810159000
264.2672769436271,894.1719940347785,1281.23770,12812377000
289.0640662331449,863.1525413215068,1281.45770,12814577000
324.70070244599805,828.8836772325561,1281.68180,12816818000
328.9370109048654,783.0578681072641,1281.90870,12819087000
320.06507342043625,714.3458672948618,1282.13140,12821314000
342.37279863691504,653.7576840315289,1282.36190,12823619000
383.045947695052,630.5250708464268,1282.58640,12825864000
416.0505464672823,581.7708229552542,1282.81080,12828108000
429.26920212958623,545.6767252402726,1283.03700,12830370000
468.6868438748701,471.10738059551295,1283.25580,12832558000
549.2310438959432,396.48756604470873,1283.48000,12834800000
698.1040899606794,387.817608519835,1283.71560,12837156000
597.3268220537008,524.3723305554497,1283.94280,12839428000
615.0252823536429,462.71664752056535,1284.19060,12841906000
633.7057406735458,447.4220140414646,1284.41300,12844130000
642.472328482434,463.79310901206753,1284.64280,12846428000
736.4777253777282,494.4919555962395,1284.87640,12848764000
738.4570397952966,541.2603521695245,1285.11010,12851101000
802.478220788591,579.7719065676654,1285.34050,12853405000
857.9067728514332,576.0977162526855,1285.57890,12855789000
925.502603022371,571.8116621128819,1285.80050,12858005000
938.624088207583,574.7941893085701,1286.02480,12860248000
900.9395073546154,581.7789035590527,1286.24980,12862498000
948.2245715039785,552.1503838894181,1286.46370,12864637000
901.2031327126545,562.0208437298164,1286.69220,12866922000
838.7896567075603,553.967714688721,1286.93830,12869383000
815.0666409902854,545.9462117260757,1287.19730,12871973000
821.3767227199887,537.8457162515645,1287.42360,12874236000
807.1042728200215,548.3923637208223,1287.66020,12876602000
813.4415163705677,559.1999129917313,1287.88190,12878819000
811.9079541932931,547.5010652148937,1288.10630,12881063000
823.4454771626405,601.5404408930674,1288.33890,12883389000
819.159971484899,616.9360219644511,1288.57350,12885735000
844.4072602721621,662.1541727386602,1288.80260,12888026000
845.9136417799376,641.2486524879503,1289.02560,12890256000
803.265528501171,668.730148385155,1289.26260,12892626000
834.3642266019624,699.4658806182234,1289.50060,12895006000
671.6636093950757,683.4496629583223,1289.73280,12897328000
592.5418226419738,656.6830677498617,1289.96410,12899641000
546.4273507146311,656.891535174319,1290.18690,12901869000
581.6682246542066,636.9446568091438,1290.41370,12904137000
687.8858581133953,596.0097887106632,1290.64040,12906404000
676.3453326931,619.0323597166928,1290.86470,12908647000
686.3074075137009,606.8238786727612,1291.10730,12911073000
760.4844441779562,602.1249183058917,1291.34460,12913446000
773.838850990687,561.0654331850196,1291.56810,12915681000
696.5016797367109,611.8714076743533,1291.80670,12918067000
735.1514232158996,639.0710113568152,1292.03720,12920372000
720.7616473071821,644.9267592653761,1292.26950,12922695000
619.2184790210913,691.8506577730197,1292.50130,12925013000
707.7017133486993,697.754253763974,1292.73830,12927383000
701.3822638212959,665.4493458941612,1292.96050,12929605000
775.513441552165,684.7612621014447,1293.17990,12931799000
796.7085632507528,647.9033201479346,1293.40490,12934049000
821.3690694693094,660.1320556419852,1293.62980,12936298000
817.130697861478,672.152129604651,1293.84910,12938491000
808.0096142455776,657.345187210179,1294.06800,12940680000
768.3546545365715,637.8751084201505,1294.28650,12942865000
804.6417708253152,608.7234821594506,1294.51780,12945178000
820.7127972049243,583.7166200816947,1294.74640,12947464000
852.7651226586197,587.8073042225806,1294.99360,12949936000
822.3382360557634,548.8944573708839,1295.23080,12952308000
787.0712212162872,576.5783136092061,1295.45760,12954576000
671.9758585752267,530.0208872750733,1295.69100,12956910000
645.9560950442786,485.3717703579263,1295.91820,12959182000
722.1915359302653,484.38194587440336,1296.14210,12961421000
746.5061202020413,517.9132569596103,1296.36460,12963646000
780.0275787554647,540.7337564990488,1296.58530,12965853000
820.880427472358,555.7263771309658,1296.81040,12968104000
824.7280670402286,584.7528533027363,1297.03710,12970371000
849.6362581524946,591.9063822912207,1297.26130,12972613000
858.0059056550909,577.0937564113461,1297.49620,12974962000
836.3467838748536,533.6141730058598,1297.73190,12977319000
843.9159750845928,533.0982856651932,1297.96690,12979669000
878.4558819528693,513.0758195706785,1298.20270,12982027000
834.3484191493992,475.87050447763204,1298.42980,12984298000
823.148993983477,526.1346781843557,1298.65960,12986596000
836.4007139547377,562.2824426064477,1298.88970,12988897000
753.1514067713981,612.6063357089042,1299.11630,12991163000
731.5993308072149,652.3494285144897,1299.34040,12993404000
642.2387506790227,721.8302104725899,1299.57950,12995795000
603.2511178187798,754.3326375432258,1299.81150,12998115000
611.7902724249142,785.8887620538909,1300.04260,13000426000
616.4906198345661,817.533321694616,1300.29030,13002903000
574.9386033600259,759.8896370060993,1300.51790,13005179000
513.7865834901881,657.9147363941397,1300.74590,13007459000
492.65811608710004,581.9738138041388,1300.96780,13009678000
500.4774111649336,514.1603234474386,1301.20640,13012064000
557.6702756363701,492.6919674235624,1301.44720,13014472000
540.0543070405894,449.23055198269594,1301.67730,13016773000
543.6312254922066,458.5049572355862,1301.90170,13019017000
481.87721572296704,424.7621869258073,1302.12940,13021294000
573.4704799515808,466.1413057823339,1302.35780,13023578000
715.9752086688779,507.7446965831309,1302.58270,13025827000
731.1170160972658,583.7923539183951,1302.80430,13028043000
655.9932248811758,660.980722635381,1303.02570,13030257000
530.942154952721,653.7609598224404,1303.25380,13032538000
478.3973497016132,653.9619261888665,1303.48810,13034881000
472.4342937769318,722.9308895789975,1303.72710,13037271000
456.47408899989733,740.6722155962885,1303.95040,13039504000
443.56183634249396,703.4367062314943,1304.19050,13041905000
473.5192684811741,668.9853666789019,1304.43150,13044315000
464.72880647296745,609.8709275263654,1304.66840,13046684000
454.92661179774234,549.153825628272,1304.90710,13049071000
443.98901577601976,478.99344695617293,1305.13360,13051336000
458.78790835088455,422.94864628403377,1305.37670,13053767000
476.9059893371998,370.70288131354516,1305.61630,13056163000
503.7116610508047,370.1583569580661,1305.86640,13058664000
503.4692794328172,471.0442267821789,1306.10350,13061035000
448.33310781711816,531.4857235310686,1306.33090,13063309000
641.5378939049239,536.024567398396,1306.56340,13065634000
705.5209343269107,517.2862864062267,1306.79800,13067980000
628.5256823785282,524.0156291336853,1307.02080,13070208000
555.3219645084846,541.2521012449475,1307.24940,13072494000
498.1374832456863,571.2323315222484,1307.48740,13074874000
454.2047337699614,584.2898114338975,1307.72480,13077248000
440.3073825912467,580.9426736438941,1307.95600,13079560000
471.91138609257507,576.6424921191548,1308.19460,13081946000
505.5548833893031,589.5272662328479,1308.42900,13084290000
490.69704882574763,598.3600629173461,1308.65440,13086544000
446.48567838383417,531.3770182999457,1308.87390,13088739000
459.21863968443853,521.0786709224163,1309.09720,13090972000
490.4354021401977,457.090688548702,1309.32500,13093250000
487.0041519974594,448.58564957491495,1309.54340,13095434000
498.2473155209616,433.5350060324023,1309.78090,13097809000
473.33768235474884,412.82162464708466,1310.03770,13100377000
438.4311725633578,373.4502331772169,1310.27030,13102703000
441.53061867158215,381.6749853422504,1310.50220,13105022000
602.0623314295609,480.50465172867865,1310.73120,13107312000
594.2073507559288,466.1511141933555,1310.94920,13109492000
565.4966705053522,448.93481565269406,1311.18070,13111807000
602.2201091698815,445.0158166005565,1311.43280,13114328000
573.6055366820386,459.76076233810056,1311.67910,13116791000
488.9702456587231,434.90946736827686,1311.91630,13119163000
548.7352686657887,406.98678626642777,1312.14280,13121428000
733.5781467089198,393.88500371694255,1312.36850,13123685000
745.6566023820059,372.5902187813713,1312.58610,13125861000
735.5142678844044,475.2893693775588,1312.82920,13128292000
788.4513780449076,493.07483171010045,1313.05440,13130544000
818.7021393639739,474.1917732874635,1313.27810,13132781000
847.2015958924939,457.19154969206784,1313.50610,13135061000
874.9356951820778,445.395864868852,1313.72580,13137258000
837.3499558427549,441.5263712017445,1313.94660,13139466000
824.3196657707815,466.5981557005037,1314.16800,13141680000
731.4520493729289,509.7800738350229,1314.40490,13144049000
660.4838716683902,477.35299124048584,1314.62340,13146234000
640.0215094182697,417.1325853792942,1314.84680,13148468000
576.2252298845137,391.8257577122433,1315.08250,13150825000
485.1343867345604,374.7525433173929,1315.31040,13153104000
410.6740693517094,330.70335476143555,1315.54300,13155430000
524.7849135063564,399.15981735168106,1315.77300,13157730000
548.9110835333917,403.1163315380213,1316.00120,13160012000
519.6051334107033,376.4651069872324,1316.22340,13162234000
503.8790334831231,375.4976540768763,1316.45830,13164583000
420.46564274985855,334.2274976549937,1316.68570,13166857000
385.04234310142834,282.69500507541807,1316.91490,13169149000
410.7111528938129,268.06929032019804,1317.14190,13171419000
471.23691686956823,351.4663626921224,1317.36100,13173610000
497.4514951087122,377.08354705714186,1317.59400,13175940000
500.50254598053675,363.41005471477894,1317.85260,13178526000
467.6159397570646,348.0734516758764,1318.08070,13180807000
459.07334830621255,317.99184952934985,1318.34000,13183400000
509.4633399020692,310.97354632954136,1318.58280,13185828000
500.60297026433824,339.47661337504775,1318.83240,13188324000
469.2140510318113,351.07642687363773,1319.06640,13190664000
527.7481570745251,372.3182679480228,1319.29410,13192941000
560.1503740666782,363.59057355851587,1319.52810,13195281000
532.115685575741,357.56866264516793,1319.75190,13197519000
539.1433343673583,324.74709782978005,1319.97150,13199715000
460.406761528052,337.8517225107255,1320.19870,13201987000
496.89273281315116,397.108641171166,1320.43000,13204300000
463.13406125955817,390.3509767257295,1320.65520,13206552000
456.58401000821823,373.29367315444796,1320.87530,13208753000
449.63132259435184,377.29821420275425,1321.10060,13211006000
494.94688859667525,342.53030526993297,1321.32620,13213262000
489.4355083320516,357.4744256092493,1321.55520,13215552000
507.8899641510646,361.6507009881191,1321.77550,13217755000
495.53532699185075,350.34460283470366,1321.99290,13219929000
514.2638679826116,356.6810015825651,1322.21580,13222158000
615.6860430852084,398.6235489096836,1322.45140,13224514000
725.0699538681166,417.83113248811566,1322.68540,13226854000
786.1713592147162,430.60571544887983,1322.91590,13229159000
814.371108571241,440.0442582617016,1323.13240,13231324000
719.627777153405,399.4557823279889,1323.36070,13233607000
655.8270203389516,405.8395307457559,1323.59040,13235904000
806.3557893794593,395.6718479441798,1323.81120,13238112000
1027.8806937403497,404.8502839741058,1324.03940,13240394000
1020.6782837232702,351.90270799610187,1324.26100,13242610000
1023.538734142633,323.46374146776327,1324.49420,13244942000
1074.2257503767821,274.1210777483275,1324.71450,13247145000
1078.0963319160298,303.69302103425304,1324.92980,13249298000
1011.0952301172438,369.6076692404896,1325.14860,13251486000
861.185309964529,364.6197062301603,1325.36720,13253672000
761.0941983640388,382.10502127080156,1325.59060,13255906000
685.8138257029206,374.84791189732016,1325.81470,13258147000
587.4192055711565,359.10715099991035,1326.03320,13260332000
551.7079189492894,428.4675404615036,1326.25910,13262591000
470.48721418229786,382.5510266599503,1326.49040,13264904000
532.9478733643527,382.4519670838792,1326.71200,13267120000
577.9855446298873,340.0644288301225,1326.93700,13269370000
647.2229597063721,294.99468753459263,1327.15730,13271573000
718.5094802518771,285.0251802483743,1327.38130,13273813000
871.9891949634388,266.82998069184305,1327.60970,13276097000
952.7253228565974,207.59406930823954,1327.82770,13278277000
1025.154992587374,263.29721065376305,1328.05190,13280519000
970.5661613806644,266.48625405511956,1328.28150,13282815000
904.7656729671497,266.42546234201455,1328.50430,13285043000
789.4618335430342,260.0105032491003,1328.71950,13287195000
737.5650991021463,249.39721061086297,1328.93390,13289339000
729.71082445925,249.62806214759195,1329.16140,13291614000
716.888480596302,306.01264185174415,1329.38990,13293899000
640.3452642353355,317.3704138471767,1329.61760,13296176000
618.0009096151304,303.80297247572713,1329.82920,13298292000
527.6581341130425,301.90106759165184,1330.04160,13300416000
486.3023176481103,323.31891799481446,1330.25620,13302562000
438.54055904338946,301.81727807272415,1330.47500,13304750000
394.3838544652574,297.1507958230054,1330.69070,13306907000
445.1332679088447,320.3247314158839,1330.93100,13309310000
436.15279446964075,361.4979288689368,1331.15040,13311504000
411.29007883181407,356.59534018781216,1331.37930,13313793000
450.40794411783264,369.46572190317164,1331.60570,13316057000
388.2423197280359,335.39112058258235,1331.84590,13318459000
496.21986876098975,359.9816212184671,1332.06740,13320674000
501.55009205942264,354.8021081385248,1332.29680,13322968000
626.57102081822,314.2418915290334,1332.52890,13325289000
628.1479901539433,302.14344783521454,1332.75860,13327586000
560.1006312204215,321.79005969137455,1332.98950,13329895000
511.4188747624095,343.4473650587728,1333.21860,13332186000
552.6030184459343,374.77977464775444,1333.44550,13334455000
565.3267707284874,416.3108199117544,1333.67440,13336744000
558.8445742214765,384.36531239692147,1333.90160,13339016000
578.7870214950553,351.40243763872724,1334.12570,13341257000
515.6339044240241,335.07162133767827,1334.34360,13343436000
523.6658167349447,335.8853581814483,1334.56890,13345689000
513.5395677739017,301.03047039777425,1334.78840,13347884000
506.33611523411236,296.7763015531923,1335.01100,13350110000
518.4850083612376,356.25238944590427,1335.22880,13352288000
579.3271413620229,399.9733598797942,1335.45320,13354532000
565.0702389054716,380.2377281659318,1335.68320,13356832000
503.7049385637971,339.1144301639033,1335.92200,13359220000
565.1928374661586,377.927642190863,1336.15890,13361589000
562.3626670310923,397.2715996335647,1336.38890,13363889000
608.4090354070485,367.9675204804002,1336.62510,13366251000
614.7291828678236,425.29870897824577,1336.84630,13368463000
588.125859682528,357.70811123126265,1337.07360,13370736000
575.4698942493561,347.33694799160793,1337.29890,13372989000
541.2526486508953,339.2787262766834,1337.52990,13375299000
460.7192376380799,278.10244615279476,1337.75400,13377540000
471.75528498322115,300.09773672459124,1337.97840,13379784000
544.6525430108984,315.5053868904516,1338.22720,13382272000
765.9999240832104,344.0932602227919,1338.45830,13384583000
960.0468016381934,305.503691819374,1338.68850,13386885000
1181.3366716135895,280.1848474717816,1338.91600,13389160000
1278.61152982924,296.1296230978726,1339.14240,13391424000
1241.016060560725,334.1465339186251,1339.37710,13393771000
1127.0087166917247,367.7487756008482,1339.60490,13396049000
1189.8700107826442,428.8095449541956,1339.83780,13398378000
1115.6266275483065,513.4615179692966,1340.06260,13400626000
1141.6706902287863,486.64677485351126,1340.29250,13402925000
1203.652062995061,478.27238337766846,1340.53920,13405392000
1309.7784735889215,439.87240579988116,1340.77470,13407747000
1310.6935472679074,403.86960176008193,1341.00590,13410059000
1398.8718891739231,382.04028057222297,1341.23560,13412356000
1468.4941596747599,369.04093413217515,1341.46840,13414684000
1556.2690687104937,328.57495774476,1341.69640,13416964000
1463.268453457709,295.27697127934226,1341.93060,13419306000
1514.0257830728751,268.9316226421694,1342.16600,13421660000
1526.4181992453111,250.71435940579403,1342.38700,13423870000
1531.2612707709698,214.75217531538846,1342.62620,13426262000
1531.370113681363,167.41002778417453,1342.85300,13428530000
1567.944368153448,166.7381780018643,1343.07910,13430791000
1633.357871310892,184.754387910836,1343.29940,13432994000
1662.337830063489,160.6912652507441,1343.52460,13435246000
1456.303215210167,164.59880502885017,1343.74670,13437467000
1318.7973324428378,203.18035410905262,1343.97650,13439765000
1222.356783082347,273.78374208759635,1344.21520,13442152000
1157.048354522549,338.8081593394262,1344.44680,13444468000
1061.5713485337849,398.33385910584786,1344.67480,13446748000
1070.2402264912655,419.21630256645335,1344.89270,13448927000
974.434817037691,434.50578559437093,1345.11890,13451189000
973.3652357067327,423.33686617863924,1345.37130,13453713000
966.0942821112812,438.73035585354194,1345.59590,13455959000
983.6334162587231,426.4710014671672,1345.82380,13458238000
990.280101791867,416.8878146534941,1346.05210,13460521000
916.3545716034012,456.1203730407966,1346.28440,13462844000
820.9847220784183,442.20247274523973,1346.52080,13465208000
860.8385835984491,451.9390312781782,1346.75840,13467584000
854.2081977018476,420.73516887818585,1346.98920,13469892000
851.984262562345,393.45221444946014,1347.21760,13472176000
809.432950503182,341.9184510123235,1347.44670,13474467000
846.329064155789,395.9113478128962,1347.67110,13476711000
732.5761859356348,347.300951760831,1347.90310,13479031000
743.8551386704183,374.24247041905693,1348.11870,13481187000
822.7799897178451,380.91564377134006,1348.34320,13483432000
930.5008184771644,399.0979558960757,1348.56010,13485601000
903.1373982804266,392.8948602834414,1348.78010,13487801000
887.2232849633622,383.18062456279733,1348.99360,13489936000
850.7771625338991,321.4205081650625,1349.21880,13492188000
876.7736618726813,428.1207470155417,1349.45060,13494506000
926.6428044784617,393.2536611816108,1349.67950,13496795000
987.3831705783466,415.3531877381107,1349.91130,13499113000
1048.1412162440615,426.9264332410728,1350.13060,13501306000
1040.2231870378137,419.77746832155407,1350.36340,13503634000
1012.4172650742346,428.0000071115122,1350.58540,13505854000
940.2119854989173,449.5041299188808,1350.81170,13508117000
988.070718797572,417.312351106733,1351.03900,13510390000
1022.1445203244022,420.3194232164774,1351.26450,13512645000
985.8188046564512,500.75908832254623,1351.48750,13514875000
973.7069255148486,476.6038900645215,1351.71750,13517175000
976.9439332755005,478.92588079046016,1351.93530,13519353000
992.1762551893197,455.7080235874021,1352.15260,13521526000
983.015197840699,398.0444826711418,1352.37510,13523751000
951.5704108540318,404.78269444172867,1352.59610,13525961000
952.4296941665121,406.82266435456705,1352.82810,13528281000
891.5331125932624,381.34577615092167,1353.05250,13530525000
928.0335170097569,409.5718308767525,1353.27150,13532715000
1042.0282480001986,397.9710649450155,1353.48880,13534888000
1174.4952742113546,362.91047591828675,1353.71310,13537131000
1148.182930215323,436.8446756014035,1353.94380,13539438000
1055.5495062915643,455.8345530525533,1354.19120,13541912000
1064.0302879929056,445.5748787474295,1354.43000,13544300000
1038.716296127298,429.8334504822623,1354.64880,13546488000
958.4478904175501,412.59666522619926,1354.87670,13548767000
933.8024015719511,384.4782097583672,1355.10970,13551097000
907.8276220722403,361.0290106526167,1355.32610,13553261000
878.0707383806617,318.44062035100376,1355.55510,13555551000
851.0718074715832,306.9935903214295,1355.78590,13557859000
827.4490026815062,315.2693711012631,1356.01060,13560106000
763.1503005848103,303.8949029435126,1356.23690,13562369000
712.5126081995345,312.87873882121715,1356.46740,13564674000
714.8124476714002,444.1442497669766,1356.71070,13567107000
760.1685652914741,452.9013127061781,1356.93320,13569332000
767.2479580747748,472.9486949252466,1357.15850,13571585000
874.8617933524395,435.93682787178676,1357.39630,13573963000
863.4257294153838,401.5986285235732,1357.61860,13576186000
930.6773741103526,390.81175908744643,1357.85260,13578526000
832.1912022755215,366.70852055967066,1358.09240,13580924000
742.7621577298231,365.2330660222659,1358.31590,13583159000
677.0632111547907,340.1903120279357,1358.56010,13585601000
678.0104450158959,331.4350548044427,1358.79850,13587985000
666.0418156428971,353.36332121022036,1359.01680,13590168000
628.5405113339147,361.6129363081473,1359.24560,13592456000
617.6162438154778,312.97755223151864,1359.47030,13594703000
573.8519230661059,318.65003722756404,1359.69280,13596928000
578.674744787012,331.24197096393914,1359.90930,13599093000
693.2501571183183,377.47848662109385,1360.14190,13601419000
749.3630166815622,406.4522230423459,1360.36360,13603636000
638.875277634511,420.9549252315187,1360.58590,13605859000
578.7236248533145,397.3453598983849,1360.80340,13608034000
542.4508849285181,370.0132936863886,1361.02150,13610215000
546.189788532331,360.2180012112282,1361.24310,13612431000
531.1437314517498,361.14735040205306,1361.47160,13614716000
525.3833578666535,336.5351310419133,1361.69300,13616930000
556.0275097597349,337.53013916296135,1361.90780,13619078000
537.8814796761981,301.53023169729363,1362.13130,13621313000
529.0584274708533,286.3224859632627,1362.35080,13623508000
555.0359994397884,273.3615573123237,1362.57910,13625791000
674.4521543302187,360.82369209810247,1362.80520,13628052000
712.0036862565144,390.27658192804415,1363.03850,13630385000
697.7698736292947,388.6512249687298,1363.27670,13632767000
641.486328414071,367.24932770526937,1363.50390,13635039000
596.5956332478218,320.56496022731017,1363.73730,13637373000
615.43765138449,297.6195661407616,1363.96980,13639698000
628.2824937177804,255.64144257632702,1364.19160,13641916000
627.5223112673257,243.06663836627368,1364.41550,13644155000
633.8088357969464,381.17197938867906,1364.64040,13646404000
767.0363222868982,357.8909839004014,1364.86440,13648644000
783.5200865992568,359.4905107977578,1365.08560,13650856000
779.4105481437296,337.7867842439373,1365.30960,13653096000
798.4499987435638,323.2884365160676,1365.52250,13655225000
778.7018468939334,302.2716886067955,1365.74260,13657426000
750.812208064705,302.4020149724273,1365.96160,13659616000
756.1508127350563,387.31308236641024,1366.17920,13661792000
763.972449702305,381.9417316593745,1366.40180,13664018000
690.1592800175526,343.0746584707152,1366.63160,13666316000
734.5724742059011,377.01199649644894,1366.85480,13668548000
792.8976373268704,362.385127439873,1367.07940,13670794000
882.0853609368011,299.3620180250696,1367.31460,13673146000
884.7903550848087,309.9115649588844,1367.54780,13675478000
1038.2492897414,402.9538299445729,1367.77650,13677765000
1139.5972594684154,391.7660006933192,1368.00150,13680015000
1204.057986345489,323.55778118661823,1368.22450,13682245000
1271.1865995931475,261.15256364671257,1368.45690,13684569000
1254.473101432127,284.25312104932215,1368.67990,13686799000
1141.0932152004495,279.7306519599849,1368.89730,13688973000
1057.441557959616,258.1766287903417,1369.11870,13691187000
954.074066228975,281.7625866145929,1369.34600,13693460000
923.1064972871325,350.7667186024262,1369.56740,13695674000
991.6151547948364,396.0524707924611,1369.78290,13697829000
1016.4906397475952,388.26328547157925,1370.00090,13700009000
1088.9641590439876,351.4532956606642,1370.22320,13702232000
1083.1338133071133,275.6605739393801,1370.44510,13704451000
1155.8442133101173,262.2577013133003,1370.66890,13706689000
1309.49816303657,220.50936110088645,1370.89200,13708920000
1390.0817604282195,191.1129214254178,1371.10730,13711073000
1219.4000854055053,204.94602546650069,1371.32930,13713293000
1136.9853306782675,308.64277296832915,1371.55470,13715547000
1055.0108755670158,302.38168777477654,1371.78060,13717806000
925.0353133320102,282.8661269171391,1372.00430,13720043000
851.6714854046163,275.5713278067597,1372.24790,13722479000
745.6948131346079,231.15839953388218,1372.47380,13724738000
719.7532754328025,208.18465620460745,1372.70330,13727033000
783.9418392242756,278.23746908486606,1372.92780,13729278000
885.1147780056973,251.22494877604424,1373.14550,13731455000
946.5266664273028,247.65296153761298,1373.37110,13733711000
1015.9189898806546,229.42921826286926,1373.59590,13735959000
1047.4634840424649,176.7873531846845,1373.83610,13738361000
972.1487239688255,239.3655891362599,1374.06750,13740675000
822.4192629746273,248.63489550958585,1374.28950,13742895000
739.2093511873181,244.30123717691947,1374.54300,13745430000
643.1301870399467,259.64103853204654,1374.76820,13747682000
569.0874268352923,247.5587250896457,1374.98860,13749886000
592.876731803249,278.12225191228936,1375.22660,13752266000
608.005417762122,280.53472881441996,1375.45470,13754547000
617.7356193546775,278.3926337565922,1375.67670,13756767000
753.6729322168824,310.10666087544007,1375.90200,13759020000
856.501480230111,340.3508914293858,1376.13410,13761341000
798.1727698723936,396.60920258323995,1376.35860,13763586000
799.0067866822043,415.71085938222285,1376.57980,13765798000
904.0196931446411,484.90602214994516,1376.81480,13768148000
990.106476284288,445.6482844331101,1377.05360,13770536000
873.1100413214616,475.6035493485024,1377.27290,13772729000
820.010533504061,492.9987035633019,1377.50670,13775067000
827.1217049212338,556.7985293256095,1377.72720,13777272000
743.807621574066,500.6661751367304,1377.94670,13779467000
748.6317934248616,441.7871119919077,1378.18020,13781802000
815.6556914383622,436.9080865534191,1378.40250,13784025000
910.6551544377263,407.95435539366866,1378.61880,13786188000
934.1715905807112,422.5101656504579,1378.84760,13788476000
948.7341137712654,367.7716195613811,1379.07400,13790740000
997.9538598892576,381.5414806726303,1379.30120,13793012000
936.3897198115151,386.1485855774507,1379.52790,13795279000
852.073827293767,363.473813350628,1379.75520,13797552000
776.7818982070652,411.13244049512247,1379.98180,13799818000
628.2960208499868,408.44577165300706,1380.20610,13802061000
700.1330979631065,382.4532610070548,1380.43120,13804312000
903.1415872503096,365.2460224576692,1380.67070,13806707000
1008.0204924163977,329.2636301375187,1380.88550,13808855000
921.0235687638825,321.7883486135486,1381.11600,13811160000
846.3094714117705,262.901443961444,1381.33490,13813349000
744.1989006556718,260.5089929631226,1381.55820,13815582000
657.6685403070836,314.3027830030527,1381.78060,13817806000
558.8505655120573,340.2325966572987,1382.01690,13820169000
495.77253977582984,424.28085025500525,1382.24280,13822428000
464.01369508738543,476.86909768601794,1382.46330,13824633000
473.68606256082444,571.1743807302075,1382.69280,13826928000
500.0770555903375,629.0795110289204,1382.92820,13829282000
482.24611574754186,596.6613693009825,1383.15540,13831554000
490.72376516967324,569.4382723034959,1383.37760,13833776000
421.74123415641725,531.5365711447068,1383.61240,13836124000
376.6719209516484,506.3682935028748,1383.87000,13838700000
396.2338020182412,463.37070751223837,1384.10280,13841028000
371.60281334029537,430.9090617201201,1384.33120,13843312000
390.50433159042103,411.58859170544554,1384.55660,13845566000
399.87586564660154,416.487504643199,1384.77290,13847729000
369.0459016378661,442.42590765554365,1384.98870,13849887000
367.2145011904948,486.78539267613155,1385.20980,13852098000
534.5635604103381,590.9917150827093,1385.42650,13854265000
587.9683069131232,608.6573423237824,1385.65200,13856520000
550.8830578268335,512.0735305140156,1385.87580,13858758000
524.6781144542388,452.14582956648997,1386.09970,13860997000
721.4773723509418,392.3638545331046,1386.32090,13863209000
901.7222375705687,340.29408326472316,1386.54920,13865492000
1075.3934560331948,283.886965949274,1386.77850,13867785000
1063.301999233014,352.6586988695104,1387.01450,13870145000
950.4711897217153,394.6985310538165,1387.23830,13872383000
871.2479667309794,436.2209794425573,1387.46730,13874673000
787.1632254217136,484.7647992098781,1387.69070,13876907000
690.1490915390225,512.861199035844,1387.90880,13879088000
630.7165575508386,500.82120628560756,1388.12850,13881285000
543.66839831782,487.8565243180668,1388.34740,13883474000
517.4262726802301,488.65806359106864,1388.56920,13885692000
603.4237852128473,526.397114851364,1388.78900,13887890000
569.3685542864148,492.7591243391971,1389.01590,13890159000
612.1590258921203,486.09167038853406,1389.23690,13892369000
619.8833811293275,472.4658340384839,1389.46020,13894602000
586.8701463105167,412.5258794027775,1389.68270,13896827000
622.3682770520595,372.8884385355482,1389.90780,13899078000
595.9353484436757,309.1153114124596,1390.12660,13901266000
486.0101219859008,262.76150804742315,1390.36350,13903635000
455.2318275148319,235.1969981627625,1390.58070,13905807000
570.1843954106196,285.79083828555054,1390.79560,13907956000
593.2515583967705,303.6676405529112,1391.00880,13910088000
603.4015466697649,269.4091173121035,1391.22960,13912296000
573.8799620050376,257.2917272749967,1391.43890,13914389000
646.8526022888824,303.677398433061,1391.65540,13916554000
649.6829251665964,324.6630408109733,1391.87060,13918706000
625.9062728865122,289.5516711191537,1392.09440,13920944000
641.6531183182534,272.54854868275913,1392.31210,13923121000
704.1061763729015,318.37922005911776,1392.54670,13925467000
635.9344668867533,286.9551548246367,1392.76750,13927675000
580.8621294849152,239.2126336862282,1392.98220,13929822000
569.462621303383,323.9257948404389,1393.19660,13931966000
653.9890761814409,413.88205991650904,1393.40650,13934065000
697.646164007682,488.8830397425808,1393.62020,13936202000
744.7833369372931,583.4745749470314,1393.83500,13938350000
702.6422692646875,504.76798482493325,1394.08980,13940898000
742.3574559711369,517.0580256056925,1394.31270,13943127000
869.4128438520187,552.3735641380184,1394.53740,13945374000
991.6636080326691,590.0968279076641,1394.76000,13947600000
1114.7049331583767,599.7321703612062,1394.98530,13949853000
1281.3553376342425,617.6513835054255,1395.20580,13952058000
1392.6615805514048,633.1550465923739,1395.42440,13954244000
1414.2216782954445,645.0868861716694,1395.64500,13956450000
1481.0672820932882,668.4623333627965,1395.85480,13958548000
1521.1595576210673,720.280788545595,1396.06730,13960673000
1507.4185925719214,738.6167329555535,1396.28230,13962823000
1428.7851974156547,714.5916702980116,1396.50010,13965001000
1409.389381881927,672.7156248388162,1396.74520,13967452000
1361.4458061855369,690.2736210007207,1396.95820,13969582000
1291.172115233886,722.1721438673299,1397.20350,13972035000
1192.1627629765223,753.525847375507,1397.43000,13974300000
1173.7991826015889,763.3509510137324,1397.66120,13976612000
1159.9962902260384,740.15934110902,1397.88530,13978853000
1131.5645416297862,716.4746108858546,1398.11010,13981101000
1106.127071292644,674.1635218537652,1398.32970,13983297000
996.5792182522008,671.7919994578807,1398.55730,13985573000
896.0324483723031,668.8200451817481,1398.78110,13987811000
795.5287126307292,584.1892288429025,1399.01620,13990162000
695.9643504355329,561.5282350829309,1399.23950,13992395000
663.8793084275271,489.5455195093159,1399.45690,13994569000
550.478249816153,435.4327057545315,1399.67650,13996765000
564.8497555875987,447.70157904783684,1399.88920,13998892000
641.9870418225637,491.2450975372774,1400.10940,14001094000
717.2487409762176,478.74989838740265,1400.37230,14003723000
784.2880268778074,490.7744118614834,1400.64630,14006463000
725.7906721696471,520.4941859752931,1400.86050,14008605000
727.2040638072365,541.0175986368156,1401.08430,14010843000
763.7303152717255,549.4020693677109,1401.30560,14013056000
821.5088844417531,542.6162296956959,1401.52100,14015210000
824.5968085894583,554.4678347064195,1401.74180,14017418000
874.130403353944,590.6795622001152,1402.00120,14020012000
874.2166879356407,646.6186810813243,1402.22000,14022200000
884.4006016606337,665.357190630185,1402.44000,14024400000
917.5127979349153,679.914505372698,1402.65900,14026590000
904.9541661304985,702.1018716757559,1402.87670,14028767000
863.6601465449919,742.0410463958588,1403.09800,14030980000
849.4255342863686,697.4950323737285,1403.32820,14033282000
811.4273090797104,728.8659722779865,1403.54800,14035480000
860.5530916346299,725.619704405613,1403.76200,14037620000
825.7729197712846,717.1877568767953,1404.03290,14040329000
856.4019584094227,683.9510227607193,1404.25740,14042574000
890.6552224035928,650.1066287807196,1404.47620,14044762000
897.5787695433622,635.8093381482723,1404.73340,14047334000
900.351397873174,658.0970248012997,1404.95530,14049553000
908.2298981099134,698.3153725378486,1405.18560,14051856000
906.3836474172691,704.3656489706684,1405.45180,14054518000
891.269243056026,698.9912106143474,1405.67300,14056730000
918.1467858089089,731.7850916760439,1405.90340,14059034000
942.8520863588369,718.1633373695273,1406.11960,14061196000
963.9829602719285,684.2210851707955,1406.33760,14063376000
968.4082948365332,674.9865683987091,1406.55540,14065554000
974.6496252821711,624.5965243144678,1406.78960,14067896000
972.0701005626307,634.1043209614445,1407.02920,14070292000
964.1439538377989,662.365768015646,1407.25460,14072546000
923.8665472699148,654.4238353613566,1407.50710,14075071000
894.8210182756817,702.7928755935113,1407.73160,14077316000
862.2192856284593,728.7363618056543,1407.95800,14079580000
837.0011890681552,788.4109913049416,1408.18560,14081856000
851.4886770085205,801.8177471568519,1408.41110,14084111000
842.930416816881,804.8625961986115,1408.63270,14086327000
787.6323572015426,806.2126292412515,1408.85210,14088521000
977.3661467965906,711.3304816201112,1409.07370,14090737000
964.4945486570243,723.8220450373881,1409.30910,14093091000
960.4385004363392,667.6503527627893,1409.55210,14095521000
957.8162298813821,729.2305467288759,1409.76920,14097692000
909.8244391481769,743.9548393708344,1409.98920,14099892000
872.4051634647598,758.4666934834978,1410.20940,14102094000
803.8174222079053,787.743758273848,1410.43670,14104367000
801.7383325808186,775.4613871686386,1410.66010,14106601000
794.6928490417977,783.9678331159399,1410.88590,14108859000
837.6290484887718,757.3666314993084,1411.10760,14111076000
939.6878129338887,744.8372958729585,1411.32610,14113261000
976.4242419689541,715.2432989494872,1411.54400,14115440000
950.8569141148525,623.2125584549854,1411.77360,14117736000
861.9578321636149,520.2022930686686,1411.99760,14119976000
820.6823232530338,456.1733767279893,1412.21570,14122157000
868.6631722488121,487.6932241927373,1412.43400,14124340000
882.6739026964958,526.3973972950068,1412.65110,14126511000
947.6828189369434,571.3692255308204,1412.87220,14128722000
979.8710769913354,615.3385526462441,1413.09160,14130916000
1015.257613647757,643.0246559994495,1413.31150,14133115000
1039.9037123320852,657.0535713538069,1413.53330,14135333000
1060.8071079325512,695.3969146689311,1413.75830,14137583000
1088.8653862567398,707.404475130672,1413.97320,14139732000
1095.7370959524756,696.7427243323278,1414.19140,14141914000
1052.2435249020953,647.1654024887943,1414.41480,14144148000
1140.9896775147063,587.6478681823854,1414.63720,14146372000
1174.3750851688367,530.8610482809866,1414.85890,14148589000
1192.0593331486457,506.4413274271909,1415.08470,14150847000
1135.200417916052,516.8764669364783,1415.30530,14153053000
1060.3376256702559,531.9436339452108,1415.53100,14155310000
1116.7620265265075,593.390614137599,1415.76030,14157603000
1054.8600164159939,601.6495131563764,1415.98590,14159859000
1075.8856765259002,609.5606683817829,1416.21560,14162156000
1048.1630010817335,616.0131759380115,1416.44710,14164471000
932.5101502788119,635.2662972096159,1416.67320,14166732000
949.337470163195,632.8928243817447,1416.90660,14169066000
955.8203198527989,615.5369203412691,1417.12590,14171259000
967.7818954853241,637.9335834413223,1417.35660,14173566000
970.4178162869172,641.8910336280692,1417.57400,14175740000
944.302188615879,607.3108835314231,1417.78710,14177871000
923.9164450116099,615.0979038450686,1418.00630,14180063000
882.5547640893354,642.2881027657241,1418.22750,14182275000
896.8250166072478,615.1507700227631,1418.45130,14184513000
936.1235943558345,608.1110600313165,1418.70170,14187017000
947.7674234205812,664.4869244301758,1418.91910,14189191000
957.5537491356123,665.4775269616975,1419.13330,14191333000
990.1038856006924,609.5067099861667,1419.35760,14193576000
942.3600799464322,572.744998623991,1419.58420,14195842000
992.2732717218914,596.8123026575032,1419.81640,14198164000
1041.8222726992065,587.3108999571618,1420.04840,14200484000
1145.131633264479,559.9806942953282,1420.28400,14202840000
1190.007857112177,576.7488248505015,1420.50610,14205061000
1242.2908898345388,540.8362826947963,1420.73120,14207312000
1284.0574217261012,541.9079468690828,1420.94930,14209493000
1266.2323428781806,543.2890547290136,1421.16930,14211693000
1200.7292194923941,585.8556658009189,1421.39410,14213941000
1242.3965811621351,674.277056437984,1421.62750,14216275000
1264.9560034412598,657.167317505255,1421.83960,14218396000
1167.6503498604648,619.0166367800829,1422.06420,14220642000
1204.4259188088392,615.3366657605045,1422.27990,14222799000
1172.0817977175525,595.1822389248193,1422.50890,14225089000
1126.4233162700932,593.5814948946407,1422.73480,14227348000
1119.5556609782611,600.7915412026371,1422.96120,14229612000
1096.967390878152,601.0939124218959,1423.18100,14231810000
1065.7239015968987,585.4273757928831,1423.40980,14234098000
1073.9740536627207,590.4608699149223,1423.63820,14236382000
1095.7523621682883,583.252940791893,1423.86450,14238645000
1056.178073364856,611.5735260853546,1424.08620,14240862000
1084.5760233330952,615.2308373878301,1424.36590,14243659000
1056.4464766585788,652.104756891114,1424.60710,14246071000
992.4384526934053,691.0198635364153,1424.81800,14248180000
1053.8015043135636,676.3877608800585,1425.03290,14250329000
1079.2635879046516,656.5380626312641,1425.25220,14252522000
1160.8318555933947,669.0914721206683,1425.47250,14254725000
1232.7911266883368,629.840595002217,1425.69690,14256969000
1281.8526331074077,606.6060232677155,1425.92030,14259203000
1211.5072951410123,586.2257271286862,1426.15040,14261504000
1227.3700454138423,614.1819079977029,1426.37190,14263719000
1066.6201070026816,515.7262654017239,1426.61060,14266106000
955.3524404945288,437.4645690222466,1426.84860,14268486000
820.4963865521432,367.79862787461263,1427.07030,14270703000
730.8286423680063,331.6125011763453,1427.29250,14272925000
635.0400337566884,317.5629559376196,1427.51150,14275115000
562.8081719258947,298.0541947138873,1427.73030,14277303000
622.3176659356737,332.9959098097693,1427.96450,14279645000
689.6206391050354,367.71905333765704,1428.18550,14281855000
762.039412510031,414.0066691795437,1428.41050,14284105000
872.8067087592341,436.23942904991486,1428.63010,14286301000
873.4401632205788,414.02571274425077,1428.84610,14288461000
918.4160256852357,458.56899515706704,1429.07200,14290720000
871.38640632493,462.63872134785515,1429.28700,14292870000
912.4754479719325,490.92617754996826,1429.51550,14295155000
980.0098483025226,525.4212897784837,1429.73470,14297347000
978.3045329376087,538.362421395213,1429.95640,14299564000
948.4192731968755,577.8182349447244,1430.17100,14301710000
889.4147419460637,595.3100680083488,1430.39150,14303915000
868.1829508837166,611.4711538292677,1430.61460,14306146000
898.5183023192462,616.5392615081771,1430.83230,14308323000
877.7461112041374,614.2801983440276,1431.03960,14310396000
933.8494795659941,598.3977470537787,1431.26070,14312607000
929.7706333585788,556.3058110893622,1431.47620,14314762000
935.0412076852444,531.6694562154595,1431.69790,14316979000
987.4293607588781,564.3341499670255,1431.95820,14319582000
999.7707194432064,564.2125204824889,1432.18900,14321890000
961.2965236534221,579.3183630961599,1432.40970,14324097000
967.558242617585,569.7173042657533,1432.67000,14326700000
945.7006802179982,514.8086545194886,1432.89370,14328937000
937.0722473484258,493.32478024685327,1433.11250,14331125000
931.5008608241054,514.5614840736339,1433.33300,14333330000
941.5092519837743,561.3691912727111,1433.57310,14335731000
933.4354033373397,555.3326901669022,1433.78710,14337871000
935.4445726644879,546.9534599086643,1434.01690,14340169000
995.8936945585556,561.604798284557,1434.24770,14342477000
950.7657530093088,552.5609177660449,1434.49760,14344976000
970.8459223497309,588.3018829088857,1434.71860,14347186000
953.0468971795842,600.8028204967858,1434.94470,14349447000
938.0499467860129,602.9013517838084,1435.18580,14351858000
956.9407866545976,623.7908966958125,1435.41670,14354167000
997.0452101443475,622.2637676039269,1435.63760,14356376000
982.5917169278141,592.2731393049673,1435.85600,14358560000
1001.188539431596,546.3696839554085,1436.09040,14360904000
943.2917983295882,491.229189009467,1436.36360,14363636000
969.8267403479895,486.87854739410636,1436.58070,14365807000
971.8543630461942,470.5290001147532,1436.80540,14368054000
993.8906385575808,485.70500107500925,1437.02390,14370239000
1005.6972462710985,541.6266329770576,1437.28120,14372812000
954.5375122872803,534.3527761162935,1437.51420,14375142000
921.4371545702257,518.8570743544848,1437.73650,14377365000
987.613314324641,517.4564996133853,1437.98500,14379850000
1032.6890477774632,494.0148244024142,1438.20680,14382068000
1028.478724757322,510.9715766937929,1438.42660,14384266000
1015.1687113385823,509.7612795857986,1438.65180,14386518000
1034.9278595224584,513.6675532122579,1438.87060,14388706000
1027.4054975558843,513.5345893233022,1439.09750,14390975000
1035.9541226936294,508.82306165836746,1439.31910,14393191000
1004.4910681085601,516.1699498447542,1439.53760,14395376000
983.704200907588,517.3435296019734,1439.76000,14397600000
1000.8804200616494,488.2563279864028,1439.97380,14399738000
936.2997939971418,501.73399306729465,1440.19410,14401941000
916.5074705371414,482.0075009854906,1440.41700,14404170000
965.1898191030577,501.01715840783737,1440.64590,14406459000
1016.4978121060676,520.0221383598016,1440.86650,14408665000
1063.7841145100012,501.4619785478927,1441.08870,14410887000
1008.8567372686082,478.63757732680085,1441.32680,14413268000
1060.5380801674544,487.87221159307273,1441.54520,14415452000
1028.3593393255812,490.7047705158871,1441.76310,14417631000
1082.6568535824583,465.0960831497409,1442.01930,14420193000
1123.2295313214413,487.72276831334926,1442.23950,14422395000
1054.4300447243581,492.87315126373454,1442.45230,14424523000
1123.258221024565,538.4453889088845,1442.68690,14426869000
1094.0567910311079,558.8643519822537,1442.91550,14429155000
1145.813656653108,544.5668503524329,1443.14220,14431422000
1167.904980294184,563.8668359590168,1443.37190,14433719000
1144.9031433237963,562.1308068766439,1443.59610,14435961000
1138.6426174171838,544.3716327976447,1443.81400,14438140000
1122.1232393560272,504.511513540512,1444.03330,14440333000
1108.131553069042,541.7985340943652,1444.25320,14442532000
1071.0302379707935,565.5567505294546,1444.47750,14444775000
1048.5974211799826,582.6133848198111,1444.72540,14447254000
1114.6474370479484,594.3956219708022,1444.95740,14449574000
1180.5668058093672,549.6780387460882,1445.17870,14451787000
1184.404115284781,534.5887430678506,1445.40300,14454030000
1208.2152738328255,517.5731615291012,1445.62500,14456250000
1173.7808573194698,520.8990006621308,1445.85810,14458581000
1217.8708008152878,512.19089728819,1446.09320,14460932000
1205.7242713213764,511.4413051771068,1446.31180,14463118000
1226.003304230075,489.80517401890586,1446.59180,14465918000
1237.3493747599396,509.5068259462652,1446.83310,14468331000
1318.892245563326,490.32310425420513,1447.06040,14470604000
1246.25491168753,498.10180885215766,1447.28330,14472833000
1099.7115745082333,497.4155891295251,1447.52720,14475272000
1033.784643255149,512.350067274971,1447.75560,14477556000
1044.7423011022345,525.3435857646098,1447.97100,14479710000
1067.1953804858406,529.5842818481253,1448.20680,14482068000
1050.4112728614748,549.458118025424,1448.43830,14484383000
1126.5151057916594,573.4222922157298,1448.69690,14486969000
1118.8608565623842,580.6749970808546,1448.95650,14489565000
1135.8592576748251,603.4987641117215,1449.17240,14491724000
1095.9568656380825,601.0952933638632,1449.39070,14493907000
1102.914024295184,563.1203153280866,1449.61630,14496163000
1039.964471520371,603.4724360843239,1449.85700,14498570000
975.2382730443339,587.3924269215187,1450.07980,14500798000
988.2780807599953,614.5437732645678,1450.31880,14503188000
1026.9673632834367,639.3165820969551,1450.54420,14505442000
1030.1093772164413,696.4782371369591,1450.78150,14507815000
1002.1272645060744,723.2946867655415,1451.00830,14510083000
1043.573673209453,713.3068921124151,1451.22930,14512293000
1045.2297536860872,668.2024520846543,1451.44980,14514498000
1058.5380447052487,617.283748984076,1451.67060,14516706000
1042.445931797397,641.9908488031467,1451.92100,14519210000
1080.9511384017524,592.4349673898568,1452.13880,14521388000
1100.7330519625789,545.4929337937775,1452.36220,14523622000
1090.0548672159132,482.7833970862616,1452.59120,14525912000
1084.8986848606046,464.6696137505253,1452.81660,14528166000
1081.5962881703686,448.4068630561612,1453.05320,14530532000
1154.3614898509204,479.48175708969876,1453.28150,14532815000
1113.135940113731,463.5784935632056,1453.51380,14535138000
1118.0233449792936,489.8524303324634,1453.73720,14537372000
1119.314756616639,464.8945354380137,1453.96450,14539645000
1102.625051526874,469.01431939050497,1454.18550,14541855000
1116.508165852183,467.27990808060207,1454.40770,14544077000
1146.5248438394713,485.99023414869197,1454.63410,14546341000
1118.324125538418,475.6600960873776,1454.85180,14548518000
1107.439245140885,492.56263449464785,1455.07480,14550748000
1112.6553347970114,505.52530917614706,1455.29250,14552925000
1187.518811189444,499.3462401102184,1455.51370,14555137000
1208.952997092345,508.85678387518305,1455.73700,14557370000
1169.316335951368,479.749150840294,1455.95480,14559548000
1167.3750052158491,480.99424982958743,1456.18190,14561819000
1139.2233253047539,486.57692369280693,1456.42170,14564217000
1207.2136462119236,495.2513339518504,1456.64320,14566432000
1265.3512115799988,499.3527475638487,1456.86030,14568603000
1265.5308064109222,525.049446657061,1457.08200,14570820000
1188.6641034521035,525.3314384924655,1457.30220,14573022000
1200.7447728543884,542.3248366054836,1457.52570,14575257000
1182.6755339355198,540.0971287096145,1457.74530,14577453000
1210.2344888798082,539.3691417333774,1457.98150,14579815000
1227.7221944960995,511.0030078019427,1458.20870,14582087000
1171.2617428391616,500.84925129848716,1458.43540,14584354000
1154.039466567491,486.30880309760244,1458.66920,14586692000
1095.847043357955,557.9666709597404,1458.89380,14588938000
1065.3463092918712,529.3187157573363,1459.11070,14591107000
1099.055208954828,527.4467524663746,1459.32940,14593294000
1161.7200523908564,533.5024863524814,1459.55130,14595513000
1159.9517663123247,518.6170142777853,1459.77500,14597750000
1149.313533881958,506.5254262106307,1459.99900,14599990000
1143.2403687882284,492.6452677940713,1460.21740,14602174000
1180.251012262798,490.26450178665857,1460.44360,14604436000
1167.6136632720245,496.0228691663119,1460.67570,14606757000
1192.7371024370775,556.3058664712673,1460.89690,14608969000
1178.2768560153938,609.3845306986043,1461.11400,14611140000
1164.5856243665598,609.999869065813,1461.33040,14613304000
1188.52756796897,647.6836139980841,1461.55350,14615535000
1220.3933875634116,692.2421617254474,1461.78480,14617848000
1237.390269371613,671.8063403147431,1462.00370,14620037000
1224.5192425509952,706.8697943043998,1462.22350,14622235000
1265.9312597815594,675.4261054770543,1462.45620,14624562000
1244.9846978368116,672.9380636893763,1462.67760,14626776000
1240.047614275115,658.7239880177676,1462.89640,14628964000
1287.7395623222137,652.2873176438713,1463.11830,14631183000
1194.7981724094893,670.1123834017194,1463.34480,14633448000
1178.3990805888375,716.0777485541039,1463.57000,14635700000
1212.0791126041913,723.1603297529989,1463.77480,14637748000
1203.2075489583724,670.8508914690831,1464.00030,14640003000
1203.288551487088,640.6252684190055,1464.22940,14642294000
1235.9891639599316,617.9387002759239,1464.45380,14644538000
1199.8134013839137,576.2818394289719,1464.67630,14646763000
1179.6271418850313,574.8320785752701,1464.89550,14648955000
1115.8686067404547,574.1325987470217,1465.11290,14651129000
1002.0263698053342,566.3057872581937,1465.33270,14653327000
942.1351068036739,567.7008540945089,1465.55190,14655519000
967.2254784620623,604.4002743102203,1465.77380,14657738000
1008.5462599231718,617.0253869568809,1465.99960,14659996000
977.6080104112381,616.0339073622994,1466.21510,14662151000
944.5842788733859,663.1808152881077,1466.42970,14664297000
901.4244919247151,667.2767624558195,1466.64590,14666459000
856.1973596358473,672.7327481120615,1466.86120,14668612000
848.6087377692126,657.9509722227584,1467.07810,14670781000
835.1767231394817,592.2373685599263,1467.32390,14673239000
895.7600928843581,618.6507878378563,1467.57310,14675731000
872.260217712081,648.9174637909192,1467.81550,14678155000
1106.7060798110817,691.0598541374143,1468.05600,14680560000
1153.6749553624095,671.3054697186359,1468.29290,14682929000
1083.1721384121092,675.7456786902454,1468.53260,14685326000
1164.7523700412778,687.36946039485,1468.75450,14687545000
1080.759318753969,635.7467490642007,1468.97890,14689789000
899.6247476280762,593.0566022551369,1469.22070,14692207000
805.5087716267426,540.609661854928,1469.44110,14694411000
778.092301254332,468.501869848066,1469.66260,14696626000
698.6893888431564,377.2761155389686,1469.88290,14698829000
799.3164474513014,485.3717182753795,1470.10690,14701069000
873.2047557352589,519.5879606630697,1470.33720,14703372000
909.4436196835742,501.41570651536694,1470.56070,14705607000
996.1447982368277,557.523841649219,1470.77740,14707774000
1043.1465882229663,624.1193429391943,1470.99660,14709966000
1046.5983308679192,663.7430688154033,1471.25010,14712501000
1143.8768795735762,633.283444978854,1471.47420,14714742000
1028.0608525844357,582.2990659718856,1471.70050,14717005000
1111.0837752861723,580.3484606603283,1471.94720,14719472000
1100.4659437646092,612.4591161560061,1472.17850,14721785000
1049.2749051354776,587.7100621313641,1472.39980,14723998000
1046.5385540098807,621.3847034255972,1472.66090,14726609000
1080.8695252533068,558.9149059295959,1472.89150,14728915000
1178.7642213951883,676.3976297748484,1473.14910,14731491000
1177.0596514998153,684.9633774164759,1473.40180,14734018000
1151.1980315144244,634.9860933099702,1473.62670,14736267000
1166.1799513803244,613.3214005857552,1473.87560,14738756000
1133.1364096022505,558.4216144104624,1474.09430,14740943000
1009.48088354445,550.8071987153265,1474.31550,14743155000
989.1061743072405,604.7241234266985,1474.55120,14745512000
939.6233794575443,557.2944252705555,1474.76950,14747695000
980.9206961511169,587.01923230767,1474.99080,14749908000
993.1830020346273,617.9789032286853,1475.21380,14752138000
1018.1925290325626,649.3762408184671,1475.43930,14754393000
1022.2359045589069,607.8453948280489,1475.67230,14756723000
934.0987181989948,522.1754419688406,1475.90580,14759058000
858.0463065430899,444.8403985171251,1476.12700,14761270000
792.4231703112715,397.2499151007822,1476.37770,14763777000
710.2698461215368,362.4319717174228,1476.62000,14766200000
905.0240724138805,465.8365348170689,1476.86980,14768698000
967.5362123612977,533.7766093211676,1477.08780,14770878000
1006.079763637067,540.5638675694918,1477.33010,14773301000
1063.4471122693485,523.9240499348011,1477.56640,14775664000
1147.5365809859584,549.8715614972351,1477.79320,14777932000
1131.8673987235143,571.2838881084198,1478.01560,14780156000
1119.5379780088037,593.6546300738721,1478.24410,14782441000
1160.2633019907225,641.1620047834928,1478.46930,14784693000
1079.4250755617777,649.3243319237974,1478.69380,14786938000
956.6101891262144,561.1084982963921,1478.91520,14789152000
889.3356620383614,468.29573148939625,1479.13480,14791348000
848.4066817747295,432.1988330906664,1479.35370,14793537000
949.0698902445321,395.3514119420715,1479.59670,14795967000
1056.298213759929,339.63870697729647,1479.81740,14798174000
1208.329954844939,312.4351501000995,1480.03910,14800391000
1268.0213202241007,257.96880520514077,1480.25810,14802581000
1329.7974731520926,243.41786305195907,1480.48260,14804826000
1368.543281529668,234.74358224502214,1480.70640,14807064000
1359.0178858372872,293.867383913092,1480.92390,14809239000
1491.694356345646,302.46139554296167,1481.14680,14811468000
1519.175921737448,313.52137366843124,1481.36650,14813665000
1485.9003814729986,365.31750777555504,1481.59910,14815991000
1426.4459173562598,404.02478455234825,1481.81990,14818199000
1398.6643122716218,465.6945890546822,1482.04180,14820418000
1526.5690322101368,467.2307470432182,1482.26180,14822618000
1461.2353974712958,417.264443212092,1482.47550,14824755000
1504.221486094168,372.969450135063,1482.69040,14826904000
1576.244383539898,354.7302942183589,1482.91240,14829124000
1544.493572531936,362.6031953789601,1483.13040,14831304000
1511.8368422287638,516.7262482996994,1483.35140,14833514000
1419.473897422308,577.1913658437484,1483.56980,14835698000
1345.0068822412368,646.9785256517213,1483.78670,14837867000
1265.7726978566016,646.2802803536403,1484.00430,14840043000
1228.6794023624113,677.8450411554215,1484.22410,14842241000
1257.0159464949293,693.9608758739788,1484.45120,14844512000
1125.773717652579,663.3821036196689,1484.67470,14846747000
1091.4021384007006,531.8137368673772,1484.89540,14848954000
1128.1982755257832,435.23638762944404,1485.11390,14851139000
1055.8716425266934,423.0190147573251,1485.33110,14853311000
988.7541542357637,412.35635842620025,1485.54210,14855421000
966.3949546880667,385.89518509417485,1485.76210,14857621000
804.4464247867692,359.2343154483279,1485.98060,14859806000
695.5417247344335,336.7587307508319,1486.20830,14862083000
671.5678971528114,338.13931601173744,1486.43300,14864330000
636.7046021798379,324.7805461270403,1486.65690,14866569000
574.1363215988401,331.77228334165807,1486.88110,14868811000
633.954067911854,371.18818563639246,1487.12580,14871258000
588.0607920289555,333.0848524621109,1487.36250,14873625000
543.8032407029266,328.1831056629517,1487.62660,14876266000
637.9635111163382,390.80522434817186,1487.85890,14878589000
634.482641599315,390.8737385128218,1488.08180,14880818000
674.7682288981147,429.72840038456286,1488.30600,14883060000
694.6731116824291,390.6112502152092,1488.52870,14885287000
692.0976792393545,386.3923601750482,1488.74900,14887490000
723.8519535030391,426.23310724224666,1488.98160,14889816000
739.7485230214288,442.3580299700313,1489.21020,14892102000
837.8792081506085,458.31643255036255,1489.44650,14894465000
954.8981688668968,451.7086314128827,1489.67700,14896770000
907.3554293825093,452.98937827924266,1489.92020,14899202000
958.2517503667005,466.2050715274177,1490.14260,14901426000
1011.7488763818831,451.69993247839835,1490.36910,14903691000
1041.299046372014,564.515494337591,1490.60100,14906010000
1090.322854262887,619.4628831954548,1490.82110,14908211000
1108.0064779363784,595.8855549880012,1491.04570,14910457000
1140.8585453967983,593.4288476534998,1491.26390,14912639000
1149.4300830295438,576.7761637094488,1491.50370,14915037000
1101.9855300287454,566.1979686051397,1491.73010,14917301000
1038.7052181352308,522.8425323863414,1491.95340,14919534000
978.9332490615827,461.1338459038434,1492.18440,14921844000
1047.544561876162,466.59527738593124,1492.43250,14924325000
1118.277569950052,429.4244395235519,1492.66420,14926642000
1146.8956745146154,430.0829859260357,1492.89540,14928954000
1162.4276148744502,491.6663131665599,1493.12730,14931273000
1087.309591370206,488.35615604117675,1493.35290,14933529000
1017.6091290348875,506.4003895927159,1493.57630,14935763000
1026.0510411910798,516.2311414921347,1493.79130,14937913000
1131.7285560370929,506.2133043335947,1494.01130,14940113000
1151.4972932394755,511.1347514661604,1494.23190,14942319000
1091.1228457273337,586.570806535212,1494.45430,14944543000
1106.429547644204,604.6425812529948,1494.67520,14946752000
1129.204358532631,626.1039595952135,1494.88890,14948889000
1137.9431634521409,682.297200230092,1495.10460,14951046000
1115.3214811209255,677.8556557765345,1495.32330,14953233000
1063.125836174087,659.387930955448,1495.54230,14955423000
1065.3316994593438,671.5721805880439,1495.76240,14957624000
1052.9402405336136,654.4118001363252,1495.97900,14959790000
1059.14943131918,642.4023942910153,1496.20520,14962052000
1049.1098070261735,683.9474079792341,1496.46900,14964690000
994.1706652516234,710.3676887029086,1496.69760,14966976000
956.1290176452353,700.5361918302358,1496.98090,14969809000
959.4713335733899,710.650922366411,1497.21100,14972110000
971.991452359871,699.1054307129606,1497.44060,14974406000
995.1208022196766,672.5355718488388,1497.66240,14976624000
969.5124783354665,594.2897066416401,1497.88210,14978821000
934.3763550303323,501.46087807138565,1498.09730,14980973000
874.7476128003402,449.40345467090066,1498.32630,14983263000
793.1924496415199,393.8730502902423,1498.54240,14985424000
842.2058962185697,400.2636320095073,1498.75490,14987549000
784.7277054471438,432.80695315238654,1498.99190,14989919000
781.192637084492,445.58256517087625,1499.21790,14992179000
804.3103646832255,485.318023995007,1499.44610,14994461000
778.8280391967116,456.1220713032861,1499.66550,14996655000
794.7926479593754,453.0277820924061,1499.88740,14998874000
785.2108273807189,440.8676897352409,1500.11470,15001147000
824.5729492486796,480.0613474584668,1500.34210,15003421000
790.1027592783039,423.2246063189686,1500.55940,15005594000
768.1895119761191,424.76024772742744,1500.77480,15007748000
771.8802694014762,416.1395930639317,1500.99070,15009907000
799.1477949499773,388.49054989855233,1501.20630,15012063000
745.9872179795286,396.2389905337151,1501.43460,15014346000
699.5027629877353,403.003643908925,1501.65400,15016540000
631.8086386739462,389.50932372837127,1501.87200,15018720000
743.7800111920076,426.5902809116273,1502.09010,15020901000
712.8247191579588,434.55637223713774,1502.30880,15023088000
668.2645875976283,441.36667396029105,1502.54230,15025423000
712.3302442668377,419.8342210657573,1502.76150,15027615000
754.3713354357476,503.4014738040196,1502.97900,15029790000
838.7440675306311,550.0303813260838,1503.19830,15031983000
920.1056205702314,608.3086019921287,1503.41670,15034167000
968.9973567622322,638.9861439912117,1503.63300,15036330000
992.0447776047471,656.7490604004436,1503.87190,15038719000
969.9503830769683,674.6557542134992,1504.09290,15040929000
999.3507390249908,705.3540627066068,1504.32610,15043261000
1010.0333907677399,766.1201337747643,1504.55290,15045529000
998.3693038517274,781.1144076510216,1504.77450,15047745000
1000.3492493553587,784.5747104323638,1504.98730,15049873000
1035.9255163520727,776.3772679597125,1505.20790,15052079000
999.5204928147208,725.6919477043383,1505.42640,15054264000
860.4567027309093,608.0181800567336,1505.65010,15056501000
758.2962709750368,534.5535027307624,1505.87110,15058711000
704.9241320822783,437.9860138301161,1506.09330,15060933000
642.9615559127186,398.21634390656783,1506.31020,15063102000
612.6139605189826,357.24415806555226,1506.52850,15065285000
525.9107716544614,314.8596312596436,1506.74300,15067430000
585.9335041197821,343.64451884864116,1506.96230,15069623000
553.0177103055725,332.5626528959113,1507.17640,15071764000
594.2988096537172,340.41845633543744,1507.39520,15073952000
589.0852365594016,304.7120127038772,1507.61700,15076170000
665.6613685363918,346.079144714067,1507.84760,15078476000
730.9432091819984,452.98886357021854,1508.07160,15080716000
792.1282563573009,475.31409850108696,1508.27710,15082771000
837.4418475720285,495.7007213887623,1508.49960,15084996000
940.3448812266362,525.6811601454926,1508.72020,15087202000
1001.6796073038707,564.6640720250863,1508.94490,15089449000
1124.435451394307,604.4245528429302,1509.16650,15091665000
1198.6862802615028,631.3255631326313,1509.38740,15093874000
1263.4999053630447,601.1114305359745,1509.63420,15096342000
1281.1517335172211,612.011506189837,1509.84450,15098445000
1296.480000830198,592.7833967672274,1510.06320,15100632000
1260.748140432685,596.1499604880173,1510.28230,15102823000
1218.053145934998,574.7809419587628,1510.51390,15105139000
1191.2145276690067,555.763516097707,1510.77290,15107729000
1084.1209137720866,524.8409763276335,1510.99990,15109999000
1067.1757456530845,564.5249594998315,1511.26320,15112632000
1106.925370341241,554.825534080964,1511.48300,15114830000
1088.8197299858969,548.9809867309833,1511.71650,15117165000
1080.9494641455988,577.2323600701928,1511.94100,15119410000
1059.8502444507735,619.9128975149498,1512.16920,15121692000
1093.8179997329778,644.0082287557577,1512.39000,15123900000
1096.9072605360618,628.873919571853,1512.61900,15126190000
1112.3333179481126,628.3033048549477,1512.84400,15128440000
1106.0055965409595,611.5165884751464,1513.13040,15131304000
1040.891415550132,636.8326383746479,1513.35070,15133507000
1083.5200108428264,619.5525474511937,1513.58080,15135808000
1052.4071822873213,626.4041681599613,1513.84540,15138454000
1098.5506675800493,588.2138010322668,1514.07960,15140796000
1033.429503857056,577.6200476983523,1514.31800,15143180000
1027.2712306623637,548.0039706425647,1514.53250,15145325000
1087.558591370042,543.4383898613569,1514.78770,15147877000
1126.5682779953597,533.9035386964321,1515.02690,15150269000
1116.7663878676844,527.9388661551465,1515.28150,15152815000
1146.776842824587,556.713428739256,1515.50810,15155081000
1149.1678315973716,547.2012581546236,1515.72860,15157286000
1071.655415337437,621.5205062785599,1515.95990,15159599000
1113.207211041123,631.6552973836691,1516.18720,15161872000
1135.9812235597435,598.4804132659618,1516.43420,15164342000
1112.9561881365644,590.230626115404,1516.67090,15166709000
1140.1609780923113,605.7120900262537,1516.90170,15169017000
1112.6588296737227,563.2920110161616,1517.11980,15171198000
1136.0944717891086,549.6599607025627,1517.33820,15173382000
1187.4156114711827,597.6497031819307,1517.55390,15175539000
1162.3280636299323,642.9640287274802,1517.77560,15177756000
1208.6246875809275,587.2160152245448,1518.00830,15180083000
1279.307586769806,688.766543601333,1518.22720,15182272000
1159.3382952413997,703.710919601613,1518.46110,15184611000
1063.4352115531774,682.8247867403422,1518.68710,15186871000
1023.3463210975176,672.3077925357943,1518.91090,15189109000
973.1643013153855,600.0208166480356,1519.13290,15191329000
939.6886198613906,518.747816196314,1519.34870,15193487000
804.213635122911,452.63012676475586,1519.56620,15195662000
757.29324274991,471.6062302437983,1519.78430,15197843000
679.4252584666162,417.4449677881474,1520.00770,15200077000
717.1911656325959,434.6429036438999,1520.23400,15202340000
697.0765865163517,421.5117597194608,1520.44680,15204468000
817.892031099363,431.1170046400518,1520.66910,15206691000
813.8037915599813,412.0848898356746,1520.88950,15208895000
751.9759223648887,332.67078557076087,1521.10760,15211076000
757.9658285471593,322.6921773552146,1521.32290,15213229000
781.1529405714602,328.88291546477194,1521.54760,15215476000
696.6100477278435,324.771717369592,1521.77170,15217717000
704.1272420960431,323.4737329923861,1521.98530,15219853000
719.7506863567605,355.7509210729168,1522.21090,15222109000
732.3874980003961,363.46340053450314,1522.43380,15224338000
763.4233898623363,362.8724905045747,1522.65640,15226564000
885.3449555202749,466.4812995793142,1522.87770,15228777000
987.04131085544,459.1708601516938,1523.10120,15231012000
1136.7220039428626,616.696915268755,1523.31770,15233177000
1164.8028416242942,727.8100175629625,1523.53290,15235329000
1217.0456124805369,782.5693758426087,1523.75680,15237568000
1234.1591767481118,798.8153599105999,1523.97620,15239762000
1317.0825668809969,833.1762906013845,1524.19310,15241931000
1346.2551933877662,835.7990157107968,1524.40780,15244078000
1318.0476803973447,824.6434456048187,1524.62270,15246227000
1308.1228778107043,777.0228594346248,1524.83850,15248385000
1194.588127077525,704.6727747009915,1525.05980,15250598000
1160.7040533687614,693.9702942578203,1525.28740,15252874000
1097.4587971522355,678.2826148664265,1525.50730,15255073000
1079.5501192366562,624.2988850649498,1525.73190,15257319000
1060.1607191619457,658.694486669974,1525.95370,15259537000
1052.7402637763842,616.2545268309223,1526.17950,15261795000
1116.098069105583,566.9030727151735,1526.39900,15263990000
986.7150395735841,572.5411593705074,1526.62680,15266268000
985.6183333706691,608.0721601394115,1526.85590,15268559000
937.6801465286533,649.0339064316603,1527.08290,15270829000
918.7048124965661,605.3448365465035,1527.30560,15273056000
991.8781404366721,594.921820219379,1527.52240,15275224000
943.3815192117817,653.5977219415377,1527.75380,15277538000
925.434010367376,658.8274736619259,1527.98420,15279842000
966.3522349390987,705.2138842491926,1528.21080,15282108000
1029.3863701202808,666.958320047848,1528.43730,15284373000
1120.4997727675564,600.2699786619563,1528.66730,15286673000
1041.9515795032603,556.5653386014587,1528.89580,15288958000
975.0152857224089,544.0514683947034,1529.11450,15291145000
987.6309642975822,575.6797294434427,1529.33840,15293384000
954.9471034298692,583.0587714953998,1529.57190,15295719000
884.4640447216825,546.0402129199617,1529.80620,15298062000
776.0473894184837,475.7639358664753,1530.02890,15300289000
771.2207074674984,502.8799000516458,1530.24640,15302464000
650.2665064928592,450.2439583218465,1530.45920,15304592000
626.6975099792598,404.4215706714089,1530.69570,15306957000
691.6804496332827,408.0119793813087,1530.92070,15309207000
801.0088693748378,426.3403989054681,1531.14180,15311418000
843.415164288905,494.4537259572657,1531.36620,15313662000
828.2587337180242,492.5144020654177,1531.58870,15315887000
845.580320331287,476.2470486215577,1531.80610,15318061000
781.9519423786751,464.8391755298489,1532.02170,15320217000
724.8707494567144,441.8624448777553,1532.24690,15322469000
854.5569519051023,394.0143117653359,1532.47070,15324707000
1029.4855803016048,329.0051698672415,1532.69680,15326968000
1116.6375051038353,324.1668273994433,1532.96030,15329603000
1183.3935498398423,273.468477819533,1533.18690,15331869000
1304.389459134957,267.26328595052837,1533.40960,15334096000
1377.8826916655332,286.0753207978818,1533.63590,15336359000
1396.6209633966228,291.5750913353163,1533.85910,15338591000
1190.5508928212366,253.15613858521263,1534.08660,15340866000
1231.1430099780312,327.02779475210156,1534.30660,15343066000
1266.9965465256362,478.22285234084336,1534.53570,15345357000
1198.6489085136166,480.8463785718009,1534.75570,15347557000
1198.7144348906627,535.4292470100935,1534.97770,15349777000
1195.1024730826425,569.0607627831866,1535.19860,15351986000
1164.1421467335335,560.4494519711357,1535.40840,15354084000
1155.3751231576064,586.1655010222532,1535.62830,15356283000
1135.1912663630183,586.9342476725939,1535.84380,15358438000
1160.6608681268528,599.9019849992388,1536.05990,15360599000
1113.4891581855093,585.3693605648765,1536.27980,15362798000
1257.4062541219546,480.2792300162305,1536.50120,15365012000
1303.3544325523214,441.12440474057394,1536.73190,15367319000
1314.7602505671318,448.4914910496192,1536.95970,15369597000
1241.3260603966094,510.89478805376245,1537.17810,15371781000
1187.00130351295,543.0937496613961,1537.43410,15374341000
1177.4411242871106,610.195383233596,1537.68130,15376813000
1130.250420186901,603.0872181811894,1537.91050,15379105000
1149.3112155671522,621.1311155450085,1538.12990,15381299000
1121.5007451430547,711.9893276440199,1538.34760,15383476000
1031.3471035165298,703.6938221670387,1538.57750,15385775000
1021.5115229974547,718.9421853562839,1538.79840,15387984000
952.8027154571867,611.3467166933581,1539.03880,15390388000
850.0675748650237,573.7188437420864,1539.30200,15393020000
768.1715485784796,559.2452380903669,1539.53730,15395373000
814.6646525066488,505.42124776786886,1539.77180,15397718000
811.8950963622359,587.896918322659,1539.99850,15399985000
943.1429056474879,620.0501596945919,1540.22290,15402229000
1019.7997555791394,669.036714511324,1540.44740,15404474000
1035.3291453879222,654.5896185969352,1540.66980,15406698000
1122.911288797194,674.7301933151847,1540.89180,15408918000
1086.852408529869,665.0467517026791,1541.14390,15411439000
1001.4314293942235,680.3183278420177,1541.37670,15413767000
1034.4179902412322,721.8448731670152,1541.59580,15415958000
998.555239764686,693.6818742625034,1541.84630,15418463000
1041.5039163019483,709.094721905201,1542.06470,15420647000
1052.6553132455058,718.5420725135988,1542.29550,15422955000
1046.4746530834755,680.3751737454928,1542.50990,15425099000
1110.7672489708116,752.2047714316672,1542.74190,15427419000
1125.7603144262207,773.0694172163182,1542.96280,15429628000
1180.7849150300137,806.4735329038489,1543.17790,15431779000
1167.990097399791,780.7682181581448,1543.39360,15433936000
1142.3749186024852,742.9502648579019,1543.60990,15436099000
1131.7950891580758,743.9679179635085,1543.82850,15438285000
1077.6204356775022,744.5223295777802,1544.04720,15440472000
1101.3461621286071,697.602007223947,1544.27680,15442768000
1124.5175438357999,693.5869768143134,1544.49890,15444989000
1091.7950872315423,642.862114034241,1544.71030,15447103000
1085.2465219583903,634.0687776372756,1544.92950,15449295000
1147.8961317356222,589.1953480669399,1545.14580,15451458000
1247.9929922380657,690.263055807006,1545.35970,15453597000
1294.286077200695,734.5798935420938,1545.57350,15455735000
1314.2138071429174,766.6138607366615,1545.79010,15457901000
1373.0781740972182,697.4439003837091,1546.00660,15460066000
1345.7854665870022,696.7751120789156,1546.22620,15462262000
1311.1500114123894,657.2930346161245,1546.44090,15464409000
1282.7536488240873,625.1214550592449,1546.66240,15466624000
1339.9072316214435,666.5604993565411,1546.88290,15468829000
1332.025706848317,695.1059296833884,1547.10790,15471079000
1352.2768886471301,733.7970222564903,1547.33100,15473310000
1321.6996152851193,684.008068787606,1547.55010,15475501000
1310.3068185953937,658.8884201530201,1547.76510,15477651000
1241.354535899482,645.50440279438,1547.98200,15479820000
1160.404265642783,599.580802680781,1548.19250,15481925000
1105.8083992851043,607.2785362155659,1548.41730,15484173000
1092.128345880488,610.9823688566458,1548.64010,15486401000
1073.790482816204,568.5569974293336,1548.85800,15488580000
1022.5239641068902,512.8750368700536,1549.07500,15490750000
1034.0115738635802,553.8293972807995,1549.29060,15492906000
1004.0714594890514,553.8662693442388,1549.53260,15495326000
1022.2869482349222,570.4503831330214,1549.75880,15497588000
1026.8937306803027,567.1692546073788,1549.98590,15499859000
966.6426701329794,560.972812297471,1550.21760,15502176000
1000.8784043020396,565.8849329705309,1550.44430,15504443000
1127.7526042032314,665.8545096445783,1550.66750,15506675000
1128.3103979137213,630.0190977627717,1550.89040,15508904000
1025.161931745388,602.8829580128738,1551.10440,15511044000
960.6773556171572,575.3211797902054,1551.31830,15513183000
981.1907788693173,572.021861940025,1551.54170,15515417000
1066.785286609814,553.9608756035855,1551.81630,15518163000
1077.5076664000153,577.5169365646719,1552.03920,15520392000
1074.4978363695536,586.4387681333255,1552.25490,15522549000
1082.7176001032058,566.9775768311039,1552.47060,15524706000
1100.3446032973588,566.3962676558718,1552.68860,15526886000
1100.495237544192,554.4511393943061,1552.90670,15529067000
1096.8119694341847,547.986466410474,1553.11970,15531197000
1076.0971113840017,558.6404602734922,1553.34400,15533440000
1071.9368384836157,546.4615727019708,1553.56940,15535694000
1025.2074582469108,542.1001794856306,1553.78400,15537840000
1054.6436319637987,568.3721307200246,1554.00090,15540009000
1034.7094330471064,571.2308845048501,1554.21740,15542174000
956.7387710724333,533.0024750924737,1554.43500,15544350000
966.0968565177141,531.002057760181,1554.64840,15546484000
990.2107607112326,537.170527775434,1554.87440,15548744000
1030.3685088086395,503.90954324298724,1555.09280,15550928000
1036.7047125140912,462.339187924085,1555.31700,15553170000
962.2018305792742,404.01355148322773,1555.53980,15555398000
954.9799962016161,366.5708349748218,1555.75940,15557594000
1038.691434010811,420.937773248723,1555.97340,15559734000
1107.0032522610422,461.52517438415316,1556.19220,15561922000
1077.6767341571356,453.24574184606524,1556.41460,15564146000
1056.3981926788304,428.2081656374483,1556.63540,15566354000
1007.1024644539439,411.5249632836848,1556.84780,15568478000
921.392358391985,429.52446709032404,1557.07140,15570714000
845.9222048654988,409.38475500346306,1557.29320,15572932000
887.573586159231,433.0629001870493,1557.51070,15575107000
882.9477787855027,433.0116988292474,1557.73120,15577312000
789.1591088912186,407.8237679473576,1557.95760,15579576000
788.2029312772104,410.17475579405686,1558.17640,15581764000
770.4117182290277,413.5606127254409,1558.39740,15583974000
776.8818820756643,451.19617959486703,1558.62000,15586200000
738.9922116742371,461.2848232023918,1558.83240,15588324000
862.6160058858402,470.5612843012035,1559.05310,15590531000
905.082341681625,530.0656679387932,1559.27240,15592724000
919.3050121198661,547.9047446235987,1559.49310,15594931000
960.6447189577002,551.3865388390199,1559.71720,15597172000
1098.9922002106434,633.9275722963757,1559.94810,15599481000
1095.210983601598,698.7897915758294,1560.16870,15601687000
1038.3787046969742,716.8130152336339,1560.38580,15603858000
994.9042732203932,715.5101819582643,1560.61030,15606103000
845.1180808710905,632.7998844294574,1560.82720,15608272000
801.4467712206978,506.7641779623108,1561.04280,15610428000
765.8106444756785,437.034655681895,1561.26410,15612641000
691.1142073053725,448.5700105761264,1561.48120,15614812000
633.4364396477737,394.04894635836314,1561.70600,15617060000
624.5856483221804,383.84095458066327,1561.93080,15619308000
532.576717566562,358.81419364933606,1562.14890,15621489000
439.56759596033606,347.4197971456427,1562.36780,15623678000
442.5238687746864,423.06799503903653,1562.59660,15625966000
428.4870769436178,401.89734616455877,1562.81930,15628193000
586.7897536877888,392.86343482986797,1563.03990,15630399000
741.4323679153493,355.6805478154218,1563.26250,15632625000
814.807727232525,344.84371747772644,1563.47740,15634774000
1008.7289803426154,325.4919353073337,1563.70000,15637000000
1136.1449227896705,290.5016538390872,1563.92350,15639235000
1242.6540448619517,236.58255147868556,1564.15150,15641515000
1226.719460603421,309.58264998488767,1564.37410,15643741000
1338.1101958773284,332.2387115575832,1564.60190,15646019000
1407.6415109931716,281.43621203372487,1564.82670,15648267000
1275.2486575778019,364.4923509925269,1565.04280,15650428000
1139.4159920795862,438.87143111931636,1565.25870,15652587000
1050.858701755633,532.559373000566,1565.48000,15654800000
959.3262516133153,580.4838386530753,1565.70130,15657013000
905.6618351142782,608.3180508740857,1565.91950,15659195000
890.3593504724623,644.098402588755,1566.13930,15661393000
859.8459497094108,719.6429824074111,1566.35530,15663553000
816.260316810138,780.7248465661975,1566.56740,15665674000
747.8279785577297,778.4965512621206,1566.78980,15667898000
787.9047170751084,740.3672551317314,1567.01090,15670109000
792.4212796897228,724.5323287819609,1567.23210,15672321000
861.2641584415286,666.5848329779062,1567.44690,15674469000
934.3515820557947,610.9289515317349,1567.66860,15676686000
886.3051843454399,573.9388275300024,1567.88120,15678812000
831.0687745948406,552.5511417749133,1568.10440,15681044000
792.1140079215827,590.0133676158237,1568.32210,15683221000
777.8580546328326,582.9765496918583,1568.54930,15685493000
754.9981105803577,568.70944378785,1568.76440,15687644000
812.769407679328,590.7616477108825,1568.98450,15689845000
815.959802514147,610.1034136669567,1569.19890,15691989000
837.9933828555035,655.7291943661941,1569.41370,15694137000
881.9384287975558,694.2991243069029,1569.63140,15696314000
918.6961379262209,692.891994706327,1569.85940,15698594000
867.4763312786305,696.7756267329162,1570.09750,15700975000
878.1141470884029,664.5728714902476,1570.31890,15703189000
905.7587438969252,634.2669153681193,1570.55970,15705597000
894.3247493249388,563.1001416525382,1570.77580,15707758000
911.5525377947664,564.2932256404174,1570.99970,15709997000
944.8219209801641,555.152526110967,1571.21610,15712161000
892.8381692463507,545.8997795698592,1571.44150,15714415000
873.1400944338228,594.1145156913079,1571.65730,15716573000
832.2144119581122,605.3217730958833,1571.88560,15718856000
815.9923926553104,654.7526268601108,1572.10830,15721083000
894.4473744157237,650.8835488042839,1572.36800,15723680000
914.5457130660606,665.5285003130988,1572.61850,15726185000
879.3634479803094,623.0933562973922,1572.83500,15728350000
918.8805070682902,581.7232736104611,1573.05560,15730556000
936.4936196407331,555.7151388476943,1573.27100,15732710000
975.9109879860486,539.540377878747,1573.50770,15735077000
992.8390883422828,575.7673780886022,1573.72840,15737284000
985.1422435540993,567.1463892007384,1573.94380,15739438000
953.0370332831677,580.3343775236822,1574.17400,15741740000
964.6609285858976,560.8540492220789,1574.38930,15743893000
977.0069040612993,611.9821521497099,1574.61180,15746118000
929.6355421960237,649.1072850216689,1574.82730,15748273000
907.2749206234415,657.6889538633151,1575.04670,15750467000
849.4994320321229,682.8019389624889,1575.30070,15753007000
814.8313037445844,664.9214752800118,1575.51570,15755157000
846.2377045744402,662.5675826947977,1575.73120,15757312000
842.3112072419792,654.2805507792717,1575.95640,15759564000
777.7036465004192,622.526804468702,1576.18490,15761849000
835.4728480263325,591.2133857238108,1576.40630,15764063000
890.130367566121,639.3895395212126,1576.62270,15766227000
875.4476110978609,630.7933223257219,1576.85200,15768520000
902.089378920718,597.093510792258,1577.07610,15770761000
793.5230224809654,542.232687502534,1577.29760,15772976000
625.5921241417611,485.40209746035856,1577.51950,15775195000
561.4396559154337,451.3000794689368,1577.74410,15777441000
558.8250750198531,406.6495730465856,1577.95930,15779593000
513.2069155629164,370.036473397295,1578.17630,15781763000
599.2090258646163,409.4837994387949,1578.39290,15783929000
636.8466020722112,428.4632880385283,1578.61950,15786195000
674.4864664474662,425.52182295579155,1578.83280,15788328000
721.6601535794541,442.86331194487144,1579.05610,15790561000
781.3774879229359,450.6097322986868,1579.27430,15792743000
815.0650093378723,490.56604759417746,1579.50290,15795029000
766.5531886241338,499.04590820843515,1579.72440,15797244000
742.5694159415868,537.0841256696596,1579.94750,15799475000
755.1945161502929,560.1091272603762,1580.16930,15801693000
769.6224787570021,502.2647570271808,1580.38300,15803830000
738.8168096963166,453.954256048801,1580.60590,15806059000
817.5142291224026,462.5483416825629,1580.81620,15808162000
818.2154937799232,425.33658162602376,1581.03360,15810336000
840.789701841097,406.7673943110578,1581.25100,15812510000
909.6260733862831,347.8052380055066,1581.47590,15814759000
907.1286541771078,333.9639793989646,1581.69340,15816934000
1102.9243532380558,270.0449948162514,1581.91850,15819185000
1293.625941433725,233.36514728250353,1582.19210,15821921000
1515.445672191694,216.17762118501662,1582.41610,15824161000
1647.3860724553258,346.8911417482834,1582.70220,15827022000
1510.8007084105286,415.25638545209523,1582.94940,15829494000
1431.5664133786213,434.0055311124811,1583.17150,15831715000
1495.0603609040104,335.5898529711064,1583.40680,15834068000
1524.6980877343533,282.41027584161225,1583.63290,15836329000
1592.1558681641388,256.18256948728816,1583.84440,15838444000
1597.2506312487096,378.7717788616849,1584.06430,15840643000
1648.345307167478,439.90767272314673,1584.28890,15842889000
1616.9965832739838,393.08171196423234,1584.51620,15845162000
1626.33520199104,346.98010962651887,1584.76920,15847692000
1393.2700221830119,376.5956266309601,1585.02690,15850269000
1246.8431181359686,393.44565903733996,1585.28560,15852856000
1121.1475919931568,352.3082439239329,1585.51670,15855167000
1010.1083547169708,350.091565268163,1585.75660,15857566000
971.466315864987,358.17493311649537,1585.98290,15859829000
970.5899277507903,346.480429430122,1586.21890,15862189000
1103.587030871832,263.8786936713623,1586.44510,15864451000
1033.8472060395732,294.7083950407299,1586.73950,15867395000
834.2798140578253,301.6156452566556,1586.96500,15869650000
782.2285577716017,344.47353276463224,1587.20430,15872043000
723.9794897110122,374.72047755311763,1587.41970,15874197000
748.9147557752065,438.18307133634573,1587.65410,15876541000
745.9875882393537,419.2126551961397,1587.87190,15878719000
682.1919877752894,383.1128596816681,1588.10950,15881095000
676.1865184322854,390.86486768471036,1588.35900,15883590000
677.9057773815837,355.2719586006781,1588.58770,15885877000
737.1766699553291,346.0857882601248,1588.83190,15888319000
760.7375709617164,306.6168223287021,1589.08200,15890820000
660.0536719934698,322.65509719444566,1589.33240,15893324000
594.1557512058405,329.69366140145127,1589.54930,15895493000
507.2815432958602,313.2177909249851,1589.77690,15897769000
537.2950935335967,273.4063839846411,1589.99590,15899959000
551.426872015314,300.87468110121745,1590.21980,15902198000
557.9620892823722,306.03176543355056,1590.46810,15904681000
519.109994661258,316.7055585031787,1590.68410,15906841000
417.37802354075745,319.5999427353088,1590.89660,15908966000
563.2781904119668,374.010449485118,1591.13530,15911353000
545.2145557982493,332.3829384544104,1591.35700,15913570000
516.389389506967,355.7998807251718,1591.57830,15915783000
604.5119333491064,400.0126428714231,1591.79850,15917985000
623.0676774694709,412.3074321067237,1592.03050,15920305000
726.8527153527527,452.5333196663681,1592.24330,15922433000
801.8165754140817,479.820735615065,1592.46760,15924676000
838.5896475969568,491.41497633404765,1592.68650,15926865000
883.0755625446911,567.9757163229104,1592.91270,15929127000
908.6019725556265,571.8648287432632,1593.14560,15931456000
912.7990537072726,589.8990921111305,1593.37210,15933721000
934.8388735471199,581.0580494178206,1593.58980,15935898000
949.7369972715059,603.0904417648336,1593.83930,15938393000
987.4431448602531,588.0166609623451,1594.06080,15940608000
992.9123558121188,549.1623338724711,1594.30040,15943004000
928.0970884275347,569.9482385045995,1594.52470,15945247000
795.2576705958288,548.8674074592466,1594.74130,15947413000
523.6441033305578,474.9143003932481,1594.95960,15949596000
430.6634989719459,406.74685579112275,1595.17920,15951792000
510.6870606570757,439.02100230666815,1595.39790,15953979000
624.1140528964959,415.0434103968142,1595.66350,15956635000
704.199882981445,397.6260564223009,1595.89230,15958923000
629.8704725767209,377.90617163851107,1596.14690,15961469000
628.6667222057721,377.5165972329152,1596.36610,15963661000
636.7131255267129,379.5393865746808,1596.59230,15965923000
666.0685407248195,398.5620246778758,1596.82230,15968223000
688.1165721564364,414.5249547853288,1597.04040,15970404000
557.8211457431009,396.5144326165012,1597.26000,15972600000
679.4865496460893,444.5295644253619,1597.50380,15975038000
745.3844222954816,482.45978848506684,1597.73430,15977343000
818.5706007783798,446.5413535506561,1597.96070,15979607000
840.6211764488165,459.27988186905935,1598.20320,15982032000
860.0562645884564,512.8250771707782,1598.41570,15984157000
886.687883123123,552.9784971743405,1598.64000,15986400000
893.830215555478,552.8959505870968,1598.86300,15988630000
884.3193871046097,582.7641703427879,1599.14930,15991493000
927.6494989523208,555.3888112594008,1599.38360,15993836000
946.5172192884575,547.902946826144,1599.64130,15996413000
949.3544813691129,488.95730314713137,1599.91060,15999106000
955.8537796621151,491.50103096973913,1600.16360,16001636000
918.1160573534117,504.2402374914,1600.42830,16004283000
853.1602594384896,430.2788672904243,1600.65230,16006523000
887.932656814346,421.5977513654743,1600.90490,16009049000
865.0185143898705,468.0891057811242,1601.16960,16011696000
937.1529001458908,464.8594538865275,1601.38390,16013839000
893.4314307211316,487.22577109443074,1601.60750,16016075000
920.6225532205245,500.2221761660379,1601.82560,16018256000
908.4942483460933,475.25964567901224,1602.05180,16020518000
866.4331754825787,453.68915218017725,1602.26200,16022620000
851.046029969534,449.61104725695833,1602.48370,16024837000
885.5267809708728,496.6054586396326,1602.70100,16027010000
864.4436613756181,550.1093375264305,1602.92890,16029289000
690.4940058223273,507.77715523652273,1603.15040,16031504000
541.3784110234908,507.713792350249,1603.38080,16033808000
462.85659191659363,481.93419113529666,1603.59850,16035985000
360.2732809067945,428.58829336151194,1603.81950,16038195000
456.57261289854614,465.8781238879407,1604.04090,16040409000
485.41016737263396,526.1259168342054,1604.28310,16042831000
555.2895799375665,536.7860368997449,1604.50310,16045031000
610.2804955194234,564.952144696485,1604.74040,16047404000
598.9068631260893,539.1042152302496,1604.96150,16049615000
622.9049576765167,502.0635151072885,1605.17970,16051797000
648.3490863001266,474.9712742940451,1605.40500,16054050000
678.7533718684256,471.96891119698245,1605.63240,16056324000
594.6617623043554,442.2483733942519,1605.87010,16058701000
597.3241372437642,399.72491606749423,1606.08310,16060831000
595.2156137992511,340.19652231074645,1606.30130,16063013000
668.7419668858586,395.2949345890133,1606.52860,16065286000
695.2948269294119,393.4058030433848,1606.75460,16067546000
770.1174488837141,387.0693402178494,1606.97710,16069771000
812.8964911077112,408.49763447509264,1607.20610,16072061000
813.4791373873686,447.4786249785073,1607.42800,16074280000
812.3610442958137,464.243786853811,1607.65760,16076576000
781.4002769536382,489.149608270389,1607.87760,16078776000
809.1858693642963,486.1950691215543,1608.10070,16081007000
858.6709913525749,451.63200080916374,1608.31300,16083130000
865.576733137282,457.12692732294306,1608.57750,16085775000
850.8409926364828,442.14367033597745,1608.83260,16088326000
852.9693275993634,436.62107829640996,1609.05080,16090508000
766.0551028430891,530.4924606200917,1609.26870,16092687000
775.5645796308085,581.2029497293183,1609.48640,16094864000
699.0870309151911,568.2126810175303,1609.70310,16097031000
730.9159425092307,579.2049876000864,1609.91960,16099196000
732.5329489542984,537.8301861156147,1610.14660,16101466000
715.2890599483898,554.0562179020138,1610.37130,16103713000
730.0289091791755,545.0547552496563,1610.59200,16105920000
806.7048679733076,503.947373356756,1610.81090,16108109000
824.163477745874,464.0785603925326,1611.03180,16110318000
886.7578135318912,471.0474658160263,1611.24740,16112474000
924.7512805406546,468.7343470765293,1611.52630,16115263000
1011.0792664865807,541.2403542292084,1611.76330,16117633000
1001.5301968705286,531.766362237358,1611.97740,16119774000
1039.4471003186984,505.4620555218725,1612.19540,16121954000
1057.674253070192,471.9243577954417,1612.44010,16124401000
1008.4251467041865,471.74792531774744,1612.66820,16126682000
941.7409789751172,470.1283475883089,1612.88010,16128801000
1027.9567092761922,493.1013760468367,1613.10320,16131032000
1212.2756755504172,401.87575449682174,1613.33080,16133308000
1149.8322105900988,408.09793519128203,1613.55260,16135526000
1129.410015503402,463.6279411689959,1613.77580,16137758000
1182.3048566425111,548.1686906148271,1613.99740,16139974000
1175.2775752535354,558.0986478970958,1614.21480,16142148000
1101.8015307276255,589.5285237162184,1614.43780,16144378000
1158.1769531490322,601.0593825210319,1614.67440,16146744000
1115.0195244645258,608.1663519049805,1614.89220,16148922000
1132.6820768980965,612.3522547959311,1615.11230,16151123000
1077.8830254881002,598.4724900703025,1615.33480,16153348000
1124.5738493646113,663.8710428872836,1615.55300,16155530000
1093.1586724373506,653.1471486177062,1615.79140,16157914000
1061.2453549096633,616.2614696451943,1616.03120,16160312000
1072.7005684640405,591.3621572001172,1616.24840,16162484000
1148.503526935835,565.4484834975524,1616.46770,16164677000
1211.7147461830248,541.0109300404264,1616.69980,16166998000
1168.1417749846942,519.5836298529842,1616.91610,16169161000
1099.6150083204595,492.1707211542741,1617.14070,16171407000
1027.129935896339,429.8206528470249,1617.36060,16173606000
990.5244103369124,399.3286426092107,1617.58470,16175847000
1012.5419517896393,389.44704419717874,1617.80930,16178093000
1029.8119213267157,412.1921778468089,1618.05210,16180521000
1056.2486888549013,414.3252911546935,1618.27600,16182760000
1002.835706358281,401.62613607576446,1618.49930,16184993000
968.6545152739578,415.8448111618631,1618.72290,16187229000
761.4158227039151,407.96235160239064,1618.96050,16189605000
787.7666591130044,374.5838880899351,1619.18130,16191813000
820.4547725530701,414.02705509212103,1619.39870,16193987000
728.0654232569151,391.7570175970731,1619.62690,16196269000
772.964089163286,449.38710421490765,1619.85110,16198511000
869.5331545130834,462.71217199197423,1620.06700,16200670000
931.2340818882294,471.8387704889302,1620.29170,16202917000
1036.938229379164,476.96487416674535,1620.50980,16205098000
1074.7781790267277,457.67917176169544,1620.73070,16207307000
1080.2057736291313,460.8323726386019,1620.94680,16209468000
1112.765733712165,500.75235711987085,1621.17480,16211748000
1178.9107666882653,536.3068837742661,1621.39750,16213975000
1185.9953792094138,539.2403424754879,1621.62250,16216225000
1232.1756409066247,542.4994921800411,1621.84260,16218426000
1247.8450507023524,544.8783539825598,1622.05740,16220574000
1263.9331473998764,512.34577464189,1622.27530,16222753000
1307.8238420924322,509.66722268741097,1622.49710,16224971000
1348.053073755178,486.9951051076343,1622.71630,16227163000
1338.531077839573,518.336945520173,1622.93400,16229340000
1315.303210213412,508.8476247366859,1623.16400,16231640000
1261.2025490743617,509.09775851354266,1623.38210,16233821000
1216.2057748284278,480.93282753248377,1623.59910,16235991000
1227.2602556711358,496.9362871844378,1623.81650,16238165000
1274.2648518358365,531.3482356461858,1624.03160,16240316000
1310.785750276147,546.2686021823164,1624.25570,16242557000
1359.065707022245,580.6693815211646,1624.47390,16244739000
1379.4213850948643,637.2154280231812,1624.69220,16246922000
1432.7397780958474,652.4367620119787,1624.91490,16249149000
1453.3067743126865,641.957591088687,1625.13450,16251345000
1400.414100445865,620.9240517147829,1625.34700,16253470000
1370.7039424153002,553.6978225269382,1625.57620,16255762000
1316.964443734551,531.2710004120618,1625.79510,16257951000
1228.3125969732846,590.8587779213858,1626.01320,16260132000
1184.000542219812,661.3342711030026,1626.23530,16262353000
1111.8147319721372,582.9120581695295,1626.44970,16264497000
1126.5892392690241,555.5431795242985,1626.67200,16266720000
1140.5163186638447,543.2963163402584,1626.91040,16269104000
1129.6947017241741,531.2772940462582,1627.13380,16271338000
1169.7241085908431,486.6082342570724,1627.35310,16273531000
1155.7820895212064,508.2538370824238,1627.57240,16275724000
1082.4537740818191,504.9970169164812,1627.79490,16277949000
1070.251122305847,503.29040321893007,1628.00970,16280097000
1051.4369816358687,495.2454706588699,1628.23390,16282339000
1068.51659543019,520.7274825078754,1628.46870,16284687000
1132.1003688255732,529.7302888361068,1628.69730,16286973000
1066.0790498008141,507.43833413816776,1628.95690,16289569000
996.6935557232398,512.8070664561011,1629.18430,16291843000
1000.1450968149752,548.3514993940705,1629.46100,16294610000
1006.04886847097,530.8842664443572,1629.67900,16296790000
955.2829717032924,522.6818764289011,1629.93000,16299300000
989.1908254101635,544.4379558574408,1630.15160,16301516000
849.436606606565,488.4270246809385,1630.39210,16303921000
801.4351926931722,449.9413771477658,1630.67040,16306704000
569.011898952928,430.2252824471453,1630.88930,16308893000
518.7937604422953,428.3190602182027,1631.13980,16311398000
405.15952478667526,401.915453487028,1631.41500,16314150000
350.7274022201834,391.93609441042435,1631.64850,16316485000
306.9428443571285,401.4165963379213,1631.87160,16318716000
276.93456388729487,418.2245247409396,1632.10270,16321027000
336.7645735871933,458.68307541167326,1632.33020,16323302000
392.8340587764426,445.5201357720194,1632.55290,16325529000
501.2866859140569,506.3932091690346,1632.78800,16327880000
435.92571527497375,492.7831770575753,1633.00750,16330075000
511.3161386654259,422.92885519799086,1633.23000,16332300000
534.1060719536898,395.4119077536684,1633.45230,16334523000
459.0992505528741,377.1519027003107,1633.66810,16336681000
499.20721157123717,437.26621196916165,1633.90710,16339071000
555.518510745328,402.1464800588499,1634.12390,16341239000
709.8318972217785,401.0789235573161,1634.34620,16343462000
806.9725909503211,401.8101516979682,1634.57050,16345705000
783.139809732256,371.28312014574067,1634.80830,16348083000
738.0301408902106,337.91031171433787,1635.03320,16350332000
681.4050135191972,352.0365168580605,1635.26500,16352650000
770.4203523110574,426.8630175424347,1635.48990,16354899000
830.096509265517,457.32098142671475,1635.73240,16357324000
856.6435476572842,468.8162942462302,1635.94650,16359465000
923.7084060228196,467.4199947330927,1636.16460,16361646000
992.7480389033277,487.73160876189803,1636.38910,16363891000
964.3592786769661,457.05380850328106,1636.62120,16366212000
904.3456824555392,399.040788223897,1636.84640,16368464000
898.9172385317211,456.9227136639623,1637.07150,16370715000
968.8557783022237,458.1113360526105,1637.29260,16372926000
997.9831182810849,457.1366604034515,1637.51570,16375157000
1153.9590552708398,500.9530180735916,1637.74080,16377408000
1175.2563837648274,515.1305936423465,1637.97260,16379726000
1092.6171389777842,537.7028095863965,1638.20050,16382005000
1222.1743737491825,568.3687250551816,1638.43470,16384347000
1255.9545970472357,602.5562934699502,1638.65100,16386510000
1359.841858294483,634.9662879154085,1638.87010,16388701000
1402.9846073295241,668.6731822763719,1639.08980,16390898000
1429.7289589400875,632.8258441191606,1639.31830,16393183000
1425.3194972968915,651.4674963830442,1639.54080,16395408000
1460.972360631693,626.8484969471697,1639.76480,16397648000
1345.3996500289338,629.222934116452,1639.98310,16399831000
1356.9871445325982,606.7775696567787,1640.20100,16402010000
1421.1315965761828,574.5852298349946,1640.42190,16404219000
1129.2738870793835,490.37830932142947,1640.64980,16406498000
824.6979337666357,477.1831986844397,1640.88020,16408802000
501.7750936972626,429.9438935693158,1641.10740,16411074000
601.6403382623573,466.8015477133491,1641.32850,16413285000
432.61420270856144,412.1203159795099,1641.54280,16415428000
330.9194093981679,404.5595600114864,1641.76430,16417643000
240.14117551120725,424.7071278322006,1641.98270,16419827000
216.9436294626163,460.1245101396199,1642.21020,16422102000
365.5517257632878,449.5433819394645,1642.43270,16424327000
422.4473301323135,440.9570471035949,1642.65330,16426533000
450.6195643849971,451.19593939374835,1642.88630,16428863000
482.2002008865804,466.2491221461256,1643.10160,16431016000
589.4865195851728,496.9095836268261,1643.32420,16433242000
714.6825411559106,516.7156328398997,1643.54220,16435422000
893.8827473054157,500.59933488239415,1643.76220,16437622000
1008.3313592135138,513.6220944178821,1643.99650,16439965000
1128.9503770553997,547.8769096833479,1644.22440,16442244000
1142.9540524305992,496.6342033224409,1644.44870,16444487000
1128.584390281184,481.87709608412496,1644.67760,16446776000
1146.2076478664005,442.10303733067974,1644.89870,16448987000
1156.1427361260294,436.01497117880234,1645.12420,16451242000
1138.5861564382137,437.99932082824955,1645.34860,16453486000
1081.9916962329357,435.8233622492534,1645.60700,16456070000
976.6633022689432,438.8474993911279,1645.82270,16458227000
1009.0782539139497,559.8142867520949,1646.04420,16460442000
993.1423613220188,581.4601106160992,1646.26970,16462697000
1047.2803537693237,522.0526807276541,1646.49260,16464926000
1181.9874127960907,549.6159779938935,1646.71240,16467124000
1158.1416190364064,489.06587355871727,1646.93480,16469348000
1199.1691736961548,458.6965268289531,1647.17160,16471716000
1166.3984084782921,452.2626733799407,1647.39860,16473986000
1198.5190311934564,404.09536071415914,1647.62250,16476225000
1306.637762284874,352.11614745865717,1647.84150,16478415000
1266.017929678313,385.53940663805326,1648.06340,16480634000
1380.6092773047073,404.28156727165714,1648.28560,16482856000
1378.4047275205266,387.67372981370374,1648.51130,16485113000
1366.6591925012517,398.6167298900264,1648.73620,16487362000
1392.7024261359816,404.3620602878918,1648.96460,16489646000
1409.4189586521197,438.86960345834143,1649.18480,16491848000
1341.4654868074642,369.6589358627259,1649.40280,16494028000
1338.2683083089316,376.786924340018,1649.61970,16496197000
1281.9823672622567,425.41614403399166,1649.83960,16498396000
1250.3861453370573,448.33844037520794,1650.05960,16500596000
1208.3920320006018,427.8038926589586,1650.29620,16502962000
1180.817633477461,438.8099606944622,1650.51390,16505139000
1227.5972400655244,520.2495808491341,1650.73410,16507341000
1192.8435031893387,514.3092223644857,1650.95560,16509556000
1129.3544890508404,477.5140863393349,1651.18070,16511807000
1090.8785137145323,453.3139600057214,1651.40700,16514070000
1135.8177506882696,421.0103058534923,1651.63030,16516303000
1122.196832571052,421.5590687507564,1651.85330,16518533000
1125.9888637451656,404.7787812837817,1652.07940,16520794000
1106.6759839040212,400.3944618420001,1652.30660,16523066000
1111.1724836792673,429.7942476620357,1652.54030,16525403000
1187.1173936123648,402.03898167245313,1652.76220,16527622000
1269.887519146912,439.2152351255132,1652.99400,16529940000
1340.5430995010272,407.7301444316351,1653.21620,16532162000
1223.6932431389516,398.568103279783,1653.44100,16534410000
1177.6340364666792,429.09769881312286,1653.66600,16536660000
1068.5159877541407,443.7393877757758,1653.87960,16538796000
956.6152749491655,436.6975942642274,1654.09470,16540947000
1028.901567368808,409.6850554366412,1654.32630,16543263000
1156.4533982443781,406.4358119642238,1654.54640,16545464000
857.0292096299559,406.8590665723639,1654.77560,16547756000
695.4813742559472,412.2449053728095,1654.98980,16549898000
670.6706957579826,449.79915972641993,1655.20700,16552070000
535.1110230259095,471.1216721417297,1655.41760,16554176000
603.1789309037372,468.0450696771042,1655.63540,16556354000
642.352198998183,440.2819845498268,1655.85750,16558575000
733.7188189436791,405.05602037662516,1656.08000,16560800000
749.1793600207494,444.40195463034536,1656.30340,16563034000
631.5216001960339,479.4351487221288,1656.52540,16565254000
618.7364439347423,471.8423519746765,1656.74160,16567416000
718.1218570487325,419.0776725528531,1656.96340,16569634000
761.8760626407494,416.0989258582204,1657.18500,16571850000
788.1766053608791,377.6347977424399,1657.40690,16574069000
773.1561387067925,389.07648281976356,1657.62270,16576227000
817.0801021965295,407.9327937623206,1657.84360,16578436000
903.3464919073151,451.5887254909984,1658.06880,16580688000
987.7400520822138,420.37540360669414,1658.28170,16582817000
981.0274747323749,402.7357491240195,1658.51020,16585102000
1013.039862617115,404.57142895160365,1658.73380,16587338000
939.8805124396273,447.5895674481505,1658.96480,16589648000
960.9239612925171,456.9567665002809,1659.19050,16591905000
920.0323407946373,458.6709187743816,1659.41990,16594199000
915.8274968895867,379.2031204010088,1659.66120,16596612000
970.6672630185063,335.2118496540142,1659.87720,16598772000
1053.0719048011927,419.9022520124509,1660.10590,16601059000
1041.5621175120139,428.50106002816904,1660.33400,16603340000
960.7842437321904,435.92349864270545,1660.55830,16605583000
809.3840083439977,389.8776217185522,1660.77890,16607789000
727.0597438517775,389.63796519672076,1660.99480,16609948000
638.786239888996,398.5483205454002,1661.21300,16612130000
645.9441618321922,438.4622930781561,1661.43490,16614349000
641.2427010984654,453.7438200434817,1661.66890,16616689000
604.2118080529768,458.1113978734494,1661.89890,16618989000
597.8586756080459,449.8790461503504,1662.11570,16621157000
462.2695965803781,429.3961860241607,1662.35280,16623528000
397.0211681365458,425.69669746094405,1662.57950,16625795000
412.00595257723376,462.32393915834484,1662.80090,16628009000
518.349047954967,463.67669971116817,1663.02680,16630268000
603.1734636111559,422.11429544503034,1663.25700,16632570000
513.9112067556925,404.5938709101216,1663.47290,16634729000
480.9503218672604,382.6425305592481,1663.69050,16636905000
418.05833526074247,423.6587537821048,1663.91190,16639119000
429.50865278745493,420.8698045875074,1664.12500,16641250000
536.3489020665531,428.70622296282977,1664.33650,16643365000
597.7957673912629,403.2224975446095,1664.55790,16645579000
551.0131432457031,394.81490738811743,1664.78270,16647827000
565.6189364680403,364.2035356171826,1665.00760,16650076000
585.7353340214028,382.59345331080607,1665.23670,16652367000
538.5987356289833,381.0600911676592,1665.46880,16654688000
403.9101500993045,382.03518681265376,1665.68510,16656851000
372.621141074174,358.4048986359517,1665.90240,16659024000
534.593353765148,351.99255506829644,1666.12260,16661226000
520.237126791774,341.4611712548027,1666.34550,16663455000
508.5752494932143,319.0590238662345,1666.57170,16665717000
551.8685614260727,321.4502985813957,1666.79760,16667976000
510.1930313218071,327.1230285572502,1667.01860,16670186000
598.3870164089778,303.9826993347125,1667.23190,16672319000
787.0598250280561,276.54258289805796,1667.45460,16674546000
864.9121231480773,257.78674121960586,1667.67370,16676737000
862.5889412714928,230.7751766741689,1667.89630,16678963000
1023.0841643671307,268.06601936413017,1668.13000,16681300000
1185.9053068896228,306.615229530606,1668.34880,16683488000
1344.1782235048036,350.06936975705906,1668.58780,16685878000
1490.5023250648312,438.01957819508505,1668.81100,16688110000
1586.482244301341,520.6631024645683,1669.05130,16690513000
1379.004151546098,456.87420150518176,1669.28700,16692870000
1114.8119305690577,410.95721413966476,1669.52030,16695203000
996.2329306142339,386.5093667160571,1669.75700,16697570000
879.8024264005792,365.6342394927081,1669.97670,16699767000
926.887395011741,359.81933680982934,1670.24350,16702435000
834.6159967394339,318.75719848748656,1670.47670,16704767000
769.1156514328599,311.129164567735,1670.74400,16707440000
792.7705087652442,328.6432975094909,1670.97640,16709764000
825.0152663081011,284.02207220704395,1671.20530,16712053000
765.9284184369403,299.2069870378369,1671.45350,16714535000
684.734008081914,419.5635725875885,1671.69330,16716933000
615.2791937771029,377.1057484703806,1671.92660,16719266000
481.3913148505551,322.8624215910428,1672.22820,16722282000
455.88277363231026,345.116031883435,1672.45730,16724573000
392.21095779520454,409.30803598204875,1672.68650,16726865000
407.3920380230393,387.2541200130762,1672.92690,16729269000
420.2377265782447,402.5458443505506,1673.15230,16731523000
490.1752938815894,437.2890658276005,1673.38770,16733877000
559.0530276598925,392.33104372042555,1673.64880,16736488000
472.18042112615024,340.64267410503237,1673.87870,16738787000
220.82898583348134,322.12161828677165,1674.11880,16741188000
282.79830663014127,391.59367370636994,1674.34580,16743458000
339.4864329589292,418.5616742944176,1674.56900,16745690000
340.80857839641686,427.9786466887272,1674.78740,16747874000
352.14095867100804,406.6414105120517,1675.01290,16750129000
439.65236730018074,401.5244809195492,1675.23830,16752383000
409.53013270418415,382.942933342489,1675.46210,16754621000
442.33040600569825,425.293200837176,1675.70250,16757025000
527.0687578574335,489.68900975761426,1675.98540,16759854000
637.8182727652452,548.5332537068061,1676.20990,16762099000
699.9296218357075,538.3223317309578,1676.42950,16764295000
696.303365972679,568.1127037845149,1676.65510,16766551000
711.8818908322277,568.3140896885808,1676.87560,16768756000
739.9804796734334,574.2808169022572,1677.11690,16771169000
753.0324374863678,573.9404958552066,1677.39050,16773905000
809.802490787925,549.5581656548022,1677.60860,16776086000
857.1212252158089,553.4035415736312,1677.83060,16778306000
817.3464018442912,550.1910724365379,1678.08950,16780895000
829.388722503162,552.5393360564414,1678.33470,16783347000
779.1301053373046,561.6038889947015,1678.57730,16785773000
789.1355127419203,524.0717162895073,1678.79730,16787973000
761.0013381564926,449.2041876286886,1679.02080,16790208000
803.2931423772562,477.84700790684155,1679.24890,16792489000
836.2072044921545,498.362236245127,1679.47830,16794783000
814.1715212698817,444.5310821406615,1679.69650,16796965000
830.8760994159675,449.2725742614465,1679.91630,16799163000
833.7353312622212,434.0122226096343,1680.14190,16801419000
823.103900686532,416.1551439443177,1680.36430,16803643000
887.2189031488368,420.81905973701134,1680.58210,16805821000
872.5514263288584,396.6207103216428,1680.81180,16808118000
846.1895244903642,403.905436803044,1681.03580,16810358000
844.6621486624783,394.2567485923561,1681.26120,16812612000
907.5205867118442,409.17178396521376,1681.48720,16814872000
891.2075520689966,402.8613025416051,1681.71350,16817135000
868.6172099231176,442.50326915896187,1681.94100,16819410000
833.3263017240514,461.8253201893292,1682.15760,16821576000
805.2945388934844,476.7305995727799,1682.38320,16823832000
797.4377494922106,540.9783791259518,1682.61550,16826155000
807.9501739410447,581.5634763603235,1682.83630,16828363000
850.0696701546883,578.279024283869,1683.05300,16830530000
844.1769823793484,533.3417322437215,1683.27500,16832750000
865.7865460242953,512.5205525156223,1683.49400,16834940000
893.6521160838884,477.36557477839426,1683.71440,16837144000
855.3087616025884,491.7291015562396,1683.93580,16839358000
889.3221093178652,510.0836946566509,1684.15760,16841576000
847.7019740557504,484.6802303358392,1684.37890,16843789000
840.4261618234797,486.40218536800336,1684.59700,16845970000
883.5685401798975,502.75016656515527,1684.81930,16848193000
823.107698883217,505.2950489619971,1685.03470,16850347000
818.2850340510913,473.03454197350976,1685.25500,16852550000
757.173104522844,490.729611738171,1685.48260,16854826000
810.477450917272,503.0414077350377,1685.70920,16857092000
773.8116625242403,489.73892960922626,1685.93400,16859340000
793.537425359959,504.69818430255305,1686.15860,16861586000
864.380264933616,501.53271763155976,1686.38310,16863831000
825.3510584919693,511.48398799671656,1686.59910,16865991000
750.541264382806,499.4273667293431,1686.82590,16868259000
558.1576880987252,442.07497869535115,1687.04650,16870465000
396.91404685916973,386.24305487758465,1687.26500,16872650000
512.5408389102816,383.1895583187424,1687.48820,16874882000
588.434722995692,398.84329356267006,1687.71590,16877159000
654.8468241621679,364.2295030052387,1687.93630,16879363000
636.7968090180017,347.3679642183344,1688.15700,16881570000
725.6405529407671,361.72817136668243,1688.37220,16883722000
640.7471938751441,400.8591990106141,1688.59580,16885958000
580.626569595828,415.81617996236565,1688.81210,16888121000
547.6087883906457,451.01495353511274,1689.03020,16890302000
616.0353799615701,493.9710658077584,1689.24480,16892448000
693.2978136674158,435.62554167323725,1689.46990,16894699000
741.8275304697411,373.50343724804753,1689.69840,16896984000
834.9702403478517,352.53591978375107,1689.91410,16899141000
831.883419311345,352.4378785918552,1690.12780,16901278000
839.6279773898497,301.1918494295354,1690.35240,16903524000
965.1764359180881,296.8463634621556,1690.58810,16905881000
1094.2715450258033,356.1169165662992,1690.80770,16908077000
1068.081699006405,392.5927535001431,1691.04270,16910427000
995.4668172596627,425.99150896101963,1691.26750,16912675000
973.926958627505,496.6795017826612,1691.49610,16914961000
1018.6239025273854,555.109185711886,1691.70880,16917088000
1037.9147201799374,616.972634181438,1691.93040,16919304000
1050.2882819933998,627.1438364018071,1692.15810,16921581000
965.1829202931391,607.1196034012218,1692.38470,16923847000
925.3196155400269,599.9641417407548,1692.60610,16926061000
959.9549920654633,542.7675337884468,1692.82890,16928289000
852.6628870539214,499.2300755419301,1693.04240,16930424000
750.4878652553564,453.0909410326593,1693.26090,16932609000
690.6334665480534,453.9711985825033,1693.47520,16934752000
675.8299816064147,452.1074049178916,1693.70910,16937091000
625.2748550130233,421.56410799746936,1693.92970,16939297000
701.3248134820521,410.7716027652799,1694.15320,16941532000
750.5586233463414,448.83705661400427,1694.36580,16943658000
696.6323200630811,429.7689704168648,1694.57980,16945798000
655.1878437309881,416.79615787785804,1694.81410,16948141000
629.8668912012458,412.67588909951115,1695.04010,16950401000
702.2120647198966,388.7244391530916,1695.25600,16952560000
654.6058236461123,328.50337547443695,1695.47490,16954749000
842.4210431851903,330.92363585489403,1695.70420,16957042000
805.7734119895341,369.4015643657409,1695.94740,16959474000
750.2968796039514,428.26089402378534,1696.16510,16961651000
718.4848718491394,432.89386921140016,1696.38210,16963821000
691.6744247076617,469.6370048233158,1696.60680,16966068000
661.545195846192,470.84904639034414,1696.83070,16968307000
624.2598438099209,476.89762428642825,1697.05750,16970575000
638.5847526284444,466.77406552448497,1697.28640,16972864000
673.9280407896542,473.5544419642355,1697.51320,16975132000
639.2211637040712,548.3952767179693,1697.74110,16977411000
616.4225709556051,530.0434424314855,1697.98480,16979848000
642.2206659563018,527.344936059876,1698.20980,16982098000
627.6515868848022,565.4871052195672,1698.42850,16984285000
521.3560818906341,567.3812579717334,1698.65580,16986558000
485.38378897092025,529.5855835188385,1698.88290,16988829000
502.5045325210853,526.0262552678629,1699.10590,16991059000
522.6007766915731,560.7772209037724,1699.32530,16993253000
515.7433304565093,558.3398607142791,1699.53930,16995393000
648.1286334594292,474.2820202452691,1699.75770,16997577000
701.7144852478702,457.8940515338361,1699.98390,16999839000
726.191230976191,418.8976964825181,1700.20940,17002094000
801.0959453949542,401.661355209069,1700.43360,17004336000
785.5243281523374,448.44903442839257,1700.65280,17006528000
680.5658088673443,444.77331286812785,1700.87070,17008707000
584.3536712604641,451.347934913932,1701.09360,17010936000
588.5176372051935,515.0360988485346,1701.32150,17013215000
586.2245893899998,570.2901857062453,1701.55210,17015521000
576.5752902555386,608.3479176457663,1701.77660,17017766000
649.2552361169437,556.3810134219804,1702.00270,17020027000
759.4702047056603,466.22232665654553,1702.22630,17022263000
875.8611683624922,424.34739501898764,1702.44830,17024483000
769.0313695333798,397.949293373288,1702.67180,17026718000
629.9326130077857,348.388402482963,1702.88590,17028859000
605.5477488279223,367.8348135686371,1703.10790,17031079000
522.3781141962038,351.2643510037941,1703.32790,17033279000
563.5227338673153,340.05153927378234,1703.55800,17035580000
537.7534504675232,366.1525127654896,1703.77820,17037782000
620.4715012064469,382.30461685936683,1704.00600,17040060000
722.0748632455445,430.41326251967274,1704.22350,17042235000
753.7965183482975,460.00225499252696,1704.44250,17044425000
772.543443291754,497.3030333248147,1704.65860,17046586000
773.1727474128803,507.22027787004305,1704.88260,17048826000
731.4222292261908,498.3300735552446,1705.11220,17051122000
791.6031125401694,571.6369671721395,1705.37730,17053773000
799.8954585655993,596.3434439971674,1705.60860,17056086000
760.8147256736205,616.8537277164432,1705.84060,17058406000
697.0128062223529,613.5380462915798,1706.07210,17060721000
635.5977503723808,611.4113046725693,1706.28500,17062850000
604.345924773272,584.2482093843435,1706.50890,17065089000
625.60373843344,553.3849515773004,1706.75690,17067569000
565.3867214082426,571.0986336248368,1706.98200,17069820000
531.8548749342779,580.760867852192,1707.21440,17072144000
504.0524561196312,586.967490678094,1707.46060,17074606000
472.7466832035966,585.951515569052,1707.68280,17076828000
430.73736898814025,579.8185281218223,1707.90280,17079028000
372.46747721781213,552.4252379469943,1708.13210,17081321000
442.02974995298035,584.8649110118661,1708.36080,17083608000
488.8971799781649,608.7381462185247,1708.58600,17085860000
457.1942839925699,625.2697871070242,1708.82120,17088212000
452.38914953981725,633.1170764850796,1709.03500,17090350000
438.1664838684097,583.4198740580813,1709.25450,17092545000
462.4378736386957,557.8281886978701,1709.49920,17094992000
443.3545428572731,587.2036648436788,1709.72940,17097294000
495.4535946030071,640.9539793192954,1709.94590,17099459000
517.4857940823875,640.781096876916,1710.17950,17101795000
549.8629280551302,635.2219571163133,1710.40340,17104034000
518.9817561039348,591.4701348669547,1710.62270,17106227000
424.17974385971627,557.3454703765083,1710.84860,17108486000
454.2160413320863,538.5170537160453,1711.07030,17110703000
419.030036802179,451.83681971091846,1711.29320,17112932000
340.77990968000336,398.7597318035271,1711.55880,17115588000
367.7588545189776,430.52962491541365,1711.77800,17117780000
584.0177879773378,412.4881515650307,1712.03270,17120327000
704.6716130172103,398.7686358271156,1712.24800,17122480000
730.2257932342712,428.00299109293053,1712.48900,17124890000
837.888089185723,480.3477059230077,1712.71350,17127135000
831.280042636806,452.8927818000782,1712.94110,17129411000
690.4466280597569,386.65288791736276,1713.17540,17131754000
826.6362790113694,353.3361395977527,1713.39010,17133901000
904.0212927143024,289.9044107674978,1713.60870,17136087000
929.8209094765438,314.53249382260697,1713.84500,17138450000
760.4725025332526,331.05679297889816,1714.06420,17140642000
708.0900958204943,307.157466418742,1714.29040,17142904000
733.2153493127937,327.64051579912933,1714.51150,17145115000
616.0689367308421,341.3074867822764,1714.73680,17147368000
530.856455380281,298.09479000235115,1714.95700,17149570000
505.66074913891026,266.0954742341184,1715.18480,17151848000
600.416132707578,334.04924411675347,1715.41250,17154125000
681.1495143780246,336.5764038139829,1715.65070,17156507000
804.1663184537147,349.36395144381567,1715.89130,17158913000
694.6484981450162,330.4991160020967,1716.11800,17161180000
687.7503845716781,345.7396378776071,1716.33930,17163393000
618.7831358469236,341.3683546701385,1716.56090,17165609000
576.5164181574119,390.1787047267387,1716.78410,17167841000
483.5420190028127,349.232567904933,1717.00650,17170065000
487.7797027090402,341.08505620179227,1717.23630,17172363000
438.5777284660594,332.0612163311168,1717.46060,17174606000
484.2396526113401,325.3099756672777,1717.69380,17176938000
451.35502253565863,360.6671558786702,1717.91820,17179182000
422.72589864875357,349.97295629064786,1718.13760,17181376000
296.20487746095773,256.2968013503145,1718.35710,17183571000
259.3927233356375,218.1984720843478,1718.57540,17185754000
231.81909269052807,249.61981917910367,1718.79650,17187965000
182.54412955238868,267.53140735618547,1719.01210,17190121000
273.81206757412286,244.08260351961957,1719.23320,17192332000
299.23663676547034,300.68670740765117,1719.45000,17194500000
385.6075177643544,339.7957167403206,1719.66290,17196629000
328.5995142035757,378.636066985087,1719.88270,17198827000
313.211952522101,415.56372964381853,1720.09700,17200970000
327.9531426629025,387.2530651599851,1720.32430,17203243000
445.6845144653849,421.36285549702586,1720.55440,17205544000
520.7820819436095,445.94234726387026,1720.79640,17207964000
479.32724302509945,438.964546162371,1721.02190,17210219000
461.56968083538237,472.22612387380735,1721.24820,17212482000
428.944490834133,483.0035262435081,1721.46930,17214693000
366.4209395690404,460.16382297692155,1721.70260,17217026000
359.27783642377625,475.553500325975,1721.92920,17219292000
385.92388828678355,500.5106163224775,1722.14560,17221456000
524.5237792720845,505.4792861992958,1722.37870,17223787000
542.320822409734,508.63722269193937,1722.64690,17226469000
454.52397512617625,490.48160600855954,1722.86500,17228650000
480.09055321315566,475.7993983224752,1723.11630,17231163000
432.141110185945,485.4789694394745,1723.37570,17233757000
434.11841599539554,468.05098979525576,1723.60440,17236044000
472.65118483681783,472.21174830485927,1723.82630,17238263000
467.33959532692177,495.8640367856327,1724.04910,17240491000
432.98163598995666,488.6482612173124,1724.27330,17242733000
417.81062153628045,515.0046215236323,1724.51110,17245111000
434.24260797669086,558.5796392015799,1724.72900,17247290000
433.78424753322514,596.2367061275512,1724.98190,17249819000
422.01770560420323,613.5737192849359,1725.21100,17252110000
394.867133620353,615.5560942455894,1725.43310,17254331000
448.2555544285056,570.4349422734825,1725.64810,17256481000
415.3173150967516,562.1957322569982,1725.87430,17258743000
482.81586532446727,527.419202270587,1726.09040,17260904000
496.00944397469846,471.092499029537,1726.30380,17263038000
403.7472682152197,410.95682700540925,1726.52210,17265221000
459.3979347659934,383.8231416801976,1726.73650,17267365000
458.50018371754294,449.4386943545713,1726.95920,17269592000
456.37433560634247,487.52393764899745,1727.17800,17271780000
438.6108557080652,475.37524635083923,1727.39940,17273994000
419.6679721781352,472.37212684771475,1727.61510,17276151000
447.94620996259283,481.537318826619,1727.84280,17278428000
497.03432952133454,506.3011991339097,1728.06300,17280630000
527.1475874229318,572.4026905827154,1728.28110,17282811000
495.03618070088066,585.5413867643948,1728.50910,17285091000
464.35904285489744,604.6816672849583,1728.73740,17287374000
453.9604083753717,627.8740584660561,1728.95990,17289599000
423.97536683146177,687.9080761775097,1729.17620,17291762000
359.7109113951988,749.0047269005222,1729.39130,17293913000
341.37256589722216,777.5321219558355,1729.60920,17296092000
389.49155510420127,772.7404007746433,1729.83460,17298346000
423.7557889781,775.996254183893,1730.05300,17300530000
408.5234526474681,763.3560545964087,1730.27650,17302765000
385.8689668432388,693.3073915374949,1730.49520,17304952000
378.1044614331799,559.0464720528083,1730.71140,17307114000
388.57932624120303,437.5979283759604,1730.92740,17309274000
433.1841558559539,482.46170202953795,1731.14620,17311462000
480.09488507115066,406.6264512722606,1731.36400,17313640000
561.1342048284718,360.3334295867853,1731.58070,17315807000
624.1340129799858,345.0361949959516,1731.80010,17318001000
550.7347246492214,369.44595896827707,1732.02080,17320208000
503.32013374357143,418.41690139331683,1732.23700,17322370000
448.81952481961235,354.3879542850844,1732.46680,17324668000
530.8995154177746,363.748968605813,1732.73580,17327358000
475.1382458844772,299.5102540872902,1732.95730,17329573000
456.18470721053444,270.3723727384037,1733.22850,17332285000
556.4886403163596,264.8433487400197,1733.45700,17334570000
441.5082662382234,251.75677675363423,1733.68530,17336853000
418.13066088165533,258.6408322093293,1733.90980,17339098000
321.65152096409093,295.9836069322856,1734.12770,17341277000
278.71715780908767,287.3208348288678,1734.35130,17343513000
314.43083810487303,376.84733284286307,1734.59170,17345917000
302.9608234963665,470.03498024724394,1734.81440,17348144000
305.0344719321153,528.832965127307,1735.03880,17350388000
336.3283256300492,577.3537859886374,1735.26190,17352619000
415.9726388839259,601.826428829724,1735.49390,17354939000
489.1149695521255,593.6967546718537,1735.73140,17357314000
598.7181800460482,597.4564936678619,1735.95320,17359532000
814.3504787514994,497.8326892385219,1736.17620,17361762000
899.4757913143999,491.2436830615196,1736.40800,17364080000
781.8049495090587,448.7766343829677,1736.63300,17366330000
609.596197190294,376.7414072663201,1736.86940,17368694000
621.2586242697668,382.8987812740614,1737.09560,17370956000
830.9511051572891,401.68357142383576,1737.32150,17373215000
1020.6712584024633,409.1065471465789,1737.54120,17375412000
1187.0712822567762,370.7463376708258,1737.76220,17377622000
1341.5159192689262,326.7107537997716,1737.98300,17379830000
1442.89450759346,319.4983883820878,1738.20410,17382041000
1452.0258163503577,305.1595298373856,1738.42070,17384207000
1531.9515551844509,334.611354831361,1738.64460,17386446000
1519.5249178714676,324.86517428005743,1738.86550,17388655000
1546.0651393370788,283.9363848395288,1739.08870,17390887000
1548.3690534297068,317.5617964545875,1739.31150,17393115000
1585.4077977656077,372.9833380528423,1739.54180,17395418000
1582.2579268733741,355.06346905188303,1739.76080,17397608000
1565.0546236258817,333.6952111385168,1739.98340,17399834000
1537.817607881028,346.6594910742853,1740.19980,17401998000
1521.6064066349722,278.46282555170785,1740.41860,17404186000
1526.23216352854,258.7784325299261,1740.64270,17406427000
1483.7970081121562,214.21227951475106,1740.86200,17408620000
1487.670220003524,191.8284569189479,1741.07540,17410754000
1469.3272309600898,217.90023793843525,1741.29490,17412949000
1454.6474156821587,211.70655267999203,1741.52740,17415274000
1419.9362520987079,252.97909123661805,1741.74440,17417444000
1414.8085795746533,250.23955648088142,1741.95850,17419585000
1440.121810971551,301.8614593105692,1742.17130,17421713000
1450.2137484051361,288.985555922687,1742.38720,17423872000
1205.2715832786466,344.4212328425283,1742.60970,17426097000
1076.7872231185909,425.7844785507027,1742.83010,17428301000
1078.157073384392,402.6675633133232,1743.04900,17430490000
1155.3530436525396,407.83989328389066,1743.27460,17432746000
1240.9069680602108,389.91834543264787,1743.48850,17434885000
1316.8826157527626,328.44762690384334,1743.71710,17437171000
1370.0303832542295,268.17331550146565,1743.93880,17439388000
1419.6296949004213,280.5054654319668,1744.16140,17441614000
1448.1225791621605,298.4871618844153,1744.38490,17443849000
1336.6000427376894,343.1250426973155,1744.61130,17446113000
1342.737675519666,445.849883745953,1744.82890,17448289000
1358.7235074195482,470.19992087248534,1745.04860,17450486000
1334.5520028888836,446.92688484895103,1745.27790,17452779000
1370.7291828027708,453.48047575906816,1745.51200,17455120000
1347.4326864646164,469.36406764741224,1745.72490,17457249000
1358.5321315831823,454.0307621694165,1745.94810,17459481000
1344.9021709917918,444.8128712513993,1746.20980,17462098000
1306.665173847035,469.79601278649614,1746.43230,17464323000
1160.619041091646,471.2826544026849,1746.65720,17466572000
1198.6422311787012,496.9638011286986,1746.91070,17469107000
1199.2108261787696,525.5363101601362,1747.13360,17471336000
1153.485877308263,487.6880471472775,1747.35610,17473561000
1177.7667241804206,499.06780130774973,1747.57690,17475769000
1234.8629323281748,520.4413942585894,1747.80480,17478048000
1245.308040986858,514.0905811010442,1748.02910,17480291000
1338.1864424306682,507.2103041800687,1748.25470,17482547000
1331.8494411316879,507.46090016054814,1748.48700,17484870000
1299.2686798238672,486.25355938557135,1748.73090,17487309000
1261.7322870865512,419.13124298422736,1748.95210,17489521000
1230.1392271476932,376.21395458915254,1749.16940,17491694000
1218.6999631175902,395.8370724545137,1749.40460,17494046000
1101.880383552976,413.9530909744785,1749.63080,17496308000
885.0932862555486,404.54963532483623,1749.84280,17498428000
959.1876668209086,411.322424984721,1750.06670,17500667000
1021.8290530398621,378.51727979703384,1750.28650,17502865000
1125.9733133180582,365.7636286872644,1750.51510,17505151000
1202.2587403955158,380.2222749053826,1750.73280,17507328000
1244.6599392196706,381.76563893318405,1750.96020,17509602000
1183.6729440873119,392.0822638841692,1751.19120,17511912000
1029.2957201253962,396.3872887734098,1751.40940,17514094000
867.2350463130348,406.58469197993475,1751.65090,17516509000
765.7121270213244,484.23194676915176,1751.87440,17518744000
673.0416866464193,494.9634352669039,1752.09930,17520993000
507.7798306282321,446.7196641263057,1752.32250,17523225000
385.69174173740237,399.14149262253886,1752.54150,17525415000
337.2109257456243,370.1599479551646,1752.76180,17527618000
379.34740145565695,390.5557370870545,1752.98790,17529879000
490.641723963858,397.3253457262901,1753.20490,17532049000
702.9603828713945,467.1384335982814,1753.42960,17534296000
702.2792696684934,487.7620448049531,1753.65040,17536504000
697.7684107282,461.4217343021062,1753.87310,17538731000
628.5879826295735,372.44482634337396,1754.09660,17540966000
589.3758924523762,327.15844194662446,1754.32140,17543214000
809.2679553290438,339.4434906748115,1754.54750,17545475000
961.7803513386716,374.31760226745905,1754.76680,17547668000
1198.0702597197014,403.07052670314397,1754.99160,17549916000
1360.732100052829,377.4283084596385,1755.20780,17552078000
1523.7332043035049,369.9028228534573,1755.43720,17554372000
1661.6615633322692,347.0850819510054,1755.66300,17556630000
1730.373049887271,331.7599500956369,1755.87760,17558776000
1770.6985505140574,361.0789996356407,1756.10240,17561024000
1765.755070796956,397.09017061678776,1756.31910,17563191000
1791.6168400427991,398.90144659094256,1756.56010,17565601000
1707.06864314236,381.7235516028515,1756.77750,17567775000
1706.9466756772756,452.86179770898974,1756.99940,17569994000
1662.3442591098697,441.60036227864845,1757.22170,17572217000
1670.720121820256,430.8052863989488,1757.45190,17574519000
1667.4224288007724,393.30107764444267,1757.67870,17576787000
1658.1519627329571,378.94354804275355,1757.90230,17579023000
1663.8743603852947,387.8573204147727,1758.12210,17581221000
1666.5897504474249,366.5175785130253,1758.33910,17583391000
1661.140278097408,367.66870056325644,1758.56370,17585637000
1627.727843213903,382.7755817075936,1758.78940,17587894000
1566.1227685517765,422.9958741243508,1759.00560,17590056000
1375.2713188801383,432.9465125957982,1759.22990,17592299000
1174.0475428798206,458.6075568475264,1759.44220,17594422000
1189.584537861168,384.74110654045046,1759.66370,17596637000
1237.5181700014145,322.7756250877975,1759.88200,17598820000
1217.750577296899,272.853093414215,1760.10300,17601030000
1185.6458709115768,274.2009922066261,1760.32320,17603232000
959.6036678611395,337.8267842868992,1760.56230,17605623000
830.6930060784154,376.85497760515716,1760.77700,17607770000
977.1274757049013,332.1343550736081,1760.99760,17609976000
1118.7659952113786,331.4510979160305,1761.21800,17612180000
1206.311777623825,305.67592870153607,1761.45770,17614577000
1213.4175024993958,267.1505326132947,1761.69060,17616906000
1199.6754990775837,310.5521452483624,1761.91880,17619188000
1233.0621097626547,367.3378901922535,1762.13390,17621339000
1338.4843966009075,357.35883890048297,1762.35670,17623567000
1385.7784884350851,320.4904799971606,1762.57010,17625701000
1387.4782212108082,306.0474950433894,1762.78420,17627842000
1188.4948672643989,329.93136592525326,1763.00740,17630074000
892.599158207435,372.98432508780974,1763.23010,17632301000
692.1052279870773,336.3216566471349,1763.44480,17634448000
670.1716171846792,332.45093716530783,1763.67080,17636708000
605.937588936777,329.70253564041514,1763.90260,17639026000
497.4876608677082,406.22711640839066,1764.12350,17641235000
518.3601908887,366.70328908410943,1764.34510,17643451000
477.637017984313,393.41344752268157,1764.58690,17645869000
447.5933137089501,404.25592857166976,1764.81450,17648145000
442.2729560682634,389.9558996696211,1765.03790,17650379000
475.0522891893601,461.2586045183894,1765.27590,17652759000
498.06367498289444,404.4278486386307,1765.50840,17655084000
514.8480078751179,367.61392005919004,1765.73800,17657380000
536.6332608558607,306.6189182581787,1765.98130,17659813000
592.3208077243225,330.9642106846501,1766.21770,17662177000
822.1846604585905,336.71503286368096,1766.43180,17664318000
1024.6444120162228,321.6035143358396,1766.65710,17666571000
1229.4538560090864,339.07097900849345,1766.88280,17668828000
1385.4938321356522,395.67078110164795,1767.10860,17671086000
1562.2467996400956,454.779870378546,1767.32710,17673271000
1686.4978183513888,428.91577419138713,1767.54190,17675419000
1781.959515916354,414.9900222969263,1767.76310,17677631000
1808.6511167340632,417.9160958599474,1767.98110,17679811000
1830.4853092137548,365.6644882576751,1768.20560,17682056000
1830.4266109673397,406.0436766200282,1768.43830,17684383000
1740.2187117391338,476.4017866643506,1768.67870,17686787000
1654.3494418540126,475.7022606367049,1768.89900,17688990000
1579.3377292362945,461.35077918922997,1769.11920,17691192000
1573.8936941721813,410.50071353089794,1769.35180,17693518000
1563.6062409601611,394.74584721487173,1769.57120,17695712000
1554.449782838442,336.5222387188084,1769.78880,17697888000
1550.4963720279704,301.06247873533346,1770.01040,17700104000
1558.8047524356623,271.48002570013665,1770.22950,17702295000
1530.8104949864419,270.06038358070487,1770.47860,17704786000
1545.660101488199,223.1988210160668,1770.70310,17707031000
1422.3620174808696,320.9029597455235,1770.92760,17709276000
1421.8771728092886,387.8765749184907,1771.14500,17711450000
1363.7924905410684,395.850225836547,1771.36320,17713632000
1227.3974386280797,408.7698784347433,1771.58090,17715809000
1011.8099700495814,342.9317969793146,1771.80520,17718052000
907.2479298700838,420.49276767410817,1772.03600,17720360000
734.1184316622339,492.4495477612692,1772.27740,17722774000
722.4224825293096,555.671687906573,1772.50290,17725029000
708.8647621184398,562.5192331373305,1772.72280,17727228000
686.4288774063326,533.2610993388741,1772.94740,17729474000
807.9813484594122,564.1891561670842,1773.16750,17731675000
900.9614343173417,549.8012800621234,1773.38560,17733856000
1066.5655250865022,571.2147727499939,1773.59810,17735981000
1145.2194950716894,611.2997615929535,1773.81480,17738148000
1104.794338588929,596.4419402855098,1774.03120,17740312000
1069.8778588054067,642.0061136738523,1774.25060,17742506000
1115.321248681864,687.1427481466386,1774.47320,17744732000
1127.3069079283182,634.0015866308379,1774.70240,17747024000
1143.4321467957138,622.4848111084535,1774.93080,17749308000
1186.1160912391872,612.029256972558,1775.15220,17751522000
1206.03470250012,635.8283619711447,1775.40620,17754062000
1222.5865023786225,580.9535701796111,1775.63120,17756312000
1175.5139347713643,569.3238750041232,1775.85010,17758501000
1100.5503490547942,529.0330494256511,1776.12370,17761237000
1007.945626027511,506.4184681451605,1776.35040,17763504000
972.9359821101822,546.0416187175031,1776.59050,17765905000
939.1697207938367,578.0812573051826,1776.80680,17768068000
1011.4386999081414,535.8144162413035,1777.02230,17770223000
1084.295999595613,525.5740433040991,1777.24270,17772427000
1074.912398552706,499.860924385445,1777.46610,17774661000
1143.95317311625,494.0658863447069,1777.69570,17776957000
1149.024494489957,494.2896410834094,1777.92060,17779206000
1125.540509082114,478.6440588332968,1778.14340,17781434000
1071.88297579246,489.67199607940336,1778.41340,17784134000
978.5045280543934,475.8879920947064,1778.64300,17786430000
946.0661569403383,448.2761011008599,1778.86860,17788686000
896.8158995905628,461.65991850054667,1779.10740,17791074000
946.6046550593903,488.0019789401049,1779.32670,17793267000
960.6984066402053,440.16793687101466,1779.54400,17795440000
1013.0851395052582,445.19512014108943,1779.76880,17797688000
929.2815549691466,465.0615684175432,1780.00310,17800031000
824.728452492945,508.5697812519544,1780.23170,17802317000
789.2897105906175,552.3636458133045,1780.47710,17804771000
827.2541654995159,575.2088740034067,1780.70130,17807013000
753.2027385111635,634.8065670045999,1780.93210,17809321000
721.5361694694536,681.7293180814736,1781.15100,17811510000
673.9864493951995,704.2534979920233,1781.38020,17813802000
589.2110689977944,705.5734230450297,1781.64750,17816475000
539.6177932151109,745.420680344987,1781.86260,17818626000
532.8967218232442,747.2048296462173,1782.09290,17820929000
466.4944644051828,744.3038214204493,1782.34090,17823409000
527.2916658896812,679.4164295007616,1782.56700,17825670000
561.6976198986503,688.1126053478768,1782.77960,17827796000
547.3641473808385,713.3643831446277,1783.01470,17830147000
526.7188927370179,687.9658071366911,1783.23200,17832320000
511.15541625207504,698.4680730673059,1783.45600,17834560000
641.0707058318864,715.1885185875075,1783.70140,17837014000
706.1990634368101,717.6978691308213,1783.91940,17839194000
764.8183675019995,710.005672223417,1784.16110,17841611000
703.5758796028077,739.7635017086484,1784.38710,17843871000
693.0748433601842,643.7575317301857,1784.62600,17846260000
710.8824151093704,553.9872229984877,1784.85760,17848576000
726.9121905975056,547.4310946963016,1785.07830,17850783000
785.9871773033592,552.7960960783307,1785.29840,17852984000
760.335707978287,484.30495144713245,1785.50470,17855047000
666.26382804183,417.5357120687532,1785.72590,17857259000
665.2387101040121,356.0172860917898,1785.94650,17859465000
797.4212502997652,314.0987960331774,1786.17840,17861784000
797.2636678494476,332.5667491988263,1786.40480,17864048000
827.0222835276368,327.9020157986478,1786.62740,17866274000
820.9777128420204,433.7829718128263,1786.85720,17868572000
731.353228044667,471.2421708477349,1787.08910,17870891000
740.3889219640879,451.74259431483546,1787.32760,17873276000
593.9732436887264,412.6923975151689,1787.55340,17875534000
695.7615054689868,431.1942150894504,1787.77630,17877763000
673.6357004932829,510.51386360207005,1788.00460,17880046000
639.3286327144122,570.4358500117595,1788.21780,17882178000
577.696587087793,615.613872239556,1788.43290,17884329000
607.4132228620033,601.8624620331304,1788.64670,17886467000
586.60793953968,632.8088689136787,1788.86630,17888663000
588.7759683577972,679.5747028900435,1789.08520,17890852000
629.7386519408443,707.0808653642247,1789.30030,17893003000
701.8557481690049,733.9593064989414,1789.53260,17895326000
664.0101732123621,708.1370377962528,1789.75710,17897571000
701.8052963258631,714.664501348888,1789.97170,17899717000
719.102062962576,703.4687128801362,1790.18520,17901852000
705.7975761304108,687.8420045874008,1790.40520,17904052000
784.0833398950841,707.363426270371,1790.62700,17906270000
856.5839567827823,709.5781931597004,1790.88210,17908821000
902.2545588479533,741.0989779560742,1791.10770,17911077000
954.7889957577793,660.2370510240567,1791.36460,17913646000
924.8655157960709,616.1357076189643,1791.58920,17915892000
907.3989101350037,626.8303245569485,1791.81470,17918147000
1128.4818432394418,550.8044273602791,1792.03570,17920357000
1348.0914337061408,463.8049576882848,1792.25410,17922541000
1248.910762205391,468.1203883787218,1792.47190,17924719000
1172.0940259243357,482.68073851317877,1792.70230,17927023000
1089.2057530784716,526.092955142391,1792.92740,17929274000
1013.9881790752734,532.9463876716949,1793.13760,17931376000
945.3449115663564,573.3958965127275,1793.35050,17933505000
923.2812990414473,591.1213850496068,1793.58010,17935801000
917.8712213895581,551.5868604488996,1793.82700,17938270000
852.4632433909641,601.0317898491089,1794.05930,17940593000
847.4154892785988,635.5087078299035,1794.28220,17942822000
816.8484450693858,653.7624443782399,1794.53120,17945312000
764.5943573352705,663.4882321647102,1794.76640,17947664000
756.410803510949,657.7056777093035,1794.99810,17949981000
731.2774672518211,642.4250468475026,1795.23510,17952351000
739.3519518976375,679.54777933426,1795.46140,17954614000
784.3420722257495,681.0039702747604,1795.67590,17956759000
753.6703802293234,651.3304994728264,1795.88980,17958898000
740.5818673138878,675.1592570038573,1796.11730,17961173000
694.9204790991353,683.0836647035484,1796.35470,17963547000
741.4620687922583,676.0822061360515,1796.59210,17965921000
754.409981941134,686.4557455987199,1796.80960,17968096000
739.2937386009158,719.411878000026,1797.02900,17970290000
764.3600596838392,730.8919079005547,1797.24840,17972484000
772.4678152616804,741.9649319290963,1797.47180,17974718000
737.8906071761436,711.0408072632342,1797.72720,17977272000
774.7002390505146,649.6264635054808,1797.95600,17979560000
756.5746679722937,655.3731635184884,1798.18520,17981852000
743.6473312602351,630.0648193552003,1798.42740,17984274000
751.1699857057808,629.977523834508,1798.67500,17986750000
783.0713959176651,649.067116834066,1798.89870,17988987000
783.4278676871426,684.8556972764751,1799.11690,17991169000
725.5154710005273,692.793368405033,1799.33430,17993343000
689.0488872180665,706.2435770693609,1799.55240,17995524000
705.3431180176847,714.0932369324271,1799.78150,17997815000
751.8180537797615,685.6142785821443,1800.00390,18000039000
756.7483970731203,740.5864476199608,1800.21960,18002196000
766.2908990256108,728.1010451106481,1800.47700,18004770000
821.0453135101167,769.3701466906094,1800.69650,18006965000
835.5848072242812,796.7597068081001,1800.93510,18009351000
838.6181986623394,799.1838635886927,1801.16200,18011620000
810.8699687585238,805.4956184498632,1801.38650,18013865000
801.8521674422645,824.4596862467989,1801.60660,18016066000
757.0526550559686,834.3808991302611,1801.82110,18018211000
797.4847135798428,836.4797697001071,1802.04700,18020470000
811.4503620235025,746.3828442211942,1802.27830,18022783000
758.7058041908491,720.9805745647997,1802.50760,18025076000
746.1520387592714,720.8669084858901,1802.72610,18027261000
774.4797573648382,742.8600411041512,1802.94470,18029447000
748.9672944853085,775.1374259354216,1803.16940,18031694000
750.6527410513345,783.2160933349086,1803.38350,18033835000
732.6933793951537,774.0627067764391,1803.61730,18036173000
763.6237763998748,784.4582995388406,1803.83910,18038391000
720.6750428371627,655.9610956912197,1804.05190,18040519000
761.3936887161974,540.6346323560024,1804.28860,18042886000
872.3893860373929,434.281259947315,1804.54860,18045486000
783.2144704817381,333.29601963972726,1804.77790,18047779000
880.3137851755016,259.85940294701203,1805.00590,18050059000
959.3253718896361,212.65318784487982,1805.23510,18052351000
773.2198697039903,183.13711467756195,1805.45430,18054543000
637.8421602519434,183.44319655767092,1805.67750,18056775000
611.1941259015596,234.33610888431153,1805.89940,18058994000
643.8185510124978,282.6205839540452,1806.12820,18061282000
695.1670024176618,273.1896314966202,1806.35010,18063501000
776.876688768332,306.5724861015383,1806.57120,18065712000
860.9854912675544,354.7636226454187,1806.78920,18067892000
837.8012552512077,420.9934798701759,1807.00740,18070074000
831.2358677774718,498.46111775296094,1807.23120,18072312000
893.9377755287327,554.2667684821936,1807.44900,18074490000
841.0019877724753,616.6933025459164,1807.66640,18076664000
832.0237690977098,689.1222903456585,1807.88970,18078897000
820.5098651118451,747.9724859290949,1808.11430,18081143000
831.1835000327286,708.9997427163603,1808.34240,18083424000
810.9954844550085,736.7413393442755,1808.57560,18085756000
807.6088194355005,750.0469637505837,1808.80410,18088041000
805.5525180882754,765.2306773107223,1809.03150,18090315000
781.3851322261582,773.1088263594538,1809.25030,18092503000
746.8183365079016,712.9349978655815,1809.47340,18094734000
738.3516225545002,732.3395945736313,1809.69810,18096981000
742.1118074791236,756.137013392132,1809.91330,18099133000
665.4367437775327,730.1104347281852,1810.13850,18101385000
692.6484046742694,706.7933919240585,1810.36550,18103655000
636.8723042434774,689.0577558341108,1810.58210,18105821000
701.1144866603756,720.5516558471301,1810.79720,18107972000
670.0151720611897,737.4419259131453,1811.02530,18110253000
647.825712375679,735.8789867897009,1811.29960,18112996000
709.5491408303376,724.174095920569,1811.52140,18115214000
720.0757360644233,683.564479424686,1811.75940,18117594000
746.3071848088184,660.2814420904718,1811.98620,18119862000
777.5957483945763,671.039383749446,1812.21690,18122169000
770.8887095871231,658.9767670229197,1812.43320,18124332000
800.5379719077326,617.2696179270897,1812.64990,18126499000
866.8583105988766,587.6595845257533,1812.87580,18128758000
892.7751688481749,551.9345190659773,1813.09850,18130985000
883.3971125661002,522.843255397893,1813.33050,18133305000
898.8570686525732,521.4861960297276,1813.56320,18135632000
804.015469356246,506.7431208416936,1813.79120,18137912000
743.1314400198816,451.5339150839858,1814.01850,18140185000
626.8723414987553,487.0053484926246,1814.25350,18142535000
680.4739324113449,469.1001386498623,1814.49000,18144900000
676.3778832949818,444.10775722615307,1814.71370,18147137000
740.181606394756,419.71256537877275,1814.94470,18149447000
766.0029764541554,423.4930028276716,1815.17410,18151741000
887.272546591425,407.1412531233234,1815.39530,18153953000
922.2422149389957,386.9343641578161,1815.61150,18156115000
929.4821892968582,396.20900188286686,1815.86260,18158626000
873.9141181283279,417.5603230899577,1816.09370,18160937000
884.8307466261573,386.2121915660815,1816.31180,18163118000
1030.763194288725,370.2315630830212,1816.54960,18165496000
1024.4765789536543,339.7310527951725,1816.76440,18167644000
1013.4183188459696,371.83880398213535,1816.99250,18169925000
986.3559853423995,435.77316390680863,1817.21100,18172110000
970.6323010267654,487.7691339345951,1817.42990,18174299000
847.5527145960898,550.6616867054488,1817.67110,18176711000
831.81190966477,504.7460374389605,1817.89260,18178926000
700.9385680956776,488.73064794600236,1818.12840,18181284000
538.7378793756428,405.0078397640168,1818.34750,18183475000
558.151375849038,366.2267813694423,1818.56940,18185694000
540.7649034182806,379.1952542850803,1818.78960,18187896000
608.6913534242515,401.86235543899807,1819.01750,18190175000
703.4815969709935,407.99646285145593,1819.24810,18192481000
654.9773990754476,436.96827110642704,1819.47180,18194718000
681.3595711830706,414.5135194174597,1819.69210,18196921000
709.615881226495,407.74359319243655,1819.91280,18199128000
765.807151654172,422.57586268079433,1820.13350,18201335000
717.4681350941025,460.8328070946828,1820.35480,18203548000
703.1242146839497,497.5119048634661,1820.58040,18205804000
734.8746357252811,536.9176164630875,1820.80620,18208062000
768.628420666913,530.7495806347431,1821.01780,18210178000
803.2525687452666,515.4525661278691,1821.23690,18212369000
859.8215091111426,473.3861168449778,1821.45480,18214548000
920.4572274726388,456.39509578289926,1821.67000,18216700000
822.5692158212056,425.44425267128526,1821.90110,18219011000
750.436922998077,435.00059442873186,1822.11630,18221163000
682.6493117691593,473.9774371549497,1822.33370,18223337000
720.6486611845223,480.8930617581899,1822.54840,18225484000
699.6592995031601,490.18232542458026,1822.76880,18227688000
612.9723449577532,518.946358306454,1822.98910,18229891000
612.0081219386909,506.84028578037794,1823.21110,18232111000
707.2134727631116,512.4400536206357,1823.43560,18234356000
737.0051414849362,485.0067720279966,1823.66080,18236608000
769.4744126691123,467.951499345124,1823.87750,18238775000
783.0273319620883,491.67163121981685,1824.10330,18241033000
872.4061722258862,530.1885775364966,1824.33310,18243331000
861.5265788487616,527.1838398298454,1824.55900,18245590000
784.7367127501285,556.564311075824,1824.77530,18247753000
739.6166975809275,569.6735939224366,1824.99870,18249987000
793.3995581970329,532.9516975257393,1825.22270,18252227000
813.2349336908792,585.9736753980676,1825.45580,18254558000
804.7890386693011,627.0831939122667,1825.67930,18256793000
883.7906053000672,686.5272522692625,1825.91620,18259162000
861.4992927357482,673.3569513445477,1826.13200,18261320000
886.3616960916706,686.1698325651172,1826.36290,18263629000
882.3280116025129,662.2486469287602,1826.62300,18266230000
848.7636424379002,663.9565967398299,1826.86160,18268616000
801.3606683920833,676.0853767588536,1827.07990,18270799000
746.850588137474,660.8303961889935,1827.30110,18273011000
690.8175391501298,641.6055459697652,1827.52300,18275230000
636.9524623341998,645.3300433452254,1827.74450,18277445000
547.1996370293815,646.2106484153147,1827.97210,18279721000
634.5592061719567,619.7757025382822,1828.18920,18281892000
658.1874051054106,623.0086297391689,1828.40470,18284047000
714.3095085510489,658.4832848106078,1828.64940,18286494000
732.2187694357486,676.5144782453048,1828.86960,18288696000
809.1811384567767,676.9964160104505,1829.08920,18290892000
743.413362842944,672.5306046237795,1829.31130,18293113000
700.3198440809432,649.2981820323962,1829.55520,18295552000
628.3875946051113,636.450694601247,1829.77350,18297735000
675.6071706972405,627.6545197873728,1829.98820,18299882000
707.2121912418412,630.6285290583589,1830.21520,18302152000
630.2695680481099,650.0014159988503,1830.43260,18304326000
650.4383157820598,647.091994133381,1830.65040,18306504000
667.0459044130517,601.8430209646998,1830.89020,18308902000
674.5924823915162,604.4214864628881,1831.11000,18311100000
635.5669405005514,576.9785902599206,1831.33210,18313321000
664.3388974084743,545.061753642522,1831.55570,18315557000
601.931269860413,557.3539441834348,1831.77430,18317743000
657.6992859089677,526.4881976371234,1831.99820,18319982000
627.8163702472103,593.3123018365809,1832.21490,18322149000
639.6771118350944,633.1121230113014,1832.43190,18324319000
653.7512207611062,649.6558126371416,1832.65160,18326516000
700.0388250381861,654.1338871704122,1832.86880,18328688000
774.4735011399619,683.5122974177555,1833.08990,18330899000
799.5509552912674,655.0711740021835,1833.31450,18333145000
785.45371871014,601.1831826685531,1833.54110,18335411000
816.1767172737491,638.3430964670379,1833.77290,18337729000
1011.4393685130057,503.94274502199875,1833.99410,18339941000
1056.0246409629249,485.5155967142379,1834.21570,18342157000
974.4621372473332,460.6762815228165,1834.44120,18344412000
901.0626566458375,477.49402802563395,1834.66080,18346608000
919.1615133474629,443.1978382564488,1834.87320,18348732000
832.9652585208893,439.6897660927058,1835.10160,18351016000
798.5148569922139,420.0356301265149,1835.32870,18353287000
786.664391248916,416.7865475334224,1835.54370,18355437000
739.3204122016002,392.75153145761425,1835.76210,18357621000
594.0753003453283,388.0008267701533,1835.99910,18359991000
549.9894121854563,371.81096990089287,1836.23140,18362314000
516.1105625799709,354.61568333595466,1836.44830,18364483000
518.0282201525108,430.82811174855095,1836.68320,18366832000
491.4516284518719,477.8788991469023,1836.91550,18369155000
544.9692213923286,551.4715258243838,1837.13680,18371368000
576.7430260379147,616.9788156267247,1837.38000,18373800000
680.2327655311472,624.7474871979948,1837.60430,18376043000
690.2288955670151,636.7832902496405,1837.82320,18378232000
705.2054755622114,602.4695370562993,1838.03730,18380373000
753.4267870115384,589.8984085460763,1838.27060,18382706000
834.5007351630582,626.5679294735047,1838.48660,18384866000
792.86885363432,644.0032550241488,1838.69760,18386976000
813.052282443538,651.4103227036661,1838.91830,18389183000
863.8786720799685,658.0604555240709,1839.13450,18391345000
934.1208616932583,662.8569974624363,1839.34950,18393495000
910.8712959833401,639.4781478272874,1839.56570,18395657000
910.172151317977,640.6808006716363,1839.78500,18397850000
884.2392451482602,623.3083403795438,1840.00550,18400055000
893.7499138322826,590.739284261476,1840.25280,18402528000
849.324382458493,563.161678882384,1840.47610,18404761000
889.6732931639309,566.574398508056,1840.69170,18406917000
903.03914313703,533.9198074582639,1840.91380,18409138000
956.4228826250892,509.94355525333856,1841.14370,18411437000
987.4636657374178,494.5853263180558,1841.36200,18413620000
1028.8562344130628,448.31896247383884,1841.57710,18415771000
1017.0198151965715,439.95901883860245,1841.82150,18418215000
1020.2585761569437,434.55745596545336,1842.04400,18420440000
988.9806351408129,410.57631920451337,1842.26100,18422610000
1005.5322603460565,430.03043678528974,1842.49020,18424902000
1001.7490371692668,437.62423151667366,1842.71910,18427191000
1000.6798503928375,452.85678531926567,1842.94650,18429465000
992.186733993805,463.54369689144835,1843.17100,18431710000
974.1164280852919,446.158417542066,1843.39490,18433949000
987.4049929012982,418.00304156746273,1843.61660,18436166000
960.4539055214643,430.1559216841246,1843.84100,18438410000
1018.1621887508935,457.3463010845348,1844.06310,18440631000
1004.9056566114403,484.6773102673946,1844.28720,18442872000
1036.5716713039933,513.1541501627929,1844.50980,18445098000
1098.1295670202503,558.1062755695631,1844.72890,18447289000
1019.4775709006859,522.4288391770871,1844.94400,18449440000
989.5453918850061,556.034360211949,1845.16900,18451690000
890.3531469175933,534.2064328750624,1845.38820,18453882000
840.6536941482868,514.7780036200415,1845.60450,18456045000
825.2330153543228,504.7355932630043,1845.82480,18458248000
792.6467438488652,500.4734790388292,1846.04700,18460470000
819.4184627847015,513.3609082217849,1846.27040,18462704000
856.0092558843195,517.8635877932378,1846.49310,18464931000
895.9156061176042,556.0977947986039,1846.71510,18467151000
835.9466328379818,531.3470803393811,1846.93770,18469377000
774.8095231388072,547.4438698728469,1847.15310,18471531000
771.005468540586,533.8979837599821,1847.37050,18473705000
855.5491597899876,511.934556421141,1847.58630,18475863000
916.8191995307499,466.10887995980437,1847.81040,18478104000
879.1447934732439,463.4764074394901,1848.02960,18480296000
895.8214745120374,448.0545777828531,1848.24900,18482490000
923.3752415363532,457.7799764782512,1848.47190,18484719000
939.2517671951178,502.36270189636684,1848.69920,18486992000
909.2131603919937,551.660913474585,1848.90510,18489051000
818.0219111666706,582.3882628520902,1849.12620,18491262000
835.6846665675366,633.9496975502032,1849.34500,18493450000
852.4708557391893,656.5262149336351,1849.57440,18495744000
811.7526866528536,662.4339995778547,1849.79860,18497986000
814.6653731895949,677.6527061355099,1850.01990,18500199000
828.3442240604053,744.9750605132195,1850.24710,18502471000
800.723529407173,724.706971926191,1850.46490,18504649000
815.3760402144462,713.6601015078575,1850.69550,18506955000
846.2112650629159,675.3498422170256,1850.91390,18509139000
815.5733211526973,616.1799644712444,1851.14430,18511443000
908.2278661077294,601.3942751542062,1851.37550,18513755000
990.0207438798465,564.1876614532292,1851.60040,18516004000
932.9651183184357,552.5915965902018,1851.83630,18518363000
892.2525913301151,529.7945867026963,1852.05940,18520594000
932.1966221868423,538.5825928394953,1852.27720,18522772000
893.4209807634427,560.8131328961847,1852.49570,18524957000
863.511206298051,530.2469124088507,1852.71350,18527135000
858.4155539968954,562.3574871024352,1852.92830,18529283000
868.1279748494278,577.5212079325461,1853.15020,18531502000
975.5098965694327,592.2475461004157,1853.36210,18533621000
1031.418797161445,618.3445399761475,1853.58030,18535803000
1035.7008454167526,659.6207905660146,1853.79830,18537983000
1063.9690867824775,625.1986181504972,1854.02660,18540266000
1069.9844240815494,625.2870725500228,1854.24820,18542482000
1078.1148380141838,651.2997713846477,1854.46800,18544680000
1100.0548778572152,672.2040934544707,1854.68940,18546894000
1167.3977917256486,695.1945178754951,1854.90660,18549066000
1098.9308264860783,667.9035979024991,1855.12930,18551293000
1078.5302737828315,709.6560228794749,1855.35800,18553580000
1124.9081367270537,695.8558378383034,1855.57880,18555788000
1183.0372754117743,681.066826997156,1855.79810,18557981000
1206.5010395301183,616.1284696240454,1856.01570,18560157000
1213.8500321146894,589.5438919862635,1856.23520,18562352000
1173.4008814236072,599.0833578060191,1856.48590,18564859000
1046.9887012446832,561.6756760139784,1856.71550,18567155000
967.3123878949754,471.9966092204455,1856.95330,18569533000
925.4697947447715,419.53858717249005,1857.18270,18571827000
968.2411054211665,411.56338367311196,1857.39840,18573984000
1042.4497731565164,429.85765759414545,1857.62190,18576219000
1099.052669888642,441.36021338296547,1857.84330,18578433000
1084.4848747545268,465.4683062645711,1858.07000,18580700000
988.2860918968987,502.9307319184103,1858.30320,18583032000
809.1987376403595,468.1386260870918,1858.52640,18585264000
722.0504980143915,424.2869264748989,1858.74310,18587431000
730.0361851428755,443.18588850729174,1858.96270,18589627000
747.7761692708129,455.8681416962152,1859.18740,18591874000
725.030023106907,424.53266326749474,1859.41030,18594103000
707.5218217557065,398.888722994357,1859.63470,18596347000
702.7516437629989,421.465452677017,1859.85320,18598532000
696.6053500189778,442.66514597099547,1860.08150,18600815000
657.7882240823391,410.5667850436491,1860.30470,18603047000
701.106984602152,468.2774956654399,1860.52720,18605272000
783.9418492638063,492.3972148087924,1860.74800,18607480000
784.3485993701617,475.6233542521969,1860.99580,18609958000
779.2816472263405,526.0704034676169,1861.21400,18612140000
804.391378758436,537.7384692820376,1861.43690,18614369000
879.0802422106481,519.040314149881,1861.65900,18616590000
969.5861691482771,543.8606691082591,1861.87930,18618793000
1018.9516660747718,562.1971534804275,1862.09830,18620983000
1020.2863740807547,546.1747835786456,1862.33130,18623313000
996.3664477195165,521.9839513776553,1862.55510,18625551000
1026.0521970505065,526.8893216930315,1862.76690,18627669000
1052.1532200746265,496.84747350190605,1862.98050,18629805000
1052.7624831555765,496.45525693043476,1863.20470,18632047000
1046.5132543561042,493.54609226780144,1863.42860,18634286000
1034.2510414931064,466.47304307069686,1863.69420,18636942000
1079.3117309714212,492.93685787703157,1863.91540,18639154000
1172.2379180182058,496.4936699690777,1864.13360,18641336000
1097.450046253625,554.3556991303101,1864.34530,18643453000
1029.2731997819183,535.5502155310664,1864.56620,18645662000
1036.2285209390486,520.4647755814555,1864.79310,18647931000
974.6612664585801,501.67272254407465,1865.02200,18650220000
968.8330727298356,510.6786622319671,1865.26400,18652640000
991.2883253344194,530.568659443986,1865.50180,18655018000
1037.4757555526332,515.2971218565355,1865.73500,18657350000
1037.3617252326462,497.80185455400726,1865.96680,18659668000
948.8871486596773,466.94643826594495,1866.19170,18661917000
1030.6057688330652,439.16607806688984,1866.41460,18664146000
1089.47904432313,397.990777046843,1866.65490,18666549000
1134.959437549308,381.11700040250753,1866.88190,18668819000
1160.5254849091684,351.404881301214,1867.11410,18671141000
1235.0710550730707,335.41826684246774,1867.36800,18673680000
1260.8101506990279,340.2464947137803,1867.63480,18676348000
1308.7529051592912,294.17497540669325,1867.85760,18678576000
1262.7830952414788,257.33320998183194,1868.11010,18681101000
1235.028562596478,243.27954148436396,1868.34250,18683425000
1233.986957183589,264.8707571464417,1868.57270,18685727000
1216.6511861343397,241.26105580375358,1868.80430,18688043000
1153.4818540052845,222.7501935631489,1869.02260,18690226000
1175.8631431903855,260.2974266647234,1869.24230,18692423000
1128.1801425668928,249.758617943419,1869.45850,18694585000
1012.099370085817,324.8996076767237,1869.68720,18696872000
940.4805715198331,371.89460703476897,1869.90170,18699017000
915.81702412961,433.07323504843976,1870.12690,18701269000
879.262832096167,433.87506417604516,1870.34440,18703444000
711.8297300061611,429.87305780108636,1870.56790,18705679000
705.962918334102,431.24721268239057,1870.78970,18707897000
822.73021864505,454.5390338727422,1871.01590,18710159000
745.6434499697073,427.8218927675263,1871.22870,18712287000
647.3337937095217,436.6430022025174,1871.44870,18714487000
662.2810911317781,464.04409912989314,1871.66990,18716699000
701.917140986184,522.6492025346778,1871.88960,18718896000
759.262259712087,506.93511777041476,1872.11090,18721109000
713.7305034681214,499.72439048089,1872.33940,18723394000
859.4746799749221,517.8415549797535,1872.56980,18725698000
971.0976651534038,530.0806443742603,1872.79690,18727969000
1023.0006022773399,479.85987182673733,1873.01920,18730192000
1109.3085880560934,454.2530567852037,1873.23990,18732399000
1210.541662274723,424.4346390414267,1873.45890,18734589000
1247.3352971223442,423.1686107958395,1873.68230,18736823000
1213.3614196500446,378.3282544973476,1873.90980,18739098000
1197.1449973717079,378.27802108272635,1874.13530,18741353000
1187.9540529176593,370.63911409558955,1874.34850,18743485000
1182.703373018022,351.9035645537222,1874.57540,18745754000
1139.2641267985427,323.69691223354243,1874.80120,18748012000
1008.8416999742701,299.37231123848017,1875.03130,18750313000
955.9920300497066,283.6127922366478,1875.24900,18752490000
957.2911321720642,330.54076198435996,1875.46940,18754694000
935.4116754076668,352.77270334881115,1875.69140,18756914000
975.6645703911746,386.4592216071022,1875.90330,18759033000
1053.3909721755933,392.76573662997674,1876.11600,18761160000
1104.9478426023452,461.5696422381491,1876.34200,18763420000
1150.3383843616593,497.61103192706634,1876.56150,18765615000
1244.6571355218598,486.1245137229656,1876.78150,18767815000
1232.6481854206581,516.0435991371445,1877.00470,18770047000
1254.8332125459135,510.7193736222089,1877.23010,18772301000
1308.8674177596076,514.1452777950853,1877.44370,18774437000
1287.3838953838329,520.9124721459077,1877.66270,18776627000
1315.2827819519023,512.8735128433743,1877.88970,18778897000
1317.9358443432486,514.5665246141871,1878.11360,18781136000
1369.6579817231475,551.0163694781788,1878.34100,18783410000
1369.4441893121095,534.1441082793484,1878.55930,18785593000
1382.6182663906031,556.501361661454,1878.77580,18787758000
1368.8362349256363,536.7807869595284,1878.99720,18789972000
1362.6116241203272,489.40528029850066,1879.21330,18792133000
1345.0416711357025,490.4632790133374,1879.43320,18794332000
1319.2140489896053,493.533694446452,1879.64960,18796496000
1311.9729501520146,516.5664179729273,1879.87580,18798758000
1289.1485125183005,480.0515593569952,1880.09560,18800956000
1288.0366383741923,463.42821863053797,1880.31340,18803134000
1254.9980381148187,433.4848369135364,1880.53350,18805335000
1293.1928314453035,471.4785026383325,1880.75120,18807512000
1194.3242243144582,475.7684757623929,1880.98280,18809828000
1314.2257943930995,503.2136049961749,1881.20260,18812026000
1117.9383880378293,428.2682984479308,1881.42690,18814269000
1032.435723047194,416.0300500896632,1881.65330,18816533000
884.3398684696726,480.1424854179551,1881.89070,18818907000
804.9699178780601,445.90126257203076,1882.12820,18821282000
684.9179821136273,444.326199258475,1882.34560,18823456000
579.4325668416061,429.51674075171144,1882.56450,18825645000
629.0095402485882,405.25514816480813,1882.78040,18827804000
901.8943158933887,483.60229522860874,1883.00290,18830029000
1070.7289242343693,480.9478742185089,1883.22680,18832268000
1250.5437114191254,496.4391715961361,1883.44320,18834432000
1362.6993980976501,534.8156707787543,1883.66310,18836631000
1444.5094269059744,605.0136521828497,1883.87740,18838774000
1522.960778535638,615.6008690033805,1884.09500,18840950000
1555.1988154414587,599.370557331411,1884.31360,18843136000
1572.703974731273,603.6819726544497,1884.53130,18845313000
1624.266344107283,582.5930951599012,1884.74940,18847494000
1562.827235112374,528.0208977852462,1884.96990,18849699000
1583.8339618512405,519.3480959604899,1885.18820,18851882000
1644.6525916580379,511.472454963499,1885.40460,18854046000
1662.599630711373,513.8007266108198,1885.62650,18856265000
1654.6190958963116,490.06827889126987,1885.83500,18858350000
1667.0579455161178,477.31242005219343,1886.04910,18860491000
1641.5571593288134,511.66282348687673,1886.27090,18862709000
1582.4930741775706,560.5175764138922,1886.49320,18864932000
1681.0617358373188,605.0325145487282,1886.71150,18867115000
1614.2049447644151,586.9119031929945,1886.92820,18869282000
1639.9274463031288,580.5980251768641,1887.14400,18871440000
1622.547337791383,572.7968987744156,1887.36500,18873650000
1598.830449781023,574.9616718412249,1887.59790,18875979000
1551.6036866337108,544.9956779873437,1887.82210,18878221000
1562.6217534275938,509.98679702448504,1888.03690,18880369000
1561.6809768567298,466.54416171052435,1888.25450,18882545000
1536.412489879822,476.9551303146153,1888.47730,18884773000
1537.53057306598,469.9056335358542,1888.69740,18886974000
1514.0811878650836,483.7473876330223,1888.91860,18889186000
1481.3965642569938,511.65342970333216,1889.13930,18891393000
1535.651160739909,523.1307542934965,1889.35950,18893595000
1544.3559894554896,503.0700586847323,1889.57930,18895793000
1550.9105169726768,533.7353139685739,1889.79710,18897971000
1410.4627676856294,516.8069120565311,1890.01970,18900197000
1437.024895949073,550.4770721925523,1890.24290,18902429000
1482.3199120306003,515.4815832727918,1890.46440,18904644000
1515.7833036644158,475.7255428806548,1890.68950,18906895000
1502.3381012268005,446.47527949067063,1890.91260,18909126000
1533.4349126773102,464.5028112563411,1891.13680,18911368000
1590.3425237391616,493.00221019733004,1891.35780,18913578000
1608.4505043137594,487.0031787831223,1891.57820,18915782000
1696.8450041465474,560.7592907524781,1891.79600,18917960000
1693.3430466526347,579.9149488401043,1892.01680,18920168000
1674.8280579639697,591.4267295174516,1892.24650,18922465000
1599.789354445203,534.2549530253214,1892.46340,18924634000
1638.054709657493,528.88071773511,1892.69140,18926914000
1606.3809841758818,522.8957587033995,1892.91660,18929166000
1638.6766110092994,517.8075878957644,1893.13750,18931375000
1669.462238347453,518.8176819718681,1893.35650,18933565000
1644.250794551515,553.3490525725954,1893.57400,18935740000
1379.1630634245914,494.368232688317,1893.82590,18938259000
1045.7981293493842,451.8684604391465,1894.06620,18940662000
875.1350641693801,418.95298919896754,1894.29070,18942907000
770.0694600779735,414.44371771120075,1894.51790,18945179000
895.2747284791471,409.5895224340093,1894.73470,18947347000
1024.0259581146042,434.6370028415905,1894.95820,18949582000
1141.0435990506144,445.97126929329556,1895.17790,18951779000
1300.326127003553,476.9586164183132,1895.39820,18953982000
1401.8995280324832,518.076775802391,1895.62210,18956221000
1271.9869189369979,534.5086215032054,1895.83720,18958372000
1094.840068591711,497.8824650469966,1896.06450,18960645000
1001.6525280479632,514.4154319044077,1896.29470,18962947000
929.7717288474066,459.3957247720645,1896.53700,18965370000
877.1834016037075,421.3021192833081,1896.77790,18967779000
893.7194056246572,403.3126204376857,1896.99850,18969985000
766.6568389460812,384.1346917134934,1897.22250,18972225000
777.2189763131375,304.4127968115375,1897.44890,18974489000
971.5360654913956,313.6484977005619,1897.68140,18976814000
1116.934199400088,362.2203244960706,1897.90290,18979029000
1083.065683891737,396.5836059972113,1898.11640,18981164000
1006.3117339837896,407.01685048009887,1898.34730,18983473000
909.9681055435451,466.01642129291344,1898.56200,18985620000
733.5539954068513,455.65426847996207,1898.79670,18987967000
624.9362656896114,383.24578272484905,1899.02230,18990223000
538.1865164791178,377.77483055553347,1899.27530,18992753000
520.9060530120782,323.4932161467538,1899.50650,18995065000
500.995761270899,358.84270735282405,1899.72850,18997285000
636.5336886298165,451.58064848743277,1899.96310,18999631000
732.004815460018,450.4299003802051,1900.18200,19001820000
905.7680596273806,456.2657244447577,1900.40030,19004003000
999.1621497497683,403.3090939908893,1900.62530,19006253000
1066.8169944152044,352.7516350214111,1900.83490,19008349000
1164.0473403190474,358.64797572420315,1901.05200,19010520000
1226.7275159275512,335.88972654216974,1901.29090,19012909000
1211.7051452454753,273.0770164423568,1901.51530,19015153000
1287.436317839028,278.29620069799444,1901.73960,19017396000
1337.7912528600386,330.47630480139395,1901.95780,19019578000
1441.1045485605698,368.2785160146828,1902.17990,19021799000
1439.9230997311568,388.813156976497,1902.40770,19024077000
1402.3523258000234,390.56017943361996,1902.64040,19026404000
1386.8914349708148,410.5770900946579,1902.86060,19028606000
1302.4072902139428,449.84623846364747,1903.09750,19030975000
1373.6568924801036,487.42313461598866,1903.33940,19033394000
1347.0207365521107,430.8867107438602,1903.57240,19035724000
1305.7536890779502,409.5948545838081,1903.79570,19037957000
1307.00106999818,364.2627385274103,1904.01960,19040196000
1271.4866191118301,351.8051458720655,1904.24170,19042417000
1184.8788340183087,333.2653859073831,1904.48050,19044805000
1096.8540038997735,334.52622958579434,1904.70120,19047012000
1048.0494969250772,333.18314136206794,1904.92820,19049282000
1063.919033237385,311.3965123706689,1905.20490,19052049000
1111.8568056237891,308.2487570566948,1905.42820,19054282000
980.3074155560465,444.47896735308234,1905.65060,19056506000
864.5848616232516,443.6507004764446,1905.89760,19058976000
679.5412669391515,395.3246041118717,1906.12060,19061206000
510.30322965037226,385.38992110209017,1906.36780,19063678000
430.18835044315847,371.1565341918131,1906.60310,19066031000
532.2973191332945,428.07338468812105,1906.83490,19068349000
629.6513699444342,430.5663119423046,1907.05310,19070531000
664.9117768868551,453.06893995691104,1907.27090,19072709000
747.182464796699,481.9318572016193,1907.50720,19075072000
722.5287274392497,454.9495425395299,1907.75240,19077524000
809.6566809734279,428.316017263154,1907.97840,19079784000
900.2802169117564,367.5675229734126,1908.20040,19082004000
947.2537882487404,393.5325949870206,1908.42020,19084202000
1053.0633468867977,371.5082876048581,1908.66110,19086611000
1064.471477050669,354.17452241408233,1908.89380,19088938000
1075.636672647835,335.6529314029702,1909.11520,19091152000
1123.6540050718618,328.0923960882627,1909.33050,19093305000
1149.440516165986,296.79423814690125,1909.56200,19095620000
1103.6638092615433,297.3715416734452,1909.79400,19097940000
1109.700380084751,359.7082656631993,1910.01830,19100183000
1060.317540914882,346.0790473643964,1910.26720,19102672000
1077.1163979069902,317.67799989598484,1910.48900,19104890000
1169.6254236257255,327.4736052413859,1910.70890,19107089000
1191.8046750251237,288.0111399904928,1910.92940,19109294000
1219.7820014715553,317.648361703169,1911.14720,19111472000
1253.7218298386122,349.8427748452621,1911.36960,19113696000
1260.951964930311,379.89651989362864,1911.59470,19115947000
1237.4314651558348,403.87126753721594,1911.81420,19118142000
1240.9272978959111,373.79029453146927,1912.02940,19120294000
1210.0504420762832,469.15585614750216,1912.24580,19122458000
1304.826334587783,479.1940533577441,1912.46000,19124600000
1292.2829931594156,506.4810227059842,1912.67970,19126797000
1261.8690615329026,531.277913829123,1912.89610,19128961000
1188.283537418065,514.2482021981174,1913.12200,19131220000
1102.0602042875832,512.0577759885471,1913.34770,19133477000
1028.46095147605,503.1982337104828,1913.56360,19135636000
952.3231197941599,502.8053957460235,1913.79120,19137912000
907.1827044773828,511.2557674207934,1914.01140,19140114000
845.2824069314902,543.0699487778784,1914.23440,19142344000
833.2014385536779,555.4575705592047,1914.45750,19144575000
779.9140344475949,529.7117102978058,1914.67910,19146791000
772.8019972299679,541.6651352414273,1914.90000,19149000000
789.5502538916661,540.4859183375873,1915.12940,19151294000
790.207583062895,587.1831710161074,1915.34920,19153492000
791.5236937216082,509.0348964559571,1915.56830,19155683000
716.5328126994598,476.6445680034153,1915.78760,19157876000
665.0139232178512,470.2753889216101,1916.01880,19160188000
905.5599495719391,523.443457744173,1916.25350,19162535000
987.0320856859448,541.1100234147573,1916.47820,19164782000
1064.2666133839894,545.6453190484046,1916.70480,19167048000
1116.022345212581,596.3405200892977,1916.92660,19169266000
1088.6397306325687,555.6772602239904,1917.14340,19171434000
1120.811041829179,635.2250875722904,1917.36130,19173613000
1189.1896416299,579.9377584228836,1917.58340,19175834000
1297.1065111600365,554.0062369240818,1917.81060,19178106000
1359.3846900566884,512.0852159677722,1918.03730,19180373000
1412.1990473245023,494.77678577303567,1918.25320,19182532000
1404.824871121089,466.3836904810211,1918.47290,19184729000
1473.8958799441098,496.53971383160604,1918.70250,19187025000
1467.8033205467452,493.5819922635787,1918.91760,19189176000
1492.050650290616,468.58118991287347,1919.13970,19191397000
1265.7597573700402,528.4533771705774,1919.35890,19193589000
990.2711421230995,446.98864611887757,1919.58610,19195861000
895.9123742204259,430.5832296191896,1919.80990,19198099000
775.8461923112269,410.4463232877026,1920.02960,19200296000
661.4386989629812,394.57125748488835,1920.24670,19202467000
650.8545732741983,441.3602286711705,1920.46850,19204685000
680.7073650361114,446.2070538506683,1920.69080,19206908000
754.8997349455493,478.51096600237486,1920.91540,19209154000
840.6253911810741,465.95765652364133,1921.13930,19211393000
909.2199624440996,447.3972613514981,1921.35170,19213517000
957.8966725843477,449.1139779022608,1921.57530,19215753000
1090.6097836438644,463.41533588038834,1921.79700,19217970000
1123.8147036740527,431.0250948794305,1922.02200,19220220000
1178.9262092747522,426.1955512535348,1922.23990,19222399000
1169.8391503166051,459.2243470695438,1922.46140,19224614000
1178.9936294260347,476.8083553944506,1922.68260,19226826000
1206.9611900374355,467.0186019460021,1922.89530,19228953000
1285.483397506701,514.2937464399781,1923.11550,19231155000
1266.0875225085654,509.2798322672431,1923.33090,19233309000
1298.1013351054526,515.3152753469057,1923.55150,19235515000
1313.7055018878204,496.94875308189074,1923.77250,19237725000
1305.806734390372,527.204247906204,1923.98830,19239883000
1293.0135063311382,615.4387272767289,1924.20930,19242093000
1300.4157398792115,654.868550742401,1924.43420,19244342000
1401.4264395708399,654.31222399312,1924.64960,19246496000
1442.62724750947,673.0758957624709,1924.86810,19248681000
1408.2059312670362,628.0371578738711,1925.08540,19250854000
1419.9624741546022,645.2306109787584,1925.30400,19253040000
1428.5963870639553,627.157606468138,1925.53800,19255380000
1295.7249069838383,612.9934167226872,1925.75710,19257571000
1338.4744041294584,615.9811229165724,1925.97790,19259779000
1428.3545576317822,571.0768536259968,1926.20090,19262009000
1493.8741736149536,549.5839039516409,1926.41870,19264187000
1270.2263462040048,540.4276626388008,1926.64920,19266492000
1003.2683099017124,464.84077152194334,1926.87520,19268752000
838.4491879871571,464.9935908486336,1927.09740,19270974000
776.2400880693788,469.96732100586485,1927.31580,19273158000
885.593779874329,396.81866236739233,1927.54190,19275419000
1054.5493153741218,443.53514999012,1927.76190,19277619000
1202.5830056950717,456.56143533897625,1927.97940,19279794000
1281.891472841528,486.6486058633523,1928.19770,19281977000
1382.0258015472411,491.31329064610395,1928.41790,19284179000
1474.418059555117,504.0950588650336,1928.64080,19286408000
1504.4997068041225,510.0609936933137,1928.86530,19288653000
1456.0469051579626,442.4800724384862,1929.07890,19290789000
1469.3173237162987,466.19664911891095,1929.30050,19293005000
1348.1444807007595,418.4707448213259,1929.56550,19295655000
1221.2941335190064,401.85817263979175,1929.78870,19297887000
1041.07240817361,429.97682603120165,1930.01360,19300136000
902.7527327542573,412.9983342917352,1930.23290,19302329000
936.0507192761131,424.5431977923124,1930.44690,19304469000
918.2343872731682,440.1183014756875,1930.67030,19306703000
1015.89949154309,499.110438714743,1930.89030,19308903000
1074.1745705875792,516.4185157132844,1931.11310,19311131000
1206.3234985956954,512.9761757518879,1931.33330,19313333000
1308.3768258253754,518.4310867135338,1931.55700,19315570000
1410.5067958358384,470.68293990243797,1931.77680,19317768000
1456.7826650397012,458.35279463188476,1931.99930,19319993000
1529.4368033215428,482.816779827776,1932.22160,19322216000
1512.635792174405,452.63852985528985,1932.46110,19324611000
1547.7497681403572,468.7219257434109,1932.67640,19326764000
1606.0582190687303,469.1769457091996,1932.89320,19328932000
1595.3688388308476,442.40521042194786,1933.12370,19331237000
1586.6249546161548,450.05169472050136,1933.34990,19333499000
1502.644568662633,425.89692543587125,1933.57190,19335719000
1407.4733666075688,361.68051057387083,1933.79250,19337925000
1268.785040842648,359.0427910890239,1934.02020,19340202000
1085.1815486223188,323.89337518469233,1934.24260,19342426000
977.1238044204855,342.03813120617224,1934.47320,19344732000
1033.0396017614582,366.6051796149833,1934.71190,19347119000
1034.3312495992582,344.227857548728,1934.93330,19349333000
1019.9540304128811,282.65061394223585,1935.14930,19351493000
1148.0393767503988,336.1712984930633,1935.37360,19353736000
1217.3292043053643,345.273103390971,1935.60120,19356012000
1177.1315469395724,325.11831423547176,1935.82430,19358243000
1134.1596963178733,290.05026265972765,1936.04580,19360458000
1091.9301204374112,333.40675707821947,1936.26890,19362689000
1032.4280987129168,364.35722904214583,1936.49820,19364982000
1081.556727427868,428.3453944320312,1936.73910,19367391000
1134.2893865837286,408.8838940254393,1936.95840,19369584000
965.6480705016673,443.0767897701849,1937.18540,19371854000
771.3357755100081,400.66344111698226,1937.41820,19374182000
800.1409907720163,381.39899764643803,1937.63630,19376363000
712.0979221171682,351.0540844737586,1937.87220,19378722000
537.7590143931855,334.4406936915323,1938.09020,19380902000
757.2819308924878,460.61203024854643,1938.30320,19383032000
912.0241528454437,445.8494960730594,1938.52250,19385225000
1097.4199294941232,489.3658324130874,1938.75440,19387544000
1168.7220321045045,489.20446797723594,1938.98260,19389826000
1084.218417184853,450.5488396113883,1939.21460,19392146000
873.1382873068212,408.4693106347605,1939.44020,19394402000
874.2610148572714,460.1326399674678,1939.70970,19397097000
1007.5834472308283,492.03179669850965,1939.94540,19399454000
1093.8687314242268,487.1065261723206,1940.16810,19401681000
1186.1073364936797,484.19668196639975,1940.39170,19403917000
1305.65291306815,467.54321227027583,1940.60930,19406093000
1348.5287707132438,542.240419524341,1940.83820,19408382000
1393.573534620723,603.6309614328596,1941.06180,19410618000
1452.796346661484,595.1689110273529,1941.28130,19412813000
1499.9841020730032,575.4576500585099,1941.53700,19415370000
1540.3580924371088,537.5164931222249,1941.75650,19417565000
1404.5498838711785,526.040336884101,1941.99070,19419907000
1262.24896108844,568.508616457627,1942.27900,19422790000
1162.7836043739835,473.09207590152096,1942.49620,19424962000
1068.9507551354575,416.53874162282153,1942.71420,19427142000
1101.3597909965954,481.13263276401574,1942.93130,19429313000
1246.7807115414107,585.9301200832497,1943.15630,19431563000
1388.5206708479438,665.1829126748346,1943.41920,19434192000
1179.8714385934716,570.9207313404681,1943.66320,19436632000
1010.4884294385754,497.8978701908004,1943.88230,19438823000
916.3831330988178,421.8840731488255,1944.10160,19441016000
1002.2824198559852,435.9960582033637,1944.32480,19443248000
1074.4361863307684,485.235517384789,1944.55760,19445576000
1229.549167069036,583.4371147881678,1944.77770,19447777000
1283.6930118569383,593.7094085822771,1945.03760,19450376000
1419.0789779804402,610.4890412788694,1945.25850,19452585000
1510.328063277808,649.8468553967558,1945.48120,19454812000
1567.6218877528825,674.8156376915815,1945.70200,19457020000
1540.9816961465121,720.0792198600363,1945.92550,19459255000
1624.4475262345316,724.0906654850668,1946.15070,19461507000
1497.3426899028766,648.079742614455,1946.36880,19463688000
1284.4082359317629,558.7899083691083,1946.62810,19466281000
1167.6037271508985,483.1206464753893,1946.85090,19468509000
1147.4184807105,479.5134639776971,1947.07480,19470748000
1133.3237392178848,467.0975587049481,1947.33690,19473369000
1024.225304561295,445.61799373663945,1947.55830,19475583000
1056.560399878531,448.5485981790315,1947.77910,19477791000
999.0247042093322,457.66061481350675,1948.00050,19480005000
1158.5695235141286,552.3002123673363,1948.22240,19482224000
1163.4073960450219,604.8776649254844,1948.44100,19484410000
1288.9110097018643,609.4495837562397,1948.68100,19486810000
1394.3474134540659,645.4361466726286,1948.90280,19489028000
1447.5746064550506,630.2676185338532,1949.12530,19491253000
1423.5087894747999,643.1709401295725,1949.34570,19493457000
1426.78215919397,644.8542588632284,1949.58810,19495881000
1372.0889776538568,635.3884413248446,1949.80930,19498093000
1363.2299202798458,643.5580670572439,1950.03610,19500361000
1320.293672066006,638.5112962987031,1950.26580,19502658000
1225.1535014273722,555.7244801359454,1950.49410,19504941000
1102.7113616110314,486.35739551568224,1950.71640,19507164000
944.5307647181043,432.7637774436168,1950.94160,19509416000
838.6662137143996,402.25012020635734,1951.16320,19511632000
885.9484314495294,408.45557231782624,1951.38300,19513830000
977.4632523552923,492.58969582313574,1951.59710,19515971000
1094.5767585123406,520.4907355104907,1951.81770,19518177000
1202.389186914667,543.3282460787052,1952.04640,19520464000
1247.588558955495,543.5267970050539,1952.27530,19522753000
1312.5700167562634,562.5842951020626,1952.50660,19525066000
1333.1404923715409,566.3352304877448,1952.73060,19527306000
1339.0108238352213,560.4781144977776,1952.94300,19529430000
1296.369619280719,570.8320611226916,1953.16610,19531661000
1414.355724711176,606.1539853898084,1953.39830,19533983000
1359.0618407944607,611.8164770860221,1953.61080,19536108000
1367.4710229968146,616.8768850016771,1953.83370,19538337000
1278.6068094683847,582.7548808928874,1954.06460,19540646000
1278.6130559033743,563.2862906118228,1954.30460,19543046000
1278.712269841359,557.2545882683019,1954.52620,19545262000
1214.2297526793254,524.2714888592675,1954.75120,19547512000
1315.7316182950535,583.355269147162,1954.96850,19549685000
1322.8128504431907,570.9951636362096,1955.18280,19551828000
1354.260432900342,567.4546939930832,1955.40880,19554088000
1422.1175898147096,582.929817177939,1955.63970,19556397000
1399.3275443378295,565.1779810159604,1955.87100,19558710000
1422.829501375174,555.3023761444655,1956.09750,19560975000
1442.161308895056,579.6848364582485,1956.31190,19563119000
1447.8215173923682,608.2211807743851,1956.53070,19565307000
1428.4288004622063,612.8847790801985,1956.75030,19567503000
1459.0899038847836,619.3145413598796,1956.96810,19569681000
1452.2492564257996,620.7258210466588,1957.18250,19571825000
1460.530406944638,624.6658097281011,1957.41990,19574199000
1502.138670910968,656.4809476747463,1957.63540,19576354000
1441.229285179316,652.0785664050609,1957.85290,19578529000
1385.7959816204295,621.1465818095833,1958.08140,19580814000
1145.2251486746216,571.0318202203088,1958.31230,19583123000
1104.9905974734684,536.1371282875548,1958.52630,19585263000
1059.218358183822,521.0707073710049,1958.74350,19587435000
1051.1143170297971,518.106138999706,1958.96280,19589628000
1178.4861746191737,607.4218214655718,1959.18370,19591837000
1281.4698559853489,659.6174398188182,1959.40640,19594064000
1136.9021711176215,595.6071693786839,1959.63480,19596348000
1001.1095416098387,595.0687817706314,1959.85380,19598538000
785.280543608933,503.4688723084653,1960.08140,19600814000
861.2002793350262,494.3935445106553,1960.30380,19603038000
967.2863681887867,522.4792705308637,1960.52630,19605263000
1119.9641846064642,551.4568517604954,1960.74620,19607462000
1086.7563316861026,509.83311298362435,1960.96090,19609609000
1069.2869161377694,469.6190285404418,1961.18080,19611808000
1056.974305996494,478.13547322339156,1961.39530,19613953000
1073.9554369632365,495.13117829669176,1961.60770,19616077000
1183.7993547502865,553.7911845314815,1961.84890,19618489000
1163.9005523721598,567.3371467877333,1962.06090,19620609000
1172.3906938993143,608.1916905946364,1962.27810,19622781000
1238.864267888962,601.1785608184994,1962.49970,19624997000
1240.5534592865802,565.44439617488,1962.71840,19627184000
1352.1568622325071,632.2780920870039,1962.93120,19629312000
1432.381234079146,683.1431566215684,1963.14120,19631412000
1432.2341505805011,656.2550478444474,1963.35850,19633585000
1389.100375870734,606.0525372731496,1963.57040,19635704000
1419.4761327454164,576.041852126059,1963.78820,19637882000
1415.4716998373794,562.6578823067946,1964.00330,19640033000
1348.8432396538587,503.2216521808445,1964.22060,19642206000
1386.9862305936165,517.8755844154933,1964.43520,19644352000
1410.4177502149462,512.161035553666,1964.65880,19646588000
1391.477885332436,507.2455464051859,1964.87770,19648777000
1365.0897182228402,521.2771175650958,1965.13700,19651370000
1358.0267245984846,549.5243948321286,1965.35710,19653571000
1390.738388021861,562.7894838888006,1965.56770,19655677000
1427.324971298462,548.1069697316103,1965.79090,19657909000
1391.816024560729,558.1308238142781,1966.00950,19660095000
1457.8179184206397,598.6059769845708,1966.22750,19662275000
1506.723151837658,650.3986585743891,1966.46130,19664613000
1554.4325900659587,620.5921340772658,1966.68820,19666882000
1580.8882043119663,562.8046855149229,1966.91130,19669113000
1536.1740134115441,522.2791157043905,1967.12460,19671246000
1574.5876172079793,511.4019937285646,1967.34380,19673438000
1547.9361231770588,481.61676792715355,1967.56410,19675641000
1540.9233441568595,467.9951018674465,1967.77930,19677793000
1508.1578110451762,433.6617801811449,1968.00010,19680001000
1546.7071382314311,445.0898750984374,1968.21980,19682198000
1491.3604632232905,495.79446870844714,1968.43430,19684343000
1521.5042219072293,591.7324056331743,1968.65440,19686544000
1474.1014294606646,636.3450734037153,1968.86970,19688697000
1270.7190381353678,597.9809760976028,1969.08390,19690839000
1241.024630568963,682.4820149262382,1969.29880,19692988000
1239.3250417615177,707.7492724157023,1969.52050,19695205000
1222.0741730371597,725.0965044352873,1969.73520,19697352000
1235.5469171485147,738.7723486173682,1969.95680,19699568000
1219.4472737645617,681.6067005178758,1970.16860,19701686000
1296.0781937255242,628.2007220375634,1970.38470,19703847000
1123.767754279725,599.1819388977171,1970.60070,19706007000
914.5992887478758,479.1293783363089,1970.83140,19708314000
780.5619732757986,409.3599813722893,1971.05310,19710531000
802.1331224531666,375.1136997836161,1971.28150,19712815000
870.9004134394727,307.21251148786496,1971.50840,19715084000
921.7132019148447,256.83884318655436,1971.72980,19717298000
1105.1254763144361,217.80862709049046,1971.96930,19719693000
1133.073252272165,251.99804496110846,1972.18990,19721899000
1168.7871444167336,236.94468796182315,1972.41250,19724125000
1190.0847364268957,207.06761175857793,1972.63310,19726331000
1184.3111099433977,233.21299870367312,1972.84710,19728471000
1201.7371026042686,266.7479724434139,1973.06550,19730655000
