x,y,TIME(2025/03/11 11:03:42.362),TIMETICK(f=10000000)
951.8313330501684,743.8322799321398,0.00000,0
878.5125884154653,695.6845019323324,0.22850,2285000
704.5684572502911,618.5317230024364,0.44620,4462000
540.3449017120163,574.9511060242603,0.66320,6632000
421.47687467074286,492.86212498895236,0.89220,8922000
387.8744198957914,523.8003542941135,1.15590,11559000
374.7364002281963,475.49550607163764,1.37400,13740000
376.6636130020039,406.98865982270945,1.61020,16102000
256.885319472112,408.4352610300871,1.85240,18524000
120.94232797680094,358.0904348857135,2.08200,20820000
261.23215571194214,420.21758708306965,2.31940,23194000
279.1421043177325,437.0422074319331,2.54020,25402000
227.45529873361963,372.7183111091996,2.78390,27839000
166.7316140168687,339.1078004455223,3.02300,30230000
124.64170947363013,316.0276243760344,3.24400,32440000
121.92028459541655,305.2924079789921,3.48940,34894000
100.42542582012825,268.9692008246381,3.73400,37340000
61.871736169950196,271.4366438136935,3.95740,39574000
118.83218260776611,271.82769054140374,4.18320,41832000
123.38741622786871,250.9301271189765,4.42580,44258000
155.44424385109895,222.6091359933954,4.65050,46505000
173.07069668175086,228.11146229872537,4.87410,48741000
149.37430485268118,185.62012107788647,5.08340,50834000
151.6306107591738,215.51862470088747,5.32590,53259000
331.49066316508106,269.99855801121305,5.54930,55493000
297.3274584143286,330.4160900896254,5.77490,57749000
311.0300460530767,408.63618243049746,6.00740,60074000
326.0782825733783,406.1969324554582,6.23080,62308000
312.96323435096286,440.2619941286628,6.45970,64597000
318.5512896831562,400.2378077969229,6.69650,66965000
300.7177853510276,425.161995216489,6.95480,69548000
255.721295412354,428.288086599951,7.17540,71754000
312.15313086321896,494.27981565329065,7.40150,74015000
204.1376194523009,525.6557132395723,7.62010,76201000
125.98058478627954,566.7092841162444,7.83630,78363000
137.69734283273232,591.9603261457862,8.05640,80564000
187.95610590507647,536.6940211226114,8.28630,82863000
133.803105620211,459.02191768307694,8.51140,85114000
181.87740364871337,462.3167195833515,8.72860,87286000
156.1819195216736,416.61037695893435,8.94550,89455000
104.94996897648178,387.2707645823015,9.16040,91604000
179.20596006697653,458.9736277211471,9.38400,93840000
164.58459522833328,449.6942257397488,9.61330,96133000
157.45569118081323,457.8540169238401,9.83220,98322000
210.84912917493025,393.60592974990396,10.04840,100484000
199.297298335406,300.90639710354753,10.26570,102657000
184.4449916844337,289.5579328022232,10.48190,104819000
113.6787141677833,288.8500748630261,10.72620,107262000
111.09974660833313,294.39951660301807,10.94480,109448000
48.59765771447534,320.38497437303937,11.16000,111600000
184.96802467192174,292.4329053678602,11.38050,113805000
312.27091057247105,247.79708363703165,11.59380,115938000
332.16036988093435,246.90341153015666,11.81130,118113000
290.87626803917544,284.55376551006407,12.05700,120570000
312.2995051658056,303.41821855351935,12.28190,122819000
445.18232160187415,319.57964464457666,12.50390,125039000
479.0058062864709,303.7123380861112,12.72430,127243000
598.0552572013697,413.41972377937276,12.95600,129560000
673.0665327937866,429.93404637952193,13.19890,131989000
726.7198603678377,410.3566533335957,13.41530,134153000
673.5238768762601,366.87924812310547,13.62920,136292000
573.6745362864689,341.364064411244,13.83720,138372000
531.7200747119263,296.95221458252644,14.05450,140545000
408.3079757538151,242.69916438467826,14.27500,142750000
316.06579357993417,251.72218226744303,14.49090,144909000
303.81107524883623,254.32445514409068,14.71560,147156000
293.09694152263734,289.0031966842414,14.93960,149396000
328.2244413896055,287.62899661489934,15.16050,151605000
304.2193826313525,245.95837116811165,15.37830,153783000
374.5084782435168,304.5341136838344,15.61460,156146000
319.16288729667576,363.40170435467223,15.83440,158344000
284.87449448488405,387.8792892785395,16.05840,160584000
274.3662333589366,501.7620807577126,16.28320,162832000
391.79396544592845,566.0378247919781,16.52490,165249000
417.4420110917712,616.2629999076544,16.75850,167585000
436.929603291163,745.5305175760384,16.98490,169849000
533.5644992545383,762.4204641792359,17.22740,172274000
485.70694501313983,689.2669275972395,17.46010,174601000
439.2003256054044,604.7772081873112,17.67650,176765000
373.59710593078046,549.8162492342382,17.89270,178927000
298.52789669737,494.88817695679273,18.11270,181127000
285.4258981988523,470.66635381934094,18.32890,183289000
240.57732750118205,420.352121179645,18.55060,185506000
405.5409164515052,372.2104128179458,18.80540,188054000
475.05387564473267,321.61700020433216,19.01780,190178000
578.3240887898332,338.8323881605936,19.24080,192408000
523.1528650588624,468.62496950342256,19.50150,195015000
420.2963533223515,564.8811885575715,19.72650,197265000
370.7347478255893,540.5957421035043,19.95850,199585000
289.46651448099306,504.395961950945,20.21420,202142000
321.5662535657501,454.32458057034626,20.46140,204614000
277.745246871958,372.8472967497685,20.67870,206787000
253.57451802079348,329.4482425967349,20.89150,208915000
228.5934050864692,318.94062997722983,21.11570,211157000
206.19360917939778,307.0210593289552,21.33510,213351000
279.02460060492353,356.0297199992792,21.55030,215503000
422.40058157517444,400.70829721226573,21.77860,217786000
629.4190103584076,382.4745909987594,22.00310,220031000
827.0374376998607,333.17067661949415,22.22410,222241000
1020.5174385341875,322.6779951866323,22.44660,224466000
1174.933463979742,270.59361751695826,22.67720,226772000
1368.6249207481853,264.8280982837547,22.89420,228942000
1544.0613389759567,234.24646756242134,23.11730,231173000
1587.9825283760867,156.7451235633013,23.33830,233383000
1441.567561552813,252.41388436176874,23.56920,235692000
1496.1179669976746,223.59520659228968,23.79820,237982000
1589.4862054248688,225.86810630850385,24.03130,240313000
1643.113438245848,191.06744982190887,24.25350,242535000
1673.7950593437374,198.59739581798732,24.47170,244717000
1594.9944383149762,284.4260912811448,24.69160,246916000
1591.813546326145,329.16187462967264,24.92620,249262000
1651.9249366306312,330.2812847700385,25.14680,251468000
1453.319747378396,308.8266267374565,25.36760,253676000
1223.5949235539465,252.90429489777392,25.58080,255808000
1096.5445016888098,249.60004729309074,25.80220,258022000
1000.2563974078947,253.8385212617426,26.02150,260215000
952.4005300200489,238.29578835141297,26.25180,262518000
826.4248006232488,244.78987056937692,26.47710,264771000
605.4078827365418,317.60111790920564,26.71970,267197000
446.6878977417539,387.7048544769609,26.94090,269409000
325.259021065492,452.6499071845154,27.15930,271593000
166.5859801842788,502.2180491318849,27.37690,273769000
168.22220567110122,496.5616324966241,27.58700,275870000
129.1163783588835,467.620481686355,27.80490,278049000
128.32951138860062,440.92676862958126,28.02270,280227000
131.71162072571707,422.5257601657751,28.24600,282460000
282.46341516893614,386.50042664821376,28.46700,284670000
443.35271480876327,324.44249659560717,28.68410,286841000
527.8764645564816,451.37629277116116,28.90500,289050000
707.3249295926455,490.5699816022018,29.12220,291222000
808.9950683808148,369.88473205277336,29.34330,293433000
698.0354994739391,405.6743240794212,29.57940,295794000
615.4117335161511,396.9644101516615,29.80100,298010000
512.7093159408646,385.05570733739654,30.02270,300227000
420.12306724098516,382.62305556896797,30.24750,302475000
486.9234002250008,370.8964273694692,30.47330,304733000
616.2943580510083,316.7191109843203,30.69410,306941000
492.9660057271383,318.7388569201868,30.95250,309525000
432.0164338069596,291.38612671596445,31.17560,311756000
331.38494474862085,299.81735872392613,31.40790,314079000
343.1735637158165,337.3995181351381,31.67400,316740000
311.14905777104,343.9268154899277,31.89800,318980000
378.3358256993882,339.7542397810987,32.13400,321340000
413.02436887765555,343.3537595475708,32.35050,323505000
354.15601238959783,292.898111403802,32.57860,325786000
395.5868976713448,328.0582742062879,32.79590,327959000
325.0894647428969,346.02444326989513,33.04020,330402000
275.5340828860302,391.0423401782279,33.25410,332541000
372.37055152046213,419.4671957765479,33.46870,334687000
479.3558505943346,363.16788458591975,33.68430,336843000
618.1277866952223,459.58652952986233,33.91040,339104000
714.5547994285743,473.3987183983836,34.13660,341366000
654.5854743359481,455.6785522914877,34.35050,343505000
569.2197709507302,450.7007603651181,34.57370,345737000
520.018817614589,388.01532457861623,34.80620,348062000
522.3145997075599,374.939754314907,35.02970,350297000
481.7162603376104,343.72476659887644,35.24730,352473000
440.4953074032791,279.98973857954365,35.47040,354704000
352.6085490448328,287.2122837582825,35.69260,356926000
452.32282555422995,271.6757645810896,35.91200,359120000
494.54333225839406,336.36510607165826,36.13280,361328000
446.83021229104395,356.48803696370095,36.34430,363443000
370.04789448446843,312.2764667919339,36.55360,365536000
333.80264220103385,374.4920929775711,36.78050,367805000
290.579962718779,420.6463512965637,36.98870,369887000
251.98622479169038,412.7449838653625,37.21080,372108000
229.2609725692309,473.3538559571124,37.43170,374317000
225.7972991260949,542.7957846177252,37.64570,376457000
168.26846266348616,624.0948390539115,37.86650,378665000
143.72823494622762,676.6214730874634,38.08040,380804000
319.27525470796934,702.9386471170579,38.30850,383085000
358.6529184264817,631.7898066563893,38.52950,385295000
646.0599681036647,514.5913772080036,38.74910,387491000
700.0868565453894,413.1652626725779,38.96290,389629000
591.5868429474941,413.0274619097928,39.17480,391748000
574.6818652711084,320.86723767828084,39.39130,393913000
554.6029217069836,247.8175318971269,39.60830,396083000
577.8588611289017,239.4374412631919,39.83020,398302000
717.4259729484679,200.45246794004038,40.04560,400456000
860.1907211530589,145.7584828944122,40.25510,402551000
913.0243069322601,107.70630743667805,40.46800,404680000
1127.060420424606,73.20899195862815,40.67970,406797000
1235.2180110680524,88.90257347195137,40.90420,409042000
1159.2744734329472,131.02415932128926,41.12530,411253000
969.2103199335378,166.22440161699248,41.34510,413451000
857.7911845216885,200.12281540900193,41.57420,415742000
685.2384112225,226.27570325028918,41.79930,417993000
490.15665923014427,234.64982641174296,42.08200,420820000
676.1426895437479,372.94617747831717,42.31910,423191000
552.9255921650943,370.8414873484747,42.59350,425935000
460.4208003116527,339.2207871143763,42.84330,428433000
348.99265169023744,320.8909063056218,43.07970,430797000
319.6016420036632,289.5989823950437,43.29890,432989000
409.29392554547627,413.7324692342171,43.51830,435183000
375.53531864570743,389.5460522095452,43.74130,437413000
363.5270261850463,345.29212581409286,43.96970,439697000
383.72304800529986,311.6847132963237,44.19640,441964000
364.53756783824076,288.36333619517586,44.43370,444337000
264.5058525905664,290.13568784741824,44.70920,447092000
280.26952671784585,260.4832879444614,44.92630,449263000
202.94644699453676,293.52087032386004,45.15410,451541000
171.5868983321874,304.38969835145474,45.37890,453789000
117.64689055441167,313.26213249599004,45.62480,456248000
124.32399003615853,289.0843237723645,45.85010,458501000
138.4063820533151,300.26854519572623,46.08600,460860000
58.87721350661683,367.8625268522882,46.31260,463126000
14.724961335064489,431.098757233392,46.53540,465354000
-20.373913916119008,511.99192429037885,46.75200,467520000
191.66160895008454,553.6028757476446,47.00210,470021000
365.9575701606102,492.18650572347735,47.21940,472194000
593.7892390760265,421.47115215701047,47.44160,474416000
737.305639320824,369.78202200760575,47.65210,476521000
821.4955203387364,359.55086194857574,47.88370,478837000
913.5067573782683,327.11984208438463,48.12660,481266000
844.7224098785571,323.5329220874995,48.34980,483498000
689.7223915821663,362.4460312993577,48.56700,485670000
573.8231173116167,349.6979597399508,48.79800,487980000
511.20231320504524,346.1363500237123,49.01820,490182000
460.1052978061891,344.5484096173062,49.24450,492445000
355.25139661300443,348.30321567675634,49.46150,494615000
350.16792529542124,364.68053359521195,49.68410,496841000
436.66280136522494,440.0890552861366,49.90310,499031000
377.10222261996915,435.024474730189,50.13130,501313000
417.1118906448808,375.2046865334983,50.35870,503587000
454.961767929637,325.3985342679663,50.57340,505734000
532.6954932567844,286.5848626568184,50.78250,507825000
588.3465723693384,394.2996761225552,50.99690,509969000
470.27022545325474,382.6351536021688,51.21020,512102000
441.41283684954345,370.3035239107351,51.42930,514293000
380.2555372937551,391.453409164678,51.64150,516415000
439.1779096862028,340.0306912333177,51.86030,518603000
471.285919883299,302.7271761265015,52.07070,520707000
402.66670562779973,322.32646363309186,52.28240,522824000
363.50090483929716,337.7171822239661,52.50490,525049000
303.7158734464217,367.0932675836398,52.71860,527186000
337.88821017627816,368.7491363708876,52.94370,529437000
303.269627325286,385.0427976601778,53.16640,531664000
330.16661780938557,375.3223229225867,53.38920,533892000
284.63065119816065,390.88840904772593,53.61660,536166000
303.73970582184864,420.601784840552,53.83560,538356000
275.5590346269314,427.3090022844444,54.05390,540539000
243.5104791397171,458.2626292012386,54.27080,542708000
223.4077995890473,486.55961670398506,54.49020,544902000
251.2199934431715,509.8542036248427,54.71810,547181000
297.33519470561475,531.2289413241944,54.94470,549447000
200.9687542589523,601.8514124964605,55.16700,551670000
398.42598129847573,646.450115768966,55.38530,553853000
393.4345851149845,627.7017647072079,55.63000,556300000
476.8251644780691,565.2336254176781,55.85060,558506000
414.2947700476823,465.5998392476461,56.07520,560752000
412.36368727196884,378.17811617486143,56.29280,562928000
366.31194364287376,302.43615783814107,56.52770,565277000
538.6795234306117,267.7990776330337,56.74760,567476000
640.6356464492708,197.59159110488875,56.96290,569629000
760.9655487651438,182.83212990760313,57.17920,571792000
673.6958824126112,160.93257615308676,57.39000,573900000
654.5822516020379,168.2031334693237,57.61510,576151000
563.305282720215,167.8975288339039,57.83290,578329000
458.620884115204,204.21301071219818,58.04270,580427000
454.6484298573913,235.12001016330572,58.26240,582624000
644.9308485612148,227.47489257130442,58.47430,584743000
814.1279214266284,217.2040002187168,58.69340,586934000
1011.4699088757237,248.6979158309696,58.91080,589108000
1199.3273984825255,234.36517171005434,59.12990,591299000
1321.0164813738645,246.90506934529537,59.35030,593503000
1365.8125768566806,213.41707224358393,59.57300,595730000
1324.1994838023109,346.2544769224262,59.78670,597867000
1401.7450811469455,520.0084195690026,60.01520,600152000
1473.819527043634,395.900387827946,60.23650,602365000
1629.74478594438,353.5331547767138,60.45210,604521000
1736.7195825188498,350.96344119874067,60.67340,606734000
1415.8432052308274,354.9214283371082,60.89220,608922000
1147.485939140524,332.9033398548548,61.11450,611145000
902.6338467400163,309.75340774122424,61.33990,613399000
791.0538439463538,313.8338779687662,61.55410,615541000
667.5242066604761,318.69253603388876,61.77100,617710000
556.2586983780586,355.76057923088973,61.98480,619848000
460.8853399884585,343.14541113989844,62.19890,621989000
310.3196507384338,369.8345097082655,62.41650,624165000
174.1062530785986,431.0151338618618,62.64370,626437000
204.11980769414325,456.1927123757088,62.90380,629038000
350.5456215147832,552.1640439535056,63.13970,631397000
447.1913468925195,523.0895475500172,63.35270,633527000
430.1812845172536,486.60314014486625,63.57390,635739000
393.4654059107077,461.2716592601932,63.79380,637938000
302.98782499340587,473.06463053303594,64.00140,640014000
276.1918063316155,458.9265253373349,64.22260,642226000
305.9544649315893,447.2398254558824,64.44030,644403000
270.8609907505406,414.6909937257454,64.65160,646516000
310.6916249103301,415.6980502331048,64.87120,648712000
444.5027837225747,368.58897204143625,65.08770,650877000
437.24762091287374,374.71348245203603,65.30210,653021000
417.2098592380107,437.03935985392036,65.57440,655744000
333.4170716413292,444.01006183628164,65.81560,658156000
283.00431221804047,468.4362184621149,66.05900,660590000
311.3466735499168,468.89926632322835,66.27410,662741000
483.4530341406229,524.802903968882,66.53640,665364000
473.3880847543107,504.1457556214428,66.77830,667783000
521.556616481591,494.50671276170925,67.00280,670028000
540.6447704914247,453.1963631116697,67.22740,672274000
510.33689768396204,439.96712799573396,67.46250,674625000
407.92624924851407,424.7061158707553,67.68660,676866000
319.11600575680274,387.501144549433,67.92000,679200000
287.2337453411016,334.46182146521414,68.16040,681604000
262.4819479104228,300.6976969783985,68.37770,683777000
280.3949874194473,260.2307132749728,68.59770,685977000
247.75186773954368,319.310403420082,68.81800,688180000
171.99209447994758,394.8009232743191,69.03750,690375000
422.10213834944653,374.5085303418045,69.27330,692733000
537.4600576789462,272.9166852456504,69.48800,694880000
623.8781295765253,220.64637757583972,69.75470,697547000
740.0090461072327,212.27454793806012,69.98760,699876000
837.787564175779,257.2774231852602,70.21350,702135000
1035.125215940987,254.25752084520016,70.44340,704434000
1108.746560396578,252.24737935508074,70.65800,706580000
1229.7784961191724,243.65477878845073,70.87860,708786000
1289.127956439935,363.0962964257652,71.09790,710979000
1091.4305336538691,473.0913977072057,71.33330,713333000
943.9216785167977,483.3919127241026,71.55480,715548000
754.2800810131534,543.3748574592674,71.80060,718006000
629.5970606029717,582.2642613597673,72.05550,720555000
520.59688280687,538.7514963557115,72.30150,723015000
510.71649146913717,504.85720024584214,72.52240,725224000
406.0052901238169,491.39064893561516,72.75210,727521000
675.7211118454577,453.00964734599427,72.96610,729661000
824.0532254419463,386.02027770439224,73.18190,731819000
884.9733102533961,333.70411941433235,73.42050,734205000
763.5608708287009,360.9627296585498,73.65550,736555000
635.390960734412,377.025075069481,73.88230,738823000
594.016686562431,374.9855870793227,74.10050,741005000
578.15257139011,421.2492791649662,74.31170,743117000
504.841263902874,415.3393515096998,74.53880,745388000
332.9026722169951,456.8605960214086,74.75600,747560000
309.145712091381,369.249007691349,74.97390,749739000
278.7508088242181,355.70355225966335,75.18580,751858000
242.02021498590975,336.32504521854855,75.40230,754023000
345.43190830133847,447.6745900779533,75.61640,756164000
512.6422146133235,461.750195819535,75.83870,758387000
753.8684865628811,399.72456158672054,76.06110,760611000
959.8358064973331,354.05119615229466,76.27810,762781000
1123.5114061612112,334.4816042044431,76.49810,764981000
1117.6230922361528,249.65075642000633,76.71420,767142000
1070.143270785492,272.3320485105183,76.93500,769350000
897.7250899136206,244.77383615561956,77.15900,771590000
818.1559421936748,185.2822607427466,77.38090,773809000
730.2256016499258,193.87248752550994,77.59310,775931000
630.5516164509131,219.4504252916936,77.81510,778151000
437.63311616459737,284.5833915701363,78.04050,780405000
242.85461699203537,339.6762730394557,78.26650,782665000
128.65269488373053,413.4636994422893,78.48350,784835000
73.88437702122783,466.87753171783356,78.70790,787079000
110.4010672886041,552.3780561804563,78.92340,789234000
192.45073179724807,611.1674296661787,79.15270,791527000
351.3686593858288,667.1405393908094,79.36860,793686000
470.665295295483,735.4626444070002,79.58520,795852000
459.0105413422459,751.6681214451179,79.80390,798039000
463.71561281085997,763.9167667482492,80.02120,800212000
638.7188289189454,769.348069665896,80.24080,802408000
836.8489591065037,659.7883977099043,80.45850,804585000
1024.5905698173815,581.2365005744366,80.67950,806795000
1148.6259623542708,460.4969157149999,80.89660,808966000
1173.3903834694845,409.03433862353944,81.11260,811126000
1220.5546063174477,307.9970601731127,81.33730,813373000
1245.3771753626486,255.88549890699667,81.55240,815524000
1185.9978884978066,234.33543154371938,81.77550,817755000
1193.2359709564937,318.3192827544919,81.99350,819935000
1025.9998015425504,413.71583409283295,82.26380,822638000
801.9169190894784,462.33022894491893,82.47560,824756000
634.8268939147717,524.7342676541468,82.69120,826912000
590.787544245443,518.1896520465615,82.90580,829058000
482.5564451490735,492.12811899060677,83.11590,831159000
479.34368700445395,479.15043415612257,83.33080,833308000
471.68855492840356,403.6015731287686,83.55350,835535000
391.304025302649,375.42303360922324,83.78890,837889000
371.6754904566991,406.90170409451486,84.00760,840076000
369.7899364735738,387.08478519141846,84.25660,842566000
338.5350391989947,359.0484640444759,84.47270,844727000
370.0682183290807,366.4096091317045,84.69240,846924000
337.35568265693763,346.89138473104725,84.91850,849185000
326.8723425800002,294.5362997282437,85.14340,851434000
335.91900026036546,287.48665704970114,85.36690,853669000
372.01547024164825,305.5400178171488,85.58630,855863000
359.6076700395447,256.8394861790157,85.81670,858167000
498.1797827537725,262.8574583794557,86.04210,860421000
594.4714468891416,271.5557310813527,86.26570,862657000
676.8864161590491,284.5210287585471,86.48150,864815000
685.8705634861061,318.55423215497734,86.73360,867336000
706.8256101128004,330.862691460479,86.96520,869652000
686.5422617181008,344.96684431581303,87.20930,872093000
593.1343071965464,374.52581086568944,87.43480,874348000
533.9149299723778,364.1494568267594,87.65030,876503000
505.69159128822196,398.4316941956821,87.87000,878700000
477.9210255259273,382.5203163536979,88.08450,880845000
438.3487327576631,379.45474822375724,88.30110,883011000
388.79402793561576,385.12099860813044,88.52070,885207000
386.44207382535035,387.1024407169224,88.74070,887407000
397.5591478409998,357.1383460329339,88.95130,889513000
286.5856409995206,387.4775600131007,89.17120,891712000
293.79325345452776,392.70824142671677,89.38640,893864000
265.4369861713078,342.30090885887483,89.61580,896158000
291.040881362758,341.93383359262964,89.83330,898333000
319.41649187431733,351.5235721909544,90.04570,900457000
297.74815589149733,364.53808499695714,90.26360,902636000
334.5908236337828,350.1404335009421,90.47960,904796000
345.47383424983235,355.6382647484183,90.71170,907117000
374.0382281397705,419.3926222943889,90.93470,909347000
590.1172742031303,513.1791637747573,91.16080,911608000
670.6387913462831,473.06072239889147,91.37660,913766000
587.297622514445,509.5257934242171,91.59220,915922000
530.6110129055635,475.5216844514888,91.81470,918147000
510.7424451643989,414.97156972394384,92.02630,920263000
406.52811822773424,374.3193547128198,92.24570,922457000
370.89648804802795,362.48269326123165,92.47190,924719000
309.5883856815931,316.1237461527132,92.69670,926967000
285.24397201471305,299.3757951106015,92.91730,929173000
254.90498307458319,294.570692814925,93.14260,931426000
222.92210489092588,303.8880160651763,93.37520,933752000
252.49962411321286,316.67052649906645,93.58490,935849000
294.25151224017526,358.97773763992814,93.80360,938036000
275.55625064906917,391.7167736131581,94.02060,940206000
304.9968540643341,431.4651394281194,94.25260,942526000
328.4349574724189,432.9277626560755,94.47810,944781000
255.03550676632045,480.83628510922483,94.69550,946955000
281.0254186554746,532.532176669617,94.92380,949238000
251.16383036090642,528.6951629307919,95.18940,951894000
262.19351317123807,490.12261781503685,95.41440,954144000
277.7827579345248,466.410758770207,95.68180,956818000
329.1053732056444,475.11883063244574,95.89840,958984000
292.92728533917017,465.6091589569649,96.12500,961250000
283.26741393475174,431.10766106056286,96.38750,963875000
320.6747597729827,438.67514919118213,96.60880,966088000
295.38570141541913,452.7922387164823,96.84580,968458000
295.69699394104947,478.83811196521697,97.10220,971022000
465.3551049639838,451.42116829558853,97.33730,973373000
539.4763977779182,408.4902478084401,97.59060,975906000
658.5371475318044,482.73035487391587,97.80360,978036000
740.643913414081,540.3054956749628,98.01850,980185000
716.592603018071,551.7222492948105,98.24080,982408000
686.7462499491188,531.1342350596836,98.47010,984701000
635.7139402265661,542.5244383342639,98.73220,987322000
637.7338455934879,572.2471878186,98.95250,989525000
584.924389508939,570.6479867545308,99.22540,992254000
539.9399691704493,614.0390827901541,99.45080,994508000
494.6397240599854,552.4749499322511,99.67630,996763000
470.325542121897,532.2465187147734,99.89610,998961000
537.8524353948819,513.9016586600659,100.12670,1001267000
555.9822177347634,476.355713239926,100.34420,1003442000
500.15972810247484,415.20292194696583,100.59720,1005972000
509.15665090484316,402.35409913910695,100.87120,1008712000
532.3756369882972,422.04036165491937,101.09510,1010951000
426.1009619510544,455.4543420823592,101.31760,1013176000
342.7741844181488,469.05420248239807,101.57420,1015742000
315.048007260505,488.36284156783296,101.79250,1017925000
334.4225828190703,501.2380767322167,102.00770,1020077000
555.875083994063,572.9449813480625,102.23170,1022317000
576.6847941742215,551.3139503873019,102.45170,1024517000
498.75880696837555,535.0327346294491,102.66430,1026643000
571.6072522121176,501.13108742257873,102.88430,1028843000
620.3484193819152,426.23677494859294,103.09780,1030978000
642.7069442695384,382.3206686252266,103.31230,1033123000
651.2067191738945,340.07706551134265,103.52250,1035225000
640.5414670170569,303.193724531084,103.77450,1037745000
591.0016842452734,335.15481930293254,103.99520,1039952000
592.3899375916304,360.216425394744,104.23090,1042309000
432.6836441468711,400.20094573518674,104.44740,1044474000
420.0532078508432,461.6162561037784,104.66320,1046632000
502.2349335717366,462.68946470978904,104.87710,1048771000
636.8652160969806,498.5579530178548,105.09190,1050919000
822.4669121520776,534.8096836972977,105.30600,1053060000
952.7290983097714,536.6122437867367,105.51800,1055180000
783.9252301161958,586.9655364330573,105.73090,1057309000
716.1372942931739,641.1274941049213,105.94490,1059449000
800.309510008147,682.4548423874222,106.16310,1061631000
713.1394603488758,662.806168306274,106.37700,1063770000
575.8667182120796,691.7969186436741,106.59010,1065901000
482.87159887841784,712.1447243924763,106.80720,1068072000
539.299093719556,748.8052644331931,107.02040,1070204000
494.4838046708031,785.9975990053764,107.24230,1072423000
408.48000088261733,806.6262611816968,107.46350,1074635000
342.38520133708033,787.2913645275844,107.68420,1076842000
267.10209211696156,720.4566358796333,107.90120,1079012000
252.13617707389366,609.278587303021,108.11620,1081162000
245.14087385970728,549.7828246830694,108.32940,1083294000
258.5990707034544,493.0059945646497,108.54860,1085486000
273.7427477274907,461.3223887473715,108.77210,1087721000
248.96297647020032,487.19479778346,109.00020,1090002000
240.0609340027848,499.2894844105285,109.21950,1092195000
184.80452100370175,549.0425412281845,109.43070,1094307000
291.2135864303922,572.9753625986045,109.64100,1096410000
490.12627758022154,584.8776354860654,109.86150,1098615000
495.3585241799045,528.7607226446115,110.08110,1100811000
525.9204184954218,485.8135228883856,110.29620,1102962000
549.8423618603546,445.09873767651294,110.52040,1105204000
665.0938819541152,459.7614565529092,110.74600,1107460000
706.9708587325679,552.3399445866415,110.97570,1109757000
810.2994187008745,583.947135621162,111.19090,1111909000
727.3671540513604,516.9390331255786,111.41350,1114135000
662.1923864095952,525.8091363573689,111.64400,1116440000
574.8148658073861,500.2118078427198,111.87360,1118736000
515.6894407728968,486.46231515937575,112.08570,1120857000
522.8692521805558,435.82121261764826,112.29520,1122952000
493.69751788635403,383.5415502791576,112.51020,1125102000
448.5156819800952,367.25983576237593,112.72650,1127265000
348.7416413409886,375.96090804503774,112.93630,1129363000
379.28754664546636,393.0280565735016,113.14660,1131466000
365.52299873832726,412.8186987718584,113.36800,1133680000
309.1649988866408,419.47211437392247,113.58390,1135839000
221.9969343551438,441.15483512775603,113.81270,1138127000
317.0861193450287,492.9479719434786,114.02180,1140218000
354.6002782028223,537.9812642757337,114.23450,1142345000
353.81212092562475,569.5927715544957,114.45330,1144533000
370.88404314509745,569.5410474243962,114.68500,1146850000
321.1207548170507,536.7745660543724,114.89730,1148973000
282.4686375806176,539.2919124302981,115.11530,1151153000
250.40257509803595,495.6462839286141,115.33640,1153364000
255.31379341962028,489.25677583199865,115.55020,1155502000
275.73976280802646,479.00172598461484,115.76880,1157688000
283.6026776520115,446.70195334224024,115.99090,1159909000
488.28692383963397,539.7502142979766,116.21260,1162126000
483.90977349375424,599.8198169867611,116.44440,1164444000
416.8145442692075,638.7862406941473,116.67220,1166722000
371.7739034169401,678.2919072683027,116.90490,1169049000
338.86699767374694,661.0639346186338,117.12670,1171267000
372.13606892379346,691.3156414593046,117.35210,1173521000
352.0298955319,681.1980574049944,117.59580,1175958000
395.82875682318166,595.9579631594834,117.83610,1178361000
408.98284697399873,545.2254661931,118.05770,1180577000
467.2802564576519,492.52953553798557,118.29570,1182957000
465.9228263006658,496.84768107810925,118.51260,1185126000
412.9680209205611,522.3744565589933,118.74410,1187441000
443.3467556439269,525.2931797383133,118.96040,1189604000
397.2580736334873,547.3507787799905,119.17810,1191781000
380.42763046637594,578.1891426470264,119.40070,1194007000
433.58431342118024,583.5776709341376,119.61490,1196149000
397.5672610508333,576.4769125401612,119.83230,1198323000
363.03370691029005,608.199140441831,120.04810,1200481000
334.11299544474247,589.8835392870662,120.26310,1202631000
342.9760327945248,624.0654760259044,120.47970,1204797000
535.091136060061,633.4184692436538,120.69470,1206947000
624.3411446852248,656.2087049707362,120.91480,1209148000
690.5633483788315,662.3893146963001,121.13710,1211371000
713.3198320857787,656.0318415545313,121.34580,1213458000
695.9493556854914,595.6378792091712,121.55760,1215576000
714.3473682858026,512.3495670106154,121.78580,1217858000
701.2367097587901,495.542963021372,122.00900,1220090000
642.3935609034645,445.2664299942987,122.24480,1222448000
548.7446273006236,416.81684724020397,122.46000,1224600000
463.49076517760636,396.78068547490267,122.68320,1226832000
441.80108068593796,361.7807122273982,122.90820,1229082000
467.61693746756043,330.7796149902655,123.14310,1231431000
438.8559628672124,322.51062212927707,123.41310,1234131000
389.8941561515262,297.83370526300297,123.64860,1236486000
491.01691137134014,375.39815736810647,123.92200,1239220000
601.212090985227,282.37714812358564,124.19880,1241988000
702.672046303353,229.26137586152748,124.41920,1244192000
900.5486806487747,232.4546439602624,124.66420,1246642000
994.4087516041346,200.83926722216245,124.92270,1249227000
794.3996445103323,195.6836013880557,125.15710,1251571000
617.6711980082073,227.0711388004865,125.41010,1254101000
482.6702431213722,208.0917883406428,125.66060,1256606000
550.8457601501855,189.92072239411158,125.87710,1258771000
633.1641416011693,178.30931969700669,126.10180,1261018000
754.1380310963268,159.27131703936027,126.37690,1263769000
973.6100545536807,174.70935366989383,126.63410,1266341000
1063.0419831830886,314.8145321776691,126.87740,1268774000
888.3064155735906,414.6080323945579,127.16500,1271650000
851.0848211956802,534.9120457606595,127.38270,1273827000
949.575106928464,634.5369739675168,127.60710,1276071000
1083.2736182305607,516.8593274825395,127.83140,1278314000
1239.4149332638037,522.0296376406899,128.04830,1280483000
1319.618723133437,624.2479624900524,128.26550,1282655000
1174.1985399744483,570.3259403393087,128.48880,1284888000
990.7765998950642,442.49782943814245,128.70340,1287034000
755.0072781126524,394.65499521887784,128.90960,1289096000
632.2578200680448,393.493848611193,129.11850,1291185000
486.2711805849917,380.1805475870159,129.33360,1293336000
514.08646886074,320.2837351654467,129.55340,1295534000
553.8613119114582,288.4041946753201,129.76840,1297684000
622.9130919872209,260.2691328519526,129.97980,1299798000
726.0518557394413,204.4321906747203,130.19100,1301910000
932.5343324308624,200.58157884999412,130.42270,1304227000
997.5874009657338,172.9534345411302,130.64820,1306482000
1121.830540043268,156.41300297331648,130.86590,1308659000
1005.5321218997199,127.92608351398773,131.09450,1310945000
865.40463281562,162.45566330487534,131.31830,1313183000
943.6242595462213,224.48864179505688,131.54840,1315484000
774.7106717760921,247.68191686751953,131.77120,1317712000
731.9969635008028,215.88889436176663,131.98850,1319885000
730.5073555900146,257.3077890403651,132.20260,1322026000
696.1946335884604,266.51274905113934,132.46870,1324687000
516.1437321027598,234.2191830036537,132.69600,1326960000
497.7702071265745,197.16599280778954,132.94800,1329480000
485.53749591671084,227.34641546735511,133.17330,1331733000
441.96715689290744,262.1508316908803,133.39690,1333969000
358.97957870216186,220.95475604115654,133.61240,1336124000
292.6001648288608,213.9977035487173,133.83300,1338330000
327.7444080287291,187.97132422950224,134.04580,1340458000
463.43810973903476,164.1275335605878,134.26100,1342610000
674.0455771570615,152.46863661134705,134.47550,1344755000
820.6013232518463,268.4483273346783,134.69000,1346900000
957.4072346858503,392.46566136203313,134.91270,1349127000
926.0310808638866,358.9172548656157,135.14030,1351403000
890.9031729751399,294.6991733778658,135.35660,1353566000
856.6978761092023,260.3920525725972,135.56670,1355667000
842.1443247423973,204.2148114755404,135.77930,1357793000
795.9443362780075,223.55131180104422,135.99780,1359978000
842.2794965053997,261.9534980889612,136.21160,1362116000
797.1629009438893,195.94758980349536,136.43020,1364302000
786.7011983533216,153.5208017970793,136.65050,1366505000
898.2821013806763,155.0541301621031,136.89060,1368906000
994.5048169111885,274.094776477888,137.11240,1371124000
1050.6874294874085,427.3355496585178,137.33360,1373336000
1150.557190182302,366.39072748124624,137.55410,1375541000
984.8300472945521,371.3926302732132,137.77140,1377714000
757.3632778108164,335.8512414845513,137.98650,1379865000
597.433720843954,335.6588492374571,138.21180,1382118000
459.4541578490449,333.9128543590599,138.42920,1384292000
455.23897723350836,275.74589345763934,138.64670,1386467000
426.8138958829124,222.61739952975637,138.86110,1388611000
378.7179585187588,195.515118440994,139.07860,1390786000
513.7479274390548,294.21537812463583,139.30900,1393090000
556.8708862328286,373.43620552296437,139.52440,1395244000
476.64209193779135,336.29921202456535,139.74710,1397471000
428.94585411119004,316.4713208940458,139.96410,1399641000
370.5700652115468,316.6787716228292,140.18040,1401804000
289.43847963533364,321.27830174893313,140.39240,1403924000
413.8300157769726,291.1777032400561,140.61200,1406120000
605.4427839268853,241.22309154212005,140.82770,1408277000
557.5357380734026,246.13398736530291,141.03950,1410395000
525.2829067722273,191.9673195914549,141.25620,1412562000
719.7109376949136,175.79884403224384,141.47630,1414763000
777.4764758881751,127.5536416762503,141.69170,1416917000
795.1117568396697,100.22743358819794,141.90850,1419085000
726.881843665605,65.34040270260736,142.12770,1421277000
752.9367051519135,56.345894432767054,142.34640,1423464000
894.8684615827241,234.7473530736174,142.56580,1425658000
939.6436477405482,311.5310278099125,142.78380,1427838000
792.6934244937345,288.874105552526,143.00510,1430051000
906.1083450344607,299.8898121034984,143.22120,1432212000
985.4032494077447,292.60885002613816,143.44420,1434442000
1012.4863356826258,276.8763953391454,143.68110,1436811000
1145.0363099176407,216.3489887796925,143.90000,1439000000
1276.276703093241,165.54658809192094,144.11330,1441133000
1235.3805936328909,289.5466521916377,144.32520,1443252000
1268.1681964921456,412.4378965084535,144.55120,1445512000
1260.8820439230549,367.20954376697676,144.77670,1447767000
1234.9215820471045,294.397250764385,144.98880,1449888000
1095.7967531449503,291.2162477429631,145.20580,1452058000
858.1156260357967,262.87726183086556,145.41940,1454194000
785.4791375050838,245.95935020365354,145.64690,1456469000
632.103268915075,210.72537496003574,145.86440,1458644000
455.2257964993546,182.92547962422424,146.07370,1460737000
347.43436648896056,157.504218898984,146.28850,1462885000
605.82362089818,102.74170160996697,146.50360,1465036000
724.0333885004486,96.801271941836,146.72170,1467217000
800.832817951955,258.4126632208005,146.94200,1469420000
912.9557348394676,267.24191450084675,147.15660,1471566000
1032.4888617896843,216.17090919186606,147.37680,1473768000
860.7695290418694,218.87250543277744,147.59760,1475976000
690.8072592288016,262.0184684935283,147.81600,1478160000
633.435785940339,270.1386997021827,148.03900,1480390000
599.0991316903496,229.43765203720113,148.25180,1482518000
499.10620069868287,206.88554005201257,148.47850,1484785000
387.13576321252367,225.17043690368425,148.69190,1486919000
349.6933172616722,202.12295747587942,148.91120,1489112000
300.9413935320552,212.9264804871378,149.12850,1491285000
413.2710941975366,185.10342986691498,149.36950,1493695000
569.1068155177154,156.39091853733385,149.58260,1495826000
736.4383859380074,146.47307827873894,149.80340,1498034000
913.3790242662609,317.81215179635626,150.01630,1500163000
1092.0477356529602,469.7225571305128,150.24130,1502413000
1149.0111100165252,410.477487170297,150.45170,1504517000
1028.3752953825515,412.3532645573819,150.68540,1506854000
805.9326506773783,411.30647189628144,150.91980,1509198000
655.0842379593264,417.5656632627327,151.14340,1511434000
584.4491943042044,387.21252929307536,151.35510,1513551000
472.00999568829553,396.84765716124036,151.57230,1515723000
606.4589089718854,454.3374341256,151.77980,1517798000
616.9009446507145,421.88660925308625,151.98700,1519870000
642.7269443756285,389.6247710562239,152.20080,1522008000
642.1884362898443,392.36957168951983,152.41120,1524112000
565.7316824224481,371.3890432713568,152.62680,1526268000
421.503465299184,360.59680114220146,152.84660,1528466000
398.31999740009593,342.8984502594873,153.06130,1530613000
362.687527122232,360.8478277324955,153.27530,1532753000
344.53084832709374,353.0865566245158,153.48700,1534870000
417.16462836403065,325.963396465066,153.70780,1537078000
574.0381376273848,308.6624633937301,153.92540,1539254000
669.6328876303128,353.2614816798255,154.13460,1541346000
750.2579461898569,308.81410247184067,154.35720,1543572000
880.5763657203606,330.1635348720176,154.57670,1545767000
1022.0683740930639,262.156618566615,154.78770,1547877000
814.9222834190864,209.84508129234592,155.01240,1550124000
697.6858522361518,273.5368331452639,155.22900,1552290000
803.8009433960904,271.89086037671996,155.45020,1554502000
766.3182631911377,286.3357412133423,155.68210,1556821000
689.2415986556196,354.95390517910766,155.90880,1559088000
549.3108795357505,396.26741188767693,156.13230,1561323000
493.4833967421898,400.6065592418609,156.34950,1563495000
444.69183470415385,369.2941794540111,156.57170,1565717000
385.1203970853349,342.3770674383782,156.78990,1567899000
464.0535397562687,293.49583912616333,157.01140,1570114000
517.7500702473869,301.0840210052201,157.23830,1572383000
538.085876131255,335.00390671250625,157.46540,1574654000
472.81541447428367,388.4447646247794,157.68680,1576868000
445.52172647060775,458.34911704927714,157.90370,1579037000
443.43462819283616,551.8320790363117,158.12200,1581220000
497.29826637235766,584.5017579624537,158.34160,1583416000
519.9805755957166,577.8122824775536,158.56790,1585679000
512.6624969259716,532.9026768668524,158.78510,1587851000
520.2330666730869,457.95840354293586,159.01370,1590137000
613.6177287254403,382.21367299195737,159.23590,1592359000
622.2544411863616,335.03767023718626,159.44810,1594481000
565.917678044944,325.73988001131454,159.66890,1596689000
588.9798427404645,301.0959636274563,159.88390,1598839000
611.8904602852019,305.9465780325375,160.10600,1601060000
581.7290203660175,319.7991977189819,160.31870,1603187000
525.0141668006545,293.56524462389115,160.53460,1605346000
541.1305771288293,266.03081075877134,160.74850,1607485000
448.73622265745814,255.21201994118582,160.96960,1609696000
595.8536340065193,379.5228556888932,161.18300,1611830000
618.3144020745654,382.0439214573382,161.39980,1613998000
609.2499109834503,366.63769145686166,161.61910,1616191000
623.6617577803206,330.3123020459023,161.88070,1618807000
643.1816005640906,328.3959223113269,162.12670,1621267000
831.5534778077005,304.3141163398735,162.34240,1623424000
960.700225882704,268.44112411879667,162.56100,1625610000
1030.4662227423853,352.9848273301585,162.82110,1628211000
1218.058642017073,371.5844174359233,163.08430,1630843000
1398.450399643376,338.799769324818,163.35040,1633504000
1440.6424904616133,431.68508396280055,163.63570,1636357000
1440.2431962266244,465.8613909724656,163.85480,1638548000
1423.55834036072,418.4640439022668,164.07130,1640713000
1534.7268423175574,362.1069641953292,164.29470,1642947000
1611.5804494371532,287.1891527209884,164.57190,1645719000
1480.376099735891,345.1880758736139,164.79060,1647906000
1321.0356305752634,332.3664477992681,165.02050,1650205000
1058.6908356108815,265.46550330211716,165.27200,1652720000
824.129176495803,217.93947004533362,165.49780,1654978000
810.6429471752258,202.60524460923813,165.71080,1657108000
861.5527759944109,176.4766019693276,165.92500,1659250000
900.3943386153488,148.44390182977577,166.14220,1661422000
898.371928636506,158.9716635260655,166.40580,1664058000
849.022024599479,149.03303799013466,166.66900,1666690000
844.5830806102961,162.52100662054474,166.88300,1668830000
744.4821914052484,179.59435820072304,167.12590,1671259000
616.3172296589947,240.84703583269436,167.38450,1673845000
555.6109811583248,348.08338379482365,167.65780,1676578000
634.685196572689,306.389161575448,167.87340,1678734000
766.2878377626082,316.6710182615392,168.12310,1681231000
936.1452107224405,315.37618019442834,168.38430,1683843000
821.6850105633667,319.41849706916776,168.60560,1686056000
716.9390247373433,295.47627528530813,168.84570,1688457000
720.6092396544794,270.0665071600273,169.06210,1690621000
907.4536977298696,240.2820577499596,169.28530,1692853000
915.4460280373441,238.40480204931606,169.50650,1695065000
749.9541230051758,254.7127420215154,169.72600,1697260000
624.5372729325634,216.27309894708137,169.94420,1699442000
670.2575599698936,290.3237456542885,170.15780,1701578000
597.2044067074206,333.15807990649864,170.38030,1703803000
452.0192095718091,369.27775505392884,170.59130,1705913000
411.3418536741819,344.6091654020717,170.81190,1708119000
483.2434862212229,324.892188190501,171.02720,1710272000
418.37412235567155,341.97889669696616,171.23980,1712398000
391.0119480435724,319.6412178342291,171.46100,1714610000
348.2940093318873,310.16115839361504,171.67480,1716748000
586.1017230629227,329.8923606438537,171.88610,1718861000
824.9221742382163,325.44363746054876,172.10640,1721064000
917.901396097113,293.04292457096665,172.32220,1723222000
958.3749798682311,404.77640907970897,172.53950,1725395000
881.9169283744243,503.25703799019334,172.75480,1727548000
897.5510960240272,444.31464884791217,172.97510,1729751000
771.9119128601799,445.8961534660597,173.19420,1731942000
633.2082101133994,405.6365407833058,173.42140,1734214000
455.11321761891395,411.41539725622636,173.63950,1736395000
631.4818483561538,332.3727376985861,173.85470,1738547000
875.555943837269,288.7678797137144,174.07320,1740732000
905.22669864183,362.2848255999109,174.28190,1742819000
823.2174445485226,390.704135759948,174.50780,1745078000
623.7652111921886,425.37643840730834,174.74500,1747450000
532.6104592181103,457.54797322559216,174.96740,1749674000
561.1886082778017,423.73599166002793,175.17780,1751778000
560.3305610112341,407.24141638814734,175.38680,1753868000
453.3662360926205,365.94061284619715,175.60530,1756053000
364.9979291699346,357.8359703080153,175.82350,1758235000
405.69735665697783,334.18874959844646,176.04540,1760454000
579.8438945517877,482.42887983043215,176.26560,1762656000
658.248863374002,503.8561517964607,176.48120,1764812000
697.1235528497643,438.1330661985529,176.70240,1767024000
623.1173772473394,419.93195686387986,176.92660,1769266000
556.9022786781683,362.6475812724215,177.14180,1771418000
519.2799431721292,338.47244293626704,177.36440,1773644000
754.4827112159696,341.33083212782105,177.58110,1775811000
830.5870600714242,399.37315955892024,177.79750,1777975000
775.3858170081296,437.0976666706373,178.01320,1780132000
659.2769813214936,396.7508917006419,178.21950,1782195000
564.0847346145143,388.88250344353895,178.43650,1784365000
572.9935542606044,343.2089639567253,178.65550,1786555000
599.7620560503522,321.2774525645217,178.87450,1788745000
676.381738819093,271.5986771638935,179.09570,1790957000
673.0320247668602,265.3087513932182,179.32010,1793201000
660.7714128898716,284.2710349972341,179.54700,1795470000
753.6525270969821,447.5447133733963,179.77440,1797744000
892.5018990420479,560.4469647629712,179.99690,1799969000
878.8876092212697,514.0151340837564,180.22120,1802212000
848.2311035177406,486.23559392195074,180.45180,1804518000
828.7730822622703,488.4508649503016,180.67580,1806758000
757.2675981461383,511.99066864212045,180.89870,1808987000
573.8543221495132,478.9748118347628,181.10710,1811071000
446.1873582253717,447.13284869033,181.31800,1813180000
315.3627469731923,405.80860393224674,181.53110,1815311000
303.6799504536866,442.6452773735506,181.76230,1817623000
257.36027997398594,483.2874743517813,181.97620,1819762000
239.73315306541505,463.88368081565636,182.18850,1821885000
297.21978637862094,486.7139035926661,182.41150,1824115000
252.09407985153177,441.7163060055556,182.62510,1826251000
408.5358712096788,388.18277711569215,182.84330,1828433000
494.5038872915196,369.6024215730331,183.05940,1830594000
518.1717487556858,343.1322721361089,183.27310,1832731000
632.8966106747387,335.4903644598945,183.48910,1834891000
668.2928782750821,320.55727146944616,183.71230,1837123000
701.7888582144236,271.3223419969554,183.93250,1839325000
792.4336350873106,368.8479705326248,184.15160,1841516000
805.956924424489,376.6053571187056,184.37050,1843705000
768.5954268184908,366.28704990434693,184.58770,1845877000
775.5650512931147,296.7484047818825,184.81270,1848127000
831.3927671246737,263.41980894426695,185.03620,1850362000
852.0971914335505,249.72797069468106,185.25970,1852597000
822.7350584105934,242.36659444846978,185.47740,1854774000
753.7944319077803,249.00389166558963,185.69460,1856946000
693.4967511355064,269.2492965654459,185.90730,1859073000
588.6171582500649,262.7701428032091,186.12600,1861260000
586.9587415110459,253.99070164353319,186.34850,1863485000
598.3056321440899,327.54239666683736,186.57210,1865721000
709.900060698523,318.80451050731074,186.79250,1867925000
847.8566475366495,273.8329146602368,187.00990,1870099000
982.0309034952895,252.22066115834872,187.22690,1872269000
1104.9924483080483,234.53622441371164,187.44270,1874427000
1280.7090569180639,178.61588309246204,187.66930,1876693000
1255.7119736244576,160.52429264821146,187.88000,1878800000
1217.6929527902626,257.0563753794791,188.09890,1880989000
1282.2780228153538,264.1991139960151,188.32570,1883257000
1287.5712238761064,264.64202717405755,188.54550,1885455000
1306.488441452956,267.14057771148424,188.76690,1887669000
1386.8912266628352,258.8515546852518,188.98400,1889840000
1135.18621274342,311.7855919348499,189.20890,1892089000
1027.8326493147486,290.26109090172537,189.42460,1894246000
958.9397587686323,243.28757582325488,189.64000,1896400000
917.7357536372975,194.03062005017335,189.85170,1898517000
1020.2923942932374,128.2506823721229,190.07640,1900764000
1087.5091363879249,174.0369636597795,190.29060,1902906000
1077.2049451068929,169.81250753636837,190.50650,1905065000
852.3812148634897,135.58709877148678,190.72460,1907246000
714.7526013300934,156.385369110648,190.93990,1909399000
638.3268292710153,92.74487450475115,191.15500,1911550000
609.9448046680792,107.25635694050034,191.36940,1913694000
787.2376506662725,108.28177730821056,191.57920,1915792000
869.6376383559881,28.494433751758365,191.79300,1917930000
955.2167444995846,226.85146746191015,192.00750,1920075000
1032.9529942553338,242.24767460536856,192.22070,1922207000
999.97439160381,265.6595941302915,192.43980,1924398000
961.5539622221178,274.6450650630281,192.64810,1926481000
805.3369707748125,353.64078339632044,192.87810,1928781000
677.8604218543434,398.81369122379573,193.10090,1931009000
612.1139485767906,456.01060256048424,193.31080,1933108000
528.7152828803336,508.6725896688106,193.53010,1935301000
492.86301037841145,478.7132841171081,193.76360,1937636000
511.5190641889832,469.76826299552494,193.98250,1939825000
467.45795449985326,513.2844324280193,194.20330,1942033000
403.2978260581717,544.9147066382418,194.41760,1944176000
316.70865221589315,616.0304820309856,194.63970,1946397000
305.74465300053095,552.2830506291808,194.85810,1948581000
296.24631221237337,558.9321529960075,195.07530,1950753000
316.68754304909885,524.704364796316,195.29190,1952919000
456.7738178434548,422.4070003101758,195.52830,1955283000
517.0013984284232,328.5217813591281,195.75180,1957518000
592.3375989421677,285.5326715547757,195.97330,1959733000
680.4958070057137,267.3611561027749,196.19120,1961912000
777.867873601221,393.1376196726552,196.41000,1964100000
731.8997502790367,398.02425195517753,196.62000,1966200000
656.8650587730376,364.35439144769066,196.84150,1968415000
560.6433458516933,341.5152346717927,197.06130,1970613000
485.0182675679755,311.4370020257972,197.32650,1973265000
413.2642778991656,295.1317036167801,197.54430,1975443000
367.44499305295085,275.46723348272144,197.76310,1977631000
469.45339694708247,367.66823209229676,198.00380,1980038000
438.3733151274251,344.1400657866895,198.22600,1982260000
433.2910525180107,309.43647600102344,198.44230,1984423000
408.5571531790766,303.62828990618056,198.67180,1986718000
431.9138560246858,332.11043197238865,198.89480,1988948000
388.8187899277387,302.57862338940237,199.11540,1991154000
323.4319766449154,310.5600107004283,199.33550,1993355000
491.48154032527395,268.9934793099242,199.55370,1995537000
726.4257005617201,386.6123991381591,199.77230,1997723000
900.9262418563803,358.05717418813435,199.99010,1999901000
1123.5828912891302,316.9497291151572,200.20650,2002065000
1183.1454597325528,274.4635115907135,200.42820,2004282000
1156.313884149681,255.65198588137363,200.64840,2006484000
1055.9747546754215,243.76908015064086,200.87070,2008707000
1005.70972025792,237.16276914403414,201.12700,2011270000
825.73082104058,246.06306841780764,201.33960,2013396000
772.8422327818769,248.712278274948,201.54800,2015480000
784.9053986188171,206.73267076375635,201.80260,2018026000
725.2808964141796,184.49320342586105,202.04450,2020445000
783.5967751174763,173.10764984149202,202.26410,2022641000
864.0008131995828,320.0600511303377,202.52720,2025272000
824.7799101190836,287.2540207783323,202.74550,2027455000
712.2658118470071,342.3458906039167,202.98650,2029865000
597.662148809129,373.19111301518006,203.23970,2032397000
475.09081705385285,396.9697736394875,203.45330,2034533000
501.30799734083405,357.8975056730499,203.67160,2036716000
454.02548530722567,366.279716810208,203.94770,2039477000
503.2351678621801,355.22268268001653,204.16500,2041650000
447.81953018646726,387.048504821101,204.38390,2043839000
435.7622378699066,411.6831537746595,204.61200,2046120000
478.3816040622786,404.62922607043964,204.86000,2048600000
431.89589755350613,383.98758120036007,205.07300,2050730000
449.05568537668466,379.85428805357,205.31760,2053176000
466.6687667462856,377.4277227556476,205.52350,2055235000
533.7653652359281,371.8840854856208,205.73380,2057338000
594.2266290350456,415.08169495393366,205.98270,2059827000
548.5552970276959,423.68173587175295,206.24330,2062433000
718.9417351122027,562.5960183840562,206.47480,2064748000
770.8708410722254,490.3431196651273,206.71220,2067122000
812.4323593507393,432.3933342034779,206.92420,2069242000
909.9416975253833,362.11808324292235,207.19310,2071931000
843.8876426258489,343.80000046059035,207.45700,2074570000
642.4116193223233,369.2978542001487,207.66980,2076698000
543.0601049708537,354.98787538370823,207.89780,2078978000
480.4614983790606,356.4795352909721,208.14950,2081495000
630.9777654740344,290.9479222421243,208.41350,2084135000
702.4023527852067,249.18012609770298,208.64310,2086431000
628.4529821550943,224.96904650710528,208.86200,2088620000
553.2324796197623,231.58748135843186,209.08050,2090805000
549.8018595748931,227.3438567457345,209.30890,2093089000
552.8756905860132,207.40641151429864,209.54360,2095436000
761.0008102613588,232.56485094561117,209.77170,2097717000
942.6926692841039,220.7852134572376,209.99160,2099916000
1073.3593640910542,335.79877179261223,210.21240,2102124000
1199.5809966104098,384.86182681355024,210.43090,2104309000
1232.4079617309155,368.17045611875056,210.65330,2106533000
1311.9171197142778,332.60479279012344,210.87240,2108724000
1351.6477524112638,289.9170740289289,211.08400,2110840000
1414.6233646122844,267.3464195659477,211.30320,2113032000
1318.0067827547161,389.0762833800639,211.51910,2115191000
1159.0007532732643,341.44945871968497,211.74110,2117411000
1050.6805043377872,301.0630929226263,211.95470,2119547000
1037.2090614912547,286.18146079682936,212.16740,2121674000
963.1800382391202,268.3437674391009,212.37830,2123783000
916.5257488253363,221.50226136914756,212.60150,2126015000
819.8989779699002,246.28320775158053,212.82290,2128229000
817.8725736028182,226.6302660548478,213.03850,2130385000
586.0443917637947,273.5232249462085,213.25720,2132572000
684.1240615678139,242.9330506714824,213.48140,2134814000
831.8246544976982,266.4492611342853,213.70740,2137074000
1024.7825049833318,205.34449109529862,213.92610,2139261000
1234.5137130804196,190.64630612122377,214.14540,2141454000
1228.96154648604,269.8115309047399,214.37510,2143751000
1094.8053855698226,202.9792275896966,214.60160,2146016000
1082.3323680320777,217.5448271140133,214.82110,2148211000
867.4430264194561,257.99307692133056,215.04390,2150439000
776.7065873586358,281.07132353850307,215.26190,2152619000
670.2293248178788,309.8274367750148,215.47980,2154798000
647.831147565259,294.3813469047681,215.70250,2157025000
533.7796139286354,286.2478073391008,215.91980,2159198000
403.47233231652206,294.43073250728264,216.16860,2161686000
423.8988496875734,303.6270284468709,216.39550,2163955000
372.5152583692688,289.5244887680233,216.61460,2166146000
340.3176728939345,257.6238495102593,216.83040,2168304000
315.79566159330017,342.8249428518303,217.05810,2170581000
254.02965342486903,337.3460642245502,217.29580,2172958000
307.5522838032741,326.0473187216758,217.54080,2175408000
408.3299671917522,300.12182190220824,217.77130,2177713000
404.1445127031236,242.457447247091,217.99380,2179938000
519.697611182096,220.88829228974805,218.23280,2182328000
623.3164529853976,229.67499825618393,218.47490,2184749000
650.0054946669686,224.44356526709083,218.69550,2186955000
631.147814308743,225.0288128074073,218.91690,2189169000
806.1810489362994,394.09833284759367,219.14290,2191429000
845.5031380388779,362.6126389656424,219.38390,2193839000
714.1785317077733,355.80359692307843,219.61080,2196108000
628.35611411666,357.76504239469836,219.84000,2198400000
535.1827906567771,343.1703718673971,220.05800,2200580000
518.3347633946502,365.14567027547616,220.28100,2202810000
480.51950362120806,337.987397802274,220.50170,2205017000
446.64193597979585,337.6089852844776,220.72090,2207209000
414.14337010236954,385.44743866034827,220.93560,2209356000
295.92406756376204,403.12969113570546,221.16960,2211696000
300.02123245049927,447.7917168398637,221.37910,2213791000
311.3068471512006,488.01963332041765,221.59980,2215998000
264.93100845271704,520.2306629818821,221.81810,2218181000
329.2648378776548,545.9919554012747,222.03990,2220399000
431.5484490396738,588.5583152455572,222.26180,2222618000
447.80320198212485,581.4708397542416,222.47850,2224785000
455.17891121175796,565.3243496397414,222.68840,2226884000
447.7289548971998,536.0003270594239,222.91150,2229115000
431.31137562897624,487.9750712605969,223.13020,2231302000
398.5984230599071,426.89047170998174,223.35740,2233574000
287.9925125543558,350.4180957135553,223.56840,2235684000
260.6622087363039,288.32502663799977,223.78550,2237855000
247.5574847970934,240.10965548421282,223.99420,2239942000
491.1160195319701,322.70781052163346,224.21040,2242104000
609.3305783782163,303.0489137863964,224.42750,2244275000
717.8175341100115,215.24243869544813,224.63880,2246388000
753.5545144878045,182.16843006411747,224.84660,2248466000
659.4592099060926,172.01265859143254,225.06720,2250672000
612.9897558853334,212.3617719607089,225.32500,2253250000
547.0581350115002,208.48040862115337,225.54250,2255425000
642.1682004461321,223.49571805935227,225.75780,2257578000
720.3039601520472,198.655628845255,225.97430,2259743000
755.9805601416691,251.2276882415921,226.21230,2262123000
639.8612276346295,228.55324603684346,226.43010,2264301000
529.5693554893162,281.9116110890046,226.63980,2266398000
507.7782725596561,259.71952556936134,226.84860,2268486000
463.97271729933306,308.9466492301657,227.06290,2270629000
430.3979343797951,341.8625362946783,227.27620,2272762000
369.3823002366525,422.1133444107245,227.49220,2274922000
278.22785593695386,497.41999852501345,227.73340,2277334000
261.32811174994293,499.57297910345994,227.94590,2279459000
259.95663522312475,462.97701994911785,228.16720,2281672000
268.5721635984102,464.055994588193,228.38430,2283843000
373.59447867513916,429.6451376394207,228.62150,2286215000
479.5865807167289,429.7085426096586,228.83920,2288392000
479.80517913084816,525.0674813843749,229.05200,2290520000
414.68623380675234,434.06217376917715,229.32380,2293238000
377.4696829508178,452.17092443962133,229.56890,2295689000
329.66580764285675,461.2575163878179,229.78990,2297899000
307.507391317508,440.1648425300137,230.00580,2300058000
247.92025208395677,359.3227558923362,230.22870,2302287000
362.3981488962584,283.1031346038558,230.45000,2304500000
400.0091046469662,297.0066290752183,230.66690,2306669000
449.8140744880558,340.46837028661093,230.93890,2309389000
436.3210096452787,385.43664924615916,231.15690,2311569000
417.473411463327,398.23204364005187,231.38390,2313839000
408.37963189076703,466.5570656305673,231.60570,2316057000
462.4753548666837,408.88832874886964,231.82320,2318232000
496.70408041354216,398.736308462975,232.05590,2320559000
625.7074440708225,359.76608521984855,232.27550,2322755000
529.1695291997814,387.06419112695403,232.50770,2325077000
541.2474180356052,404.3578476383692,232.72650,2327265000
567.4679771424865,351.8687110693706,232.93960,2329396000
719.2955656841752,460.3907551303551,233.15510,2331551000
604.1710553068858,470.36811029991316,233.38220,2333822000
595.5806472037194,483.3586205112082,233.64700,2336470000
561.7910948471299,394.5018832369975,233.86680,2338668000
456.1571462303159,376.0698355371803,234.08550,2340855000
415.2805995334654,418.4140312326208,234.30300,2343030000
392.2866099062473,412.9510177643455,234.53580,2345358000
384.42840967256654,465.4848225927368,234.77320,2347732000
387.4286271094198,500.43176849317456,234.98890,2349889000
348.4391243059495,557.231919682468,235.20730,2352073000
318.17110646268713,586.6148943759833,235.43590,2354359000
530.5083466332712,509.7544152620744,235.66000,2356600000
701.9567096721732,437.148142860962,235.89580,2358958000
743.3760773372701,381.3231937285451,236.11410,2361141000
777.358145801534,348.41914804676577,236.33830,2363383000
831.9360569907999,363.3229335947154,236.56700,2365670000
880.2969505575943,384.90717911511825,236.78130,2367813000
873.6361830276534,444.6156087974438,236.99970,2369997000
917.4411210271629,495.59996300093707,237.20890,2372089000
990.5765505764748,434.1382181141382,237.43270,2374327000
1068.0769021189233,407.66943421643464,237.64780,2376478000
1094.2219271421325,307.9991677246461,237.86940,2378694000
930.0622429672832,303.5805033281169,238.09150,2380915000
779.5805958668739,289.095680161103,238.31540,2383154000
638.2298856482067,260.83852687910127,238.53950,2385395000
666.7907745075639,219.5298560292963,238.75870,2387587000
745.9208537169975,214.96377936123687,238.98570,2389857000
742.4349709791559,243.3334133247917,239.21340,2392134000
703.3767322949298,209.9019735333496,239.43550,2394355000
754.4102499055502,149.04396992137464,239.65500,2396550000
610.3809981530345,181.70524325851554,239.87480,2398748000
524.0361346393585,220.30864706469762,240.09440,2400944000
418.46386965842413,240.5287790936475,240.31480,2403148000
380.31503223134825,298.67454522990005,240.52700,2405270000
346.26887296688204,320.569940556833,240.74150,2407415000
275.8277200212586,310.372009048384,240.96720,2409672000
270.08571479770256,346.188976298922,241.17850,2411785000
258.84537396075456,353.4052908444566,241.39150,2413915000
262.40032255762924,341.30828986424865,241.61920,2416192000
270.19345146981505,348.7125853281717,241.83700,2418370000
357.3496743454237,438.50592372015393,242.05770,2420577000
323.1537739153914,454.9019210498702,242.27820,2422782000
415.02206628874325,383.4248273503867,242.50290,2425029000
433.9195872643765,309.80107843039457,242.71510,2427151000
620.930105479415,270.17166165994945,242.93350,2429335000
524.2495527205847,252.40174996319618,243.14900,2431490000
494.549118272687,226.81531582014688,243.36920,2433692000
493.8980652261968,267.44868164630617,243.58350,2435835000
480.7321946900983,305.1825842313551,243.81330,2438133000
553.9040636978924,257.85951805778933,244.03730,2440373000
692.160596868902,216.53032295683386,244.25280,2442528000
872.2596261780328,194.45377095385427,244.47900,2444790000
908.6332900499372,201.36808144148205,244.70250,2447025000
753.5949007371792,246.70721036019373,244.94520,2449452000
599.2142684761237,301.3323227217962,245.16460,2451646000
555.4239865196962,354.53190896356705,245.40820,2454082000
567.5183383644837,416.2922102891017,245.64680,2456468000
452.4065587151124,453.3952459984449,245.87230,2458723000
621.6130260024275,599.3248993909095,246.09310,2460931000
538.3533171404765,637.0086652003766,246.32600,2463260000
495.5303771025932,673.7758024824127,246.55050,2465505000
558.9824871778001,712.4530775753885,246.78120,2467812000
690.0675569906317,721.4236056974587,247.00260,2470026000
721.3539670365493,723.7566147571245,247.22410,2472241000
845.0986238363263,591.9468122900175,247.50630,2475063000
930.2276325681937,453.71499850596445,247.73770,2477377000
867.1894476424437,347.5820856302138,247.95390,2479539000
969.4525822822225,430.82960193919297,248.17690,2481769000
1029.2562277787165,480.0351557150609,248.39960,2483996000
927.638343698629,520.1163896366126,248.61570,2486157000
922.9491442999192,529.9356615435529,248.83840,2488384000
852.3302123519928,557.2686763954106,249.05680,2490568000
809.8386463061644,572.6850903800904,249.27480,2492748000
875.6969963802986,607.1581488710536,249.48230,2494823000
880.27676256565,635.9794751732029,249.70570,2497057000
909.5817597580212,601.7237141466071,249.92440,2499244000
933.7699683628018,536.3479945884656,250.14120,2501412000
1046.6582743396905,475.7169647094635,250.35800,2503580000
1021.9228483920101,468.253627876542,250.57820,2505782000
808.6100803649533,493.34736625290293,250.79400,2507940000
683.9917655671195,521.6998492989675,251.03470,2510347000
519.6251934402405,549.3274167496409,251.24640,2512464000
459.6717512243142,495.67249837938056,251.45410,2514541000
403.03482487575354,468.23546278904684,251.68020,2516802000
349.60896341314213,467.98167326389256,251.89830,2518983000
374.6059025021823,388.0948502184289,252.11700,2521170000
410.5116559776101,371.5011518020224,252.32810,2523281000
398.86992560528245,329.330224916445,252.55730,2525573000
388.9387845877116,287.8983289128918,252.77290,2527729000
415.4819689919737,287.5489039532719,252.98930,2529893000
454.4155952435821,337.11463428020045,253.22740,2532274000
437.05955317269047,319.0375530847931,253.44470,2534447000
585.7849833783717,250.6409261624474,253.65890,2536589000
861.7085200262818,227.80322254567974,253.88520,2538852000
908.5889514274476,228.43088197723668,254.11150,2541115000
869.1397524437015,221.57130544767264,254.34490,2543449000
872.6284063426174,322.1022720066681,254.55340,2545534000
824.4063539084243,337.34250370724874,254.77960,2547796000
663.2052624346343,283.3462066690798,254.99770,2549977000
549.9877791897784,294.8497739796628,255.21930,2552193000
472.2705804836677,318.78141266012307,255.43150,2554315000
386.23167529270745,332.0626917286394,255.65100,2556510000
290.6481723791744,371.43977853127006,255.86550,2558655000
251.7439935862271,413.1729750069071,256.08410,2560841000
223.49959238480898,424.63059888321135,256.30040,2563004000
290.2731776630123,379.43447046086374,256.51400,2565140000
381.2384602847639,314.1231920847213,256.73360,2567336000
497.70239517831794,254.95225218085014,256.95380,2569538000
595.1093394690375,282.2723947638225,257.17520,2571752000
528.1467632359286,322.77201533683717,257.39940,2573994000
498.4742174887901,382.14980588580994,257.61520,2576152000
740.4589256330815,471.41445567912336,257.83270,2578327000
826.4175613293443,444.262823243802,258.04220,2580422000
845.0642020163466,360.4915861027318,258.25430,2582543000
897.3114583240919,453.9628021972234,258.47110,2584711000
943.786500274873,552.6597124075614,258.68420,2586842000
961.8949220511505,571.7523288689359,258.90250,2589025000
1064.9863596771215,460.74498734274096,259.11310,2591131000
1153.0844699058973,365.15250018725874,259.33750,2593375000
983.4457642223929,359.5588726688562,259.55320,2595532000
937.71179458131,337.68074246274057,259.77110,2597711000
892.76454868499,300.5643361928416,259.98390,2599839000
950.9127982282212,236.56323519414784,260.20810,2602081000
930.1473927031977,232.8433172443635,260.42060,2604206000
811.5262293495459,255.79878671143513,260.64830,2606483000
752.1175604291701,238.2908326888097,260.87370,2608737000
798.551619128901,242.7150799107382,261.09040,2610904000
827.9210688008014,348.2948383317335,261.30570,2613057000
911.2846363399779,361.31438551104065,261.51970,2615197000
1118.4042822788142,302.5711603448606,261.73690,2617369000
1215.943539248195,233.48731732822264,261.94770,2619477000
1338.1646015345514,215.09795888907257,262.18710,2621871000
1155.3180656471982,336.4578712320962,262.43880,2624388000
948.7516899938892,392.1939594901065,262.65730,2626573000
759.6238148176726,461.05088935317457,262.87860,2628786000
685.778541453634,536.8319479369669,263.10290,2631029000
750.6187750268571,557.3779672821848,263.31340,2633134000
634.5292179207983,552.3158074390489,263.52350,2635235000
576.6223238404925,542.4057018468317,263.73870,2637387000
596.8919290686035,464.82957513894206,263.95020,2639502000
646.9994418764987,393.9046916211779,264.17050,2641705000
736.5704612403651,465.31611384993437,264.38210,2643821000
706.7262219675439,460.60653822686277,264.63870,2646387000
672.1663872748957,435.9221424313703,264.85210,2648521000
566.5030161631785,477.64644041607204,265.06590,2650659000
489.5670267943922,510.60312438058116,265.28080,2652808000
467.94615305505994,564.9594871305536,265.50050,2655005000
614.5968282118863,613.2254648004343,265.71900,2657190000
665.6469765594823,538.3042817778266,265.94220,2659422000
729.7649330948495,482.4466147797157,266.16790,2661679000
748.0316026370499,354.38865478408866,266.37900,2663790000
678.6595419207995,323.3119392478466,266.59010,2665901000
605.8821535071398,294.09146544539914,266.80800,2668080000
588.9304371476247,306.1275378831008,267.01740,2670174000
542.4258988228423,309.628836478752,267.22990,2672299000
635.5389370026153,266.0046041112432,267.45520,2674552000
726.2306573556049,225.91606849301695,267.67100,2676710000
791.0217830364113,315.46543607203796,267.88030,2678803000
876.230583290372,311.6788264038008,268.10390,2681039000
952.8059945456846,283.96842840516206,268.36570,2683657000
1045.042335611763,240.33854101758178,268.58990,2685899000
1258.4386700292432,239.30161803504578,268.80520,2688052000
1427.34470729145,217.48208637415618,269.02090,2690209000
1563.1907754725437,226.9801972967801,269.24320,2692432000
1305.2236558292386,312.20829312210606,269.46500,2694650000
1077.542115947048,369.5559911914345,269.68650,2696865000
1002.216340334919,417.81723181778506,269.90890,2699089000
948.663547143697,491.48187046152987,270.12880,2701288000
913.3226137012039,634.8150400924914,270.35100,2703510000
1058.8011614788863,609.770881316354,270.57710,2705771000
1172.7209509625882,566.8115446183562,270.79220,2707922000
1185.0288274242928,517.9055161692963,271.03010,2710301000
1170.87668447918,457.91126943731246,271.25030,2712503000
1118.1548379240649,447.2708433041148,271.46870,2714687000
986.8958670772795,442.62528265920605,271.68680,2716868000
884.2375847982723,468.38919627763676,271.90560,2719056000
710.5659453962073,465.0985146388945,272.13070,2721307000
566.9807834687656,505.739372909025,272.34900,2723490000
427.33848493739345,504.51863291752426,272.57330,2725733000
348.8854050124234,464.43357725929894,272.79220,2727922000
312.45560959140266,412.65811452078333,273.01160,2730116000
282.732248241524,387.06087348813827,273.22090,2732209000
241.01615259212753,374.37181893333843,273.44190,2734419000
389.9429608239758,473.9704879576516,273.65130,2736513000
553.4553724817988,485.31588873191487,273.88530,2738853000
652.7915636462736,447.50410815221073,274.11650,2741165000
732.2616149714287,459.6711182437276,274.34560,2743456000
646.8572439862004,414.8296164420751,274.56490,2745649000
708.368108277048,471.5458217521295,274.78270,2747827000
829.1074946191892,433.7402590231975,275.01020,2750102000
892.7685821912229,374.4668842750789,275.22760,2752276000
998.5286923867948,361.51225168904,275.44750,2754475000
1075.155688557679,405.3836439653008,275.67080,2756708000
1244.412420432049,352.0743290482045,275.89360,2758936000
1349.272822684783,296.617546054736,276.11490,2761149000
1389.5499426510528,240.97312615402097,276.34530,2763453000
1424.8414055728715,340.8711792479511,276.58120,2765812000
1397.3299926011712,310.8659352895511,276.81280,2768128000
1413.3282618856322,287.17420891203585,277.05510,2770551000
1344.8578003460043,347.53694203834095,277.27440,2772744000
1253.0630478707449,374.6586880571321,277.49560,2774956000
1078.4585276739062,350.8585747614484,277.71110,2777111000
1158.4592658536178,314.4585715705601,277.92860,2779286000
1115.6778013413846,261.0161705163197,278.15000,2781500000
1122.3286354319143,389.4728427212853,278.36060,2783606000
1156.4905195774545,466.6029470766168,278.58870,2785887000
1123.213275753523,486.71751971259295,278.81010,2788101000
1189.9975580131322,442.28576665491545,279.02540,2790254000
1176.4600380149125,542.1392275409859,279.24240,2792424000
1202.2971858706112,594.8139095337806,279.46140,2794614000
1178.1739552751358,592.2439453471803,279.67540,2796754000
1262.9879056132402,530.9586525250877,279.88740,2798874000
1321.308319632934,622.5873548825252,280.10490,2801049000
1357.0055320229549,683.623184002412,280.32230,2803223000
1364.3478270111023,616.7731017486673,280.54310,2805431000
1397.3241634504336,540.2783354204028,280.75480,2807548000
1385.0937005029864,432.59570871654427,280.97150,2809715000
1452.2647959943677,341.02435524718294,281.18390,2811839000
1279.9929434255876,261.83608178211864,281.39430,2813943000
1125.5388537943113,215.3909149567258,281.61110,2816111000
1019.4048160454455,293.9702872729979,281.83670,2818367000
973.3649239950067,369.0926005458714,282.10440,2821044000
875.3092258892175,320.75736485854844,282.33280,2823328000
867.9357775619143,359.2884879605338,282.55220,2825522000
751.2266054235027,368.22574539950267,282.77700,2827770000
764.9036392508833,346.4445536175075,283.00010,2830001000
678.6693993714457,322.9320988019408,283.22240,2832224000
646.6420310009439,259.54519296589206,283.44650,2834465000
549.9170630408976,243.70907858645668,283.67340,2836734000
426.1528074488446,277.8709873187809,283.89640,2838964000
488.04779410947634,265.016537982123,284.14350,2841435000
504.261351093453,378.32334389534253,284.37020,2843702000
512.2039745848141,299.79487394816124,284.59810,2845981000
542.1595403537705,309.9929485990517,284.82950,2848295000
463.1353393657595,328.5296793096578,285.05850,2850585000
363.4790263480371,331.92972315033194,285.30330,2853033000
368.7101271492416,402.20589577208625,285.53280,2855328000
323.21755289094096,403.4046262514166,285.75280,2857528000
322.299875021177,386.3340898766672,285.97890,2859789000
330.16599447552215,342.39990575312,286.19990,2861999000
299.3781946107026,334.7205903699904,286.44310,2864431000
434.00276761647484,306.88726102246886,286.68550,2866855000
563.0447064543454,288.98577981553257,286.94680,2869468000
709.2365654814856,240.43781690713138,287.16330,2871633000
822.7877698580581,343.74842100524666,287.41070,2874107000
993.3261244405644,358.03299213280695,287.63660,2876366000
1050.5896204796768,339.9297872492164,287.87030,2878703000
919.4770044060002,365.5661643771405,288.13610,2881361000
894.3231052788776,336.91396634381726,288.34730,2883473000
816.5379974503869,271.3918234742308,288.57200,2885720000
761.2696799081066,252.5743078083386,288.78930,2887893000
641.5931143004307,262.7939804634004,288.99950,2889995000
566.9598100562478,238.17716279757974,289.21090,2892109000
564.3294741261437,245.09125796482076,289.42000,2894200000
560.8026800091174,235.64539741924622,289.62880,2896288000
468.1796119297812,257.5392927565758,289.84390,2898439000
412.0415457847839,290.92193120932615,290.06950,2900695000
347.0646658973563,390.88199826930827,290.29240,2902924000
302.48781955280504,395.5350308559207,290.53610,2905361000
436.99246458726253,493.13166215200926,290.75970,2907597000
525.6950027146552,412.40532734504393,290.97950,2909795000
605.2254695607552,401.9469936973739,291.19250,2911925000
689.1002223270464,367.2080682268577,291.41150,2914115000
859.6308305932195,327.1131229041417,291.62710,2916271000
955.0235636491377,266.43613945227617,291.84360,2918436000
968.1036007284966,344.1696372087922,292.05240,2920524000
1034.1805799023334,407.8113481952856,292.27230,2922723000
1046.0199959807787,429.4044553548883,292.48540,2924854000
995.739077443432,457.89218017075683,292.69930,2926993000
952.1942580400379,463.7787303489887,292.91460,2929146000
796.6352138762207,484.97958510891976,293.13150,2931315000
655.460462775084,477.46515539050034,293.35040,2933504000
575.5338608783326,451.4222612505501,293.57740,2935774000
506.7530214328362,416.80264996449876,293.79080,2937908000
390.2290401805111,379.1831036061316,294.01960,2940196000
298.59086462522237,386.8011671063286,294.23900,2942390000
251.9015810124214,376.9667395578901,294.45100,2944510000
190.43782572222455,396.5547058046926,294.66910,2946691000
146.84408130211733,409.0572498399748,294.88270,2948827000
171.91995117105807,427.68276888181583,295.12960,2951296000
168.2476422413725,481.1163419404868,295.35470,2953547000
169.40249706138997,556.5088818451018,295.58060,2955806000
198.07491587174522,590.8340994374362,295.79940,2957994000
195.5777860436214,603.5549097541328,296.03000,2960300000
422.8476202603447,537.2225838420245,296.24580,2962458000
552.2310102266822,486.5664672280027,296.47070,2964707000
497.9166280129504,441.55955286437575,296.69810,2966981000
508.5540185033358,421.45456371430777,296.92530,2969253000
444.26849803613305,417.5075457765048,297.14930,2971493000
484.2432647730818,452.37273982092677,297.38230,2973823000
505.13068533405004,393.2007334515316,297.61530,2976153000
599.0079978789997,334.48972400817706,297.85280,2978528000
680.1905567587653,269.5480001585693,298.09830,2980983000
570.7219094174784,331.5095751764919,298.32530,2983253000
483.2858094530607,386.72202458507667,298.57370,2985737000
438.73122634002533,438.9115141308797,298.80800,2988080000
539.8867059212823,418.03778135227094,299.04190,2990419000
608.838427065104,392.7691109153327,299.25930,2992593000
735.9641257391206,244.61779938329678,299.48100,2994810000
845.5474735058789,184.84328626036577,299.71080,2997108000
777.9135384870686,293.22901710475105,299.94330,2999433000
684.4975239935335,336.8337556502099,300.17150,3001715000
575.2605622396932,341.3576713778115,300.38790,3003879000
640.1942945770854,325.64839767786754,300.60860,3006086000
735.5885025188558,287.1553555567034,300.82930,3008293000
769.7888017340912,285.57193348192897,301.04730,3010473000
827.6103730000439,277.24187218142197,301.27020,3012702000
801.3109355621381,328.50370919238173,301.52030,3015203000
740.5408136431025,378.10301960695557,301.73530,3017353000
734.0458522393369,420.06728454743904,301.95750,3019575000
650.4304154989504,482.9980741887522,302.17730,3021773000
513.500897747469,526.2907036331927,302.40430,3024043000
443.9633966914928,567.5031346573644,302.62210,3026221000
325.5167031019114,577.0018026742292,302.84540,3028454000
427.12500241447685,596.9510918004048,303.09450,3030945000
430.8802783212815,654.0889689156882,303.30820,3033082000
434.2504731145679,659.9502040931823,303.52300,3035230000
419.00906945276824,650.7106999588074,303.74540,3037454000
480.4527791811699,685.5572287181294,303.96530,3039653000
601.5580209477348,688.8471770370357,304.18130,3041813000
623.3954851909928,643.6015168676608,304.39320,3043932000
680.4179121528068,508.739226955978,304.62100,3046210000
780.0449660409613,399.5570953545257,304.84060,3048406000
892.1513337643385,351.8171762973211,305.05020,3050502000
1057.7776704497721,249.3327801298791,305.26210,3052621000
1114.7200347930664,329.67537606824743,305.48190,3054819000
1226.1598300275466,258.3463510741662,305.69950,3056995000
1274.8986953109359,168.5736351385699,305.91250,3059125000
1192.3007839883835,252.38983882147602,306.13220,3061322000
1103.892625792401,209.44432890152973,306.34840,3063484000
1031.132980980351,238.56209198630629,306.56680,3065668000
1002.7095622024951,215.46847083255918,306.78190,3067819000
915.2051606561124,204.93616992318607,306.99700,3069970000
930.9664520258576,167.25438391748904,307.20900,3072090000
662.0474028653265,177.313081723934,307.43420,3074342000
602.6933005994392,177.28551914482662,307.67320,3076732000
522.8319369167987,189.1257827565798,307.88530,3078853000
446.178844350385,207.92518619255495,308.10620,3081062000
524.0700402038101,305.5103954229725,308.32740,3083274000
488.50025071703254,302.8807517073816,308.56620,3085662000
454.97111534087526,340.5290713169737,308.82530,3088253000
436.2540012810655,366.5799850181716,309.03840,3090384000
355.7556491969829,382.2833264666653,309.25810,3092581000
276.1062659604363,382.1670349103719,309.50590,3095059000
233.31439413076902,405.49606957369497,309.72610,3097261000
251.8341857321857,432.26386200720555,309.96270,3099627000
297.28933532588746,459.68395609891417,310.19650,3101965000
288.3917391142445,430.1319841545929,310.43000,3104300000
341.57522296756326,395.670117405721,310.66460,3106646000
319.2980371669326,370.14065339963537,310.91050,3109105000
205.43842846075808,390.65920307901104,311.14350,3111435000
188.24298146249228,396.38168385873905,311.36720,3113672000
194.22344453476032,343.1064653903174,311.58630,3115863000
192.774646803187,362.3770349574845,311.84050,3118405000
178.97539025120292,335.13160039458694,312.06200,3120620000
342.52725179144335,467.36199463134335,312.28020,3122802000
305.53097082366344,446.9066930678487,312.52340,3125234000
325.0485263063346,439.0600620932905,312.78560,3127856000
313.8373830667039,423.4312652509531,313.00120,3130012000
533.5000021918304,319.305416828998,313.21330,3132133000
709.437778905409,252.09473964492997,313.46360,3134636000
639.0810774291416,266.24856234535235,313.68260,3136826000
638.0769219601243,291.08085415901564,313.90330,3139033000
548.2131358425636,277.54888740367124,314.11930,3141193000
494.1773457472501,301.12531350047243,314.35580,3143558000
466.6380150736608,319.41236666271783,314.58040,3145804000
466.16636387427906,388.1196829706905,314.80390,3148039000
457.29348947604836,421.5613780259098,315.02650,3150265000
542.2883893782282,454.19747113400217,315.24740,3152474000
470.342856082335,453.02219328541906,315.47310,3154731000
404.3150652482633,470.1424515629765,315.69990,3156999000
352.83173784307036,499.96269842004943,315.91560,3159156000
347.5162269551128,534.232230766539,316.13830,3161383000
300.2034062047914,547.6731096489481,316.38450,3163845000
314.0834720933177,553.5725347086504,316.60500,3166050000
420.5613134566527,481.70393601104894,316.82480,3168248000
573.2414904628719,412.24514337733353,317.04720,3170472000
688.5436593198635,352.6089283236619,317.26560,3172656000
705.9411092743552,302.5484064121901,317.48240,3174824000
769.7224554590885,259.4079818810621,317.70360,3177036000
763.3800155008573,240.52697720997165,317.92320,3179232000
679.42195566435,268.0302041659486,318.14040,3181404000
709.2945525321624,292.4707417039165,318.35870,3183587000
676.4290755632735,336.9991000764699,318.58220,3185822000
623.7502341439189,396.6135224492523,318.81120,3188112000
570.5253115800514,427.828026217934,319.03280,3190328000
527.319129881043,418.4241342123013,319.24890,3192489000
541.9583812619733,431.1509732243465,319.47180,3194718000
450.1217087216428,502.3001009755417,319.70450,3197045000
411.25418033354794,496.6212910835289,319.92180,3199218000
359.4073661003048,493.4128945764135,320.15080,3201508000
326.13621585098895,538.5124932756315,320.37450,3203745000
347.86177702299716,594.8813056000553,320.59110,3205911000
386.58643712550474,614.204805472322,320.80850,3208085000
340.75503884998113,651.0983126211822,321.02490,3210249000
341.63726838388754,640.9596380837609,321.25380,3212538000
262.4038868631984,661.2609647809873,321.47550,3214755000
243.52775336922417,676.3574540875809,321.68910,3216891000
409.487840502294,652.2034081454015,321.91980,3219198000
605.8032556859057,599.7306137641168,322.14210,3221421000
796.9718676307073,498.00139420753396,322.36320,3223632000
983.9316998491062,398.9440275061092,322.58600,3225860000
1032.483006539907,352.3418160596501,322.81820,3228182000
971.1379178656716,326.39477813489,323.05800,3230580000
1011.5866777621753,351.5894970898893,323.28780,3232878000
1011.0265080570898,390.88729713279133,323.52820,3235282000
912.9990915431683,473.18961887590876,323.77920,3237792000
747.1212872616653,441.5880458549315,323.99920,3239992000
644.2548951043598,445.8365166094496,324.22160,3242216000
547.0915869038324,477.99901850443655,324.45280,3244528000
587.0057836225385,452.9019233219585,324.68390,3246839000
635.5904779671691,438.233609746479,324.90610,3249061000
692.4092101113721,467.2022061705929,325.12350,3251235000
602.4501427468886,509.16015283952447,325.33970,3253397000
557.477130541896,392.0222818816625,325.56580,3255658000
493.1043711341798,347.82225688915656,325.77940,3257794000
530.0129204360655,289.74877070138785,325.99790,3259979000
631.8015251291578,391.0906049348836,326.21620,3262162000
828.5098511100308,357.51076016021716,326.45890,3264589000
986.6534203767804,235.148688954445,326.68070,3266807000
1142.7348143627896,178.10806431370966,326.90030,3269003000
1245.4462377913371,164.6571916155374,327.11400,3271140000
1370.3568539824548,150.32168274798374,327.33060,3273306000
1270.1172492737296,121.8637124250111,327.56010,3275601000
1093.0073750205313,109.44098075174861,327.78130,3277813000
1028.1734590214778,98.13365561229548,328.00710,3280071000
979.1803913302235,74.45676339522807,328.21980,3282198000
1004.4644936766969,157.56478937204045,328.44600,3284460000
917.1433967057202,250.33905553205338,328.66720,3286672000
869.1969162074637,342.2168583651004,328.89450,3288945000
702.0660250288197,422.75547323825236,329.11950,3291195000
549.3869899454352,400.64163134105,329.33940,3293394000
410.2175163442035,385.5306629831146,329.55910,3295591000
585.1606679317899,336.1676721492893,329.78520,3297852000
455.32840396658634,338.6714339132259,330.01330,3300133000
631.5304488540659,311.2674080421616,330.23110,3302311000
701.5422188051234,291.48723992143704,330.44860,3304486000
782.4532248902606,318.27434345946267,330.66300,3306630000
855.5126222275073,403.31877683345215,330.88000,3308800000
962.9136206902447,327.2292057716741,331.09890,3310989000
908.7145030259701,279.48166966053884,331.31450,3313145000
707.8271988465846,243.49315724431304,331.53000,3315300000
619.8145797866018,251.04156820271385,331.74510,3317451000
470.2798921913616,232.76272297332693,331.99040,3319904000
440.36400702271146,234.61674148099402,332.20410,3322041000
365.85388755061507,251.14047030191773,332.42320,3324232000
458.66492002333575,215.55542353796332,332.64600,3326460000
485.67799845262726,193.88770547455056,332.87210,3328721000
602.5406961771226,333.766255356606,333.09470,3330947000
694.394755427099,436.3526125335409,333.31120,3333112000
597.045480168805,466.21208244925634,333.52820,3335282000
721.0469933513621,372.77891312988027,333.73960,3337396000
885.6932516051484,316.8467706804293,333.95620,3339562000
1068.3831432613383,275.19089152954206,334.16820,3341682000
1215.2497430524447,251.9907515970008,334.37750,3343775000
1344.6955150368506,210.87245676535218,334.59480,3345948000
1390.629757857706,200.32689061872645,334.80790,3348079000
1371.1904029011762,191.4336626877848,335.03230,3350323000
1391.5518200984122,172.88246927609936,335.24490,3352449000
1460.9960669942798,169.06583147381184,335.46280,3354628000
1444.3739930202987,107.45950579963772,335.70770,3357077000
1469.5270461291746,111.71386666399432,335.92500,3359250000
1470.47822841674,90.07987259721138,336.14880,3361488000
1408.0405175200326,149.67280108755313,336.35970,3363597000
1232.5054996552396,241.50140260424524,336.57490,3365749000
1116.673407318325,367.02433769456167,336.79090,3367909000
1087.6547707189366,461.7008313977935,337.00780,3370078000
1036.3765330600695,531.589723269589,337.22300,3372230000
1017.5564049945766,531.6250811484165,337.44430,3374443000
1083.045524573894,463.87361138474444,337.66290,3376629000
1016.1478187716814,394.43479916545164,337.88530,3378853000
949.2525685306814,328.4540725486456,338.10710,3381071000
784.8573973528418,302.52278922143097,338.32640,3383264000
785.1582099824171,269.9871826006698,338.55870,3385587000
794.2854877524909,367.2515248712101,338.77740,3387774000
765.5891024691022,455.4042789750698,338.99760,3389976000
704.6685970652217,524.8101142700253,339.20890,3392089000
817.5364769365955,567.9730850145404,339.48650,3394865000
994.5946616136755,641.8660414496612,339.71480,3397148000
1132.5968284499493,682.6929504967167,339.93120,3399312000
1134.6992471170754,748.8137502176818,340.15980,3401598000
1086.973471094603,690.8183581124606,340.38560,3403856000
936.1725751009905,603.4900627597344,340.60960,3406096000
862.3580822591439,508.07424335114524,340.82750,3408275000
895.3010610578618,419.9960738822518,341.04750,3410475000
885.3127329062836,404.8225176610757,341.30050,3413005000
951.0271672930081,367.9302702657576,341.52210,3415221000
972.7293970640861,328.20610949010177,341.74810,3417481000
1091.0405385428448,272.2470610098115,341.97580,3419758000
1171.779067638632,267.4409721355667,342.19750,3421975000
1181.7425095064173,240.69906214847927,342.42470,3424247000
1077.6697998212,209.03192112029396,342.64780,3426478000
1040.5839240223715,187.5951427560384,342.91960,3429196000
945.1510278923683,187.25825568973283,343.14130,3431413000
759.5199924182407,159.2309043829139,343.36290,3433629000
717.6448669646288,244.90225565723637,343.59660,3435966000
657.9776616129454,285.73490528749824,343.83130,3438313000
656.2414961450127,284.78232231348653,344.05270,3440527000
651.7354568334665,275.25254349822245,344.27530,3442753000
494.7282785492227,254.79607630921444,344.54080,3445408000
468.7396658114622,230.97869960576577,344.75880,3447588000
507.5618881834122,188.9295938137158,344.97600,3449760000
642.9324338371399,323.8254190264522,345.18110,3451811000
661.8407936741945,311.88592101879607,345.44050,3454405000
769.1540328635216,298.52475346815663,345.69770,3456977000
848.0343320992289,255.53657536993177,345.91140,3459114000
947.9657935467005,208.1172601065108,346.13180,3461318000
817.6003449201899,132.8565918797755,346.38540,3463854000
819.4096322639574,91.20663949988241,346.60970,3466097000
815.7092245846002,75.30570927946451,346.82900,3468290000
813.4733904333059,77.99643088308417,347.04350,3470435000
826.8180868962257,119.92254526054288,347.27110,3472711000
831.8309158888221,273.82275522159085,347.50260,3475026000
846.3724343681962,288.4280783460514,347.71770,3477177000
887.6195794737968,310.63053339963807,347.96950,3479695000
895.6788463947162,298.73805707751643,348.18960,3481896000
764.7668029846784,288.3682365303835,348.44950,3484495000
633.0489146243377,232.9223062671871,348.72600,3487260000
622.6722631254493,196.33346717904035,348.94760,3489476000
709.6572728457695,211.66993603474978,349.16890,3491689000
785.406423243185,314.9336028313073,349.39290,3493929000
855.9811525782579,342.08077974481165,349.64300,3496430000
939.8373338803506,303.76959266761503,349.88140,3498814000
814.7962162855137,303.7961328961614,350.14880,3501488000
664.3720976539714,376.57627553872703,350.36560,3503656000
562.1718229638827,436.72886885752524,350.63360,3506336000
479.992777023517,402.3107408138119,350.88490,3508849000
410.45061483320836,347.4755499024114,351.10490,3511049000
561.8600434239373,285.1512517941676,351.33110,3513311000
629.3871952435416,212.9167867936397,351.55910,3515591000
779.8420732800059,122.90614216177666,351.78050,3517805000
771.948997499787,118.87981047993895,351.99840,3519984000
775.515979422138,116.43402290341024,352.21530,3522153000
650.0661697940275,196.07017875787,352.43850,3524385000
557.5353570424575,235.45487992758467,352.68230,3526823000
466.0396982137027,255.15200266993122,352.94470,3529447000
422.41401076083565,307.60529645187745,353.15650,3531565000
311.5538098986802,288.13641289480194,353.39020,3533902000
291.3718077507846,259.3170405702859,353.62680,3536268000
337.2952010170792,271.4914527676612,353.85740,3538574000
294.5279445357891,269.38750881979365,354.07280,3540728000
386.1120086981126,267.7874517896458,354.28490,3542849000
450.30364749687897,219.32959476409104,354.50480,3545048000
623.4175697533051,344.9345674971149,354.72450,3547245000
763.5204958225883,343.75544750096674,354.96780,3549678000
847.2419779637592,343.0224821002635,355.21730,3552173000
948.893005316027,300.78742416207973,355.45070,3554507000
982.3971100867551,286.82066306978896,355.69140,3556914000
1072.77174229156,280.75269261189624,355.91220,3559122000
884.4750236708645,281.4065221017329,356.14340,3561434000
769.8612646143739,296.76759632224287,356.37370,3563737000
614.2439194661367,266.49402008917156,356.59570,3565957000
678.6464791965037,240.07344755504292,356.81510,3568151000
742.1987784645746,209.09006590171953,357.04000,3570400000
667.4580100437969,259.15616953963683,357.27200,3572720000
647.7096205043194,325.6599477684298,357.54390,3575439000
522.1065734525014,358.262522802023,357.76860,3577686000
574.1703610748982,354.3551695645287,358.00780,3580078000
712.4563878204568,271.9005107302659,358.24760,3582476000
614.8797154571196,273.44603586986193,358.47100,3584710000
529.8457648729188,283.84048340958185,358.68920,3586892000
620.2993612512028,355.055984662017,358.90790,3589079000
562.5892662227357,440.05603038830105,359.12330,3591233000
476.77066411915297,476.92317893239965,359.33690,3593369000
349.3910649686501,484.68828435029405,359.55090,3595509000
272.7340375577637,510.63493637338894,359.76780,3597678000
389.09877503311054,529.2734582780348,359.98250,3599825000
534.6118709024561,518.8491411947273,360.20380,3602038000
639.6263358073475,562.2929589726638,360.42380,3604238000
565.5532690949806,569.6238924495533,360.66000,3606600000
552.1641816146865,582.9671218106478,360.89330,3608933000
505.84650419893086,535.4302385936911,361.11650,3611165000
707.7219675427541,616.8220581162248,361.34120,3613412000
632.7690808531455,625.1872629380731,361.55850,3615585000
608.9908944464546,634.0925497392468,361.78140,3617814000
556.3673091265626,672.689754591989,362.01190,3620119000
470.6567897051473,688.775832914204,362.26760,3622676000
411.9899040388257,700.0025844645733,362.49680,3624968000
479.7876571508802,638.0614535585959,362.71550,3627155000
519.4619101519926,526.355670454466,362.96090,3629609000
551.7686389299796,430.75354270218213,363.19070,3631907000
443.5185073987932,390.0883092762741,363.41600,3634160000
435.855012236436,319.282005057405,363.67230,3636723000
557.2113793827818,423.60673959719895,363.95220,3639522000
642.371175987408,424.7173201866198,364.21490,3642149000
697.9024255016087,414.00781011112605,364.46730,3644673000
746.3089476453922,479.12263353784147,364.70710,3647071000
671.0604710208679,481.494464750905,364.97780,3649778000
673.7725349857826,403.33579878917243,365.20670,3652067000
706.0416054889399,332.59417580388754,365.44840,3654484000
748.4287597630855,290.43606444426223,365.69190,3656919000
804.0359511410965,262.3335573085347,365.92870,3659287000
854.182505588447,218.5492923581552,366.14700,3661470000
925.235822461998,334.51564028133856,366.38850,3663885000
793.2506569077837,347.92010962297593,366.63050,3666305000
616.7131262886993,319.35240295003223,366.85310,3668531000
511.6479054943354,314.98391061857814,367.06870,3670687000
561.8308621528164,329.0094250665021,367.30840,3673084000
616.4168430474668,367.53373227952574,367.53230,3675323000
749.782429199681,430.2058689037902,367.74970,3677497000
738.1745795877789,460.35507512217976,367.97600,3679760000
790.4230929651491,487.49965062372274,368.21540,3682154000
918.0515617715029,538.4822231088585,368.44820,3684482000
980.2652178064649,561.3640428407648,368.70330,3687033000
975.2975866079935,598.7762200565751,368.92700,3689270000
1018.7238025137268,635.6998069754105,369.14560,3691456000
991.7235282550814,726.911198618376,369.37320,3693732000
1002.0063078583814,775.5956418958131,369.60060,3696006000
1029.5530676852907,786.5068963674391,369.83940,3698394000
1057.3468449824302,755.6736453443459,370.05430,3700543000
994.6945420941784,706.5642897149233,370.28220,3702822000
1041.4180003930046,668.4027717174962,370.51710,3705171000
1051.9736212927614,658.5848147526245,370.73160,3707316000
969.1392031184423,654.359778293656,370.95180,3709518000
996.4965014332304,639.9645631978245,371.16380,3711638000
974.7088033344894,649.5002537531873,371.39970,3713997000
962.5070903683196,672.5881474223676,371.61230,3716123000
1002.0813798692537,670.1218910812468,371.83080,3718308000
1067.2994375150768,667.281530059265,372.05260,3720526000
1070.653511156819,664.2379169430995,372.27620,3722762000
1018.0388201489054,658.2462522147129,372.50280,3725028000
1033.969531580207,669.4694732197134,372.71610,3727161000
1104.2943927588926,651.7457531661149,372.94560,3729456000
1058.8829127317028,616.298476936176,373.17950,3731795000
1073.625994651309,590.1983322828406,373.40720,3734072000
1061.738602240487,604.2967610941259,373.63540,3736354000
1055.583328705939,635.6301430778071,373.86360,3738636000
994.4201943297161,670.2276078006701,374.09450,3740945000
974.084691763888,677.398290056092,374.31790,3743179000
921.7452168774063,682.3907761449655,374.54280,3745428000
923.8196113388917,683.9276639251842,374.77660,3747766000
956.3915304536476,699.8093430294605,374.99630,3749963000
926.3855098899593,686.8596347331576,375.22770,3752277000
967.7789448324448,702.606219647737,375.45520,3754552000
934.4353353952417,693.0861690003896,375.70820,3757082000
877.5237405464467,672.8737916400507,375.93530,3759353000
920.1939963535672,659.266632299382,376.16560,3761656000
976.3904343174488,707.1557339306207,376.40350,3764035000
1025.0608494125092,704.686148979134,376.63120,3766312000
1103.4508238874328,737.5982249795725,376.84860,3768486000
1053.4944186368568,702.5699344438982,377.07700,3770770000
1101.0957519890721,656.9332210070522,377.29420,3772942000
1060.6093182460168,632.5893149829927,377.50360,3775036000
822.9036816512621,541.303338530271,377.71900,3777190000
768.9514908206559,399.9766791126952,377.93040,3779304000
829.285373779964,303.8878591388862,378.14680,3781468000
849.771893247268,197.25815312900184,378.36130,3783613000
875.6259485147853,271.07659517115854,378.58290,3785829000
875.5324153570913,336.4926292396706,378.81250,3788125000
910.0372719609928,394.3899571675768,379.03140,3790314000
953.153964449404,457.250653763297,379.25410,3792541000
994.0026559476067,522.203350754529,379.48150,3794815000
1042.3994395710408,545.8353269358553,379.71490,3797149000
1008.6903980050895,576.191844184917,379.94240,3799424000
985.6990536244032,598.7055986128527,380.16620,3801662000
986.028936870089,651.9481321366277,380.39010,3803901000
1015.3708244512667,670.2142272253609,380.60400,3806040000
1005.324169024917,679.3292488663867,380.81360,3808136000
1009.5222542217498,707.6903431700005,381.03220,3810322000
976.9268264460754,737.443853241255,381.25130,3812513000
908.3583856087982,738.6600268239715,381.47360,3814736000
897.5244526726314,721.7515138010309,381.69790,3816979000
931.9445797896127,709.9467386073985,381.90950,3819095000
894.1206972313498,697.0714697780635,382.12830,3821283000
877.6065170573763,674.2958539638115,382.34990,3823499000
882.9186832520828,677.7749478477834,382.55720,3825572000
776.8304047472525,579.4845117683559,382.78030,3827803000
665.0280705761337,510.34055106372716,383.00250,3830025000
464.44527994653316,419.51685665392023,383.23100,3832310000
559.4571963215012,375.5988783674555,383.47320,3834732000
584.7712289424513,346.55484017566874,383.69930,3836993000
675.1304967181441,341.3488578623681,383.92960,3839296000
673.4140343485637,337.2201755781014,384.15160,3841516000
734.0638681512214,385.09534785065966,384.38500,3843850000
775.6131112174708,433.0503419968441,384.61800,3846180000
765.986852434264,492.1385627764819,384.84020,3848402000
732.8596980432237,509.38934068734926,385.06340,3850634000
729.7771581745101,425.3494460690834,385.28260,3852826000
736.3932256343804,354.19195840476533,385.49800,3854980000
812.8001828173049,296.57085256578443,385.71220,3857122000
856.0151910900169,334.51136346592034,385.92560,3859256000
864.4886210665953,364.6074153495445,386.16810,3861681000
892.0997817083957,465.0003912335756,386.39060,3863906000
959.6697099731069,528.0948016792169,386.61470,3866147000
988.7614409530311,571.5358070477154,386.83400,3868340000
1040.822692548148,606.7805035124604,387.06250,3870625000
1031.9861792461181,627.2885124742841,387.28560,3872856000
1072.2192303555537,659.897931174491,387.50690,3875069000
1125.499597486385,650.7605798810316,387.72560,3877256000
1056.3715730322851,694.1746947959622,387.94540,3879454000
953.3948167767717,691.4874417678235,388.16260,3881626000
892.9461906641343,634.5470362605182,388.38520,3883852000
876.4083735588125,584.7914235372773,388.60610,3886061000
813.8998635329783,513.117666865131,388.81710,3888171000
824.6801537269398,446.0297125704568,389.03760,3890376000
827.9465730234663,420.93848081610076,389.25180,3892518000
857.5468703166691,429.34313862864315,389.49050,3894905000
904.5093331279342,499.2828465777488,389.74210,3897421000
795.1360198190038,438.08880548370354,389.96710,3899671000
759.2564572263468,448.2145672448331,390.21020,3902102000
780.9322049794611,497.6992349438962,390.42580,3904258000
842.7292273194836,565.8699695262943,390.64780,3906478000
913.6190019614479,600.519703109247,390.86300,3908630000
956.7021185478062,607.3532124096315,391.08990,3910899000
978.3354402269813,632.0062110079326,391.30310,3913031000
953.6937066565555,656.7490479785469,391.51310,3915131000
987.2268697340791,676.1357070838393,391.73350,3917335000
996.0473750063074,692.3700441251867,391.94040,3919404000
1014.081627711012,658.4989967587029,392.16470,3921647000
1034.5302643910566,613.7119711265931,392.38040,3923804000
1078.4033315308177,594.7869929756357,392.60540,3926054000
1086.3242268061376,608.7027045575272,392.82450,3928245000
1174.1595459012312,623.1271235629682,393.05240,3930524000
1233.53868321281,646.8725463521275,393.28060,3932806000
1246.0731206923012,647.6801792083185,393.50310,3935031000
1241.8107332658149,614.2332569349547,393.72770,3937277000
1277.26632002294,605.6653064446045,393.95540,3939554000
1307.8010349360134,548.753122237929,394.18120,3941812000
1262.51688708888,573.1012205627825,394.40260,3944026000
1313.4082009661072,597.0506362025765,394.62920,3946292000
1284.7447354986964,580.5528930311366,394.84620,3948462000
1288.8888071516935,600.893435195506,395.05770,3950577000
1267.850646676706,627.1673106166327,395.26950,3952695000
1233.4189885103904,646.3104967415363,395.48370,3954837000
1171.1529556856578,632.2588794065431,395.73460,3957346000
1127.544962035588,599.6847425541971,395.94890,3959489000
1128.0863802135427,603.0131964892722,396.16580,3961658000
1107.8608861202529,634.0692124383802,396.38250,3963825000
1073.400676046859,639.9245404324456,396.60340,3966034000
1041.6398424683766,661.2386575345356,396.82380,3968238000
943.440389397598,653.5194108379701,397.07620,3970762000
974.0659509539646,680.500744736831,397.30760,3973076000
956.4191699495365,705.2925699345986,397.54110,3975411000
982.5458864328991,701.6694118749871,397.76760,3977676000
948.195685113082,713.9110689391628,397.98830,3979883000
1016.059511939064,771.8076450808201,398.21470,3982147000
936.1313683675519,737.0608819928459,398.44910,3984491000
988.2448015973789,679.0025661788703,398.66930,3986693000
1000.2545806655721,592.8319698647465,398.88300,3988830000
1042.721923441884,485.7243711141125,399.12700,3991270000
1013.9489961177196,474.7946126480677,399.35140,3993514000
975.4130582845629,468.41390425057637,399.58520,3995852000
993.52043140673,489.42200155523443,399.80470,3998047000
963.5784712282301,528.6738269138892,400.04030,4000403000
1014.3387321257674,541.3396508773851,400.27060,4002706000
1008.7941851479004,545.1239672157344,400.49240,4004924000
1041.0418081906494,595.4514216965289,400.70920,4007092000
1107.3723195231837,646.7267332418911,400.93480,4009348000
1162.3593652578452,651.0492105827303,401.16620,4011662000
1129.4643109386163,659.1641145644334,401.40390,4014039000
1144.9778687720197,708.3177878510869,401.65150,4016515000
1143.1392856113964,760.7313978631132,401.90980,4019098000
1121.2674865603515,740.4041413129997,402.12850,4021285000
1101.2015288064363,720.9660506752689,402.33390,4023339000
1113.8464170752327,675.5131579619156,402.55180,4025518000
1134.8459463562494,666.3753593044912,402.76880,4027688000
1107.8039810028456,692.1880026735946,403.03520,4030352000
1118.1462955715544,715.7009294722392,403.26650,4032665000
1093.30543299571,727.6615161760516,403.49640,4034964000
1098.8600403651078,757.2129187180724,403.74480,4037448000
1113.4429509968438,769.9627964654477,403.97310,4039731000
1149.4511833808306,781.9308727676562,404.23470,4042347000
1171.4864059108586,790.0634137655682,404.46050,4044605000
1180.0172274332103,785.5009093198813,404.70000,4047000000
1215.5487209508115,815.4797953910494,404.97370,4049737000
1215.1563396290885,791.5916323243341,405.17590,4051759000
1209.9519510870177,804.7784783475183,405.44050,4054405000
1194.866311006936,850.6088607681933,405.65450,4056545000
1165.8987181884224,846.6021539080822,405.86730,4058673000
1157.2006992095298,777.0714123710754,406.10630,4061063000
1168.4026077611695,745.8303962515829,406.32380,4063238000
1109.2494633100655,680.9697203114977,406.54870,4065487000
1067.0235081431167,662.3634034973027,406.76970,4067697000
1034.9621027551452,620.7348388542298,406.98550,4069855000
1028.3386193664935,618.2246674474433,407.20550,4072055000
1002.2982386410803,585.8108857506782,407.43240,4074324000
1045.1706655273028,550.7221279131513,407.68480,4076848000
1075.6220730042342,590.5699682260896,407.92510,4079251000
1076.9718120140108,568.7588979530833,408.15140,4081514000
1101.3580331171083,618.0743391595022,408.37910,4083791000
1066.4930375952567,600.81386001749,408.60060,4086006000
1063.7916527772916,593.155013223082,408.81150,4088115000
991.1790397218069,605.6568644049753,409.03840,4090384000
1020.8766611987792,629.3019557912231,409.28280,4092828000
990.32368108305,635.9267921412728,409.50150,4095015000
1017.2221654200289,553.8160379184583,409.71150,4097115000
1017.4558171296352,521.2765665820001,409.93430,4099343000
1058.5106233560173,539.881529540643,410.15630,4101563000
1057.2314157669157,543.1744408689127,410.38380,4103838000
989.8868064462029,547.0253936526742,410.61950,4106195000
1015.8951706771147,564.2220306408256,410.85240,4108524000
1095.216226065183,601.7319631405721,411.07530,4110753000
1083.961451726665,599.8496623912092,411.30380,4113038000
1106.5944084531652,591.2886744838063,411.51300,4115130000
1073.3210881366101,582.9034390091056,411.72580,4117258000
1100.8614670482937,601.034036804953,411.94030,4119403000
1013.0412348173206,646.5775000230096,412.18550,4121855000
1103.8977331203732,684.2282234136732,412.41390,4124139000
1137.28118928584,670.7325073905799,412.63720,4126372000
1195.7723830609762,649.1304786079845,412.85770,4128577000
1184.339403013205,601.986003672951,413.09060,4130906000
1204.002899219596,582.5944276069232,413.31610,4133161000
1179.67289397423,509.93817022409064,413.54220,4135422000
1176.9934852733982,502.9871193142113,413.77600,4137760000
1091.5652359439302,473.72094447941424,413.99580,4139958000
1098.257066656807,470.61390210156515,414.22780,4142278000
1120.1748375784534,468.27106212671964,414.45060,4144506000
1095.129575004428,496.44600974020705,414.66700,4146670000
981.8114113576364,558.7300389259727,414.88780,4148878000
941.7394094549726,639.1083389576952,415.11850,4151185000
929.1314741327514,631.890507803651,415.34260,4153426000
911.9259964648437,628.4789350576232,415.55560,4155556000
898.4728137468828,602.7754801933943,415.77550,4157755000
901.4729274598195,595.5484598575936,416.00240,4160024000
940.8327751736974,596.2512813153654,416.22990,4162299000
943.7057107657544,603.62864472548,416.45210,4164521000
946.2818382408763,582.6869156672327,416.67550,4166755000
852.6259575440203,609.0370357788269,416.92390,4169239000
854.4622842380302,616.8446102990197,417.15700,4171570000
931.6435363720293,671.7716142824763,417.37650,4173765000
1071.7427744318957,649.6887703930582,417.59710,4175971000
1116.4061587058914,614.9364521858004,417.81750,4178175000
1205.530380908805,614.4819788475376,418.04190,4180419000
1207.9734247034821,626.3492276917825,418.26710,4182671000
1206.2903862709375,608.6615556725499,418.49900,4184990000
1201.8896012290847,547.856763641522,418.72370,4187237000
1198.0519645404127,545.7401513574655,418.93930,4189393000
1122.418561463579,643.4688897930391,419.16150,4191615000
1128.5353208336962,625.1954137287839,419.38420,4193842000
1094.206943494275,545.7671749995894,419.60190,4196019000
1112.8511849215583,484.14388884841003,419.81990,4198199000
1123.7650992661106,451.36020093829467,420.07300,4200730000
1140.309568468027,424.87527945015216,420.29620,4202962000
1094.2012483936223,414.21831941972357,420.50920,4205092000
1086.7171513234923,486.4930355457341,420.73010,4207301000
929.9730135593247,405.06092916420783,421.00330,4210033000
818.1102170427807,355.78595266765456,421.22410,4212241000
783.3662515116192,316.031491620613,421.45180,4214518000
836.813620462894,303.24185899540066,421.67350,4216735000
822.239357059403,312.8953222192901,421.89150,4218915000
777.3260036333136,360.7981501230115,422.11260,4221126000
737.3273974558551,394.3432666227969,422.32770,4223277000
766.7768895713735,460.6356547271046,422.54670,4225467000
789.531111113668,504.33736639995885,422.75980,4227598000
845.3906905193305,540.2497787062839,422.98070,4229807000
837.0648799273805,581.5114682030958,423.21600,4232160000
860.9430792536374,634.2781561881477,423.43380,4234338000
827.749722117143,554.04066718005,423.64620,4236462000
788.7579202706316,468.81826861200364,423.86270,4238627000
630.7695013904412,405.23192228327383,424.07880,4240788000
489.45974668582755,309.56153381139546,424.28700,4242870000
424.50897470395745,283.93045618588036,424.51760,4245176000
411.13384653337835,321.84473987317455,424.73370,4247337000
393.7171061124742,360.90188840246134,424.94610,4249461000
510.15317773849915,415.2911815889726,425.16130,4251613000
471.1046579902983,410.587431926358,425.37900,4253790000
529.103113636018,408.7732689361496,425.59470,4255947000
653.7380155582496,490.1327599344516,425.83290,4258329000
627.708113893646,528.6470778697716,426.05020,4260502000
674.705786034507,589.5634842695847,426.26830,4262683000
690.1949347056157,623.804325491094,426.48320,4264832000
738.1370208276534,655.2926214424048,426.69490,4266949000
708.9169582646822,680.8513903264258,426.91170,4269117000
709.2961789160772,735.0200812891035,427.12840,4271284000
677.7930493763553,729.2384101038483,427.34010,4273401000
781.3721806281292,729.594520672112,427.55480,4275548000
773.0293973180343,712.7438486395444,427.76700,4277670000
911.7719290468107,738.9959758723104,427.98740,4279874000
1003.7816206254645,710.6631701755426,428.20350,4282035000
1070.969376218376,760.586774437543,428.41380,4284138000
1123.6492198906524,775.203254186714,428.63860,4286386000
1179.5353294102747,788.1831639633687,428.85730,4288573000
1256.3517054018257,790.1132218181679,429.07450,4290745000
1281.9733923187043,787.4103169440999,429.30370,4293037000
1288.7177073137454,751.9461741304777,429.51880,4295188000
1236.1625770245885,734.9690678133929,429.73790,4297379000
1206.9269295892218,732.6610531781029,429.95370,4299537000
1160.6441148855474,710.4609042833575,430.17620,4301762000
1138.5244478699358,729.2445690721088,430.40310,4304031000
1166.3197858150832,737.1843739494967,430.61990,4306199000
1169.2905320362454,737.3675847047957,430.85550,4308555000
1065.7033402058487,727.9472236417629,431.07930,4310793000
992.276066988577,683.9489900499475,431.31360,4313136000
970.7041477948225,686.8992637454706,431.52410,4315241000
946.9223961559215,651.4555810316151,431.75020,4317502000
942.7639368314137,628.4843596738431,431.96630,4319663000
932.8497356654095,593.0671012026172,432.18300,4321830000
968.5461895138184,612.9821426949079,432.40140,4324014000
968.2899308644268,620.9181394083588,432.61630,4326163000
941.0357183800717,681.6703600647286,432.85340,4328534000
984.3871166817797,729.433690547678,433.07130,4330713000
997.5372057925467,696.6906475470496,433.29210,4332921000
1041.9456739608809,695.2548731211066,433.51860,4335186000
1009.2831645940329,737.9013159897821,433.74630,4337463000
1017.4004878457474,741.4144449384193,433.98040,4339804000
1081.7895386372777,726.9480370894029,434.21010,4342101000
1124.5323748233916,708.5385062772106,434.44030,4344403000
1145.7230377141186,723.5348138685473,434.69630,4346963000
1114.560897643348,711.829764447685,434.91550,4349155000
1182.7590564951984,694.7254986329544,435.15420,4351542000
1135.7515865628286,664.6455942894848,435.37060,4353706000
1151.3047287355814,638.4966032884071,435.59780,4355978000
1148.6493818879346,618.5227095373045,435.81730,4358173000
1161.0193291222422,597.332268808064,436.03980,4360398000
1182.4438906107666,538.6491609722801,436.25460,4362546000
1173.7989960774069,499.3073495347152,436.47310,4364731000
1184.9139540210772,509.1217409130023,436.69620,4366962000
1148.7643524419527,494.84350782412287,436.92010,4369201000
1052.4848063575932,518.1661538754289,437.14010,4371401000
1050.0506477219737,591.9798166649774,437.36770,4373677000
983.0016767572563,631.0836254412483,437.58740,4375874000
951.92062805035,625.3755948964683,437.81600,4378160000
914.9242306573441,607.117320688335,438.04120,4380412000
938.5165597374502,617.4120140344721,438.25810,4382581000
1011.51564778543,628.3027205062979,438.47720,4384772000
1043.7864518211181,670.4422345386922,438.70640,4387064000
1064.7780338395673,680.1267612849845,438.93270,4389327000
1063.8023448818649,685.6615752325806,439.15090,4391509000
1014.258420229505,677.468272053358,439.37430,4393743000
1071.666093838122,673.6464077866306,439.60010,4396001000
1135.8368551075898,652.1141704301971,439.83340,4398334000
1115.9911562473374,634.8108290022723,440.06590,4400659000
1119.781908646686,645.3702642014206,440.29690,4402969000
1145.8117731294763,625.2251419979002,440.51680,4405168000
1106.8209715297387,626.143638051512,440.73890,4407389000
1085.2784972509069,644.2642319062993,440.95750,4409575000
1125.2156188173985,641.3478649951724,441.17780,4411778000
1125.7087981135735,633.0266868920901,441.39930,4413993000
1125.2282153627891,679.5850487328984,441.61670,4416167000
1091.2923367872177,648.357288110969,441.83180,4418318000
1096.7956495441258,633.951602767207,442.04500,4420450000
1058.474498834824,625.3177582455254,442.25010,4422501000
1046.3777397432611,650.6320740511109,442.47290,4424729000
1047.2669776143155,635.5631426931808,442.69430,4426943000
1111.3770847841179,659.4961306356726,442.94470,4429447000
1099.5383474855996,601.4415837186837,443.17170,4431717000
1080.840134707877,623.4997084877203,443.39800,4433980000
1013.9287806409129,625.1777279738717,443.64780,4436478000
1011.8617646778353,651.4477739852504,443.86080,4438608000
1057.657634055375,645.950803581124,444.09450,4440945000
974.3907092088646,663.229669411608,444.33030,4443303000
1045.601913393487,683.7803012645843,444.55460,4445546000
989.3630289425598,737.4654630771485,444.83910,4448391000
980.1199616788253,756.2195604496661,445.09510,4450951000
952.8766316839972,754.9474240090982,445.31460,4453146000
951.1618589209558,763.782423954993,445.54080,4455408000
987.418814148242,787.4926671339601,445.77030,4457703000
899.2689126702628,774.9577756915654,446.02880,4460288000
911.6003500094797,788.722961978578,446.23630,4462363000
937.7623257854775,788.3795027072612,446.44750,4464475000
938.8187231778459,789.317068632001,446.67410,4466741000
933.0701423452281,804.8679712657216,446.91000,4469100000
926.1268061691678,811.2458803742834,447.17940,4471794000
923.9382502075798,767.8110361230682,447.43380,4474338000
979.4762845931353,748.0243993263849,447.67220,4476722000
941.3906785207641,685.0925302903706,447.90870,4479087000
946.2298516084388,691.8256340712081,448.13550,4481355000
954.5119372047677,648.6128669817639,448.39110,4483911000
1028.9398889301597,616.2833859057974,448.63000,4486300000
1095.314526521681,621.2665795590441,448.86070,4488607000
1144.6898720781503,642.0489173779999,449.13450,4491345000
1166.908562408942,655.4764724113098,449.38230,4493823000
1057.9726126598532,670.968776086705,449.60360,4496036000
1042.774993493849,677.6396859613893,449.86000,4498600000
1014.5053074381688,685.623932382591,450.08200,4500820000
929.9057812412644,737.239816957034,450.32170,4503217000
980.863889215119,719.8001523457762,450.54280,4505428000
961.556650471449,697.4964410679147,450.76640,4507664000
937.9227077311828,646.8925833531661,450.99580,4509958000
892.7830409396477,620.8423822773071,451.22830,4512283000
744.5705089146218,545.3385162738971,451.48960,4514896000
618.9950372998454,459.51987274315496,451.71230,4517123000
709.6351892415732,378.0786977692464,451.92790,4519279000
728.0593945557416,282.62780260377735,452.18910,4521891000
742.663476846532,208.33072748931957,452.41100,4524110000
775.2193462385084,290.3983142932405,452.63560,4526356000
614.884232555064,310.8707705333977,452.85740,4528574000
533.9540849391415,313.1147753513833,453.11930,4531193000
391.7110844827868,314.9636122659998,453.33610,4533361000
331.6682952158889,285.4291039843877,453.55490,4535549000
520.4410311008477,259.2224964329584,453.77800,4537780000
695.2103002412671,200.21895295136846,454.00090,4540009000
836.6691904397433,140.43290506132783,454.22340,4542234000
943.1398252623156,152.1064962567911,454.43910,4544391000
1113.4492654560793,119.37308010157952,454.66260,4546626000
1231.7903557446411,82.20146352685181,454.88230,4548823000
1110.10720898821,105.00287199426984,455.10120,4551012000
1067.9217058316076,150.45665159812458,455.31990,4553199000
1036.6269792899195,180.557609988547,455.54320,4555432000
845.8779049766973,277.902951827947,455.76730,4557673000
631.0420236079324,289.88017024863757,456.01160,4560116000
672.007882901438,391.1564548514335,456.24080,4562408000
712.6915675227855,440.87572384782413,456.46740,4564674000
757.9944711988286,413.0580658539037,456.69180,4566918000
798.1700580863544,372.30590087303574,456.91300,4569130000
835.5059914583295,342.1954999589033,457.13910,4571391000
845.7656978790573,300.4421739043874,457.35850,4573585000
881.5441301977318,290.84168882443885,457.58630,4575863000
762.7639344909818,359.0902791309817,457.80720,4578072000
662.8275882726474,411.1973120560712,458.03940,4580394000
644.4188282831527,462.76604589102016,458.26380,4582638000
675.3760714943433,524.1146730164103,458.49300,4584930000
661.0554696977605,549.4370004656992,458.72560,4587256000
650.5203830512249,588.4498821505629,458.95320,4589532000
781.9126029857341,663.1941580416701,459.17600,4591760000
781.0563663511299,735.6391908397911,459.43870,4594387000
826.8036525271816,775.7635611908834,459.67160,4596716000
819.4047002690929,807.9336912142672,459.89250,4598925000
832.3831377185356,837.2786384758028,460.10930,4601093000
825.0719762554005,834.0053548722824,460.32070,4603207000
808.0455782591624,839.292249938121,460.54880,4605488000
782.5316064069351,820.6214970091092,460.76340,4607634000
778.2217188255892,839.8724815878945,460.97910,4609791000
792.9555747173107,818.074970843613,461.19100,4611910000
858.2254653092821,814.2753363909619,461.40970,4614097000
885.5724510843482,753.2064038278752,461.62940,4616294000
992.4014534396699,742.1654215899323,461.84690,4618469000
1003.7232641376621,711.0160404249699,462.07320,4620732000
1079.8889327643517,689.6622499895881,462.29590,4622959000
1138.4291774850026,631.0757809763993,462.51990,4625199000
1103.3889082418448,623.5447952595773,462.74250,4627425000
1036.7824666881252,532.5447436711733,462.95640,4629564000
1053.4354337658888,550.2554179607926,463.17710,4631771000
1114.1634279557804,545.7266655056695,463.40500,4634050000
1124.8602500926036,553.4807895337947,463.63990,4636399000
1155.026159538788,582.9384763054294,463.88680,4638868000
1119.7152606523941,608.960916284874,464.10320,4641032000
1116.486659014349,618.5119876784399,464.32620,4643262000
1129.954855796637,632.6088786497642,464.53970,4645397000
1020.4651078046261,624.2024083820673,464.75710,4647571000
1007.3920843115401,670.7543970476648,465.01650,4650165000
978.3259070306048,713.9487261063553,465.29870,4652987000
927.8990066813237,713.2012435970885,465.51870,4655187000
910.1712456684462,718.4636982057534,465.74610,4657461000
928.2219698180872,725.6618493799728,465.96080,4659608000
962.8164491636668,711.042905824368,466.17970,4661797000
983.1264440382805,657.509217200985,466.39880,4663988000
1072.6824074725923,663.1696139502684,466.62150,4666215000
1074.104140056158,676.7078906664317,466.85380,4668538000
1115.535515685228,735.0059583357686,467.07340,4670734000
1151.3821582499495,710.4372768261313,467.30600,4673060000
1109.2024993612426,711.5483074901563,467.53480,4675348000
1023.3811197628683,688.9978267629481,467.77210,4677721000
1021.3594237903802,688.522660006241,467.98570,4679857000
921.5384397617971,699.6671062623589,468.23600,4682360000
952.883289073686,734.3019535554463,468.45170,4684517000
958.8867081309356,722.7561764930239,468.67120,4686712000
1014.9934195873481,723.4748398889908,468.89190,4688919000
1035.9256623069437,705.0869462823349,469.11410,4691141000
1025.335334644734,729.3964505259289,469.34390,4693439000
1075.813880292786,695.6233936305034,469.55740,4695574000
1049.945656183172,721.7277224609312,469.82960,4698296000
1042.8916061527268,712.7345015161177,470.04630,4700463000
1056.350663352206,709.8101055115513,470.26320,4702632000
1084.553714976471,734.2201197699768,470.47520,4704752000
1089.243726082234,732.1971563720713,470.69700,4706970000
1062.5426956563329,754.6639967765578,470.91920,4709192000
1024.6484083751889,719.7898932584172,471.12850,4711285000
1050.04898219887,674.3136339065602,471.33950,4713395000
1074.9681635961579,653.4912601213365,471.56240,4715624000
1080.921157863809,669.8323783248956,471.79800,4717980000
1040.7621632834337,663.0335354671454,472.01990,4720199000
1089.6202154360599,708.1057468687728,472.24150,4722415000
1120.1588258289626,688.1562799417521,472.46880,4724688000
1140.2778110932675,699.7545707238236,472.67930,4726793000
1163.677086704452,691.4329544119512,472.89430,4728943000
1188.1100968445794,693.7034868883666,473.15100,4731510000
1193.3186471550532,690.9975025660906,473.38010,4733801000
1173.08896040777,680.3471655762224,473.62610,4736261000
1182.1678704725848,653.0399612861934,473.84460,4738446000
1143.1807064792015,668.2762924066445,474.06070,4740607000
1140.002851702585,708.0645629311857,474.27780,4742778000
1136.6575606178255,692.98804849965,474.49290,4744929000
1087.7015708344918,687.3474351831618,474.73030,4747303000
1103.4191910911222,718.0507489211441,474.94220,4749422000
1073.6522307019716,728.9841405133476,475.17760,4751776000
1058.7422323484209,711.5973559112597,475.39400,4753940000
1032.295444631607,737.0302764041229,475.61760,4756176000
1003.226674865593,750.831256356214,475.83230,4758323000
980.0766843356814,750.4224434200788,476.04610,4760461000
969.3201289135526,768.4172509815368,476.26200,4762620000
994.3751068231632,785.9519592125712,476.48680,4764868000
958.4477727503023,791.8954854238998,476.71250,4767125000
922.8739900456884,796.4543294717668,476.93970,4769397000
890.9385558840817,799.3660310855252,477.16320,4771632000
940.9972608036925,810.3684431861549,477.38790,4773879000
1006.5813544685884,811.8459818729406,477.61240,4776124000
1002.0166743298613,816.4171385545295,477.83490,4778349000
1019.0135754144754,802.5253509513196,478.06670,4780667000
974.6389037793739,731.1010424907136,478.29930,4782993000
995.874718618657,648.8039011153513,478.53550,4785355000
981.0529589356165,617.6812235948845,478.75590,4787559000
1027.8160223163488,638.6479543700112,478.98040,4789804000
1072.7498048921343,633.1686210575815,479.20630,4792063000
1085.9918747099039,652.9173573985543,479.42400,4794240000
1109.314682039947,641.6114055388783,479.64470,4796447000
1122.0707371681688,628.7355990819642,479.86270,4798627000
1133.4999367971002,669.0160911850971,480.07770,4800777000
1131.2507739364803,646.198857615847,480.29380,4802938000
1141.2241568172956,652.132994051606,480.50700,4805070000
1099.032790993112,668.7298809724358,480.72850,4807285000
1082.9154838003417,688.4476205027305,480.94790,4809479000
1052.4305228405135,664.6784602340185,481.17300,4811730000
1056.3752089472111,632.9163301169142,481.40930,4814093000
1103.1865655420675,639.8247587238711,481.63880,4816388000
1123.4754689319009,663.632757334998,481.85400,4818540000
1041.0641884064562,635.3726745792995,482.08420,4820842000
985.4517639664942,613.1556577054412,482.30590,4823059000
987.6280422568864,590.5383334727345,482.51400,4825140000
981.1269972093826,571.8136358198932,482.72860,4827286000
935.5641332396563,557.9738811003645,482.94720,4829472000
965.3231910440237,565.7215440650785,483.18000,4831800000
930.9273130608852,632.1797631262978,483.41070,4834107000
948.5247957340509,650.602358193204,483.65290,4836529000
986.6671410983265,662.520818582947,483.87370,4838737000
898.0672460908388,634.8871360609829,484.08980,4840898000
884.671285363647,683.4455546208044,484.32360,4843236000
861.5652805358843,703.3883047589172,484.54450,4845445000
863.6860634837986,696.3720891459297,484.76580,4847658000
851.8040255824518,659.9616965487133,485.00790,4850079000
884.5112780876309,647.5356192637887,485.23560,4852356000
876.5854468147663,692.8835777881966,485.48360,4854836000
895.1149326014519,704.0780685055298,485.71200,4857120000
933.0261036546198,721.3093161036395,485.95150,4859515000
965.5320746215277,684.1707700337271,486.17170,4861717000
973.9149072165079,706.3733684476539,486.39580,4863958000
1059.9733052760678,705.1973130556269,486.63300,4866330000
1094.0162552173394,719.1289711022014,486.85010,4868501000
1024.4186150156129,703.0773207096901,487.06890,4870689000
998.127619421127,707.9517834068922,487.34730,4873473000
1000.7791083882747,733.5927430325727,487.56250,4875625000
977.5800142706278,700.4142584962455,487.78880,4877888000
954.657530457957,698.7629361271947,488.03490,4880349000
981.0929081619648,674.0613833611761,488.25450,4882545000
966.6269759083111,679.7838515311387,488.47610,4884761000
818.9847711179067,629.8629809046372,488.69620,4886962000
709.661087358283,514.1571634845495,488.90940,4889094000
569.1606425756851,424.20638854313904,489.12710,4891271000
570.5836032560854,375.74205200705427,489.34520,4893452000
662.4742665689341,320.185055558822,489.56010,4895601000
744.7695388030733,254.36996297917955,489.80010,4898001000
757.4500796869895,223.06510121344868,490.01970,4900197000
707.325234762125,290.3647615799572,490.23620,4902362000
662.6161767060238,354.1146242217069,490.44810,4904481000
707.0335493040603,414.3032157002459,490.67610,4906761000
599.2893162067606,476.2341791534803,490.89770,4908977000
635.7159791347508,551.5100840436246,491.11970,4911197000
712.6457889715326,601.7301655152808,491.34400,4913440000
758.6234341586611,632.9222246892909,491.56430,4915643000
770.4755761672627,680.6426182584137,491.78420,4917842000
805.149182113122,684.9626618267029,492.02420,4920242000
819.6207742130556,707.4831097779337,492.24410,4922441000
786.1037331961898,756.869580569116,492.46010,4924601000
790.2666266761311,734.6437184586948,492.67610,4926761000
819.1214328020232,763.657809776567,492.89140,4928914000
815.8552366973742,788.9218970282851,493.11250,4931125000
796.3985100467685,793.0547243615769,493.33480,4933348000
777.5151097551226,804.0280219077675,493.54580,4935458000
716.1190006910952,791.0240714739699,493.76490,4937649000
742.2264516635296,749.4067349645602,493.97480,4939748000
772.0380369981657,732.6754189273531,494.19710,4941971000
762.7790816189688,729.9181503438452,494.42500,4944250000
831.4886824782329,756.1604536121781,494.65540,4946554000
876.8775899278863,745.6262466991838,494.88800,4948880000
932.9377746900011,797.1023343335601,495.13410,4951341000
949.8341798629713,803.4059445598863,495.36110,4953611000
959.4441504106787,797.7017065016128,495.58300,4955830000
992.7739812243369,781.3289526946833,495.80870,4958087000
1048.2881645270202,819.4812934118097,496.04310,4960431000
963.8129533637634,815.6566165252627,496.26900,4962690000
965.473469547496,809.5876858580058,496.48250,4964825000
1032.2872075648897,818.5754738071905,496.70610,4967061000
1034.488203363748,768.8690702923766,496.92920,4969292000
1047.5155173518476,724.9476433755314,497.14450,4971445000
1066.336793113966,719.8568609953483,497.37640,4973764000
1002.6998103469078,729.8881590959305,497.58910,4975891000
987.4595919840831,730.4606634337879,497.80290,4978029000
971.2500066382242,716.6600612786681,498.01790,4980179000
923.3857879685011,711.2124320998624,498.22880,4982288000
889.7258096766001,737.6217075017798,498.45300,4984530000
883.5736467997758,741.3728382306177,498.67720,4986772000
911.6925915350664,714.3220187912949,498.93790,4989379000
898.1676571928886,658.126597988084,499.19800,4991980000
886.7805266845611,587.5538784755232,499.43530,4994353000
873.4178258890528,509.82406987888544,499.66320,4996632000
917.0791817256663,528.8094204369826,499.93530,4999353000
967.4372990869219,582.8110035595398,500.15940,5001594000
996.1719932511414,569.4401404257271,500.38310,5003831000
1043.3522505307567,557.1800972890665,500.60670,5006067000
1003.7741473591451,574.698892585197,500.85700,5008570000
1031.9407398699625,550.5489090217482,501.08190,5010819000
993.5307504272646,588.3752839221129,501.33300,5013330000
968.320220032477,590.7137563649367,501.58940,5015894000
935.0086367318954,615.7369673483923,501.81430,5018143000
890.5815674669378,680.1169994901128,502.08020,5020802000
863.4244020538536,731.6992653221569,502.29450,5022945000
829.0910651016508,721.3631871522036,502.52330,5025233000
798.8637015162687,715.0362625057427,502.76550,5027655000
839.471318142806,704.4801916556962,502.98860,5029886000
788.9752776775712,724.9515255293992,503.24150,5032415000
746.1312699894835,781.3157424924161,503.46520,5034652000
731.6759129193816,759.8760568189462,503.67600,5036760000
696.786868668763,760.4882481703547,503.89060,5038906000
678.1924936935086,785.4603234771446,504.10730,5041073000
708.7838731267794,793.0989284891757,504.32840,5043284000
797.3607847213444,789.923175286062,504.55440,5045544000
822.3330150815472,764.5347460798957,504.77510,5047751000
842.0236828433058,771.8019702580618,504.99410,5049941000
864.6883348186975,752.9690639448634,505.22640,5052264000
933.8729289918883,722.6187899486921,505.45370,5054537000
983.722080503408,686.2703096677313,505.67960,5056796000
992.8380500670017,659.2202928759251,505.90250,5059025000
985.6484410621827,665.4864113744837,506.11860,5061186000
963.2726807189794,673.9466239359368,506.33980,5063398000
996.2588001771508,659.6282448129002,506.57040,5065704000
1010.4957143070335,659.9382238110093,506.80840,5068084000
952.152746944921,679.1005784641577,507.03040,5070304000
945.7040305926287,696.6206988695411,507.26010,5072601000
934.6105839457306,702.8911359310982,507.48640,5074864000
904.5549257242753,717.8427592551767,507.70230,5077023000
907.2808987181231,691.3962010127913,507.92140,5079214000
854.8902958576332,680.0424747013831,508.14010,5081401000
754.9989238095068,727.8273648061398,508.36000,5083600000
752.1773370786552,749.1109649802986,508.57740,5085774000
705.1323459044513,767.9514479609146,508.79320,5087932000
704.6669573011229,794.9087569793801,509.01170,5090117000
765.4362667164701,790.0998055951085,509.22710,5092271000
817.3844526921425,811.1171374292409,509.44260,5094426000
865.1553711373901,853.0626720118493,509.67510,5096751000
914.8885004659263,785.6639686960622,509.89660,5098966000
917.5904150720356,755.9181554849071,510.10330,5101033000
874.8865446959229,759.5883226682743,510.32310,5103231000
845.5959958083696,771.5456979328352,510.54340,5105434000
884.1232996361921,714.2928889692544,510.75160,5107516000
952.8575507615426,675.9822512276602,510.97860,5109786000
965.9866375480497,649.7870200914723,511.19880,5111988000
1017.9211772814073,612.4217514779766,511.42200,5114220000
1051.5686234344382,645.3587942025674,511.65600,5116560000
1069.557556714899,711.2248341391921,511.90920,5119092000
1054.6372424585095,739.3125910160452,512.14440,5121444000
1041.3862065035069,775.3499205019714,512.35920,5123592000
1029.1232631778723,793.08840867123,512.57480,5125748000
1036.7773009039706,791.6108320243835,512.79860,5127986000
971.4693982100298,744.8768322556889,513.01660,5130166000
978.4090494887939,740.2354348563931,513.24100,5132410000
1041.7219300096267,703.2274507680208,513.45860,5134586000
1039.1951466793687,702.1348309671401,513.70090,5137009000
1057.0710738895775,741.6204883329468,513.91460,5139146000
1066.8227690723672,808.9801623147744,514.14140,5141414000
1054.8199872294272,833.8506117713729,514.35360,5143536000
1029.7955546081123,852.6372519564569,514.57440,5145744000
994.8339983178759,864.7206357434712,514.80450,5148045000
940.1624135850403,849.819736721296,515.05860,5150586000
925.3505513418376,837.6698264555098,515.26720,5152672000
928.78070050906,832.5371281906799,515.48920,5154892000
994.087540858284,850.4901686370822,515.71050,5157105000
1054.4044372168116,843.7694907964151,515.94120,5159412000
1105.5375302752605,799.0988019164769,516.17350,5161735000
1052.333737416132,788.3496802377454,516.39700,5163970000
1062.3298070657243,771.93803033523,516.62110,5166211000
1081.16467966497,780.1603313338562,516.83650,5168365000
1045.937399099212,784.9306233202209,517.04960,5170496000
1070.2819026988134,761.6633471749353,517.27240,5172724000
1080.3111029724591,777.2320583924335,517.48610,5174861000
1113.3836714141075,745.2926943714547,517.71320,5177132000
1056.2991831734487,751.1273532764117,517.93050,5179305000
1085.4323361197958,752.9307804641724,518.14650,5181465000
1115.7092529246638,745.5958258788603,518.36360,5183636000
1160.3344080466152,739.2768562457402,518.57910,5185791000
1163.8479647037657,677.3462219700582,518.80150,5188015000
1133.3679644309645,659.5159629541873,519.01880,5190188000
1090.9146781509073,625.4416426026895,519.25150,5192515000
1022.5168980569389,626.5766909888988,519.47060,5194706000
1085.990163584663,640.1835248761612,519.68220,5196822000
1078.1773602677638,629.0122833871067,519.89960,5198996000
1067.3824233006158,624.3096351092494,520.11950,5201195000
1044.2339570807371,663.5976137517904,520.34280,5203428000
968.8662275743294,709.564556634657,520.55720,5205572000
982.1472622020221,702.0194463209672,520.76470,5207647000
968.8412835737537,744.2260966717431,520.98520,5209852000
983.9913286732375,742.0482374644345,521.21080,5212108000
1025.7095881340322,759.3231427422442,521.42620,5214262000
994.2820890481687,779.9785600285151,521.64120,5216412000
996.4106347786292,806.4822605600224,521.85490,5218549000
946.4528163169736,816.8211132482053,522.08090,5220809000
914.6469760478541,775.72464434157,522.31030,5223103000
979.1368220992515,766.5904185908454,522.54320,5225432000
1005.4425865953606,777.4234287377272,522.77110,5227711000
955.0345080492117,798.9184396042808,523.00450,5230045000
898.604418826886,815.4639003772558,523.21430,5232143000
935.0441653294807,840.8493717527809,523.42210,5234221000
896.3436087255367,854.4721787184895,523.64100,5236410000
821.1889953458383,842.6207733401276,523.85560,5238556000
757.7380437660485,851.4629998242964,524.06810,5240681000
729.9257507235039,835.884415868852,524.27810,5242781000
764.540628775107,823.8657573546423,524.49730,5244973000
787.849844052571,779.9356307614482,524.70250,5247025000
723.2920994737003,749.9831091329397,524.93970,5249397000
746.6614706723997,716.7210499492431,525.15850,5251585000
780.239463893475,657.7720117616426,525.39840,5253984000
829.61906436974,638.1202125815443,525.61190,5256119000
851.0727594652355,644.0217082063064,525.82620,5258262000
877.162287091786,628.7228850544312,526.04370,5260437000
842.74596376426,651.5032240172766,526.25810,5262581000
781.4062992118326,652.7302152607174,526.47460,5264746000
734.8080075524483,645.7149678148526,526.69290,5266929000
814.0923041758865,638.3104546320944,526.90850,5269085000
784.3351834681864,649.3996272780771,527.12870,5271287000
756.3669129716209,685.098293366222,527.36110,5273611000
753.4633723171819,660.7833205914214,527.59620,5275962000
753.1648979353251,643.651383276792,527.83210,5278321000
773.5822491461557,670.4832340367901,528.07740,5280774000
809.1409294661023,682.5860827243523,528.30310,5283031000
791.9542870078736,726.6479439252406,528.52060,5285206000
771.694764256495,770.4511220535717,528.77830,5287783000
742.8954660893933,816.458807648627,529.01460,5290146000
714.7790915784807,828.4039474797122,529.23840,5292384000
686.6398403112855,802.9923336585338,529.46820,5294682000
737.8873074017471,809.2731074822349,529.67930,5296793000
766.3716419315801,753.7103484735867,529.90130,5299013000
818.133054054941,718.4158508530237,530.11830,5301183000
748.8643221005251,739.1539823739017,530.34330,5303433000
754.8869115496238,725.1591669654453,530.55900,5305590000
713.4398747186676,715.7495976486646,530.77540,5307754000
734.0923675116933,731.6546681972588,530.98250,5309825000
617.9395249218549,616.5989675307533,531.19600,5311960000
526.6129573245928,506.6092307601919,531.41120,5314112000
492.32907776170623,452.5840757581484,531.62550,5316255000
469.78917221583356,513.639905484687,531.84480,5318448000
406.77525502122734,495.44173923358545,532.08940,5320894000
502.0966707559061,401.6943248567823,532.30150,5323015000
555.6439815538914,363.8118150496355,532.51820,5325182000
633.7632275426238,372.8268295751023,532.73870,5327387000
703.5991565817793,358.73886413302216,532.94530,5329453000
853.4514143450107,333.20720556114605,533.17760,5331776000
990.1821884920599,326.79361532436496,533.38650,5333865000
1013.7930835461867,367.27297201402365,533.60510,5336051000
1185.5816158746263,347.851256192953,533.81120,5338112000
1286.9981637553678,311.52610448336907,534.02200,5340220000
1245.0995539559558,382.1303323031167,534.24030,5342403000
1106.9574485292283,425.45723566882236,534.45060,5344506000
916.1482843036453,421.08293683988956,534.68180,5346818000
651.640711742881,401.01297535138883,534.89870,5348987000
652.4252910566876,393.38232334752485,535.10590,5351059000
634.1800583877279,367.3907794395018,535.31590,5353159000
613.3574326035591,364.1135726406072,535.53530,5355353000
813.5052162372413,296.53541533829343,535.75120,5357512000
1027.1893750400907,298.0522094372815,535.96600,5359660000
1003.7081022338684,289.7388412577079,536.21970,5362197000
1051.676530182402,331.943559077833,536.43970,5364397000
1100.108758112449,335.6276909414503,536.66300,5366630000
1169.2255906149894,321.0958835277108,536.88730,5368873000
1143.0479760458286,297.50013974164307,537.10430,5371043000
905.4122327698881,267.9744031904506,537.32050,5373205000
933.5083098466422,368.26224508081873,537.54790,5375479000
742.864253094082,354.1939616242995,537.77430,5377743000
731.7438629400997,303.32887492396884,538.00830,5380083000
716.959860172436,247.17636830582146,538.22620,5382262000
655.7467447767833,338.7213007726772,538.45360,5384536000
627.0318028639655,303.5952640367702,538.68750,5386875000
583.5760911639311,320.5090519005034,538.90960,5389096000
667.7972371457636,312.16341279803993,539.12750,5391275000
631.4638276794535,242.49175083223514,539.34160,5393416000
667.8336012199208,253.2672618451899,539.56280,5395628000
782.8338389803786,261.09157451962284,539.77890,5397789000
740.7413034300841,189.86826163787987,539.99420,5399942000
640.9717533439214,271.2913289671034,540.23100,5402310000
633.5704733747223,330.21237372555026,540.45250,5404525000
544.9018007356258,283.03958383495785,540.67570,5406757000
606.0925584472986,259.82620358139883,540.89670,5408967000
621.8980464649387,240.64255860453434,541.11950,5411195000
683.5112900908762,275.00156378942415,541.33710,5413371000
765.0130286006271,408.0062605199587,541.55580,5415558000
847.8531740232633,454.06035891742874,541.77640,5417764000
831.8278942939347,438.0829727806618,541.98780,5419878000
884.2402755867012,459.23232821969157,542.20860,5422086000
848.6961027188177,480.95181120167484,542.42580,5424258000
760.845882530661,515.404465451434,542.63980,5426398000
777.1520187836717,562.9824449963817,542.85290,5428529000
848.9283255138956,476.72149902614353,543.07260,5430726000
879.3691967736386,423.5958157562422,543.29510,5432951000
883.9583395900925,497.10335219771207,543.54340,5435434000
714.7282078573676,483.79023680690926,543.76900,5437690000
570.9204505485419,483.87727136897183,543.98490,5439849000
516.9886158253412,540.2497261864329,544.21050,5442105000
537.9896004081257,560.0443982530253,544.43110,5444311000
697.622819535093,593.6907717344397,544.65040,5446504000
814.7334463109056,632.461141042486,544.87020,5448702000
825.7794868879554,660.8663664229294,545.09570,5450957000
936.0090578090817,665.4404747428453,545.31910,5453191000
1005.0416189773899,689.1443129684844,545.53700,5455370000
1081.968937016565,668.1565005581207,545.75220,5457522000
1094.0375560449686,652.8088033072474,545.97300,5459730000
1088.5054055742994,569.1398713049567,546.19050,5461905000
1111.1951452478013,480.22936319766075,546.40940,5464094000
1096.5875454396803,447.8483278759423,546.62780,5466278000
1041.2653699766354,467.5623574625392,546.84500,5468450000
1071.178213953803,504.33073923731484,547.06930,5470693000
1083.0147979144401,507.8169468060547,547.29870,5472987000
949.0962239505866,454.1499808247165,547.53290,5475329000
915.0937307549025,347.0245765712913,547.75030,5477503000
958.5846026683819,266.73619102277445,547.96970,5479697000
1021.2722074991372,212.70183865067787,548.19410,5481941000
835.5133646264272,205.4513124482126,548.43110,5484311000
677.1723152219186,164.49177178876369,548.64400,5486440000
773.8754967757425,158.4867440888665,548.85720,5488572000
851.7685410823891,184.6860377941784,549.07510,5490751000
853.7204199538616,327.5562324446812,549.30620,5493062000
900.6568498345137,388.06349971230725,549.52750,5495275000
956.891683275369,427.07343459019484,549.74630,5497463000
978.526001536396,415.43606278765924,549.96650,5499665000
1058.8215389776653,379.3952623864507,550.18700,5501870000
1058.9780216857253,380.39867148823697,550.42120,5504212000
1123.0760443976217,370.25827050191964,550.63790,5506379000
1091.6758625627265,374.5243636839605,550.85370,5508537000
1146.1003906163805,425.56477276009406,551.09700,5510970000
1129.19410221936,471.3108262483853,551.31740,5513174000
1062.537993021883,520.3684376854192,551.54640,5515464000
1152.1295875304493,608.2725055950464,551.78180,5517818000
1199.5527125758074,625.5046225553742,552.00710,5520071000
1215.9654829988895,611.6144687450881,552.22290,5522229000
1173.050363789536,599.7597425576313,552.42990,5524299000
1140.512719818089,612.5999078174003,552.63710,5526371000
1046.6876662992613,587.0718280006996,552.85000,5528500000
1035.7709563412186,591.0268291071585,553.06900,5530690000
1028.4264287838328,583.5879943279035,553.28990,5532899000
970.2134865498487,627.024597882598,553.52890,5535289000
926.0254509677734,632.8533078585035,553.75520,5537552000
963.1494118068312,638.2809907454096,553.98130,5539813000
975.1055929022252,672.7882849405844,554.19790,5541979000
1033.773796494397,688.1429632513317,554.42170,5544217000
1035.42168893797,702.2490475052286,554.66020,5546602000
1055.5055094406298,727.0482807941892,554.90390,5549039000
1025.040901899383,742.3563594667062,555.11680,5551168000
1057.0290076390233,769.3077393354623,555.37400,5553740000
1056.5867185367636,747.5381588784625,555.58750,5555875000
1059.9489588672873,768.9614994719087,555.80890,5558089000
1051.9641766828179,796.8815531838492,556.02460,5560246000
1041.6616614587324,788.2797596054779,556.24200,5562420000
1045.2843357007766,800.7243365115468,556.46170,5564617000
985.8309341575424,787.4935552409881,556.67040,5566704000
1028.944812315562,796.6550262717368,556.87700,5568770000
1078.8644336336783,787.0625034958505,557.09420,5570942000
1016.4393891643166,725.9128932739314,557.32470,5573247000
999.7718880513902,683.265759726729,557.54180,5575418000
977.3723503461174,689.405451013532,557.75430,5577543000
948.2270592173202,688.7183019491132,557.98070,5579807000
921.2217833077523,715.9726525136147,558.20010,5582001000
908.9540017616944,728.3837307020767,558.42300,5584230000
990.3530062271731,726.553753196176,558.64680,5586468000
1013.6829705983374,659.2496424575377,558.87810,5588781000
1023.7324471384309,615.1069084829826,559.10760,5591076000
1015.8311321015036,567.7159552161924,559.32890,5593289000
1027.3823674040732,547.9774044607311,559.54470,5595447000
979.2665623655002,542.344182877722,559.77040,5597704000
931.5862152483853,509.4363779365017,559.99410,5599941000
954.5233949593166,552.2935820586612,560.21590,5602159000
956.0560587013941,553.0266696025473,560.42620,5604262000
960.2939319165691,596.9730550984277,560.64870,5606487000
902.3330203752727,609.6747389967884,560.86070,5608607000
900.7581481263431,673.1780284264445,561.08690,5610869000
913.2380146655171,617.3658391599029,561.30850,5613085000
922.5834935521391,539.6836220469933,561.53340,5615334000
953.490132708087,487.45798842802554,561.78180,5617818000
1001.1500696949363,504.52229368225346,562.00780,5620078000
1007.2359831773562,519.4134187233186,562.23430,5622343000
989.4968775799549,514.3364865686347,562.46150,5624615000
1005.9813584994772,496.27500361407965,562.69920,5626992000
885.7970988707764,435.45484239837515,562.92420,5629242000
815.1591968328023,381.90908673358535,563.14530,5631453000
827.5100752351524,320.76337748093124,563.41910,5634191000
857.726557686052,365.53199523305847,563.64570,5636457000
798.9072840243327,388.4456282755245,563.87060,5638706000
853.3591724642116,354.6384045648258,564.08960,5640896000
945.5212876285074,319.82888791375774,564.36500,5643650000
931.3849052663976,362.54377177974663,564.59840,5645984000
943.2606181010045,411.5655600609058,564.85620,5648562000
923.9809353405578,392.42741142911154,565.07190,5650719000
959.7631608534821,369.8596522839671,565.28690,5652869000
885.2245618726305,384.48555921729394,565.51890,5655189000
966.0269605553824,359.8743542698746,565.74100,5657410000
1060.3971523480534,359.92866072523,565.97240,5659724000
1122.1872693003222,350.69974117149076,566.18390,5661839000
1105.615434025731,392.10369583281465,566.41810,5664181000
1116.22460885299,371.4053388477698,566.68530,5666853000
1138.6420361852568,374.0656263381771,566.91620,5669162000
1123.1090358678084,370.78429551441974,567.15080,5671508000
1118.1824773223589,301.654005763108,567.36770,5673677000
1067.9044042811374,363.9783253480954,567.60300,5676030000
1007.9277219808242,388.6998413003628,567.81610,5678161000
955.668663564318,401.4016932207213,568.03430,5680343000
993.4638194984251,414.1888499942811,568.29850,5682985000
949.9653846167049,480.2810845533683,568.51220,5685122000
928.0864762275309,516.9574408889055,568.78210,5687821000
855.0729636316026,602.2016746222941,569.02370,5690237000
951.2818870167282,565.3100825927249,569.25250,5692525000
774.635082142013,497.0064752611029,569.50500,5695050000
669.7293448075573,477.6986521891247,569.72220,5697222000
722.159526161606,381.9021499125477,569.95920,5699592000
848.6127691008481,362.31202982905177,570.21690,5702169000
804.5056973656347,392.925526727785,570.43740,5704374000
827.1572780722621,405.3432687699815,570.65220,5706522000
821.3873544908078,424.0451572812336,570.88070,5708807000
690.9204358874847,421.0588808860165,571.09650,5710965000
605.2150630749267,448.7126011848934,571.32020,5713202000
698.1315586137214,461.8812371817113,571.54820,5715482000
871.9540128708549,575.5762276170494,571.77190,5717719000
945.6906670817247,621.1852297278004,571.98970,5719897000
960.2118256452237,599.2195031730939,572.21320,5722132000
1016.2984019635028,614.4042029793808,572.45240,5724524000
1049.237093048414,668.5060775521484,572.66610,5726661000
1017.1628586408506,714.3819463265,572.88330,5728833000
1098.7977481807052,742.9601166457481,573.10530,5731053000
1167.1366350525038,765.8683627153025,573.32310,5733231000
1149.8260681008342,735.239404283717,573.54200,5735420000
1208.475877173895,741.6091170644581,573.75820,5737582000
1215.3190975243976,734.5898771542492,573.97400,5739740000
1247.7224670341839,703.5541965605978,574.18570,5741857000
1244.4282451154966,694.1050049439251,574.42360,5744236000
1291.844072733175,683.8501664369672,574.64430,5746443000
1241.5714428942217,660.6063033986596,574.86350,5748635000
1204.4307658721737,643.5662409755095,575.08640,5750864000
1164.5848310488486,681.4221728589423,575.30530,5753053000
1119.665898285919,712.5391054877566,575.52710,5755271000
1055.270978159348,756.3157796624338,575.74110,5757411000
1036.0685706524794,753.3028548822347,575.97510,5759751000
997.6361503215402,743.9056369015866,576.18570,5761857000
991.8661431240924,704.2094684703178,576.39670,5763967000
974.722713245826,668.1322206335333,576.63670,5766367000
1030.1260405632274,627.0200858500446,576.85720,5768572000
1028.6354671733527,657.6121237818173,577.08990,5770899000
1001.8920506923258,652.6575255611386,577.31670,5773167000
1015.8926277631101,647.9267110714812,577.53290,5775329000
984.7996227251508,583.978169468579,577.74480,5777448000
1022.0352694207726,529.6253119436075,577.95790,5779579000
991.1163921074764,489.40441083379693,578.17280,5781728000
1001.9783265703943,456.9118071150961,578.38520,5783852000
981.3182986072087,436.0443981884299,578.59920,5785992000
930.1657292565128,433.59598495245973,578.81530,5788153000
879.0255356649255,528.4039176571746,579.05160,5790516000
913.9758912312979,547.4412832644435,579.27160,5792716000
898.1698093602275,572.3507186923765,579.48300,5794830000
908.9709296560109,606.5874462554767,579.70800,5797080000
942.2133597270252,606.7205102802129,579.92150,5799215000
1002.267722617208,611.6366089435571,580.13960,5801396000
1000.1372818197312,652.9533400975989,580.35880,5803588000
1064.7525938987521,665.8410952340496,580.57850,5805785000
1045.9839807979401,643.5107208198618,580.80960,5808096000
1013.968131063642,604.5775507270871,581.03970,5810397000
1011.3054079358941,653.6659275423776,581.27340,5812734000
995.8291239812789,671.0486465521227,581.49190,5814919000
949.9347889943717,651.4886649766008,581.70500,5817050000
939.2085675762244,664.7417420677168,581.92590,5819259000
1001.2894997053936,615.813940226025,582.15210,5821521000
980.8498999002232,538.2229869631813,582.37230,5823723000
984.0881547199402,436.9337535359197,582.59980,5825998000
1013.3457164663586,337.7111225898766,582.82420,5828242000
1027.4908738078022,346.1561186014709,583.04760,5830476000
848.225559762023,311.77447483543517,583.27050,5832705000
899.0661313268808,388.8625193721067,583.49710,5834971000
940.312859798038,416.29330130320454,583.70820,5837082000
984.2076172960154,385.27962648507355,583.92830,5839283000
1006.9585417452515,428.97085747110214,584.14050,5841405000
1039.4669286062394,464.83324870853255,584.35540,5843554000
1098.0106332683142,444.67874472798525,584.57560,5845756000
1057.59497474042,509.98097156821905,584.78940,5847894000
1076.4580108966875,503.5748807971163,585.01540,5850154000
875.2896183008365,455.50391282057353,585.23830,5852383000
784.4967126379698,352.6469056858392,585.45300,5854530000
735.6294605973694,330.29734302712757,585.67560,5856756000
698.4495300801213,298.53428722213795,585.89430,5858943000
560.7802107733562,253.62638041014964,586.11460,5861146000
568.5752840315777,377.5877716000297,586.33110,5863311000
654.1302742270242,467.81155975864885,586.56960,5865696000
766.8495063408109,504.871822416042,586.78200,5867820000
769.3814850152792,434.9927026911797,587.00920,5870092000
672.8182907118272,403.6090217493757,587.23540,5872354000
680.6462695476921,381.02006700364495,587.45260,5874526000
560.2858576038494,376.4386703091099,587.67730,5876773000
752.4611073996357,439.07329355726154,587.91290,5879129000
677.1770076386499,435.8254582627579,588.15290,5881529000
727.2688050375476,391.6540599861506,588.37940,5883794000
809.6574291062927,362.5657729234003,588.59910,5885991000
817.2418333645675,298.9556742016784,588.82590,5888259000
753.0620643207984,262.4445837181925,589.05000,5890500000
746.0198099851906,278.1900127707415,589.27450,5892745000
791.730188032483,322.219158097726,589.49460,5894946000
801.0252446842484,305.16678429913867,589.71900,5897190000
813.921953364078,322.6305016190061,589.94520,5899452000
949.7091758814364,367.5465707260574,590.16820,5901682000
1006.6569674639705,378.33237215718816,590.39550,5903955000
1086.027610112432,419.750909711708,590.62310,5906231000
1020.641748758004,493.64055261460527,590.84090,5908409000
919.0769796643876,401.1034044242041,591.07010,5910701000
919.9126154304846,402.8837629107009,591.29570,5912957000
912.8083332713849,425.7675240845644,591.57100,5915710000
933.3002200784896,383.908411531136,591.80190,5918019000
983.7171282562036,446.06722391930373,592.01710,5920171000
1001.4205785845373,513.1823473239514,592.23320,5922332000
953.1184942010585,505.9657583532179,592.44970,5924497000
898.3355838483709,417.0311296677807,592.66990,5926699000
903.1994946579553,402.4704248007099,592.88500,5928850000
828.3670067509132,451.82055018254863,593.09800,5930980000
937.3949716329272,416.47378526389156,593.31100,5933110000
1031.180332296967,414.226592177334,593.52860,5935286000
1044.7463087495166,374.3068727071395,593.75420,5937542000
1113.446344668123,429.0458211963253,593.97330,5939733000
1101.6239238912146,449.99740335598824,594.18710,5941871000
1189.8152017747175,515.2399155932056,594.40970,5944097000
1211.0605528286285,577.5028548278467,594.63240,5946324000
1183.6538762292737,643.5364431246652,594.85740,5948574000
1204.2826778035183,603.863112222587,595.09900,5950990000
1266.952927686383,445.3060139192566,595.31970,5953197000
1329.4945352934076,366.37919413544137,595.54680,5955468000
1287.039176401383,398.4342520871123,595.78700,5957870000
1280.8719584158425,461.10815731447684,596.02140,5960214000
1277.7611617097302,495.2826766122786,596.28640,5962864000
1246.5584481379415,530.405384029669,596.50640,5965064000
1246.5111178086227,537.2194677248374,596.73810,5967381000
1136.8246807356638,508.72473467589765,596.97200,5969720000
906.0496579058416,481.4038002511668,597.19770,5971977000
869.7854766882892,446.8165023193724,597.44080,5974408000
781.9431215747438,370.7143266116268,597.65820,5976582000
870.2223110607,369.80975045626064,597.88250,5978825000
929.1609966495248,419.614083047459,598.11040,5981104000
926.7884333713723,440.0168372939436,598.32420,5983242000
972.876863902151,509.7147827595145,598.54090,5985409000
1085.0569552133124,508.6104424602639,598.76100,5987610000
1060.5590959310816,442.9824172522707,598.97360,5989736000
1118.1158928782088,549.6052704780532,599.22880,5992288000
1147.9110303272519,571.2269114662834,599.46450,5994645000
1172.361294242633,605.1043881699717,599.68960,5996896000
1112.1888669159032,521.0175480736359,599.90820,5999082000
1082.5541022110137,435.523602397782,600.17960,6001796000
957.7180199697606,389.02989033520237,600.41060,6004106000
904.3649577107009,342.1033297018642,600.62960,6006296000
878.5733192311126,312.42138289944523,600.84850,6008485000
849.8493604528659,350.7840784151303,601.06590,6010659000
867.8767475207399,392.1735205594602,601.28070,6012807000
867.6259139384828,404.2246078137735,601.49500,6014950000
859.229887315463,474.68873268078494,601.71130,6017113000
846.7482625783545,526.4724388727184,601.92840,6019284000
778.8531003084436,507.7520684734254,602.14190,6021419000
794.6842408776552,534.1063926935781,602.36380,6023638000
810.8869522798393,503.8218944027516,602.58440,6025844000
837.2305098831218,541.3215201073554,602.80780,6028078000
831.5975208466988,549.7509167980575,603.02050,6030205000
860.9557718557189,571.4101438771424,603.23540,6032354000
925.0294257781263,572.6872732557189,603.45410,6034541000
933.7432656665292,567.9645578773477,603.67670,6036767000
957.1195914147124,609.6241122814549,603.88940,6038894000
964.9657935260072,638.3627006612885,604.11000,6041100000
993.9188411004496,621.2649807170001,604.34450,6043445000
991.6694301016207,595.3015462054053,604.60050,6046005000
988.5000810808954,639.3029519344017,604.84140,6048414000
947.1282015066029,646.5605872225179,605.09700,6050970000
909.9045284602873,635.5348431725806,605.30640,6053064000
950.6052626520659,654.0472717473518,605.55820,6055582000
949.5843550935109,629.721930349649,605.77090,6057709000
1018.0700238980721,540.5232439237398,606.03090,6060309000
1078.9584487630912,567.9092393956823,606.26390,6062639000
1073.3723364593736,641.0134379814608,606.47680,6064768000
1027.4619310911917,588.7655700056886,606.68590,6066859000
1019.1467131083664,577.3059686343544,606.93470,6069347000
982.8488459510179,579.8028406589959,607.16220,6071622000
924.5810658628477,554.5451571144542,607.37320,6073732000
875.8018746349132,470.52559378363566,607.58930,6075893000
877.1314555264307,458.3827520798598,607.81880,6078188000
929.5558025742216,418.629801036929,608.05540,6080554000
1031.6581626034854,267.63422265191224,608.26680,6082668000
1179.8441555532222,293.8728049384836,608.51920,6085192000
1086.9369824971263,288.4681616825451,608.75770,6087577000
957.4297316714126,303.7225961780789,608.96770,6089677000
848.4063530005473,395.533298617167,609.18260,6091826000
718.6553584513218,457.7585577076228,609.39860,6093986000
654.9177261547754,518.8517017488037,609.63960,6096396000
590.7355296781778,539.1411974066231,609.85900,6098590000
600.1341773940529,591.0892752219846,610.07440,6100744000
686.8351871078319,589.5101759352553,610.33700,6103370000
730.9993402379874,627.1404004406689,610.58880,6105888000
774.5852082145703,611.595294187666,610.81060,6108106000
778.6608566408007,618.2993168643004,611.02240,6110224000
786.9888163981528,501.8914891836614,611.23470,6112347000
807.2147260974906,421.7845964378048,611.45300,6114530000
808.8764379539452,328.94188454267874,611.67080,6116708000
666.9676890903443,291.9635011841052,611.89480,6118948000
586.2577347447818,280.4640806150192,612.11440,6121144000
755.0177594311102,337.0929744259595,612.32930,6123293000
792.4646411789764,349.5148362040866,612.54590,6125459000
899.9958986117067,427.89408386780127,612.76310,6127631000
978.0368846692521,492.5312025938415,612.97110,6129711000
844.008239076187,363.13251234262077,613.18640,6131864000
867.9609320587268,328.6899070652619,613.40430,6134043000
871.9638286360474,417.1505374279334,613.61600,6136160000
693.2905557397048,346.9592835551978,613.84030,6138403000
578.9959870678019,302.19586889040943,614.04870,6140487000
567.603416700127,312.99381054681845,614.27620,6142762000
597.9027135319467,273.22701245147465,614.49290,6144929000
672.1492416912519,300.243311903633,614.70910,6147091000
652.1136352106438,309.1522244370605,614.92440,6149244000
686.4037819397513,360.0651208480732,615.14550,6151455000
782.5332437555969,415.7691954389927,615.36690,6153669000
892.2826300583199,401.5645518929572,615.57920,6155792000
954.3588258247759,380.9525958395649,615.79300,6157930000
911.96979744075,332.8090031220446,616.00650,6160065000
825.4646443000936,321.14133300231293,616.22040,6162204000
713.4546362902653,325.9019960872894,616.43950,6164395000
706.690246195978,398.92015426267574,616.65410,6166541000
777.7595368307716,457.8065721729835,616.87700,6168770000
796.850413449089,492.1169366647954,617.08600,6170860000
773.7525921423382,469.59317929503175,617.30960,6173096000
740.9127970020879,413.6131660683475,617.52450,6175245000
647.8949878162088,409.1838474274844,617.74110,6177411000
775.1541420612377,377.489742646072,617.96100,6179610000
896.9449642798792,370.09427151935415,618.17620,6181762000
1005.3341233380186,297.01025633909353,618.38990,6183899000
1167.3280115563575,248.49095971290777,618.61830,6186183000
1175.5500863668628,360.7268063189123,618.84280,6188428000
1045.1386881410817,448.4359884638525,619.07100,6190710000
904.6967191759818,476.9372684306372,619.28560,6192856000
845.6229078202936,529.7842679041619,619.49890,6194989000
863.4074921834439,590.2437973516024,619.71520,6197152000
746.9726507580211,604.9829315345071,619.93740,6199374000
838.1134229476411,626.7791003710034,620.15410,6201541000
935.0666823415422,668.6557031395464,620.37770,6203777000
994.4375018687228,688.925263049879,620.61250,6206125000
1044.1813493441746,711.9987393700999,620.83220,6208322000
1010.0322146547978,786.779900214047,621.05100,6210510000
967.8663297156736,826.7905752321527,621.27120,6212712000
935.531685261304,805.7923449432499,621.49640,6214964000
831.3545435047682,787.7795199099298,621.71070,6217107000
744.7280724757123,737.3829886747525,621.93000,6219300000
859.8101226572268,695.7957100594183,622.14350,6221435000
871.1621682939503,668.1100701510463,622.36170,6223617000
908.3968770382397,610.6931259734071,622.57630,6225763000
892.7545240187989,561.728536783274,622.78990,6227899000
724.9584732073454,557.2454343792199,623.00490,6230049000
668.4025753371901,528.1331969182278,623.21750,6232175000
646.9622778547497,545.6570267733667,623.43480,6234348000
712.9596411440978,549.6674624496657,623.64880,6236488000
724.1097590045385,576.6716856346499,623.86880,6238688000
750.3709745728025,577.6714984478983,624.08710,6240871000
724.6615171798761,589.184850674768,624.30600,6243060000
755.9629756015213,580.4978196908862,624.52060,6245206000
826.9193643267158,586.5804351981394,624.74620,6247462000
825.1813387500434,668.4233877089346,624.97470,6249747000
892.8447057301464,687.8517961092989,625.18640,6251864000
827.578059423302,669.8338216501581,625.40120,6254012000
804.8027544753528,646.8086859937848,625.61020,6256102000
821.3640168145897,645.9591776859442,625.82060,6258206000
844.076067425998,644.3345741461219,626.03420,6260342000
925.1290240184346,659.6585326014049,626.24210,6262421000
973.5138363766981,636.5952452441152,626.45570,6264557000
1024.2580218877963,635.9002692287662,626.66800,6266680000
1070.9805206127096,614.6354830278883,626.88470,6268847000
1126.0948579567055,591.5999030789474,627.10480,6271048000
1073.8819006220597,567.6786625698827,627.32390,6273239000
1136.236086098408,571.0812445515728,627.54730,6275473000
1122.8545504875526,582.3055654363435,627.76680,6277668000
992.2959777496476,490.82941224978913,627.98660,6279866000
795.2600753123796,444.17396418811376,628.20680,6282068000
666.2367797880424,421.9145204483786,628.42520,6284252000
664.803980205853,365.13884252255826,628.64100,6286410000
533.7365235024855,341.58004856476776,628.86440,6288644000
675.9215357807528,341.6124103815723,629.08150,6290815000
846.4819525056896,276.31355295244896,629.30180,6293018000
1016.9119523674996,226.2157074622496,629.51560,6295156000
922.2126116149418,308.5856838931014,629.74650,6297465000
825.4750323645585,323.85022048927925,629.96650,6299665000
879.0939298250228,313.3686471485972,630.17780,6301778000
895.9017444473609,306.66267397485535,630.40440,6304044000
938.7928371445441,314.42267663247793,630.61600,6306160000
981.9166058331516,349.59786969645165,630.83820,6308382000
980.642704459211,337.89939336155834,631.04920,6310492000
1020.3961270491982,298.98643777733474,631.27070,6312707000
1189.5451241690698,271.93432653247277,631.49430,6314943000
1294.4613511806324,211.61281320639756,631.71410,6317141000
1262.383194386802,230.11805691628726,631.93400,6319340000
1007.2848775516923,243.97127134319203,632.15840,6321584000
828.0804136954157,257.9575450497917,632.40380,6324038000
812.0482210795192,399.5908676114806,632.62680,6326268000
796.3149471455367,454.62431826574414,632.87170,6328717000
800.9686497116745,490.08755420217716,633.12840,6331284000
844.6935607266794,538.3688401229502,633.38940,6333894000
889.1487788057474,510.437652776827,633.60680,6336068000
869.2334018955714,552.3714540903849,633.83130,6338313000
928.1545113870008,585.027063909319,634.07860,6340786000
1009.8641575483996,589.7901984596851,634.31410,6343141000
1013.7826732807041,524.8787545090559,634.53240,6345324000
1053.3662950073892,445.0438955169687,634.74390,6347439000
848.12228437984,393.5074573557468,634.96280,6349628000
693.4248271436782,382.9632069429656,635.17460,6351746000
540.9717792845229,332.93897134856655,635.43680,6354368000
533.8403959528407,270.00613323109053,635.65660,6356566000
497.77441510005536,218.9946371273749,635.88030,6358803000
515.6099254033102,210.29254510902268,636.10360,6361036000
623.0421326139682,299.51223288578217,636.32290,6363229000
718.9297397746143,327.1649820012218,636.58050,6365805000
817.2298842809014,340.58418383393337,636.83780,6368378000
876.9784001106577,348.62703172433373,637.07360,6370736000
885.5797543755327,367.007164341944,637.28520,6372852000
996.8046329100541,360.27172680692286,637.49780,6374978000
1057.0629801776995,391.0424278443764,637.70990,6377099000
1144.1836431247168,349.7045354294155,637.92870,6379287000
956.647895915597,341.5900882890332,638.14690,6381469000
771.4144660872583,335.04508090058596,638.36100,6383610000
623.2366008605862,328.6491502765629,638.57630,6385763000
759.8227441897803,333.7124751730789,638.78830,6387883000
821.0963540192209,365.0696527737234,639.00990,6390099000
926.6168683381305,373.8834673059062,639.22810,6392281000
810.9697661491401,334.7036415011804,639.45200,6394520000
764.097568155461,267.45371510899145,639.66580,6396658000
878.6679957994279,293.0174725345139,639.88000,6398800000
969.705574495375,325.2910098998318,640.10400,6401040000
1066.0932713688953,325.98455517683584,640.32120,6403212000
1125.3169141339383,393.13424601105226,640.53450,6405345000
1023.4187365816863,421.74553351674507,640.76330,6407633000
992.1679816118387,391.84866757908605,640.97000,6409700000
986.4062372266376,365.026609763689,641.18600,6411860000
1013.8299561682894,334.9944854814795,641.40580,6414058000
971.0292832230292,465.06229558556356,641.63650,6416365000
917.3763896278165,571.0543837640588,641.86240,6418624000
884.4324021397697,587.5779142444143,642.09470,6420947000
887.8223579373491,600.6033695116396,642.33420,6423342000
879.0928469978367,620.832351790489,642.56120,6425612000
891.7504313941254,621.2678845258952,642.79630,6427963000
934.1050727500915,658.6265363561525,643.03130,6430313000
985.639116742471,692.4550883981132,643.24710,6432471000
1055.6826684987063,755.2028448482317,643.48830,6434883000
1120.465267894341,705.2179801994032,643.70040,6437004000
1115.1010638666055,642.2582363599837,643.91220,6439122000
1146.1625042855478,621.4604585581906,644.12580,6441258000
1088.3168873884097,626.8927400830061,644.34040,6443404000
1024.8636337125015,619.2247832337135,644.55540,6445554000
1012.7026017201674,652.7113343723145,644.81890,6448189000
950.9078446433509,659.5900667042386,645.03520,6450352000
944.9968918964256,695.3859615364511,645.24860,6452486000
877.9294449943651,690.8408544870663,645.47250,6454725000
909.2713417483458,699.1354489538651,645.73460,6457346000
991.7209593240283,721.4808005407267,645.98920,6459892000
1092.418565180715,687.9839452903713,646.20930,6462093000
1118.3108604528163,710.6855070869411,646.43110,6464311000
1190.448899281826,685.5884519663899,646.64940,6466494000
1236.587012118927,715.0693899208768,646.88620,6468862000
1214.7028509796357,683.3901158409827,647.11940,6471194000
1179.9470794449571,636.4178017718593,647.34060,6473406000
1117.588320874056,646.4413562959886,647.57000,6475700000
1066.4877429858552,638.7141656337241,647.78590,6477859000
1088.791919245857,665.8636409828479,648.01960,6480196000
1143.2470282238673,702.0426473923465,648.27910,6482791000
1192.3589558854908,756.348933251042,648.52910,6485291000
1202.4750349583555,785.6703468335629,648.80510,6488051000
1181.079391717646,782.4576672626714,649.03610,6490361000
1176.132296931829,797.1127941189637,649.24880,6492488000
1154.8605402911971,784.8719612066103,649.47160,6494716000
1127.2508656202087,750.7792430271617,649.68840,6496884000
1077.958311235723,767.6320189559203,649.92070,6499207000
1049.4629411782394,790.5725914761517,650.13850,6501385000
1054.6127434024438,777.6166172845241,650.35860,6503586000
1038.6884212943305,781.9950705026295,650.57820,6505782000
1052.9665975356352,746.4922467186042,650.84300,6508430000
1059.2564678829606,752.4647211182923,651.06750,6510675000
1079.0057873937344,737.8363435538586,651.29390,6512939000
1101.5948149864505,725.9812084018168,651.52860,6515286000
1063.6250896078432,697.6165776268582,651.75050,6517505000
1034.230431336945,697.5116038482141,651.96630,6519663000
1034.5304190023128,703.782015089105,652.17700,6521770000
951.6282425129674,688.3851610917675,652.39370,6523937000
950.4500412065679,708.7913416448957,652.62750,6526275000
930.5266495209373,723.4350048038391,652.85570,6528557000
922.6496053762194,713.0992613878897,653.07890,6530789000
976.6480965463069,734.635992577488,653.30980,6533098000
961.9256560089652,739.4771708202748,653.52940,6535294000
803.3432350053868,711.6805377880069,653.74100,6537410000
683.0816284938227,558.2086253032412,653.96740,6539674000
584.368411046389,413.05429676709593,654.18300,6541830000
679.0403980427176,402.37798228108363,654.39720,6543972000
760.5504446116311,329.816615638308,654.60750,6546075000
775.2690015098415,456.92647154346787,654.82460,6548246000
818.228058298544,474.0429420202611,655.05160,6550516000
876.0960399862247,540.2899627045713,655.27660,6552766000
982.410487590732,574.4300946599216,655.49080,6554908000
1025.2744649664457,507.44825471807485,655.70960,6557096000
1034.5261029828707,497.3461396567255,655.92910,6559291000
1032.6678406658802,520.0603261608519,656.14680,6561468000
1086.8205045239988,545.6130338199522,656.37040,6563704000
1045.328698895664,568.8932846589107,656.58350,6565835000
1076.8911876896761,565.1690481643348,656.80430,6568043000
1094.4699464842622,587.071204207481,657.02950,6570295000
1080.7727883954876,570.1881154977503,657.25610,6572561000
1054.0954950221844,625.7666702311135,657.49200,6574920000
1051.4588484708474,649.6418879488523,657.71110,6577111000
1032.2365916197807,654.3143648173681,657.93710,6579371000
1002.738366690775,659.9806242096404,658.17080,6581708000
1044.7469496050878,645.170024388017,658.39610,6583961000
1025.579945431769,668.2788476381006,658.61980,6586198000
969.3492452698799,640.8259759895163,658.84520,6588452000
951.618620222811,641.5690255750413,659.08260,6590826000
991.3892360159061,615.6053355677898,659.31130,6593113000
977.6029376908908,601.2766320095681,659.55630,6595563000
841.2891988425362,562.0011837182484,659.79340,6597934000
795.7386696857695,462.4840009503494,660.01910,6600191000
779.070405626589,362.0973091108335,660.27100,6602710000
802.7604929392655,346.5249967498215,660.49560,6604956000
894.602830007523,322.7131705775434,660.72780,6607278000
927.5988855841348,336.33746433682774,660.94630,6609463000
913.1579113981884,295.54933369558194,661.17350,6611735000
843.6743269974447,301.4627038163029,661.40680,6614068000
675.6241196040241,272.2515195367102,661.63780,6616378000
656.6056377119411,280.4257700823791,661.86750,6618675000
646.8226534647288,403.7428293153972,662.08310,6620831000
792.7792303434095,395.67086543995055,662.33020,6623302000
894.8780473486913,439.97680699333455,662.55940,6625594000
874.5644330187582,415.93790423742377,662.78610,6627861000
940.8013641740796,503.4646585433037,663.00670,6630067000
966.2939819220552,578.8062763889571,663.22400,6632240000
971.0960126345403,628.7542875190591,663.44760,6634476000
1013.3975967604794,621.3028869937735,663.66690,6636669000
1030.7547135622501,614.1026569613783,663.88730,6638873000
1052.3824618576589,627.0976849490831,664.10710,6641071000
972.7407818041925,616.9475354897022,664.31910,6643191000
854.0960119108239,567.8512121045841,664.54300,6645430000
821.2402375354005,547.3657080661116,664.76530,6647653000
825.9794195737353,490.4953719012888,664.98130,6649813000
756.7415505966253,419.07699217582183,665.20490,6652049000
782.6022654462367,377.8754995388617,665.42930,6654293000
816.1815924718562,435.6657470153186,665.64340,6656434000
819.6591482329151,489.01430611880056,665.85330,6658533000
850.3868671813638,484.63972256423517,666.07400,6660740000
922.9413510966925,454.9982108860693,666.33170,6663317000
938.3079660136889,532.1998549993975,666.54110,6665411000
990.7233584029163,564.881794135154,666.75820,6667582000
1055.1888871585786,548.1203330957745,666.96750,6669675000
1106.4358261144728,476.3388058040975,667.17690,6671769000
1113.986046428368,522.3636923934874,667.39240,6673924000
969.5690115640573,521.4678222353705,667.62600,6676260000
856.767451397268,474.58942152718924,667.83900,6678390000
830.2523963240805,475.5786422159893,668.05200,6680520000
806.4958472824525,486.15984869255584,668.26980,6682698000
800.1601884883781,523.1112126001892,668.49070,6684907000
829.1351747569057,574.8996142175959,668.70940,6687094000
836.3454817017257,595.194434406064,668.93330,6689333000
761.4545238181455,510.95908952083346,669.15830,6691583000
728.492627562702,464.12475156374853,669.37510,6693751000
615.3187009824554,410.41623604139966,669.61460,6696146000
506.97388642469315,370.72717581318756,669.83010,6698301000
405.3554118930183,262.0556929916785,670.05900,6700590000
514.5938995057481,229.93989797143664,670.29440,6702944000
610.3484592070929,327.7523797808109,670.50640,6705064000
594.5152866287399,314.05664002081693,670.72810,6707281000
694.4918020742571,324.5403162836227,670.94080,6709408000
839.6156207775416,332.296886060424,671.15840,6711584000
956.0663647543635,334.9808165395801,671.38000,6713800000
1036.3598638979888,319.9740241616088,671.58790,6715879000
1166.3195183199416,350.48725017743544,671.79940,6717994000
1056.4669313749118,332.44094747192435,672.01270,6720127000
901.7809088543409,322.7338560594534,672.22990,6722299000
803.1854400652418,298.4153834495806,672.45950,6724595000
743.4170409732627,303.1294197523504,672.67960,6726796000
792.7382954097022,327.09773380147294,672.90240,6729024000
798.4795006969365,277.19035646565885,673.11900,6731190000
761.5833612282113,344.83287099824446,673.35130,6733513000
839.4891828050208,449.8866323327152,673.56820,6735682000
800.6329746115329,543.8367178910173,673.78020,6737802000
795.2890172301293,621.3842085370152,673.99220,6739922000
580.7060241158589,546.5643422843032,674.20850,6742085000
494.506825039319,483.79277548328747,674.42340,6744234000
429.1461244717106,469.53699990011137,674.65930,6746593000
360.3698698648311,437.2056687438026,674.87200,6748720000
378.57358191001856,407.413840666914,675.08620,6750862000
391.2641393683201,448.44905312062394,675.30380,6753038000
422.19208231319055,500.97027647819556,675.52790,6755279000
495.741155379555,512.7378658973356,675.75310,6757531000
568.6035212130339,420.42524978327856,675.98320,6759832000
666.4796855726067,408.4071150510043,676.20790,6762079000
815.138302463343,473.4365831810272,676.42130,6764213000
902.2637925782342,544.131047859578,676.63870,6766387000
1000.311628178408,532.8408894058797,676.84790,6768479000
1063.3709876292692,453.8712240880466,677.06390,6770639000
919.6594002932047,450.233967647147,677.27370,6772737000
762.0268181977801,357.72759723413355,677.49040,6774904000
641.7274312606299,323.16412553667936,677.70450,6777045000
732.6585363624657,299.58455808246816,677.91610,6779161000
686.3585157293721,243.76691753122938,678.13550,6781355000
788.7385214885576,210.34219986073418,678.34390,6783439000
635.0618314695449,224.30081568540723,678.55850,6785585000
583.2149246686691,171.3648424765787,678.77550,6787755000
533.7564405011042,213.46189932971538,678.98660,6789866000
592.9109493807828,329.8254446834273,679.20860,6792086000
672.8740334561433,423.11608629919834,679.42950,6794295000
824.820667689741,494.3037442865403,679.64730,6796473000
931.6826060622883,531.8545421528113,679.87060,6798706000
992.6827907251939,470.2939784708937,680.09520,6800952000
1070.6030554001427,516.3960762293543,680.31520,6803152000
1137.0970919429008,624.3877467793443,680.54370,6805437000
1171.7719007891826,645.4753879710081,680.76320,6807632000
1263.3205303980048,722.5710795006974,680.97910,6809791000
1262.384047398314,738.3325289233651,681.18890,6811889000
1241.7420558398658,785.4486851185895,681.40140,6814014000
1249.7630528167451,798.6103830161675,681.61450,6816145000
1214.4303107387727,830.8527031214356,681.83080,6818308000
1225.671832784388,795.9562005206756,682.05060,6820506000
1234.4447850850288,760.531008709242,682.27100,6822710000
1237.0977332481589,712.4544000138591,682.50070,6825007000
1249.9111011481054,678.6834892470666,682.71430,6827143000
1284.7065216015526,686.6486288231156,682.93400,6829340000
1215.4860056596708,686.2451304873491,683.15680,6831568000
1122.1592072234994,644.5451098836353,683.38550,6833855000
1040.965147523007,676.8875445527568,683.61040,6836104000
1015.4565043165921,641.7517879469133,683.86420,6838642000
980.9106884337912,652.7670939510045,684.08880,6840888000
919.6573702066404,650.9937062259559,684.33280,6843328000
948.7264237216676,628.3816741325842,684.59860,6845986000
1015.9570014348994,621.0088171314385,684.87940,6848794000
1092.9183486284567,619.0709197604367,685.09680,6850968000
1073.286915192407,622.3006329381153,685.31700,6853170000
1082.9260397217508,668.0636467139952,685.54600,6855460000
1089.6085809459012,665.0353496269231,685.80640,6858064000
1058.0505399396839,699.5117214790523,686.07240,6860724000
1077.151960510081,680.3933919064172,686.32640,6863264000
952.7775404798194,582.1951817636996,686.57800,6865780000
883.2741855634881,527.1451049256708,686.80170,6868017000
871.4430521817802,419.14909216285395,687.06830,6870683000
922.8633025949339,397.735608848104,687.31530,6873153000
981.2329643169668,431.54547106286975,687.57370,6875737000
1001.8432569194719,468.6708338712121,687.83600,6878360000
1021.0931233833724,502.81449976940934,688.10190,6881019000
1005.3125016680307,518.786584931565,688.32660,6883266000
1010.4966364412713,531.8782673312078,688.55670,6885567000
947.7382559963419,551.5881779711426,688.82940,6888294000
936.5625780799581,571.1749921077286,689.07170,6890717000
880.8221127520078,667.8016346419291,689.28470,6892847000
943.2448013709657,661.8758673513204,689.53160,6895316000
934.7016323637811,630.5735218041391,689.76710,6897671000
882.049266808041,527.6174685370809,690.03320,6900332000
811.874424124064,440.97050943285114,690.26570,6902657000
824.1978272509551,386.30269696265367,690.52340,6905234000
938.5237863220634,339.4692102542328,690.73200,6907320000
1034.8349975142562,345.94328598617824,690.98080,6909808000
1016.7941494145878,386.31776572811236,691.19320,6911932000
941.8608151194409,445.7550426692172,691.41740,6914174000
924.651560782081,495.71635884440866,691.65150,6916515000
921.613434462698,562.8190002915003,691.87770,6918777000
946.8670647960815,617.9538327013003,692.10390,6921039000
949.0575967929607,649.3069394161647,692.32780,6923278000
895.5671436297092,621.2856502598548,692.54670,6925467000
897.0613202676393,654.8943887307079,692.76140,6927614000
942.298064180982,683.1202116499705,692.98300,6929830000
960.1906878625732,712.9946168708757,693.21190,6932119000
926.2334303225927,744.0911045216009,693.43310,6934331000
890.0691546173044,753.0144378900712,693.65830,6936583000
895.0780248066974,756.5253042691974,693.89720,6938972000
855.8489752545132,765.3472217130618,694.12360,6941236000
826.712936163148,769.546984841845,694.35430,6943543000
780.041822846948,762.3796499812087,694.58070,6945807000
783.1717378027665,771.9294670704943,694.81770,6948177000
851.4531884472125,800.2460428770902,695.04190,6950419000
871.9004620505647,803.1924890414033,695.27410,6952741000
894.7711455509753,769.099800761221,695.49740,6954974000
950.9860949915171,746.1021332905094,695.71100,6957110000
968.4382952326434,722.5860449900704,695.93250,6959325000
887.4166704654239,715.8545002163456,696.16600,6961660000
871.2585983399132,693.7040865169806,696.38080,6963808000
780.1836447434594,683.3757077579818,696.63270,6966327000
761.7754497673046,692.0501757666242,696.84780,6968478000
741.9761913295359,695.2233778918758,697.06570,6970657000
675.4826885728469,705.4957617407496,697.29520,6972952000
661.2096491454398,640.2753260028101,697.51260,6975126000
624.6333789372866,625.5475065410088,697.73620,6977362000
675.7033953321624,629.4364494447436,698.00240,6980024000
663.8366692714893,643.1945442716018,698.21850,6982185000
585.399455473774,621.8957936164898,698.44080,6984408000
555.2939634505195,650.4956124273028,698.66160,6986616000
523.6662195727239,613.4214213886489,698.90820,6989082000
569.9016398472675,598.1547128118635,699.13030,6991303000
620.9445424720514,648.3361719381701,699.38620,6993862000
657.848996882624,663.722788259367,699.62220,6996222000
681.1006816488816,683.8641510212242,699.85390,6998539000
730.5172393728303,673.2397553456751,700.07060,7000706000
737.949027533081,729.3360198483444,700.31530,7003153000
792.6901677314942,733.5368465428942,700.54690,7005469000
889.0279319150019,636.9709302445284,700.76100,7007610000
972.6132001954478,564.782556101147,700.98570,7009857000
1006.3371380301886,553.8526485289083,701.20650,7012065000
956.4549882926367,505.8161252182629,701.42300,7014230000
928.4827153204583,553.3445156979468,701.67490,7016749000
894.6975988736142,600.2170226852681,701.89830,7018983000
1016.7651608391261,603.7672240086371,702.11750,7021175000
928.5160489533434,594.6511915595039,702.33600,7023360000
837.7967409352223,601.3786473210736,702.55490,7025549000
793.7562598078645,623.5482144534521,702.77630,7027763000
819.0800428624942,654.5092702505527,703.01130,7030113000
755.8658707711757,679.4705690886825,703.22940,7032294000
778.7611872159607,564.3271777380448,703.44480,7034448000
789.7070849521292,516.1309179600278,703.65090,7036509000
778.07383408141,487.1765589241021,703.86440,7038644000
679.3774400359075,477.0722234399157,704.07010,7040701000
717.4515134127616,450.51105190280816,704.29100,7042910000
741.4306682605353,454.0725829450654,704.50930,7045093000
769.1790754456825,491.7928924712215,704.72490,7047249000
761.5716911205215,525.475095702769,704.93620,7049362000
891.6184202770313,530.2388498216412,705.14800,7051480000
922.3385115829716,426.77126287694784,705.36220,7053622000
759.0752145998692,368.617218877806,705.60780,7056078000
804.9611906448358,373.77191775730455,705.83440,7058344000
845.3868384176519,334.0113534897566,706.05050,7060505000
930.5098161976194,337.7942669431903,706.27290,7062729000
1079.3811728204284,341.5374882940272,706.48330,7064833000
1118.0522431920301,314.2036219700696,706.69610,7066961000
1209.4936165367699,258.524811856213,706.91170,7069117000
1144.252399903235,324.7557244702764,707.12160,7071216000
1102.9994482812508,401.85146849991304,707.34300,7073430000
1068.3206602495584,481.1909471592687,707.56170,7075617000
1134.6462258077086,472.25919525762185,707.78410,7077841000
1100.076904174089,491.97178838186943,708.00380,7080038000
1140.5423944291524,504.25740662334675,708.21870,7082187000
1027.9430563859885,522.1367846555097,708.44230,7084423000
989.920501574057,537.1947330600995,708.66430,7086643000
1036.3040237299447,568.8770966060744,708.88680,7088868000
1110.5208350912708,595.300787008415,709.11300,7091130000
1062.7227339458793,600.7263741345428,709.35330,7093533000
1043.676364091035,552.5410568725534,709.58680,7095868000
1022.0548687911565,493.5450089578576,709.81030,7098103000
1049.371423897831,383.2637631359574,710.03540,7100354000
1073.6142388547996,401.92489648763797,710.25070,7102507000
1187.0956762563649,360.31165379492313,710.47970,7104797000
1198.3195312784055,367.57700540109346,710.69880,7106988000
1203.2071397667019,348.02854370573976,710.90900,7109090000
1162.560579892774,450.51597978898724,711.13060,7111306000
1222.4248308101455,451.3774438562934,711.34540,7113454000
1210.8849242105578,421.17831916091876,711.56390,7115639000
1129.1357935858953,424.54314058834524,711.77990,7117799000
971.6825556776289,431.0819820261085,712.01350,7120135000
826.0527949749517,441.26710102346175,712.23070,7122307000
777.1148383020262,345.79778737535486,712.44470,7124447000
651.4388278902081,329.14988928388965,712.67240,7126724000
531.2809283534139,334.0322191446006,712.89120,7128912000
494.9175819628093,297.5980403509247,713.16240,7131624000
501.5421206706462,311.57030471445245,713.37680,7133768000
305.7659493504385,316.47600859351286,713.61580,7136158000
396.36552013205676,335.9559859366829,713.88410,7138841000
550.9460065792524,341.39125912579414,714.15700,7141570000
575.7617617202704,372.6312139983128,714.39300,7143930000
589.9493103405478,405.49432995693473,714.61480,7146148000
667.1404604101151,494.3891574285174,714.83890,7148389000
673.136613984118,545.0788809491418,715.05530,7150553000
810.33258025828,591.7443448310518,715.28700,7152870000
939.4374444267085,648.0710073608889,715.50900,7155090000
1040.589374074327,724.5318725119877,715.74590,7157459000
925.6866208062213,682.5716668642376,715.95920,7159592000
891.7577925264434,566.4117531508546,716.17180,7161718000
955.8917648605044,500.2998727466184,716.39080,7163908000
1061.201976343437,474.698132956292,716.60680,7166068000
1140.5069288695065,486.3053544146839,716.82050,7168205000
1093.9853651537242,543.2251415324356,717.04920,7170492000
1133.4448243963964,617.6411434461418,717.29380,7172938000
1090.4646596303426,637.2968839999204,717.52670,7175267000
1088.1996511068235,628.312095724326,717.74310,7177431000
1093.7857927868777,626.0380479153421,717.95770,7179577000
1106.1515379130415,638.7772874847674,718.16860,7181686000
1135.4516984307122,676.0291349165959,718.40060,7184006000
1110.873618165833,687.7374894233011,718.61910,7186191000
1163.2513158206684,703.4427699248182,718.83640,7188364000
1163.4419159727759,670.7643167998807,719.04590,7190459000
1166.191336532131,683.8161165103552,719.27070,7192707000
1178.7230040700817,661.4171612898624,719.49560,7194956000
1105.2802211687722,659.5543706070978,719.72070,7197207000
1046.429806719247,669.3799749409578,719.93960,7199396000
1030.2279271081718,623.0120947301391,720.15730,7201573000
1019.5982543434224,599.9416404633891,720.37250,7203725000
977.1790453271879,633.1167426933987,720.59490,7205949000
966.8902633195527,660.5126150374973,720.80090,7208009000
924.2587446467237,658.5011403723552,721.02050,7210205000
964.4975064342516,634.1550125436921,721.24860,7212486000
953.6929933753578,613.6860924423771,721.46780,7214678000
983.0364581884094,589.118334990199,721.68880,7216888000
930.8415981173328,553.2749633138075,721.90380,7219038000
943.7183099848492,496.6733674144236,722.11480,7221148000
1000.6862950273529,512.4180516200919,722.32720,7223272000
947.6348926770613,500.3885145084377,722.54830,7225483000
904.9173932021301,501.33443925340634,722.77280,7227728000
863.804986749402,525.5898879065695,722.99110,7229911000
830.6944065783574,491.1658023172946,723.21420,7232142000
799.124927575399,502.31696695749827,723.44650,7234465000
833.536446810235,544.3221841771787,723.68040,7236804000
866.6734462366736,600.9430816011352,723.90970,7239097000
891.2508124564433,571.0146185867676,724.13460,7241346000
888.9374103681406,583.8179570864643,724.35840,7243584000
882.624084689942,574.9798783165932,724.57790,7245779000
924.4942852000804,590.2433469217672,724.80280,7248028000
908.7407682269147,566.5491372508819,725.04310,7250431000
863.9381872184676,602.1747257823198,725.29540,7252954000
862.837277159667,600.7636546610893,725.51860,7255186000
881.6125838770042,640.0296536782729,725.75640,7257564000
835.8141491312272,595.954007775039,725.98450,7259845000
832.0872972637427,560.7941366406625,726.18950,7261895000
847.6053992279524,598.771712905836,726.40630,7264063000
834.9180725018916,599.8264233796923,726.62640,7266264000
722.7521795584303,629.7667975690279,726.87390,7268739000
820.352591941602,663.6085931131311,727.10550,7271055000
963.8144661744933,677.2654136982507,727.32790,7273279000
948.7377040087928,649.7437271476884,727.54860,7275486000
966.7900659981183,717.5047649602222,727.82320,7278232000
1033.208584137127,737.0991438786685,728.04490,7280449000
1082.826911264896,724.8965403023396,728.29570,7282957000
1063.6289777475647,687.1511949922784,728.51020,7285102000
1055.611904003762,678.9351634571489,728.74030,7287403000
1110.74007975728,678.8528645355351,728.96600,7289660000
1166.8814904785497,690.076101374106,729.19290,7291929000
1190.2329423307199,697.0734638242554,729.40140,7294014000
1154.761478934653,693.2503332046483,729.61950,7296195000
1176.126205809621,672.8351040499286,729.84770,7298477000
1143.4666017270358,645.2478490511319,730.07760,7300776000
1159.2885015291613,665.6069094141903,730.29450,7302945000
1193.6167448563954,655.9857277620501,730.50360,7305036000
1126.8463864282035,626.732188597122,730.72740,7307274000
1100.6740243416696,617.5754223534009,730.94800,7309480000
1071.3890331752787,606.3273621642405,731.17970,7311797000
1029.205480537457,617.1641275475234,731.44080,7314408000
1041.9473183907878,589.5304394976262,731.67120,7316712000
999.9136864443632,581.2283488749323,731.89480,7318948000
1012.7142113393767,515.416453058398,732.10990,7321099000
1004.6543909785457,498.8659678650942,732.32710,7323271000
1007.2118827575671,536.9436072260978,732.57280,7325728000
1003.071170300417,578.0055981619965,732.82460,7328246000
1018.95064870861,636.3774885089708,733.06250,7330625000
1015.6768592146296,648.6884533422478,733.29130,7332913000
1042.0626242062385,662.4528829206411,733.54670,7335467000
1003.1018043790119,665.3395530695616,733.78190,7337819000
1005.9737201180127,636.1218538881734,733.99880,7339988000
1018.6508314979302,642.0141462582827,734.21150,7342115000
1024.3507202439043,676.8189507744951,734.42620,7344262000
1009.4463516212827,619.6792221739319,734.63540,7346354000
993.9212057999978,585.9182543153705,734.88120,7348812000
963.7221478234862,579.1529676925829,735.10880,7351088000
988.0110669093555,615.243326376928,735.35880,7353588000
1033.144134951969,645.8886839073034,735.60420,7356042000
1022.945881196628,627.472348172106,735.82060,7358206000
955.730322008268,604.5159179595238,736.08990,7360899000
892.631074634893,588.0326348184028,736.31810,7363181000
873.1969300542564,588.1879747458709,736.54730,7365473000
909.3389097509641,583.6155445026077,736.81060,7368106000
915.2966679899073,572.5857437387681,737.04190,7370419000
942.8491645721658,497.1879673211705,737.26650,7372665000
868.631700511306,446.7552724524474,737.49800,7374980000
807.0373224464205,436.53151022601185,737.72210,7377221000
790.1173935621316,471.28219584990904,737.96540,7379654000
869.8438899684693,510.05702543554804,738.20180,7382018000
961.5306469717809,539.2966823161102,738.42590,7384259000
856.2477963746298,459.8670995526701,738.66930,7386693000
797.0367992911,419.41477671931966,738.89230,7388923000
929.9583122064288,396.451229695344,739.15430,7391543000
957.5041914060163,405.86721972131653,739.41110,7394111000
1029.3239047801649,452.6207162222557,739.63530,7396353000
1113.0469552730203,501.09971213701175,739.85750,7398575000
1082.8349000076169,507.64126368140404,740.07440,7400744000
1087.9027348850782,533.1373990254807,740.29750,7402975000
889.4613438367642,494.09635298954254,740.52030,7405203000
752.7871845885113,424.7049018763247,740.73940,7407394000
608.9455009602024,353.59992386103636,740.95040,7409504000
630.6729560339844,355.77002006679766,741.20380,7412038000
693.4681556582375,381.7442769611093,741.41540,7414154000
789.1743487192749,413.9824892765986,741.62640,7416264000
834.7074066674949,434.3470063748118,741.86250,7418625000
841.849689732355,472.17620262581977,742.06750,7420675000
844.2810272885163,526.0219345892806,742.29160,7422916000
898.8939921094711,542.0727973820677,742.50620,7425062000
895.7993821557042,582.241636268687,742.71750,7427175000
828.6391656470753,599.6800101403109,742.93520,7429352000
892.0304144322629,608.3397259444299,743.13930,7431393000
940.2210008993862,601.4275258667064,743.35650,7433565000
967.8246645813462,600.0127606172316,743.57590,7435759000
1054.9658857604238,638.9969473193036,743.79750,7437975000
1095.1148593270104,711.7780492722171,744.01560,7440156000
1103.5267274238759,722.2514019155641,744.23340,7442334000
1082.8943622241854,714.635704734314,744.44580,7444458000
1070.103963843964,707.8319267908652,744.65610,7446561000
1047.2236990743172,685.9872490162345,744.88050,7448805000
1084.6057133248314,639.200982929766,745.13310,7451331000
1125.6767508939151,647.7133740535666,745.34240,7453424000
1154.7325333511308,658.8863020506034,745.56470,7455647000
1184.0849414334627,633.7013244711177,745.78070,7457807000
1194.1160826075143,663.0253909732625,746.00150,7460015000
1194.0864087630098,657.4996649941014,746.24270,7462427000
1173.1162094993294,637.2690318670725,746.46080,7464608000
1117.3897512471904,692.6253207907683,746.68890,7466889000
1069.1228755701263,629.6627372164423,746.90640,7469064000
1057.6291818904747,557.8094375979792,747.11800,7471180000
1060.9442997291771,461.78731064366804,747.33310,7473331000
1051.0128263088407,442.169040450604,747.54570,7475457000
1011.3135805774491,478.6832021134124,747.76850,7477685000
916.5389135373937,510.7172983293753,747.98910,7479891000
828.1133180014588,493.9267880840849,748.22120,7482212000
801.1933332476659,544.4833903721164,748.44220,7484422000
811.1556598154075,571.0304478870473,748.65990,7486599000
865.9614484859178,622.469901959699,748.87570,7488757000
893.5156331139202,642.7858607570524,749.08730,7490873000
945.9957241369759,687.3913641477603,749.30590,7493059000
917.1478963173384,651.7166739732722,749.52880,7495288000
948.2233549614978,665.0252715270998,749.74640,7497464000
943.855669135118,597.3307708905794,749.96370,7499637000
968.1899011131181,515.4068986622284,750.18210,7501821000
910.769005567753,423.48258722488094,750.40000,7504000000
1006.1847427636823,401.35759357769405,750.61790,7506179000
1045.4368603717023,430.20031307407015,750.83470,7508347000
985.7822872773914,443.9403029012124,751.04860,7510486000
994.670530029217,429.26817580096,751.27370,7512737000
1006.0276645623427,382.8546328929199,751.48760,7514876000
967.0462374533698,337.7627300450331,751.70910,7517091000
773.1347014130796,279.9686450368441,751.92950,7519295000
688.7987706903726,253.97547506208633,752.14720,7521472000
810.7946377555375,238.34735424951262,752.36110,7523611000
850.7740836948468,269.9798894736199,752.57610,7525761000
851.0296211278048,305.99653915734206,752.79140,7527914000
869.4661747170188,365.71172204018825,753.02450,7530245000
936.7510051705588,409.08325854397043,753.24250,7532425000
990.4601647455738,481.3715385242748,753.46650,7534665000
1067.5814821600627,579.1037466969741,753.68060,7536806000
1021.7278659993325,636.3927465403355,753.90080,7539008000
1000.3741526029928,695.3733031479807,754.11780,7541178000
920.6957584998416,766.0568138492259,754.33530,7543353000
898.5623617323706,782.6652524753234,754.55160,7545516000
924.7510401390025,775.5184630547304,754.77100,7547710000
960.1219848802037,785.5236029121857,754.99260,7549926000
989.6465284854161,803.0346222761818,755.21070,7552107000
963.5760224204757,779.92292305908,755.42600,7554260000
946.0767575773607,770.3612557723844,755.64630,7556463000
967.3149861825523,737.3073169174623,755.86250,7558625000
1031.2415159092254,733.714444617462,756.10150,7561015000
1016.449704756281,724.0469934178104,756.31590,7563159000
1004.1093433596616,727.72691413511,756.55210,7565521000
1023.6190736124821,732.5483371695362,756.79120,7567912000
803.5853896907938,612.9715065834282,757.01960,7570196000
661.2922619127075,532.8848752766543,757.23990,7572399000
716.9128922787916,452.599576096832,757.46020,7574602000
809.5016693813526,440.7744362406478,757.67900,7576790000
837.8571804550841,409.0437172175474,757.89520,7578952000
801.4288122973177,361.33903401828263,758.12160,7581216000
695.9144976947325,323.9027355443724,758.35890,7583589000
697.0906549661863,281.3581743462946,758.57680,7585768000
757.8653492423348,258.8892286673337,758.81440,7588144000
851.074018159761,338.43753128388136,759.04250,7590425000
676.5598488038867,361.85603119831677,759.25580,7592558000
544.9419124372189,357.11591527945717,759.48520,7594852000
424.3368214824386,361.27293208194266,759.70700,7597070000
425.6878888918116,335.73865173585045,759.92810,7599281000
538.6658454055096,389.4288366346458,760.14390,7601439000
649.6147889934946,396.9249009528903,760.36210,7603621000
753.8586572066573,379.7785739786825,760.57530,7605753000
838.1704026808651,337.62609651678196,760.79940,7607994000
898.2948528568479,288.1311635574168,761.01670,7610167000
913.6811768040287,324.41910552194423,761.23970,7612397000
897.8028996875017,348.2235047878479,761.46330,7614633000
953.7750975213863,405.57724183393077,761.68660,7616866000
994.1212536885048,458.7431204859955,761.90820,7619082000
912.002189874647,514.6725501272927,762.12520,7621252000
925.784478947893,548.0906003891823,762.34120,7623412000
1009.3704273121982,615.0544293873475,762.55620,7625562000
1054.6511308585968,655.8739098697436,762.77230,7627723000
887.1506761556406,639.1650794428816,762.99240,7629924000
691.7747741082476,576.495043122249,763.20740,7632074000
581.2066328620721,492.833908263347,763.42270,7634227000
627.3915369575437,448.5379736772055,763.64290,7636429000
741.6826482475574,384.59984607612455,763.85800,7638580000
848.2237724340542,428.18677791573754,764.08650,7640865000
822.7208457872407,410.9834522627801,764.30260,7643026000
819.6491988000022,435.8059386853634,764.50800,7645080000
821.5755240584762,519.005737856872,764.72980,7647298000
886.7568576502163,555.4491494648776,764.94380,7649438000
963.5868967575443,624.9882766114752,765.19830,7651983000
995.8692057912667,660.6839374944984,765.41760,7654176000
1052.5258297236671,710.358252081354,765.63830,7656383000
1017.9703065826932,738.4341824474786,765.87810,7658781000
926.5168833832837,720.2267157427401,766.13790,7661379000
918.3658615096731,738.5663797292445,766.35700,7663570000
978.9714649007745,728.5521669913363,766.62020,7666202000
981.7330087081173,730.8545506859534,766.84470,7668447000
1037.6905291977869,724.772605738551,767.06580,7670658000
957.3486436014972,763.6124200286798,767.29590,7672959000
842.7864280062156,598.8766478081734,767.54770,7675477000
937.8872365122385,552.6975706848781,767.80190,7678019000
1057.7121149066181,494.6590366076013,768.06440,7680644000
1121.8152261187345,384.45206245896907,768.32560,7683256000
1039.4321126007092,370.8717690966683,768.59110,7685911000
1079.872759265743,406.0884536133358,768.81920,7688192000
970.3191436957462,449.41759117515926,769.03480,7690348000
984.7735183858266,507.3837933615063,769.28790,7692879000
929.2833679709826,433.5083540818316,769.55590,7695559000
897.7624666918215,383.5048765553654,769.77480,7697748000
724.207757864566,312.60994781551693,770.04080,7700408000
704.5683208046404,268.8147900039811,770.28090,7702809000
669.0358874688051,252.08296713110306,770.50900,7705090000
718.0997621328607,241.6376334661882,770.74630,7707463000
690.4280425860272,317.46189857749704,770.96820,7709682000
615.9950837641479,379.7056823643055,771.22540,7712254000
617.3257423151427,461.9426603696135,771.46460,7714646000
572.6972746205016,504.7368751286641,771.67560,7716756000
515.4139444544026,510.8011569945011,771.89880,7718988000
483.5458866406038,400.34932458888,772.10830,7721083000
445.49875889705373,375.5706116785476,772.35300,7723530000
556.858591441274,462.9299257024196,772.56210,7725621000
649.0067799988356,509.62449519732684,772.77160,7727716000
739.3804090259276,531.9440009889876,772.98530,7729853000
736.1914631824255,565.3406329112519,773.20160,7732016000
717.4372365076224,572.9378803274121,773.40570,7734057000
728.9795351774519,578.446730585243,773.61720,7736172000
677.5820681532548,610.0969760514313,773.83280,7738328000
734.3861869053657,645.5693994043777,774.04760,7740476000
725.0693596399221,678.2454629054622,774.26630,7742663000
766.9418799372136,738.8577497393102,774.47940,7744794000
811.5443948529517,707.8435648561701,774.69050,7746905000
839.5402283255861,712.3981317478708,774.90620,7749062000
887.1444904930887,715.991623784602,775.12760,7751276000
954.8866542440264,710.6353441155508,775.34170,7753417000
1045.5316149455873,660.7279836107134,775.56090,7755609000
1067.989489460362,689.2337960178864,775.79640,7757964000
1023.5966521792711,707.4444958447607,776.02140,7760214000
937.8321545978168,692.1203452420823,776.23870,7762387000
989.9573486534665,694.9368589707144,776.45800,7764580000
991.5592480022813,701.5316289525078,776.68020,7766802000
994.4732766854178,679.9606373479365,776.90450,7769045000
1039.2837228674202,712.9258823065204,777.12010,7771201000
1062.5498616344498,717.8408861144259,777.33890,7773389000
1041.8016265623953,670.6216108300246,777.54920,7775492000
1020.9422252965071,672.0084703558973,777.77190,7777719000
1041.4586396149446,645.7249779078702,777.99290,7779929000
1055.5552537522276,574.6539292178508,778.20840,7782084000
995.1232143803416,511.9866271759107,778.42340,7784234000
1045.2919744762776,527.9757486249275,778.64230,7786423000
1044.095448255241,487.5681655098446,778.85310,7788531000
1147.5504049969659,360.6147526607624,779.06530,7790653000
1278.8551039530316,285.85778751473094,779.27880,7792788000
1377.7357823543705,288.68283909674034,779.49280,7794928000
1257.9461440930759,395.27054613341284,779.71390,7797139000
1050.1580766641177,331.7608636621682,779.92670,7799267000
1033.4146987855272,283.7835172469102,780.14380,7801438000
979.3275908156276,213.99202294089528,780.35910,7803591000
832.308198400709,237.07781081574592,780.57520,7805752000
672.663320593871,236.22230705077675,780.78760,7807876000
538.7225036967801,287.1009090529062,781.00040,7810004000
496.9810975208721,336.28968987225824,781.20960,7812096000
539.6214476749822,350.38219413284605,781.41670,7814167000
615.3179231521918,455.6103842267224,781.62800,7816280000
708.1332281079656,497.77516301000014,781.85570,7818557000
790.6258642059444,579.3217572826882,782.07390,7820739000
894.4600826346882,626.922226901096,782.28740,7822874000
953.3437453215305,654.5873537912162,782.51240,7825124000
976.2344564388978,691.7075868324632,782.73490,7827349000
1020.4475153702491,697.1704525781523,782.95830,7829583000
957.967964831343,656.7922458498771,783.17480,7831748000
823.2970856154459,558.2795695751342,783.39530,7833953000
647.097579162486,464.6480525550418,783.61410,7836141000
599.0680670687764,395.4629421690148,783.82960,7838296000
742.652008233701,355.4582160508162,784.05030,7840503000
696.5480776488273,369.98781789180873,784.26480,7842648000
652.0857500007268,403.9587172547253,784.47770,7844777000
707.5320571472437,464.7823403507007,784.69740,7846974000
547.6886906804486,428.9760877125629,784.91160,7849116000
436.2456152999714,335.46319212229713,785.13770,7851377000
392.3361462587101,362.0534518813739,785.35530,7853553000
444.10227631182454,353.2542889470786,785.58180,7855818000
440.0687551290242,430.33373339630134,785.80120,7858012000
565.2294878256456,429.6091091322407,786.01980,7860198000
614.7541180209786,386.1111522978141,786.24840,7862484000
721.4977503457703,337.1822425189081,786.46940,7864694000
907.4110157224175,357.94465317947004,786.68180,7866818000
1018.3634436247954,334.7834853407813,786.90260,7869026000
1086.0932307710052,307.2326863625272,787.11500,7871150000
958.1575547567872,322.289025350662,787.33440,7873344000
888.7737233625005,332.5191307845257,787.54730,7875473000
801.6367533442959,298.6655098006073,787.77680,7877768000
813.1003960047639,313.13665259205976,787.99710,7879971000
969.5136997416959,373.35899516625676,788.21160,7882116000
994.2751167398402,500.07051387245895,788.45380,7884538000
1103.1418987476738,559.9560986243298,788.67430,7886743000
1174.0981494842533,600.217753034942,788.90710,7889071000
1248.3036667420527,676.0359915200003,789.12920,7891292000
1191.2212278953327,644.9941423062484,789.40580,7894058000
1214.6271331373828,667.3361576489884,789.63940,7896394000
1208.240105291189,705.5885031291247,789.86770,7898677000
1152.060501995777,673.4255940363746,790.09510,7900951000
1147.8713899707898,652.1261075414468,790.30800,7903080000
1113.6076507523774,635.8436012753385,790.53050,7905305000
1067.9311710900993,603.5667098892123,790.74510,7907451000
998.1207782357016,625.448362770073,791.01820,7910182000
986.8788881098149,629.4097453066506,791.24860,7912486000
993.2961191424956,611.7845264478883,791.46860,7914686000
833.299672057191,584.7283413195028,791.70270,7917027000
690.6292575573771,504.7593080721328,791.92810,7919281000
627.2448594738423,476.34874480739586,792.15940,7921594000
609.5560622245457,437.8491450218467,792.37510,7923751000
695.5877078066663,475.80868382370716,792.59470,7925947000
773.941773035707,514.7503596271932,792.82440,7928244000
808.1891858559209,599.8730837281769,793.05550,7930555000
803.1659984397296,602.4875925416759,793.31730,7933173000
729.9745226738347,567.4875744993008,793.54510,7935451000
801.6922097595913,443.840881255241,793.80110,7938011000
842.0358114834394,417.2719630768452,794.02130,7940213000
856.3427928930089,446.56570994042477,794.24500,7942450000
823.4682732773041,462.78979191733174,794.47490,7944749000
914.9521108995916,503.7386132186353,794.69320,7946932000
1000.0081928831196,502.1657369006004,794.91630,7949163000
963.4213274925992,503.6787799703416,795.15860,7951586000
985.8081490760592,503.13499846497666,795.37910,7953791000
1025.0814049170078,493.488496106224,795.59450,7955945000
1091.157004664533,399.95445576105897,795.80730,7958073000
1037.515399277783,345.2001941582218,796.02590,7960259000
1060.0856413821493,395.63777547163045,796.25450,7962545000
1094.3676844793274,363.1620236329248,796.48630,7964863000
1103.4027147656516,384.0948403086532,796.70890,7967089000
1022.617249726756,388.7726036103944,796.93610,7969361000
985.2514962873819,420.65934020289137,797.15970,7971597000
965.2558739622102,463.4127750251347,797.41600,7974160000
1022.9906774188172,490.67460954333615,797.67140,7976714000
1005.7471380667668,514.7625509746293,797.89480,7978948000
980.2192907310209,553.8495325312321,798.11120,7981112000
1013.6951196746801,561.2014874848422,798.34660,7983466000
1023.4373491241205,558.3813501590753,798.57220,7985722000
891.1989975404754,513.290753636599,798.79220,7987922000
785.4897454851788,454.54268382191725,799.00920,7990092000
605.4315987705698,460.52403145337945,799.22420,7992242000
629.0596403184338,394.0697954007187,799.44320,7994432000
668.9731526797349,351.15612814869587,799.67230,7996723000
686.3571124263702,380.6026961711623,799.89850,7998985000
624.0586442644847,463.15492918882444,800.12240,8001224000
695.2872529847341,435.625497486695,800.39300,8003930000
790.1444580342022,412.9149018765555,800.60900,8006090000
692.7130919217997,360.27266122014055,800.82690,8008269000
727.0527972740912,385.40450249558904,801.06310,8010631000
801.3030749297176,378.52904649513107,801.27630,8012763000
923.0892005575329,373.65420458768983,801.48760,8014876000
882.9356696483724,368.3953905973267,801.71260,8017126000
885.0779193272434,410.41830611375707,801.93850,8019385000
879.7729779715512,435.5620189940288,802.19540,8021954000
1024.8603463238842,491.34563568444946,802.41100,8024110000
1042.1280081376453,500.5340844438031,802.62510,8026251000
1127.9968019494468,521.596487775993,802.84100,8028410000
1131.071928551176,508.8397638323783,803.04710,8030471000
1172.4577086926377,446.24382259737894,803.27900,8032790000
1211.6537598634084,391.9756812300651,803.50380,8035038000
1314.2607031261723,340.2485751835661,803.72270,8037227000
1354.4667152012048,218.81567573794553,803.94370,8039437000
1471.8574691085098,192.21534055219126,804.16660,8041666000
1586.6249001481524,197.76526771707756,804.39190,8043919000
1537.7425314557945,275.3116709923918,804.60450,8046045000
1465.7275138146424,344.86823261774595,804.81920,8048192000
1368.1093096688837,351.97260272703295,805.04010,8050401000
1095.5377323290552,344.4254734204628,805.26880,8052688000
836.039867440424,347.89473201111684,805.48770,8054877000
661.2701890384968,304.11065649872705,805.71440,8057144000
479.131721313673,298.37749079039514,805.97100,8059710000
396.71651971168336,420.24240307122056,806.18980,8061898000
401.00409041244205,506.89510214858944,806.40810,8064081000
242.6460787565142,449.9663295785692,806.63100,8066310000
341.36846456508647,455.5780164950883,806.85830,8068583000
484.5827907863327,412.09600056023174,807.08850,8070885000
690.64616542293,325.1662987922883,807.31920,8073192000
900.30859511725,303.26025336194834,807.54050,8075405000
1085.4398506955802,246.55005250247856,807.75270,8077527000
1270.3116003798937,224.57046764856526,807.97990,8079799000
1345.6362916062394,190.46817362107345,808.23340,8082334000
1204.7679258809135,198.45745199227724,808.45910,8084591000
1024.0976273928675,209.49887301896516,808.68000,8086800000
986.5394291346083,336.48444347083625,808.92870,8089287000
919.4941637792352,415.5101969902847,809.15020,8091502000
868.7518764331901,442.2385554073648,809.38820,8093882000
830.1685687210536,424.3600832970121,809.63880,8096388000
779.0905806204083,435.172308060262,809.85170,8098517000
774.3332743948388,448.5095079119754,810.07380,8100738000
774.1774337670149,434.4790756156879,810.34110,8103411000
727.3715968428933,420.7486710789414,810.56840,8105684000
733.7435689524194,406.959137084084,810.78370,8107837000
741.327291152488,399.0101960105642,810.99780,8109978000
855.9880827219732,406.5693496260234,811.20840,8112084000
836.6864642037037,393.2114220241716,811.42020,8114202000
768.598396607599,348.88156809521985,811.66660,8116666000
768.6025832435238,305.4465648392031,811.87440,8118744000
803.0736093629686,340.4693228382125,812.08740,8120874000
838.4309916414752,413.2324600500601,812.30710,8123071000
865.720564095999,470.6888592671471,812.52490,8125249000
854.6526239765594,420.37813849292496,812.74050,8127405000
811.6392216747593,388.56969517101834,812.94670,8129467000
923.1683674484661,411.2726715895256,813.16840,8131684000
965.6159692230303,391.4193313446871,813.37500,8133750000
937.9917217385281,410.10514536096275,813.58610,8135861000
921.7883616410711,442.3030894099166,813.81260,8138126000
1001.4085538816792,490.3689102243985,814.02360,8140236000
993.3656274675143,544.086879348056,814.24980,8142498000
956.6977584321861,528.6261839445381,814.46650,8144665000
978.8545533845003,549.4609690370575,814.69470,8146947000
955.83126993031,565.355408598081,814.91050,8149105000
963.7620336880834,589.2340835288215,815.12170,8151217000
956.6748214723766,612.2939810987525,815.35180,8153518000
996.6951864363424,613.0476542405322,815.57060,8155706000
955.7830625950768,555.2065053064715,815.78280,8157828000
873.4513573641377,472.1785598449171,816.00520,8160052000
894.6788669436883,468.1659726882839,816.21290,8162129000
843.3434197145335,397.74262821563605,816.42640,8164264000
825.8238824631147,404.2569309131525,816.64870,8166487000
818.1790346683806,345.8357130853464,816.87950,8168795000
766.130586726822,371.5640883426084,817.10540,8171054000
689.0535954978011,441.57002956619635,817.32430,8173243000
676.6843729364236,433.5282687896965,817.57080,8175708000
672.4099598308038,455.607190773509,817.78670,8177867000
660.1000568591718,396.8853471919545,818.00280,8180028000
653.9498318549723,368.7844767597448,818.23390,8182339000
815.9239017846951,352.8147750001908,818.44370,8184437000
919.039710910423,290.7095824933476,818.67190,8186719000
1002.0440860302502,251.76578664635144,818.88370,8188837000
1117.3927812074494,224.2068767895971,819.10460,8191046000
1221.2720710462543,173.1596223896588,819.33250,8193325000
1352.990767040405,256.65549765419524,819.54090,8195409000
1325.9978382404722,331.4627016621297,819.75690,8197569000
1334.7227213295328,351.9923861716424,819.97910,8199791000
1281.1551554916034,387.4913586658022,820.19180,8201918000
1226.39582171446,419.70556113537197,820.40890,8204089000
1164.4410020449484,410.14049479809916,820.62530,8206253000
1110.630883202068,369.9147676488254,820.87690,8208769000
1007.2438048008897,338.55816359244574,821.09350,8210935000
942.2777280577133,335.7395985519229,821.31350,8213135000
905.3787022705003,270.06951854712065,821.53750,8215375000
792.3558426808505,262.46513593680595,821.77470,8217747000
645.4326884612152,252.414649482351,821.98250,8219825000
531.5992470447723,265.3293106098708,822.20160,8222016000
528.5709607553538,331.76288227671404,822.40860,8224086000
477.80207221769524,342.7761959228362,822.62040,8226204000
384.8739936064908,330.54835958411013,822.82420,8228242000
623.2246424603906,351.5670028231174,823.03940,8230394000
848.3377708237153,373.38985787654394,823.24790,8232479000
977.0457223276594,356.0549678471615,823.45400,8234540000
1153.4716054398102,381.83335072319386,823.66980,8236698000
1306.0842327659261,410.9187825934128,823.91020,8239102000
1430.0783845148605,451.8644876840213,824.11660,8241166000
1439.1618862785474,475.03839092454365,824.33060,8243306000
1349.6934799856617,513.7335038359979,824.54360,8245436000
1285.4876242256667,567.0552877682632,824.77740,8247774000
1223.7263264007936,613.8484884297367,824.98530,8249853000
1126.6415479245409,660.0183630978763,825.20090,8252009000
1060.2142885756703,661.0535833123677,825.40920,8254092000
1010.2324901726812,688.0616314530048,825.63180,8256318000
940.7761878308307,722.9961906831825,825.84400,8258440000
952.5152770840502,684.5689133410938,826.06270,8260627000
913.7628939958192,713.9746253358346,826.29820,8262982000
916.7849490432218,728.3560146038525,826.51330,8265133000
868.4859729383768,688.1529589226631,826.72880,8267288000
835.8007308247116,672.3015876437041,826.93420,8269342000
834.6867149595533,661.921015709667,827.14380,8271438000
877.3218047235626,668.1409021135527,827.35240,8273524000
862.0037453106698,714.6588676566118,827.56150,8275615000
850.782165968355,727.8604425390904,827.76990,8277699000
884.4617035793973,703.6432475704769,827.97590,8279759000
887.9864341311212,707.765699402845,828.18310,8281831000
911.1698693149655,708.0426850629465,828.39890,8283989000
993.0584243527474,695.6512020238658,828.61580,8286158000
1042.998426795031,712.8807828832524,828.83030,8288303000
1046.3407538821261,692.5002629723805,829.04270,8290427000
1044.7746656260606,679.148692487458,829.25210,8292521000
1024.8952390428638,672.9745202627176,829.46470,8294647000
999.954249127957,641.7294243004251,829.66940,8296694000
984.0986984404727,634.7905512218372,829.88030,8298803000
993.8042383480255,635.3944146879351,830.09670,8300967000
989.7066615786639,609.4373461777292,830.31010,8303101000
1002.7698828168474,616.2639574296455,830.52140,8305214000
1020.3139257530092,585.6103825176449,830.73380,8307338000
1068.9428224161472,578.8429847245226,830.94640,8309464000
837.5258934852142,526.5755014681142,831.16060,8311606000
681.645234769889,472.4782172548599,831.36440,8313644000
520.0214307403122,396.3492845344925,831.58130,8315813000
454.13718179415866,341.9193700887178,831.79030,8317903000
339.7028337794776,285.39392967642607,832.00350,8320035000
522.4646304460736,310.9915149413376,832.21360,8322136000
616.3943140340191,305.4977825089359,832.42290,8324229000
690.4514056644464,331.1386227323307,832.68350,8326835000
822.4227455384677,385.4881872702911,832.89740,8328974000
854.5318479947147,417.5946546873789,833.10440,8331044000
903.1586148433031,473.8212906117783,833.31930,8333193000
977.1356561913432,491.01870333807864,833.53320,8335332000
988.7163005584157,531.924739574865,833.75090,8337509000
1011.3483660652229,579.7485216453402,833.97150,8339715000
1027.7740022593348,590.7863168167605,834.18390,8341839000
1063.6481477546495,627.3058628212995,834.40090,8344009000
1130.6585514092471,635.6396944097976,834.61870,8346187000
1078.988355658981,667.5993760765664,834.84550,8348455000
1082.8109428738564,699.7036529955352,835.05860,8350586000
1081.34298332488,701.3521128870976,835.27260,8352726000
1073.838548608656,709.638962262827,835.49800,8354980000
1104.2022492390083,695.3969377066867,835.73360,8357336000
1145.1606461891283,675.8034474543356,835.94810,8359481000
1093.7879959719407,692.5092411589926,836.15680,8361568000
1109.52766252782,685.9221245740131,836.36180,8363618000
1061.5400494488154,659.6491365913274,836.57010,8365701000
1008.7171953973852,596.4967170416712,836.79200,8367920000
973.6916721668742,554.9015278785206,837.00380,8370038000
970.9267267299418,550.7919125905469,837.21120,8372112000
1085.300542694484,553.9914999590518,837.42840,8374284000
1112.4891032336227,528.7052412398451,837.68470,8376847000
1164.2179652973402,487.3271348219601,837.89790,8378979000
1119.2392054756797,445.6244544098933,838.10480,8381048000
1131.916387821137,452.30363261693464,838.31810,8383181000
1094.9451268503658,507.08382194034704,838.52670,8385267000
1081.6457392719858,537.6525161197754,838.73650,8387365000
1040.0384215446531,588.57786516271,838.94350,8389435000
991.8972631258437,633.6910741335087,839.16140,8391614000
970.305478887078,684.5187473977827,839.39670,8393967000
934.8189522866439,713.3994428464398,839.60410,8396041000
921.9529560951615,740.002819414013,839.81560,8398156000
937.3119885859037,788.0600463345077,840.02260,8400226000
909.322278275054,796.6727239262163,840.23510,8402351000
902.5655335769939,797.2159139709689,840.45030,8404503000
931.4042586814019,743.5513728438128,840.66470,8406647000
932.0079954368804,716.4223488615098,840.87550,8408755000
940.6140404873408,656.5571194208418,841.08890,8410889000
949.8769151182736,608.4637554065214,841.30690,8413069000
917.8412517217445,614.3660823516185,841.52900,8415290000
896.2842564094282,603.5357215581414,841.74290,8417429000
908.4906170228227,599.6270770855134,841.97070,8419707000
951.2283419438695,608.1607583846039,842.17920,8421792000
918.5423091377264,606.2289090789571,842.39630,8423963000
914.100537714674,616.8247997450871,842.61090,8426109000
919.0736575419152,635.114511937296,842.82700,8428270000
882.8641321658322,623.5491348015189,843.04580,8430458000
903.3688487770329,669.2067031686829,843.27560,8432756000
903.8259480048515,668.6964469638859,843.49970,8434997000
923.4109478108717,642.5322641161154,843.71050,8437105000
928.0494994304139,705.8943886236557,843.92090,8439209000
938.4511847167213,680.2066646792937,844.13770,8441377000
934.3184601646772,647.1028830331437,844.35070,8443507000
970.022420231638,637.3419723624389,844.56440,8445644000
1014.5805681667892,626.8550938381578,844.77530,8447753000
1055.8820415931204,636.829298683765,845.00650,8450065000
1103.7220239653486,619.0493541792797,845.22910,8452291000
947.7756449922387,660.4086268667968,845.49020,8454902000
780.6048369471488,618.0450946326199,845.73050,8457305000
597.2140838553582,532.5294355447983,845.99290,8459929000
685.440197443176,505.31543872222534,846.20410,8462041000
713.2409543856186,486.11637698782727,846.43170,8464317000
716.5972471344611,474.95942292056253,846.63810,8466381000
761.5049938864101,463.59091533512253,846.84360,8468436000
790.7806552367415,492.7516224995676,847.05440,8470544000
859.344598400639,531.1407920732462,847.28550,8472855000
862.5094282172,506.7241365463727,847.49090,8474909000
808.6024140986262,494.5872506723471,847.69960,8476996000
823.247120179998,477.8236214120775,847.93010,8479301000
912.3756460925063,504.08752467357374,848.16350,8481635000
957.7496686369775,519.4666326860112,848.38040,8483804000
965.9954800676445,540.4531234781924,848.60980,8486098000
952.8748339019438,568.2525361694537,848.83730,8488373000
918.886225745671,548.8790138766296,849.04880,8490488000
892.2700589267613,556.5120024362072,849.29570,8492957000
934.997417624199,552.7362038961072,849.52820,8495282000
989.5792075522985,572.6821694456329,849.76150,8497615000
970.5565980518921,529.6887424849725,850.01200,8500120000
965.89107908889,559.5720189040309,850.23860,8502386000
1065.857578313162,585.2180064141752,850.45950,8504595000
1026.5148703663922,585.5194388456702,850.67620,8506762000
1079.6981255190262,584.8255328743616,850.91820,8509182000
1103.1566740140559,573.7007845559147,851.13190,8511319000
1062.6987896155358,601.9677353334932,851.38010,8513801000
1040.0548573622834,620.0126347888443,851.59260,8515926000
1087.214433115315,612.4349878657989,851.80670,8518067000
1072.5615825855527,598.3142538983832,852.01990,8520199000
1039.1988017129736,601.6623194842869,852.23780,8522378000
975.1926213934037,596.1132375137081,852.45250,8524525000
936.6037126560503,596.3349733952127,852.67100,8526710000
929.1019821315349,617.8280685920947,852.88460,8528846000
873.1570843957884,585.1868295592116,853.11390,8531139000
818.0746310126901,546.4903450864924,853.33370,8533337000
815.501122415456,527.6123308475746,853.54610,8535461000
868.1221342390251,562.0710527694584,853.76510,8537651000
924.3701372392217,589.9879183301654,853.97730,8539773000
956.0193524339313,633.8587175879711,854.18290,8541829000
945.7465666823804,625.8731079569078,854.40350,8544035000
935.9448023081214,590.9002585425065,854.61550,8546155000
904.0297882782911,647.903860666181,854.83570,8548357000
903.5164362163256,631.202988914079,855.05070,8550507000
979.1918851953733,627.3054085801982,855.27150,8552715000
1024.825279704026,627.9139754467556,855.48230,8554823000
995.9433779660782,608.1583970927745,855.70340,8557034000
1008.3010433144619,565.3813776294193,855.92480,8559248000
937.8790197215112,539.0143687197856,856.14010,8561401000
939.9088644900293,515.7975464331336,856.35290,8563529000
888.914718876307,561.8055753796054,856.57190,8565719000
875.9788900426088,491.00626863659767,856.79350,8567935000
920.2898566387414,495.55152153377026,857.02440,8570244000
797.9116410902542,424.4824739845481,857.26540,8572654000
712.7134494067735,366.04248057805216,857.47770,8574777000
609.856543087721,317.52916538796075,857.70710,8577071000
524.2305202116663,291.71843727488545,857.92930,8579293000
480.1306336693856,254.18661330095193,858.15030,8581503000
576.7730582903937,206.37360192381402,858.36640,8583664000
668.1475958672928,294.44502271424,858.58170,8585817000
787.6773653642683,237.65054725752316,858.79540,8587954000
910.3170940983446,245.41765069565642,859.01610,8590161000
1044.1747571820106,268.2171404699918,859.23470,8592347000
1155.5872913250282,244.9465884125807,859.44760,8594476000
1136.9925073954103,272.4057312763529,859.68890,8596889000
1096.5177387936508,318.078683605305,859.90460,8599046000
1087.0991362799282,394.7859424041428,860.10970,8601097000
1011.5401630161379,464.0152390908033,860.33300,8603330000
996.9042770768727,551.263296561105,860.54590,8605459000
948.5981037474669,609.9512563353965,860.76270,8607627000
923.3757412622658,661.8289723863821,860.97500,8609750000
918.4303584366171,696.9860231172557,861.18490,8611849000
892.6344077094552,706.397991307251,861.40170,8614017000
872.1305132504727,709.9380712631173,861.61810,8616181000
859.082404288237,700.0644538680153,861.83550,8618355000
855.9735197338777,720.906524628078,862.04550,8620455000
782.5765184712136,728.2077856575047,862.26080,8622608000
753.4646064503238,702.8340119008712,862.47840,8624784000
746.587127550474,647.064487449908,862.69460,8626946000
784.6862335237745,616.4811345120236,862.91020,8629102000
796.3973501046166,623.3969191528674,863.12540,8631254000
896.2101393275613,631.349478572668,863.33850,8633385000
942.5615935959759,654.4246633782388,863.55810,8635581000
948.4667994680304,645.7137021580879,863.76960,8637696000
968.8293441970878,630.5388389901603,863.98640,8639864000
953.7385460536456,643.0610794441476,864.20050,8642005000
998.167030361736,626.026923668808,864.41950,8644195000
1076.943169847114,661.3788137461909,864.63850,8646385000
1064.4653572098082,629.2941274095497,864.84710,8648471000
1017.0489438647389,602.0760561214485,865.05860,8650586000
984.2735476779321,579.0854322914182,865.28110,8652811000
933.4037520399831,541.2827095456079,865.50050,8655005000
902.14844778935,516.8384492549512,865.72280,8657228000
857.8535207029294,506.349470188678,865.94260,8659426000
780.1428077885327,495.10195275220894,866.15650,8661565000
831.1320318726335,477.38772140246,866.36670,8663667000
774.5762736209674,480.56930044260275,866.60340,8666034000
814.0329273995359,466.77851687551276,866.81310,8668131000
825.6617122505727,497.94299786528967,867.03510,8670351000
819.7053860502599,518.4204518295306,867.25840,8672584000
759.4291028976088,483.54623408335823,867.48720,8674872000
752.6750408757001,462.95104633117927,867.70560,8677056000
793.1066369238137,416.06423179389697,867.93550,8679355000
805.9839480375413,401.24483378279353,868.14300,8681430000
752.1208777915256,395.2275301094791,868.36390,8683639000
738.312119753022,385.969312309359,868.58320,8685832000
813.3329601756357,506.77045418804425,868.80090,8688009000
759.2510092618164,431.58332072766916,869.01840,8690184000
794.4486607790867,433.818954693484,869.27350,8692735000
803.8932549064563,436.2693045897387,869.48830,8694883000
857.4806805562342,451.86738098708435,869.70190,8697019000
896.0846420026184,447.9135409626436,869.96820,8699682000
928.3945837778195,456.339676810144,870.18990,8701899000
921.617275953518,476.14034192345537,870.40500,8704050000
963.7411691974406,504.9326995568266,870.63170,8706317000
945.7550192870348,514.6110088018279,870.85050,8708505000
993.9543184136343,556.0339041310424,871.06720,8710672000
986.4722263125896,584.8828917008539,871.27860,8712786000
972.6590964940502,568.7105055663628,871.50120,8715012000
970.6375830867761,576.8103557221121,871.71830,8717183000
921.264310631608,553.4687077552651,871.94550,8719455000
844.1357348546754,563.8992589251887,872.16810,8721681000
840.4346620655202,546.5491578251264,872.37840,8723784000
817.2142928934502,582.4404959693014,872.60190,8726019000
773.0660923001981,572.6416745935365,872.86220,8728622000
735.6736657127041,518.7244123839816,873.07900,8730790000
761.6090327845517,532.2858846276197,873.30080,8733008000
744.3493733354081,527.2560733770439,873.51030,8735103000
697.4341313409273,539.8867083568833,873.74220,8737422000
711.4796749589063,601.6159577897167,873.95790,8739579000
692.5781096540957,635.7399514369438,874.20160,8742016000
737.2356181915267,659.4901709746786,874.40940,8744094000
814.8044595611149,660.396501342492,874.64210,8746421000
872.756074506721,644.0623487114738,874.85660,8748566000
873.6228599623681,648.1186357482972,875.10880,8751088000
951.7734245368652,642.5194640929438,875.34060,8753406000
986.1890554659219,652.6023126551426,875.57280,8755728000
1018.6952250588301,675.4559816246755,875.79000,8757900000
999.1238168263571,660.4102190165219,876.00030,8760003000
1023.606477875746,659.4552405180771,876.26080,8762608000
1061.1754122149491,661.1991146452431,876.47220,8764722000
1093.2814444150235,647.282838510935,876.69770,8766977000
1116.2509699774819,650.7195348122425,876.91550,8769155000
1091.2433169839019,652.4587662223245,877.14370,8771437000
1098.225150879256,678.6282588384256,877.35720,8773572000
1097.8909163547896,662.7475947512461,877.56460,8775646000
1048.0483120312429,679.8007771551956,877.77590,8777759000
1046.6731541833788,675.7423312280941,877.99300,8779930000
1049.866709382082,666.570573036478,878.20690,8782069000
977.7169362819341,690.6215162810917,878.42800,8784280000
972.108731149357,665.6505434624,878.64360,8786436000
958.113399832724,694.4129974575026,878.85570,8788557000
1037.6997439272798,670.9455401674641,879.06180,8790618000
1065.2853963683924,626.1507083692493,879.27540,8792754000
1124.373888112737,608.1934098835492,879.48770,8794877000
1151.2208865999053,613.2895660214592,879.70490,8797049000
1131.733224481468,631.894559669214,879.92720,8799272000
1187.826753576555,614.1224753669231,880.14100,8801410000
1154.3735763869379,589.8705793133098,880.34390,8803439000
1128.8475222679651,536.813813138947,880.56760,8805676000
1108.8447541472283,544.3995671241803,880.79030,8807903000
1210.616694986667,573.1573773733871,881.00880,8810088000
1216.6336072027989,565.359841916814,881.22430,8812243000
1151.852379759279,528.951164516762,881.45130,8814513000
1145.627687782504,546.7831113581492,881.67280,8816728000
1153.3645029289396,536.3914905836289,881.88700,8818870000
1041.7367098087952,520.9001760501526,882.11390,8821139000
891.6108351602767,516.0665405587486,882.33270,8823327000
843.6468781247772,497.6719230229732,882.54890,8825489000
790.3347891130891,504.5993311895315,882.76810,8827681000
821.6773470055488,509.4192179472186,882.97130,8829713000
800.1491493547455,480.76790898640525,883.19230,8831923000
814.133474105919,502.2478528021952,883.40640,8834064000
730.9817443926981,486.91703834231663,883.62270,8836227000
728.3908997524575,493.4397587463397,883.83490,8838349000
747.1689878227361,491.5115253581628,884.05460,8840546000
681.8227938724801,552.5963840475695,884.27880,8842788000
717.4607558634035,615.9154790644432,884.49270,8844927000
698.9066736647446,640.5184118597087,884.70770,8847077000
657.049120756242,538.5919423700465,884.91960,8849196000
694.3380247788023,526.2833908117918,885.14250,8851425000
754.8278978862121,479.61610627576323,885.38280,8853828000
785.1091337344553,463.8585904179141,885.60990,8856099000
706.0356948597345,441.3497407945705,885.82710,8858271000
563.8298644078063,374.2057203263051,886.04820,8860482000
513.0434856881055,307.5308808062908,886.25900,8862590000
490.92729283116887,350.53512169239326,886.47810,8864781000
549.0351460896758,431.5422370180145,886.70110,8867011000
612.0885223073799,476.6553752158011,886.91370,8869137000
717.3604284370019,500.0659585988321,887.12810,8871281000
763.4611374487107,505.5361858950371,887.33970,8873397000
868.6255527036742,515.5970946003738,887.59220,8875922000
932.8555245393952,530.9082657563104,887.81140,8878114000
966.0262065120598,522.3716424701561,888.03170,8880317000
956.2519661675956,527.1988432646446,888.24740,8882474000
1042.4412739962129,525.3616949892554,888.51560,8885156000
1111.2462919927245,578.3433922928838,888.76860,8887686000
957.2661898460753,546.9342185539983,888.98400,8889840000
771.7088952134743,512.5919385540685,889.20630,8892063000
698.4593127489069,488.7952653844736,889.43700,8894370000
800.7122207730804,487.98688836430705,889.64710,8896471000
687.9852048905725,436.44891875990976,889.87360,8898736000
665.9337557955427,466.05319884940747,890.09930,8900993000
634.5555118911327,486.66735609636675,890.30080,8903008000
631.8781390085799,498.1702264237281,890.55370,8905537000
633.3312362118351,523.2230429091708,890.78280,8907828000
658.349355739408,531.5804995719745,891.00020,8910002000
678.6827248343109,525.6006775924344,891.22120,8912212000
698.7649729962881,540.8716119550347,891.43860,8914386000
727.52585228557,546.9155632274849,891.64800,8916480000
701.7129278521521,542.8232925563307,891.87390,8918739000
678.1880136777652,579.568310004128,892.08910,8920891000
628.8200224299945,604.339844427023,892.30840,8923084000
575.6482264659538,618.3783317606805,892.52580,8925258000
600.0803521897017,570.9413740775095,892.74370,8927437000
617.8979474078068,556.5230446946402,892.96790,8929679000
558.7068658180586,546.5725119702693,893.17990,8931799000
722.5002465852326,487.0572165745243,893.40150,8934015000
902.416774824725,425.36228965554034,893.61290,8936129000
1056.1078435567415,313.3328392324932,893.82760,8938276000
1170.7916361666917,229.79233489638085,894.05200,8940520000
1198.0033095389015,317.8435135545567,894.27380,8942738000
1145.136920925835,376.48678597607017,894.50040,8945004000
1013.3067749207939,360.3295137067709,894.71420,8947142000
1129.2620647425977,377.915937784572,894.92470,8949247000
1177.1713980387678,396.8336126100186,895.14400,8951440000
1083.3518737886423,415.63513206650043,895.36650,8953665000
1023.1784048918289,411.93777551178187,895.59400,8955940000
947.95502883418,391.12004310911004,895.80660,8958066000
961.696550504142,417.59987999391507,896.01980,8960198000
859.2304671456932,401.15605963573466,896.23350,8962335000
776.1559001070996,314.75203943957024,896.45180,8964518000
862.7449416541674,351.3455616399243,896.67340,8966734000
972.920416012811,276.7076039705297,896.89110,8968911000
1037.3146854143743,161.8831805253202,897.11230,8971123000
1137.6682350485787,128.69018784767704,897.33010,8973301000
1050.8978134552854,133.31215502606665,897.54200,8975420000
1067.4367270019677,176.38908237843222,897.75790,8977579000
1097.839098216065,227.72202578735073,897.97830,8979783000
1100.144555409942,367.60473205678045,898.20490,8982049000
1128.7598107843567,343.4539093829736,898.42210,8984221000
985.4824137914787,372.12447383521004,898.63940,8986394000
793.1748936806728,396.1323683311501,898.85510,8988551000
643.2648852866258,417.43568447255836,899.07100,8990710000
459.7397012044863,397.51914618267165,899.27930,8992793000
595.0342945998789,436.6729386081148,899.51550,8995155000
625.8719021441789,389.23756146758126,899.75460,8997546000
638.9709869343897,468.1896649385085,899.98030,8999803000
625.8143637789093,539.9486430279525,900.20710,9002071000
647.43570750589,439.1963571624978,900.43110,9004311000
770.6701056512503,419.6097135788837,900.65350,9006535000
922.4787884763549,445.49615192907373,900.86220,9008622000
804.6597197592706,460.4779338264282,901.09310,9010931000
754.8330675490856,464.7379491795667,901.30730,9013073000
692.2417128048057,447.16166222800064,901.51990,9015199000
798.4938896299179,395.88928824360255,901.73410,9017341000
807.4494333019056,389.14190763903736,901.94710,9019471000
798.1729208451901,443.4082430428564,902.16920,9021692000
818.6252370434149,394.6233266224051,902.44290,9024429000
860.9500898915807,379.4520191244423,902.65610,9026561000
926.5626145183878,362.33345537461497,902.87410,9028741000
911.6470513829655,369.9149951590723,903.09450,9030945000
976.2904244342113,425.90096495190613,903.31260,9033126000
914.4320547011407,475.9264884505789,903.53120,9035312000
876.6273980221463,439.4963089824174,903.74240,9037424000
737.1601908706534,430.08017977785977,903.95430,9039543000
646.0785954041712,348.37548513672675,904.16850,9041685000
524.7229415218055,300.7113965441139,904.38540,9043854000
578.2865766775071,313.2336789097859,904.59790,9045979000
671.118663917886,304.2576447214903,904.81530,9048153000
733.392063619541,284.1058620099454,905.03140,9050314000
727.0569675288845,331.08728940292065,905.24870,9052487000
736.543051989546,342.10672584382814,905.46480,9054648000
817.4341731057241,390.89969279065485,905.68070,9056807000
804.1734750293629,441.1911199717844,905.89710,9058971000
782.8067433041101,468.60985069464334,906.12150,9061215000
873.5565612112061,528.966589382395,906.33940,9063394000
862.7865705325331,560.5416280365456,906.55280,9065528000
905.0653667780721,588.6050787423674,906.77000,9067700000
962.0344947715331,581.0645562431722,906.97530,9069753000
861.4009511507851,586.6243513161118,907.18950,9071895000
783.4256702007735,554.9120266296729,907.40500,9074050000
867.0998759731383,567.3865338458887,907.61640,9076164000
884.1331939260591,554.3894038172609,907.82850,9078285000
801.6164584743296,613.9154204042841,908.04180,9080418000
863.0388432575552,595.1982794144367,908.25140,9082514000
879.0107135306329,579.2168838330105,908.47030,9084703000
831.1275315613923,559.3215231050286,908.68620,9086862000
837.9050037649044,544.1225054524251,908.90360,9089036000
853.0636544641659,542.7719118287328,909.11370,9091137000
808.7177651864205,552.6970887643437,909.32670,9093267000
851.4489793708511,588.9685915125624,909.54840,9095484000
859.8404487108874,592.2301748211678,909.76810,9097681000
815.7187119082381,585.1515009646029,909.99260,9099926000
697.7964313033426,577.4457959032678,910.20740,9102074000
723.1285703789686,558.1698018757506,910.42500,9104250000
725.5955429793397,583.9538061297162,910.63830,9106383000
688.4663094699869,581.9245785717568,910.87710,9108771000
685.9653404949727,574.1165951882837,911.08560,9110856000
710.4507585311405,581.3710440420252,911.29900,9112990000
674.4252217909243,591.652761126446,911.51250,9115125000
699.3814702149516,614.6033961589347,911.73530,9117353000
708.6043317097698,619.1257422590353,911.95700,9119570000
706.7038129343148,591.6789589265695,912.17430,9121743000
817.3074448490771,586.5472277343217,912.38960,9123896000
917.7722445556351,630.2604535986217,912.60360,9126036000
967.6374830174669,644.1433181308264,912.81520,9128152000
1011.4915483247817,636.1132566896523,913.03160,9130316000
1086.2233867822495,646.757374728775,913.25720,9132572000
960.5790063808398,682.9627645439448,913.48100,9134810000
769.619371243306,611.774410262787,913.70010,9137001000
657.8295540697213,544.5753353434407,913.91370,9139137000
576.2387301285257,479.01174202511476,914.13500,9141350000
435.8125932457509,416.4696355624003,914.35800,9143580000
391.47815125637976,412.1091582988203,914.57150,9145715000
436.82519702143554,333.3483851247266,914.78890,9147889000
553.7872884891949,334.65850167780854,915.00650,9150065000
633.6483611833655,375.403770859522,915.22410,9152241000
620.9819535718317,391.7993977263158,915.44570,9154457000
577.0049715097637,414.3629529608484,915.66210,9156621000
604.5074424991508,460.1989023258606,915.88220,9158822000
569.160637772834,509.8021815487413,916.10360,9161036000
615.0909797686586,562.2503579450879,916.31720,9163172000
665.4898430728085,587.2538484318567,916.53550,9165355000
643.3983376291627,653.6223364339492,916.74750,9167475000
673.471809330428,690.3470266731822,916.96870,9169687000
688.9838069821554,718.309851090024,917.18610,9171861000
735.1108237804408,748.5621028405214,917.40930,9174093000
722.3252538308722,783.087918282404,917.62830,9176283000
665.1057638521232,789.7767441555549,917.83580,9178358000
688.6110256159534,722.9486366755758,918.05040,9180504000
616.9912903528335,673.0321147521126,918.29370,9182937000
667.209899788393,622.2952604714795,918.51550,9185155000
630.4264834774942,514.3137251817465,918.73690,9187369000
504.3072558308477,420.0659191844827,918.95780,9189578000
400.5090073260892,341.04919552160266,919.17780,9191778000
512.7257842467066,332.74361484757543,919.40020,9194002000
578.5697772054847,259.96702210730655,919.61480,9196148000
727.0770950231572,261.93389608222975,919.83710,9198371000
819.9373101926533,218.9400238942518,920.05460,9200546000
790.9865576250706,247.716048089313,920.27290,9202729000
853.8377691475592,316.4513723557726,920.48890,9204889000
796.0680311960632,343.213141123511,920.71090,9207109000
784.0111926423597,383.9930840341291,920.92980,9209298000
789.77587601817,384.22072238766134,921.14500,9211450000
771.3818844872096,434.77433986397875,921.36730,9213673000
805.8354102207892,448.8247940768295,921.58540,9215854000
835.7177193264574,517.9025885026314,921.79860,9217986000
799.2098834374514,537.0893551053982,922.05530,9220553000
732.3743413177966,587.971866071643,922.27030,9222703000
716.2445552722875,583.6044157589319,922.48690,9224869000
765.3889338529181,594.2769135769585,922.69770,9226977000
753.2167386843747,572.1423268060227,922.91510,9229151000
757.3327235420319,574.0869500340981,923.13130,9231313000
808.7694329111824,561.0613875066186,923.34770,9233477000
765.5669382492466,586.253614631372,923.57400,9235740000
718.2581424273245,568.6911846377276,923.80080,9238008000
706.0149537235802,545.6191717469771,924.00890,9240089000
717.8426092380465,555.7507837108953,924.21860,9242186000
725.096550880662,561.0906759206354,924.43940,9244394000
736.2449978178223,570.8427048723428,924.65400,9246540000
709.6712440955044,595.8138553632854,924.87270,9248727000
682.7229971620625,576.8127134741277,925.09740,9250974000
730.4845928554845,575.8245488661927,925.31690,9253169000
705.2483174568124,609.1742597918848,925.53500,9255350000
680.8746160752253,621.0096154599152,925.74580,9257458000
668.6602846757261,647.5361426760097,925.96610,9259661000
621.5952158417273,655.5895136556762,926.18110,9261811000
687.9012005082566,630.3505855941272,926.44390,9264439000
618.5754955157131,545.4492362294088,926.70460,9267046000
622.3540241032441,501.5137082936049,926.92250,9269225000
593.1107311312949,438.69884636028905,927.13970,9271397000
535.0111651332487,382.94094546206327,927.36910,9273691000
485.6960281024096,401.7955322560313,927.62960,9276296000
499.3233847307018,441.4729249906392,927.87200,9278720000
570.890503329451,451.23269190434894,928.08420,9280842000
594.4991982646583,452.0906029696674,928.29550,9282955000
648.8424612811148,479.58250224655484,928.50920,9285092000
703.7093925295148,432.7328807584759,928.71470,9287147000
737.158160154874,396.44538564699,928.93690,9289369000
704.4952559054391,393.98788665981033,929.14710,9291471000
779.685855647489,367.11114586076326,929.36970,9293697000
791.4257634922304,374.7942206324667,929.58760,9295876000
843.6580849984907,396.6844512517935,929.80230,9298023000
856.1220873213584,412.4990316195215,930.03100,9300310000
857.5076663001902,389.8910311939809,930.23810,9302381000
771.4123820299687,472.19387073592657,930.45890,9304589000
641.401895159186,458.46169121818366,930.72660,9307266000
527.3994762207902,457.14189714449725,930.94050,9309405000
481.3416426016771,440.0462780983128,931.16220,9311622000
479.24047819033547,417.4947715231211,931.38260,9313826000
513.4390599273879,400.0819051253215,931.63090,9316309000
583.9759815155367,403.1339094466175,931.84300,9318430000
663.1315425443873,368.6047715427201,932.06510,9320651000
698.0992332302028,390.7170523561243,932.28640,9322864000
686.212721303992,326.70917264132447,932.50010,9325001000
744.4718687177505,293.9275645795617,932.73680,9327368000
854.8993529283505,303.6274300292363,932.95660,9329566000
866.4389959231922,315.489029672198,933.18250,9331825000
841.7742661632177,351.52410105292,933.39630,9333963000
810.9825524239152,382.83913259280155,933.60540,9336054000
835.7927178942538,349.1916491099496,933.82620,9338262000
891.4405766801615,403.973613753673,934.03640,9340364000
843.5247434510717,461.0070203122095,934.24110,9342411000
835.6303476619979,515.3237139329277,934.49910,9344991000
790.6699553453554,522.5027698800177,934.71630,9347163000
760.3008526282701,562.474404220337,934.93370,9349337000
715.4726324909292,573.4847475375127,935.14890,9351489000
735.800666947432,626.2469458783772,935.41500,9354150000
732.3585545637264,658.1452017370575,935.67640,9356764000
766.8015263440968,702.1112345439067,935.88970,9358897000
786.8103129797057,720.8834934847828,936.11330,9361133000
795.6957308222761,710.0820611307754,936.32920,9363292000
842.4224856841964,719.3252082171064,936.55160,9365516000
845.5802410401742,669.5644775097601,936.77170,9367717000
832.7009113493934,642.8739888876631,937.00070,9370007000
767.0534785834874,633.8278243470413,937.22550,9372255000
775.2261133288539,628.0848452355511,937.43860,9374386000
773.0333432904721,629.5524560474945,937.65430,9376543000
755.5271104315583,638.0612991531627,937.88500,9378850000
812.66991600809,575.5934179860282,938.13610,9381361000
819.4061536005526,527.7741515059142,938.34390,9383439000
792.7100476874967,485.90703395515584,938.55570,9385557000
774.4579537799553,534.3141395019181,938.78040,9387804000
787.2099267203686,500.28112197590275,938.99190,9389919000
822.4387479178051,476.700425935063,939.20480,9392048000
762.9223766198287,473.96071135961336,939.41660,9394166000
791.337680848817,490.442186588114,939.63630,9396363000
834.3489425136763,482.50913747428245,939.84840,9398484000
840.0010913899715,475.5852925876817,940.05870,9400587000
845.6253390921345,470.30757733383405,940.29850,9402985000
791.8319751040655,505.67366405732696,940.51070,9405107000
782.813646925506,502.5279952964271,940.73060,9407306000
751.1090807159724,519.5763896994442,940.93860,9409386000
721.1646440683069,499.91468765060523,941.15590,9411559000
709.4182678716795,469.15285706512554,941.37910,9413791000
702.5221036904996,445.54176443853567,941.59970,9415997000
688.7649618160665,448.1318402953687,941.81760,9418176000
632.9823672527211,509.41033663240694,942.03620,9420362000
612.4556549122902,470.1558721433554,942.25800,9422580000
599.6230989139697,469.65243113690525,942.48660,9424866000
588.926513738046,461.72016837011756,942.69460,9426946000
601.4149363176311,466.0113651074011,942.90590,9429059000
581.6759358705954,481.3051608377169,943.12680,9431268000
564.935433900843,489.33120468339547,943.34290,9433429000
591.1798323864751,508.94002167541544,943.55810,9435581000
570.0098575333024,555.015454981866,943.76740,9437674000
552.8741708341126,589.7819430158024,943.98230,9439823000
559.0255194880601,602.4492376272167,944.20440,9442044000
574.8904345881894,620.5235278324377,944.41830,9444183000
562.8681134154297,685.8822596945098,944.63490,9446349000
554.2121863361671,696.3605125110777,944.85280,9448528000
535.195125320164,704.8679553568754,945.06950,9450695000
567.6167429523696,738.0729352247756,945.27810,9452781000
596.6095990609231,755.0489402307252,945.48980,9454898000
631.1617024615034,698.5716389773871,945.70070,9457007000
785.3364358148576,667.1368076736215,945.91490,9459149000
772.390024765148,628.7145389061528,946.13240,9461324000
832.652623288883,619.3176316371663,946.35010,9463501000
884.1575225634512,606.2371672111443,946.56710,9465671000
948.267893171702,602.6862228625154,946.77560,9467756000
988.424474430224,536.7153615623546,946.99490,9469949000
959.7841660978347,532.8049263624245,947.22220,9472222000
934.9010903141603,559.1194151917516,947.44200,9474420000
816.1855221073547,594.7189549361071,947.65650,9476565000
695.5409645553734,518.722162403813,947.87570,9478757000
585.543998834019,475.12298599660653,948.10680,9481068000
473.79344545483275,432.0742928413013,948.31190,9483119000
467.5616702858735,318.5771133712984,948.53390,9485339000
582.7196792359797,272.31393756857653,948.74210,9487421000
688.9152628286524,259.38682741473696,948.98680,9489868000
682.8064297680933,299.07048970877213,949.20980,9492098000
678.6219126858479,349.5762337134723,949.45510,9494551000
705.5354424320564,456.7327106909225,949.67200,9496720000
689.0972938829775,528.3755798137272,949.89240,9498924000
733.5076780225671,595.833955442376,950.10480,9501048000
749.3865299808358,653.4046373247471,950.32260,9503226000
722.4850169950608,699.0935845459296,950.54480,9505448000
697.8169808744904,716.3230943293346,950.76270,9507627000
676.1800893135609,699.6624127001326,950.98200,9509820000
701.830689634668,696.3169242642703,951.19930,9511993000
659.6794116985275,738.8371916764926,951.41160,9514116000
619.8514237779981,783.0979925810722,951.62390,9516239000
615.1767537665241,819.0131282830419,951.83870,9518387000
624.4713787285234,805.0626605309137,952.05440,9520544000
699.4495677661898,778.3857679377242,952.27710,9522771000
710.3271548791786,787.3892178214787,952.48840,9524884000
724.7369375302537,757.9107705461381,952.70140,9527014000
703.8432092854844,707.3163249602717,952.91660,9529166000
728.4383413873518,694.9774680667194,953.12970,9531297000
700.838864604137,678.961563101624,953.34510,9533451000
732.150503483017,667.5838888605322,953.56080,9535608000
737.6918033195761,613.5098292400849,953.76730,9537673000
751.7009852664719,614.32117547422,953.98240,9539824000
725.5401263804914,620.7200283754821,954.19160,9541916000
690.7412663423223,659.3675185543827,954.40860,9544086000
671.9310957883877,659.4335154469206,954.67010,9546701000
666.2881507806264,647.3620804628121,954.93310,9549331000
656.6540711115197,667.0835272003675,955.14570,9551457000
648.0723236408915,665.332262603036,955.36570,9553657000
686.2512043708443,641.8033598947657,955.57370,9555737000
684.6515106199746,633.5626494630916,955.79420,9557942000
680.6688799946937,620.3980576617126,956.01140,9560114000
713.1622910703691,631.1339494552163,956.23700,9562370000
741.3938634637267,627.5297459499948,956.45110,9564511000
769.6270138279305,617.4798883031908,956.67300,9566730000
766.0485815285384,617.6635394804407,956.88950,9568895000
723.0443154598129,633.4681927402912,957.10170,9571017000
736.5438508511173,642.3248204226637,957.31270,9573127000
694.2615199770113,628.1973627287099,957.52870,9575287000
663.2363346977926,588.090285002521,957.74250,9577425000
687.2995201022229,581.6379654090662,957.95820,9579582000
707.0891296708498,567.284124830867,958.16860,9581686000
711.970760471919,560.5942143919439,958.37800,9583780000
673.4297183414121,607.6516841972582,958.59610,9585961000
632.969497078854,586.2590321371315,958.81320,9588132000
613.7933511606791,542.1265892763373,959.03210,9590321000
633.986540184477,504.94229969293156,959.25240,9592524000
570.0183303800425,528.8004848665253,959.47320,9594732000
641.2541320843952,543.7788630265013,959.68270,9596827000
568.233137730554,529.1158388296606,959.89520,9598952000
544.90120080992,481.28003622558344,960.10560,9601056000
588.2978437834365,436.8269562728648,960.32650,9603265000
733.8706063583319,443.8552470977417,960.55130,9605513000
768.4994792923975,457.2411020958839,960.77180,9607718000
759.3852230601586,447.35589473598304,960.98550,9609855000
760.4233587396666,384.2564342273233,961.19950,9611995000
656.9909072798647,370.15077611894196,961.41160,9614116000
561.0473232938709,357.2483076836769,961.62960,9616296000
398.85225742306545,286.6827974547122,961.85250,9618525000
567.4105529129693,316.21319447048955,962.07530,9620753000
622.7909593824273,400.07960490732717,962.29760,9622976000
660.0883343137411,450.7005376389763,962.51180,9625118000
675.6977766443204,473.4562932791912,962.74200,9627420000
667.2865080026818,487.08850829137765,962.96060,9629606000
679.3951430152604,578.2762845478705,963.17350,9631735000
671.5363264404301,504.20979401344897,963.39180,9633918000
672.764756583347,437.99435761739534,963.61230,9636123000
676.4650157005552,494.7167674786722,963.83130,9638313000
587.8358562479244,523.4510900199825,964.04350,9640435000
574.3564151959885,538.6258237334109,964.26070,9642607000
610.8831107300633,559.1544963318088,964.47720,9644772000
610.4098522663872,593.5522720289124,964.71270,9647127000
659.8672135535224,619.6694277843196,964.93510,9649351000
597.2989508221945,531.8380131020708,965.19390,9651939000
605.0700080627398,522.0492595448053,965.41630,9654163000
776.6350434889811,479.34536623530875,965.69160,9656916000
871.8139700282337,397.8491229345837,965.92710,9659271000
980.2335192753156,367.83938789700187,966.13860,9661386000
1062.3090974192276,409.55234992943986,966.40390,9664039000
1132.5091888298134,460.8716298650359,966.64500,9666450000
1191.206783494724,436.080966644983,966.87320,9668732000
1211.532953891081,449.7075641841705,967.09680,9670968000
1245.7452407786884,443.7811146240764,967.31870,9673187000
1272.9733045121368,432.43532167566127,967.55580,9675558000
1290.8566594865179,424.13747741792014,967.76940,9677694000
1273.9127363417592,445.0116285747897,968.00150,9680015000
1316.7934342491938,463.2755955169229,968.26380,9682638000
1318.8438484028723,431.2544572713616,968.47720,9684772000
1231.2915266494908,399.6115974454947,968.68850,9686885000
991.9353865051113,329.87074620713713,968.90280,9689028000
877.5421912873876,343.6490924470944,969.12360,9691236000
880.4179671731147,273.75290923794796,969.33680,9693368000
869.5623690115904,298.6672652037503,969.57810,9695781000
895.5090156282425,269.8414611651088,969.80460,9698046000
860.4874406586414,289.0397786449598,970.02570,9700257000
930.2467039103076,277.86177437805594,970.28200,9702820000
1089.5637649620905,302.8144544000452,970.50260,9705026000
1209.0538348779442,251.17808355347154,970.71760,9707176000
1244.456260816356,217.5808148544994,970.93520,9709352000
1290.9020285812342,158.4848311485903,971.15140,9711514000
1334.3709904577047,214.95366584960658,971.40990,9714099000
1306.2347456089344,308.1049434202405,971.62870,9716287000
1389.552954393715,320.6576662496811,971.83760,9718376000
1430.7671570248447,341.9854798650574,972.04600,9720460000
1244.4224553155518,386.8776903260643,972.26310,9722631000
993.0349371781228,436.63073090505367,972.48150,9724815000
741.6761390560482,406.67390238597864,972.70470,9727047000
509.2898373459568,380.06874304768337,972.92040,9729204000
487.4711456305949,454.5132556810503,973.13460,9731346000
479.1281337050631,472.34732204936364,973.35070,9733507000
579.1723077348821,511.8311544570425,973.56870,9735687000
605.7294207333401,551.6377636012066,973.78820,9737882000
608.7898223065761,545.7932325346068,974.00460,9740046000
638.55234520567,556.8192162545822,974.21600,9742160000
590.134879565403,537.6602698640763,974.43720,9744372000
556.4480686753898,545.3182518898848,974.64850,9746485000
573.976355895026,548.9133662992285,974.86610,9748661000
594.8939381086891,544.6793376949438,975.08650,9750865000
610.3702471629388,547.5312790817071,975.29850,9752985000
618.9719076755953,498.5476642845187,975.51460,9755146000
630.9295992527827,545.0875922707368,975.74450,9757445000
678.6851628893309,548.6755567502889,975.95910,9759591000
768.6043457406757,558.649949167702,976.17410,9761741000
855.8108323341659,573.8315926507222,976.39130,9763913000
925.129331590573,590.4866540054534,976.61020,9766102000
1026.7394402106597,588.8754141688222,976.82540,9768254000
1078.4124186086551,604.8226704096485,977.04130,9770413000
1156.8978590835777,618.6012398586563,977.25680,9772568000
1191.5736993397497,625.6800925113349,977.47850,9774785000
1224.8295065096784,622.7896747056076,977.69010,9776901000
1204.0152317505028,610.6795879510402,977.89730,9778973000
1199.5177998576414,599.5719013059172,978.11960,9781196000
1164.740560279485,586.5037764432474,978.34450,9783445000
1152.5388645897885,572.5540980811921,978.55970,9785597000
1105.9178865471579,557.5866777855265,978.79330,9787933000
1078.7391487111302,545.3879379797607,979.01280,9790128000
1107.8669952999298,588.3633681822781,979.23290,9792329000
1128.0978958083713,576.0400456537232,979.43720,9794372000
1172.7389150951128,608.2782839822444,979.65220,9796522000
1060.1605056699336,595.4082784287809,979.87680,9798768000
1076.5995926325545,602.0076083769436,980.10180,9801018000
1072.4045952960535,608.179829207247,980.32500,9803250000
1019.9283977656294,601.0864049495312,980.54300,9805430000
957.3199398879785,594.6967286179193,980.74990,9807499000
936.6661778262383,586.2008634192069,980.97450,9809745000
978.9953959232563,552.4954267428521,981.19930,9811993000
961.3153049810187,536.5085696710368,981.41300,9814130000
933.728724515418,465.99618856750726,981.65190,9816519000
928.2211304435007,468.9133647793887,981.87170,9818717000
897.7986355831799,453.13699759753297,982.08460,9820846000
941.0727158395069,488.3968890369256,982.30200,9823020000
968.7870114203396,494.8355198855564,982.52660,9825266000
951.1451103774165,480.9090029334679,982.75090,9827509000
955.619805113797,460.9635928002484,982.96700,9829670000
955.8844569707749,476.62479771243994,983.19080,9831908000
935.1620117031872,497.66223727809177,983.41150,9834115000
996.5358580366842,527.576567264998,983.62600,9836260000
1045.3108289093134,516.1833373723746,983.83630,9838363000
1094.0344642230832,550.0305654310437,984.04300,9840430000
1008.4976292352551,544.3383275325184,984.26490,9842649000
1100.8161589494946,461.56565502758036,984.48270,9844827000
1198.4540106624977,387.54386411549643,984.69610,9846961000
1295.156235292943,327.9369984902316,984.91380,9849138000
1238.9190113159716,396.32759142514124,985.13680,9851368000
1175.3057237709904,443.09589048540016,985.34820,9853482000
1143.142472808403,463.6258115424945,985.55650,9855565000
1119.307001365121,479.9856021371574,985.77360,9857736000
1011.1500729230428,481.1659001748454,985.99090,9859909000
989.8727266120322,519.9653374789124,986.20780,9862078000
969.6885066081604,530.851338970892,986.42660,9864266000
1012.2842237156701,585.457459853552,986.63600,9866360000
1027.1642486666483,585.5875966576673,986.84950,9868495000
1014.3246905024049,591.768315348666,987.06210,9870621000
1018.3557392868171,597.0786192720001,987.27330,9872733000
1055.4445545328222,597.8477570740439,987.48440,9874844000
972.5874366761091,569.2278967641561,987.71170,9877117000
978.1226205996138,581.7595233454799,987.92720,9879272000
968.1016897616817,569.4635455538028,988.14800,9881480000
1024.140466874669,584.859721155583,988.36120,9883612000
985.3430957708064,642.1521644715854,988.58150,9885815000
1010.8742265959503,655.015912268061,988.79980,9887998000
985.5024148582388,639.6878663327642,989.01210,9890121000
954.8164114640734,651.6872913259087,989.25590,9892559000
929.1965291598306,615.9379252959359,989.46990,9894699000
922.727184343361,601.8277304236791,989.67690,9896769000
911.1091090856848,557.4018908197247,989.89210,9898921000
956.5463102952133,568.3541376833339,990.10370,9901037000
999.7342398091236,587.6075780211336,990.31890,9903189000
945.8436218857469,590.5817292456078,990.53530,9905353000
1055.4736492135394,589.526206009033,990.75070,9907507000
992.8634066040584,568.2321558769188,990.97050,9909705000
999.9312616183963,565.8673462513112,991.19330,9911933000
1037.938849083567,575.499864689172,991.41420,9914142000
988.0442139666967,637.1883876948569,991.63840,9916384000
918.3119802183322,605.240999999258,991.85440,9918544000
835.8356463592279,583.7101409543452,992.07240,9920724000
778.5017449303515,581.1358511505118,992.32600,9923260000
672.2947062118457,554.7704767958147,992.53930,9925393000
631.4001793336214,569.9672704770602,992.74980,9927498000
545.2867036721708,518.3167998102768,992.95840,9929584000
568.6357956715841,507.1171261118536,993.17440,9931744000
528.0026579247543,472.5128827080406,993.39780,9933978000
522.8764157697375,442.6401048309917,993.61900,9936190000
582.5594625882387,453.58657587746256,993.83940,9938394000
513.8532826200254,435.90666841910587,994.05990,9940599000
461.39348404175354,424.055712628217,994.27930,9942793000
445.8483590111206,503.88669895088685,994.49780,9944978000
437.27177688415867,488.63492890426323,994.71080,9947108000
399.0448983298586,492.80060263625353,994.96270,9949627000
314.6143329990535,480.77482361934346,995.17770,9951777000
307.6039885258931,455.1556753793807,995.39020,9953902000
310.3258683459221,393.57562373007795,995.60330,9956033000
340.4677976273501,346.316815801949,995.81490,9958149000
364.29285737456115,341.7528782755085,996.03230,9960323000
520.7734238525071,418.53613805685194,996.24720,9962472000
561.8797772442368,444.35197083086166,996.45940,9964594000
532.9535062828238,464.7753758040317,996.67220,9966722000
611.0192076548071,476.4666448598571,996.88260,9968826000
542.9242078084675,456.074987313217,997.10860,9971086000
618.5029250300944,475.28932312163613,997.32560,9973256000
613.5797398774205,510.8127124563446,997.54220,9975422000
635.3903080070165,516.1932798357728,997.76610,9977661000
591.5887650525294,499.8704069688561,997.98040,9979804000
512.0415561420092,519.336635807005,998.19880,9981988000
599.9321222513416,502.3817589253049,998.42050,9984205000
686.6187752571844,426.2115995295333,998.63820,9986382000
622.5479933671489,456.0976539358752,998.85310,9988531000
514.3109518924924,479.3371740894931,999.07670,9990767000
468.096585166572,488.4212833565034,999.30470,9993047000
368.465237315284,491.3116327177501,999.52590,9995259000
357.2512109261317,500.0555780496031,999.74160,9997416000
318.9736375150203,538.1059190760833,999.95710,9999571000
271.5307997211211,597.2968914695839,1000.17420,10001742000
260.2150604603748,594.3065179632796,1000.38920,10003892000
239.63729989086534,611.9314825422423,1000.63280,10006328000
215.568444866336,638.5081649821971,1000.84750,10008475000
187.62452445172764,619.7532622789583,1001.06480,10010648000
169.95169977518086,642.8620609318157,1001.28050,10012805000
453.38623413892503,641.1623694459937,1001.50000,10015000000
459.49608751167597,640.409578460824,1001.71860,10017186000
448.93488995834906,642.0113929231488,1001.92900,10019290000
455.085170464181,656.7958085809131,1002.14270,10021427000
492.69562533722046,643.6474961565948,1002.35800,10023580000
540.4434998051834,628.3564366343961,1002.56770,10025677000
477.8368699915342,612.9225112870362,1002.78360,10027836000
476.8906316035514,609.4950662546096,1003.00290,10030029000
448.65228041233763,600.6082786821809,1003.22430,10032243000
415.1785024217038,561.7441842826702,1003.43560,10034356000
446.16892943769034,547.2609838370087,1003.64510,10036451000
427.345669047125,529.2618832728567,1003.86120,10038612000
397.78847597886914,489.0218605751679,1004.07650,10040765000
416.77494981714665,518.2349197016905,1004.29560,10042956000
395.58543915209145,541.3049173017384,1004.51390,10045139000
378.82529127279287,505.27961337720683,1004.73590,10047359000
347.57543865884537,497.01076545270297,1004.95000,10049500000
330.9074241194572,512.3672364195313,1005.16780,10051678000
337.2598981261426,478.9728975354252,1005.38140,10053814000
308.84977872790273,501.8844534788649,1005.60540,10056054000
289.58772755568185,525.2500124044528,1005.82340,10058234000
288.90642789837443,554.7420973097583,1006.04080,10060408000
333.20127309278956,551.2869213483439,1006.25530,10062553000
336.22127157670593,555.7045467898581,1006.47350,10064735000
334.10341626129343,574.8001596154318,1006.68270,10066827000
402.90054411956305,574.4226886578729,1006.90940,10069094000
357.41547370537313,566.3868797169387,1007.15380,10071538000
346.5446052230664,545.1406220246606,1007.38740,10073874000
626.1750883084936,564.7047734688243,1007.60180,10076018000
653.3116774961434,637.9521794168418,1007.81520,10078152000
624.637458571731,660.9601056497648,1008.03030,10080303000
611.8381391079848,668.3267764986045,1008.26590,10082659000
583.5852027554263,660.6586350336288,1008.48350,10084835000
559.3915966433498,677.2352700163897,1008.71160,10087116000
475.6492022493622,662.1727044537266,1008.98100,10089810000
474.3822680267355,634.7646559826935,1009.20600,10092060000
441.4136588529931,643.6328208153136,1009.41660,10094166000
400.80042921537256,621.6341736685696,1009.65320,10096532000
413.5832555564233,596.0505309743082,1009.90150,10099015000
461.5646536415346,554.7569898187062,1010.14460,10101446000
495.57409809906386,488.7516591351472,1010.36200,10103620000
652.0440935054608,555.7339861910591,1010.60000,10106000000
817.2784767244771,597.9969301902408,1010.82280,10108228000
829.0442508425231,632.7170693735407,1011.03830,10110383000
792.8173047287057,606.0376742787571,1011.25880,10112588000
678.1995446907629,559.3203092149929,1011.48840,10114884000
592.2411500893919,540.8888664406467,1011.70570,10117057000
600.8942649255314,536.5898119586078,1011.91980,10119198000
565.9490128383832,530.1247197636995,1012.16790,10121679000
541.0738686650824,521.2384134073652,1012.39070,10123907000
729.962954745522,549.2798916559607,1012.61170,10126117000
664.2894704772143,526.30019073158,1012.82650,10128265000
587.1749897415732,506.9846259792144,1013.06850,10130685000
535.539706933733,502.393972264416,1013.28340,10132834000
499.9143640610045,502.44698315674407,1013.49900,10134990000
465.5837261430166,505.0931545525956,1013.71500,10137150000
375.15745109982413,488.6265012863012,1013.93530,10139353000
317.69954625060916,515.442753222392,1014.20300,10142030000
318.00253895948447,547.0619807785536,1014.42270,10144227000
246.95506283974868,531.9510968161044,1014.66040,10146604000
460.67489551903407,556.6468426758129,1014.93250,10149325000
521.712230319875,564.723886978378,1015.15080,10151508000
501.0888703547059,535.4994330250508,1015.36490,10153649000
497.2110821867549,541.5063799153511,1015.58020,10155802000
548.9382184541292,540.614770504684,1015.79580,10157958000
459.9274465623986,517.7885982781594,1016.00900,10160090000
453.06323668700566,534.1857473317342,1016.23200,10162320000
399.700792059622,542.7058138497098,1016.47260,10164726000
326.23973040683177,593.1436762677586,1016.69750,10166975000
270.29458045339817,592.6990785569053,1016.91460,10169146000
249.13522285650026,603.129996209211,1017.13030,10171303000
236.15714677869946,606.4713376809942,1017.34900,10173490000
233.71469418591283,604.517985183227,1017.56300,10175630000
263.57452855740064,628.7606143431103,1017.77320,10177732000
257.19996673695505,613.6573779585517,1017.97830,10179783000
219.43655692218516,616.3539760014295,1018.19870,10181987000
296.4776002613629,603.436292778824,1018.41830,10184183000
369.2162035386051,577.2835063944445,1018.63690,10186369000
363.4444525729432,559.2826825114336,1018.85160,10188516000
355.36766488821695,558.371312239936,1019.07250,10190725000
568.059659641304,498.96954233170703,1019.28330,10192833000
710.3569186360688,492.1180717528511,1019.49100,10194910000
763.9096153064198,434.0353414986692,1019.70400,10197040000
632.9229878844683,421.55583930764345,1019.91520,10199152000
555.7362006847895,460.9298630852359,1020.13820,10201382000
509.59406458149994,445.8691909478326,1020.35040,10203504000
737.5918302807926,486.1652787570044,1020.57280,10205728000
692.0800284660421,546.6619254824816,1020.79400,10207940000
723.2471759318939,576.1067354992888,1021.02290,10210229000
762.8624121204136,584.895863620533,1021.22900,10212290000
697.2419140481215,560.8303366165819,1021.43970,10214397000
638.4818025794542,535.0380701329334,1021.65010,10216501000
512.78507422711,488.99133928379695,1021.86820,10218682000
420.90718635185476,469.695853694453,1022.09280,10220928000
365.4332575910673,480.9935891913708,1022.31540,10223154000
390.0609893349134,404.92266810613575,1022.53320,10225332000
608.6004651345013,500.79243099147675,1022.75040,10227504000
705.463099630149,508.46392992868175,1022.96630,10229663000
687.7177068268613,513.5932403859026,1023.19660,10231966000
633.9361597230924,514.8739040837388,1023.41300,10234130000
548.943222926851,504.1895180245255,1023.63360,10236336000
469.53208912037377,421.5838027222752,1023.84850,10238485000
348.80376149925723,450.0113759205806,1024.06380,10240638000
537.0541049357835,527.9013654343745,1024.28020,10242802000
486.4093924997858,486.9711749381497,1024.50800,10245080000
552.1745323296234,457.98694594849064,1024.73010,10247301000
657.3041223407995,385.5225723041857,1024.94380,10249438000
580.3070021174017,404.8230345697364,1025.14940,10251494000
504.07231302925675,370.83993002633764,1025.40440,10254044000
476.96307350646623,362.43014349268856,1025.62260,10256226000
432.78565150255963,313.09055341126066,1025.83320,10258332000
508.43288852865874,363.6594316313653,1026.06100,10260610000
656.4098453862093,446.64578158946085,1026.29130,10262913000
707.5521744786785,447.1446907698595,1026.50990,10265099000
837.1593201809901,414.19698198097916,1026.71780,10267178000
964.6436462611119,363.6389728427357,1026.93780,10269378000
1114.7325381807284,384.60060716699445,1027.14880,10271488000
1144.123063145353,392.6109986134122,1027.36830,10273683000
1095.200348572217,417.12211948489085,1027.58120,10275812000
945.0397228313489,444.20539406166944,1027.79450,10277945000
858.8486508390497,480.0924025008562,1028.00620,10280062000
780.8890597857012,498.9594846622393,1028.21240,10282124000
738.0947517388291,505.7278360267014,1028.42700,10284270000
708.2042604551086,555.7210551426949,1028.64430,10286443000
633.0229974740109,583.652390412177,1028.86860,10288686000
648.6078253378182,574.6320423878682,1029.08360,10290836000
641.8136637312198,637.1322492359768,1029.30420,10293042000
657.417193911518,642.8572498894263,1029.52290,10295229000
660.9474345555471,690.3229779189115,1029.73770,10297377000
665.4185640809617,718.0544706280231,1029.94980,10299498000
636.9061353309712,700.0040964621672,1030.18570,10301857000
632.7068194100854,701.852673801952,1030.42000,10304200000
625.6997841380726,721.0692562830332,1030.63840,10306384000
629.7939726486336,709.5169261938498,1030.89360,10308936000
666.301093637962,606.0499128318645,1031.11400,10311140000
769.1234279228513,468.62250079973404,1031.33590,10313359000
862.6617970301133,343.2744434594055,1031.55000,10315500000
808.6205534273778,378.8239415480524,1031.76830,10317683000
736.146608910138,378.2642513601093,1031.99280,10319928000
646.7524097961414,414.02840061270484,1032.20920,10322092000
561.7200379717303,411.3517622621713,1032.42740,10324274000
567.7767439975892,473.6425090641281,1032.64170,10326417000
574.2380259472798,493.31618577849406,1032.85750,10328575000
604.6225815634365,530.9618610136051,1033.12810,10331281000
612.5132257882109,578.0185381870685,1033.38440,10333844000
621.1883743420977,599.7410217398219,1033.59880,10335988000
671.3484637705582,501.3578855252471,1033.80820,10338082000
706.800707384963,436.56095676619276,1034.02620,10340262000
601.9027547667037,444.3573025643691,1034.24880,10342488000
623.4585142351827,463.3505839055774,1034.50770,10345077000
595.8345466311494,527.6403484400782,1034.72550,10347255000
578.2482539172829,555.6269680740576,1034.94200,10349420000
598.3917213925245,591.1015717825011,1035.18050,10351805000
613.0950682073848,656.1165259377815,1035.40330,10354033000
634.9852874754544,693.9715028198947,1035.63180,10356318000
721.811513378436,726.9630738595233,1035.87510,10358751000
745.1413575294206,750.2976276728441,1036.09370,10360937000
726.6690562037314,752.174448083608,1036.30580,10363058000
701.8321616241908,762.0091238862764,1036.52730,10365273000
681.8549708954969,777.1616050604691,1036.78080,10367808000
670.2782016696716,759.3380934862099,1037.00120,10370012000
683.8093037465143,757.7874288622809,1037.21940,10372194000
641.9600164280187,756.8185276201104,1037.42350,10374235000
643.879098745923,748.7431667255585,1037.63300,10376330000
624.592160669692,799.7379434987871,1037.85260,10378526000
597.1094613538162,792.8842809657726,1038.07200,10380720000
641.4393504596127,786.6167999277943,1038.28770,10382877000
565.5375891968171,767.579239199863,1038.50460,10385046000
628.3560943220145,771.2052505543675,1038.71930,10387193000
646.5194009010472,794.0270410966201,1038.93810,10389381000
599.2737838371279,834.476458569604,1039.15450,10391545000
590.5822557749256,827.8192280620615,1039.37650,10393765000
638.2644904558094,820.5888798423698,1039.59870,10395987000
619.5454366038825,810.303351942857,1039.81640,10398164000
614.3978193400637,814.1830822660991,1040.03280,10400328000
581.617553440473,801.5982675367009,1040.25030,10402503000
549.4948318936612,806.4257045596191,1040.47100,10404710000
546.7233777391089,795.9741790582679,1040.68290,10406829000
552.5871625016346,787.133680228573,1040.90570,10409057000
515.150606877871,783.2750146693749,1041.11880,10411188000
457.92511391229175,773.0713171837504,1041.34380,10413438000
509.49992462000733,758.5644641902511,1041.56150,10415615000
500.1795314955612,739.2354620026465,1041.78200,10417820000
515.6413585187083,765.4690347699155,1041.99740,10419974000
533.3505955917568,779.6448245143976,1042.20420,10422042000
551.0016681867742,784.0562145776194,1042.42260,10424226000
562.469314071189,791.1492088937105,1042.64860,10426486000
548.7330498116303,788.6783840676464,1042.86930,10428693000
522.3051582183244,808.598502527648,1043.08880,10430888000
521.2314926383634,852.3396656911192,1043.30280,10433028000
541.9069345643431,831.4782515175503,1043.52340,10435234000
527.3761024193794,817.0591233445253,1043.74470,10437447000
682.2120753772895,773.8317882537309,1043.96000,10439600000
805.6576242471244,743.3553287956736,1044.17500,10441750000
882.7554210411156,665.0793107922858,1044.39260,10443926000
889.945926459159,595.8151328518293,1044.60370,10446037000
1013.1785656608904,490.90095984686053,1044.85670,10448567000
1145.1096746003304,431.9101290125071,1045.07810,10450781000
1147.1537348372694,361.7230320773055,1045.29280,10452928000
1169.321075606173,321.6248467533522,1045.51590,10455159000
1154.6652742627753,303.6629290318897,1045.73790,10457379000
1100.3445872635994,299.7090417583189,1045.95840,10459584000
1106.5588658147012,288.3605115231998,1046.19300,10461930000
1098.5549329700298,271.1470008450623,1046.40280,10464028000
1088.2081149349758,235.9790247057574,1046.62120,10466212000
1064.8671877738543,209.90559046412554,1046.84340,10468434000
1058.437012092306,220.71069394476248,1047.06220,10470622000
1064.3882765323524,210.18554498885206,1047.27650,10472765000
1052.3174155562206,243.65660373715812,1047.49670,10474967000
1032.2511494257367,226.62822386752066,1047.73580,10477358000
1040.761559694611,232.4796951626828,1047.95090,10479509000
1050.6621165037209,265.1727774277144,1048.16760,10481676000
1105.3012409639018,301.7673248027176,1048.38010,10483801000
1091.8200116908256,306.1316055239287,1048.60820,10486082000
1134.181437850208,346.7910119476878,1048.82290,10488229000
1152.962759073752,324.564536040004,1049.03940,10490394000
1139.0548358764925,335.909564078488,1049.25680,10492568000
1087.8223475592522,384.6815086920322,1049.46770,10494677000
1101.8948705638447,433.72921151482046,1049.67960,10496796000
1115.4440974981956,437.24825989434606,1049.89340,10498934000
1118.362183074701,370.28149894791477,1050.10810,10501081000
1168.5805751715045,394.64255891000954,1050.33180,10503318000
1257.189647428402,350.151319189067,1050.54210,10505421000
1381.5706600871063,333.3939904222225,1050.76020,10507602000
1428.7801697436146,285.05612054165374,1050.97870,10509787000
1434.8360631079204,229.4947611352943,1051.19820,10511982000
1341.1046902580886,301.2387851703277,1051.41540,10514154000
1296.0673325234106,349.5269346801448,1051.64100,10516410000
1259.257471794353,345.4812322080222,1051.87730,10518773000
1306.3569199665264,310.45794458739397,1052.09340,10520934000
1359.5518625982813,268.0807597971315,1052.31100,10523110000
1404.8191781789972,260.658770586819,1052.52330,10525233000
1395.7095097641284,200.3888138037164,1052.74690,10527469000
1446.3630129731787,209.28104627111105,1052.96890,10529689000
1373.1908047971701,172.6245456520211,1053.18270,10531827000
1349.6075516330984,167.48412700312713,1053.40430,10534043000
1351.431128815132,213.61928910938335,1053.62800,10536280000
1347.866804430831,274.6249709667572,1053.84380,10538438000
1313.540323316763,307.9841027764298,1054.05560,10540556000
1321.719399870359,348.3860607009202,1054.27380,10542738000
1163.5228679376578,376.229560562591,1054.48850,10544885000
1091.9030882774373,448.8751176250983,1054.71050,10547105000
1068.245049742988,547.06574303576,1054.92400,10549240000
1024.881506627801,566.2926783304025,1055.15020,10551502000
1001.7714805856682,601.9463410508042,1055.38000,10553800000
1007.8534032680237,617.2938189098876,1055.59170,10555917000
1008.476574004746,685.741693695055,1055.80480,10558048000
968.2215655758238,720.8568271219116,1056.02290,10560229000
935.9488275986977,658.4267272306164,1056.24110,10562411000
960.758748720121,600.5160996629388,1056.46570,10564657000
900.2147289962321,441.8574250504911,1056.68230,10566823000
976.9439646525708,400.4266617252311,1056.90390,10569039000
999.3880576452456,413.3341367557441,1057.13560,10571356000
950.9372193634249,497.4639030413925,1057.35300,10573530000
991.3904130418817,526.1601114663127,1057.57760,10575776000
1087.7474549594654,545.0534552235832,1057.80460,10578046000
1175.5285188318037,571.8789934461776,1058.02320,10580232000
1266.8942840008574,575.8883445828168,1058.23520,10582352000
1323.6401340248094,597.8481197950023,1058.45950,10584595000
1310.8064243817964,655.3153119272307,1058.71030,10587103000
1307.2669833855718,657.1587825804697,1058.93010,10589301000
1293.8908194614887,666.6755840093944,1059.14250,10591425000
1210.9450629099556,678.0134817351026,1059.39840,10593984000
1082.5881038712528,604.1063376717648,1059.63750,10596375000
1030.154678386303,524.2675262217188,1059.84760,10598476000
1068.5705795120043,452.12966912089274,1060.08780,10600878000
1004.2306425466489,445.7436953522782,1060.30580,10603058000
1071.8918285304358,421.1630188761935,1060.52580,10605258000
1116.537125068604,378.5184220363046,1060.74220,10607422000
1066.577098417824,351.5049504106817,1060.98190,10609819000
1110.4118682980654,382.92747841826696,1061.21140,10612114000
1146.6326988803498,408.8694841960991,1061.43330,10614333000
1022.409401218199,478.6882670038457,1061.64710,10616471000
909.8555620508527,488.53135874065384,1061.86350,10618635000
765.9800605995824,455.4788051342093,1062.08150,10620815000
672.2680331333443,475.355538418791,1062.30010,10623001000
462.1871397472554,463.9053584874314,1062.52240,10625224000
334.3198826740806,449.0165114883731,1062.74070,10627407000
304.6430526570283,468.59120579965406,1062.95540,10629554000
382.32707984289084,488.65686577757197,1063.20240,10632024000
350.64570326863566,513.9998534721243,1063.44060,10634406000
359.4850340772406,531.2016482806044,1063.65770,10636577000
389.05954142120066,582.4695337468659,1063.87050,10638705000
439.454665353404,645.24920884271,1064.09400,10640940000
413.96536540283023,679.6644483584024,1064.30660,10643066000
395.88672265766036,713.4997531424525,1064.51800,10645180000
371.4088907350906,757.1050602882603,1064.72990,10647299000
416.5881055274485,762.7866534290246,1064.94570,10649457000
392.04204740108906,774.6604824820333,1065.15990,10651599000
362.6098333522459,800.5562204600633,1065.38000,10653800000
350.7319329778003,775.515515848264,1065.63420,10656342000
369.2483086180109,779.6228027304763,1065.87070,10658707000
407.53262659012955,778.4435319115231,1066.08990,10660899000
436.41522903625804,754.3895296464406,1066.30550,10663055000
446.29135182416167,687.8574753999633,1066.54420,10665442000
641.0143454986718,629.2711860873029,1066.77070,10667707000
621.094331711081,655.0989686549051,1067.00180,10670018000
576.1778920242771,653.0955732926311,1067.21350,10672135000
610.8810502419168,651.6441442538435,1067.42590,10674259000
696.3847370401336,597.7097317941501,1067.64510,10676451000
822.8915514435087,589.1148341584673,1067.85330,10678533000
877.098682303559,499.48803081203374,1068.06880,10680688000
924.442067696033,475.69620019964594,1068.28550,10682855000
1007.1061037123981,443.2249537119669,1068.52830,10685283000
817.4497603715748,380.0801153011134,1068.76100,10687610000
840.07191479935,291.0059558258162,1068.98370,10689837000
851.4401658904299,254.60129506000374,1069.22440,10692244000
778.7678858004855,239.87488882893715,1069.48900,10694890000
817.408967236156,184.10821093985464,1069.71010,10697101000
853.7461086881166,231.75457009198578,1069.96840,10699684000
865.7737228506417,255.63310794060595,1070.19950,10701995000
947.2002215756152,238.21796355977173,1070.42770,10704277000
1051.7567706356367,201.61434368030473,1070.64500,10706450000
1139.461291805929,177.74011095358125,1070.85760,10708576000
1237.619202855257,192.48380436203092,1071.06880,10710688000
1215.7815128745706,190.1181542417033,1071.28070,10712807000
1181.296201484543,200.3420963327083,1071.49640,10714964000
1199.323723829825,201.4112392225176,1071.71250,10717125000
1213.7866769233497,217.06230015333685,1071.93000,10719300000
1164.9426771370795,276.8500596293435,1072.14350,10721435000
1043.1303355177567,324.5448051449028,1072.36200,10723620000
1021.2438172407298,320.5605608251031,1072.57320,10725732000
866.2270242335903,306.99395243166003,1072.78740,10727874000
960.7908065291972,321.6613471414607,1073.00210,10730021000
947.2809667970943,316.2202038524987,1073.23240,10732324000
1010.1590218191252,311.8541662625981,1073.44770,10734477000
1030.6900079773327,313.586226700727,1073.67010,10736701000
1066.820351411641,267.271072413053,1073.89780,10738978000
1150.6589040883803,222.28389120854246,1074.12550,10741255000
1205.6474969664387,251.76566871067553,1074.33940,10743394000
1221.4711397580033,248.1426809292236,1074.55150,10745515000
1284.2670102720156,192.93451904522152,1074.78110,10747811000
1054.7468488373054,175.78456334346274,1075.00150,10750015000
867.3684549144812,183.4753608020412,1075.21410,10752141000
867.021766338617,298.74100824567387,1075.43510,10754351000
715.1199370607105,352.2593531298383,1075.65940,10756594000
715.3852002431495,313.2236698664464,1075.87100,10758710000
625.1004500536658,289.7686025747331,1076.08010,10760801000
557.5008535757365,279.96630273673816,1076.29790,10762979000
462.891301300421,294.0742640770558,1076.51260,10765126000
409.23000581821043,256.74871222469807,1076.72690,10767269000
474.0644432624535,241.95795922836322,1076.94340,10769434000
494.02603848207247,225.0210302403366,1077.15940,10771594000
628.1849795716104,241.52884829743334,1077.37460,10773746000
807.904371134526,245.5801837486883,1077.58180,10775818000
910.5038595595842,254.61501038602734,1077.80550,10778055000
964.8272245008642,328.2224133200417,1078.02480,10780248000
909.4954366046886,372.51849477843416,1078.24480,10782448000
806.9435080674288,368.921581697779,1078.46030,10784603000
708.48795996386,324.3069338058816,1078.67700,10786770000
596.0213933680847,326.0274211368007,1078.89270,10788927000
502.43952354770624,333.03880031922154,1079.11570,10791157000
548.592107499636,318.1556140942578,1079.33760,10793376000
636.4095507643958,321.5101549239771,1079.55410,10795541000
624.240274571968,375.240962814017,1079.77730,10797773000
629.3483129641762,464.1721264695093,1079.99920,10799992000
750.5168877271607,432.96119095275475,1080.22120,10802212000
858.8913691889709,392.76092875062386,1080.44280,10804428000
975.9617710696231,347.3834804811715,1080.67440,10806744000
887.601969476445,364.994397792431,1080.88220,10808822000
902.6232467067838,306.14716961663845,1081.10150,10811015000
916.6391288118514,263.3659392097205,1081.31970,10813197000
980.1636041878202,296.23336437956823,1081.54790,10815479000
1078.8191185169678,233.03005702589545,1081.77540,10817754000
924.9775973316405,237.86776199088473,1081.99210,10819921000
760.2022205438193,262.246593101932,1082.21020,10822102000
789.5877988450562,279.34448834104177,1082.41230,10824123000
711.0941921363121,288.58947839300515,1082.62850,10826285000
789.5203045368955,372.67928283609865,1082.84800,10828480000
807.7616191478929,440.09762946941674,1083.07000,10830700000
843.0392394057064,447.66996848319314,1083.28270,10832827000
868.3105402066157,405.25940016655255,1083.49860,10834986000
937.832021198757,410.86955032069454,1083.71670,10837167000
1046.9545670921486,430.0620742172173,1083.93290,10839329000
1110.1595647153886,343.0829003797064,1084.14260,10841426000
1217.8198045115653,268.7908596826802,1084.38400,10843840000
1317.9577066745683,211.37807851633042,1084.60000,10846000000
1374.095694036542,178.65535441899692,1084.87300,10848730000
1305.8101474921823,210.82224830550163,1085.09480,10850948000
1285.0981120306776,284.2066390238281,1085.31360,10853136000
1054.0805911657637,354.0028656436201,1085.55190,10855519000
1042.550225905133,312.4713320454898,1085.76960,10857696000
1154.9731104741404,260.9433294557678,1085.97810,10859781000
1223.8399257426845,205.18113586688872,1086.20530,10862053000
1293.3626944183495,172.63041086632626,1086.42800,10864280000
1268.9614746125144,215.87066788158842,1086.64710,10866471000
1281.5970882632628,231.46502335990056,1086.86640,10868664000
1282.0511173964246,340.0585380415709,1087.07550,10870755000
1180.3595604890684,405.08830740124193,1087.28740,10872874000
1141.8149830929985,419.92341231212356,1087.50390,10875039000
1061.8079672263584,389.89917385177677,1087.73980,10877398000
1006.5599214146464,393.0325019089085,1087.94800,10879480000
1008.8969958218416,417.3459304131892,1088.16800,10881680000
874.9632178009167,406.6897024279619,1088.37900,10883790000
710.3114323006259,426.27790366100777,1088.61700,10886170000
626.4137984605392,410.99398286298583,1088.89310,10888931000
806.7231890239858,303.3413017757887,1089.16720,10891672000
923.1337405171503,231.20204455523904,1089.41410,10894141000
1043.951336549251,144.0815207512057,1089.65880,10896588000
1192.3000155714603,138.44598682154532,1089.88530,10898853000
1325.5711996423945,134.64690169170763,1090.10180,10901018000
1412.6311799287457,170.7330042856557,1090.33290,10903329000
1478.1231118422295,139.05596031881498,1090.54460,10905446000
1263.7190244996846,195.3444101624931,1090.75710,10907571000
1009.3492492709725,227.7775376544597,1090.97780,10909778000
877.93221591334,296.0157802969008,1091.19990,10911999000
809.5511745630224,280.196368530781,1091.41930,10914193000
751.8060321183236,261.9125014794981,1091.65240,10916524000
825.008663377606,273.64787692774706,1091.87430,10918743000
930.1761685299871,275.203061176698,1092.10040,10921004000
986.4129658014897,269.52257044215514,1092.30680,10923068000
848.8183877454438,304.583512719288,1092.52370,10925237000
684.5961514764325,308.21992588527036,1092.74170,10927417000
569.7093324955143,346.8795218524092,1092.96270,10929627000
486.64447529856864,356.7458978931697,1093.18490,10931849000
608.5364819061494,378.4985684136624,1093.41370,10934137000
680.870679927485,370.07803472029843,1093.62820,10936282000
814.0428450878558,408.0675984685248,1093.83520,10938352000
946.1596461743131,428.81321129887294,1094.05430,10940543000
1008.9218093001167,472.1091346025055,1094.26410,10942641000
968.4840648920199,491.01266409164145,1094.47720,10944772000
1034.1692553774567,516.1827422122324,1094.69530,10946953000
1030.0701555102025,528.3650533706974,1094.90750,10949075000
1055.6664791817898,565.5241680897061,1095.11660,10951166000
1068.5727841684602,607.0373310631934,1095.32170,10953217000
1071.4328465006472,594.1012540779499,1095.53490,10955349000
1047.8712563642844,564.9038919291086,1095.74430,10957443000
971.024640718293,600.5145612174078,1095.96210,10959621000
721.6171953407826,539.707469717589,1096.17770,10961777000
775.8943423324513,435.53071489074057,1096.39300,10963930000
824.5217388246834,369.58215783432667,1096.60890,10966089000
909.958244354442,323.56299501840004,1096.82900,10968290000
972.577124764867,335.1713843986908,1097.03830,10970383000
995.2803983248986,361.9105790743745,1097.26690,10972669000
1054.207369073202,409.014401524527,1097.48290,10974829000
1136.6580428433695,431.8255117486274,1097.70080,10977008000
1113.4770264594727,424.8703955900187,1097.91330,10979133000
1099.6785268767994,450.5377234476918,1098.13610,10981361000
1149.9652165328434,499.35660646173,1098.35930,10983593000
1206.9016670898968,521.6129144949257,1098.57030,10985703000
1206.355889148673,537.2735851069824,1098.78520,10987852000
1201.356364698652,565.1862471366569,1098.99580,10989958000
1115.5580742536204,562.3645357248652,1099.21730,10992173000
1086.9063871877645,567.9691092638341,1099.43590,10994359000
1008.877391672526,563.7649429301913,1099.65670,10996567000
979.6974218235046,570.9659880015624,1099.87300,10998730000
936.2698140137082,587.3397483769842,1100.07460,11000746000
971.8120487642645,579.6101387941816,1100.28090,11002809000
990.6720346595772,584.5002311611495,1100.50380,11005038000
1010.1111330730995,622.9241766451449,1100.71790,11007179000
1048.8921639196597,626.0320137260112,1100.94380,11009438000
1041.8982967761183,625.2801690951504,1101.15920,11011592000
1061.7622216637415,613.2780354817197,1101.37680,11013768000
1047.3125036211918,608.912317431044,1101.58970,11015897000
1071.9585941510113,629.1852541057796,1101.81040,11018104000
1092.993679753445,650.1556376467429,1102.02870,11020287000
993.0536220417898,573.8199675848949,1102.24030,11022403000
998.6020531254685,445.6676200031942,1102.48820,11024882000
850.1425331014796,375.6714555335286,1102.71240,11027124000
670.2407439077369,316.64312599328747,1102.92460,11029246000
558.1400478290548,248.36671987643547,1103.13930,11031393000
457.825814741376,207.26668486208854,1103.37060,11033706000
626.6263160984389,243.2330332703192,1103.58370,11035837000
702.4234253894055,300.7667923039779,1103.80520,11038052000
908.4868217452372,351.2725759224131,1104.03250,11040325000
990.5452217274228,395.9206419045967,1104.24430,11042443000
981.775386182908,441.8029025469515,1104.46240,11044624000
985.5432141965148,475.0630079951786,1104.67520,11046752000
1090.631665695899,509.1551490559035,1104.90740,11049074000
1182.7150710783933,550.0840034946676,1105.12980,11051298000
1224.8737787742239,581.2792404315767,1105.33730,11053373000
1302.6303821542265,550.1206802961726,1105.58740,11055874000
1347.3031400165848,445.0842367925105,1105.79970,11057997000
1119.838311893657,446.68720267233914,1106.03870,11060387000
952.6444915396048,465.0455591218349,1106.27530,11062753000
876.6626586371392,496.7580913726369,1106.48750,11064875000
747.9193443426702,538.142150436344,1106.70980,11067098000
707.1694274760389,587.9912652886782,1106.93300,11069330000
601.573787522756,639.963603249198,1107.18010,11071801000
475.34361302822043,643.3405647659383,1107.40970,11074097000
351.202944325105,697.9762686804355,1107.61450,11076145000
375.85854342158336,709.3387293137366,1107.84390,11078439000
373.8600561587425,747.9560123889454,1108.06170,11080617000
388.8991913497487,758.9232462263133,1108.27940,11082794000
489.4411746117894,756.0552575701923,1108.50050,11085005000
513.1687843352154,735.3785258363627,1108.75670,11087567000
526.2751258951228,721.1954040138091,1108.97840,11089784000
647.9338129741868,691.2157419665806,1109.21880,11092188000
686.6058901837044,627.5888188039224,1109.44670,11094467000
695.7153669593628,529.9951244170743,1109.67100,11096710000
649.6549705053327,479.24516989837264,1109.88910,11098891000
547.9039226288096,453.61904528568164,1110.09390,11100939000
496.4131790036447,381.54495028540305,1110.30710,11103071000
544.9451649816201,381.2242713164119,1110.54160,11105416000
556.178743983983,331.19306316317824,1110.75800,11107580000
541.9237563827874,318.44789747751844,1110.97870,11109787000
468.00207055671484,306.10885372397456,1111.20130,11112013000
345.88262060005417,319.1931098138448,1111.41570,11114157000
266.91129875507346,363.5651430236444,1111.63250,11116325000
237.4052262338338,381.26794627534576,1111.83720,11118372000
251.0015097360212,442.21308882593576,1112.05280,11120528000
313.6350835057403,443.9145824986391,1112.27110,11122711000
357.4099397279521,510.06659015058887,1112.48540,11124854000
483.0409871914285,430.56510355046225,1112.70110,11127011000
602.6516952203606,439.49906674812513,1112.91220,11129122000
693.4387447595986,433.8366776827955,1113.14280,11131428000
751.1161786709067,395.1866473766438,1113.36380,11133638000
868.3317214448839,382.51750070720755,1113.57090,11135709000
924.8634358932338,381.0672690987002,1113.78220,11137822000
955.2233596663355,376.44044414998086,1113.99480,11139948000
974.7905478196944,363.7831393465138,1114.20820,11142082000
1058.0728282321363,380.9137004535317,1114.42480,11144248000
1067.262890053927,358.83233903447785,1114.64370,11146437000
1044.496513260588,366.6089820754612,1114.86480,11148648000
1071.1753616906942,382.024986201645,1115.08610,11150861000
1071.1484632113793,402.65166715588293,1115.30240,11153024000
1078.1279795277776,397.0175795566701,1115.51060,11155106000
1044.256000635636,383.0867539526234,1115.74410,11157441000
1052.7040961058142,374.27467642325894,1115.96400,11159640000
1038.7131398885742,355.1480775909151,1116.17540,11161754000
1081.4166172806456,339.15878395910545,1116.39200,11163920000
1123.07674045727,337.8970779595838,1116.60270,11166027000
1086.3587101743253,326.04820771658655,1116.81760,11168176000
1091.9717306891866,304.5854074123758,1117.03240,11170324000
1127.4529243524826,309.3385734271047,1117.24010,11172401000
1075.871646231015,374.577072910316,1117.45040,11174504000
1075.4804386240248,406.20095685031515,1117.66270,11176627000
1047.7391551487735,481.8360364812232,1117.87110,11178711000
1141.2962895630978,525.0592943742276,1118.07260,11180726000
1191.1401999812847,510.53728638339607,1118.28650,11182865000
1269.4818252586276,503.04089329242123,1118.50010,11185001000
1325.884778097213,480.67659405517054,1118.71080,11187108000
1126.5496637012507,470.9459005165161,1118.92530,11189253000
989.9031331963374,422.56313337798736,1119.13810,11191381000
937.6822458682268,397.10314975118655,1119.34920,11193492000
955.3035183828564,355.3910707694151,1119.58840,11195884000
946.1543134104345,354.1579410891399,1119.79940,11197994000
977.3431825369732,357.0475565016623,1120.01100,11200110000
987.1391153001598,363.00096676841434,1120.22750,11202275000
1083.636857970491,290.46356740157415,1120.44500,11204450000
1075.7657109248191,247.27873228744505,1120.66880,11206688000
1029.7462848995717,325.4391651945607,1120.88580,11208858000
1054.1575753834313,361.6895035676287,1121.10650,11211065000
1057.6499948998066,411.1606914136342,1121.31940,11213194000
1112.0005055733627,477.1861814937089,1121.53160,11215316000
1048.5900930550806,514.5864965090553,1121.73870,11217387000
1082.3132937349244,547.6143610539821,1121.94880,11219488000
1059.5614042607667,551.7167451833604,1122.15900,11221590000
1029.0387572249829,517.6640122775507,1122.38230,11223823000
1045.2326577747428,524.7645378824294,1122.59950,11225995000
1001.4140541060635,519.8565223472908,1122.80440,11228044000
947.8424041059553,528.3663897680289,1123.01410,11230141000
920.4593745217533,545.1431699900754,1123.22260,11232226000
990.442097058839,444.88526533269385,1123.43190,11234319000
849.2248389159543,383.1880321585308,1123.64330,11236433000
672.5248925193983,298.2883639706034,1123.86230,11238623000
705.3780552429633,214.48158928939102,1124.07390,11240739000
775.5178712699192,197.95179547337779,1124.28230,11242823000
838.3052471271162,214.72931728242872,1124.55160,11245516000
909.5459098392777,227.32167244122274,1124.76090,11247609000
952.034014515491,261.7051342057232,1124.97240,11249724000
931.3304471152172,275.7722628890443,1125.17940,11251794000
901.0287640020041,344.4270140055868,1125.39870,11253987000
877.7548185893193,388.9209112952011,1125.61020,11256102000
952.1480935485947,412.1180421904649,1125.83190,11258319000
1001.3495384260632,424.9080069689023,1126.05190,11260519000
1035.936199435577,444.6011105869775,1126.25880,11262588000
999.3078991634735,484.02731621836523,1126.47720,11264772000
1032.6686228158535,511.0539830417352,1126.69640,11266964000
1055.2554478772165,576.5685118310292,1126.90860,11269086000
1074.5610356279997,602.4022085029318,1127.12260,11271226000
1090.1316495812748,635.8535575178689,1127.33470,11273347000
1016.6003396307835,629.4572783490976,1127.55180,11275518000
1048.4356209678976,625.4407751364027,1127.77210,11277721000
1082.618669181344,642.0732753457505,1128.03810,11280381000
1160.6896429574135,596.8730794462363,1128.25490,11282549000
1222.4675522258156,541.5348738158805,1128.51920,11285192000
1200.1572470611075,464.77467937131644,1128.74780,11287478000
1238.36796918081,453.06390252569577,1128.96410,11289641000
1148.7931966989177,406.06072400388797,1129.17570,11291757000
1091.0847164774416,374.3175763263362,1129.38910,11293891000
1053.9848653458896,396.4349285876036,1129.66030,11296603000
1020.2924694486436,444.4205290319501,1129.87230,11298723000
927.7638180553189,442.7565031094629,1130.09520,11300952000
794.2730533954591,414.33380236900393,1130.30580,11303058000
806.5931896344416,374.37510996610166,1130.52900,11305290000
704.4361129503638,354.86294723964323,1130.73760,11307376000
500.9159407731453,375.7886512561665,1130.94900,11309490000
459.9901731363479,318.66622211243083,1131.16140,11311614000
426.2451169362684,327.3092713971525,1131.37890,11313789000
374.85433056090943,343.74098382588863,1131.60410,11316041000
339.62366263535444,348.06049723027326,1131.81870,11318187000
280.30871189461635,321.9726173872176,1132.03980,11320398000
274.4643742667544,374.7849288808412,1132.26310,11322631000
261.5466766554635,391.3662084155753,1132.51400,11325140000
335.21502361552297,434.20625411163627,1132.73030,11327303000
434.5242278247906,422.40836837305415,1132.95910,11329591000
541.3615652895368,421.8524459780369,1133.18370,11331837000
453.0593484313696,424.3986430346271,1133.40340,11334034000
549.7696813614393,458.2171878819687,1133.61340,11336134000
524.8637609518327,499.5517997941315,1133.84340,11338434000
583.5743875864024,509.61360609968165,1134.05620,11340562000
653.2557766946926,484.16723935414007,1134.27030,11342703000
655.4656111792772,489.844117152586,1134.50670,11345067000
725.5253004818803,500.386379101036,1134.71740,11347174000
753.6215218362775,510.12083000556,1134.93530,11349353000
690.2222003594383,469.9063134140637,1135.15050,11351505000
670.2043025451253,476.1833702121452,1135.35520,11353552000
646.9809189761991,470.7136350298199,1135.62560,11356256000
651.958298536547,466.15588520837156,1135.83650,11358365000
652.3907080533162,451.49919065081576,1136.05390,11360539000
736.8754052024783,442.7375964845102,1136.26820,11362682000
708.6113958557414,437.92168273738173,1136.48250,11364825000
701.6900084585483,438.92186816636087,1136.69450,11366945000
662.0931139467993,436.2527106974213,1136.89950,11368995000
671.4120788895586,414.1588228244147,1137.11060,11371106000
681.2175084273617,408.00214293436943,1137.32190,11373219000
668.7624184792835,401.58502567666216,1137.54100,11375410000
605.3049571061919,424.7893487270852,1137.75570,11377557000
623.3243284509749,406.18152035124166,1137.96850,11379685000
648.3430662019496,460.415226000819,1138.18640,11381864000
638.8014267819649,453.06191646478055,1138.39980,11383998000
677.6231610282326,522.7073028490624,1138.62610,11386261000
695.4151190492719,556.4615616566723,1138.86080,11388608000
750.1238429454177,591.5533003772181,1139.07860,11390786000
766.1018780339173,631.3565597879438,1139.28910,11392891000
714.0484521904218,636.6321115926369,1139.50950,11395095000
778.4319170489107,653.5575043089308,1139.72330,11397233000
807.0755013616973,669.4177158767028,1139.94170,11399417000
830.2248991355981,663.7414162029695,1140.15990,11401599000
862.3117337545451,685.8779448526926,1140.37910,11403791000
854.7545696992934,684.6974089969337,1140.60310,11406031000
818.2078179151385,694.7204101473735,1140.82330,11408233000
791.7526945892079,712.2039334585437,1141.04120,11410412000
783.6463537382887,719.8607239318881,1141.25840,11412584000
888.283504814727,701.5516299417037,1141.46770,11414677000
866.2032686633623,742.9295537360734,1141.68290,11416829000
823.628544659669,746.3223763718462,1141.90320,11419032000
839.6586830245761,731.2555662371107,1142.12040,11421204000
893.8422282096247,745.4159731151001,1142.33540,11423354000
736.0379591745514,656.8889930046412,1142.55130,11425513000
582.7520102811065,629.096147867615,1142.77230,11427723000
525.692424840645,566.3735652953173,1142.98560,11429856000
583.6789080052911,536.6158234121829,1143.20390,11432039000
710.0020865733627,488.6722453513957,1143.40570,11434057000
787.312124062774,476.513838422594,1143.62240,11436224000
854.9667432052502,456.7857235832726,1143.83650,11438365000
929.0543962773774,441.1586380212426,1144.04920,11440492000
841.1920892580293,444.42228070030023,1144.26940,11442694000
732.5138969567565,407.37210737554153,1144.48060,11444806000
661.7523569368034,381.4489049230868,1144.68770,11446877000
626.5449135827582,381.8115037650765,1144.90040,11449004000
532.0704106354476,387.0819313715047,1145.11180,11451118000
466.8212069019182,396.4248539144797,1145.33730,11453373000
464.8414926735468,426.6374660399434,1145.57340,11455734000
462.51955358539936,420.7990239712508,1145.79510,11457951000
489.68385515175765,415.29118314805777,1146.00740,11460074000
447.4647199898247,414.2748003953089,1146.22140,11462214000
465.7448008532053,452.42329533140907,1146.43400,11464340000
609.3975046022771,485.58826021979587,1146.63920,11466392000
756.3432663816176,472.96988753353577,1146.85000,11468500000
845.5424469245837,493.9295217307349,1147.06420,11470642000
956.8475116381976,552.9231609591403,1147.27740,11472774000
1036.4608055052156,579.313442976939,1147.50790,11475079000
1099.4125701378314,590.9713719641342,1147.71660,11477166000
1148.734390856095,513.4794640787395,1147.93300,11479330000
986.0954950665279,465.4958075379458,1148.14600,11481460000
846.4752412278382,413.81128597508246,1148.36350,11483635000
717.2714489552126,363.2204199380342,1148.57130,11485713000
772.3894507539294,343.38395686305256,1148.79140,11487914000
820.6593215622948,309.4990725152556,1149.01320,11490132000
825.683522606114,327.5536061130394,1149.23520,11492352000
880.1084518107301,385.82774107435864,1149.46250,11494625000
850.0036683644079,436.53745100566607,1149.68040,11496804000
885.0429165791479,542.9112908645664,1149.89750,11498975000
835.5542688182743,606.4278035809236,1150.11330,11501133000
833.0003286915678,616.3416999737751,1150.33650,11503365000
814.2454163551496,651.1375580261515,1150.55280,11505528000
835.1287416203952,665.2250021934648,1150.77560,11507756000
876.1254083217466,702.8763914523385,1151.00270,11510027000
858.9407185537862,623.3458067018541,1151.22250,11512225000
829.023223284616,602.0502717829642,1151.44010,11514401000
753.8620815293963,585.9793404493423,1151.65910,11516591000
742.07508624711,584.5620168950767,1151.87510,11518751000
764.1902450407656,573.1910652826492,1152.11260,11521126000
765.1053093668571,569.3815313276968,1152.32770,11523277000
762.0564585440851,598.6513129971953,1152.53730,11525373000
734.2887484955511,615.0060915998179,1152.77120,11527712000
746.6925816802095,595.5294143443516,1152.98860,11529886000
871.0839181150795,585.6833293682927,1153.20840,11532084000
947.6636464806679,631.819707720985,1153.42960,11534296000
948.6762279212779,630.2111168617361,1153.63870,11536387000
962.9050409394434,635.3923121944845,1153.86370,11538637000
986.9126572179887,646.2288840623689,1154.07580,11540758000
985.8274147546674,673.135517620229,1154.29590,11542959000
970.3935437335722,698.9575014256138,1154.51660,11545166000
929.5056157931645,698.9078865661216,1154.75670,11547567000
935.309612373246,683.3941487984764,1154.97210,11549721000
986.1456606078333,665.1456541500737,1155.18980,11551898000
968.7053019586804,655.9994203647648,1155.40790,11554079000
850.034162520133,664.951343107214,1155.61760,11556176000
808.3262322186687,702.8340728809552,1155.83440,11558344000
678.7017249179521,755.487814855934,1156.04210,11560421000
698.3564306397273,794.7033261616109,1156.26750,11562675000
718.5757482151243,803.9327114751869,1156.48710,11564871000
658.8060708843868,826.2471246796966,1156.70050,11567005000
667.146295143834,825.286477928452,1156.91910,11569191000
638.2878744080743,805.4927550428376,1157.13970,11571397000
623.3085658316425,783.0897211869287,1157.34760,11573476000
625.5137775189613,783.3942686997194,1157.56610,11575661000
562.6560200416002,778.6785331448438,1157.78210,11577821000
628.8880154314237,706.4317879446546,1157.99850,11579985000
618.7608460326506,746.7875150531191,1158.21620,11582162000
642.7008778253198,763.9997658168606,1158.43690,11584369000
635.6636338869632,733.7511034111441,1158.65870,11586587000
579.7305488115549,739.531089009164,1158.87520,11588752000
462.63706586527223,697.1735004664706,1159.08190,11590819000
439.92947189582014,718.4333133189938,1159.31750,11593175000
463.10058480826376,725.3618402091638,1159.53530,11595353000
496.1177382135137,710.7135286187519,1159.75340,11597534000
489.7920470740724,737.742592606947,1159.97380,11599738000
482.1001601879694,731.3189145701734,1160.19950,11601995000
515.5493217837984,737.0254158870193,1160.41300,11604130000
470.58429849594876,711.5508640616064,1160.63420,11606342000
428.3574798226212,717.8333470241934,1160.84960,11608496000
450.13429008188746,738.9901016776191,1161.06860,11610686000
488.64892084205127,754.568863162352,1161.28550,11612855000
473.50481037109387,735.7024073638488,1161.50760,11615076000
473.1786532302938,753.5352341054507,1161.72450,11617245000
491.94932352325475,744.3206276120542,1161.94340,11619434000
539.1898379483181,715.4810993360011,1162.16160,11621616000
497.9726645700944,732.7176105341078,1162.37980,11623798000
469.482417529879,737.8071861832155,1162.61260,11626126000
428.8099083893,749.2334401646735,1162.83020,11628302000
370.930305578819,787.15497719728,1163.05160,11630516000
383.0486836742069,805.2767590070806,1163.26930,11632693000
395.806445082147,793.6609743521419,1163.54050,11635405000
432.6887150477412,808.4096151610092,1163.80980,11638098000
467.9219371753361,757.9818471672343,1164.02550,11640255000
503.8562604805112,736.2778814879508,1164.29500,11642950000
525.3609706475007,780.0134788394629,1164.52540,11645254000
715.9523663810237,789.687170913691,1164.74890,11647489000
676.052341414914,797.3327056493584,1164.97140,11649714000
712.2437647873747,848.1552050620169,1165.18330,11651833000
675.4562040010574,841.9190697084625,1165.40070,11654007000
611.7918584120802,794.2455873835963,1165.66590,11656659000
589.4454700343349,801.1574900316599,1165.88040,11658804000
563.295512100304,803.6047109606421,1166.11210,11661121000
540.6644908796079,717.0824540034024,1166.32760,11663276000
540.5947464993887,655.4124627952149,1166.54530,11665453000
530.4626649843175,646.9795492021324,1166.77600,11667760000
503.82663647650344,681.24216182156,1167.00090,11670009000
529.4646850971322,616.5619503761428,1167.21430,11672143000
583.927121043991,613.1976742391448,1167.43070,11674307000
520.1894746965123,689.8417110097156,1167.64970,11676497000
538.4589768491645,684.8017532763183,1167.88010,11678801000
517.4189475974295,743.022939977702,1168.09910,11680991000
534.8001956387642,774.723353635917,1168.32840,11683284000
515.5495998006076,776.0482093193643,1168.56900,11685690000
589.6295760316516,756.3644558178099,1168.80190,11688019000
621.3859585081157,727.615212135225,1169.08080,11690808000
765.0257982978837,710.4922910537266,1169.30340,11693034000
820.1601328859175,738.3683031034097,1169.51630,11695163000
821.3754756774474,787.5076610148727,1169.73440,11697344000
832.887645734181,776.2079407780934,1169.94020,11699402000
875.7102773606601,769.0007633610763,1170.16060,11701606000
881.5991614489021,725.8334570682749,1170.37340,11703734000
930.4179892318257,644.2060574108955,1170.61930,11706193000
887.8840324428218,676.9871829448023,1170.83750,11708375000
813.89349105156,603.1576681841881,1171.05480,11710548000
767.7724786708513,552.2657676631843,1171.27260,11712726000
798.9918868275481,563.6042154952559,1171.48570,11714857000
827.1937293692306,598.0423187995261,1171.69190,11716919000
839.423622248289,570.4030180636297,1171.91690,11719169000
811.4606281378589,537.2692332854014,1172.13140,11721314000
764.4054991921506,515.4708398918,1172.34860,11723486000
689.6722233069581,538.2059312002267,1172.56800,11725680000
675.9877027609094,565.1397590726124,1172.78640,11727864000
631.8765378181433,526.4055282209459,1172.99890,11729989000
588.2928709856333,547.9434885415292,1173.21480,11732148000
572.5948318245421,529.947111087232,1173.43700,11734370000
567.9130829754815,531.9866538607522,1173.65750,11736575000
633.4437516027837,518.0346212113188,1173.87610,11738761000
647.6490194136528,546.8654152368728,1174.09360,11740936000
633.5308404312232,524.2627791167048,1174.30460,11743046000
627.1718882012783,508.6295179926384,1174.52660,11745266000
671.2943768257336,506.86645854202953,1174.74910,11747491000
669.3616836756975,480.6978972364211,1174.96820,11749682000
654.9216571255389,490.4987599259943,1175.18620,11751862000
630.7028856395542,502.17081061563516,1175.40490,11754049000
615.1915908856433,521.1381163056188,1175.62300,11756230000
610.0938552875222,526.378359720426,1175.83180,11758318000
692.2917891549405,555.9523356545739,1176.04610,11760461000
780.6308636714756,578.1192113236689,1176.27270,11762727000
781.0934169324394,560.0021233973293,1176.48500,11764850000
749.977646710214,526.7212254385997,1176.70290,11767029000
760.1298823238702,528.884097740576,1176.92060,11769206000
781.5706302614146,557.3558204653307,1177.14500,11771450000
737.4806914696387,567.8193289858883,1177.35810,11773581000
727.51832720356,524.5222480798416,1177.59670,11775967000
632.6080334192093,436.1889456023728,1177.81210,11778121000
482.717413489572,397.2722269651706,1178.02560,11780256000
569.0696863813093,380.6107739013877,1178.24580,11782458000
575.3659599794862,352.6376092001401,1178.46580,11784658000
589.3016108193152,383.0532244063044,1178.68150,11786815000
634.2193744066736,487.8595655569818,1178.89730,11788973000
667.0754627910388,517.3772233288139,1179.11150,11791115000
662.8624246630935,517.0250598494176,1179.33470,11793347000
648.2976130930198,495.8423984992643,1179.55100,11795510000
699.9360478982152,501.07858660121775,1179.77120,11797712000
722.8309449467833,522.7146831143428,1179.99590,11799959000
742.6739376208202,546.7403532128669,1180.21190,11802119000
779.8284509754759,574.32161681523,1180.42890,11804289000
850.1235529125529,577.1424656594237,1180.64020,11806402000
849.7541917832249,597.3345772351415,1180.85310,11808531000
850.1589938408092,659.9256587254101,1181.06810,11810681000
807.9262107912474,689.2970248431554,1181.28910,11812891000
802.5454826803925,750.2911488894458,1181.52270,11815227000
722.1915844592609,793.2453541598554,1181.75570,11817557000
615.7634371520946,819.4027390401421,1181.96680,11819668000
579.7167063608531,804.8403969294867,1182.18250,11821825000
678.4675870036018,798.3812663375832,1182.40770,11824077000
733.699782077368,806.6142969532203,1182.63700,11826370000
800.6331931498464,786.2106150912132,1182.85440,11828544000
873.3446568890641,747.125700256745,1183.07190,11830719000
841.0191686307394,706.9190889729459,1183.28770,11832877000
796.91660650922,646.1912826265457,1183.49820,11834982000
765.7120968701967,628.6920942370019,1183.71680,11837168000
722.3767781454492,584.5289824107133,1183.94010,11839401000
662.2792476657663,652.3212363100747,1184.15720,11841572000
572.4340805842469,666.8923961019493,1184.38060,11843806000
562.8938373682665,720.3619587938905,1184.60010,11846001000
689.8893584283633,672.5692198994993,1184.82320,11848232000
811.4878208623273,684.3291276776226,1185.03000,11850300000
912.5989824548033,623.052853505522,1185.24620,11852462000
1005.2133593637167,595.2564808065379,1185.47110,11854711000
1099.6611314140855,620.7820943088849,1185.69480,11856948000
1148.0250966258636,545.3879603313542,1185.90700,11859070000
1191.8830913710779,508.15525071473394,1186.11570,11861157000
1175.3719288890165,532.8015470387658,1186.33530,11863353000
1155.7717216082651,551.5099278774212,1186.54230,11865423000
1062.1299129761496,587.9746444406223,1186.75290,11867529000
854.9583222873642,560.2167431280994,1186.97050,11869705000
705.1571295943803,472.9211129230371,1187.19220,11871922000
601.7898757872163,504.0114855439773,1187.40520,11874052000
663.5851647415475,475.1155252799358,1187.62160,11876216000
685.4468304022943,433.6577690453972,1187.83440,11878344000
683.2287777408803,405.91321629779986,1188.04790,11880479000
656.9784243424359,381.92868406205326,1188.26090,11882609000
620.6349722901338,350.32145015384936,1188.47760,11884776000
560.6034324060706,362.3077317448802,1188.69950,11886995000
543.481574705103,391.3986156744657,1188.91800,11889180000
486.74790096259824,374.2642189569458,1189.14770,11891477000
467.8352740006982,408.66751823058524,1189.37960,11893796000
592.0063835977342,474.707962340275,1189.60850,11896085000
570.3569733304436,567.4014512404899,1189.83420,11898342000
554.566760244614,656.703809218249,1190.04330,11900433000
554.2128194674362,700.8381448856611,1190.26960,11902696000
552.958999083279,770.5682669401913,1190.48070,11904807000
530.8822377677399,833.2933882239614,1190.70020,11907002000
521.0767729426217,888.6458206055379,1190.92440,11909244000
459.6572387258001,905.3819654109606,1191.14080,11911408000
447.0137400905488,866.8146113157973,1191.35160,11913516000
409.44379046849076,851.051321943577,1191.59040,11915904000
378.60539365093445,841.8651189301746,1191.81260,11918126000
387.8644895675412,838.484962076713,1192.02910,11920291000
358.89473065548816,851.2864713601246,1192.24570,11922457000
421.4865899143465,837.6149386645989,1192.47850,11924785000
418.16614097219264,821.8678439259058,1192.69970,11926997000
446.16339825531486,828.8950265588521,1192.91470,11929147000
497.3274473714429,824.8235506667302,1193.12530,11931253000
566.3010878705618,804.2261832287854,1193.34220,11933422000
570.4924649440579,805.8658837579279,1193.55850,11935585000
559.3952028570747,768.7268576234724,1193.78110,11937811000
564.8218970776503,778.6926708849659,1194.01020,11940102000
480.0390265307158,775.9492537934892,1194.23310,11942331000
501.60742742050655,787.5356484274145,1194.43960,11944396000
514.6816116250254,795.5994993285734,1194.65070,11946507000
509.8873045902304,822.6728353791467,1194.87590,11948759000
468.9971587684503,858.4307868058784,1195.09460,11950946000
432.6017090829835,825.2245135400523,1195.30940,11953094000
465.1139531300356,784.1666213727929,1195.53360,11955336000
445.2268695062978,754.6915206089783,1195.77020,11957702000
443.93240818658614,769.5705267201207,1196.00500,11960050000
423.1196225830909,756.1113948355533,1196.22540,11962254000
387.9859972516407,758.4880435007212,1196.44140,11964414000
392.2358253702825,741.2436718354699,1196.70100,11967010000
506.32707589316885,752.2018934804129,1196.93400,11969340000
608.5642935152778,774.265503272083,1197.14770,11971477000
646.8102926610363,777.7336001323781,1197.37740,11973774000
727.2316232050425,775.4267327708487,1197.58730,11975873000
639.8902886001625,631.0104632884028,1197.80630,11978063000
587.7691864652836,504.5567995980539,1198.01600,11980160000
660.5525626642886,387.96956346591423,1198.27830,11982783000
706.6545209892397,290.7037440325266,1198.51840,11985184000
907.9532902554993,285.53099020098887,1198.76040,11987604000
782.3790281712713,252.92960096667838,1198.99970,11989997000
806.9360322417051,318.6268664326778,1199.23110,11992311000
924.3576532009023,401.1298853925314,1199.49220,11994922000
983.259944153279,451.52671393891836,1199.70990,11997099000
1019.0648413479172,492.8882119254002,1199.98140,11999814000
1022.8133653959385,543.563033262452,1200.21960,12002196000
993.8818689015415,604.2829465125016,1200.43630,12004363000
786.7529377433635,563.0836675246154,1200.65290,12006529000
692.5020498103999,433.35446212427576,1200.90670,12009067000
777.1644345869905,349.7715421576879,1201.21250,12012125000
775.3259338920274,449.626730431726,1201.49230,12014923000
847.3101529280347,378.69093533095645,1201.74780,12017478000
783.5721557542055,302.61543854616735,1202.01580,12020158000
647.3679903216794,257.58945931048567,1202.24660,12022466000
483.7137756715157,290.25721735256093,1202.49880,12024988000
584.2297488680684,354.52413734041914,1202.75370,12027537000
654.9062501222247,306.9777166367164,1202.98140,12029814000
740.9246567681487,287.3129151078249,1203.20780,12032078000
938.3672623376531,306.72019746233974,1203.44400,12034440000
959.0734007162263,327.2830607014488,1203.72720,12037272000
1026.7668718849923,381.25795142705965,1203.98570,12039857000
1035.9605119886348,312.91999492342114,1204.20550,12042055000
1062.3490396065972,270.4940171266441,1204.45420,12044542000
1050.1804043630223,229.87533964295977,1204.67880,12046788000
906.6807209854511,191.6698558932277,1204.90900,12049090000
863.2432207066588,166.99965614944077,1205.12470,12051247000
882.8624811162063,149.50044742937592,1205.37160,12053716000
872.8038953519997,177.4460767598178,1205.59120,12055912000
839.6893683033526,153.68237888847648,1205.81360,12058136000
672.2026133854953,209.99808624203706,1206.03790,12060379000
574.1948035974805,203.97556797701648,1206.25470,12062547000
584.5322583499943,219.92922755649514,1206.48700,12064870000
558.0042397363106,221.105063210812,1206.72740,12067274000
468.1014731813289,218.01916381188815,1206.95930,12069593000
557.9154252835723,293.98067011501445,1207.17040,12071704000
474.04231245626085,312.86009313861507,1207.40390,12074039000
413.55876234642005,300.4958301785984,1207.62320,12076232000
387.3565808027968,281.58629505158393,1207.83810,12078381000
429.78870628438716,251.7659251847604,1208.05580,12080558000
341.9618689591305,240.61150130528583,1208.30710,12083071000
285.27249188894734,232.81287709282634,1208.51200,12085120000
370.53068520467434,189.56484648704802,1208.72860,12087286000
435.793489405295,161.28817863298968,1208.94370,12089437000
629.355413791229,176.51234135179843,1209.16470,12091647000
779.2970964667699,181.66260002065923,1209.37760,12093776000
831.7373360706622,286.66248172386213,1209.59070,12095907000
999.9218753624206,335.5086484549571,1209.82880,12098288000
1070.841934203833,288.4140771460271,1210.04490,12100449000
856.2531037574091,307.25517499968345,1210.25570,12102557000
723.9049057966356,282.45832869529886,1210.46600,12104660000
648.9239172674498,263.81022610427385,1210.67560,12106756000
696.5208458583778,236.8226670340414,1210.89380,12108938000
586.5364321930509,297.34447303101916,1211.11030,12111103000
511.70783123317284,351.8429853814031,1211.33120,12113312000
425.127273867643,396.20514173723285,1211.54380,12115438000
353.57606868540825,456.77670435381106,1211.76230,12117623000
346.5728429165293,526.1511375357854,1211.97850,12119785000
315.7284456503018,568.0009243445974,1212.20030,12122003000
341.75940548719484,604.5358255130707,1212.42160,12124216000
358.4609437461728,645.0096285437746,1212.64520,12126452000
335.8258146660806,607.8954982096158,1212.86070,12128607000
374.0290171800286,595.7869966841499,1213.07870,12130787000
414.5297497099613,584.6851789416397,1213.28860,12132886000
402.86297329047017,572.1650121296151,1213.50180,12135018000
454.84928380706253,539.5676399848213,1213.72280,12137228000
417.9180415358755,489.82489151899085,1213.95340,12139534000
460.1666932748174,514.6885137567447,1214.16930,12141693000
432.74540994410734,443.17195556735953,1214.38540,12143854000
462.5980225828448,447.83168727008683,1214.60420,12146042000
540.1057394961531,486.26163762555177,1214.81980,12148198000
704.7218555194104,513.3511450903019,1215.04920,12150492000
773.3309655047557,466.14257191802045,1215.27560,12152756000
930.0150025101308,466.5251188998503,1215.49600,12154960000
976.2698881034739,428.383988057034,1215.71230,12157123000
1082.708746592726,359.2402325485042,1215.93290,12159329000
1134.2769586015743,320.3299907844894,1216.14250,12161425000
1156.4364098687527,256.05252157170213,1216.34990,12163499000
1143.8804657135722,256.66920514899726,1216.57270,12165727000
1186.7827223606823,215.81475972513033,1216.84950,12168495000
1197.6539388635586,252.55237338522528,1217.11020,12171102000
1217.9969340580435,328.5838412072794,1217.38470,12173847000
1238.8701754091496,359.22011102937694,1217.60440,12176044000
1243.2622938340705,401.52017441580136,1217.81500,12178150000
1072.1786482281766,334.6103632521301,1218.03380,12180338000
994.0194931775463,364.20281531934626,1218.25370,12182537000
979.6801329095241,311.170424406791,1218.48180,12184818000
1064.3591632334665,322.66274514025054,1218.69300,12186930000
1102.1259298948091,279.22660096389893,1218.90610,12189061000
1160.924293794503,288.51306912302846,1219.12360,12191236000
1262.3890503220177,271.31623848110394,1219.34470,12193447000
1287.2396253380682,284.1544738573605,1219.56130,12195613000
1273.7731431892664,299.1451937638347,1219.77570,12197757000
1283.543656409404,328.69282684345563,1219.99510,12199951000
1295.4472320703576,393.56729119046474,1220.20890,12202089000
1294.970423675963,432.71177367444335,1220.42020,12204202000
1317.343398395467,472.48645378231566,1220.63670,12206367000
1249.015644799666,449.52464055812413,1220.84690,12208469000
1300.8156673241801,464.1757349265361,1221.06300,12210630000
1297.0435601524598,509.9534368819453,1221.27740,12212774000
1238.1532875111795,517.7832852858293,1221.49770,12214977000
1214.0579553359385,532.852504929302,1221.71100,12217110000
1172.2686145474684,504.7881487886798,1221.92820,12219282000
1203.5009384615337,545.038650165201,1222.14190,12221419000
1148.7719737251236,611.4007182489618,1222.37010,12223701000
1144.061288982059,645.7896205062872,1222.59040,12225904000
1180.1092663790448,641.6501842395443,1222.81000,12228100000
1140.7601975614916,605.6005361492782,1223.03730,12230373000
1167.651724774668,609.9049692734668,1223.24900,12232490000
1163.2553326409384,580.8867450878274,1223.46460,12234646000
1193.4211927007025,581.5029273304156,1223.67710,12236771000
1188.8579530061247,559.818277436226,1223.89640,12238964000
1195.5516829899896,532.3257090823023,1224.11380,12241138000
1266.8783605212325,505.56155984306827,1224.33900,12243390000
1263.4882764777171,496.63119429871347,1224.55570,12245557000
1250.1014593066554,525.7507499564812,1224.77630,12247763000
1192.0977405380663,508.19581941798225,1224.99980,12249998000
1202.8181743655027,494.0469406687693,1225.21530,12252153000
1171.757723009926,526.7610104320273,1225.43160,12254316000
1146.2922017802775,523.8352646494534,1225.65080,12256508000
1206.9589252503836,506.9697718860298,1225.87110,12258711000
1207.695469765006,531.9554613810947,1226.08820,12260882000
1192.167097105613,549.6086303457616,1226.30140,12263014000
1244.4872318044213,563.6949595234834,1226.51830,12265183000
1237.5190021814467,549.6067852109348,1226.73790,12267379000
1287.6029166945884,552.2217486495375,1226.94830,12269483000
1260.270196132671,584.2816939317033,1227.15950,12271595000
1198.8173748496504,559.4468941455466,1227.37300,12273730000
1175.7621183740525,615.5614306241279,1227.58730,12275873000
1210.8272742138638,621.4164385093517,1227.80390,12278039000
1308.7018528912554,598.8125601312745,1228.01470,12280147000
1298.8153080824327,600.248813262456,1228.23310,12282331000
1313.4308790742105,567.1798877025517,1228.46900,12284690000
1356.6103178904796,492.5334975807804,1228.67780,12286778000
1396.258615714984,444.15685600543134,1228.89270,12288927000
1411.9480430934175,411.76082676264474,1229.10980,12291098000
1441.6798039999192,394.8651842458007,1229.32180,12293218000
1416.1505439123657,348.72918167128796,1229.54670,12295467000
1427.477748496375,351.22712560193486,1229.77000,12297700000
1415.9541056096405,348.40508335541136,1229.98110,12299811000
1454.6637490272733,348.731438524658,1230.19500,12301950000
1457.1919452443158,310.3574507750909,1230.42240,12304224000
1478.9824169563924,311.02625693688833,1230.63580,12306358000
1469.9678949740603,328.2762220944917,1230.84870,12308487000
1494.8018952268535,368.98728706941444,1231.10580,12311058000
1473.9396685828622,409.2002314122563,1231.32170,12313217000
1440.419548846782,470.37217063663616,1231.54720,12315472000
1423.6609488286383,476.66095507594775,1231.80010,12318001000
1301.711086568535,485.57663979411444,1232.02570,12320257000
1240.352833107601,564.8802480081864,1232.24840,12322484000
1244.8416858670091,624.4991734218166,1232.46140,12324614000
1150.8057362427687,640.3207759247122,1232.67320,12326732000
1170.3648794995433,662.4981594631867,1232.88920,12328892000
1157.6389710947585,689.4872031752799,1233.10330,12331033000
1204.790257694017,722.9790394305855,1233.31830,12333183000
1138.8003900868891,730.5584462839414,1233.53200,12335320000
1104.2184102952028,690.3231083969436,1233.79040,12337904000
1103.2661085294671,694.0392319268144,1234.00900,12340090000
1014.6745040771203,702.1749897550885,1234.23120,12342312000
977.8944262304169,664.2522785496028,1234.44310,12344431000
961.2064244990942,643.5208863055508,1234.71150,12347115000
934.4979494107222,633.010542895753,1234.93620,12349362000
953.2099154153439,656.2143396627617,1235.14690,12351469000
966.005933046926,652.5159075209399,1235.36520,12353652000
971.4056578794651,676.8342447373881,1235.57610,12355761000
981.7195796153832,640.5362866748313,1235.79570,12357957000
1004.7459469164176,706.4819935638784,1236.01080,12360108000
1095.7668161306162,720.8029467505773,1236.23130,12362313000
1073.6561971253213,670.9957722833042,1236.45980,12364598000
1127.5463723153666,710.5335202294418,1236.67960,12366796000
1130.1183852952656,699.568208957599,1236.90010,12369001000
1127.5003674310608,684.7971841559391,1237.11570,12371157000
1132.9403587512134,661.5922713886087,1237.33070,12373307000
1181.5795419249625,690.1615574720036,1237.54130,12375413000
1168.3298626038054,647.732856369008,1237.75330,12377533000
1132.4115795487764,644.9266528706399,1237.96540,12379654000
1167.2039457667186,670.0138051798966,1238.17880,12381788000
1152.1777349452127,675.8586851867153,1238.39120,12383912000
1156.8219271748724,696.255399133231,1238.60390,12386039000
1085.142176465917,748.0313521407451,1238.82400,12388240000
1035.2120924202616,766.7414019175611,1239.03800,12390380000
1005.5854196200958,765.1700438912289,1239.25390,12392539000
1019.594741891588,764.5513271943305,1239.47410,12394741000
1001.8755342970187,812.8734494308471,1239.71320,12397132000
994.8903343393338,834.9332085190143,1239.92720,12399272000
1026.450441997497,804.1583492901374,1240.14320,12401432000
1055.6147448151967,767.6028797598473,1240.35760,12403576000
1063.9538197166737,750.7377607968097,1240.56780,12405678000
1039.0931057040277,724.9422830305091,1240.77770,12407777000
1043.9751928995224,748.1430742403801,1240.99790,12409979000
972.2503918329883,768.6586875919909,1241.21350,12412135000
770.8934543453119,647.703416784948,1241.43860,12414386000
680.3801355689369,488.5756279669465,1241.66100,12416610000
683.631770840554,389.12521521135585,1241.89000,12418900000
684.2037158111525,310.1110899248298,1242.10800,12421080000
864.5720759565044,310.75827861606206,1242.38470,12423847000
985.6100921685652,336.74086673902656,1242.60880,12426088000
1074.8263143671966,379.7064591526623,1242.87070,12428707000
1115.8068251027728,389.59933406625123,1243.11340,12431134000
1108.2767703219167,406.98938252233376,1243.35610,12433561000
1039.1331638896008,434.92707919482314,1243.62310,12436231000
1097.2664350047532,408.17271794559116,1243.84110,12438411000
1015.7479322706748,377.4385004812188,1244.06860,12440686000
948.704914110863,324.57022891414374,1244.35630,12443563000
925.7385705684853,328.1089536216832,1244.57590,12445759000
827.8257755052358,317.9943095938703,1244.80170,12448017000
629.2885682182176,257.42810329964016,1245.05420,12450542000
539.3255679354846,225.6035107911547,1245.33920,12453392000
428.6740159404054,208.26331335445624,1245.60400,12456040000
329.8997900591319,264.65753161249904,1245.84840,12458484000
312.0253905917177,272.1412745728556,1246.10700,12461070000
343.0884318993298,325.7062435925871,1246.35760,12463576000
467.74439386073334,332.29798411576087,1246.60540,12466054000
489.79776332875576,275.4166509454714,1246.82470,12468247000
703.3310324545926,366.8110543133856,1247.03970,12470397000
901.1840060755738,448.89556132976077,1247.26980,12472698000
1038.13021951559,542.8699769495353,1247.49480,12474948000
1185.715281830286,625.8114674656218,1247.72560,12477256000
1033.8093391919724,674.2959578070519,1247.99440,12479944000
820.2996093462979,622.2017810067032,1248.20790,12482079000
713.7037558674467,546.995013346048,1248.42460,12484246000
728.4458506646184,441.66314465374217,1248.66010,12486601000
823.5541798649141,387.8164862511974,1248.87580,12488758000
963.9635215050373,337.30271785189956,1249.12530,12491253000
898.7320413860425,296.43896909710037,1249.33980,12493398000
845.1093154429343,379.81977101232246,1249.55540,12495554000
782.219277304215,414.7613081835557,1249.77350,12497735000
814.6356535356213,480.7990693587972,1249.99100,12499910000
874.7297054563556,558.9574055495061,1250.20050,12502005000
1000.0710397062153,641.3227631224944,1250.42630,12504263000
1036.1434184615628,647.3261447228796,1250.63780,12506378000
1072.594987879329,550.4586881143902,1250.85260,12508526000
1173.3126882731974,449.24740878707826,1251.06710,12510671000
1165.447065871015,512.0957498802674,1251.28810,12512881000
1175.5509864087621,556.8528941898079,1251.50750,12515075000
1173.4647302627639,614.3268478529876,1251.72370,12517237000
1196.724447858632,669.8444827466184,1251.93790,12519379000
1220.331664666364,706.6397988952356,1252.15270,12521527000
1171.2289505425247,744.3823794430764,1252.37070,12523707000
1144.863316848891,794.9771129771726,1252.59070,12525907000
1135.1376216314084,788.2164323974332,1252.80550,12528055000
1175.8172072853024,800.0725141540335,1253.02890,12530289000
1140.803921603989,810.314498825768,1253.24740,12532474000
1076.9513537753394,822.0121454839046,1253.46930,12534693000
1049.2797601383866,833.5827926747107,1253.68670,12536867000
1029.1580026541656,842.0548784679019,1253.90330,12539033000
1033.3395852014692,753.5392515474618,1254.12050,12541205000
1049.4510120736602,592.6852249750186,1254.33930,12543393000
876.785229720106,459.5348349128571,1254.56800,12545680000
691.0915722066571,366.80258405587546,1254.79480,12547948000
547.9297338985925,317.6086588836192,1255.01600,12550160000
544.0491705541858,241.14254810402394,1255.23710,12552371000
627.3576795238508,298.54469012887944,1255.45340,12554534000
732.1429176552638,389.8692306812007,1255.67120,12556712000
831.5925256198565,463.93517658059903,1255.89690,12558969000
946.0976877705339,537.4017600784425,1256.11380,12561138000
934.8389370497081,581.3407500409646,1256.33510,12563351000
978.8725578049939,659.0823441198543,1256.54850,12565485000
1001.0662504250245,721.5138167875024,1256.76730,12567673000
1067.0099136477018,769.065624076097,1256.98070,12569807000
1051.5284283892,753.0600900862297,1257.18890,12571889000
907.6786801212318,625.1408332855349,1257.40770,12574077000
851.1896334254618,530.6261357567996,1257.62340,12576234000
781.9679981146269,470.23594451303484,1257.84350,12578435000
764.8293178772713,425.0423329207179,1258.07200,12580720000
726.7080950949542,378.91584100466315,1258.29460,12582946000
645.2957261069766,336.34860436294383,1258.50730,12585073000
560.8821547582885,315.76716328150445,1258.71840,12587184000
655.7563787184758,381.1373315346056,1258.94340,12589434000
507.93325525670656,351.3925916187338,1259.16590,12591659000
450.40982808570266,317.727808912609,1259.39200,12593920000
418.16577497095346,281.7823229183055,1259.61920,12596192000
355.118497147671,249.9485087175644,1259.84070,12598407000
425.90185157297634,301.9849735788957,1260.05670,12600567000
478.1401640766642,401.93543459240334,1260.28130,12602813000
495.92426592491324,360.4907395130646,1260.51150,12605115000
561.6062725695227,300.86470435050217,1260.72740,12607274000
495.76570750442966,268.9721001967277,1260.95230,12609523000
529.3688685511843,235.45967762850842,1261.19150,12611915000
471.20056866372397,193.60188722525282,1261.41800,12614180000
536.0991828338808,210.67613769228228,1261.63590,12616359000
632.232485980108,197.65874982655328,1261.84940,12618494000
803.8911919925388,213.9092404483369,1262.07880,12620788000
906.7520707049043,206.58803632992857,1262.29880,12622988000
1091.123486209567,264.2910944381098,1262.51540,12625154000
1217.2889269597574,322.00058403111456,1262.72840,12627284000
1347.9484849893513,404.22616392939585,1262.94180,12629418000
1390.9064712778236,480.1532351696183,1263.15890,12631589000
1415.9972141014277,570.9527143881706,1263.36900,12633690000
1473.7359451035727,608.0218310787873,1263.63090,12636309000
1395.5200609858762,588.1584523781843,1263.85060,12638506000
1348.2647559238299,558.9138249738351,1264.07360,12640736000
1276.6914635423873,561.670940495308,1264.29680,12642968000
1112.4930677018797,548.1280493148524,1264.51160,12645116000
912.4105088819033,552.172562203942,1264.75030,12647503000
773.3512376199773,612.7875744480749,1264.97450,12649745000
631.2701344186327,678.7194298055023,1265.19130,12651913000
499.82480165745073,725.3095430128253,1265.40560,12654056000
416.8549907788474,737.6516912436324,1265.62590,12656259000
376.69548526555366,747.2305193110581,1265.83820,12658382000
326.9590514771404,784.8448626871403,1266.04810,12660481000
288.85221250444215,797.114529969022,1266.26850,12662685000
280.138205505883,809.8571937502609,1266.47850,12664785000
250.60846496442153,781.8839102945755,1266.73460,12667346000
241.7014225801057,800.1021515230027,1266.94610,12669461000
236.00714925715803,755.8412079932782,1267.16190,12671619000
306.90800178050006,746.3492470425999,1267.37470,12673747000
410.3173288563093,742.5566810795725,1267.59930,12675993000
456.2650634442118,760.6256643194249,1267.81740,12678174000
541.7890665710306,711.0381482921283,1268.05820,12680582000
503.3428933584531,708.106385232653,1268.27530,12682753000
484.0221241498748,709.9032558105789,1268.48970,12684897000
497.0657427842926,653.9469911092324,1268.70570,12687057000
427.37333866716585,575.2462662536751,1268.93210,12689321000
439.256915981086,514.7587872277396,1269.14620,12691462000
439.04884913192814,511.21352048531577,1269.36730,12693673000
504.4198893991679,459.3816379700328,1269.58320,12695832000
560.0524489119053,417.92974449175455,1269.79890,12697989000
641.3221580973774,418.76152904205605,1270.02970,12700297000
498.0699216224606,454.72415225074275,1270.24100,12702410000
498.88862375295867,456.695083311663,1270.45760,12704576000
576.0801219442736,408.58380545588784,1270.67480,12706748000
694.875540324392,428.3075036750586,1270.89300,12708930000
843.0122576826327,416.7769235025922,1271.11230,12711123000
954.074807033721,423.04862368815316,1271.33460,12713346000
1062.7266605142868,404.128296747065,1271.54870,12715487000
1118.2356424193313,413.9883837185509,1271.76270,12717627000
1151.4906633380033,437.21642308242815,1271.97780,12719778000
1178.7923006211463,465.6960124468759,1272.19490,12721949000
1152.585377303329,494.448770697644,1272.41130,12724113000
1179.2990054910542,505.3620965281523,1272.63630,12726363000
1260.1985057153802,506.4091968209331,1272.85070,12728507000
1288.7367986831387,541.1194187191454,1273.06600,12730660000
1244.3143722049444,581.2444886804959,1273.28670,12732867000
1234.9954897761281,596.4295040466694,1273.50570,12735057000
1209.0994448101314,563.732398602069,1273.72000,12737200000
1202.2258820283373,555.4925834612276,1273.94480,12739448000
1182.7885080809135,553.4039421004239,1274.16700,12741670000
1125.842923372109,532.9941534379132,1274.38160,12743816000
1096.969508244519,571.2011450039219,1274.61180,12746118000
917.7000495880679,583.2264787100053,1274.82910,12748291000
800.7909964285114,562.6707113542135,1275.03890,12750389000
666.8040088048676,529.236454743064,1275.25890,12752589000
545.1201853305429,549.4437113484557,1275.47480,12754748000
439.0643292327004,549.3850975831003,1275.69970,12756997000
385.57442518846375,557.3608155178019,1275.93360,12759336000
364.3255202185552,589.9779941423502,1276.14760,12761476000
337.42327675396336,584.7915525748606,1276.36080,12763608000
313.7757177204264,570.7642045906022,1276.57140,12765714000
319.7605159686559,602.810464919214,1276.79140,12767914000
346.9549527412736,633.771606394173,1277.00980,12770098000
431.4932363089167,629.0128757606178,1277.23210,12772321000
432.19054006465774,606.298851391199,1277.45080,12774508000
387.10879731256045,602.3364240589322,1277.66560,12776656000
381.62237581807153,584.2101151138249,1277.88300,12778830000
382.3368369775483,585.3110108779538,1278.10070,12781007000
424.7578653259687,640.7883488771902,1278.31480,12783148000
615.9416347462626,628.0808841463711,1278.53540,12785354000
605.7441431069249,675.5475435335009,1278.75200,12787520000
610.5290933643578,660.6640160741912,1278.96960,12789696000
586.2431169753874,637.0724780434145,1279.19060,12791906000
530.4274371444385,613.0637865808347,1279.40150,12794015000
510.2803885509867,612.7784462343574,1279.61740,12796174000
485.4668137076166,619.2386290362012,1279.84460,12798446000
486.61723374885884,651.0431305217699,1280.05650,12800565000
354.7542684845629,554.0304963320186,1280.27150,12802715000
373.7862318505335,446.1686693534588,1280.49330,12804933000
514.6056509194253,365.0930920027415,1280.71120,12807112000
611.3969497854408,289.58887539172474,1280.93500,12809350000
514.9721629606388,228.13877421172066,1281.15490,12811549000
505.59982278025905,194.7832499154123,1281.36870,12813687000
519.5955503511199,180.95994918732592,1281.58310,12815831000
553.9191609193219,250.57303762431496,1281.80460,12818046000
562.6370010095312,298.5108428032382,1282.02400,12820240000
466.6096679620861,339.0326629321761,1282.24130,12822413000
466.3002621092484,403.4842879839887,1282.45830,12824583000
466.1466877994935,458.3562487340032,1282.67820,12826782000
482.7458398026515,488.2378218821907,1282.89560,12828956000
461.1275455171117,530.353886164722,1283.11120,12831112000
460.5577525116697,581.0371239495172,1283.33540,12833354000
473.7561721592049,636.4792542586146,1283.55900,12835590000
434.45488386424455,683.6791687393732,1283.77800,12837780000
443.65994799845635,714.9841063782662,1283.99190,12839919000
478.24296264872174,708.1406279553895,1284.25520,12842552000
522.0754845685829,692.179876085988,1284.51780,12845178000
543.524920580864,690.3296704686363,1284.76050,12847605000
640.75156633598,679.2046774975371,1285.01710,12850171000
648.2620998427078,707.9360313063678,1285.23620,12852362000
609.169171658645,715.793160293086,1285.46630,12854663000
608.1906976403392,690.9725875597567,1285.67620,12856762000
583.8268456483046,695.8105549311189,1285.89610,12858961000
536.6542624776448,668.4111120656165,1286.11100,12861110000
623.2542970894074,636.6924085114746,1286.32490,12863249000
606.1647730613709,616.8110680568715,1286.54510,12865451000
502.81137615443015,542.3967456351248,1286.75390,12867539000
527.8583793543344,465.882542422536,1286.97420,12869742000
729.3397526256475,374.3550421260511,1287.18340,12871834000
987.5505717099376,307.73246670899186,1287.40210,12874021000
1087.6504760628563,238.80298522898536,1287.62860,12876286000
1216.6603969641335,202.207726618156,1287.85470,12878547000
