x,y,TIME(2025/03/14 10:12:14.794),TIMETICK(f=10000000)
931.878498052088,643.3383503119787,0.00000,0
905.8471660239361,656.3656990277204,0.23270,2327000
847.6863265440503,559.4373294051647,0.45180,4518000
754.8922358081398,451.4705412988823,0.67770,6777000
744.1400677217088,362.44549549251104,0.89660,8966000
723.4975293906416,331.9208491127311,1.11010,11101000
627.8954347586573,251.37192643386896,1.31770,13177000
512.4254406805821,238.87662825079306,1.52350,15235000
498.7512098783841,301.97835374605995,1.73120,17312000
455.16255641868133,269.68429625795295,1.93810,19381000
284.7841958433965,335.68320885721715,2.14710,21471000
254.21986605726687,302.1776897659951,2.35690,23569000
205.41612614232181,194.0640394345141,2.57350,25735000
164.90333266621383,154.03235389748,2.78250,27825000
128.6676165482861,128.4430022020926,3.01660,30166000
186.3544153763263,115.84635074946374,3.22570,32257000
368.5968318366731,182.26192231056973,3.44170,34417000
505.95154734402433,284.6707184565888,3.65400,36540000
668.9985450933441,340.71620087433973,3.86390,38639000
746.0510834024269,414.8089923521736,4.07880,40788000
810.6416716306156,474.05795843280845,4.29220,42922000
866.3824002853419,544.2454791141773,4.53590,45359000
887.3340652821776,627.545061759223,4.74870,47487000
905.0352139536027,615.0051505363202,4.96910,49691000
881.4700948348784,635.8410579564803,5.19130,51913000
867.2701322390517,645.6551694326492,5.40530,54053000
872.8631224557475,658.8719531610902,5.62120,56212000
916.7337411828133,666.9700332073891,5.83200,58320000
916.2570013878933,675.6792326710167,6.04540,60454000
926.6510326203438,659.0351845887353,6.26430,62643000
895.6829877017767,650.9200514240224,6.48820,64882000
910.611699911224,661.6839948581061,6.70250,67025000
894.2226245935352,608.0186371700554,6.91990,69199000
921.5652991546112,599.3177284484509,7.13850,71385000
908.3142988514227,606.1270757834361,7.36420,73642000
833.0095687716469,532.59911631301,7.58070,75807000
762.1594429852172,485.1487752569459,7.79100,77910000
754.597762866337,418.2070514693743,8.00480,80048000
664.8023169023264,340.30015154011426,8.23910,82391000
528.5293163577887,343.4480106080997,8.46380,84638000
462.3850469961887,389.7220752620849,8.67800,86780000
396.74856555843763,357.42878536433096,8.91090,89109000
340.3234086880408,347.67306043398247,9.12560,91256000
294.680374576377,289.83507768410055,9.37390,93739000
471.37621369679584,261.91166180056626,9.58900,95890000
572.9198061678588,264.5622855511737,9.80660,98066000
718.7708194222799,293.0247606918916,10.02150,100215000
930.9332233568028,307.38757730431496,10.24180,102418000
997.8650938694443,260.79094650939555,10.46020,104602000
1071.1165487663654,335.44533580720486,10.66980,106698000
1056.8480536368277,332.9655675663965,10.88340,108834000
1132.2342701728867,345.5947001568203,11.10030,111003000
1167.273820737471,349.6356937972588,11.32460,113246000
1166.2225054617143,370.4862296478552,11.55980,115598000
1026.6701075336932,333.86281056316864,11.77800,117780000
830.9441514390836,262.71199429123544,11.99810,119981000
697.8334351776567,272.56921579425625,12.22950,122295000
583.2846650311624,312.1576926153632,12.44940,124494000
490.1285671569087,365.1291754354056,12.68750,126875000
418.8533638616152,350.9231159490036,12.91720,129172000
342.3511601376876,307.73957448813115,13.16100,131610000
292.83828635861,263.04697311154155,13.39000,133900000
261.6276383753543,224.40538294266642,13.60280,136028000
261.2420119310826,282.9465859747122,13.82760,138276000
175.1059912352166,180.3977858697287,14.04480,140448000
155.18895518104424,166.59732410736086,14.27900,142790000
133.87653977572296,191.1865322764018,14.49490,144949000
336.9645932791315,321.8803578833839,14.72550,147255000
325.47914441719513,347.3330119534585,14.93670,149367000
351.71932393674825,403.14813607475315,15.16050,151605000
358.03827784866905,405.21430699442016,15.37190,153719000
499.7111986900159,474.44805349759616,15.58480,155848000
626.2286574159484,580.6536674400094,15.80340,158034000
698.7189903890929,580.5134747064309,16.01660,160166000
836.5611698358355,605.057675137548,16.22370,162237000
922.0473168865495,723.1873764938455,16.44710,164471000
993.6024250251004,721.28843041839,16.65760,166576000
997.081584106021,729.9821352818857,16.87660,168766000
1018.6773610364904,702.3864269215155,17.10250,171025000
1036.2616420986003,652.0062558064235,17.32660,173266000
1007.5334931614054,619.1308134669919,17.53830,175383000
969.5413267686008,599.76674164764,17.75700,177570000
943.4902154660244,549.9898698763859,17.97510,179751000
936.3834903564875,521.1042776953012,18.19400,181940000
944.1061833768242,540.4230131417609,18.41760,184176000
926.8589940226714,542.4768249957149,18.65370,186537000
918.2891193874287,548.7323969744019,18.86400,188640000
880.9331560646455,510.5406461685516,19.10340,191034000
827.742045535898,534.3693953644464,19.32360,193236000
731.1757460018051,444.0184131587239,19.55730,195573000
716.3830823469845,366.77898374885945,19.76880,197688000
806.337937936429,455.53351963278476,19.99290,199929000
670.6046162397943,405.06962536962715,20.20270,202027000
639.7618542754927,395.024978124875,20.42140,204214000
610.0060640705793,382.88899402565335,20.62920,206292000
530.7676712429887,363.92455207355357,20.84780,208478000
508.99369415857944,350.3790035493619,21.06140,210614000
412.6473027479801,295.20388532822034,21.27650,212765000
435.90753500792147,361.92257314522254,21.49050,214905000
438.3911102372883,432.7097548128564,21.69960,216996000
439.9056027107796,487.15771610481664,21.91810,219181000
550.7207811550288,530.3199788878636,22.12810,221281000
542.7552834388814,520.9053563415862,22.33950,223395000
546.1957393495414,444.54716030055647,22.55410,225541000
551.5748225987089,411.7052781015124,22.76500,227650000
573.4074265164791,508.9692855056176,22.99260,229926000
623.2313223831701,595.4123073227378,23.20830,232083000
613.4948364281951,563.0847631543083,23.44590,234459000
635.0305604499259,468.5441441825564,23.67770,236777000
599.4627308435612,419.1313114365938,23.89550,238955000
620.5767379780643,438.69795419994097,24.12500,241250000
564.7368547115864,443.35869726048315,24.34090,243409000
725.0395140076932,477.77156443828807,24.55720,245572000
712.8526372063983,410.6283305604373,24.77300,247730000
755.9230712742957,421.9168345140108,24.99470,249947000
773.5016967409089,418.60209454298564,25.20720,252072000
737.0172739525368,319.83141763918013,25.43360,254336000
820.549050054105,423.06610481218365,25.65980,256598000
802.6430444167092,406.73108829969976,25.87830,258783000
694.1400239584323,353.9409306558347,26.08770,260877000
604.8293690318329,299.7371606269365,26.31600,263160000
624.4983536438865,373.1558358275008,26.53660,265366000
608.9782127140714,365.52406291819256,26.76170,267617000
621.8301144254269,368.3316902403676,26.98920,269892000
613.3437378704797,304.7054867600397,27.20660,272066000
597.3017017760201,287.60803383806285,27.42170,274217000
519.6266078355604,277.8485499192412,27.64750,276475000
570.2901815496165,272.3147151438496,27.86170,278617000
623.3814347068363,240.2195131635625,28.07280,280728000
590.4566148355083,174.4346247448172,28.28780,282878000
564.4992800362862,132.70583771558512,28.50550,285055000
748.1314238512739,173.01381524664507,28.72640,287264000
827.8896215243248,235.49119918297356,28.94810,289481000
820.2951694024346,294.7657965712018,29.16040,291604000
865.6998449236243,377.2199328656394,29.38500,293850000
873.0429901642992,436.96182762032635,29.59720,295972000
834.0654814980911,447.8352221302109,29.81600,298160000
770.1877397100427,437.3906423752269,30.02310,300231000
700.8744206333843,529.4395266756646,30.25220,302522000
642.9306565366519,503.1848423103048,30.46790,304679000
772.8024838118388,527.6806093800633,30.69410,306941000
811.1340199448581,510.92037228281265,30.91370,309137000
911.3054649201339,487.54387583924745,31.13010,311301000
1057.4861290351391,398.19652816457995,31.36800,313680000
1210.127833335538,356.8027094316961,31.59270,315927000
1242.1478828317647,314.13408870099687,31.80590,318059000
1151.71816653489,329.87523315024293,32.01960,320196000
969.7059688985489,277.24165629974397,32.23570,322357000
831.1370244175527,302.30934185642815,32.45770,324577000
740.9969434530364,339.1696567826499,32.66120,326612000
791.7465220212317,429.3062374084868,32.86990,328699000
869.4847358843889,461.8488679513747,33.08420,330842000
940.5168268924363,453.00441131323737,33.29430,332943000
1061.2750649133866,366.20532277828795,33.51130,335113000
1117.5590136017847,398.3023230146992,33.71850,337185000
1191.4467112548691,384.9778787919351,33.93210,339321000
1285.7817475567258,359.12175244202933,34.15410,341541000
1360.1032276586302,269.7282798145475,34.37030,343703000
1422.445902310945,249.49414746067575,34.60840,346084000
1428.044374755855,249.96239268966937,34.83470,348347000
1446.4308881149516,304.9775228811246,35.06600,350660000
1474.6305319986375,238.28237291101635,35.28790,352879000
1500.8819502356796,192.8268820540706,35.51810,355181000
1542.6973000682103,137.4269455032344,35.72990,357299000
1541.41952228596,164.14054027064424,35.94880,359488000
1500.2829967665264,160.25073604817214,36.17750,361775000
1501.2976499073002,185.75368099476466,36.40310,364031000
1475.7762818492274,202.78871571008602,36.61610,366161000
1527.2236333153776,245.7084770807294,36.83160,368316000
1671.5267704210928,369.34886801395595,37.04720,370472000
1672.3987029887883,301.9540362643917,37.25210,372521000
1655.715251294638,325.5603691820586,37.46030,374603000
1565.0374156390649,336.413974114988,37.66470,376647000
1504.6571023630715,296.8951813204423,37.87100,378710000
1296.8755789777006,273.4292384586495,38.08490,380849000
1118.0348898058833,286.43397379908015,38.29280,382928000
954.1658359783376,352.8670714558078,38.50230,385023000
973.2332706181344,341.986591317209,38.71780,387178000
986.0500565280804,278.1445268314257,38.92490,389249000
1020.0050504484799,262.8220287103072,39.15040,391504000
932.2636775413305,358.5241090250018,39.37100,393710000
732.6188621687452,337.07117849287056,39.59690,395969000
644.7107953104983,291.2684948762509,39.81750,398175000
621.715466214479,317.42909564936565,40.03520,400352000
532.550092117801,291.254941568856,40.26250,402625000
439.9895184472756,311.45153702324603,40.48410,404841000
421.40833421343825,260.046723828217,40.70200,407020000
373.234001286097,254.9638521705991,40.91180,409118000
354.24189608073505,207.96430989162297,41.12450,411245000
457.95349256384327,280.5062110945781,41.34410,413441000
538.8512456235119,281.3026326585915,41.57290,415729000
529.3679998041503,315.72059451074506,41.80300,418030000
539.8400038790805,302.5466455923626,42.02410,420241000
605.4176253416788,281.31592072234895,42.25540,422554000
593.906941541344,250.41101942532475,42.47850,424785000
576.0547391368139,234.1948703502937,42.69580,426958000
831.2545262009323,220.76446908234018,42.91170,429117000
986.4755286496277,216.16480388626334,43.13040,431304000
1102.5913243191517,261.0547348349886,43.34320,433432000
1181.3574255510773,280.95330426678026,43.57130,435713000
1314.743552141374,267.9887554379556,43.79700,437970000
1394.3251107385138,284.3376922421134,44.03830,440383000
1229.9471249192495,226.16338396635373,44.26990,442699000
1177.1728459518745,271.35850603901247,44.50200,445020000
975.4954322977158,289.25763916267476,44.73110,447311000
764.7581716362254,379.40050678156376,44.95620,449562000
604.0910963618694,362.1292639890505,45.18440,451844000
544.89870969653,366.46693000867816,45.41090,454109000
399.19279376910595,358.34945160228557,45.63490,456349000
357.1625018231327,322.7608419357425,45.86330,458633000
255.3075487382297,265.97210876914403,46.08400,460840000
181.40937929874826,185.61711376964024,46.29530,462953000
239.9654794753963,189.07174086879832,46.51190,465119000
249.40254363992585,203.49877143089253,46.72630,467263000
302.5485119348772,240.22949336318078,46.94630,469463000
502.51253866612166,258.25361902223443,47.18150,471815000
625.43234508751,245.17802083392638,47.39530,473953000
706.9958760430075,280.93983537718447,47.61950,476195000
824.1856627488934,290.38513676020506,47.83610,478361000
903.6800045076026,252.2147243622279,48.06340,480634000
964.6156900688343,214.82066831588403,48.29240,482924000
889.3264153644634,235.07924623495143,48.51790,485179000
853.0020469806132,130.1124375186945,48.73310,487331000
816.6240760325879,174.98123802890424,48.95750,489575000
786.3436789414147,131.1875903586627,49.18380,491838000
933.6714970137277,164.06018930315642,49.41200,494120000
1105.5200038894654,187.57828820308217,49.64480,496448000
1168.8968594018643,212.2921488795212,49.86770,498677000
1213.0088433419944,183.84989367158272,50.08740,500874000
1150.7434747050504,216.02176602482976,50.30930,503093000
1170.1362429398757,227.20747104469396,50.52640,505264000
1184.4330395346353,243.25307755555846,50.75000,507500000
1174.747575461779,270.6094865075727,50.96700,509670000
1129.0008677476255,302.6612576816002,51.19250,511925000
1244.835997549989,475.2189076699159,51.41000,514100000
1206.581208946443,433.6465213255505,51.62910,516291000
1185.822664891714,407.81956444594084,51.84590,518459000
1111.1819959306822,394.08431255059855,52.05600,520560000
1083.52456107975,377.3517873540619,52.26930,522693000
890.5137817184178,357.80884057755037,52.48440,524844000
796.874005732266,335.8476327490873,52.69800,526980000
846.9000016793923,392.6477372430292,52.91720,529172000
815.1397240524452,381.0016754248779,53.13160,531316000
879.0080767119982,345.542247466322,53.34290,533429000
933.9267195854101,422.8772006093793,53.55850,535585000
993.7983200315231,396.82974761959383,53.78870,537887000
953.5772916035187,443.58754813956085,53.99920,539992000
922.1896778934821,479.05722912368253,54.21450,542145000
915.0480798779056,447.6996314053634,54.43420,544342000
890.0253375489657,463.0377796868269,54.65580,546558000
996.3874728816256,595.546865814203,54.87550,548755000
1018.1976703737355,475.2558775964611,55.08920,550892000
912.2629047595673,394.99712177503886,55.30540,553054000
841.1968799470682,326.6765252505076,55.52610,555261000
738.404060199312,241.69013279752195,55.73680,557368000
696.6158971917695,300.6028594507369,55.95840,559584000
628.8376966999031,376.2120294314397,56.17580,561758000
524.7729322070711,409.3352822183037,56.39700,563970000
456.42829790390476,451.9361292492626,56.61400,566140000
414.34671031542973,507.52170770731936,56.83820,568382000
368.2511305371689,470.64416300767544,57.05730,570573000
537.666458658979,479.2448953493122,57.29260,572926000
630.3343429883937,475.59964396343946,57.51420,575142000
604.6021741924894,509.9713104695531,57.73000,577300000
476.3871271220336,486.05460912906557,57.95480,579548000
427.96018612598596,401.39560917180734,58.17650,581765000
359.43975805575093,329.29540316365956,58.40060,584006000
253.34422025408094,269.9273076387993,58.62300,586230000
221.49979451066997,221.94702333494047,58.83750,588375000
203.50524284080566,219.68801148576387,59.05430,590543000
203.36443640192462,107.78074036648071,59.29910,592991000
255.42237156121604,84.39835658461814,59.52200,595220000
270.07171572582433,43.01647734780074,59.73900,597390000
413.7596645276494,102.57035892464337,59.95150,599515000
425.50770944421095,99.37424089275045,60.16890,601689000
483.64286434266126,178.88729706168084,60.39700,603970000
514.6928421258975,221.3530095808301,60.61500,606150000
575.2923406318332,303.42269014883226,60.82980,608298000
620.4692281813614,297.4568080578596,61.05580,610558000
663.0896085423199,250.39001433106097,61.28110,612811000
841.9185219174844,409.0062796633679,61.50070,615007000
829.5513371156735,328.1063491001329,61.71980,617198000
806.8251669178201,303.47774171724205,61.93610,619361000
875.595072261866,327.9794081258781,62.15940,621594000
935.5799771168095,379.65615990172375,62.37570,623757000
977.0253584517661,381.8669293286181,62.60400,626040000
1001.5630402995544,393.37142962818467,62.82850,628285000
1010.163783187118,380.7931607259651,63.04570,630457000
1062.8265595176965,327.87186729880915,63.26240,632624000
1063.690116415591,346.29507653524365,63.48750,634875000
994.3026475685773,298.6871432686516,63.70380,637038000
997.1998565712921,260.58084095178447,63.92950,639295000
1022.9505444131686,304.41763160642444,64.15360,641536000
1026.7430535455471,325.29283763708065,64.38590,643859000
976.3441443780257,322.854341873217,64.61080,646108000
992.3678824547225,374.01606889220585,64.83440,648344000
980.1036352217802,439.923178718876,65.05410,650541000
939.670866404782,476.9451606721174,65.26500,652650000
861.734078976276,465.66981921051547,65.48600,654860000
814.1641853243304,450.95226847807504,65.70020,657002000
801.786563486111,484.35397014344454,65.91810,659181000
749.479572549902,507.8718917030186,66.13200,661320000
795.8038070599636,468.1668199594311,66.34220,663422000
774.4814884788765,430.30867864153333,66.55420,665542000
727.1871417369774,417.46629435169837,66.75830,667583000
712.9182274158038,455.70476417043295,66.96200,669620000
696.3988105433968,452.2675895941873,67.17450,671745000
622.1340591661402,377.65788176238425,67.39140,673914000
615.4780932877427,392.91114117398365,67.60150,676015000
613.0660432705644,380.92024977486545,67.82190,678219000
655.7986274988232,390.3842187786148,68.03320,680332000
701.4762783857053,446.4723403844093,68.24890,682489000
701.4771761100316,487.49340191429064,68.46200,684620000
745.9681304978433,557.3563677788251,68.67810,686781000
741.8698851560157,542.7790220799594,68.89530,688953000
783.3593544890322,591.7808144428514,69.10980,691098000
819.2633536433437,647.7759677750499,69.35000,693500000
864.4359701227077,651.2909463103316,69.57320,695732000
944.2585703374034,600.1584171932531,69.79070,697907000
951.186970115441,595.0672218370463,70.01390,700139000
897.9864240856764,582.9792049947768,70.22860,702286000
885.1020688948333,576.729840067936,70.44630,704463000
854.1496724413348,557.7325864750235,70.65760,706576000
815.8609694868742,548.509827707289,70.87170,708717000
773.841059932947,584.0968297017465,71.08930,710893000
786.4010882927532,613.9643395909397,71.29950,712995000
735.3008410416485,598.3021390625138,71.50960,715096000
750.6328068606201,631.7059628262119,71.72170,717217000
724.529971177149,631.8460651642306,71.93850,719385000
726.5895587342202,630.1795892519382,72.16030,721603000
707.3460465683249,635.2400326162804,72.37450,723745000
647.7838536861798,624.9761089312829,72.59790,725979000
608.5571717505159,634.6823740424675,72.81430,728143000
612.5697771575833,596.209024124159,73.03290,730329000
583.55357118942,578.9665734737525,73.24820,732482000
603.7646086238282,534.9589338006564,73.46330,734633000
681.982955702626,542.0020052891772,73.68170,736817000
766.7060401083532,554.3781976857231,73.89690,738969000
787.3611984525875,543.7742971433183,74.11000,741100000
798.717262089209,513.0341492568692,74.32510,743251000
837.6393716764462,496.94634924174017,74.54160,745416000
855.029927546497,488.2441434564134,74.74990,747499000
841.9171764575711,464.9958056364331,74.96360,749636000
816.7521518164216,469.39783675479055,75.17880,751788000
809.0830459123475,461.9318653812876,75.40880,754088000
760.6622064561393,479.95409063746314,75.62620,756262000
732.8146503612799,428.26412452601846,75.83840,758384000
720.7427922360051,388.56453605951947,76.05290,760529000
701.8240015430979,395.1784870220502,76.26860,762686000
714.0767479240582,426.97103980870685,76.48750,764875000
761.1320109953532,440.51917024456947,76.71220,767122000
723.8169392830373,437.8018743825522,76.93380,769338000
739.7721144279649,432.4408084352504,77.15310,771531000
763.9872239257045,421.1609907961235,77.36550,773655000
753.2718914121251,436.5573744430067,77.58260,775826000
762.9502365325142,506.69403633397604,77.80310,778031000
699.898710567158,515.4554631527865,78.02050,780205000
709.660461330448,517.6784847704037,78.23490,782349000
755.9879467172453,550.7321144078535,78.45170,784517000
739.4046887700463,564.5716304501451,78.66350,786635000
801.4295981703073,565.3202441324709,78.88330,788833000
831.4091725602337,524.2860953183405,79.09900,790990000
811.6326734462332,572.7711531261331,79.31490,793149000
815.9486147493335,580.9723414014702,79.53300,795330000
785.5410375383822,556.5093561533627,79.74790,797479000
780.8940152452471,559.265921562644,79.96070,799607000
904.2544604045406,632.8449971900999,80.17370,801737000
901.7630208756954,580.5662823091827,80.38400,803840000
874.221766285485,573.2323102261653,80.60180,806018000
793.8204583898026,557.0785757055166,80.82240,808224000
713.9731442885317,518.4467374464102,81.04140,810414000
670.923726358303,492.69439052003383,81.28130,812813000
600.236218100074,379.08532556482385,81.49820,814982000
537.1380543584845,364.65076798360366,81.70890,817089000
525.5827942326285,302.28857763396763,81.93580,819358000
488.0392072067959,311.8124853292849,82.15880,821588000
532.7316920263743,300.66271573816016,82.37620,823762000
560.0462595586321,377.54449969421125,82.59370,825937000
628.6265032659373,367.5679939150924,82.81120,828112000
747.4588464000254,400.9144463287813,83.02810,830281000
751.9111473208372,411.7339797790357,83.24640,832464000
700.3034243826885,358.74929942247724,83.46750,834675000
824.5209332464528,402.08133496175594,83.68750,836875000
818.5119105807715,359.38654044785096,83.90730,839073000
904.4638302777798,410.21006913230957,84.13290,841329000
829.6105251116447,438.92422951465846,84.35730,843573000
941.2090120882242,374.33373004285914,84.59910,845991000
948.1996199178963,334.41198282900564,84.85850,848585000
1008.0310611330743,314.568935085937,85.09450,850945000
1020.4910612493161,297.21669931039776,85.31160,853116000
868.8208665152501,314.3456441144708,85.53010,855301000
879.70209199736,312.2082265580046,85.75570,857557000
937.0542520348397,319.63135363910504,85.97350,859735000
1055.9808882760578,323.8326017713099,86.21090,862109000
976.8889154215442,210.41655971511807,86.45160,864516000
951.9301408185368,168.03560137395772,86.67980,866798000
886.5804093492966,135.03373441869473,86.90770,869077000
918.1027729031051,111.16825299162323,87.13800,871380000
910.9447930673113,63.039235530193665,87.36990,873699000
1030.4588340114185,120.9431144054904,87.60170,876017000
1130.0561981388892,154.48084671855557,87.81430,878143000
1109.920487905519,195.68370980643277,88.02810,880281000
994.462985167456,202.27125522888184,88.25290,882529000
844.3614133961075,168.91933829205132,88.49880,884988000
729.9557198936711,158.29230383679857,88.75060,887506000
717.2929724079585,196.87205707023384,88.97770,889777000
783.7923583452414,245.9776497730603,89.21390,892139000
839.4640199743519,272.92570332448537,89.45740,894574000
848.9285733914571,340.16328885776153,89.68890,896889000
834.89249523208,367.00696535921594,89.90950,899095000
892.742437031814,373.74582846695847,90.13630,901363000
910.0623653955009,452.2611889065441,90.35540,903554000
1032.4061948427207,446.5102540735343,90.58940,905894000
1106.3996528639673,440.089100906419,90.80900,908090000
1212.4412774882248,328.9748519982287,91.03200,910320000
1240.4474049171154,264.14590180291,91.28480,912848000
987.2853792281832,223.31749656434184,91.50790,915079000
836.127239917346,201.34915240029216,91.72990,917299000
746.5521303266788,156.13681133222138,91.97710,919771000
834.3063645973087,279.98033710227884,92.19020,921902000
914.4832161716421,290.21964135416573,92.40590,924059000
1019.1035499302138,266.6084543293922,92.62310,926231000
1168.5041977713754,304.362870060579,92.84650,928465000
1157.0793607973387,310.44822031494107,93.06420,930642000
1039.3617418083852,334.4890329253338,93.28350,932835000
1050.0806081816777,407.266919752287,93.50560,935056000
997.8648301422581,471.4195654507504,93.72880,937288000
993.0870470542865,548.5990140883265,93.95120,939512000
1034.0737105174276,601.7762942863255,94.16600,941660000
1047.5213861256398,661.9258466395851,94.38070,943807000
1063.511318781059,673.4755054369522,94.59230,945923000
1069.9814673024305,706.111624703529,94.81050,948105000
1095.395697988275,680.981304267623,95.02280,950228000
1042.698097957854,662.7975889404015,95.23870,952387000
1020.6464741288779,652.5800518526078,95.45700,954570000
971.5231912697128,628.6774756544177,95.67770,956777000
948.9676503838789,601.2273385011783,95.89910,958991000
955.5318962716992,572.198950230725,96.10930,961093000
1022.6546716477458,610.7530765665733,96.32960,963296000
977.1008007815117,594.238612118887,96.54630,965463000
851.2219157234019,545.1507089247475,96.75990,967599000
810.7201970001084,525.5232622169176,96.97930,969793000
818.1468778690229,554.3008923947694,97.21200,972120000
787.5670833006296,585.7159301726425,97.45910,974591000
789.5474493465155,589.4312179279708,97.67820,976782000
797.1249424095521,552.5331378791727,97.89360,978936000
816.1161721532575,603.8391266229103,98.10900,981090000
814.7914182425999,614.325891540399,98.32400,983240000
787.2519413074473,587.3561371441116,98.53910,985391000
835.9596888548672,629.4780469657094,98.75540,987554000
842.762423466606,580.6560377924912,98.97450,989745000
947.7175497083654,559.3017347028763,99.18990,991899000
1016.3486568290294,503.8781136794273,99.45410,994541000
1100.9927211259965,437.36675218931595,99.68130,996813000
1178.453555971633,395.27107294966083,99.89770,998977000
988.6137122665768,295.02432862867784,100.13280,1001328000
830.4226399368015,190.20631368715817,100.35670,1003567000
797.4992596969585,175.4500680461355,100.57690,1005769000
772.0079410985742,239.7388595663994,100.79760,1007976000
798.0704043929222,317.30385154641,101.01400,1010140000
904.6589773296547,350.9782890468453,101.23830,1012383000
913.2057571031963,344.03364909484793,101.45410,1014541000
887.3861556122213,325.3829829794284,101.66750,1016675000
813.1578909141203,374.8420749158956,101.90460,1019046000
842.2348645002417,399.748061734596,102.12970,1021297000
722.2067786958962,388.71174550837844,102.35510,1023551000
612.4082355595001,410.3418545541165,102.58520,1025852000
472.9394284635412,356.6451235474393,102.80850,1028085000
502.35233870759424,303.7751312966572,103.03330,1030333000
436.2903745892933,272.7730138961675,103.26240,1032624000
394.2184504854294,284.23694197418826,103.49220,1034922000
430.833162422667,253.62879421313153,103.71020,1037102000
324.14801198335925,205.414304107845,103.93410,1039341000
355.76124914630566,190.48099603447906,104.16590,1041659000
517.733052828089,168.3174348220064,104.39780,1043978000
549.2598689952752,131.83699977679976,104.62490,1046249000
532.3200985173139,134.29679857241524,104.84750,1048475000
574.638132560156,235.85698262824135,105.06180,1050618000
549.6288527053912,279.92685024879034,105.28620,1052862000
542.3091947068443,312.8909072450067,105.50530,1055053000
513.6554504479467,306.88568988191935,105.73230,1057323000
477.74891391617155,259.46327765845194,105.94980,1059498000
408.4240582065136,216.379698099648,106.17310,1061731000
340.54328604631246,283.6669613731699,106.39620,1063962000
311.55461847830543,295.27470135217783,106.61930,1066193000
332.43578365125194,219.82679504704728,106.84020,1068402000
333.4762625463587,272.83335617163874,107.06290,1070629000
215.3052915497545,246.6569140587972,107.28280,1072828000
325.75575070848976,224.6582963387568,107.49910,1074991000
269.5279554385403,226.06295680911364,107.72000,1077200000
240.37888664170038,246.3934621551902,107.93960,1079396000
300.46363938465714,304.166184320001,108.16170,1081617000
287.6873961183722,366.13612014783945,108.38220,1083822000
376.0028049783283,336.2074567893006,108.59960,1085996000
430.4826661575342,292.9464242549583,108.81410,1088141000
395.94677076484487,242.01839427716894,109.03370,1090337000
383.6047650742718,324.96700426181894,109.24970,1092497000
367.6573813521522,305.11384987250506,109.47150,1094715000
396.862831807368,265.19340302843534,109.70300,1097030000
449.8669970810236,257.0905498592045,109.92990,1099299000
457.1891740238946,222.3231495086467,110.15000,1101500000
591.5871756316832,259.9742763563797,110.37410,1103741000
775.4670012762695,311.0232083511956,110.60180,1106018000
968.1853563743423,304.1025134736321,110.82650,1108265000
1053.5345138775663,323.1718468000361,111.05430,1110543000
1129.0072228486854,362.20167140427935,111.28120,1112812000
1183.8619951172936,286.299872441254,111.50440,1115044000
1245.019224716398,206.89214132634393,111.73820,1117382000
1215.5779227251999,256.8455582895301,111.96420,1119642000
1069.275517657281,215.76422004278606,112.19410,1121941000
971.1165287262602,210.5961708946664,112.42380,1124238000
867.0539544507982,357.5033261826239,112.65350,1126535000
832.5604244658285,417.1628824517914,112.86750,1128675000
808.5651144051543,323.59400421950176,113.09940,1130994000
741.2984891953836,308.39010637092593,113.32030,1133203000
644.2245279023298,177.49463565835163,113.53210,1135321000
547.5542817675831,191.98522301312886,113.74710,1137471000
526.8072292089652,271.8409655324904,113.96220,1139622000
520.3554656926648,256.9899111103485,114.17930,1141793000
448.45513414013476,254.52927221680966,114.39110,1143911000
369.5494621645465,285.3678444554049,114.60970,1146097000
281.38376431598135,360.7493072801515,114.84190,1148419000
287.0182805670111,274.52730783918247,115.08470,1150847000
277.8256465726818,244.9530869716868,115.30110,1153011000
377.7884339163244,269.416721121371,115.52270,1155227000
528.8607458116121,360.44912257760564,115.74730,1157473000
609.2746318966649,409.6763248774091,115.96030,1159603000
740.6172640540983,415.0035412127546,116.17420,1161742000
848.0691534761019,472.95592182851044,116.38940,1163894000
991.1489521217896,503.62897580240076,116.59810,1165981000
1092.6369158304947,456.23284727188917,116.81400,1168140000
1129.1326038046582,480.7914523899693,117.02340,1170234000
1224.8595577469375,452.82646203222964,117.24820,1172482000
1309.4310258843007,421.3721952101839,117.47130,1174713000
1253.620773850858,336.1168463541504,117.69110,1176911000
1314.7914054418227,246.63054000735434,117.91530,1179153000
1399.5438517353023,276.4718100179035,118.13670,1181367000
1408.6430449753486,256.4935443514865,118.35160,1183516000
1462.2904211894338,239.33760783332377,118.57360,1185736000
1349.17170585055,366.0001207486853,118.78940,1187894000
1164.6362227565385,389.0745361315648,119.00830,1190083000
1004.3473697025456,405.16985087940185,119.23710,1192371000
958.2665648986634,389.9130651075209,119.45900,1194590000
995.6564054240012,375.09332219822016,119.67900,1196790000
1017.9161149763327,343.2672924007284,119.89480,1198948000
1090.7881960945383,289.7433118118898,120.11120,1201112000
1096.0205343705663,290.07136097808575,120.33040,1203304000
1111.1047074681762,255.64319600333732,120.54380,1205438000
1154.0792089889233,272.3636566563497,120.75410,1207541000
1021.0634482957394,269.40049925201885,120.97070,1209707000
824.9027747202568,223.29800689917363,121.18730,1211873000
757.5213275907101,285.9563324465475,121.39900,1213990000
684.9306545098245,332.8467698443409,121.61060,1216106000
631.3909530382965,337.8292230527076,121.82750,1218275000
630.1084293861611,288.30466802667183,122.04590,1220459000
622.0241645737087,320.4405360767907,122.25680,1222568000
557.6083373105391,249.66268244784254,122.47580,1224758000
541.8252170246371,316.6793346424302,122.70780,1227078000
536.4359222382635,349.223081892423,122.93900,1229390000
546.5155557144783,292.0319764150629,123.15970,1231597000
538.8410623896474,229.50845402975835,123.37990,1233799000
556.1805317862005,275.8251464275404,123.61140,1236114000
518.3081904098027,376.4220436291534,123.83890,1238389000
751.5956395480713,363.0519281495283,124.05600,1240560000
828.9062336612091,396.5717892914676,124.27010,1242701000
894.1754283617478,437.418331078579,124.49130,1244913000
936.9515078536292,417.3361359247497,124.71110,1247111000
1054.1812536543812,394.97235808593297,124.94120,1249412000
1177.2154226148832,371.55699154500775,125.16450,1251645000
1251.1734401479584,396.7605400789139,125.37780,1253778000
1318.765914652441,362.2452035959165,125.60240,1256024000
1349.5387492237921,365.29233449915677,125.82300,1258230000
1348.3734099739881,429.9955000808138,126.03810,1260381000
1324.2479247039403,452.56311881603324,126.25050,1262505000
1269.813523816236,498.9347639848878,126.46430,1264643000
1156.0306216211145,486.01970848480795,126.68900,1266890000
1009.5776704512433,370.5581199306878,126.91040,1269104000
865.9421648570536,261.8653663699561,127.13080,1271308000
767.7934534629595,177.57931485556603,127.35250,1273525000
740.7662204367529,341.37055150037236,127.58710,1275871000
736.4687726444325,312.4636036914171,127.81040,1278104000
675.7665227058767,243.37627692794092,128.03060,1280306000
662.750181552258,272.7575683062386,128.24950,1282495000
612.6524378907886,295.566133166346,128.47240,1284724000
649.1073430943147,313.8558366715546,128.69280,1286928000
777.934641491876,290.3405548431081,128.92440,1289244000
873.814423040976,287.1803119677803,129.15290,1291529000
990.3317538009959,228.426027394494,129.37990,1293799000
1050.462368160433,172.6474526391,129.60270,1296027000
1175.509988415933,289.66227039029457,129.83970,1298397000
1305.4522227858358,278.17830755017025,130.06750,1300675000
1382.2321112124807,315.59899265734816,130.29660,1302966000
1335.4530068786169,336.45020148853405,130.51640,1305164000
1312.889969116002,338.38998316326223,130.74140,1307414000
1384.7202936918834,336.5552197509208,130.95910,1309591000
1434.5553253449896,396.780081952163,131.18310,1311831000
1425.284537428486,389.7749214702463,131.40510,1314051000
1360.376403338183,406.35258930733374,131.62640,1316264000
1328.0799476954016,428.93511279035323,131.84760,1318476000
1294.0369888283738,475.6283050515825,132.06150,1320615000
1264.0911769317843,467.25360194861224,132.27290,1322729000
1264.3075825005167,457.82650866840913,132.48810,1324881000
1301.2157619673774,501.34865349816647,132.69620,1326962000
1329.7776769722518,469.3648241082042,132.92110,1329211000
1227.0749115773347,460.05617799865075,133.14240,1331424000
1225.6975493701814,476.5874277798412,133.36510,1333651000
1272.818186557204,465.39507457467465,133.58250,1335825000
1222.5963937204501,510.2797510261148,133.80320,1338032000
1189.2102995478078,444.2803475071742,134.01830,1340183000
1162.366579951288,531.7175696754638,134.23550,1342355000
1229.2140885417716,542.5505028307041,134.45940,1344594000
1282.279936833664,536.2345909942242,134.68570,1346857000
1285.3718824884004,550.7013364427567,134.90180,1349018000
1327.2480270774154,484.21569732122924,135.12630,1351263000
1266.063963044521,612.1258338795511,135.33650,1353365000
1241.2545855147512,545.1394763965084,135.55060,1355506000
1171.1319470384622,492.44914698366983,135.75950,1357595000
1064.493855407642,437.9108233115434,135.97540,1359754000
1014.3198965078958,423.87359512975365,136.19260,1361926000
883.6477769158305,437.015332128452,136.40390,1364039000
961.8391732565722,510.7352394299568,136.61910,1366191000
972.4615614009117,612.7606272225036,136.83530,1368353000
1001.015021151862,546.9288334280517,137.05790,1370579000
913.8319705895709,560.2691235955205,137.26590,1372659000
903.0370502506456,503.37448035244586,137.47770,1374777000
991.6580110115804,466.7450794866668,137.68890,1376889000
1093.3600249889548,452.09527981257247,137.90060,1379006000
1112.4292931716602,432.89321176175025,138.11090,1381109000
1182.4440019876256,442.39608089448893,138.33350,1383335000
1076.2916851213054,372.8358990490557,138.56380,1385638000
942.6705525037909,351.6776648628581,138.78220,1387822000
761.4089673764613,285.3031638456041,138.99760,1389976000
644.5310737911458,294.15702344035225,139.21990,1392199000
566.5464852341695,238.7591892789506,139.43720,1394372000
501.1401770228524,235.21979926717455,139.65590,1396559000
510.41920870996717,240.25020745384086,139.87070,1398707000
525.4653617964907,172.3741957976472,140.08520,1400852000
662.5525241968966,187.8496084714779,140.30300,1403030000
729.56016170923,257.7541306191412,140.52410,1405241000
800.2265521717483,316.1797637512569,140.74050,1407405000
855.3821810666271,427.9860742085068,140.95560,1409556000
913.944995138049,490.64814884498503,141.16340,1411634000
971.2417945402656,471.49751305777215,141.39450,1413945000
1029.1154054515423,482.0635133994682,141.60410,1416041000
1046.0753109818775,448.00180312209795,141.82270,1418227000
977.768489937971,438.9741727732031,142.03630,1420363000
808.4595693622396,408.9306639388574,142.26870,1422687000
631.3889585061551,311.62409002155334,142.49170,1424917000
511.5705285866229,311.40836808803243,142.71410,1427141000
419.3904804264356,262.7095988133328,142.93290,1429329000
312.84184363245953,249.52479532506564,143.16160,1431616000
289.8021405561929,234.18626169048653,143.39120,1433912000
236.0054233615614,253.33401446814577,143.61380,1436138000
167.1493916780229,231.1145069877362,143.83260,1438326000
142.48226460057097,242.22754008376594,144.05550,1440555000
93.28687060332044,288.1497532145815,144.27650,1442765000
240.1561409238792,388.9106649238166,144.50620,1445062000
242.425114947127,301.37551834177447,144.72780,1447278000
261.5540322254152,257.77545577699607,144.95520,1449552000
198.7996380270708,210.59262703418057,145.17120,1451712000
306.05869909391134,114.24001349022332,145.39450,1453945000
525.440929232423,144.27029809627524,145.61300,1456130000
662.0893145160207,254.61258442287735,145.83090,1458309000
783.0367188354044,291.7319751746134,146.05210,1460521000
921.5830361322805,280.6708684541052,146.27290,1462729000
1042.1846437338604,196.38827460399048,146.50140,1465014000
934.9718607818098,146.74943844406016,146.72710,1467271000
766.4804586941799,216.00306932341783,146.95120,1469512000
713.1451105289729,226.31230621215278,147.18730,1471873000
681.8415790834997,201.83677625266466,147.42210,1474221000
619.9486385159161,362.1932546757406,147.64980,1476498000
670.1001644400075,417.0419903408311,147.86660,1478666000
729.9278997058665,409.77837734685875,148.08660,1480866000
808.7631087371772,356.46733094788885,148.30790,1483079000
962.682653292887,329.22198741024584,148.53940,1485394000
1071.6818442546223,285.6090569445224,148.77090,1487709000
1049.4059600863216,312.19877076073783,149.00010,1490001000
935.3089100437803,309.7631022647928,149.23180,1492318000
878.6558583894863,304.39761843051355,149.46150,1494615000
827.1092396250489,270.95698939281584,149.68320,1496832000
762.555147553934,277.3544549844541,149.90650,1499065000
627.7076255873491,261.9098144373541,150.14050,1501405000
569.4539383685166,194.7243860066995,150.36580,1503658000
485.2046014547044,190.54355670879036,150.61220,1506122000
420.40703783602913,247.51286809126645,150.84660,1508466000
332.40670737275406,278.2928298972452,151.06280,1510628000
309.33285738176704,217.31414547666787,151.27920,1512792000
322.79396348085373,146.34408823092016,151.50490,1515049000
290.1303607511655,99.36401936365677,151.72590,1517259000
366.9255179102391,142.69355105750867,151.94580,1519458000
374.9201267323961,154.16499149029224,152.15650,1521565000
490.78055446633795,227.7562975451433,152.38590,1523859000
502.08251610241877,174.4821200423042,152.60200,1526020000
564.3859536838655,234.97244983534753,152.82530,1528253000
551.356610126975,241.86788707606348,153.04890,1530489000
530.1137898298174,177.24141157477015,153.26530,1532653000
541.0767169950439,222.43712746248423,153.48970,1534897000
584.9124258268843,249.63683557984803,153.71080,1537108000
700.2990618956536,240.79784733797823,153.92480,1539248000
671.9814077374788,192.79361706976266,154.14270,1541427000
757.3959245358626,198.3844906264029,154.36170,1543617000
667.7139720755149,155.40927618085263,154.57820,1545782000
771.4468739056016,214.67755649009897,154.81590,1548159000
855.2556149459722,245.601827303162,155.03260,1550326000
937.3081561726921,222.7552589248764,155.24210,1552421000
856.696471114961,269.64998747258915,155.45610,1554561000
792.1981602909219,307.2246086406841,155.67800,1556780000
779.5783534312213,364.116901264742,155.89850,1558985000
648.6957631330811,341.4096290507441,156.12390,1561239000
617.354346163713,405.49740938056664,156.34560,1563456000
575.5885072314362,400.3959236957178,156.56070,1565607000
597.4818827724303,299.23746228725815,156.78210,1567821000
518.7039284851392,317.6085022979002,156.99560,1569956000
644.1413167289724,311.34204492758755,157.21340,1572134000
740.3817313806259,453.4042846495106,157.42830,1574283000
866.0654501478602,441.6491367696282,157.64600,1576460000
844.7399578828607,399.0811932737329,157.86010,1578601000
816.9383275053842,305.50679374304923,158.07770,1580777000
815.3899283517684,393.88165716799494,158.29600,1582960000
946.9356002860986,365.4032940835323,158.51800,1585180000
1001.3621539951731,320.2462257813336,158.73450,1587345000
1086.6242323420706,353.1179309083543,158.95300,1589530000
1149.7967950131103,340.30917868274787,159.16660,1591666000
1233.6310941956488,280.16955810225056,159.39090,1593909000
1221.8639014283117,301.4603618367222,159.59930,1595993000
1196.2211971939491,353.44335302773436,159.82050,1598205000
1159.8448100850144,361.88369175988583,160.02840,1600284000
1100.5612718747166,377.61277850108945,160.23530,1602353000
1122.144756865371,380.8645125065246,160.44610,1604461000
1132.4337184970686,285.63087748667226,160.66260,1606626000
1227.1278732511357,298.5644399521246,160.88310,1608831000
1261.409125348573,392.325391793789,161.09500,1610950000
1293.1650118494601,395.27890580779854,161.30100,1613010000
1309.765967416621,349.7034591758593,161.51900,1615190000
1363.3608770691383,321.07595534425064,161.73360,1617336000
1314.298219368674,388.89506812245713,161.94670,1619467000
1355.4534256673571,361.9923695592955,162.16080,1621608000
1335.9072987678408,286.322030979357,162.37470,1623747000
1297.8563623190016,292.2478591206797,162.58760,1625876000
1347.6171662335876,278.5448368863122,162.80880,1628088000
1328.4445104024405,328.75479637791227,163.02820,1630282000
1160.1728907535241,376.8616691872122,163.24440,1632444000
961.4973640724835,443.1211385602701,163.46440,1634644000
764.8302579183842,314.35764656194215,163.67890,1636789000
542.5620130981551,301.2182121205333,163.89330,1638933000
408.3945368021051,251.15607379761536,164.11650,1641165000
350.4123741340951,254.89548200067802,164.32890,1643289000
278.08308536812035,280.23911664600246,164.54710,1645471000
300.18386158003216,193.05765543165703,164.77110,1647711000
185.25001074635549,221.08618691465435,165.02110,1650211000
224.92435885117365,225.42661473073676,165.27730,1652773000
232.64576650990767,249.42439074140592,165.50190,1655019000
288.67094701017857,221.30445324977038,165.72570,1657257000
313.1459630494145,219.52078211519662,165.94270,1659427000
386.20794915157364,238.18519433624368,166.15520,1661552000
485.9671018983635,259.2206069858423,166.37130,1663713000
577.7018729279539,307.75744903665156,166.58920,1665892000
660.2251864581443,335.03988241104275,166.80180,1668018000
671.1790259933472,335.0736475582558,167.02380,1670238000
669.4254042361382,355.3285950321272,167.23820,1672382000
706.6370041039019,423.3197325574521,167.45880,1674588000
756.2426239474634,466.7977496999024,167.67520,1676752000
762.208132796985,554.1668808116,167.89320,1678932000
673.3277195977154,540.2516530291732,168.13080,1681308000
582.9746152443018,504.0604552621592,168.34650,1683465000
529.6720970370201,544.733549211133,168.56380,1685638000
473.9266933139742,546.5833183263849,168.78640,1687864000
434.1568596846238,530.9861312679861,169.00030,1690003000
479.07355593179733,558.9706628503143,169.21260,1692126000
573.0111375088931,531.9096280760713,169.42160,1694216000
689.1411884994305,531.5986001427618,169.64710,1696471000
717.1099286243543,576.4579099688088,169.86170,1698617000
718.7348737151992,572.4461814311246,170.07950,1700795000
691.0294749069594,615.4999231084054,170.30270,1703027000
730.3299816130224,649.1193554074788,170.51660,1705166000
723.4652130056922,615.5370805102376,170.73030,1707303000
722.6866909088553,672.1309768817462,170.95510,1709551000
746.3071083093783,661.2579719935202,171.17500,1711750000
715.5113030835768,621.0378323385924,171.38900,1713890000
693.1942156182012,633.8172739910653,171.60480,1716048000
697.9199362352666,613.5091760536851,171.82570,1718257000
613.828594347366,600.7977326392611,172.04730,1720473000
588.1859501220016,567.2481549899569,172.27430,1722743000
613.4244606864379,539.0057548083183,172.49870,1724987000
606.2620448958177,568.447492255257,172.71810,1727181000
583.4677978779362,579.789522449396,172.93630,1729363000
545.5488804092103,536.8879714322411,173.15240,1731524000
522.7768124081659,498.4091625352793,173.36840,1733684000
547.1207706018968,420.69520351960546,173.58930,1735893000
625.7985965868331,349.418177064388,173.80160,1738016000
612.5861821731119,353.8232608580687,174.01170,1740117000
664.2439797767113,338.86255929147285,174.22330,1742233000
640.4743920339331,307.9152645237082,174.44750,1744475000
663.230917647225,295.413726583862,174.66510,1746651000
691.0215683669,284.07322796839617,174.88380,1748838000
724.8686888283418,349.4247944724063,175.09950,1750995000
758.5374631729021,355.20260720443423,175.31310,1753131000
743.7557898012446,373.79084343332147,175.52660,1755266000
742.4115134382913,408.5382491254112,175.74720,1757472000
779.1952980144481,440.6474033928146,175.96160,1759616000
795.2229514492201,407.07856626871063,176.18310,1761831000
781.8972410664895,405.6601080769547,176.40020,1764002000
783.6285820043904,427.3015976982937,176.61490,1766149000
764.0790970602345,377.2551076147722,176.82760,1768276000
739.4058200753884,373.2303512364323,177.04300,1770430000
751.9486208035919,399.824939919458,177.25490,1772549000
714.4401712423087,351.68482342877604,177.46980,1774698000
764.775771982628,399.6743461586677,177.68720,1776872000
881.8168493423922,452.9978594503447,177.90090,1779009000
920.9004556958134,460.2014025078534,178.11650,1781165000
934.9899631287685,488.56746051263764,178.33300,1783330000
952.6577869861082,549.6170453164763,178.54920,1785492000
951.5503957472132,587.3483091310028,178.76170,1787617000
921.7401239468358,524.3385360663831,178.97850,1789785000
993.8082190622193,559.6372222112312,179.20150,1792015000
971.1331478479807,572.3778737221372,179.41380,1794138000
943.5721334282886,584.6083410653503,179.62380,1796238000
984.2977728988192,553.2285204408458,179.84000,1798400000
939.2984962920859,522.7428772451309,180.05950,1800595000
844.4200213964009,421.2706995054328,180.26980,1802698000
763.3390621226047,474.95502284365205,180.48610,1804861000
694.349313551238,548.15065809012,180.71000,1807100000
717.1723295652226,515.8560674801421,180.92880,1809288000
612.8642528651628,464.8104041339665,181.15470,1811547000
509.0122523683127,476.22908963475203,181.37690,1813769000
450.92756997602004,446.6272718059392,181.60810,1816081000
355.98915353960774,392.84294124799425,181.83040,1818304000
342.49847626645334,374.6853930711084,182.04780,1820478000
279.45728069204347,219.5640062891432,182.26610,1822661000
312.85193428333935,154.0505692843609,182.48770,1824877000
316.9891905888834,122.84646438127413,182.71570,1827157000
315.52071060672495,24.461357342923,182.94310,1829431000
343.3943191031232,-18.65291878348907,183.17270,1831727000
432.87490893048874,17.099667054214493,183.40820,1834082000
500.7821962560357,56.992343048299475,183.63700,1836370000
701.1119247003007,43.770311598268584,183.85890,1838589000
739.0605372611111,88.82122648319738,184.07900,1840790000
834.901379786755,114.6604874616458,184.30380,1843038000
894.6262280751099,147.3736634930587,184.52080,1845208000
959.3067789340704,129.28247532320734,184.73920,1847392000
998.6623577777649,172.82182397972142,184.95910,1849591000
951.8309853187825,225.0831990873191,185.17810,1851781000
1041.3118331876385,196.8167131999984,185.39940,1853994000
920.0881210519899,171.25492787251383,185.61920,1856192000
796.2728587410518,150.49550006269726,185.84590,1858459000
763.5912501235211,116.02123709803028,186.06790,1860679000
725.9825913819296,92.49822181791842,186.29350,1862935000
666.8838795602398,72.80510647179791,186.51730,1865173000
626.1393969601025,195.6174882389165,186.74230,1867423000
555.4632409649137,302.0683300433381,186.95920,1869592000
515.1900017986029,351.24873287770083,187.16690,1871669000
457.342615149101,429.39830116754746,187.38830,1873883000
407.239630495924,336.2334091893082,187.61390,1876139000
460.48144736635953,367.99365934285447,187.82930,1878293000
537.174688371367,363.38834365336936,188.04820,1880482000
713.3989521474157,334.6662397898399,188.26450,1882645000
754.5100259686961,333.72554785886666,188.48090,1884809000
845.6632913600918,360.0162034160234,188.70290,1887029000
949.6735350122136,325.59562427649274,188.93160,1889316000
999.3297909010264,309.37891990930007,189.15900,1891590000
1002.8876729001464,303.88831558781874,189.37360,1893736000
914.289900954003,293.970512933572,189.59160,1895916000
912.1513460051901,326.44849266340947,189.80940,1898094000
889.0824827094955,412.6574089635206,190.02530,1900253000
865.0711597402885,434.0308188830042,190.23810,1902381000
858.1933040686877,434.7395652977965,190.45840,1904584000
882.9454546888725,425.899572302573,190.67490,1906749000
895.0021299272764,433.8132777128599,190.89350,1908935000
919.4557098687442,451.12378191834324,191.11790,1911179000
954.6132435618431,464.167975502762,191.33580,1913358000
921.1075137226389,500.9474922554715,191.55370,1915537000
925.3818015525347,472.0284261510622,191.77190,1917719000
914.1512350547691,459.59446351401056,191.98310,1919831000
975.3633037649236,464.0181891172544,192.19810,1921981000
940.3689195335457,476.84836688024365,192.41190,1924119000
944.0572657551878,452.87269013571904,192.62600,1926260000
920.7085525119342,453.7536903981967,192.84150,1928415000
846.6577826841611,423.67297664460455,193.05610,1930561000
755.3725479085002,413.353010499387,193.27410,1932741000
681.8465512141113,449.6826202851319,193.49240,1934924000
652.5247746491606,541.7551173242553,193.70960,1937096000
579.7166320313572,534.2218072049699,193.92740,1939274000
547.1304658994931,446.2486424589241,194.14930,1941493000
462.299399300968,383.46199948335635,194.36120,1943612000
336.6494250546576,383.03860232427496,194.57340,1945734000
288.62000248995076,356.02765614836454,194.81040,1948104000
252.21605735531102,387.8762534147608,195.04630,1950463000
286.01907976214665,375.2968712038195,195.25800,1952580000
281.3064798368249,381.5117217793696,195.47060,1954706000
297.88661098031133,382.3512348772913,195.69080,1956908000
243.52319756720877,341.4929106657285,195.90700,1959070000
265.40625187148345,386.0061929954579,196.13070,1961307000
252.34020740605888,388.5528368263696,196.36760,1963676000
358.12496757565236,497.40931208597664,196.58750,1965875000
308.0276178272099,525.1370933344363,196.80810,1968081000
300.72219774778614,585.6853931891867,197.02220,1970222000
268.58015098034474,529.195479462278,197.23530,1972353000
267.90056601237654,540.515144410281,197.45340,1974534000
297.23886825563557,567.9181346902471,197.66160,1976616000
307.92579032531876,552.9927150574282,197.88400,1978840000
308.3624073112535,529.8253350706443,198.11670,1981167000
438.80377439153006,561.6495187384056,198.33470,1983347000
396.7861893140327,512.5315441196717,198.54710,1985471000
383.37709906876717,483.9209843110064,198.75710,1987571000
417.0295379235177,509.5811559162038,198.97560,1989756000
398.15506415288365,508.05406781232494,199.19550,1991955000
451.1467901988986,558.0247350874456,199.41080,1994108000
483.7965273559273,534.5489985128423,199.63070,1996307000
535.2542307024776,574.4681691572864,199.84180,1998418000
534.0521093073853,601.0157590418811,200.05600,2000560000
490.0980541367112,570.552249141928,200.27080,2002708000
500.47589215148685,553.0867464473789,200.48590,2004859000
446.8507968614372,545.8056149518725,200.70490,2007049000
438.24160443301605,608.019352168592,200.93360,2009336000
416.3474767958918,575.3006100781957,201.15280,2011528000
366.2814866913698,580.7031226543892,201.37480,2013748000
302.28948905635264,495.1690464479691,201.59170,2015917000
261.77119830114106,490.9009119731292,201.81000,2018100000
161.47944405908999,469.5436156816811,202.02570,2020257000
231.3641671895946,415.765309266518,202.25820,2022582000
155.9205649746458,310.81707513960225,202.49850,2024985000
140.2099595678142,270.66516849244005,202.71910,2027191000
219.1595323453967,248.60222366577415,202.93490,2029349000
242.8058177626213,227.94297588644022,203.15140,2031514000
287.02839465687975,331.0562427628606,203.36480,2033648000
347.9152184525814,409.13841798828844,203.58310,2035831000
312.9998332923318,303.78925640368647,203.82210,2038221000
365.52151765752825,364.2671461680143,204.06200,2040620000
389.2516773011395,440.36388906527964,204.28350,2042835000
352.6225737584219,356.0252822697066,204.50190,2045019000
342.99924031588984,372.16423405464747,204.72400,2047240000
291.22761616389556,399.4181042654272,204.94840,2049484000
315.90997107776604,387.0982072075799,205.16930,2051693000
301.8306310372215,431.74100616364206,205.38920,2053892000
364.7510086340019,494.97222467996414,205.60280,2056028000
414.0564960899579,586.6131974791535,205.82710,2058271000
411.6853263588238,603.5763377361247,206.04960,2060496000
468.05945454585583,665.964227658383,206.28430,2062843000
572.2898689106778,623.7177605915687,206.50710,2065071000
594.4751106352268,689.5098158364317,206.72640,2067264000
565.8741817404308,708.3652152173833,206.93610,2069361000
519.3800675890453,716.1250891660995,207.15320,2071532000
529.5928761848961,791.017340951238,207.37640,2073764000
583.656900710343,777.2403107725743,207.60130,2076013000
585.496656199233,841.1071690339326,207.83100,2078310000
489.86255539990134,826.999717621484,208.05010,2080501000
492.4828518605797,863.4522520533891,208.27390,2082739000
510.3553035650096,901.2348524089847,208.49740,2084974000
473.3308846982969,898.3142486577772,208.71820,2087182000
494.79406742721767,884.1397899214185,208.92560,2089256000
525.5409403807694,895.720408832841,209.14050,2091405000
503.54916263468834,890.560699714755,209.35510,2093551000
429.9194864283909,853.9909366375238,209.57040,2095704000
487.936381145768,874.8363485544995,209.79720,2097972000
474.3371107992991,854.2480711291277,210.01140,2100114000
505.2170238011413,855.7590090061411,210.22810,2102281000
474.93713037763604,855.5993403856704,210.45310,2104531000
447.3285265464463,874.4687658446011,210.66630,2106663000
475.9406812373762,876.8560652093888,210.87960,2108796000
480.0125715454338,897.936667873691,211.09190,2110919000
473.62750244603353,900.6688773714741,211.31720,2113172000
511.1380781897407,880.7223172284579,211.53280,2115328000
541.3136108704118,854.1361115567234,211.75870,2117587000
524.2946139332668,837.0108799314826,211.98290,2119829000
550.2174478614545,785.7596832154939,212.20490,2122049000
628.5196081297933,791.3417029838315,212.42570,2124257000
609.9185267453385,760.9716366294292,212.64040,2126404000
625.2668376720509,799.9949707650852,212.86190,2128619000
630.5835117998331,835.2974331787628,213.07820,2130782000
663.1887030209413,845.3727799043694,213.29150,2132915000
609.2014812390333,868.4042469287413,213.51740,2135174000
614.7381442120206,833.7351938368807,213.74180,2137418000
617.6067284415494,801.4988084545362,213.95010,2139501000
688.0746466021149,777.2534931891722,214.15940,2141594000
632.8318857264483,706.4286436296546,214.37720,2143772000
683.1791287867794,665.1675818646945,214.59610,2145961000
786.2545606973738,622.6214093511785,214.81770,2148177000
773.9761085178037,601.3709419009654,215.03190,2150319000
802.3652137275024,598.3254249927621,215.24630,2152463000
782.9873491668806,574.8470837820252,215.46670,2154667000
773.6252805385584,555.3705549399709,215.68540,2156854000
743.6186395748566,556.0934368491977,215.90050,2159005000
760.5915055132034,588.6161361025543,216.11600,2161160000
838.608825467622,617.9685606267678,216.33000,2163300000
810.4906654229251,627.5504496469227,216.54620,2165462000
830.1796717863753,659.7037665420199,216.77870,2167787000
856.7313990325958,697.2038481035254,217.00010,2170001000
924.556754737994,732.3896830447078,217.21560,2172156000
946.0847170003115,734.6670385880957,217.42980,2174298000
931.535349123677,727.3603882842318,217.64640,2176464000
959.3519051532863,705.7972738092316,217.86250,2178625000
981.1424495471962,716.3934541212775,218.08890,2180889000
950.2480304512318,676.3122843016782,218.30580,2183058000
875.8171563367579,625.7499364430972,218.52390,2185239000
949.2126521736125,605.7714493402592,218.74540,2187454000
909.1956563550021,627.5305309613324,218.96650,2189665000
894.2486940461783,636.5287665327655,219.18320,2191832000
905.903781243557,572.3569709403067,219.39180,2193918000
917.4301265948786,427.67147749734477,219.61260,2196126000
809.0334082813436,424.94726603676247,219.83970,2198397000
685.938817898119,306.6979794236027,220.06740,2200674000
667.1326395732854,236.82406085897063,220.29210,2202921000
559.8061993598327,192.58299951397794,220.51080,2205108000
518.6280619974164,222.68831040897686,220.72280,2207228000
443.6693098108756,269.3734482652004,220.93990,2209399000
409.88539298100386,270.5013788494679,221.16400,2211640000
367.45138904559815,231.26861145155337,221.38290,2213829000
390.48113895912854,155.7629516497006,221.60110,2216011000
398.9896961101268,156.29515727739522,221.83130,2218313000
549.4883047922649,226.82507838041658,222.06210,2220621000
659.5358698585078,276.77876810696114,222.28230,2222823000
788.9819369738789,289.56058849725486,222.50030,2225003000
976.2336569712988,312.6392307215083,222.72250,2227225000
955.002862402872,337.6850307109729,222.93730,2229373000
940.5549045229548,298.85289573431413,223.18230,2231823000
936.3339361960722,372.60723805141316,223.41420,2234142000
838.6920138228588,299.4417375792986,223.63830,2236383000
845.2626924248483,416.8283427425117,223.85990,2238599000
711.9991581538336,324.1450402512611,224.07770,2240777000
679.5227956720361,239.05726975081046,224.30550,2243055000
534.9265499759592,152.85346706385886,224.52830,2245283000
418.1214571135561,111.37347295405773,224.75090,2247509000
436.80035295976865,125.11864181803307,224.98300,2249830000
309.7933786465243,25.405364270336776,225.21510,2252151000
312.22977290078757,23.285429625714276,225.44120,2254412000
379.899737876869,59.92710376046215,225.66300,2256630000
464.6970734669845,260.6528490165577,225.88890,2258889000
559.0460417211456,229.4259242098801,226.12590,2261259000
729.7829217985782,237.84441172101018,226.34280,2263428000
711.921841290474,294.3568374164664,226.55850,2265585000
658.6816614685185,293.59813810487674,226.78810,2267881000
559.7117540006851,207.7400687769838,227.01300,2270130000
518.7049694600561,145.34536870890247,227.23900,2272390000
561.0460644900966,74.20881928368982,227.45710,2274571000
598.9544500039718,105.80337061613125,227.68180,2276818000
595.3033203093221,94.09371311872603,227.89200,2278920000
739.6389150101962,139.70171129624867,228.10880,2281088000
832.9744087706331,125.14410316376336,228.33070,2283307000
941.2799343581745,176.76179262437375,228.58030,2285803000
1087.0514807751376,206.8255736661808,228.80260,2288026000
1163.4456085225124,178.86980460428305,229.05790,2290579000
1160.8510367168744,160.03061660921014,229.29100,2292910000
1231.396220520461,123.6296300824576,229.51570,2295157000
1273.3647724329319,162.42633536070088,229.73750,2297375000
1178.992276832135,266.52949226860903,230.00090,2300009000
1036.2202518430831,283.0028816030008,230.23660,2302366000
877.3223469507616,285.7821158129104,230.45740,2304574000
657.9364230796328,302.04011003280226,230.70140,2307014000
487.53009953089406,339.14318011194916,230.94370,2309437000
474.68081421919555,282.6965185769593,231.16020,2311602000
344.19090759144626,200.5201324372115,231.38590,2313859000
243.09979537441387,170.49015314800167,231.61840,2316184000
163.22240139236268,237.59021173811624,231.84270,2318427000
-23.995522239918927,217.79021677277316,232.07740,2320774000
7.241304746411245,280.89101870461684,232.30070,2323007000
61.70037522887115,318.5068358924792,232.52110,2325211000
212.3187880686669,244.11094297724122,232.74590,2327459000
392.51525285929506,192.8199284630777,232.96790,2329679000
495.9729442986745,201.63800192457495,233.21260,2332126000
450.92284514246927,175.77873000428897,233.44300,2334430000
506.4912571638518,211.49355503943042,233.66940,2336694000
487.7645646262732,224.77596887460524,233.88880,2338888000
506.6904125508951,223.20880985437012,234.11520,2341152000
496.22316098008287,259.01053233322756,234.33050,2343305000
515.3666496391868,302.7925872741033,234.55000,2345500000
419.28197058566775,262.71848068926283,234.77810,2347781000
359.3570707966043,314.290346786198,234.99350,2349935000
323.0920250043241,385.2243840424744,235.20390,2352039000
272.8005759664807,459.7637280460263,235.42230,2354223000
237.41072990312628,472.22591841699796,235.64580,2356458000
228.08185244716157,562.1174401633357,235.85900,2358590000
307.35395328239656,518.1357586444547,236.08160,2360816000
334.2367584782217,436.99959623512717,236.30050,2363005000
409.3598763118232,445.7571419013106,236.51360,2365136000
494.04419644084703,452.61285765786914,236.73450,2367345000
502.33299850354695,449.19544862454813,236.94960,2369496000
444.6818773136504,442.81882427212764,237.16530,2371653000
459.18547888586966,405.32397332389894,237.39020,2373902000
434.2588076772004,391.57516432953236,237.60840,2376084000
571.4721003679173,497.91062736541426,237.82490,2378249000
652.1012721786707,451.86183461775954,238.03930,2380393000
766.1226311997137,502.8958442658233,238.25680,2382568000
884.7998382786751,459.2167976273089,238.47500,2384750000
937.4828653655009,438.6549985375947,238.69000,2386900000
912.6637116277292,444.6897524380465,238.90230,2389023000
883.7866079591327,429.23398958635954,239.13200,2391320000
871.6646260143901,431.7738591336246,239.34900,2393490000
904.060371991626,428.4151906116559,239.56400,2395640000
873.7653777516663,418.9160650443762,239.77490,2397749000
895.8026622633862,405.7999778778894,239.98490,2399849000
832.1659716719894,397.06909252653503,240.19910,2401991000
822.0470497983226,397.99676709327355,240.41640,2404164000
752.8161648933605,304.34883496998276,240.63060,2406306000
661.8787687966072,207.41223987191393,240.84900,2408490000
687.9902223311649,150.80906964744887,241.06650,2410665000
687.2945884866855,171.70922663360037,241.29070,2412907000
697.5786611706512,212.88378906726578,241.51230,2415123000
632.7120480816277,277.43363510732746,241.74280,2417428000
607.7665653091469,349.2091420655962,241.96080,2419608000
683.1530057024279,417.92140151787316,242.19290,2421929000
629.8790383696937,399.0061214889284,242.40880,2424088000
514.8617263419275,384.92453300779965,242.62360,2426236000
467.02154525775086,359.8605417893778,242.84780,2428478000
604.1964612313143,376.14988363457803,243.06910,2430691000
731.7582491472918,447.7792700414818,243.28780,2432878000
700.9646004688302,486.9213081096698,243.51240,2435124000
798.1847898227437,510.6652257132703,243.71830,2437183000
877.8066948126703,495.52360589665,243.93370,2439337000
1023.6690706226906,450.90468135885965,244.15310,2441531000
1059.9734085688788,393.3292420921745,244.37190,2443719000
1123.9428862667141,359.75999740028703,244.59210,2445921000
1148.5514988477585,336.4077403569233,244.82000,2448200000
1195.9330950761323,410.96260772114374,245.03760,2450376000
1059.723297269824,432.8961778418598,245.25740,2452574000
976.5309241153077,448.17201195193485,245.47350,2454735000
884.9513716344413,430.7554872433633,245.69190,2456919000
818.3160566809981,404.48117275443946,245.90190,2459019000
776.8367879645396,361.6616071987565,246.12860,2461286000
772.5924914155863,357.35600320267463,246.34010,2463401000
731.5316052685139,328.91032005925246,246.56470,2465647000
741.0356005955363,354.47803090553896,246.78180,2467818000
708.2900389936985,283.94129693597046,246.99880,2469988000
759.4656095804085,321.6365817967072,247.21850,2472185000
820.7161371613943,330.48212511192054,247.43580,2474358000
859.7404538173661,344.5349259594274,247.65790,2476579000
814.8076356128377,352.53974889947295,247.87660,2478766000
770.8832910114512,344.61942906650256,248.09770,2480977000
670.849762110311,317.7622811221608,248.31940,2483194000
680.619126713214,279.38659932806905,248.52880,2485288000
661.7593222885014,271.9559206965865,248.73930,2487393000
656.5060664063361,249.25318779208814,248.95650,2489565000
672.7995048790337,237.86041673884304,249.16540,2491654000
651.4603951390139,247.81545250549772,249.37270,2493727000
632.9286916537789,236.12836542081703,249.58220,2495822000
649.9438274424859,259.3306653486238,249.80590,2498059000
653.3138350639281,247.86147632595902,250.01340,2500134000
655.0431032093251,244.84870422881013,250.22300,2502230000
680.8246468420466,257.26320517962586,250.44550,2504455000
650.4844106699557,270.9773650960715,250.66180,2506618000
667.1759438540123,364.0217610933336,250.87730,2508773000
701.5786338370697,380.80613082265,251.09150,2510915000
689.1602888955609,329.3597219370855,251.31090,2513109000
699.1404205751977,285.5625159128912,251.54040,2515404000
718.747991345066,272.9415202348499,251.75830,2517583000
724.4053415602195,265.13362421103716,251.97020,2519702000
769.2128155810207,240.12332788023497,252.18600,2521860000
775.0545770285055,236.14539753358773,252.39690,2523969000
793.4274145732318,231.806714820231,252.60750,2526075000
740.884247006672,168.9929485130691,252.81950,2528195000
769.7777513393225,194.35191559780392,253.05370,2530537000
772.9301540564958,305.03428266809084,253.26310,2532631000
740.1335732698644,330.2618636238153,253.47920,2534792000
732.0497034823666,382.63009790455413,253.69260,2536926000
783.3109677935132,366.45275916337533,253.90490,2539049000
856.8856490798594,384.22734078394575,254.13830,2541383000
914.5114835737245,369.4071491234227,254.35230,2543523000
918.7091597150181,393.26896599379535,254.56410,2545641000
905.3242024530105,397.882769293704,254.77840,2547784000
970.4837305307068,368.87173158029776,254.99370,2549937000
997.763664536567,338.8718192082124,255.20840,2552084000
1076.269863708848,268.3908348462357,255.42180,2554218000
1069.211409884547,247.5702227271597,255.63320,2556332000
1124.8418239597186,235.59520097192097,255.90250,2559025000
1108.7889381916173,275.2690633870584,256.11500,2561150000
1090.4452939008572,289.7378941438016,256.33130,2563313000
1041.364205819198,329.7899842281541,256.55160,2565516000
1021.5598245314129,309.3436011844602,256.76550,2567655000
958.1419624576141,254.81892802406477,256.97750,2569775000
912.2804343413067,297.1144614500041,257.19450,2571945000
865.9774221461618,308.7981474271703,257.40370,2574037000
862.878120710089,339.67791752699134,257.61270,2576127000
814.1017478542323,378.5629231185026,257.82140,2578214000
856.0601709352725,381.6209131823144,258.03850,2580385000
824.9538816614191,318.3355715857693,258.25440,2582544000
828.0377539711154,305.31216089316246,258.48490,2584849000
780.9566432449487,288.8807964437514,258.70250,2587025000
742.7597506622363,306.39406369783376,258.92820,2589282000
695.9644818156743,287.29666373544177,259.14280,2591428000
742.7216049876614,273.5993094924056,259.35810,2593581000
709.5398909659872,286.77325835585776,259.56690,2595669000
739.8978499341906,340.7467444753791,259.78250,2597825000
696.3563701614543,311.0446273577643,259.99740,2599974000
721.1124686487784,326.24229941880594,260.20650,2602065000
691.7005103329171,363.98134539881255,260.42300,2604230000
794.335551602881,427.174690687817,260.63590,2606359000
812.4921128326899,423.47161543715947,260.85530,2608553000
867.8715152678484,415.09713518409427,261.06960,2610696000
867.0014826110416,421.9348605609204,261.29120,2612912000
919.8395206040851,393.38959494112106,261.51060,2615106000
1027.7577053581686,438.72532430822315,261.72680,2617268000
985.5178956734643,439.67831428085003,261.94450,2619445000
1109.608520135197,407.17181246807,262.16670,2621667000
1195.4961917000262,322.8211203463081,262.38100,2623810000
1261.0313333336676,279.63408838869304,262.59630,2625963000
1315.4947516579823,213.23476647274214,262.81250,2628125000
1326.6795264166121,214.2847788038828,263.03000,2630300000
1309.850043132319,198.67735169280908,263.24730,2632473000
1230.5757529084665,192.05290427486185,263.47310,2634731000
1243.4376401308512,221.00139751282666,263.71000,2637100000
1247.02329801561,183.6643167836388,263.91990,2639199000
1260.8452769660262,129.50550059011272,264.13630,2641363000
1274.6803476584546,148.4003224501312,264.35120,2643512000
1290.8871584174167,155.74078350739282,264.56440,2645644000
1361.9829422172763,82.19102627110723,264.78150,2647815000
1448.03262647932,39.75246742304212,264.99450,2649945000
1621.472754745763,77.94852606145855,265.20960,2652096000
1651.4233032338593,46.60700554525159,265.42780,2654278000
1647.3074150313125,116.0648198148152,265.64500,2656450000
1649.1852031345547,201.87564462208684,265.85740,2658574000
1600.8069498657999,235.7389534782139,266.06910,2660691000
1557.2358609432772,183.87990359948512,266.29050,2662905000
1540.9017335760539,219.4411812250587,266.50030,2665003000
1687.8274161234658,258.7064247163422,266.72340,2667234000
1701.8374584422966,206.09354575208204,266.93370,2669337000
1640.300591020151,207.02575157360945,267.15060,2671506000
1582.0703319984327,160.62611889188898,267.36950,2673695000
1654.3052946015966,153.3303738989623,267.58370,2675837000
1611.2233452930702,192.40881561235557,267.79670,2677967000
1578.6027982100438,178.30140803623016,268.01500,2680150000
1560.803587009496,229.73000185922348,268.22700,2682270000
1536.0844097455554,212.55289728713748,268.44510,2684451000
1563.0877692825818,226.99133691668942,268.66450,2686645000
1570.8200019954797,239.66500849384403,268.87770,2688777000
1670.2172684052657,280.7509417488937,269.09400,2690940000
1716.2541849213228,288.54315721636016,269.31240,2693124000
1584.1209317868856,315.3396534386867,269.52640,2695264000
1241.1154260083158,301.03630820180314,269.75100,2697510000
1038.373845585527,226.13970356669705,269.96970,2699697000
939.9403687246813,306.7050862911308,270.19430,2701943000
853.6396674253647,305.96990943110796,270.41400,2704140000
732.9954707644661,280.50150189380236,270.63140,2706314000
735.3198229046541,334.94065941550826,270.84590,2708459000
766.941578669665,353.70090477084443,271.06600,2710660000
680.6194009868897,381.29911285408156,271.30410,2713041000
563.1816058955199,429.3567004023532,271.52190,2715219000
512.4283626762553,419.16070106944863,271.74310,2717431000
486.0597701367603,349.97233589904,271.95450,2719545000
454.4371312389637,326.40384177776764,272.19210,2721921000
628.6038714563234,405.5902991495079,272.40360,2724036000
840.3216096606889,505.5582657252887,272.62470,2726247000
1100.9889923930318,459.55073636355337,272.83880,2728388000
1233.9027295143446,455.1818992261269,273.05750,2730575000
1361.3414991207949,479.54271982716,273.27480,2732748000
1503.9390353654321,493.5556007888246,273.48870,2734887000
1636.615041981409,479.95861898235717,273.70300,2737030000
1736.9101563776726,447.58171541262936,273.91760,2739176000
1730.330757466711,385.81893158508933,274.13260,2741326000
1815.4289862271216,376.46161795008345,274.35410,2743541000
1855.0308528485025,360.398566430181,274.56870,2745687000
1910.2672514101955,302.03224270984083,274.78430,2747843000
1749.3969165908113,283.7522654001653,275.00290,2750029000
1536.7647468492794,294.6309475231961,275.22090,2752209000
1481.9060424769202,281.911670601133,275.44060,2754406000
1455.6962516926383,258.35200389743125,275.66010,2756601000
1443.735224589341,222.70372375173676,275.87320,2758732000
1459.0733089823218,236.90279414185986,276.08640,2760864000
1552.043068957997,258.50687150779686,276.29910,2762991000
1556.6363677207964,214.68139834973363,276.51130,2765113000
1563.6903546626427,205.73789080780574,276.73180,2767318000
1532.308328418963,212.1443596558802,276.94530,2769453000
1567.9629061264839,247.75883715831768,277.15990,2771599000
1564.932006812504,274.38396878150604,277.37710,2773771000
1651.4387782873664,298.8852999235763,277.59080,2775908000
1637.5491474133705,318.20642640510687,277.80230,2778023000
1622.5163105678398,332.2157665486647,278.01640,2780164000
1569.0867729919898,339.11534876522643,278.23390,2782339000
1622.9827659377231,379.11736809256394,278.44530,2784453000
1581.2382266209286,410.1183301985511,278.65730,2786573000
1529.760372537642,394.4545259857441,278.87120,2788712000
1504.0774355756416,413.67077867699606,279.09100,2790910000
1550.9188227995357,425.11807224486364,279.30100,2793010000
1565.4900122185195,442.1223331681176,279.51730,2795173000
1512.135811366813,486.6333208430761,279.73470,2797347000
1519.8466495537741,461.5307808318503,279.94980,2799498000
1438.786123292511,319.6591285466866,280.16300,2801630000
1235.4173908421765,232.0971508423308,280.39050,2803905000
1036.6689977046897,174.44858661306176,280.63310,2806331000
825.1163888429816,86.45109911844008,280.85920,2808592000
727.5082867530787,127.39062586082197,281.07800,2810780000
656.1647225495204,247.53349692623672,281.29940,2812994000
789.4385615775828,338.1446014251601,281.52150,2815215000
867.8292891430395,367.4194294338036,281.73750,2817375000
936.9081549701666,472.2514006060085,281.95060,2819506000
1157.5665830473815,570.3305453532513,282.16400,2821640000
1278.6701555664597,615.3202619153054,282.38880,2823888000
1390.6562132815914,535.4639435876488,282.61800,2826180000
1319.3509097610493,490.4321601896662,282.84770,2828477000
1164.445754590207,499.78722566954417,283.06300,2830630000
1061.3631186267917,475.0969151011924,283.29100,2832910000
984.7444115869675,394.53654612948236,283.52020,2835202000
844.6862060315523,486.410214347969,283.74200,2837420000
574.2596854438993,332.68398069487927,283.96280,2839628000
456.94776473704246,188.60849393987718,284.18420,2841842000
353.78393959720563,87.91976283949036,284.40520,2844052000
258.3580648509532,85.15352726750133,284.62990,2846299000
221.14917575096607,59.93573017604845,284.86760,2848676000
142.24447977086837,4.170459743312691,285.09750,2850975000
202.92425093652275,-37.75861692599659,285.34810,2853481000
200.8676685058378,1.2212118689438967,285.56960,2855696000
201.20693039108966,32.06318184906543,285.78880,2857888000
266.7507508593451,139.1819987062536,286.02430,2860243000
346.0427119031567,182.15536628359382,286.25450,2862545000
365.576320266059,272.1027627661792,286.49180,2864918000
381.7334596697563,254.42157659499048,286.72200,2867220000
309.1968575249117,199.05702862049947,286.93670,2869367000
285.7401528036702,149.44483030508383,287.15800,2871580000
349.9495490111209,111.64518138890413,287.38470,2873847000
433.11205423133043,55.98803677344032,287.60240,2876024000
626.8452454075814,84.37766342779729,287.83680,2878368000
812.8783358211721,175.82667588928888,288.05840,2880584000
972.5115156069445,209.92781858617641,288.27300,2882730000
1161.638591724659,215.28501636887034,288.49720,2884972000
1316.5803381016692,245.18757055200393,288.71520,2887152000
1411.487810436222,335.54982980660697,288.92930,2889293000
1469.750976795099,346.87607127852505,289.14760,2891476000
1540.1717310646134,361.66784394620913,289.35700,2893570000
1610.921212776987,266.8167760523137,289.57360,2895736000
1631.5843476427283,261.04723401619987,289.78820,2897882000
1574.679114600053,222.51613735649863,290.00410,2900041000
1536.2021462061002,182.98783956481196,290.22900,2902290000
1515.1457536052567,125.50173932868013,290.44660,2904466000
1530.149223204294,107.78943986477151,290.66540,2906654000
1603.8451121443493,92.24682507710295,290.88380,2908838000
1652.8869012096475,55.79513461473552,291.09790,2910979000
1631.0332644894058,12.015791686686299,291.31580,2913158000
1582.2097788795627,-1.80118327216735,291.53490,2915349000
1560.9528087992155,-63.546689716477914,291.75390,2917539000
1603.9776382530217,-81.91975314234784,291.96990,2919699000
1540.036017755534,-104.88624061126528,292.19950,2921995000
1601.870066078676,-166.99037001665755,292.42090,2924209000
1609.4527475516197,-84.18786664204765,292.63750,2926375000
1598.7348107257262,-52.1638483652976,292.84820,2928482000
1573.337982418111,-30.95261327156706,293.06180,2930618000
1618.5571401161806,47.549494371507535,293.28620,2932862000
1777.7752392512778,103.86860905701515,293.50090,2935009000
1750.5310347080178,80.54162847980712,293.71980,2937198000
1684.4789577854526,52.83983648805849,293.93350,2939335000
1566.819441914277,59.25974088331681,294.14710,2941471000
1403.6645490711182,102.6610472309929,294.36330,2943633000
1344.8037339147772,129.05130340896602,294.58620,2945862000
1244.5076194329547,202.8833786696744,294.80240,2948024000
1132.725185238449,264.95873439201705,295.02160,2950216000
1103.5984487460025,360.244837448029,295.23500,2952350000
1114.4363547393461,424.2015256220841,295.48090,2954809000
1110.1073613010383,393.65291552922986,295.69280,2956928000
1152.8020226004126,406.9190351768668,295.92530,2959253000
1149.7614652818984,366.27557916396495,296.15060,2961506000
1164.3387396402366,388.4655424826332,296.36830,2963683000
1135.6833306279905,392.48035715051617,296.58460,2965846000
1148.9700780769952,380.97579080773016,296.80290,2968029000
1163.8386031520613,398.1421163450205,297.02470,2970247000
1150.210061344492,368.17992829981256,297.23450,2972345000
1166.0592837133074,358.0073758248898,297.46270,2974627000
1239.7617687599356,305.97278204886965,297.68410,2976841000
1369.0167209699816,257.10841945359914,297.89760,2978976000
1321.9436153661215,188.3316953349028,298.11080,2981108000
1306.3670223950278,107.82827169264016,298.32120,2983212000
1303.864272940714,45.288413919203336,298.54600,2985460000
1301.7213137372687,-10.901500107698123,298.75810,2987581000
1283.336950498764,-25.53282975835511,298.97470,2989747000
1233.776952766178,15.689192616429324,299.18770,2991877000
1234.555734452678,62.38868289036894,299.41240,2994124000
1240.794864010718,83.15682472168882,299.63280,2996328000
1164.1543428020589,129.12689637099362,299.87410,2998741000
1162.3989153444752,152.77830262197148,300.09330,3000933000
1101.49201924174,135.88139481678382,300.31150,3003115000
980.4106702560445,171.02331319415043,300.54890,3005489000
952.1663548524152,223.5417317866073,300.76250,3007625000
971.5814573233471,296.0133600566528,300.97580,3009758000
975.9113763197367,265.3163899189437,301.18970,3011897000
959.9719048252249,245.63443410105222,301.40440,3014044000
957.9602529273548,342.7348296842815,301.64710,3016471000
1025.0161275946434,455.66821396218097,301.86090,3018609000
988.2015317609431,481.1146950163877,302.08420,3020842000
975.7681612663768,530.6382429596234,302.30220,3023022000
992.4537007472802,531.4522194540859,302.52120,3025212000
1005.9342535691002,555.7752794690816,302.73330,3027333000
1067.535323761721,586.8200946630053,302.94840,3029484000
1042.5126758589854,583.915138130021,303.16420,3031642000
991.4398018177376,550.5670453312043,303.38220,3033822000
1022.6650306283881,554.4564149404953,303.59450,3035945000
1051.9863701717352,544.9300694425636,303.80920,3038092000
1148.414595149271,479.4569960155339,304.02610,3040261000
1185.1776262333253,399.5487682310283,304.24300,3042430000
1225.4048331522715,365.9808382448988,304.46140,3044614000
1278.2054162916543,397.4876469781678,304.67890,3046789000
1317.5494844456393,446.4544827638215,304.90640,3049064000
1330.8304357979937,395.08781255206975,305.12220,3051222000
1308.9425524382948,398.52561868933753,305.35120,3053512000
1275.7605977868811,420.63194399186085,305.56320,3055632000
1238.2611244867092,377.54545068069586,305.78170,3057817000
1200.8692606786951,366.7659497258122,305.99380,3059938000
1181.1551643892642,312.6978098693863,306.20740,3062074000
1143.1513869866733,309.29452601085165,306.42750,3064275000
1166.5869597367853,320.6806990025385,306.63800,3066380000
1082.638777366566,297.0641734676006,306.86610,3068661000
1012.5837021959984,299.54204646017723,307.09720,3070972000
1033.6754344173069,276.2787764574052,307.32480,3073248000
1034.742971493871,317.7840918378919,307.54010,3075401000
1062.5058684049047,310.14814242803294,307.75950,3077595000
1071.551014972983,267.1654556831454,307.98760,3079876000
1090.3959632938029,191.06174538517314,308.20000,3082000000
990.3373256070782,247.89632637156816,308.43290,3084329000
904.7293538308078,289.82334585829733,308.64350,3086435000
815.7900030564368,292.9108922956615,308.87630,3088763000
794.8006816628202,372.5774213256132,309.09520,3090952000
775.036875270132,341.3947423426704,309.31310,3093131000
624.662892906816,328.4805347322968,309.52420,3095242000
512.9844837136868,261.4199673662147,309.74670,3097467000
471.7973652347973,190.51638656324843,309.96520,3099652000
488.1745560645063,201.80073951455253,310.19310,3101931000
439.0654242095561,113.6320902971862,310.41390,3104139000
461.29897820064076,52.45298419559247,310.63840,3106384000
480.90144162117286,174.6167183158017,310.87780,3108778000
468.844308633883,203.8303442163419,311.09890,3110989000
403.8117002251232,176.84028978432792,311.31620,3113162000
415.9751855455544,166.36812559083074,311.53470,3115347000
357.5549037969164,213.29163024288155,311.75750,3117575000
490.44367813322685,297.5757601049292,311.99500,3119950000
564.32633786485,281.3338698349524,312.22140,3122214000
506.5178840129868,266.1829462403581,312.44640,3124464000
488.27455535512934,231.5394517311349,312.67170,3126717000
527.5299796478218,272.35137440651096,312.91380,3129138000
465.43039704247013,241.8953812386917,313.13350,3131335000
527.3704213806632,265.84565428344894,313.35700,3133570000
589.5687789148958,251.6015271616742,313.58170,3135817000
684.0398908907872,233.5440729784077,313.80610,3138061000
884.2373625767375,247.6260626086242,314.03120,3140312000
958.028108325367,254.0231245106456,314.25650,3142565000
960.6418085945913,224.046050213415,314.47850,3144785000
841.6395354638701,192.88932907380357,314.70730,3147073000
738.6913063623554,167.80741115500305,314.94190,3149419000
838.0165418326562,193.1181945676065,315.17430,3151743000
841.814936436686,249.00237705277783,315.39200,3153920000
815.6391839560264,328.706283742902,315.61810,3156181000
957.1026475810038,426.06200246513146,315.84590,3158459000
986.8497012868309,514.1169592667482,316.06280,3160628000
1027.217239262042,592.3621501083185,316.28880,3162888000
946.7837090219728,539.8136950118466,316.50860,3165086000
879.6765684427546,485.5742567883141,316.73170,3167317000
876.817680389973,545.6354316615611,316.96390,3169639000
888.0705347104973,593.2959886242941,317.19130,3171913000
887.0557299918923,577.5911904504048,317.41420,3174142000
885.3845323097443,560.7335125606695,317.63800,3176380000
825.6358854691097,498.8583283897798,317.85540,3178554000
845.087334743106,464.7752860229225,318.07590,3180759000
824.2840618827911,464.25000209250646,318.30240,3183024000
830.3055559112399,479.531950830343,318.51490,3185149000
749.4946627547384,489.63407156937205,318.72260,3187226000
723.9547757668097,469.3868907899096,318.93950,3189395000
730.4654193533235,452.75151677106425,319.15440,3191544000
703.4007783681166,446.62747217195414,319.37590,3193759000
688.2187903149627,421.95237319420187,319.60380,3196038000
738.5866422264309,426.56429898159934,319.82580,3198258000
691.8175298788137,454.3262554309397,320.04340,3200434000
714.7280758229249,545.5367411647471,320.25450,3202545000
753.5962872634498,539.6280305143162,320.47710,3204771000
733.9885195864144,585.7077166270243,320.69400,3206940000
720.6960601624941,627.1044832450345,320.91560,3209156000
729.8585745758596,643.50385455147,321.13250,3211325000
846.4894377092619,690.3057528318711,321.35310,3213531000
864.7570925955976,685.799672727205,321.58220,3215822000
922.2389968921375,726.1989010346251,321.80160,3218016000
953.6003972801211,742.1676544358725,322.02960,3220296000
950.5408070965397,670.7930860522149,322.26020,3222602000
937.4362710051257,584.4297642111964,322.49000,3224900000
906.5623160521491,520.9205812316527,322.72210,3227221000
864.5403204592288,491.2506395951939,322.96000,3229600000
895.4719480484978,449.4299909552287,323.18400,3231840000
901.8461280359078,404.0651187816396,323.40190,3234019000
904.8845627673483,402.1619572810297,323.62040,3236204000
899.5661936413752,365.63803655628504,323.83620,3238362000
948.4232609443407,444.0296280977112,324.09460,3240946000
893.011993822069,498.66058753470725,324.32360,3243236000
900.2567024250606,482.4221889454101,324.53610,3245361000
869.7460665488602,500.1439477652036,324.75560,3247556000
929.2484934145895,559.8554413841525,324.96670,3249667000
928.9240463675659,546.3214588796352,325.18180,3251818000
943.677714722012,499.6370700514949,325.40340,3254034000
995.6969764266989,523.3239651087779,325.62460,3256246000
1042.8506577928024,578.4221128057429,325.85210,3258521000
961.039882003885,586.5144538063583,326.08030,3260803000
977.3634480377982,559.5148192150052,326.29870,3262987000
970.7137937171229,601.394507606262,326.52020,3265202000
1008.9618398628214,598.0248739821797,326.75040,3267504000
987.6927349136546,594.0301131542615,326.96870,3269687000
945.3400142854043,592.3494273673881,327.21020,3272102000
950.7429218097606,538.9244558212225,327.43170,3274317000
897.2884997173079,501.84441940069445,327.65140,3276514000
867.2067592277737,455.56971541829535,327.87190,3278719000
829.6049600482099,484.22422685078163,328.09510,3280951000
818.6757263165239,502.877123925806,328.31130,3283113000
817.2340214715601,466.23323154632214,328.52950,3285295000
838.9455468816329,467.45513968187277,328.76710,3287671000
756.5653980648856,509.00926251567773,328.99170,3289917000
771.9781999823929,475.0139040280811,329.20570,3292057000
712.3882206131185,433.0243640642206,329.42920,3294292000
699.686049652438,446.58289418186087,329.64440,3296444000
716.6198467018439,461.9216553200808,329.86180,3298618000
698.1475679290603,444.8621352159083,330.07720,3300772000
732.1861932704228,526.0353728400363,330.30040,3303004000
742.886808818643,528.931925873182,330.53910,3305391000
738.6793436844396,527.4171225943902,330.76300,3307630000
723.8477349171237,483.7561803138015,330.98360,3309836000
771.1665262229076,533.4397387778681,331.20340,3312034000
728.0645672728996,509.4103027742515,331.42980,3314298000
737.0096786648152,517.637913905916,331.65400,3316540000
693.3370929657575,501.4475959710441,331.87210,3318721000
695.5208358568094,473.0210886684669,332.09240,3320924000
738.9482576722731,502.8183372397857,332.32080,3323208000
799.4493818656222,594.6235496944423,332.54590,3325459000
902.6574420018741,658.9917997668852,332.76860,3327686000
896.9405394221038,608.9815664125391,332.99030,3329903000
946.7507917080105,641.7482714100954,333.20560,3332056000
942.7109490821873,731.1810173414244,333.43410,3334341000
967.7543172946196,753.2566321476503,333.65430,3336543000
1015.1138666670508,757.8937332846912,333.87670,3338767000
1004.666389257936,703.0132040141341,334.09620,3340962000
1064.7558717259406,709.6431567140676,334.32710,3343271000
1068.4071699985413,693.9631154375398,334.55210,3345521000
1015.0151377195991,633.732693767769,334.77120,3347712000
983.9052229548425,565.9000289158828,334.99320,3349932000
929.5685299082197,460.5332758163873,335.21480,3352148000
931.8340144819258,470.9064217066881,335.43580,3354358000
886.6319573664404,411.6195120733738,335.66100,3356610000
902.513986963629,341.41676156402104,335.88810,3358881000
833.0979337363007,360.9778184427571,336.11580,3361158000
855.1016859180834,358.63452806079283,336.35090,3363509000
824.5069100455378,422.8726204332181,336.56720,3365672000
829.1758666212484,447.25766004543345,336.78680,3367868000
823.8667415949898,470.58579558455057,337.00080,3370008000
898.7635120880209,474.9112039369437,337.21540,3372154000
923.4557558407951,512.6080959586182,337.43530,3374353000
1024.173246762806,551.9044455951445,337.67320,3376732000
1017.7233521259918,531.2133838348766,337.89000,3378900000
934.8052769137639,563.3989291338029,338.11080,3381108000
956.9430791210256,549.2087554257993,338.33440,3383344000
1018.5109561084162,557.9745796523142,338.55260,3385526000
1050.9578361921897,551.0751871324705,338.78630,3387863000
1013.4548475934495,449.1644417561764,339.00490,3390049000
1042.0556311771256,462.493266556395,339.23610,3392361000
1050.2872225298981,467.49829607970474,339.47650,3394765000
1042.4261634102043,474.1707837269957,339.69650,3396965000
945.034284407154,491.4698111001418,339.91360,3399136000
976.2579153003483,513.928941166432,340.13420,3401342000
986.9480719579452,496.1854703535294,340.36630,3403663000
988.4173933618679,546.2114695051908,340.58150,3405815000
1034.7007283480946,525.4260799018253,340.79130,3407913000
1082.671647212076,584.9273462617457,341.00010,3410001000
1104.337293525145,571.2988688970735,341.21450,3412145000
1152.6774716725026,474.3973264156407,341.43130,3414313000
1165.7093163310458,379.6339600127009,341.65270,3416527000
1187.9369206132837,338.71254916193107,341.87810,3418781000
1180.9286979978313,386.6433062006779,342.09780,3420978000
1109.486875718327,344.5044527215636,342.32560,3423256000
1170.588344761669,403.600509773598,342.55180,3425518000
1166.283916860175,353.4711372548546,342.77860,3427786000
1139.1438404958585,427.473571119291,343.00020,3430002000
1081.859120862827,469.8139660159632,343.22090,3432209000
1067.6052434974629,492.6705337416762,343.44200,3434420000
1031.544143559982,550.6004554925078,343.66210,3436621000
1011.3732065984957,510.8740862852941,343.87680,3438768000
998.9179919020975,614.4869359782728,344.09240,3440924000
1028.5010352303239,609.7972557050176,344.30350,3443035000
963.9967399267157,483.9440002622711,344.52180,3445218000
889.9839902319783,430.9108178853894,344.74130,3447413000
898.9065395198531,433.0617368652784,344.96750,3449675000
876.4676114534201,420.67182614629746,345.18570,3451857000
943.0170513735743,414.02034790510123,345.40490,3454049000
940.2732301657893,412.8284409725187,345.62340,3456234000
972.9588419436942,423.29627683239283,345.84430,3458443000
1013.4508372014961,440.1402041686638,346.06730,3460673000
982.7150747973716,499.52083242460253,346.28980,3462898000
923.1973018141655,516.1714507658786,346.51590,3465159000
928.5605263835519,527.3940195932155,346.73550,3467355000
956.5916429789711,558.1879104335054,346.94890,3469489000
890.5895314795291,477.5949185395992,347.15600,3471560000
840.906736389398,488.03777543086505,347.37680,3473768000
822.1576635207889,595.5026409289518,347.59620,3475962000
804.9705865830205,641.0279330184458,347.81280,3478128000
751.9771140478927,669.7733513980858,348.03820,3480382000
707.8044778452179,693.1848800002316,348.26500,3482650000
692.6743204204043,691.775893076122,348.47720,3484772000
703.9058736577357,704.8396225300082,348.69430,3486943000
774.7916140703138,727.4662282697585,348.91460,3489146000
720.9536070592404,701.5223750364439,349.12910,3491291000
689.3882894085792,685.7691009973021,349.34980,3493498000
724.4273099401453,712.6711393782409,349.56220,3495622000
742.0748092851406,760.3346247101757,349.79130,3497913000
705.3471030500373,753.8694147187344,350.01860,3500186000
673.5250872092544,735.8341838659746,350.24500,3502450000
701.3900453542944,624.8562050459632,350.45990,3504599000
725.6795595448492,502.6552002530003,350.67720,3506772000
737.3491463515503,438.6228707746209,350.89270,3508927000
769.7034680687422,458.39254689400997,351.10520,3511052000
799.5240912877236,361.06123462726737,351.31890,3513189000
747.6075734979106,319.5506466789349,351.53870,3515387000
840.669183636848,321.7495080196197,351.76110,3517611000
868.7741067202533,376.6456686904302,351.98340,3519834000
948.1738781231572,393.50044943358074,352.20730,3522073000
1004.4579374592493,423.41788821781836,352.44570,3524457000
1090.5319664001656,462.02226042166194,352.67770,3526777000
1040.7101254428947,470.6517415984904,352.90390,3529039000
912.3724996663068,442.3135955718984,353.13420,3531342000
890.743890582185,491.2944440824982,353.36690,3533669000
781.8351561861704,534.2773997934072,353.59020,3535902000
766.1142275742934,585.9439300397636,353.81680,3538168000
780.6520732286614,555.8880543816878,354.04380,3540438000
826.3729369508213,475.563066671353,354.25900,3542590000
861.9410710131796,478.146865822887,354.47440,3544744000
826.6466434629896,470.5546624296103,354.68690,3546869000
782.5310790089904,454.20499240103,354.91060,3549106000
655.1268586059047,405.6281969444125,355.12650,3551265000
679.0293791405353,457.07242495221465,355.34460,3553446000
718.3869488188524,450.06025492227684,355.56690,3555669000
618.9961678266698,471.0618333094822,355.78730,3557873000
596.9544125887533,410.21796421396266,356.00250,3560025000
670.9550746171458,406.06756861470086,356.22830,3562283000
668.4794858992175,334.15848510648806,356.44630,3564463000
732.555739756032,318.9465944631458,356.66470,3566647000
791.3271446810251,315.32394817943,356.88170,3568817000
898.2837000116986,319.416831127589,357.09460,3570946000
949.2011144140253,298.429161398813,357.31010,3573101000
995.6177930872757,288.2477478408207,357.52710,3575271000
1055.3192909612476,313.04822054714765,357.75640,3577564000
1126.5529005246026,282.7278565259693,357.98320,3579832000
1141.9535153945758,228.9878483059459,358.19670,3581967000
1138.8763994948192,208.33498727659435,358.40890,3584089000
1143.305958341443,276.99346893239215,358.61820,3586182000
1075.5030527782046,338.92334099276883,358.83550,3588355000
1032.8634371823937,405.9701191843215,359.05590,3590559000
979.7248678163694,445.6158590539814,359.28130,3592813000
950.2717921165753,431.0875034837303,359.50750,3595075000
862.3648304068572,392.3316819856204,359.73220,3597322000
847.6836835394222,336.41848106129225,359.95490,3599549000
909.9502446740927,287.2191995732454,360.17570,3601757000
1017.1211842905253,268.06167625818597,360.39980,3603998000
1012.1609701414059,283.3248098696599,360.63190,3606319000
969.8849354395743,263.86935218002725,360.84710,3608471000
1007.6423354931742,329.6001105913351,361.07670,3610767000
965.8864317983932,302.7930236752144,361.31370,3613137000
1059.2677598259197,231.64230248979413,361.54590,3615459000
1104.7557512330955,225.35458260437807,361.78760,3617876000
992.508832553975,190.56778222104217,362.01650,3620165000
897.168142926707,262.82953521352,362.24430,3622443000
817.6194233303967,231.22966873632393,362.47090,3624709000
730.0485102248966,352.4771077929651,362.71640,3627164000
722.8441877200846,383.5196251212129,362.93820,3629382000
645.5075035436784,451.40096779422714,363.16100,3631610000
610.4193566576591,385.6629955792895,363.38690,3633869000
570.9436495129005,374.79038131264497,363.60900,3636090000
567.2134056758536,406.57132300271087,363.83530,3638353000
516.9574145279844,437.79847173657356,364.06840,3640684000
563.1975952331875,565.2326828898757,364.29260,3642926000
650.1516322895714,627.7952711949732,364.54040,3645404000
687.630554571292,626.2206634988577,364.76540,3647654000
765.4684605925218,589.4807604754685,365.01810,3650181000
833.4273284751521,526.6200991450306,365.24230,3652423000
784.3689190541631,428.5529255633676,365.46730,3654673000
741.41455990441,325.2535039545195,365.68760,3656876000
772.0913125293758,376.8514425914692,365.89850,3658985000
711.8378182701352,497.8657463626412,366.14920,3661492000
792.8666727326614,519.0682768704567,366.37490,3663749000
805.1093969446188,522.7975861174214,366.59590,3665959000
825.2310245270445,539.9859613695165,366.81040,3668104000
868.2239560647452,597.2564900515895,367.02860,3670286000
841.4934469155737,604.4533561389176,367.24970,3672497000
800.232978730513,621.6856023987649,367.47430,3674743000
811.9906189286477,624.5934690052159,367.69600,3676960000
976.9848643325954,633.1021121582307,367.92180,3679218000
1069.2348994283034,580.9040926627245,368.14620,3681462000
1145.3297815266167,522.2147287097685,368.36400,3683640000
1142.739498553097,503.8722216885882,368.58320,3685832000
1152.1739293977698,482.1434465766184,368.82840,3688284000
1108.7476111059532,401.21248250552804,369.04950,3690495000
1096.7437795054316,399.7450138075013,369.26180,3692618000
1067.7171638165264,448.7078633656429,369.48050,3694805000
1023.4679689475843,475.5679767341976,369.69770,3696977000
953.1675227909027,528.8347253314022,369.92020,3699202000
900.3602540628542,605.272849496544,370.14670,3701467000
919.9019449731329,632.9395942215754,370.37450,3703745000
949.0666878862172,693.8552131078621,370.58840,3705884000
942.3583537343234,734.9523587830029,370.81600,3708160000
1080.096043519325,740.1604871834604,371.03440,3710344000
1135.461634370538,719.0334131322174,371.25430,3712543000
993.8052583587937,809.3731227268015,371.46610,3714661000
971.6463105377275,816.2089574853642,371.68270,3716827000
964.335738811819,843.733409797524,371.89540,3718954000
933.0778718322243,736.0960204582124,372.11340,3721134000
916.5664873855382,618.9937062347458,372.32300,3723230000
841.0484627664455,628.5303272251031,372.54790,3725479000
817.5613916040737,642.0520019147975,372.75990,3727599000
760.8849507214146,628.2140583917218,372.97460,3729746000
767.912578876267,701.9564600280169,373.18300,3731830000
834.4097015251363,736.9480813758225,373.40220,3734022000
944.8756886699514,727.1551121693145,373.61190,3736119000
966.3888307188897,681.1371750968271,373.83600,3738360000
1003.7168381330696,621.9244336900973,374.05980,3740598000
957.1923576076953,548.9818062297222,374.29220,3742922000
1000.177039832491,529.4686091782874,374.51490,3745149000
1006.9746987504999,468.4962837791527,374.73790,3747379000
1034.471295757881,478.27680749784935,374.97460,3749746000
1022.5909506876728,468.81310728725055,375.19670,3751967000
1011.7678032901839,446.05012623305146,375.42070,3754207000
995.7298518960247,403.15767447455397,375.64860,3756486000
962.5193305369369,390.8542903987578,375.86890,3758689000
915.0934018355056,379.0399031448681,376.09000,3760900000
912.9933042938821,376.88242548974864,376.31620,3763162000
860.6756766494088,409.46829330529926,376.54200,3765420000
806.9023217889214,448.51745857927193,376.76340,3767634000
906.2731872188224,531.2146988305549,376.98810,3769881000
905.9060044198413,613.8107720914677,377.21670,3772167000
901.6888246648581,668.9708159522817,377.43680,3774368000
849.6688051636147,696.9715661483175,377.66870,3776687000
794.2123077852601,706.2874751803012,377.90330,3779033000
745.3097809799625,729.009140310052,378.12710,3781271000
678.6692438568392,729.1362826376086,378.35820,3783582000
658.7361496304336,738.8704625344897,378.58000,3785800000
672.2012801396579,688.6018986056085,378.79770,3787977000
725.4275918667017,688.7941916009901,379.01400,3790140000
804.1746542169572,702.1659770283709,379.23510,3792351000
804.4257665029139,730.5422317489623,379.45900,3794590000
688.5544891725083,730.7369801692312,379.68260,3796826000
641.7942389231191,698.5171031103471,379.89800,3798980000
664.1723564753759,679.7563139585712,380.12460,3801246000
698.7511039642968,617.1325334732793,380.34180,3803418000
714.4598978390237,550.5702985130397,380.56430,3805643000
765.1380229409549,618.3383983004344,380.79140,3807914000
746.7640496115803,654.693607834039,381.01290,3810129000
823.2041197461159,667.3386264677096,381.23520,3812352000
756.0821945454933,717.4892803956882,381.46020,3814602000
696.258847693158,733.1095472345505,381.68100,3816810000
568.6194567203191,745.794820259385,381.89430,3818943000
595.3110182247528,814.2547723205007,382.11720,3821172000
592.1594432616122,826.7139360751502,382.33480,3823348000
664.0288575089049,797.4026368753786,382.54450,3825445000
757.0145901971428,806.2529574151025,382.75570,3827557000
748.1620815489038,831.3437613929967,382.96290,3829629000
841.1329470714763,817.1531783471889,383.19520,3831952000
871.3023814756357,828.7445545031173,383.40670,3834067000
900.3125057479582,864.0240897312982,383.62360,3836236000
1065.595296845408,839.5701132032704,383.84630,3838463000
1045.889590888963,687.2146208395105,384.06520,3840652000
1067.801197971024,605.7943350511338,384.28630,3842863000
1076.983517795784,506.7702567686877,384.49780,3844978000
1077.6657297006693,488.6237636191496,384.72460,3847246000
987.2543477271963,446.49807326212033,384.94590,3849459000
979.8119965743499,421.8740926587164,385.16310,3851631000
1011.8796951407741,469.0514616463564,385.38050,3853805000
966.8186420609447,514.5255992647304,385.59430,3855943000
966.4521672293425,533.0989638653587,385.81560,3858156000
929.62517744375,491.0259130504387,386.03480,3860348000
972.2794692189523,516.4985846652769,386.26250,3862625000
937.8801883515602,482.46901464055304,386.47170,3864717000
945.0087031841372,512.9022601656345,386.69010,3866901000
959.2723101630988,490.7670778368338,386.90240,3869024000
924.9881487344672,446.28018160440075,387.11970,3871197000
906.2228951523729,372.88410965729554,387.33320,3873332000
910.404324792548,340.71494825227876,387.55530,3875553000
849.2723560835808,524.9466781187693,387.77740,3877774000
841.0522575014849,588.657134195678,387.99300,3879930000
877.1905101870375,558.1764225440323,388.21010,3882101000
898.339753433333,563.150544717882,388.42940,3884294000
846.7700187609352,583.6151879384304,388.65510,3886551000
817.4735958702001,567.3310344826267,388.88010,3888801000
895.3785472779974,619.5869597294515,389.09720,3890972000
942.0074388405924,560.9601428391645,389.31550,3893155000
1031.978650083023,552.0332298289202,389.53420,3895342000
1131.3356170131865,516.6918672274231,389.75720,3897572000
1183.3749755563492,531.5868448830774,389.98300,3899830000
1142.5622972113265,570.4288090464403,390.20470,3902047000
1159.3739497870858,708.074488202961,390.42830,3904283000
1199.2445193534218,679.8590731916314,390.64430,3906443000
1210.9431270337723,600.259865451591,390.86480,3908648000
1212.278474765914,551.1576286688214,391.09000,3910900000
1242.203202693012,526.7289829034812,391.30480,3913048000
1331.8760347374816,505.8189594870496,391.52850,3915285000
1413.2836793414695,496.85344737651803,391.74590,3917459000
1348.0589745760572,550.0724200710926,391.96300,3919630000
1285.3321624472735,621.5798015013443,392.17580,3921758000
1324.385274381868,603.9160772736093,392.39440,3923944000
1370.2836797374634,585.1304515303361,392.61630,3926163000
1349.0190154081058,548.0673595717818,392.83130,3928313000
1322.4798635847205,539.5963529651199,393.05190,3930519000
1226.453991831827,492.2359646650614,393.27890,3932789000
1157.8808632726193,478.63871268615026,393.49440,3934944000
1070.6853893856485,496.0404784557961,393.71610,3937161000
1087.7647170305224,593.7550849442639,393.94240,3939424000
966.1782069690825,655.8734146551393,394.17350,3941735000
934.8100665392358,704.5430216847768,394.39200,3943920000
938.6485634835495,688.7956940956078,394.61420,3946142000
929.6686037244178,686.3248803800299,394.87040,3948704000
1018.7871444329975,663.3209075222334,395.09300,3950930000
1004.5969906703432,632.0750407289416,395.30940,3953094000
1002.7026752408672,593.1284478808363,395.54150,3955415000
987.007733408014,534.4248276293728,395.75510,3957551000
970.9634311239264,488.4072166402566,395.96850,3959685000
987.7197609373626,458.80548680356503,396.18170,3961817000
1000.797845154903,407.0833077610312,396.40370,3964037000
1020.4926833937529,342.7797883364635,396.62780,3966278000
1058.3055194615301,349.463097073625,396.84740,3968474000
1099.3490848476292,350.9502774789501,397.06530,3970653000
1100.0989671040043,353.4126961174585,397.28350,3972835000
1086.6747023048886,390.8076062168444,397.51610,3975161000
1069.2278512314876,322.45310784319037,397.73150,3977315000
1007.1351684443893,403.80537322839984,397.95680,3979568000
828.969928640591,407.4451978590767,398.18610,3981861000
736.4364821290087,342.8188929764229,398.40700,3984070000
737.1243794962965,426.5523884511375,398.63530,3986353000
711.5392083378824,408.9761647031061,398.85850,3988585000
680.1685714366794,471.9585296955212,399.08320,3990832000
731.1257054153114,492.53557295904056,399.30960,3993096000
760.6777023324674,534.0998369229723,399.53260,3995326000
896.2288814515161,492.2894644179026,399.76120,3997612000
992.786689080544,467.02932994723307,400.00040,4000004000
1123.5590250102675,465.9724952734373,400.24750,4002475000
1218.3388985027414,430.5504874126233,400.46610,4004661000
1169.45574861965,465.4255674210285,400.74590,4007459000
1157.4175562963164,469.3430621301973,400.96080,4009608000
1148.4925409729092,486.59267625718377,401.19120,4011912000
1178.829185409123,536.8648745684291,401.41160,4014116000
1162.5203740667569,450.8515908500466,401.64610,4016461000
1182.2972454005826,455.7601120613075,401.86810,4018681000
1179.7468655589796,393.04131685839207,402.09060,4020906000
1171.24484146104,342.83775673201893,402.32600,4023260000
1084.2052131259854,269.4899412706001,402.56120,4025612000
990.9797548096211,225.28475773052156,402.78640,4027864000
978.423514092072,132.99720502364588,402.99790,4029979000
910.8428349376009,69.76928841120024,403.20830,4032083000
898.2116197007754,5.366565193596241,403.42850,4034285000
885.7761213544253,109.72692370788889,403.64850,4036485000
839.2797704141267,135.46059310287433,403.87360,4038736000
773.5995117783699,188.92221785055597,404.10700,4041070000
765.5845131588827,198.13311902915947,404.34280,4043428000
771.4203062060662,195.78255323817044,404.56920,4045692000
781.8327568943276,189.64609434041992,404.80590,4048059000
709.72177559838,301.201675434893,405.02890,4050289000
706.6628395306686,339.59875008435284,405.26030,4052603000
671.3596010656146,420.6470114755847,405.48100,4054810000
703.0052835921605,470.0158354412715,405.72620,4057262000
665.3665995239026,507.0880810417452,405.96470,4059647000
662.8898010425096,536.7378055766526,406.18120,4061812000
793.5298777298727,496.8942879985165,406.40130,4064013000
863.7830107540083,428.3713306615327,406.62230,4066223000
949.0435379303584,415.71592164053766,406.84590,4068459000
997.5484062819498,374.5894753055646,407.06980,4070698000
1004.4658858889162,378.1673637568129,407.29360,4072936000
1042.3905899626368,350.3701413977354,407.51310,4075131000
947.1396533844242,312.8070615289187,407.73150,4077315000
957.5433831574921,280.99243445338584,407.95700,4079570000
944.6847886475114,254.07993576058226,408.17790,4081779000
885.334738031382,365.96031703242033,408.40230,4084023000
838.6617301130387,398.9669317179938,408.62360,4086236000
780.5777614144993,431.0750625233606,408.83390,4088339000
892.277013395909,390.99321277632646,409.05120,4090512000
927.429331317735,350.11940191821327,409.28040,4092804000
915.2136349158403,301.85850371121245,409.50660,4095066000
973.9274101729449,336.0150769465509,409.73080,4097308000
941.9837076772078,376.353228974552,409.97510,4099751000
889.8916252874025,448.4215930898532,410.19130,4101913000
882.4043769486005,485.74452086067316,410.41230,4104123000
850.2124682631359,502.838648503888,410.61920,4106192000
851.0099568609306,518.5662698092092,410.83500,4108350000
821.7054366217379,530.7817597815914,411.05410,4110541000
878.9427583601681,530.8786703308679,411.27980,4112798000
927.6852397905633,499.29507999157795,411.50560,4115056000
903.6811412978052,478.22134010813966,411.73960,4117396000
903.9063975688991,490.9305306045589,411.96930,4119693000
1015.2944451256291,522.3639905181374,412.19980,4121998000
1070.7274243146471,516.9389157350645,412.41900,4124190000
966.5610752044824,639.6364135615564,412.63370,4126337000
1012.4330028027043,607.9222702658415,412.86170,4128617000
1024.968410453315,608.3877594837423,413.08310,4130831000
1055.3208717055236,495.29425677432107,413.29190,4132919000
1052.6372180531507,439.5554478327127,413.49810,4134981000
1094.5700592414894,369.54063558387077,413.72830,4137283000
1022.129439424066,330.11001580186644,413.94740,4139474000
1025.2135223281957,297.48268392101727,414.16920,4141692000
1075.9409839847976,282.18760487275574,414.39190,4143919000
1126.8580752449234,255.58844819044822,414.61650,4146165000
1141.5309880238517,180.72731731184166,414.84160,4148416000
1164.223450489004,207.52057256333327,415.06410,4150641000
1170.2049069252494,212.96132904029085,415.28640,4152864000
1101.1476044178476,184.8568503746106,415.51140,4155114000
1090.4538869717614,230.34696510180646,415.72850,4157285000
1064.585812226409,208.99825086356842,415.95020,4159502000
1086.502063017943,212.68488833135675,416.17450,4161745000
1100.2814179397237,365.56188726141943,416.39400,4163940000
1185.2326686583324,355.0023129779091,416.60830,4166083000
1203.2596065891032,362.4118981132256,416.83710,4168371000
1269.5218456367797,388.14593134419556,417.05950,4170595000
1213.4177193613605,383.4556673169258,417.28010,4172801000
1170.4710968141142,385.36122120961863,417.49680,4174968000
1150.78094131242,368.0447610990584,417.71380,4177138000
1154.1310376849613,383.9947429757641,417.93210,4179321000
1044.7544483670665,493.31436727599146,418.14920,4181492000
978.7254875926244,545.1974638787707,418.36280,4183628000
985.1608145402022,519.8207762147462,418.58610,4185861000
834.7077006598631,579.5427725201885,418.80690,4188069000
766.2975215603595,568.2745298174699,419.02500,4190250000
808.0605336553857,542.0305098591031,419.24270,4192427000
794.264899396387,535.6004707050813,419.45560,4194556000
830.7270687246574,558.3040712765333,419.67130,4196713000
873.7688924799797,546.6831021317616,419.89130,4198913000
926.5444732413204,539.688036291798,420.11300,4201130000
928.4514840092585,618.9399021602137,420.33640,4203364000
936.3210870154778,708.6878514933509,420.56240,4205624000
1008.9056459753659,749.0591374732289,420.79380,4207938000
989.5498212894862,821.6017898351777,421.01840,4210184000
925.123468236563,824.182148827317,421.24110,4212411000
903.0097385182354,724.1673607696805,421.46930,4214693000
960.4834804252253,612.1027708703642,421.70460,4217046000
1034.8936605444903,570.5345590216773,421.92600,4219260000
1083.8880911570352,495.97572164799067,422.14660,4221466000
1011.667228098035,472.20810977334247,422.37440,4223744000
1076.0808881783628,437.18075033536326,422.60480,4226048000
1088.597197220708,456.212599192155,422.82720,4228272000
1014.3868092526894,578.9955432577372,423.04710,4230471000
1010.9592229008298,528.5637411068711,423.26160,4232616000
1034.6508420686466,553.3335566279939,423.48170,4234817000
989.3397569879639,590.8621099950833,423.69770,4236977000
1013.7427290314218,515.7289179398487,423.92000,4239200000
1051.1270614249327,529.2289155559934,424.13480,4241348000
1089.6486353569635,547.2036114399825,424.35520,4243552000
1106.0050587911558,583.5598025083751,424.58220,4245822000
1012.1522046373044,790.1187394162889,424.79330,4247933000
967.9498135558866,795.0005242101493,425.01340,4250134000
959.6296990552443,798.8206733218333,425.23680,4252368000
970.9739671538921,760.9077256201333,425.45620,4254562000
899.8077867457687,741.1102319188084,425.67060,4256706000
965.167289837851,673.4251917770437,425.88730,4258873000
949.8091787058836,572.4620907500383,426.11280,4261128000
886.1733315961501,528.8271386093256,426.33550,4263355000
883.5005114203402,524.8956064402289,426.56330,4265633000
842.5490586492948,497.34632215697553,426.78410,4267841000
782.9902509402743,570.1054812046495,426.99680,4269968000
786.3475193500003,565.2484179045349,427.21950,4272195000
788.4220118233673,598.8575208124981,427.44170,4274417000
845.4849278512382,604.9639758611688,427.68000,4276800000
892.9188423419612,599.3373519790083,427.90620,4279062000
937.7328814205301,547.7900200099313,428.13800,4281380000
947.2387544637878,513.0766483613819,428.36020,4283602000
981.7681374628662,474.1865543333634,428.57850,4285785000
995.950189348692,447.91212803442403,428.79870,4287987000
954.9811853601832,400.6328008296298,429.01790,4290179000
1000.8538183209046,418.90636535733944,429.23480,4292348000
1050.0147721293104,413.5858688115223,429.45800,4294580000
1041.3446028892304,441.44565991198726,429.67930,4296793000
946.2301170992145,427.9769855212343,429.90630,4299063000
993.9903940272492,517.1179789583027,430.14420,4301442000
992.820152945407,506.9693351957605,430.35710,4303571000
1022.9980918335641,520.6868737136508,430.57910,4305791000
989.6235094790273,543.4522748321558,430.80120,4308012000
901.5129500300387,574.7859756064009,431.02710,4310271000
849.2255467925349,618.6022205574934,431.24700,4312470000
800.1159349899124,582.5982112862883,431.47010,4314701000
722.7183103455473,583.4068661947947,431.70300,4317030000
688.2752449193704,544.1582091778743,431.92470,4319247000
697.5505777385596,571.2277279440418,432.14140,4321414000
590.6735891448972,584.0082074427703,432.35870,4323587000
588.2509751051728,610.6216103519029,432.57770,4325777000
601.1465862855407,650.1586129104172,432.79830,4327983000
578.8308914630475,671.2735786325902,433.02210,4330221000
577.3758874170148,750.0141842756906,433.24220,4332422000
567.9497156511876,842.5388983584928,433.45800,4334580000
613.9002575826906,868.4855537437131,433.67820,4336782000
626.8939749334224,829.6144736572147,433.90070,4339007000
735.604684925195,767.1978869412537,434.12780,4341278000
704.3997017951434,618.7242902135722,434.34990,4343499000
825.8137689687559,460.5609361779745,434.56620,4345662000
748.691209512345,326.93423737406914,434.79330,4347933000
678.7968731162716,261.0929604128591,435.01820,4350182000
720.1135994683355,270.2277117715066,435.23620,4352362000
649.2021657044874,257.50371273196833,435.46470,4354647000
618.9983029499051,208.13109185612615,435.69140,4356914000
591.4030379167424,204.55047121434148,435.91610,4359161000
528.9644728552712,131.19290224309145,436.13070,4361307000
532.7032996698276,112.00588127590093,436.35440,4363544000
603.1974576205282,237.6643955101067,436.57700,4365770000
643.6407144212973,324.60051609144637,436.80030,4368003000
559.6831200245289,417.47160356528144,437.01980,4370198000
624.6627038194915,478.1041668448569,437.24640,4372464000
685.0165594505573,514.7709229933209,437.46830,4374683000
652.7412055388767,474.82346378895977,437.68470,4376847000
597.2492404371592,512.9391889162018,437.89710,4378971000
681.3403992119867,576.6351253666521,438.11270,4381127000
623.0966245200352,603.0588419405047,438.32660,4383266000
699.3571427725459,549.3999331203513,438.54560,4385456000
732.7341591536896,521.083851152167,438.76360,4387636000
674.4173074491266,480.84210826037406,438.98310,4389831000
679.0887970712859,466.76621227974874,439.20480,4392048000
740.875187481616,418.15658259037787,439.43120,4394312000
780.2499154651616,400.3648713734203,439.66230,4396623000
784.6577200555704,487.2904741566957,439.88950,4398895000
792.8989888004681,528.8519930965075,440.11280,4401128000
821.3454656237666,614.4780528890058,440.34190,4403419000
748.7688552742152,591.4111003417229,440.57340,4405734000
741.3374061438251,584.8527904330529,440.79440,4407944000
750.9945337120147,594.9127489440491,441.00840,4410084000
883.4352496082837,637.2560201719723,441.23290,4412329000
915.6922181203604,620.6961313447588,441.45590,4414559000
941.4534267271046,627.3446626308807,441.67910,4416791000
1117.7675805073725,601.1418430191579,441.89150,4418915000
1105.0723023846008,585.560941340969,442.11460,4421146000
1106.0506818192705,631.1885517264732,442.32940,4423294000
1048.7334767085804,662.7146456187858,442.55570,4425557000
994.5689653852189,633.3527157144531,442.78210,4427821000
955.3320721640001,607.8493223318428,443.03470,4430347000
983.9341105499165,618.7783470149544,443.26720,4432672000
1079.896925918711,586.0892399414581,443.50120,4435012000
1139.9954487051584,543.8952794523143,443.72270,4437227000
1078.0298523006643,530.8579290765585,443.94820,4439482000
1033.0400197399938,529.3998029025995,444.17170,4441717000
1073.8323315801802,525.2931294374453,444.39490,4443949000
1055.28724245667,496.02916402114886,444.61780,4446178000
1117.5741383001487,510.2176306330712,444.84650,4448465000
1141.2064609959589,514.3375098361842,445.06310,4450631000
992.0281036442359,566.5299364161336,445.28470,4452847000
967.9712142795007,613.0718001441904,445.50610,4455061000
907.7971330458115,559.8753995116911,445.73290,4457329000
959.0165302038974,568.7764054457541,445.94840,4459484000
1002.6230067633563,550.1351970160559,446.15590,4461559000
1036.9933741510083,563.6835216537041,446.36720,4463672000
926.0066819565382,548.9286590716638,446.58010,4465801000
797.908178035184,516.4032881118517,446.80020,4468002000
739.9255732621992,526.8769264925845,447.02310,4470231000
689.3190299037884,515.800587401173,447.24170,4472417000
692.8228292994247,490.5717841144497,447.45340,4474534000
643.1401637136296,493.4813763673743,447.66340,4476634000
802.7433013547552,477.9946989413738,447.88660,4478866000
797.7113693540235,430.4596952409807,448.10970,4481097000
878.9896978064924,397.4518773190806,448.32610,4483261000
926.6019709073257,475.3538290469744,448.54770,4485477000
1016.6414914293218,496.58579894188347,448.76550,4487655000
997.8733083994503,495.2635273629275,448.98050,4489805000
992.8999887627912,511.7968509539011,449.19970,4491997000
990.4631178066993,540.1498360038896,449.42640,4494264000
932.7483731875254,559.1790411041171,449.64690,4496469000
967.5848837547618,520.1291318142898,449.86740,4498674000
958.7544072046096,470.24042242600893,450.10040,4501004000
1016.9398567768411,434.19571899412693,450.33740,4503374000
1081.587227137939,453.45249127784734,450.55940,4505594000
1034.6145262548907,412.6551501991978,450.77830,4507783000
959.1418902487471,367.4109236939341,451.00170,4510017000
853.2579682917486,347.50080890964125,451.21650,4512165000
842.322831943733,347.8670107616784,451.43170,4514317000
911.7550648136195,436.4543982541038,451.65030,4516503000
859.6294383810482,470.44825171283276,451.86710,4518671000
944.8021737638207,509.68219950816473,452.08790,4520879000
883.1584592646332,495.49703782904675,452.30870,4523087000
849.2336747578779,485.33156546987686,452.53330,4525333000
828.9786756803651,462.2617200601679,452.75690,4527569000
751.449976099317,455.99959903519823,452.97760,4529776000
724.3291186320432,473.91707931530027,453.21360,4532136000
720.7508170281799,521.1399241000956,453.43700,4534370000
822.3324406716373,492.1971210065888,453.66890,4536689000
839.457174080786,479.6671672491492,453.89260,4538926000
901.2931167516512,448.2316652229646,454.10540,4541054000
851.3755826299182,450.7212209507999,454.32120,4543212000
838.1305178877772,418.4740230551854,454.53860,4545386000
775.4235155741013,421.7583248672752,454.76430,4547643000
763.5684031672242,440.30002191655603,454.98110,4549811000
819.5431874552319,457.7585757892624,455.21030,4552103000
770.9351719931376,492.2049192806143,455.44710,4554471000
737.5134006296231,549.1357850870452,455.66960,4556696000
805.4952050832946,554.4684583908104,455.90360,4559036000
794.7012648097868,545.6976081829793,456.12190,4561219000
850.6458472840608,520.3675444104697,456.33780,4563378000
965.345215009296,514.8202554435761,456.55900,4565590000
1048.6718684218677,478.254690175822,456.78560,4567856000
1134.135069756899,422.54898829102507,457.00310,4570031000
1151.5701802535436,353.32834716496114,457.22440,4572244000
1143.784176124416,315.64255585499274,457.44360,4574436000
1085.9003439782775,331.91649318480324,457.66410,4576641000
1040.1063994395524,357.7162304907272,457.89080,4578908000
964.7307467969304,364.25678510394965,458.11280,4581128000
929.1327495477307,326.4842251353904,458.33350,4583335000
949.9511746405501,362.5130576041917,458.55080,4585508000
989.6693784351747,398.18578342038313,458.77100,4587710000
960.6613689901286,456.29202542820553,458.99420,4589942000
987.370962652389,461.06620924228923,459.21810,4592181000
926.128521382879,475.0258843244103,459.45310,4594531000
895.6179633467382,516.7695044888092,459.67130,4596713000
858.7937481675497,590.1610848150084,459.90030,4599003000
860.1691590651056,637.3071070921546,460.12020,4601202000
791.0658720150119,654.0806344764384,460.36600,4603660000
757.299826242089,628.1463692399839,460.58020,4605802000
781.485406777087,632.5605274272596,460.80640,4608064000
842.8446611910304,594.0248636734586,461.02240,4610224000
857.0083601407568,533.0757574305114,461.24640,4612464000
824.7704184140412,490.89548247310034,461.47470,4614747000
771.881812321741,486.5052007309136,461.72160,4617216000
735.7221684248566,457.586535914569,461.94970,4619497000
728.1846055971653,496.20557198025494,462.18250,4621825000
618.1672090842134,486.588807908562,462.40690,4624069000
680.2507255627927,502.3869179248719,462.62180,4626218000
743.6687596666691,515.5484591287303,462.83630,4628363000
745.4243104450918,493.6688764545803,463.06920,4630692000
771.9399891599965,520.5327578386757,463.28260,4632826000
701.3714073192389,517.239357190635,463.49400,4634940000
796.1542810515652,520.26328303116,463.70370,4637037000
780.1520633931027,535.2860020772088,463.92140,4639214000
758.7685134174253,555.763033462963,464.13460,4641346000
848.8725630632533,587.9726063229482,464.35480,4643548000
837.081621054174,655.2536288358247,464.57500,4645750000
825.337391395552,696.6792812798222,464.81220,4648122000
781.0759436805051,676.9432400067948,465.04940,4650494000
803.2267669842411,635.9748727685874,465.27500,4652750000
764.9084806580819,648.3315334589872,465.50370,4655037000
870.8195610244363,637.6208247159259,465.72750,4657275000
949.7884057101037,588.6306155311257,465.94170,4659417000
978.3436625776907,538.5613986103292,466.15460,4661546000
1052.430689130184,593.9667485350797,466.37060,4663706000
980.6058067332768,635.6613610100968,466.59020,4665902000
961.0786928552628,674.7977060088216,466.80550,4668055000
942.7355303258112,677.8098548964655,467.03070,4670307000
908.7195009368354,717.0799519445585,467.25170,4672517000
884.1117284302471,716.3808836583729,467.47450,4674745000
855.8769976001857,696.1259623415766,467.71050,4677105000
1026.7649793170972,697.4518819955267,467.93210,4679321000
1080.7441843389433,634.7026561434321,468.15210,4681521000
1151.669719093737,533.287374663979,468.36810,4683681000
1096.3934760311554,520.5659351914611,468.59140,4685914000
1140.080270074217,544.0573556438211,468.80800,4688080000
1201.578225963826,483.3297075888206,469.02100,4690210000
1186.4487531923528,510.74639234658144,469.22890,4692289000
1123.8387122444765,511.5871261232687,469.43730,4694373000
906.703830689009,519.9324132063359,469.65990,4696599000
961.127773608922,513.7621707246458,469.87090,4698709000
899.5096583676877,527.9177479448434,470.09540,4700954000
876.0895898774619,544.6755880674474,470.30650,4703065000
966.833308478983,536.3271162634529,470.52880,4705288000
997.6369560311495,557.5848545219706,470.76200,4707620000
1020.089298278751,583.4615625377605,470.99130,4709913000
1077.7752399432113,648.9903707388308,471.21560,4712156000
998.0711776458104,514.6166375953861,471.43160,4714316000
928.9203101290747,421.0280414033517,471.66000,4716600000
900.3998033122167,469.3186619307652,471.88330,4718833000
762.0438925811587,391.8082154058539,472.10950,4721095000
639.7445706674338,356.67630883512635,472.33120,4723312000
549.684092100381,348.49497483870044,472.55440,4725544000
465.76958377006866,238.88585666970272,472.77460,4727746000
527.8395448916305,184.92435184459382,473.00010,4730001000
676.5770017416392,182.9136839830087,473.22130,4732213000
835.1909578792529,238.2251180694829,473.45390,4734539000
1116.5263881816438,234.8852950499868,473.67950,4736795000
1231.0404371689588,240.9332559261652,473.90430,4739043000
1209.697538353046,205.75988644299568,474.12960,4741296000
1352.6911247916562,201.1220471818989,474.36170,4743617000
1394.4681743781814,127.54979117926561,474.58080,4745808000
1495.4763026122164,123.68879802608913,474.80640,4748064000
1586.5073954101022,153.9142134944721,475.02250,4750225000
1475.2338544092374,191.84539864855228,475.24850,4752485000
1170.9116853774913,305.8726934480841,475.46970,4754697000
806.3355457876689,294.4996420659209,475.70500,4757050000
683.8020440166625,292.2870548998646,475.93130,4759313000
501.1037095697077,262.15436798346803,476.15350,4761535000
413.5263088437141,200.36788800382746,476.37960,4763796000
462.3354594276377,147.12017852352898,476.60060,4766006000
385.22668164892366,164.76015360418054,476.82610,4768261000
386.1483145725232,197.1029997935133,477.04170,4770417000
395.45541713130007,298.9765498370401,477.25590,4772559000
384.79240004860014,400.8775103779199,477.47070,4774707000
363.0704039574968,366.4917383628226,477.68490,4776849000
473.16581371147925,307.12893896938783,477.89990,4778999000
508.3506541767424,300.84055093615495,478.11490,4781149000
562.9090833475005,268.4620505809279,478.33040,4783304000
606.0984606682821,205.20351775706214,478.55320,4785532000
692.7258763631792,147.97262719354194,478.76950,4787695000
809.2776368024773,176.99346151098118,478.98900,4789890000
1004.3602798152826,212.32723060271587,479.20980,4792098000
913.8374564483952,246.47119555871728,479.42810,4794281000
872.5052856779569,311.535295840179,479.64710,4796471000
743.3364948231729,299.37983772931375,479.86460,4798646000
792.5866409987823,352.9448229344076,480.09480,4800948000
877.7998177609688,457.27894272173364,480.31880,4803188000
1165.7665799760985,411.8886346993571,480.53730,4805373000
1113.3710984009383,336.3761554525754,480.75760,4807576000
1039.8240693779592,309.0036176329319,480.98660,4809866000
987.372650541934,254.5028722414606,481.20680,4812068000
929.4460123113745,316.1724279582365,481.43630,4814363000
823.4324316451633,308.4168890720389,481.65860,4816586000
816.2098748316732,302.7307316990101,481.90160,4819016000
801.1136745492639,342.1411029511429,482.13730,4821373000
816.9061625006653,417.36384230716595,482.35540,4823554000
751.6910559579173,454.0356662747981,482.57660,4825766000
841.4266686580833,507.26355954149307,482.81230,4828123000
926.4333176569094,524.2216393610694,483.02720,4830272000
1027.59509460361,530.967089064675,483.24800,4832480000
1016.1905436455826,449.3258794309602,483.47000,4834700000
934.8073975036483,385.73856163081246,483.69500,4836950000
883.2881072584009,378.7494523930141,483.92310,4839231000
852.5890812013877,410.82822474940286,484.15700,4841570000
750.2431098888005,401.29218355153097,484.36870,4843687000
715.9535442659246,451.7970244963484,484.59510,4845951000
852.0866306610372,512.1518580687466,484.82590,4848259000
873.4003692483825,520.328785195975,485.04070,4850407000
966.0899055281236,533.4909584341277,485.25690,4852569000
1024.8746705555836,496.3001157584207,485.47590,4854759000
1015.6375049057386,482.5314083580442,485.70100,4857010000
1004.9243309656855,427.7657598501409,485.93390,4859339000
958.6968053263743,457.56864507729216,486.17630,4861763000
911.5611746852412,441.4137888974216,486.40640,4864064000
834.5735121361662,411.2380563423629,486.63500,4866350000
844.0611503846749,402.3876824972084,486.85850,4868585000
739.60589273318,384.38591667433434,487.08210,4870821000
736.0163390107787,362.8247821833596,487.30600,4873060000
812.6911918564456,411.441980968499,487.53820,4875382000
853.3310326888682,444.8152161721756,487.77130,4877713000
865.3384336135696,403.5038450318571,487.99070,4879907000
906.3813858846934,365.89718202141773,488.21320,4882132000
1002.0091180766493,397.63062913513625,488.43880,4884388000
1020.6301517689502,392.05080440167177,488.66600,4886660000
1029.1023579420732,370.03698210772956,488.89350,4888935000
953.6159213048827,375.19847902416313,489.12560,4891256000
944.1140664797891,343.5881364414981,489.36480,4893648000
947.0252114897272,330.0005827826968,489.60080,4896008000
863.6285161021265,293.2020839790998,489.83080,4898308000
827.252403199294,361.34446987079355,490.04880,4900488000
795.6615651276015,350.3497701088438,490.26960,4902696000
791.6101118236679,380.10632230599253,490.48480,4904848000
729.6024695930544,357.5195420329213,490.71750,4907175000
704.2175930495889,399.29339127168714,490.94560,4909456000
729.8665108517438,377.37772781272713,491.17140,4911714000
803.9258678419337,379.10899181444677,491.39800,4913980000
803.1608360886386,321.0501797554835,491.61860,4916186000
785.4346126590403,287.26973994621284,491.83730,4918373000
823.1541067784572,306.7991050731868,492.06440,4920644000
821.6475884236919,420.50468963620665,492.28710,4922871000
904.127559251401,425.2942865072388,492.50910,4925091000
941.8593119392816,421.30036924606645,492.73710,4927371000
972.6383971161475,417.53971040873927,492.95820,4929582000
1008.0967808814062,401.39461070649065,493.19180,4931918000
1018.5187557448297,391.15019932227455,493.42020,4934202000
1048.4795809331918,362.74688048095794,493.65780,4936578000
1092.6277056975878,355.7718795332822,493.88170,4938817000
1092.3996770532933,373.00533106124044,494.11010,4941101000
1018.4736587468391,348.5854216318096,494.33100,4943310000
951.1617389480833,333.15238073768376,494.54970,4945497000
942.6436690785466,339.10648302838877,494.77030,4947703000
926.9948274829134,333.5913120178853,494.98850,4949885000
952.9884244586585,355.5499172818956,495.19720,4951972000
984.46250055103,356.9146746918868,495.41850,4954185000
1011.1444472493603,342.4201996717035,495.63670,4956367000
984.7719718141186,292.95217159294845,495.85790,4958579000
964.2026471103059,278.9049122544737,496.07470,4960747000
970.0673132595845,238.18591278066276,496.29010,4962901000
994.3327028189946,275.1127409526157,496.51170,4965117000
1026.0008507435148,342.1812671482656,496.73260,4967326000
972.7246643672798,350.7677779670248,496.95270,4969527000
965.583500034209,410.7222448627048,497.17030,4971703000
919.9113213653382,397.016222831256,497.40070,4974007000
907.0102104024173,448.2693670561997,497.61770,4976177000
888.4123180039559,633.1930803035443,497.85580,4978558000
930.2077274862595,693.3859787694986,498.07570,4980757000
947.3318103318225,629.7628638549027,498.30210,4983021000
946.2546986486378,524.6886346238642,498.51840,4985184000
971.503146788262,429.64771675850074,498.74130,4987413000
953.1946398499613,429.13704108181395,498.97100,4989710000
995.8397035184516,401.0587060861059,499.19680,4991968000
1059.003960940828,364.8625695034507,499.42170,4994217000
1044.4125661147273,333.1186938569493,499.64530,4996453000
1021.1341547809681,358.7333220741949,499.87330,4998733000
1020.0294207815963,333.68973029976644,500.10180,5001018000
1035.4718466121494,257.5389480111492,500.33340,5003334000
1065.0947306865123,261.9902792250792,500.55550,5005555000
1108.9443202341822,309.6022384577561,500.78280,5007828000
1073.1495361404195,304.72831650410654,501.00500,5010050000
1111.977581447093,309.08756304084307,501.22040,5012204000
1133.4407635232774,311.03267509361757,501.43440,5014344000
1073.1297877769725,309.41343959477604,501.67890,5016789000
1065.3718795394564,295.73371789396157,501.93000,5019300000
972.9354004568613,291.3796848718294,502.14620,5021462000
1060.729033353856,270.7730298615276,502.37340,5023734000
1054.9305860538207,272.97047849635373,502.59350,5025935000
1006.8574267206048,325.6934507177356,502.83460,5028346000
1058.5537116880378,315.4609610294206,503.06050,5030605000
1098.5261764852364,327.137908026698,503.28360,5032836000
1220.7202355836282,352.9471679467876,503.49910,5034991000
1282.0913660116805,331.95793823490834,503.72710,5037271000
1276.9999161188707,346.16749186356503,503.96600,5039660000
1202.2361056146108,371.38660421988243,504.21920,5042192000
1254.677837650402,365.449688915758,504.45030,5044503000
1214.8942938876241,385.0094677815498,504.68060,5046806000
1191.265075111732,422.0126396134679,504.91290,5049129000
1144.109737159512,330.9569932378523,505.13450,5051345000
1140.0439046564209,335.73181853344124,505.35660,5053566000
1147.2874329936178,364.0358801194473,505.57220,5055722000
1122.5244691997982,389.1638703719642,505.81270,5058127000
1095.7448715372147,379.6628723404167,506.03640,5060364000
1058.2040918124762,358.1330721178273,506.26180,5062618000
948.5303152405529,351.75973174672237,506.49540,5064954000
895.2732264986423,348.4840321014112,506.71790,5067179000
924.0580062432214,383.5369291930314,506.95440,5069544000
910.2078021922093,341.5413587814932,507.18210,5071821000
942.317938291405,327.38801685435095,507.40550,5074055000
939.5419422224893,302.0851940511022,507.65950,5076595000
927.6675053242357,316.1740291106186,507.87240,5078724000
979.595004844792,339.2331394313148,508.08940,5080894000
1034.2025335622022,305.1618480674915,508.32130,5083213000
1012.278789655728,305.28797786943665,508.54350,5085435000
1003.6421445604666,310.976617364672,508.76510,5087651000
1054.4164895457652,363.69916883937964,508.98480,5089848000
1029.4643820732767,395.5091283210553,509.20440,5092044000
948.7118777804169,395.77324997297046,509.43580,5094358000
906.9323296427962,405.1540979973282,509.65780,5096578000
962.5175509732384,405.16554124827394,509.89550,5098955000
969.2435620749021,355.05129019698836,510.12160,5101216000
995.8032060674602,343.0774524147249,510.36220,5103622000
997.9531917610858,377.8402745065787,510.59310,5105931000
1024.9297906154952,351.74237360162726,510.81770,5108177000
1081.3857229411683,290.01593258284527,511.03630,5110363000
1101.2366342498342,279.3607892013216,511.25370,5112537000
1092.5172230332114,299.52444340926627,511.47760,5114776000
1098.1399331780156,369.69951486810317,511.70000,5117000000
1048.5605161625767,332.41700463292796,511.93700,5119370000
1005.0150160932561,382.5636292878145,512.16580,5121658000
981.7436424325394,459.0727516174925,512.40010,5124001000
959.9742359660163,415.2692542262296,512.63790,5126379000
976.1601292539966,386.3100316568137,512.86420,5128642000
1019.8658036808293,385.3983445970871,513.08580,5130858000
1002.2401457939148,356.3480525049131,513.30200,5133020000
898.1305139830063,415.45329492154815,513.52260,5135226000
863.7255938249422,461.03418292215525,513.74430,5137443000
813.8857225179911,447.7452646143523,513.97210,5139721000
831.3057867846867,471.6929799734201,514.21180,5142118000
800.9352227050234,435.8650607885179,514.44800,5144480000
787.336173906243,460.7209287821342,514.67010,5146701000
768.0508255476847,370.4487641066764,514.91330,5149133000
825.4843640735796,392.38196854275765,515.12690,5151269000
886.3732172683011,391.73579073448394,515.34740,5153474000
918.5456093774314,364.3270876833839,515.56260,5155626000
908.6621409608096,325.3789955290638,515.78760,5157876000
997.3224928886892,358.43461631672716,516.01410,5160141000
954.6432065482974,340.44278298216466,516.24500,5162450000
998.5928131858467,369.6459535324065,516.47260,5164726000
1006.4909249697428,357.272536419307,516.70000,5167000000
1067.1543114000785,340.8784290778075,516.93050,5169305000
1104.9837147191415,300.05429663777,517.15460,5171546000
1141.6993583528006,297.5787101615551,517.37660,5173766000
1118.5413209428718,293.76068781525976,517.59560,5175956000
1033.5197883092656,211.45763122447067,517.81240,5178124000
1031.250803983477,208.91212730411533,518.03390,5180339000
991.9249770574429,198.20794329227905,518.25630,5182563000
1020.1043520336307,209.85478926517254,518.48190,5184819000
1016.0620122601744,293.7869980415843,518.71080,5187108000
964.7036616977483,351.5429398082954,518.94240,5189424000
960.0889483096172,378.62059698337464,519.17210,5191721000
942.9416061523311,388.6321578434972,519.40690,5194069000
901.9948422492174,396.9503068930537,519.64400,5196440000
955.091324364559,425.87176797709503,519.85880,5198588000
987.1214363811914,463.74824422030696,520.08110,5200811000
998.5395261961133,481.2112612343061,520.30580,5203058000
992.3539604605585,517.0480332724305,520.54020,5205402000
1009.7747557604861,541.0357832292589,520.77020,5207702000
1029.0999345657765,586.8435897287522,520.99750,5209975000
1048.7316423653876,586.4997448068559,521.22470,5212247000
1052.1394093019192,670.0435822861396,521.45700,5214570000
1012.4803763469505,674.3108047198615,521.68110,5216811000
1015.3377829726343,643.3705550570435,521.91750,5219175000
1010.1213088335171,583.7326451215399,522.14320,5221432000
1053.4874920653601,568.984803549977,522.36110,5223611000
980.1723296274281,540.8406946711958,522.60830,5226083000
934.3953187742167,551.914302545524,522.83410,5228341000
927.2505854260594,427.25417648112705,523.04840,5230484000
953.6265667286566,388.7853496240573,523.27240,5232724000
875.9874098609611,350.8455368091712,523.49970,5234997000
717.1474451540802,334.62834458419184,523.73820,5237382000
604.6180796533815,444.9833571830476,523.96630,5239663000
532.5609040066813,335.64131283734616,524.20550,5242055000
593.0107848328103,273.1001231180751,524.42760,5244276000
556.3221157169471,181.48115837796038,524.65350,5246535000
638.767560283367,273.17019729301893,524.87290,5248729000
706.037048817187,243.5879117828867,525.09630,5250963000
785.6255085327095,256.63833899635245,525.32270,5253227000
880.5272178664634,210.88673189501,525.55060,5255506000
1028.6301289744408,250.45497161196278,525.78150,5257815000
1003.7750541379552,306.82536771661955,526.01460,5260146000
807.7576844498137,270.23629549115054,526.23930,5262393000
686.146595029183,321.7978876846243,526.46940,5264694000
555.7190169823251,311.5129489685478,526.70860,5267086000
563.2163335892187,344.00796367552994,526.93400,5269340000
541.1397129151671,435.60856552069816,527.16110,5271611000
539.4758308776308,378.7980495250763,527.39840,5273984000
558.9349048179135,362.40727535400794,527.61460,5276146000
586.1888210860835,360.4594270678223,527.82800,5278280000
427.4608079741862,340.8333690814667,528.04800,5280480000
400.1106255195358,311.2511757449695,528.28520,5282852000
316.02092235029676,270.7096824651198,528.52900,5285290000
417.56871774120043,395.3937498435563,528.75020,5287502000
501.90563500107527,297.33582154766543,528.98450,5289845000
451.94938667481466,250.52940472769785,529.20170,5292017000
451.4925662389214,238.13039093674976,529.42110,5294211000
519.287122614467,271.89449786796433,529.63150,5296315000
556.7272436202646,384.16025598397414,529.85220,5298522000
545.6017513799271,356.6600971390628,530.06990,5300699000
523.2242660587251,365.1316309802375,530.27790,5302779000
445.01618582219294,350.68040646018034,530.49120,5304912000
439.42063617360833,288.1798210414506,530.70740,5307074000
500.030032239743,316.05530774345874,530.93530,5309353000
527.8377931225734,235.2632407896229,531.16140,5311614000
513.9988335682986,125.63725982420337,531.38690,5313869000
509.3110800842798,202.22754041605367,531.61990,5316199000
493.0850910955283,117.60666027482891,531.84380,5318438000
531.2836686204771,117.95194478713472,532.07200,5320720000
522.0757499964474,90.20256328708503,532.30140,5323014000
556.4301335823814,70.10496823865535,532.53040,5325304000
576.483945138864,230.69927659762908,532.75930,5327593000
572.5834567118361,171.92284358623954,533.00950,5330095000
493.92359467194467,148.6819418710546,533.24650,5332465000
550.3212199904302,90.80352032533492,533.48580,5334858000
487.42534655840893,101.96837673177123,533.71400,5337140000
440.3675986834486,99.67825997324454,533.94020,5339402000
620.6818440342848,81.5982645068164,534.16290,5341629000
639.8018769129777,16.72253384666775,534.39950,5343995000
621.4871695330417,113.48841210633607,534.65120,5346512000
573.9243630660404,157.52330927656718,534.87830,5348783000
569.6211288008413,71.81226461467756,535.10270,5351027000
563.5727039748757,-15.81709956284719,535.32990,5353299000
641.4813281726981,-20.03912804236521,535.58020,5355802000
630.1887795751537,4.801552697069731,535.80980,5358098000
572.117751121033,-4.0260018557222494,536.03930,5360393000
630.9296602987891,99.9221490038565,536.26370,5362637000
704.3830323423057,189.2468519799894,536.49410,5364941000
902.8512539815563,301.360745008787,536.71780,5367178000
966.4737228234063,289.8501324268875,536.94480,5369448000
838.337485680833,299.65795597118904,537.17600,5371760000
804.6781704163808,251.1339563119966,537.40790,5374079000
790.1867559489665,220.82925390055067,537.62910,5376291000
710.2121726516798,154.63036233615597,537.84510,5378451000
648.580671819835,158.367842528112,538.07360,5380736000
566.3551619782124,376.6794376379114,538.29030,5382903000
570.707270427968,439.88689381874656,538.50890,5385089000
621.5564431514521,403.8719317607478,538.72560,5387256000
643.6683514461071,499.9233309000937,538.94280,5389428000
704.5452791588186,565.4964444814782,539.15870,5391587000
684.5235102632856,653.6761008286703,539.38050,5393805000
638.0777152553839,628.6496118999701,539.60280,5396028000
709.6285543105087,554.4677057174888,539.82530,5398253000
726.0508332487814,509.8651634771323,540.04080,5400408000
853.9585042758143,488.08886348859926,540.25790,5402579000
990.616581568207,459.32068987095954,540.46990,5404699000
1096.0366022861833,390.8574477677611,540.68250,5406825000
1137.6941848171884,269.5932035673683,540.89350,5408935000
1191.3508326548645,314.24474924300324,541.11340,5411134000
1101.2288627911657,260.7624041525356,541.33720,5413372000
1037.7553959339612,243.0366477749891,541.55520,5415552000
983.8832072617769,197.4468040203789,541.77350,5417735000
1144.1581120018266,226.76959912137858,541.99020,5419902000
1187.44849400566,186.4419840291059,542.20410,5422041000
1238.0676787333832,163.45801306026627,542.41690,5424169000
1242.3221921315678,174.46042714899008,542.63450,5426345000
1061.5696033368438,284.8028365067353,542.85310,5428531000
846.5360145726655,270.1961331378513,543.07090,5430709000
730.4993614561818,318.40521840243883,543.29060,5432906000
556.1719215437636,316.14627470202714,543.50730,5435073000
450.6623157554717,272.795427370291,543.72420,5437242000
420.2032955342232,245.45742777428478,543.93960,5439396000
353.70375271351855,205.8743823849345,544.16220,5441622000
427.5528080637022,220.18430854420973,544.38310,5443831000
403.74704014008876,229.0666217167055,544.59730,5445973000
445.57662621974873,190.25465937167795,544.81040,5448104000
606.9682459058765,150.67968149625176,545.02110,5450211000
527.0300496325076,142.1852248662609,545.23550,5452355000
479.50978458943644,159.83443773964223,545.45810,5454581000
522.4033139494804,154.8574702059831,545.67540,5456754000
564.7576704444764,143.7332945460289,545.89520,5458952000
681.5304996743638,169.72237312571158,546.11810,5461181000
825.1097758703314,195.1203892335952,546.33590,5463359000
875.8977672305977,189.8570434158109,546.55190,5465519000
994.3253287197639,181.5993513436081,546.76450,5467645000
934.9742451018853,299.14938923567416,546.97640,5469764000
865.7852996395733,293.99065664652613,547.19680,5471968000
816.2664868729138,342.1643120786689,547.41100,5474110000
838.6060638424882,366.4270596765761,547.61880,5476188000
874.2353981175162,356.9520799667731,547.83810,5478381000
923.7985211803428,392.51105517291853,548.05870,5480587000
873.2801680214086,336.24240836593435,548.28580,5482858000
877.6312494403651,285.5829849982089,548.50260,5485026000
907.0390186408288,237.55115699348494,548.73070,5487307000
813.8729936042187,227.538357199766,548.95390,5489539000
692.3131525117063,169.4927295841075,549.16980,5491698000
727.6689210358444,186.32014814899753,549.39300,5493930000
748.1654414635859,213.18700806907583,549.61960,5496196000
696.6912992193373,189.6608648133388,549.83530,5498353000
631.3578045189895,289.6315442023546,550.05180,5500518000
683.2191986410605,295.1899757944666,550.26230,5502623000
664.9132287610014,231.22150482156462,550.48310,5504831000
583.8689434238692,238.00974866568077,550.70100,5507010000
501.6957531401952,339.92255675541986,550.92140,5509214000
500.8616519227694,393.7605328686493,551.14230,5511423000
644.7699925193047,389.5367074267986,551.36870,5513687000
751.8052055368898,372.97125149656233,551.58910,5515891000
805.495451265898,346.8493287067914,551.81600,5518160000
992.5982984581758,351.6355080331734,552.04870,5520487000
1026.8076831555818,340.6696088306627,552.26690,5522669000
1037.113882737185,403.7457880539762,552.48890,5524889000
945.3832153033919,611.4399660013908,552.71460,5527146000
782.1475571027031,714.9221529802156,552.94470,5529447000
621.5885312451502,702.689429371594,553.16810,5531681000
470.5841980699813,639.4655278157802,553.39860,5533986000
367.70715584591835,555.429541155741,553.62360,5536236000
297.5604327543127,470.91696420987523,553.85570,5538557000
233.37107607333272,381.57490984085234,554.09260,5540926000
246.43409692391276,327.9234637955946,554.32160,5543216000
236.78378064913656,354.7185116971301,554.54260,5545426000
270.18531883369644,453.90689203093604,554.76910,5547691000
346.58309385879113,443.66457805800155,554.99080,5549908000
327.1104935767082,390.01348805902927,555.21070,5552107000
408.04629219244725,394.93235761716227,555.42960,5554296000
447.73337294394,338.2654967754034,555.65230,5556523000
553.8381877542765,396.0054429460167,555.86640,5558664000
689.0148590641238,448.73283080435067,556.08950,5560895000
791.707199304111,472.9549595328762,556.31130,5563113000
850.4461670889341,514.1397067613802,556.54290,5565429000
845.3341476793937,501.11490973956296,556.76660,5567666000
868.1987547255868,497.4603311378952,556.99130,5569913000
840.9119567548205,468.1914712174256,557.21420,5572142000
847.7243388425617,464.7399811875178,557.44300,5574430000
836.7372615481879,465.0100879122517,557.66730,5576673000
924.0496672628182,530.5614479796174,557.89190,5578919000
905.7824625194813,401.1463126623462,558.10700,5581070000
867.0235571912286,358.51393918435963,558.34670,5583467000
769.7839528908883,262.20823333154334,558.60080,5586008000
803.9378707343644,287.0159521623171,558.81980,5588198000
822.3638808762752,363.0177620412729,559.03300,5590330000
840.131562673602,359.162019264356,559.26030,5592603000
833.510345368555,415.35599040642813,559.48400,5594840000
892.305306059271,363.70545067720985,559.71160,5597116000
927.6306290511139,353.87073557169117,559.93600,5599360000
891.8372069017119,383.66962621674116,560.15140,5601514000
930.5201033060644,375.280345873665,560.37480,5603748000
914.3088410606922,366.29236784859785,560.59660,5605966000
910.8560183303873,392.27424862086787,560.81760,5608176000
827.4002241886225,450.47229908425055,561.03690,5610369000
692.1047820816258,403.92946614039215,561.25440,5612544000
647.4875828388715,404.8044718925193,561.49290,5614929000
655.4304031804506,403.76895641603767,561.72050,5617205000
702.3422407927445,423.3729436582355,561.94270,5619427000
799.5502918534489,423.1417039057452,562.15680,5621568000
856.1392785014062,396.57885144432714,562.37330,5623733000
908.0048882627455,446.37601961903465,562.60970,5626097000
910.7301121352907,471.5582910837927,562.84760,5628476000
917.5917008359319,498.77129282349966,563.07370,5630737000
925.6086779637557,510.90705388060053,563.29670,5632967000
1007.7770886525661,530.8627600836222,563.51790,5635179000
952.0791987125239,519.5150760237757,563.75490,5637549000
800.5280678596349,442.42720580871213,563.99530,5639953000
790.7838208954394,433.40764528817624,564.21180,5642118000
817.1944280883487,425.61463434779336,564.42880,5644288000
821.1534221681455,390.1668383383904,564.63940,5646394000
767.1558867424328,393.035676590572,564.86980,5648698000
666.8528120268086,369.05813609593736,565.09970,5650997000
515.7147932423007,336.9678486554221,565.32470,5653247000
432.2526835356978,285.69471125908296,565.55440,5655544000
444.82271312341885,394.89034278961,565.77650,5657765000
541.2528742127491,496.13960751106873,565.99880,5659988000
567.3535800901133,522.2438470463559,566.22680,5662268000
599.3910506088255,557.0902046824721,566.45420,5664542000
681.4932221857548,526.4294367742684,566.68290,5666829000
832.0841440258495,468.0499186738654,566.90930,5669093000
917.4333376814233,410.779434099298,567.13260,5671326000
969.7563158394368,331.5675033269885,567.36330,5673633000
1008.7506087757315,345.40904286768057,567.58910,5675891000
1080.654546406188,353.198591230455,567.80400,5678040000
1152.5397732416031,386.183546324968,568.02260,5680226000
1053.2152210395002,389.9759823027789,568.24600,5682460000
993.1877510565024,380.26103847440766,568.46980,5684698000
1021.6765695411477,389.29796115489256,568.69980,5686998000
1033.171921492424,401.5722933310403,568.92420,5689242000
998.554443973552,420.3102764538031,569.15200,5691520000
994.9475572532356,373.11658994605705,569.37680,5693768000
988.4408712786724,311.9658069378708,569.59460,5695946000
865.8038809180453,275.92169706301485,569.81730,5698173000
837.5470615090273,340.69802354918534,570.03160,5700316000
834.0816250796623,304.172310657488,570.26170,5702617000
783.3376204140326,414.6634470501756,570.49530,5704953000
789.2704462119799,390.7820645453786,570.72840,5707284000
845.031664058067,412.39695516091376,570.96200,5709620000
824.4016613044971,489.20903949526513,571.19260,5711926000
912.1811422365163,482.305146354023,571.42230,5714223000
948.9446946374833,474.23930305979366,571.65490,5716549000
932.3465093746245,427.64532909464043,571.87740,5718774000
903.6393320355493,427.7086606943186,572.10160,5721016000
883.1679944923518,447.1982813188929,572.32460,5723246000
924.7408064950043,419.10689267499856,572.55120,5725512000
957.1377259287086,427.99616081108945,572.77230,5727723000
851.1844106040088,466.7745704536484,572.98690,5729869000
803.0365366055362,457.7771042387514,573.19830,5731983000
969.0285825944154,488.13499922880635,573.41150,5734115000
1073.2745231233641,482.5912185911728,573.62000,5736200000
1151.0288899520206,439.54201340042675,573.83210,5738321000
1113.374240319766,376.09640785025766,574.05280,5740528000
1079.3465110278373,352.6768241948772,574.27630,5742763000
1042.2941627263133,328.21479452260706,574.49640,5744964000
1007.3091953839643,279.0018989228956,574.72100,5747210000
984.9052613026635,260.770208148736,574.94780,5749478000
955.5852910525514,314.74157250786186,575.16710,5751671000
973.3827606387165,274.3379870049022,575.38410,5753841000
928.2990552853851,505.01069343299514,575.59580,5755958000
943.456842231801,492.4111613489077,575.81230,5758123000
918.4064151409466,491.3515160040952,576.03110,5760311000
902.4671204784395,442.8746773070629,576.24930,5762493000
880.4662299511075,438.4302799608079,576.46380,5764638000
945.5631054511375,416.48664200316347,576.68700,5766870000
930.4874561272397,355.7592135719749,576.91130,5769113000
951.9597525420388,312.75535627852315,577.12280,5771228000
840.1294294794097,326.9396762464301,577.33380,5773338000
777.8974562032648,359.690666745842,577.55090,5775509000
682.533573735093,270.59947570867666,577.76820,5777682000
557.4353022122972,306.22244992959367,577.99240,5779924000
552.2378004935777,307.4554995444923,578.21470,5782147000
581.1519187590593,275.95651938597695,578.44480,5784448000
595.421402561802,302.0522489700926,578.67730,5786773000
604.4297452102988,247.1816132842281,578.90990,5789099000
672.3290467322917,163.6893380937793,579.14080,5791408000
648.140218623149,144.64806777275012,579.37540,5793754000
680.5610512401742,111.97391767850539,579.59630,5795963000
727.1308407727481,133.85352158306785,579.81310,5798131000
761.7417586095302,172.43872871027284,580.03230,5800323000
718.3573770271494,408.4374760258507,580.24990,5802499000
895.2857365913935,444.8889542607053,580.46900,5804690000
1014.1072249999182,455.70386267856674,580.69460,5806946000
1108.5694057587525,438.04401696262516,580.91360,5809136000
1153.3074004898583,337.0830326236505,581.14530,5811453000
989.474388402909,318.64721555767807,581.37420,5813742000
963.284140268292,287.6112916989684,581.59360,5815936000
854.080590001243,226.83661060007637,581.81980,5818198000
708.5387857403566,207.238767306381,582.04740,5820474000
621.2848636749171,160.75906154042588,582.27160,5822716000
650.0346037675768,183.90877802048425,582.50010,5825001000
881.246099378794,120.73774249607546,582.72840,5827284000
996.5900326742859,150.70445040162474,582.94730,5829473000
1095.690103638685,167.25310934764443,583.16500,5831650000
1179.7502547391114,211.84134469498787,583.37860,5833786000
1091.990167055896,349.90526174310514,583.59400,5835940000
1161.2594885649196,371.2809471230286,583.81010,5838101000
1142.2275758433075,430.092953672317,584.02290,5840229000
1314.345734850321,497.1567672184488,584.23740,5842374000
1338.8834785875995,486.04993025018024,584.46570,5844657000
1233.628779859432,461.19548680505665,584.68960,5846896000
1143.2562966013916,419.8968596880095,584.92550,5849255000
1115.4197019979515,397.67128498598083,585.15140,5851514000
1241.55567205952,397.6396102288835,585.37140,5853714000
1250.4756896516735,309.6986407593189,585.59230,5855923000
1128.8127278297256,379.2558102835563,585.80590,5858059000
1020.8857372746712,528.764092980196,586.02590,5860259000
925.672183879801,587.3282812974813,586.24860,5862486000
948.4995102479152,618.9542261012938,586.46590,5864659000
980.2951114352486,651.179411189582,586.69330,5866933000
996.2906450358045,767.3684470972802,586.90650,5869065000
1003.946230976926,829.5247565739003,587.12370,5871237000
1005.8239592520299,801.108388541374,587.34150,5873415000
1013.7439335731094,763.9502631192689,587.56070,5875607000
948.3869322398153,646.5534425225122,587.77420,5877742000
876.2514793747002,599.5725144690209,587.99700,5879970000
711.4543874100694,478.22082428978763,588.21710,5882171000
506.31305200644033,387.9227660620424,588.43540,5884354000
659.7875389389906,388.28324779927954,588.65570,5886557000
792.1149143801741,355.6219780236355,588.87350,5888735000
838.0670064960135,333.5864078436727,589.09010,5890901000
842.0541015066932,330.6107897328201,589.31170,5893117000
919.357249904498,312.0580585439996,589.52100,5895210000
886.9462222246872,266.76091171054503,589.73030,5897303000
909.6657375139781,236.32806297354213,589.95400,5899540000
823.7432832020046,251.09993737570264,590.16480,5901648000
928.8768990756882,274.00672525668574,590.38330,5903833000
951.4581947048337,280.08923707974304,590.59250,5905925000
1098.2677878470784,333.4226623193574,590.81570,5908157000
1176.1630464528066,347.80146591844897,591.02800,5910280000
1151.5827400372514,489.7232831356637,591.24360,5912436000
1296.662590766245,502.4144756010755,591.45760,5914576000
1401.7469785308685,470.915101239328,591.67410,5916741000
1319.8636779357973,539.9450103835513,591.89260,5918926000
1322.255680668133,562.6243075228807,592.11610,5921161000
1369.0463608575806,521.3983492934988,592.33020,5923302000
1360.4346574203269,463.5167777428147,592.54500,5925450000
1352.0794448601769,492.52095452501254,592.76260,5927626000
1281.0415409631,411.79068268604135,592.97630,5929763000
1425.5771958625105,410.0528661771692,593.18940,5931894000
1269.9471036457476,450.75469890347915,593.39940,5933994000
1142.3733885830757,401.54708507068665,593.61680,5936168000
1029.1952436857446,520.8715635834242,593.83010,5938301000
1058.1396969678835,531.9993915862799,594.05150,5940515000
1044.602304263402,509.73562819143206,594.26210,5942621000
988.662369791976,579.4988335059687,594.48670,5944867000
912.9896231383785,604.5371248846251,594.70230,5947023000
947.262881070701,682.3567758088145,594.92050,5949205000
977.9284481943531,695.2340930916595,595.13450,5951345000
1132.342713640366,660.524688858725,595.35320,5953532000
1215.926392844585,622.2403970377842,595.57310,5955731000
1196.6319248562183,563.8635011025069,595.79560,5957956000
1218.4513272203828,518.1100841410115,596.01660,5960166000
1233.7644335267726,453.8427343067862,596.23400,5962340000
1301.009225926912,421.94259129460704,596.45660,5964566000
1264.2730211411551,435.76611331959543,596.67340,5966734000
1062.8982480264567,481.1136240374491,596.89010,5968901000
1050.7960051775788,518.4070170666308,597.10540,5971054000
1030.503672804837,562.7586517263667,597.32690,5973269000
1073.812078340388,522.3526290289577,597.55140,5975514000
1102.926017126081,498.6734303826286,597.76200,5977620000
1142.2339006260818,482.6972095177743,597.98350,5979835000
1130.6822813302622,472.3665827570785,598.20660,5982066000
1221.2270738916995,423.07930647101614,598.42120,5984212000
1291.247591235935,386.8262168359441,598.63460,5986346000
1287.0856916608345,368.1437640993485,598.85510,5988551000
1188.3067494964293,389.4009442952322,599.08250,5990825000
1097.2376694297238,351.2161524622427,599.30100,5993010000
1109.72361185271,351.8956309966842,599.52230,5995223000
1089.312487566795,372.72784995939037,599.73390,5997339000
1105.9403787996139,384.7774238327977,599.95360,5999536000
963.1876557018379,455.0121346307729,600.17190,6001719000
859.5827096108868,421.79035466944214,600.39030,6003903000
769.5768719699948,366.0972462884789,600.60760,6006076000
835.0660066484313,399.02497792447485,600.82300,6008230000
924.4645778825749,393.60531967548513,601.03880,6010388000
992.2475743861422,411.69228117200976,601.27540,6012754000
1030.4816141531053,447.2079082756642,601.49200,6014920000
1019.2221464334534,548.4935707064006,601.71760,6017176000
1100.3012782649303,493.8882257198615,601.93300,6019330000
1153.38573736847,501.1861857151711,602.15020,6021502000
1304.3716322575603,514.220324748697,602.36390,6023639000
1310.2387563071288,511.22362888551487,602.58370,6025837000
1317.7433915380632,519.1311846157749,602.80420,6028042000
1390.8291512433184,495.69019484127887,603.02410,6030241000
1383.776589151236,486.4248485253295,603.24460,6032446000
1436.661009348875,476.6497609793389,603.46650,6034665000
1336.5808626024098,556.6818644784823,603.68400,6036840000
1321.2350804547104,516.6837806159282,603.90420,6039042000
1197.7682464172128,572.7228640353699,604.12950,6041295000
1161.905354205477,556.8560332174357,604.35990,6043599000
1140.7320398690968,543.6266426160512,604.57820,6045782000
1101.0642758585993,520.0202049156144,604.79140,6047914000
1138.1767905164015,454.9668713177708,605.02900,6050290000
1133.1351434532312,423.2038914214775,605.24670,6052467000
953.6381740352473,418.2268974575768,605.45880,6054588000
838.5302992927105,430.3734945575938,605.68180,6056818000
793.0697284618874,437.5719145523861,605.89970,6058997000
648.5086842690882,324.9985239966961,606.12150,6061215000
480.39021164089274,254.29957740606835,606.34440,6063444000
345.9773414684906,206.87011827442004,606.56370,6065637000
323.41037227036594,163.29489367904515,606.79240,6067924000
316.26266849538183,164.13067203674973,607.00820,6070082000
234.24540345292306,157.11062094642745,607.22940,6072294000
263.0214434769609,171.61509316011956,607.44750,6074475000
325.5245961494862,280.47561165176967,607.67670,6076767000
345.16687447181863,280.1661371006183,607.89960,6078996000
383.45936166631947,308.41962601082787,608.12220,6081222000
478.01135669536836,297.361113592103,608.34060,6083406000
579.2241892444295,280.4117501382528,608.56930,6085693000
653.3130206406192,248.2459295834876,608.79270,6087927000
589.0281270068145,112.38480311179251,609.02110,6090211000
637.4756168854589,44.63223452901722,609.24700,6092470000
786.6445898322262,112.35887179263818,609.47940,6094794000
929.9695042400506,123.75435088901115,609.71080,6097108000
912.7020973074764,113.06134586029239,609.92770,6099277000
926.967702017606,153.25865932074396,610.14770,6101477000
966.3401343923304,183.03276041648564,610.36580,6103658000
977.795046314953,198.6103537653334,610.58710,6105871000
1024.378587152774,223.0055227318431,610.79900,6107990000
1022.7548924095538,256.2182032211916,611.02160,6110216000
971.3008950099224,255.21354215105856,611.23590,6112359000
1050.3383475029254,206.60779099747248,611.45840,6114584000
1009.5335365129729,160.1307849695817,611.67530,6116753000
974.4345914076197,173.2279187833672,611.89310,6118931000
712.1372826810018,196.6632124944422,612.11250,6121125000
549.4092293514287,236.13600957191244,612.33790,6123379000
496.3288101440443,299.77017435168466,612.56840,6125684000
400.9995479449857,304.236443482226,612.80230,6128023000
479.4186656607761,293.0269872493431,613.03220,6130322000
471.4997006467182,309.758582406435,613.25450,6132545000
488.370117718713,271.61492453662754,613.47680,6134768000
554.8577475218765,324.6318004361288,613.70240,6137024000
550.9162873931996,344.7337190115561,613.92990,6139299000
526.6349123573926,290.47276193982816,614.14900,6141490000
469.48877874384243,274.1286254633592,614.36590,6143659000
412.38016623795414,295.06749982853734,614.60500,6146050000
422.535110616837,273.9438282658319,614.82640,6148264000
402.82890642928805,220.36250724598634,615.04610,6150461000
248.26346479203727,234.07492540396305,615.26490,6152649000
225.86520361499498,202.50022876034745,615.48650,6154865000
333.2806930382244,214.488474768231,615.69730,6156973000
425.64086561707063,187.78701229131403,615.92780,6159278000
482.5970258583643,173.37380882243022,616.14870,6161487000
542.1785149714116,172.3705729382232,616.36420,6163642000
570.0635032515265,148.82858060122936,616.58630,6165863000
742.8925309338842,197.57749956277303,616.81330,6168133000
855.8017269660296,176.90486632047043,617.02810,6170281000
916.9955659557045,164.51881876184848,617.25850,6172585000
1001.3367946436681,260.52088098619555,617.49840,6174984000
999.9968315946437,348.8101050361496,617.71820,6177182000
978.6999024121441,425.1533499729131,617.94980,6179498000
983.3286433024367,485.2970864787706,618.17200,6181720000
943.930860926825,497.2397770004082,618.39970,6183997000
913.7494247519188,563.747436003397,618.62290,6186229000
933.7295129395452,540.6592180668332,618.85860,6188586000
889.1501443719371,554.9192532546818,619.07660,6190766000
899.7858847199433,592.5120134562,619.30190,6193019000
849.7570561192426,622.4178042732877,619.53160,6195316000
820.0605459884013,659.1919205847407,619.76590,6197659000
765.9513350229554,669.0432841035015,619.98960,6199896000
693.9196439041449,725.7344856258978,620.21700,6202170000
731.2651314457189,777.0267914028624,620.43450,6204345000
676.4972007880009,788.9257535531916,620.67360,6206736000
643.1843806057449,733.4886800660774,620.89460,6208946000
642.6865948548678,712.001976489273,621.10350,6211035000
732.8716913451524,644.1449606536212,621.32290,6213229000
822.0548812748503,615.2628693100686,621.53080,6215308000
854.8951769975159,591.2823596162408,621.74370,6217437000
873.1075684100783,524.054308848919,621.95720,6219572000
860.7330856797689,480.5856747657109,622.17490,6221749000
891.9234756337622,446.8068582552774,622.39460,6223946000
912.2002078528072,431.40258721089333,622.62080,6226208000
916.5815756858327,392.84163321769597,622.86500,6228650000
791.4051191948447,383.15337138234116,623.09950,6230995000
747.07752318461,355.8963729930378,623.31880,6233188000
683.0071495670505,385.4343397930262,623.54080,6235408000
726.837004189568,444.4971210586668,623.77410,6237741000
750.1880983087756,514.9478357057308,623.99090,6239909000
861.2984644870663,537.5565424485566,624.20940,6242094000
950.6374709161328,474.5331973385777,624.43260,6244326000
1008.7597466919503,487.1224785545825,624.65840,6246584000
1107.8691238697643,494.5552105725589,624.88340,6248834000
1111.4204956585845,485.8552190692824,625.09880,6250988000
1081.4945717009957,514.3672368225795,625.31810,6253181000
1050.415381446486,515.2793562368291,625.53430,6255343000
1030.4316129527099,474.71601856467817,625.76320,6257632000
945.1795409610737,405.7622054946212,625.98730,6259873000
901.6306396557812,379.1223367072048,626.20240,6262024000
878.6651281341962,386.1707379896533,626.41500,6264150000
880.6718037020736,399.32113655560727,626.63260,6266326000
924.5413105326064,385.3569560247288,626.85580,6268558000
927.5987360610101,403.67302128030616,627.08420,6270842000
943.4734108827392,415.5092980085782,627.31030,6273103000
938.7560448426019,417.9767656584753,627.53520,6275352000
915.7253037103125,398.32956267738757,627.77390,6277739000
897.9098611231254,424.45160707666327,627.99430,6279943000
884.9282522060273,444.5101179855683,628.22800,6282280000
827.6261503547124,356.8274485116466,628.45630,6284563000
778.5822470484703,296.8331538622032,628.69130,6286913000
756.0029679951197,246.47545753611845,628.91370,6289137000
736.0974756873935,238.9114923403435,629.13070,6291307000
714.5930262079778,238.4373985988973,629.34780,6293478000
718.4260340626649,220.1762106146857,629.57080,6295708000
820.249353904186,239.06228873420667,629.79260,6297926000
872.2704639060242,216.25581000148827,630.01420,6300142000
866.0816297244903,222.2980877695225,630.25880,6302588000
889.1184749813634,260.6354906518424,630.48970,6304897000
960.0279670423539,372.4173002286805,630.73230,6307323000
976.8739610882554,391.9064495105273,630.94590,6309459000
989.117741897155,395.37701533351657,631.16130,6311613000
1032.8116409775187,501.8700707100093,631.38390,6313839000
989.7538067466785,563.1767671676547,631.60370,6316037000
919.3546775487152,644.4280197270338,631.83120,6318312000
984.363675597439,672.9626649997125,632.06710,6320671000
928.22000071894,706.8954828877366,632.30400,6323040000
959.2959416266383,756.0780147219484,632.53650,6325365000
987.6258355488937,760.453722457678,632.75540,6327554000
974.347507201999,806.8929122815241,632.97400,6329740000
947.5356523902764,867.9566118174306,633.18690,6331869000
925.2791191614858,829.4842762151395,633.40790,6334079000
862.6710673825033,746.5405298107015,633.62900,6336290000
906.1588178245586,700.9230887738175,633.84960,6338496000
859.7210616728647,683.6768681412238,634.06170,6340617000
878.5339061861074,707.996752516768,634.27840,6342784000
824.5017354406879,721.9210483880814,634.49770,6344977000
807.2455692605378,689.1613434854853,634.72270,6347227000
853.9954579721577,661.8151064028998,634.94470,6349447000
857.5985208760969,685.7716988309918,635.15660,6351566000
885.0031510536973,706.1541061849721,635.37440,6353744000
872.5649819008084,741.5932779335373,635.58570,6355857000
894.5695618366597,726.9259625823526,635.80640,6358064000
943.4670912777783,731.1391835429829,636.02000,6360200000
952.5479335717223,760.6785487726434,636.24010,6362401000
952.1241152763185,806.7749511168566,636.45580,6364558000
985.5061897635854,784.33584547178,636.66720,6366672000
1019.5279859091014,724.9782295671389,636.88530,6368853000
1011.003096338505,711.0138665386537,637.09650,6370965000
955.7282626679065,708.7784189279791,637.31790,6373179000
940.1562070718413,722.7372229312328,637.53160,6375316000
957.8966313659422,707.252078548365,637.75330,6377533000
1034.0808405738135,652.3086192315236,637.97110,6379711000
1079.5393748119168,563.2852180021127,638.19040,6381904000
1044.2268621460291,472.86566236280675,638.39710,6383971000
1015.8667593077587,420.5316915322887,638.61440,6386144000
954.5358842551336,392.81995976002315,638.84180,6388418000
888.8568414959127,341.3491942086431,639.05390,6390539000
854.8752386253013,285.5077732931642,639.26770,6392677000
835.7657893265894,249.26708991287765,639.49500,6394950000
911.280712020221,298.3141512952514,639.72450,6397245000
927.2319557187265,332.3807447641134,639.95590,6399559000
998.7984260762195,390.42641791597737,640.17120,6401712000
1005.2881279474873,408.1643659675754,640.40270,6404027000
980.8816411256487,423.08392476001944,640.61360,6406136000
910.6434820279005,510.8514763935274,640.83460,6408346000
962.197217080673,562.109950199869,641.06490,6410649000
953.6591759192288,618.5444475714442,641.28870,6412887000
894.620164739369,696.2790848946374,641.51970,6415197000
927.0954519625489,661.938837177584,641.74960,6417496000
938.3908256838521,636.3867874291001,641.96610,6419661000
967.1044132311977,563.9592652551414,642.18400,6421840000
997.5683923090318,538.0873923643949,642.41390,6424139000
920.4123385616022,490.72664270794246,642.64340,6426434000
822.7762939601099,460.9065635084284,642.86430,6428643000
884.7921421331256,331.34249426821674,643.11900,6431190000
992.2284395237382,331.958246693425,643.35880,6433588000
1062.0519207910577,294.20844869298594,643.57700,6435770000
1147.9604495906285,274.88895141809854,643.80620,6438062000
1104.161242321409,325.6251919354928,644.04680,6440468000
1124.0737833827823,355.1692870227373,644.27260,6442726000
1088.940541502226,419.57733438147756,644.49390,6444939000
995.2132571121757,452.94364521931476,644.71490,6447149000
950.2127783510318,463.9359502973871,644.94640,6449464000
858.6271081632718,505.12632298522595,645.17560,6451756000
775.4866997756544,482.6840571549896,645.40940,6454094000
729.6754083419205,468.66825062351677,645.64390,6456439000
772.6171548412524,537.7970184488038,645.86370,6458637000
746.2348868873888,540.5682474236265,646.09180,6460918000
761.6849859539108,553.624530242831,646.31460,6463146000
758.0561373496092,522.7505522662697,646.53930,6465393000
756.6587999487391,504.5142597296313,646.76480,6467648000
779.6948775908492,469.7528660689263,646.98420,6469842000
788.9787986644426,483.38434337790125,647.20940,6472094000
775.489359757116,469.94779970869223,647.45410,6474541000
839.1915437922005,494.4597510557816,647.68690,6476869000
829.9379922327041,497.5306899629861,647.91230,6479123000
913.4687195517822,501.5453749437003,648.14810,6481481000
994.4416488783854,501.88613744255235,648.36760,6483676000
968.7424766117701,504.8230508617262,648.57800,6485780000
989.6921452664124,514.7072763675011,648.79410,6487941000
955.3554191299448,535.1892151201611,649.02000,6490200000
894.3681653183103,536.8031580159519,649.23230,6492323000
897.7124680429375,573.1216896818332,649.45510,6494551000
847.7997292357136,573.8425147368808,649.66970,6496697000
833.1527607438532,532.7828573501337,649.88540,6498854000
848.2763035777731,511.5862306023936,650.10330,6501033000
893.5329001781345,542.1379465164105,650.32310,6503231000
909.559154820572,569.9442541597222,650.55060,6505506000
947.516737174635,540.4203419563098,650.77180,6507718000
968.0302575959797,523.7644264397943,651.00400,6510040000
1018.6884442882994,444.5873176894038,651.21650,6512165000
1004.7519475506895,452.5851189459512,651.42870,6514287000
943.8743436294039,453.81750803914156,651.67150,6516715000
911.6690322795088,449.4596837892294,651.88480,6518848000
914.2392034741802,405.0852913687732,652.09440,6520944000
914.746799383326,429.483236353443,652.32320,6523232000
874.9206779396984,412.98168424075504,652.55610,6525561000
836.8707752709427,442.99378451117656,652.78150,6527815000
835.5143761164668,412.1927347501614,653.00600,6530060000
814.8227438173096,416.7143708565822,653.22870,6532287000
807.080926244654,404.62129983141205,653.45260,6534526000
828.050017561104,462.2189816466466,653.68320,6536832000
845.3431347146266,469.50708059533116,653.90410,6539041000
853.4633065686148,443.9360184339739,654.12140,6541214000
892.3770174433571,446.8962951624454,654.35350,6543535000
865.9355974507523,489.5263794613323,654.57490,6545749000
845.2849608533953,483.8975716602328,654.79180,6547918000
840.8154422897495,478.39850072266876,655.00720,6550072000
827.1571648402788,474.78351588111514,655.24710,6552471000
807.8045065215068,530.5203951844347,655.46860,6554686000
802.8922466196656,568.5126622985555,655.69280,6556928000
756.5845866107518,581.6129311773954,655.92990,6559299000
772.9369616379647,607.8918140244133,656.15610,6561561000
740.6276979108247,580.2252422329378,656.37190,6563719000
774.8148551044401,534.5012634569256,656.60630,6566063000
849.4457605689958,493.2728062963741,656.83120,6568312000
952.9642934933004,467.00645718302377,657.05170,6570517000
1074.980566377866,417.27135795559695,657.26870,6572687000
1139.37550349726,435.3569430185823,657.49630,6574963000
1169.5784298606322,473.0571877143909,657.72330,6577233000
1099.5837223888684,516.9296550913474,657.95110,6579511000
974.9577671470058,572.0499537895006,658.18330,6581833000
882.4292755230667,608.2020557768215,658.41650,6584165000
846.6401506282544,597.2733753112152,658.65010,6586501000
816.4267212795758,600.6166459050334,658.88280,6588828000
777.4574685694744,607.9068716355243,659.10780,6591078000
772.3608261063778,621.0495642329333,659.33380,6593338000
681.760937025178,643.4083447605317,659.57380,6595738000
653.5039356237795,655.7503319538521,659.82920,6598292000
656.415746886448,663.5633574739232,660.04620,6600462000
633.7066916847524,696.8383114729693,660.25790,6602579000
655.9261366150938,715.9765727746329,660.47010,6604701000
662.9080004120325,684.2567898005973,660.69870,6606987000
696.1883326091213,695.6016606665311,660.91860,6609186000
734.3973264699408,691.4855359163865,661.13860,6611386000
754.2756424600688,693.5438307883339,661.36470,6613647000
768.0190973998336,625.9542981608681,661.59290,6615929000
849.496457240921,569.6449140868252,661.81270,6618127000
938.1209868847518,551.3920734532767,662.03270,6620327000
958.5000507972927,559.5531948161974,662.25240,6622524000
936.1308204061028,568.0136716179526,662.46960,6624696000
948.9908873393023,542.0736727989278,662.69230,6626923000
967.2338827785003,542.8440310593388,662.91650,6629165000
932.0514467875188,541.2451346812006,663.15830,6631583000
929.7052474402608,498.70970211772544,663.38450,6633845000
937.0666868626831,501.34506686075656,663.61180,6636118000
951.8416856962674,466.80881153499524,663.83830,6638383000
942.0474134815923,432.08096269762126,664.06340,6640634000
883.5095462970277,469.5719868533888,664.29490,6642949000
828.3480642826211,443.6974710114845,664.51330,6645133000
766.6830503526436,441.28717282144044,664.73310,6647331000
701.9322660158011,493.9189932411009,664.95430,6649543000
670.2183125990808,464.9402041800287,665.17140,6651714000
692.2258113640395,498.2191870261611,665.39340,6653934000
716.5510693771877,508.21557918385184,665.62850,6656285000
744.3752492405895,484.42521758319026,665.85050,6658505000
833.5830384079909,391.9765676147914,666.07360,6660736000
988.1547767092403,398.64008875953874,666.29080,6662908000
986.2394483048301,444.504905183092,666.50990,6665099000
974.4440412614991,483.53689604738446,666.72380,6667238000
938.0409661859304,501.3843064877401,666.94750,6669475000
885.79583002358,483.75586237450074,667.17880,6671788000
981.2089269237689,501.9374756324365,667.42000,6674200000
982.8413080624192,438.6681509180821,667.63810,6676381000
982.2056847585002,474.95863654351905,667.85660,6678566000
950.0443964744264,487.6246337848922,668.07260,6680726000
962.5149718425582,472.9505459384596,668.28930,6682893000
970.2176511991873,514.3939951233323,668.51000,6685100000
1009.5948618718161,565.3552931644738,668.73680,6687368000
959.1389516192351,583.3957263222067,668.96560,6689656000
985.3914110755153,590.4884279140385,669.18030,6691803000
968.7565736406428,596.3006575880789,669.40280,6694028000
910.803400980098,627.3080029122627,669.62630,6696263000
927.5050386381319,569.923694132793,669.84520,6698452000
1005.0234502717447,628.394056132721,670.06130,6700613000
1006.6422608261595,570.1191411278262,670.28370,6702837000
999.6909251393364,477.89142702816565,670.51640,6705164000
980.6054475142892,405.88643116089753,670.73730,6707373000
1019.2424624016746,403.69261547607664,670.95360,6709536000
1001.1044648703345,436.98079785102857,671.16250,6711625000
984.8559266041444,466.859978647149,671.36750,6713675000
1009.9052768077122,498.193437210666,671.58260,6715826000
992.1397562674427,474.8478202367023,671.80370,6718037000
1002.9955136828899,467.74793527229804,672.02090,6720209000
969.7202553924411,482.71705907689443,672.24370,6722437000
894.3131056468403,507.0947477848924,672.45960,6724596000
910.6327040101138,561.4033425127071,672.67110,6726711000
947.7877111853121,582.3647640161875,672.90250,6729025000
980.1569134877305,538.2543969906084,673.13620,6731362000
906.9056674472616,532.6163698605568,673.36600,6733660000
941.409314368331,584.4554374352884,673.59520,6735952000
936.6301335888857,590.0453922112141,673.82160,6738216000
950.3350563171313,585.8431162091442,674.04670,6740467000
896.3078218377982,555.5916486061858,674.26830,6742683000
894.3545338441282,546.0850693811059,674.48370,6744837000
878.1699593813831,567.1479739594245,674.69750,6746975000
881.4507890471486,585.0702897069241,674.91050,6749105000
910.5900693066942,570.1268562566553,675.12690,6751269000
902.6210482903102,584.835122178729,675.34900,6753490000
906.2070499119824,571.1766252747377,675.56990,6755699000
880.9918756968011,548.3734707866738,675.78620,6757862000
828.575625512667,532.231085904508,676.00450,6760045000
807.3542596373383,521.899452082271,676.22370,6762237000
791.2056677345672,503.6564945985574,676.44720,6764472000
761.4623330050362,481.4070448261737,676.66610,6766661000
773.8596797069902,504.91464185306336,676.89790,6768979000
808.474916354614,518.8923401503397,677.11690,6771169000
795.5348788183204,524.9954661924112,677.34100,6773410000
831.1523169447584,548.9559322587282,677.55360,6775536000
901.9008374978619,546.0880970240212,677.75920,6777592000
932.1867302693663,534.9183466999546,677.97430,6779743000
927.6667953989402,531.4506230062526,678.19050,6781905000
884.8552408030804,485.0297106271601,678.41920,6784192000
811.1118345958369,531.7128822921379,678.66060,6786606000
815.1057860363711,556.2481531063639,678.88580,6788858000
809.7931403696173,527.5411873441351,679.11920,6791192000
808.1314977932904,503.4254317453869,679.34330,6793433000
879.690906471332,488.2232804977877,679.56750,6795675000
882.5468985116333,534.1274536731893,679.79550,6797955000
892.9536334990597,544.2236045195231,680.01640,6800164000
906.9513358428856,570.6391536428397,680.25870,6802587000
897.2212130713211,581.4772801619428,680.47670,6804767000
862.2156382395248,571.3528868214806,680.69920,6806992000
848.6749707023865,558.2581292187591,680.91790,6809179000
830.7608108022698,533.2506737269786,681.13780,6811378000
904.3436854478573,536.6302818554088,681.36870,6813687000
902.5844084745578,544.7073117078032,681.59550,6815955000
895.1163248896063,516.641088982853,681.82200,6818220000
883.9838056103141,479.9395074803187,682.04630,6820463000
927.2711099412958,445.01221571736465,682.27200,6822720000
871.0217022393051,452.45085934630214,682.50030,6825003000
835.4457296115369,468.860445838029,682.72870,6827287000
783.4527164282583,516.1059551293148,682.95770,6829577000
725.399236234472,610.8425031504353,683.19220,6831922000
742.5177019872041,576.7600507367397,683.41550,6834155000
816.6941459236995,486.567560476626,683.63740,6836374000
858.9082456200276,426.73769117571135,683.86190,6838619000
859.6192539279166,392.2962436517645,684.09250,6840925000
810.7011833841781,365.6847366208124,684.32290,6843229000
805.2551915313009,335.85976938703226,684.54820,6845482000
755.2241498628781,380.1431374177759,684.77340,6847734000
847.3920200338428,469.2881624279831,685.00150,6850015000
830.1160716611685,533.965589330805,685.22300,6852230000
789.7740943258138,566.7309436998818,685.44500,6854450000
730.4588959561852,643.5848030940691,685.65980,6856598000
718.5363148387376,672.2684644934626,685.88670,6858867000
764.8340212660785,674.1614279162583,686.10980,6861098000
761.6696802809936,691.4400718896052,686.32820,6863282000
799.9934897161204,581.659602585881,686.55310,6865531000
839.0232680119282,559.989727131448,686.77120,6867712000
875.0599411710887,607.3311104324724,687.01170,6870117000
850.6161387938649,554.3415561273349,687.22550,6872255000
775.5945375681546,457.10763459736853,687.46350,6874635000
814.1890855895152,436.58276795862116,687.68030,6876803000
796.0689703480932,364.556724613456,687.89450,6878945000
893.0908150642974,305.8589358407111,688.11280,6881128000
801.202009253247,244.22656127662685,688.32920,6883292000
662.9967596293577,161.54485777302247,688.56010,6885601000
675.1165744210722,204.12816474672968,688.78010,6887801000
790.6197885180497,192.50581078540756,689.00220,6890022000
809.413000661332,226.53381709546744,689.22570,6892257000
910.7184771380328,260.06154860766,689.44650,6894465000
949.1902710908596,293.17583273210437,689.66990,6896699000
1038.3523593311495,269.0593239446164,689.89730,6898973000
1031.305068373675,276.1732149255432,690.11880,6901188000
1113.0333906973497,300.4997167341526,690.35260,6903526000
1143.4344623149473,262.01581911062704,690.56860,6905686000
1008.3500780545204,245.81192391615747,690.78620,6907862000
871.3810623466311,248.14896732856485,691.01440,6910144000
814.1928095599308,304.37036850271267,691.23730,6912373000
674.9619914515994,333.7318841348848,691.47140,6914714000
545.246519383905,352.2928597076415,691.71770,6917177000
411.76459045571397,325.6380877296709,691.93630,6919363000
365.61781226484004,331.0225963960938,692.15910,6921591000
376.77017507538346,331.79266348134934,692.37980,6923798000
359.63660892783355,335.67687214783956,692.58930,6925893000
444.6870758341737,341.99936442574125,692.80800,6928080000
488.05058585947154,428.38111192520466,693.02500,6930250000
460.52749873910545,394.32779413759357,693.25430,6932543000
443.81229717738887,461.17018466335617,693.46670,6934667000
432.042431501372,457.8610830417246,693.68840,6936884000
441.48154062983133,425.342200409356,693.91140,6939114000
385.1075345592241,313.64538436619966,694.14740,6941474000
317.89292193883364,236.20071328694462,694.36230,6943623000
395.579585656695,246.6818474373702,694.57720,6945772000
395.7287422654152,257.920127224684,694.80170,6948017000
324.80210750191395,272.4126954742378,695.02130,6950213000
234.1036985967574,203.10102653008218,695.23570,6952357000
175.80466223292797,242.43173938255308,695.45590,6954559000
150.9834103826807,182.000890981711,695.67740,6956774000
290.6858986033334,282.6160685076651,695.90580,6959058000
417.7702027903414,442.7517368675053,696.13090,6961309000
515.2501558939543,471.17162845011416,696.35850,6963585000
559.918856061214,575.7321923247275,696.58250,6965825000
588.639652689213,600.753422828468,696.80350,6968035000
611.3488309911842,586.9251892198296,697.03250,6970325000
716.6359138361179,580.5926320666423,697.25640,6972564000
708.7599038574223,606.59745118506,697.48980,6974898000
699.9598187239845,592.1047023843837,697.71890,6977189000
718.925992861688,598.8834773002194,697.95460,6979546000
747.278986687979,619.1528214689075,698.17950,6981795000
736.8879930320633,627.2583435337732,698.39960,6983996000
717.5883774669394,630.1871873263796,698.62790,6986279000
693.9445687786381,643.7794887969353,698.86460,6988646000
716.7439064683466,637.8577512121561,699.09780,6990978000
737.5270723802786,589.6971915170625,699.32290,6993229000
783.5742981223384,565.3718045355607,699.55030,6995503000
866.3687279895169,574.8653203075665,699.76520,6997652000
829.3354418776569,520.3730178165254,699.98670,6999867000
839.8247831879919,484.83453870359807,700.20760,7002076000
827.415308058576,479.1472312004225,700.43710,7004371000
779.1704429957233,447.7305416638035,700.65790,7006579000
827.1037541079296,445.3595762625103,700.89460,7008946000
887.1504448219422,458.59184358140726,701.12750,7011275000
944.1699016948884,460.01604298660936,701.36430,7013643000
965.3105827506423,452.53234140996824,701.58380,7015838000
965.4879449846045,509.2771203771827,701.80430,7018043000
951.5470557451537,510.9604368452745,702.04880,7020488000
929.132412046009,501.91815462756387,702.26710,7022671000
930.1804630679937,504.18478831216726,702.47880,7024788000
890.5544327975832,529.3426809949603,702.69230,7026923000
852.6039423592439,570.0049582022848,702.91010,7029101000
850.642040453831,599.8796138049389,703.13560,7031356000
837.0016367228817,605.3152104338186,703.35470,7033547000
851.5895838873764,658.7348558432518,703.57860,7035786000
896.8668281403849,694.4455194508395,703.81340,7038134000
905.3289514873863,708.6405343853733,704.04570,7040457000
900.7846373490753,743.5072930365479,704.26560,7042656000
913.9038006034162,695.0319508328794,704.49330,7044933000
949.0038026164143,664.1802006448188,704.72460,7047246000
926.2023168254051,680.3879885477011,704.94250,7049425000
919.8871671114392,631.8392130686701,705.15860,7051586000
912.4303414933354,611.0203643167514,705.37420,7053742000
938.9980040077444,603.4549615451054,705.58900,7055890000
950.433735387372,659.0402441049814,705.81230,7058123000
962.7133590096967,656.8633261434272,706.04690,7060469000
938.7014934054118,624.9730940594501,706.27220,7062722000
928.4907838580409,650.3754975516171,706.49340,7064934000
928.1828449063921,643.4160215608999,706.73260,7067326000
951.1626429716273,645.1224985752209,706.94660,7069466000
1009.393617437301,666.1258742758205,707.15960,7071596000
1032.0375541221722,625.5212180921654,707.37660,7073766000
1025.3401959756652,623.8083201611904,707.58940,7075894000
1032.5180901394165,621.361597314462,707.80750,7078075000
1048.6943441945748,645.2297411268935,708.02590,7080259000
1035.9352579315557,639.1182504842125,708.25140,7082514000
1091.6498518809187,615.448461801075,708.47260,7084726000
991.0961949487337,575.1475439879662,708.69230,7086923000
922.8197750566944,590.7330365108302,708.91750,7089175000
962.9737856766752,581.6910139523043,709.13980,7091398000
960.5744871926639,520.1527056053013,709.37950,7093795000
856.1993157706469,483.41053547284304,709.60840,7096084000
869.7690019367834,483.6084133213024,709.84230,7098423000
840.8207778608513,471.8801817137903,710.07520,7100752000
821.4953799856802,438.7189734353516,710.29350,7102935000
825.5134619954202,454.28546545754966,710.51160,7105116000
744.7295469966213,432.0254902894563,710.73690,7107369000
751.6775404805344,457.6656632204747,710.95710,7109571000
799.0034487633088,465.3040792714328,711.18510,7111851000
842.4407356202795,441.7914095813504,711.40180,7114018000
913.1130292187482,423.7282310433978,711.62020,7116202000
930.6681725182713,518.171909448112,711.84370,7118437000
981.940636433788,579.3896048522372,712.06360,7120636000
1010.1810552242019,682.8359206211425,712.29770,7122977000
963.7189664182869,743.2511294507566,712.53320,7125332000
1040.1744862419434,798.295273913933,712.76030,7127603000
1065.7088209651204,807.6553891889141,712.98920,7129892000
1052.5692768444078,792.4612142499661,713.21340,7132134000
1003.3037198342823,788.7788510211992,713.43040,7134304000
997.9586685633911,775.2686637986404,713.65140,7136514000
1044.6470371934363,677.4648175905852,713.87480,7138748000
1117.6881500326992,569.5654672212181,714.10120,7141012000
1079.7073168482625,550.79343171984,714.32730,7143273000
1087.3564114176345,495.4710418506839,714.55810,7145581000
1100.222777750885,478.1908286586519,714.78260,7147826000
991.951647812134,366.68308691991217,715.01630,7150163000
939.0089541578209,312.63654724100184,715.27290,7152729000
853.7186660266174,285.12348070956114,715.50210,7155021000
792.2181212731484,270.0005785383663,715.72560,7157256000
743.2464790285161,235.90551259213302,715.95160,7159516000
731.4556851105224,222.99928236129375,716.17180,7161718000
750.2761617379414,230.20429943309918,716.40160,7164016000
776.9576062597895,230.59580806962404,716.62690,7166269000
803.2134191406506,246.2776988110819,716.84970,7168497000
780.3769879100787,286.30663644188047,717.08590,7170859000
786.2973770407658,173.1468570413278,717.34560,7173456000
727.6506930249534,161.2385614876985,717.57260,7175726000
647.3321453023239,167.0538402588915,717.80070,7178007000
620.3689981752966,246.89496140727584,718.04540,7180454000
570.23075328091,223.79033190184663,718.27280,7182728000
555.6365464220194,202.34856466096494,718.50360,7185036000
460.1713009396194,179.5264681468991,718.72840,7187284000
453.26505761073435,154.48852763848942,718.94650,7189465000
422.290585861236,155.2974696064689,719.16930,7191693000
407.50102910366945,233.81308885296428,719.42550,7194255000
436.01061217808626,314.5590442132295,719.65070,7196507000
351.05517372516067,358.78997207859925,719.86120,7198612000
322.28970210867857,350.51060922812064,720.09560,7200956000
377.4416314827017,402.57016750990437,720.32220,7203222000
463.85083671773174,412.6891757552218,720.55540,7205554000
597.6279215260106,436.51876570096476,720.77800,7207780000
713.640465298267,565.3561171733737,721.01870,7210187000
706.5195420573765,631.0517470090075,721.25160,7212516000
750.6392205037265,617.9324408406308,721.48790,7214879000
818.851386382735,609.0301150658986,721.73300,7217330000
897.5757391681074,625.8242099304365,721.96500,7219650000
921.7727693451521,685.840835795615,722.19620,7221962000
979.5007393536678,706.5982454463058,722.42050,7224205000
965.7958562098825,662.5037173948464,722.64300,7226430000
1046.001002272114,636.2000679666437,722.87480,7228748000
1057.5375123567314,564.7475647933778,723.09740,7230974000
1085.0301310825125,535.7490620816583,723.33100,7233310000
1115.0659632967515,528.532732431201,723.56600,7235660000
1091.4044670263183,541.3463120725996,723.79900,7237990000
1084.2100527602215,502.90332299742647,724.03140,7240314000
1051.9503681545496,428.4244282036588,724.26370,7242637000
1085.0448579430952,435.9309873836553,724.48620,7244862000
998.185313616747,429.18870974656045,724.71860,7247186000
979.6542222698705,490.2454042146767,724.94750,7249475000
895.5757448866009,511.44284957748533,725.17740,7251774000
862.8777845318464,567.9026682925258,725.39350,7253935000
837.5461059159127,612.0683002900033,725.61240,7256124000
794.9585274294038,635.1682874091266,725.86940,7258694000
809.0211283135055,657.3149151203795,726.09850,7260985000
735.5444733701102,587.1715591646062,726.31980,7263198000
743.2859410494516,562.5334254637962,726.54260,7265426000
777.5794681061313,575.6998335489671,726.75870,7267587000
776.3018531008797,527.0028463368709,726.98570,7269857000
807.1972864085012,473.38369723163675,727.22130,7272213000
795.6385972396763,427.16340253731585,727.44360,7274436000
723.2110724093603,384.8984632441896,727.67700,7276770000
743.6376240070056,362.78203015457945,727.89360,7278936000
754.8835337537807,311.35171332913677,728.11190,7281119000
786.7685454034498,334.7250058037571,728.33870,7283387000
814.3758774539747,394.705600296907,728.55770,7285577000
812.8272969596146,432.3560758607956,728.78440,7287844000
820.034699652641,467.7493679633034,729.00530,7290053000
819.5881565044252,553.0768398973104,729.24650,7292465000
762.567654603457,628.4283688631258,729.47270,7294727000
793.0931578071769,662.2748280491102,729.69940,7296994000
831.0017330436015,677.3930280510309,729.93270,7299327000
914.083519470805,653.6903013285396,730.16230,7301623000
940.6900185436175,660.0078203410283,730.39080,7303908000
1021.3506345384495,620.1788051201919,730.62410,7306241000
1010.6524850526121,579.0087006346024,730.85630,7308563000
973.3223331547479,619.5682926906176,731.09100,7310910000
881.0276681410209,657.1487515641774,731.30850,7313085000
840.8992069244903,654.8742547174631,731.52320,7315232000
809.7331933035085,661.3778527657407,731.73460,7317346000
828.168240576008,697.8175063499401,731.94980,7319498000
849.6294898859142,705.0483635830285,732.16570,7321657000
837.2915659469958,717.8641854292433,732.38810,7323881000
841.5357378294667,719.0351703773513,732.60840,7326084000
824.1771266459045,748.5064686799207,732.83240,7328324000
812.9100904481238,782.5918029813452,733.06190,7330619000
767.8034830068227,778.40210939292,733.28720,7332872000
791.9180421305454,799.1669493496639,733.50560,7335056000
885.7417984035462,776.0637946874398,733.72580,7337258000
815.4814015816561,677.3326628696968,733.94650,7339465000
824.9350375055781,680.0983822933691,734.16710,7341671000
802.9835098345246,678.8363551812279,734.39740,7343974000
777.6743147133221,669.5276525533726,734.61920,7346192000
677.8840885798709,667.1712079340373,734.84710,7348471000
697.5552287971288,690.4233409849213,735.07760,7350776000
705.9622116930448,724.1313400317906,735.31560,7353156000
683.942068725218,715.4690343261983,735.53760,7355376000
744.7943214051114,703.702599880827,735.75870,7357587000
765.8190774300608,647.9018062436498,735.98800,7359880000
710.6410232256287,605.6819233064723,736.20330,7362033000
718.2782614984836,636.6749813971533,736.43760,7364376000
670.0841922545734,684.9380379747774,736.65700,7366570000
614.7467842409661,727.7618917051017,736.86980,7368698000
610.3409320788857,754.5623520348709,737.09270,7370927000
702.056737043465,790.3378328482788,737.30620,7373062000
740.9850229014394,766.9434780231973,737.52620,7375262000
771.4281001681268,626.6097162315255,737.75710,7377571000
918.5856742417334,575.1689386077636,737.98270,7379827000
953.3339871390745,467.81386561621673,738.21090,7382109000
972.6452215006803,426.63072682347524,738.42680,7384268000
947.0949364815023,404.18844183556257,738.64770,7386477000
995.8917803627705,362.2242269320922,738.86790,7388679000
1040.7708641537658,363.1417058714769,739.09720,7390972000
1002.2859544784104,423.9686866889413,739.31670,7393167000
1076.0745634640457,387.26019912247205,739.54640,7395464000
1128.9184133481979,411.38527614585144,739.76610,7397661000
1143.9098991712792,414.5691452798178,739.98630,7399863000
1137.272110640692,447.1295680416474,740.19950,7401995000
1161.977749741674,496.29395222319624,740.42440,7404244000
1106.609457319556,478.77115591298747,740.64690,7406469000
1146.1981291522056,539.7708386827874,740.87960,7408796000
1114.726951007972,562.1593967539536,741.11920,7411192000
1039.121449974002,598.088615486401,741.34390,7413439000
978.8788168278693,671.4978939188316,741.56460,7415646000
946.4668751836462,707.2704960751927,741.79240,7417924000
945.7271295358014,736.5083640839702,742.01810,7420181000
998.6782443653406,648.2436221650638,742.23840,7422384000
947.3091280784564,552.9553225722162,742.45570,7424557000
916.8465238223292,549.4343892746629,742.68710,7426871000
839.2746656525801,612.6060741296117,742.91670,7429167000
881.9066634993268,572.2431781358521,743.13400,7431340000
900.0798341044072,566.2308019975072,743.35670,7433567000
917.0208006606085,611.3762966822434,743.58390,7435839000
951.7483956123037,647.4639651391064,743.80700,7438070000
906.1571777923527,674.7761494179643,744.03280,7440328000
958.6031016548438,673.4147994323398,744.27570,7442757000
926.8905459605932,725.3659831580192,744.50110,7445011000
973.9285974413181,626.8280076523621,744.73670,7447367000
1032.7499769032015,553.5468130470658,744.95610,7449561000
1087.6670312917581,469.1312746250062,745.17400,7451740000
1100.668773040356,384.3241742569109,745.39030,7453903000
1042.0022854182243,388.0877088394125,745.60450,7456045000
1068.3064398378258,394.6436160647182,745.82660,7458266000
1045.6620140111897,479.9091707145358,746.04610,7460461000
1043.6322214983177,540.1746349298649,746.25880,7462588000
1041.6173170292823,528.6940945228386,746.46710,7464671000
1121.3915484317517,479.4497010929402,746.68960,7466896000
1153.8003057398805,498.08939412494846,746.91150,7469115000
1187.3064782861347,477.15485482369616,747.13940,7471394000
1169.0989581987064,611.3940823293267,747.36450,7473645000
1292.2209804184956,547.0387073341581,747.58500,7475850000
1348.7296871306448,487.9112893209263,747.79670,7477967000
1196.2724906481228,433.5437072301559,748.01640,7480164000
1079.0468916998307,386.383896330335,748.23650,7482365000
976.3525644401349,438.56612803895666,748.44860,7484486000
792.5695455971269,441.24715118527024,748.66740,7486674000
690.3043260141155,453.26474806032206,748.88760,7488876000
670.7339135084416,408.1383636425373,749.10450,7491045000
592.265928186429,410.1846877489876,749.32190,7493219000
576.1469139382434,339.9743313520196,749.53530,7495353000
660.3236663444264,331.6786531755489,749.76360,7497636000
618.1300473836666,314.51832386689904,749.98800,7499880000
639.241219933383,268.4706043120143,750.21570,7502157000
617.0145165808046,257.2995917850119,750.43070,7504307000
655.2021898098202,218.70337821424576,750.64310,7506431000
582.4520119098395,239.60085357333142,750.85590,7508559000
616.1448759861519,205.6629737460428,751.06840,7510684000
636.1007672670452,150.29350602768557,751.28240,7512824000
632.1656305872308,247.1379404463837,751.50410,7515041000
736.3710247743213,379.5175850980318,751.72330,7517233000
934.5082590324321,390.8748389154837,751.93690,7519369000
1063.2358686567848,405.89520799060375,752.15970,7521597000
1158.019030299228,424.6182028111265,752.36970,7523697000
1218.4741119692321,426.32912238484704,752.59040,7525904000
1253.459169567782,403.3029396408131,752.80560,7528056000
1189.5384427040365,403.7102890526946,753.03250,7530325000
1081.1926729438057,437.9998267232695,753.26160,7532616000
1075.281847472815,474.5198059951362,753.49010,7534901000
977.7890622939975,541.7810495139399,753.71400,7537140000
1123.6715901751625,485.55544916520466,753.93150,7539315000
1177.040354094664,410.8844190454,754.14600,7541460000
1210.7189477717077,474.7174290914644,754.36330,7543633000
1221.5633314926592,439.19273554017354,754.58040,7545804000
1332.4302850947136,407.8611719871237,754.79610,7547961000
1372.3102123774206,376.116347738178,755.02140,7550214000
1354.0185110159794,358.443045012762,755.24570,7552457000
1385.6687290488326,340.6434856300789,755.46530,7554653000
1326.176063663803,360.0664598026823,755.68570,7556857000
1241.4948229229992,341.91559599218607,755.90930,7559093000
1126.1662078769434,348.37095086288593,756.13090,7561309000
1047.9863250067867,309.9918061890146,756.35760,7563576000
1026.3749467407968,352.60360409367155,756.57750,7565775000
1054.9298875184807,355.9990265196726,756.79210,7567921000
989.9501992852262,410.7396925898599,757.01170,7570117000
808.1608429153197,407.21380295662567,757.22830,7572283000
698.2628971404563,416.8009430650806,757.47340,7574734000
717.8307518022308,484.8211743920717,757.69480,7576948000
670.5195219482148,520.7817756446309,757.92070,7579207000
621.5799003454762,602.7683842107458,758.13230,7581323000
666.8073102507076,607.0626583095068,758.35460,7583546000
725.6502944396746,588.4690647273319,758.57380,7585738000
783.2576491531763,594.7917054753498,758.78730,7587873000
797.6965027066519,525.6616738752801,759.02720,7590272000
718.3965447461591,511.150451342661,759.25310,7592531000
678.3913424398343,490.3360539895639,759.47110,7594711000
607.8942928281036,432.2721468848921,759.69120,7596912000
617.1075263416886,466.96399233774844,759.94580,7599458000
525.3509727919698,412.10563008171226,760.16950,7601695000
490.3158428719283,420.63423988950245,760.42000,7604200000
402.0915795700172,423.44629658532375,760.63640,7606364000
423.6447810742628,315.5788294671496,760.85020,7608502000
451.25754682866784,289.3107816346987,761.06390,7610639000
465.42727089938194,271.5633054051712,761.28320,7612832000
525.2720042503801,250.65773983028933,761.50870,7615087000
663.3662475910378,251.3214922197012,761.73650,7617365000
873.2205119158093,259.3081121299052,761.95930,7619593000
980.9473226855281,261.6215434700482,762.19060,7621906000
941.2649329952974,365.9719361633774,762.41420,7624142000
910.2745951324757,316.5116893881314,762.63900,7626390000
1027.5156217587758,301.0526147844362,762.85950,7628595000
1215.968260084839,310.98090813776815,763.09920,7630992000
1206.984535591624,302.66247850286845,763.33170,7633317000
1268.4934772528263,344.80366081294574,763.55990,7635599000
1194.623832300575,323.1546723196833,763.78150,7637815000
1124.6293263363143,307.49242313791854,763.99240,7639924000
1048.0718930209434,299.7019082375372,764.20680,7642068000
965.1045169993811,309.07128002749096,764.41810,7644181000
954.7392465373209,258.00050613978476,764.63640,7646364000
821.7541310813293,257.6707679299578,764.84620,7648462000
701.8214174427046,342.40576959745397,765.06200,7650620000
610.0076807285085,298.5615779249157,765.27770,7652777000
516.4428644114149,261.10547812721023,765.49360,7654936000
479.2981570940431,204.80357148934195,765.71520,7657152000
511.8054943869748,181.25187385285594,765.93190,7659319000
493.8040128657906,201.03589380326196,766.15020,7661502000
496.06534735546506,231.64323202935108,766.36950,7663695000
457.598401389167,310.8953486827146,766.59350,7665935000
458.70352668450033,266.18067638580004,766.82210,7668221000
520.7968743168792,293.4336610548498,767.03830,7670383000
503.8347928556646,296.9192743981069,767.25440,7672544000
542.4824636350985,316.65085620345457,767.46960,7674696000
627.1527290584694,322.2054439999773,767.68910,7676891000
665.5164401968407,312.83115784601375,767.90590,7679059000
697.5287045169053,311.20018001905726,768.12790,7681279000
644.0579044373942,304.9046566622916,768.34250,7683425000
746.8599398983642,321.69899436734937,768.57340,7685734000
835.0089243110283,372.6777662278727,768.79200,7687920000
855.3905607415952,341.48981871927657,769.01980,7690198000
809.6785749550639,321.0571526224571,769.24900,7692490000
797.4571969262324,293.99560372763585,769.45850,7694585000
761.8331421161131,294.17957980143524,769.67990,7696799000
832.9681990873196,345.74127839065255,769.89380,7698938000
857.2239441543967,362.6625068318402,770.11550,7701155000
892.0785885055566,404.4413728826156,770.35250,7703525000
932.6536278512076,404.0808252556448,770.58150,7705815000
916.018348716856,384.06379014226377,770.80680,7708068000
789.1501063275841,420.31385729621655,771.03070,7710307000
790.9246922454827,405.4553932356728,771.25770,7712577000
721.8012428372981,437.4559022108534,771.47440,7714744000
642.5464711641381,595.0415107117409,771.71550,7717155000
532.7505484263036,588.3287510131769,771.93730,7719373000
617.4268541408039,596.4962499945082,772.15590,7721559000
600.6055273323794,542.3422282391655,772.37490,7723749000
630.2371868009917,471.1203921219254,772.60400,7726040000
623.4301066634926,434.08462182456475,772.81900,7728190000
676.4429920864765,402.13306054368184,773.07280,7730728000
676.8556684654568,395.79850403805955,773.29980,7732998000
759.9905163768761,456.17262140204775,773.53020,7735302000
848.7797243269338,447.82560688021215,773.76370,7737637000
907.1963733231808,487.97252915215336,773.99440,7739944000
922.2694882820832,482.8722511839204,774.22150,7742215000
876.6169107186525,512.6929016434653,774.45520,7744552000
922.4815489784385,468.2169539603707,774.68540,7746854000
1015.7014006091224,476.3562537373182,774.90180,7749018000
1013.3566865013657,508.1267419936181,775.13320,7751332000
956.286238755005,488.92163350838786,775.34880,7753488000
942.5160873691019,493.3937242177518,775.57260,7755726000
957.0207383814696,473.4017977346621,775.80680,7758068000
945.2512540850814,439.90242757308215,776.03570,7760357000
979.1118857158484,343.47945831413983,776.27270,7762727000
1001.6217315776381,359.00623719957616,776.50120,7765012000
986.2841516170288,294.5661234133777,776.73270,7767327000
963.1815602001302,376.17009042924036,776.96360,7769636000
937.8798965701062,459.23654677197015,777.19400,7771940000
973.7967275236961,505.41477903630926,777.41560,7774156000
1005.4503609098597,575.5190661580336,777.63210,7776321000
1038.356840409072,617.6702745004571,777.85450,7778545000
999.6384019729644,617.0371209043415,778.07030,7780703000
1012.95532753494,657.6846593204049,778.28820,7782882000
1001.7548077584919,672.0885895811033,778.50670,7785067000
1009.6125740583118,706.5130345232903,778.72080,7787208000
965.391503223434,718.5982074373986,778.93860,7789386000
1025.224311639116,656.0064414325927,779.15640,7791564000
1066.2357883824643,694.2441576717902,779.37200,7793720000
1019.7764423493923,679.8725391385673,779.58910,7795891000
946.0082096839054,609.8255569732625,779.80670,7798067000
888.2204960272546,631.1215352610927,780.02220,7800222000
796.6326363351644,492.4585308076624,780.24320,7802432000
756.4449436475427,433.0803539423171,780.45930,7804593000
719.6126528570378,370.183859514395,780.69040,7806904000
680.8726158154534,341.34319205880126,780.91160,7809116000
716.7969688968448,361.44540789460814,781.13030,7811303000
716.349074530007,377.30443463527604,781.35580,7813558000
783.0290005907809,349.1681890330219,781.57610,7815761000
754.3512214602489,351.80256653406764,781.80130,7818013000
778.7467619903828,370.8295926180967,782.02880,7820288000
809.653332572112,314.43724204004724,782.25250,7822525000
832.9661904789177,365.5599366079822,782.48210,7824821000
705.8075171874297,290.8366857823974,782.70940,7827094000
690.8917620008727,307.1483971696105,782.93370,7829337000
715.780301950417,285.7850231679531,783.15380,7831538000
684.4647413764153,332.32886705427177,783.37190,7833719000
728.4888475532163,336.2504180844702,783.59240,7835924000
752.3942184824035,404.7333030411237,783.80870,7838087000
731.2820914880554,427.1906417657142,784.03450,7840345000
826.633946240878,490.96774489243523,784.25420,7842542000
947.0198589635877,490.4243025361798,784.46940,7844694000
1064.5133486555583,536.8881948323683,784.68670,7846867000
1111.2331650945296,545.370051861098,784.89730,7848973000
1164.3299194495478,568.6699038972249,785.11820,7851182000
1263.3324962510558,551.3681716234588,785.33420,7853342000
1388.8790384948195,534.0141238044519,785.55930,7855593000
1431.3709741486118,582.3998709574505,785.77590,7857759000
1519.2770336224166,487.49401347018505,785.98870,7859887000
1523.3949107910419,519.0122828614956,786.20740,7862074000
1484.8721073748197,523.497951222878,786.42360,7864236000
1431.277315898447,579.0319636310096,786.64070,7866407000
1465.1308216498758,554.1430286105408,786.86090,7868609000
1376.7987151679063,517.5866972146385,787.07630,7870763000
1359.0525393235998,541.0827969632672,787.29740,7872974000
1337.8450952033531,494.1191530670908,787.52380,7875238000
1283.8095076987597,413.80997843428383,787.74600,7877460000
1345.7549846445002,432.6773109145348,787.96060,7879606000
1340.519894261112,371.7237484584124,788.18810,7881881000
1397.672698915904,317.96565512363725,788.41390,7884139000
1297.846422139087,263.84645464165345,788.64050,7886405000
1275.6490896308082,327.2736999820293,788.85460,7888546000
1212.696940532532,338.02893973702595,789.07280,7890728000
1086.322664155552,378.8806050567446,789.28980,7892898000
1045.672576428531,445.9373107298827,789.50770,7895077000
915.9097706183919,455.0960703349629,789.72700,7897270000
880.3794241695477,491.0641021918095,789.94800,7899480000
793.0867124190698,472.8508937614132,790.17650,7901765000
781.6990051671038,486.3622823544766,790.38850,7903885000
781.6049525885858,494.90297834943505,790.60240,7906024000
798.5208197437535,445.2027321793796,790.81880,7908188000
843.7644076737175,409.33080749273995,791.04300,7910430000
899.8302670687067,352.1749797613273,791.25440,7912544000
986.0507951267621,354.21434033834527,791.49160,7914916000
1075.4256966525102,350.12697370759975,791.71560,7917156000
1165.1007198725058,311.51703450211124,791.93100,7919310000
954.4696929895989,355.98358417374516,792.15820,7921582000
694.6450193818443,258.2471697127736,792.38200,7923820000
673.9748212902039,233.618065048503,792.60540,7926054000
502.8440215586529,205.17180832666304,792.83200,7928320000
563.5324608825396,218.06193389272954,793.06470,7930647000
509.14576405330206,179.59850544690528,793.29110,7932911000
453.0231486378647,114.43482574329482,793.52010,7935201000
408.971859305062,85.5764752364102,793.75380,7937538000
388.4665630674006,39.408184627325255,793.98430,7939843000
323.0326777977099,81.68492017192199,794.20910,7942091000
318.43306403039537,168.06551557189567,794.42950,7944295000
332.4421808222807,167.44410523496992,794.65400,7946540000
374.40102992763946,172.47969496056854,794.88380,7948838000
430.05509420230055,230.70418061018543,795.10330,7951033000
475.958179829732,237.17502382829534,795.33780,7953378000
398.43721379971146,461.4149353837006,795.56310,7955631000
370.01467425716,492.07475105946816,795.78780,7957878000
358.7233180029176,523.582626687195,796.01410,7960141000
279.5652777302985,543.1493102591473,796.23800,7962380000
260.69873698806845,515.785240373579,796.45460,7964546000
296.5414481867955,508.5073410908873,796.68770,7966877000
320.7017681461503,531.3985212003728,796.92570,7969257000
285.7745372968551,518.9850225607163,797.15730,7971573000
225.09450106751416,536.7175279280633,797.39810,7973981000
233.0054407605608,528.0333068650021,797.63900,7976390000
277.7935807145137,473.0441987768477,797.85490,7978549000
253.7440587110451,481.44803939215814,798.09230,7980923000
254.69380390255992,468.19507686543676,798.32730,7983273000
312.7880301132004,511.8041860485395,798.54580,7985458000
301.2505700103975,584.3978199642032,798.76350,7987635000
356.34702793833355,587.2048914025066,798.98500,7989850000
386.9256454774825,625.8958897599391,799.22300,7992230000
429.75863741176215,543.2689765741186,799.45490,7994549000
375.0665871899006,474.1022922794368,799.67710,7996771000
327.5051497479708,423.5860942074039,799.90000,7999000000
348.9794127170033,352.4604658431623,800.13390,8001339000
346.0279675789686,328.9237971618884,800.38390,8003839000
329.5007841134973,378.7347499224062,800.59490,8005949000
335.2681684966908,353.2397718868963,800.82120,8008212000
265.533612875494,398.0718247889783,801.04240,8010424000
300.82368555104324,420.9959237158845,801.26280,8012628000
251.72633504805663,401.79239982885946,801.48630,8014863000
284.00161693429226,376.92527185009203,801.70780,8017078000
287.5390568654258,403.56398398596565,801.92770,8019277000
270.1027390376624,429.8524379889391,802.15510,8021551000
281.8132103402308,378.85224965615583,802.37800,8023780000
355.70634285091785,372.3865509840783,802.59600,8025960000
346.8573339541662,390.2887115065175,802.84700,8028470000
233.65775444762397,358.25344716302834,803.08500,8030850000
213.1667823416197,341.73247896584724,803.30810,8033081000
259.37192779703196,379.21128910433976,803.52750,8035275000
362.6802329342535,379.79286478452354,803.75060,8037506000
439.45560677615106,389.3273019021081,803.97510,8039751000
514.36417349932,386.28811259258697,804.19830,8041983000
450.2307693105454,456.1348361793185,804.42130,8044213000
481.88126294892515,516.8118636127655,804.64370,8046437000
451.55017897588306,475.33786725400466,804.86020,8048602000
370.61514388017065,363.9783488267592,805.08460,8050846000
310.2970679007921,263.3173116835335,805.31160,8053116000
362.75505026191126,175.09980509881402,805.53590,8055359000
447.1405067691861,158.9458673664041,805.76530,8057653000
596.3143062034578,202.01522121191726,805.99420,8059942000
526.6419523887865,116.12524111035177,806.21710,8062171000
627.9466308717638,85.56479972725107,806.44170,8064417000
597.3137440128365,100.02670632393017,806.66590,8066659000
614.5751484970796,119.54291116509575,806.88750,8068875000
599.4976479728593,127.69317086477824,807.11700,8071170000
545.2035777221421,132.26952382959047,807.34240,8073424000
465.75388134189757,191.75684764578608,807.58490,8075849000
448.006058373151,216.23296835672906,807.79970,8077997000
443.8182107801873,264.47014647284686,808.01990,8080199000
502.0883081969868,313.3931487651789,808.24420,8082442000
473.85473484987017,315.041001370789,808.46630,8084663000
419.6282895413649,254.39426105181946,808.68180,8086818000
434.36069422863505,300.17473473958887,808.89650,8088965000
480.3085248388219,256.31811238531935,809.11460,8091146000
482.99819619454087,300.94961870943916,809.33800,8093380000
483.3500619743106,297.3843529104122,809.55420,8095542000
487.7043178486101,225.4198359327807,809.77520,8097752000
492.85772662513136,233.43534512699853,810.00220,8100022000
437.9141444599287,271.7651479408207,810.23030,8102303000
394.11391767135854,329.61307242122456,810.45410,8104541000
323.5869232841368,434.2268890870724,810.67700,8106770000
291.42996582888657,533.9541058551075,810.90650,8109065000
292.6163085469578,520.6364442591776,811.12630,8111263000
317.8860846730674,539.2549263314966,811.35190,8113519000
301.1948893234788,518.8634578592162,811.58770,8115877000
223.2190109360986,490.8738313452612,811.80710,8118071000
195.55507388550842,487.59491014592464,812.02420,8120242000
234.52964751864238,350.1483291614561,812.26050,8122605000
325.7836468149887,316.15640116640594,812.48540,8124854000
332.95893630436274,337.5404466627387,812.70640,8127064000
418.1555048565179,336.2283175822741,812.93800,8129380000
606.2270819800997,395.613661785522,813.16190,8131619000
671.2327616461193,463.0068673700546,813.39890,8133989000
740.4535164009318,506.7453186712626,813.62020,8136202000
743.4991562955371,500.2136611204347,813.83960,8138396000
728.0919621932625,473.4391239202349,814.07900,8140790000
746.7126170632431,428.01602027982136,814.29920,8142992000
694.7231990085256,392.54088491133274,814.51530,8145153000
661.9959841937272,337.6206551299241,814.72770,8147277000
664.0579454663098,273.56102270184067,814.94900,8149490000
701.7918988806377,255.42695214570745,815.16960,8151696000
685.4562980849012,197.3618751142008,815.39850,8153985000
719.5151782990517,228.31261453452498,815.62620,8156262000
807.1271230678557,240.03525128795306,815.86690,8158669000
891.9439727639528,302.22940614537123,816.09850,8160985000
919.4652831493601,350.29706127966557,816.33330,8163333000
900.3954504567165,356.2893096987458,816.56040,8165604000
825.8533736493172,409.4225157745166,816.79390,8167939000
826.2079502339299,518.3281743884861,817.02250,8170225000
802.9225432856205,563.917542941436,817.24450,8172445000
716.7756399157737,543.5900702817926,817.46240,8174624000
652.5794915549075,607.7308979984737,817.69080,8176908000
628.7130412828471,605.2930276630273,817.91860,8179186000
591.887735183312,643.4404640720893,818.14270,8181427000
573.1924308498952,728.9193152043364,818.37260,8183726000
550.5788289404874,764.8853280864363,818.60010,8186001000
533.2185113485867,760.6381735593316,818.82060,8188206000
429.52625407897784,667.2317504770458,819.05530,8190553000
381.1444815642126,584.026515760554,819.28820,8192882000
451.06302247319053,574.9087782910315,819.51460,8195146000
396.71333853193255,617.5366301838363,819.73180,8197318000
451.12485425627955,608.1937437484696,819.95700,8199570000
487.8671938629834,624.2814888595683,820.18380,8201838000
493.0657324237827,711.6585793528149,820.40970,8204097000
397.5871096214713,791.8548212967409,820.63360,8206336000
356.8932674535119,826.3103304023915,820.86190,8208619000
327.15714002555626,873.1411166751905,821.08910,8210891000
283.3082013638611,859.6774371983763,821.31210,8213121000
289.37480671906735,853.5124258783401,821.54760,8215476000
393.72109438700727,876.5348136634829,821.76660,8217666000
564.0619063438295,844.7814626105057,821.99570,8219957000
629.2527602983746,801.2056881405771,822.23640,8222364000
642.9716410447917,714.9479657623814,822.45500,8224550000
581.0955988830533,681.8086209665032,822.69340,8226934000
540.5632862617405,590.6511614384613,822.93120,8229312000
515.5060173491803,529.6045716777294,823.15780,8231578000
534.3680774137466,526.3503325776251,823.38550,8233855000
507.8608262251523,535.6622959016629,823.60570,8236057000
412.39005201053254,540.2719800644508,823.82700,8238270000
393.599863672889,508.08384709747725,824.05130,8240513000
364.6507761556958,443.39331204198186,824.27850,8242785000
379.99827036126754,391.89362225113183,824.49980,8244998000
416.73817619734217,343.4729516105497,824.73200,8247320000
354.3749727245698,298.88032307924885,824.96230,8249623000
353.759892310949,312.8132786679269,825.19000,8251900000
392.9938037641395,349.9983365829037,825.41530,8254153000
363.5436152607331,351.42513938031914,825.64680,8256468000
351.00523088670263,320.57741702179203,825.87420,8258742000
343.3268454341192,275.84404132844304,826.09990,8260999000
406.5981000546073,239.99508731177548,826.32040,8263204000
570.7330974714677,279.4294096412805,826.54210,8265421000
643.2527196368957,393.05145746137566,826.77110,8267711000
701.6329853122293,443.56732650004056,826.99860,8269986000
678.9105002830504,514.1788847949127,827.22090,8272209000
682.8822625636884,543.5285643291594,827.45100,8274510000
544.6311867366918,611.1438558969097,827.67670,8276767000
499.2011616981469,705.3887601066941,827.90790,8279079000
518.4218934794038,746.6495925648844,828.14770,8281477000
575.0488857116202,755.3780387047582,828.38380,8283838000
516.7271514596465,743.4801689480239,828.62460,8286246000
564.8764667814955,688.132519723933,828.85700,8288570000
603.3361925131205,586.9547223153211,829.08330,8290833000
675.6052393586539,504.2327211683655,829.31670,8293167000
747.7679867468781,468.2193565051206,829.55670,8295567000
848.0890709634133,416.7364779622864,829.78070,8297807000
895.0209553148388,436.7407592450023,829.99650,8299965000
998.7084030496922,491.3866340874006,830.22090,8302209000
1048.6805657784282,506.180211963611,830.45000,8304500000
1005.5773230134852,507.87754143939253,830.66820,8306682000
984.1042020388641,524.2677688389335,830.89220,8308922000
974.9920372293304,542.8679064871251,831.12050,8311205000
980.7508906704743,486.8737453524397,831.34300,8313430000
950.5527028076011,499.601892370625,831.55700,8315570000
854.4562804716684,570.9711790039039,831.78630,8317863000
812.8366543076805,588.2374095082642,832.00620,8320062000
854.6804522275426,642.0101803463422,832.23650,8322365000
898.7397149651651,731.378538242441,832.46060,8324606000
901.3984302331957,795.560674853868,832.67990,8326799000
865.1969960556206,845.7356530900604,832.89350,8328935000
1006.160443793947,802.2475519220353,833.10930,8331093000
1094.5269692435288,812.5917956787728,833.32340,8333234000
1111.1624150894318,801.9882989051921,833.53850,8335385000
1019.0729271968429,813.8475099357128,833.75810,8337581000
916.4472884062783,787.7678642332942,833.98430,8339843000
831.7641957857002,753.5994631423225,834.20700,8342070000
857.6750867743342,769.2773173147194,834.42440,8344244000
808.7893984827954,694.5893060148084,834.65780,8346578000
801.8241363348611,612.750519322463,834.89310,8348931000
785.8384182801468,489.80100323098554,835.11920,8351192000
660.1919816405468,401.4799338247119,835.34580,8353458000
526.6480736866267,309.0317061019483,835.57870,8355787000
444.51761433047926,271.8317836362412,835.81420,8358142000
398.6401401808363,231.14484760927604,836.03450,8360345000
435.71963211822765,185.44454998901108,836.26170,8362617000
446.09567371701536,189.53475282241556,836.49630,8364963000
441.9476818150387,243.25738612085615,836.74650,8367465000
447.1340590279557,250.36995778671178,836.96550,8369655000
484.40115285087154,301.87435687492336,837.18520,8371852000
519.3421292674757,283.0014281794037,837.40510,8374051000
588.7267529878526,294.17053525718245,837.61910,8376191000
614.8636782700248,386.7872747840415,837.83750,8378375000
828.5712282722653,333.3917327374949,838.05940,8380594000
685.776974568728,340.26924174904286,838.30460,8383046000
713.063444544525,268.29276828340187,838.55960,8385596000
576.3038071382648,402.12313045903045,838.79980,8387998000
508.1700044344047,416.3669818012743,839.02990,8390299000
554.8471721392225,453.4372737748177,839.26110,8392611000
633.129069842533,506.97484105494317,839.48600,8394860000
656.5782446606968,619.6156567998534,839.71070,8397107000
681.9478700067136,656.7448154911599,839.99510,8399951000
676.9724961591165,687.8066483296801,840.23020,8402302000
602.4607520756745,675.1994969237048,840.45560,8404556000
444.23809614073673,671.081899344121,840.68300,8406830000
475.36561961436394,664.2496540352021,840.90140,8409014000
432.15092160938383,581.837546679238,841.12760,8411276000
488.32505718893447,566.0166504281622,841.34470,8413447000
497.49158115789504,522.3984630591237,841.56320,8415632000
425.58548795016634,437.40968542521216,841.79750,8417975000
415.03032439063674,308.30971300851274,842.01530,8420153000
385.48108120469186,225.74650838439447,842.23130,8422313000
404.0563922896598,323.8556830757707,842.45470,8424547000
458.7931065506011,415.65174974857143,842.67480,8426748000
376.6642445231536,477.1952294316162,842.90050,8429005000
399.2542156154315,440.4451190573071,843.12910,8431291000
414.5869543188137,470.3072962363409,843.35800,8433580000
431.49713225778737,519.5671396912373,843.60080,8436008000
397.25408773482303,511.7803842592993,843.82440,8438244000
496.6026204112102,589.0008682416137,844.04650,8440465000
598.5655991604875,603.7494058073585,844.26890,8442689000
507.5383077022328,711.05061533343,844.48770,8444877000
470.21343621538045,782.9798874602676,844.72030,8447203000
424.20397927772365,813.9062557936161,844.94270,8449427000
375.4713947653533,813.7423102787691,845.15710,8451571000
376.2300564186647,790.9270500659945,845.39140,8453914000
392.01577741111026,731.1583536008558,845.61500,8456150000
507.7475044296332,705.5348862907725,845.82940,8458294000
515.3476637275987,619.5175247172973,846.04930,8460493000
450.40585876530935,517.0566481438595,846.27170,8462717000
424.3633424893638,472.56157585542525,846.49070,8464907000
432.9304754701095,406.6897935859933,846.70650,8467065000
342.31540189878973,394.1993699985737,846.94210,8469421000
376.8088864093262,386.66612829764335,847.16920,8471692000
466.0132829411913,380.91813157225516,847.39330,8473933000
364.7951578680079,345.95934448419956,847.60690,8476069000
376.6989768916592,241.07152037948975,847.83040,8478304000
289.5076634778067,277.16364571325926,848.05340,8480534000
364.5186545124102,325.5772470820084,848.27570,8482757000
407.34761293345986,286.1290940961528,848.49480,8484948000
446.88144337352077,378.0227353872999,848.72220,8487222000
433.86919913256844,310.83842629910015,848.93890,8489389000
477.37580075971596,276.4207551938502,849.15870,8491587000
415.6532835787005,247.67271565418537,849.37350,8493735000
396.783725070408,187.48918999022476,849.58790,8495879000
535.9646262606183,201.58007539306988,849.80590,8498059000
748.0488846043063,253.10420130334498,850.01940,8500194000
915.7938425701731,304.1416173268732,850.23610,8502361000
1028.4374309277841,314.06889984210676,850.44810,8504481000
1149.0058188313828,317.89706751991065,850.66600,8506660000
1202.49956835208,387.58652776833003,850.88530,8508853000
1193.1981653029682,367.72418858497997,851.11090,8511109000
1307.634944973758,383.1481004498363,851.32640,8513264000
1251.5371604677011,345.3718422610199,851.54370,8515437000
1266.3160724767254,349.6631865001619,851.75960,8517596000
1190.3870071314793,363.81330561351723,851.98320,8519832000
1052.8942575232772,427.13537251129236,852.20720,8522072000
1008.8227646187687,428.6759293033484,852.41810,8524181000
985.9797902137124,376.434663702267,852.64290,8526429000
854.5129226864645,386.76420121404743,852.86320,8528632000
727.3354046429251,360.0176976259806,853.08850,8530885000
594.130106465003,341.9143695473716,853.30530,8533053000
522.6831461890426,281.4111155432531,853.51930,8535193000
501.6261600701392,282.5087471217527,853.73970,8537397000
379.7288218792539,309.44691982504435,853.96440,8539644000
308.11088412712354,308.65405883738515,854.17590,8541759000
276.2270515179393,263.23971039738245,854.40120,8544012000
476.13591083159406,198.93189498284661,854.62660,8546266000
483.0911119235611,200.65786282504345,854.84390,8548439000
636.2309251399087,256.0265927603143,855.05620,8550562000
810.0621402903735,284.15306807761215,855.27860,8552786000
898.1181353358946,278.49938438033655,855.49950,8554995000
990.56905544559,293.30097911476673,855.71450,8557145000
1052.6111687165605,276.12372343419844,855.93090,8559309000
1119.6297382116118,264.2157350001183,856.15140,8561514000
1213.4484585783343,239.8318792589517,856.36600,8563660000
1265.1484661472564,236.95463083545422,856.58740,8565874000
1351.5647052686888,182.84364085685,856.80750,8568075000
1448.2693569992796,263.6235210572485,857.02580,8570258000
1486.7766229388951,246.0609071544037,857.24550,8572455000
1348.5678706465487,286.4779260013848,857.47540,8574754000
1178.1560477605517,297.1970497778658,857.69180,8576918000
1031.6836466591255,248.1968307795662,857.90880,8579088000
871.3187216486365,256.9466020400244,858.12880,8581288000
632.8289173534984,236.6719764495514,858.35530,8583553000
424.25983754392814,239.95159193048934,858.57100,8585710000
355.1716685802594,235.31563526662165,858.80240,8588024000
276.37479007139865,264.9216149669836,859.01910,8590191000
159.098931540583,293.04555707274386,859.25150,8592515000
126.98606674446799,253.66369904246642,859.48470,8594847000
140.5589222362653,263.2377053472792,859.71060,8597106000
115.79709223578116,259.4461005599489,859.95040,8599504000
122.25059760942253,274.2127049873897,860.16760,8601676000
93.78537558274502,243.06234685960126,860.39520,8603952000
240.7264092289962,263.4476265992582,860.61970,8606197000
306.5938785479167,242.09835137632297,860.85430,8608543000
347.0955931165472,188.54251515597056,861.08350,8610835000
390.7824448033607,223.40289643257057,861.31040,8613104000
403.1579844798386,211.27334342559925,861.53700,8615370000
427.198443907215,190.8873255574522,861.76430,8617643000
359.00451487171705,200.5318423327608,861.99660,8619966000
321.8053688984508,271.8243477269868,862.21940,8622194000
267.53714396134814,338.44245187592867,862.45020,8624502000
318.1938134062853,376.7696473272195,862.67530,8626753000
376.9310915718018,351.8238914675389,862.90210,8629021000
375.49124898571176,362.7460885327598,863.12160,8631216000
303.2513332987062,408.5718907203085,863.35190,8633519000
271.44631307773216,412.64537510456006,863.57250,8635725000
286.8276310638203,454.9900391448141,863.81030,8638103000
291.1773382267569,488.4793270551661,864.04960,8640496000
289.36841265314445,425.7829205187017,864.28100,8642810000
359.3425311954611,432.3626077384801,864.50870,8645087000
369.6235861544704,463.9258707641355,864.73600,8647360000
333.1315707408562,563.3524261517547,864.97540,8649754000
387.4183800930453,591.0458590149403,865.20090,8652009000
323.05600404149004,537.1747634353228,865.43820,8654382000
407.65767454263124,629.0654898346683,865.66230,8656623000
513.6032769895116,694.1463715812439,865.89410,8658941000
548.8036245605638,680.1484685015862,866.12320,8661232000
499.7462256461199,739.5890123650124,866.35210,8663521000
530.1724800863949,663.8378542695257,866.57940,8665794000
598.3028171986589,578.8345490578174,866.79930,8667993000
658.9682725005297,481.21062983254853,867.01990,8670199000
811.887685130234,473.46437260586106,867.25070,8672507000
713.900667468561,449.0091919313373,867.46900,8674690000
611.5058056160183,417.0198873050397,867.69130,8676913000
552.3475586820168,419.62347605442216,867.91140,8679114000
455.96872001991784,438.032150139204,868.13060,8681306000
369.64175776974906,455.38667207543017,868.35540,8683554000
296.06111431240936,493.26014741929293,868.58580,8685858000
303.5856991892939,519.0587309755119,868.80020,8688002000
366.9645154921797,539.8698701877145,869.02430,8690243000
333.686577669328,513.6158793106911,869.25140,8692514000
301.7560537040963,477.43662777742327,869.46840,8694684000
347.9789865292741,471.0706671629231,869.68170,8696817000
349.1312656579344,467.9226984937686,869.90380,8699038000
389.90127330777113,394.5310042241272,870.11990,8701199000
442.9700324478037,392.01023335533773,870.33920,8703392000
530.0113351613847,369.77304418266885,870.55960,8705596000
626.9661331988176,365.9045885139662,870.77930,8707793000
623.6959480164511,485.904557410135,870.99960,8709996000
561.4001871801283,519.4430158542069,871.22060,8712206000
539.5487733111607,552.091677702497,871.44220,8714422000
530.5427883852913,669.3887626190002,871.66650,8716665000
432.01536533191,702.2944455999575,871.88760,8718876000
377.8001987757799,721.3969814620066,872.10340,8721034000
363.7913258558343,692.8631006708612,872.31810,8723181000
418.72207613117837,675.0660088911615,872.53240,8725324000
437.7178386749809,634.6515845515125,872.75470,8727547000
435.9448400368406,566.2312583655357,872.96630,8729663000
383.90276920551804,528.3243092576416,873.18670,8731867000
323.6700097145408,465.7957771266066,873.41080,8734108000
326.6777505458805,467.1671853685333,873.62530,8736253000
350.5379109387694,416.4372129077882,873.84540,8738454000
452.238877110877,398.82107018979497,874.06870,8740687000
473.945144079872,440.3170718316463,874.29130,8742913000
438.6098005896915,396.4391640805383,874.51360,8745136000
391.72183916912803,359.8185145971976,874.72970,8747297000
463.50772283077583,286.21951789745316,874.95110,8749511000
436.8045530987679,260.8424494235027,875.16260,8751626000
455.9546753449784,283.1409686025951,875.39360,8753936000
485.3449457145304,265.32438943197315,875.61760,8756176000
594.8647590925412,255.7586339404285,875.84470,8758447000
633.3672539601026,307.6177002350537,876.06930,8760693000
735.6791700838905,347.92916439502005,876.29030,8762903000
827.3372833124538,362.32732540724396,876.51380,8765138000
831.699053068726,266.7377977526454,876.73340,8767334000
920.3279696538345,254.8574293084794,876.95340,8769534000
1067.4187762099757,213.97903066713906,877.16970,8771697000
1231.4434115516128,248.15518657772057,877.38480,8773848000
1319.1800399012363,265.216074187703,877.61960,8776196000
1421.9993304746624,258.4892245227783,877.83910,8778391000
1413.9320905445682,345.4727589490093,878.05440,8780544000
1221.1674822170335,323.70060800887416,878.27120,8782712000
1024.734479359094,376.99016551669524,878.48690,8784869000
912.5806039986285,380.2273417094235,878.70870,8787087000
792.1389185020051,416.7680330984743,878.92730,8789273000
729.2823482361749,430.198346561376,879.15930,8791593000
614.1999806949552,447.35480480524245,879.37470,8793747000
573.4741883307025,410.6355748214161,879.59270,8795927000
528.390210249456,388.26341853859856,879.80480,8798048000
524.6969386747595,359.58758102662307,880.02340,8800234000
455.08058660466276,381.53289699873335,880.23800,8802380000
572.3222756053763,321.6684543174165,880.44780,8804478000
687.1221085076947,353.595993614616,880.65980,8806598000
893.1289653846846,367.75068559298984,880.89140,8808914000
939.0662178381705,434.1714739418889,881.11900,8811190000
1001.9412660947822,464.40052838934946,881.34610,8813461000
988.9170560296553,473.74129313954563,881.56480,8815648000
956.9264985294603,533.3024573568383,881.80590,8818059000
804.189188773867,548.9935050564187,882.04780,8820478000
699.2982991227517,570.0480541303218,882.27300,8822730000
580.4303611332358,492.35198801649165,882.50390,8825039000
564.9464852866988,464.9469029590189,882.73580,8827358000
436.4291023167587,378.8190357267821,882.95960,8829596000
428.19237449666264,347.7473607306303,883.19090,8831909000
393.4859163726296,383.25549317027816,883.41070,8834107000
325.41196479653405,409.4489216950736,883.64930,8836493000
242.99540946874987,415.33952435525663,883.87350,8838735000
324.73741205580075,534.2550567999934,884.08970,8840897000
308.2350883321664,556.7327829843946,884.31040,8843104000
358.0470499607866,530.7873512436744,884.53540,8845354000
328.4238618912366,584.7605467466196,884.76610,8847661000
316.324853981245,523.4134288409555,884.98780,8849878000
383.20849263712023,502.0233137087847,885.20650,8852065000
274.76816000076747,450.7644259075121,885.43900,8854390000
265.8117362917354,458.3237120776863,885.65980,8856598000
249.74438656830372,412.34656309212744,885.88120,8858812000
271.6708371303525,397.0456787391152,886.10560,8861056000
309.10065206658646,369.7905370711131,886.32930,8863293000
387.0339843388217,384.0118430904039,886.55320,8865532000
439.14662149049195,365.7109872342617,886.76630,8867663000
621.5450960398417,350.173666865026,886.99070,8869907000
646.2002068018155,444.7034261700062,887.20730,8872073000
659.8112670786184,506.2014066091152,887.42110,8874211000
552.2744579373918,562.4260597761639,887.64030,8876403000
528.7713795165438,568.1860040503169,887.85730,8878573000
496.91708941761624,586.0654840878319,888.07830,8880783000
374.8220140935157,593.5444870951678,888.29760,8882976000
414.5849557502156,596.6260939930786,888.52040,8885204000
421.02492404630044,612.3679595101054,888.73480,8887348000
449.20592010844507,559.0034579185648,888.95160,8889516000
524.138580878823,511.51231678792055,889.16050,8891605000
473.077125328188,491.09840062817096,889.38790,8893879000
400.5154632734368,488.81736500728806,889.61490,8896149000
340.02922712511855,503.28012825771145,889.85450,8898545000
403.07231378725345,571.1681523473902,890.07980,8900798000
413.6319223619139,571.0651645606638,890.29350,8902935000
365.64606644393484,628.963436257656,890.51240,8905124000
410.5228071571785,636.5875092123663,890.73290,8907329000
521.751326460599,570.2502481126872,890.95370,8909537000
467.55927716820906,505.01946228737506,891.17470,8911747000
493.56729748116186,439.2021440503683,891.39170,8913917000
390.54204963291244,400.71076042688634,891.61680,8916168000
361.7281748976267,388.2479103337486,891.83550,8918355000
316.48403555662236,322.3688370570867,892.05390,8920539000
357.33125826820844,271.6662031346571,892.27650,8922765000
370.3793927017894,289.87732427367564,892.49280,8924928000
330.5536057207563,331.74902577639926,892.74630,8927463000
295.67492202174213,353.39622766591697,892.96390,8929639000
309.30142796938173,392.352170401213,893.18360,8931836000
305.9521973545011,489.66774623924397,893.40530,8934053000
361.77466222401483,555.1912616137325,893.62010,8936201000
322.5307318333631,500.16484929689415,893.84200,8938420000
346.8999305048424,495.1651261886141,894.05940,8940594000
279.98277598725684,582.4143535584991,894.28500,8942850000
255.36122931309762,599.418388718834,894.52580,8945258000
407.57806010288294,585.9891773162565,894.74990,8947499000
468.5209415987424,598.8236541288535,894.98240,8949824000
540.947223344028,546.6021148001564,895.21510,8952151000
476.0050114824661,526.7856971715682,895.44150,8954415000
431.3251924034325,534.0714793317065,895.67170,8956717000
391.04134262178576,510.36376254567136,895.91780,8959178000
375.63353797652024,511.75590010569374,896.13380,8961338000
303.0931921396606,586.7348192902405,896.35300,8963530000
306.2703703649089,575.8072983517741,896.57490,8965749000
306.39932073080786,594.4607106729328,896.79650,8967965000
265.94999281639775,566.1147111431223,897.01660,8970166000
155.73326849574102,580.3201730963175,897.24690,8972469000
126.74884537056062,633.416044344119,897.47150,8974715000
83.8987973269726,605.006907028649,897.68440,8976844000
74.27743550784675,599.9293913609538,897.90130,8979013000
137.10629677795484,555.9577216729626,898.11800,8981180000
105.69299403768017,531.4542035772281,898.33700,8983370000
129.7760954237659,449.72391717391537,898.55900,8985590000
74.12822668938188,407.64976638315653,898.77900,8987790000
126.15379275276337,415.74295313105847,898.99930,8989993000
280.4179401073467,523.6885599622226,899.21750,8992175000
459.17268046538265,649.275821880015,899.43470,8994347000
597.6528987199088,678.3436180019272,899.65110,8996511000
600.2346180547516,724.2965632209192,899.86730,8998673000
896.8307767009138,775.5623959378853,900.08130,9000813000
1065.0319219616101,764.9831567422868,900.30190,9003019000
1065.9704411607263,703.7520471553731,900.52020,9005202000
905.5343667282341,619.5091290135725,900.74460,9007446000
774.9799346488726,525.5127112383759,900.97110,9009711000
666.6310134519753,421.166462662054,901.18890,9011889000
620.2031989577122,365.0356385010793,901.39920,9013992000
500.8605601106844,325.4518054355526,901.61650,9016165000
411.6711629429283,263.46298264411405,901.83420,9018342000
317.0443022089292,276.73660100169946,902.05030,9020503000
412.31939976397257,320.9405067388166,902.27730,9022773000
362.0050371884499,314.6468334725955,902.50220,9025022000
369.3226292539888,331.4116523450114,902.71980,9027198000
446.7879908636693,332.7380103861212,902.94370,9029437000
566.0417237777202,361.96940422990735,903.16760,9031676000
615.7668270028305,313.9217192264802,903.40750,9034075000
628.8656507716253,283.78492858315195,903.63620,9036362000
580.6288980890859,259.1423351593008,903.88310,9038831000
550.4844988185953,227.19185170700467,904.10520,9041052000
491.5552787633651,230.03937879496425,904.33410,9043341000
451.19570601712644,273.7374021998672,904.56210,9045621000
407.4983203917844,273.5511494793167,904.78590,9047859000
408.37192393354763,288.46052050739235,905.01790,9050179000
373.8582810808624,298.5678407698684,905.23760,9052376000
376.4845617330872,283.315632566424,905.47060,9054706000
373.8584781182944,283.9880002156394,905.69680,9056968000
237.39718626597565,316.24874093092245,905.93370,9059337000
208.91168102701835,345.2091917884195,906.15630,9061563000
417.7362534939722,441.18791171823443,906.38530,9063853000
757.3146750533363,556.2731261849376,906.60730,9066073000
740.2050800420282,505.24193445242287,906.85600,9068560000
776.9807605778938,514.2373074656,907.09010,9070901000
668.6930724572278,480.44490920878116,907.32590,9073259000
577.7763443490546,441.64282743768007,907.56480,9075648000
564.6578381212408,425.66372949316894,907.79440,9077944000
539.2124547339236,417.6407247207577,908.01720,9080172000
463.53023733379877,346.31661928296626,908.24110,9082411000
406.0533877902848,339.37464304706197,908.46640,9084664000
352.46130929876256,327.1202491660157,908.69490,9086949000
283.28060072698406,332.78863015358195,908.92680,9089268000
239.09799294493138,382.251544336428,909.14670,9091467000
362.94878041855225,440.6608169679672,909.37080,9093708000
368.1179654904824,490.51822742596073,909.61470,9096147000
417.0803841438979,576.6191434947362,909.85190,9098519000
475.53149095161103,583.4408496675272,910.07160,9100716000
483.50904603777127,597.5737044391916,910.29400,9102940000
424.835247825714,625.0531735167044,910.51210,9105121000
465.5191390656569,674.2390203198904,910.73290,9107329000
427.71290038463457,591.5501226436405,910.94970,9109497000
674.2398037537184,652.8016496708863,911.18700,9111870000
907.4936155347709,585.6984502391535,911.41260,9114126000
1009.3258207594228,540.005953092219,911.63640,9116364000
1037.9826833591926,469.98260483149943,911.86460,9118646000
963.5252696776264,446.35138842880957,912.09150,9120915000
870.4501690574191,493.91895535918803,912.31950,9123195000
881.6874366917706,507.44767944536346,912.55120,9125512000
914.559390430932,549.3552138408472,912.77250,9127725000
897.9756519005465,621.6144934603648,912.99650,9129965000
926.5730337864732,648.7841255774567,913.22030,9132203000
1212.7911770665082,710.0208870281855,913.44320,9134432000
1251.6756600800302,745.0431957127112,913.66580,9136658000
1124.987194993297,753.0993938641074,913.89310,9138931000
1064.6601247664819,685.9511406153952,914.11230,9141123000
895.5515812458857,695.709595554067,914.33950,9143395000
757.1783121253452,725.7749824376644,914.57770,9145777000
669.5119329849692,734.8768814818028,914.81950,9148195000
672.0925879658807,728.9436096788462,915.03720,9150372000
610.740893077214,728.8652392513262,915.26550,9152655000
520.2274760318372,603.2004642916013,915.50180,9155018000
541.7506014234759,527.7077910192378,915.74320,9157432000
515.4527316896077,446.34783127957536,915.97100,9159710000
513.5786314498598,390.6418974810469,916.21520,9162152000
486.243269678593,395.1749394536334,916.44660,9164466000
436.97709023434516,359.9907835158459,916.66860,9166686000
381.8582191664852,396.901747257368,916.90130,9169013000
351.4194688817909,483.9523720216628,917.13230,9171323000
395.21855888429707,518.0130830452172,917.35170,9173517000
359.13488417398236,573.0090038445845,917.57270,9175727000
338.35182619166966,596.2223806713539,917.80020,9178002000
394.1360421639963,585.2427299691932,918.03040,9180304000
381.9808802439805,543.928967440241,918.25870,9182587000
412.26677178604683,440.5789371119942,918.48810,9184881000
518.6745775309453,402.0695221642946,918.72680,9187268000
493.8248315789139,423.58787395340175,918.95170,9189517000
469.8729134575077,445.23819436594846,919.17530,9191753000
380.816811230079,523.1206780813848,919.39800,9193980000
368.04590332370776,550.0823057758278,919.62860,9196286000
325.8602204480101,552.4708848156964,919.85260,9198526000
328.81887649315036,503.25076891856787,920.09190,9200919000
333.75326759543884,495.8550383000851,920.31760,9203176000
664.570796315463,504.304361005235,920.54340,9205434000
1049.1014104752098,572.1383850616321,920.77030,9207703000
1365.9341712007638,610.4547928144772,921.00010,9210001000
1529.625812207151,604.2068088385705,921.22610,9212261000
1595.46153011793,551.2233062796774,921.45960,9214596000
1785.035488606374,548.8945632283234,921.68880,9216888000
1911.0602692991456,587.8345802848388,921.91500,9219150000
2001.8148849434162,621.6154583231418,922.14280,9221428000
1976.0643140079176,607.9678484646901,922.37070,9223707000
1822.9135819611156,560.8725933365281,922.60170,9226017000
1678.1335799410465,589.1403582574526,922.83420,9228342000
1524.3813064340798,498.657511179662,923.06590,9230659000
1439.815159652292,392.31554419139377,923.28380,9232838000
1330.5777929968724,274.6040484328568,923.50130,9235013000
1275.15086827922,212.9669767497535,923.72310,9237231000
1249.6208683869859,174.65025001998387,923.94080,9239408000
1036.197894664846,151.56256130318283,924.17390,9241739000
905.8725322812295,194.73870406031193,924.39260,9243926000
675.2659489414373,297.8489486633422,924.60780,9246078000
606.1602688746207,295.57138036997645,924.82200,9248220000
473.2131712642084,283.42962072823894,925.04140,9250414000
426.9335148425706,294.75263787004747,925.26230,9252623000
409.2706371903779,282.4126532374888,925.49820,9254982000
412.22041319285097,284.45349960006723,925.72210,9257221000
333.0905406500344,271.895752456577,925.93930,9259393000
317.8769876253157,261.19381388603523,926.16320,9261632000
247.30630024777733,266.6018108493516,926.39650,9263965000
297.60873433777124,211.72098619092816,926.62510,9266251000
195.9281484112451,242.2729127607369,926.88310,9268831000
221.7501689729338,294.47741236212084,927.11360,9271136000
243.07920613442602,278.255555042964,927.34630,9273463000
347.98029027660516,204.1937045829915,927.56660,9275666000
493.81603962958957,186.76517574885636,927.78880,9277888000
626.8596979056417,196.4877167613384,928.00920,9280092000
645.348926714838,195.11103238278136,928.22760,9282276000
666.235015256023,236.5370668132647,928.45900,9284590000
607.7121017015022,302.7070909504181,928.68880,9286888000
617.3997020948051,346.9422796447359,928.90820,9289082000
634.1884258814506,392.6070883683594,929.12610,9291261000
710.4922231616582,464.5538592590264,929.34620,9293462000
682.6608026938464,490.7982202490656,929.58320,9295832000
683.8218675067758,508.71456957379183,929.80920,9298092000
644.5477253886622,475.34254783359603,930.03190,9300319000
575.077710304601,458.7292189104447,930.26600,9302660000
594.42589575781,431.1936465136286,930.48890,9304889000
613.862768675339,404.3640842549999,930.70400,9307040000
604.9467392908142,390.84144434519453,930.92530,9309253000
629.6710976314081,368.5085730733493,931.13830,9311383000
767.441799437856,337.8845961979131,931.35750,9313575000
667.7099787015081,281.987168525936,931.57810,9315781000
620.5659769628282,268.91021527088293,931.79150,9317915000
526.7818175526904,258.2282055930735,932.01000,9320100000
472.23036809016537,268.12209423235197,932.22290,9322229000
438.96082531951873,362.9557173759206,932.44700,9324470000
435.6801989277984,424.36667361866466,932.67050,9326705000
406.51796620561055,498.2386614854123,932.89620,9328962000
312.0813926422134,566.571204280826,933.12580,9331258000
344.98324959497666,624.203175538426,933.34530,9333453000
325.34788400129503,675.370565332905,933.56300,9335630000
414.0926545979302,698.0612187215299,933.80750,9338075000
271.15461236794636,664.8456104884531,934.03450,9340345000
262.8254159818654,632.7595732031847,934.27060,9342706000
282.5215132977085,599.3766983983236,934.48850,9344885000
324.9487698254839,600.1304080038075,934.72880,9347288000
367.9049105457134,590.6889591270378,934.95850,9349585000
442.2326801834739,577.1570756561254,935.19080,9351908000
487.9246282845061,505.4656909988647,935.43380,9354338000
493.35247688903166,443.26839217242104,935.67040,9356704000
461.8705809110304,391.6955063167332,935.90160,9359016000
414.37510510532616,337.74883461355034,936.12290,9361229000
399.84852930005155,298.32992582404233,936.33780,9363378000
403.81128928431576,339.05697739166476,936.56600,9365660000
375.5667736746238,299.98259709526013,936.79180,9367918000
307.7892267354734,307.8342186593384,937.01070,9370107000
263.9097139131127,318.49735236326876,937.23110,9372311000
229.8782739615658,292.57754706160296,937.46820,9374682000
137.70200941288482,275.3943972373731,937.68380,9376838000
84.0222533946948,260.09956344092586,937.90110,9379011000
136.49628268613932,231.268173767451,938.11600,9381160000
218.06301444330012,222.5992578443639,938.33810,9383381000
245.92157600462977,268.20296607031867,938.56110,9385611000
325.82235724089753,296.9814288248233,938.78930,9387893000
407.2420950521201,345.22379595840215,939.01120,9390112000
501.14047497946103,367.53534032214037,939.24720,9392472000
429.09697523228186,374.5550380898024,939.49040,9394904000
440.37591046989144,416.4603944172072,939.72370,9397237000
438.1478473269881,410.57732201530473,939.95250,9399525000
354.910929346907,433.6460178743271,940.18380,9401838000
424.8000651087792,425.64384712677077,940.41610,9404161000
484.6332995896084,433.9402096226556,940.65010,9406501000
455.14593338146847,439.9486645002871,940.88820,9408882000
484.18791234753854,382.0007132678449,941.13470,9411347000
442.8534243887384,377.83205004617946,941.37060,9413706000
379.3213620647259,465.2631065207866,941.59020,9415902000
371.90576180279174,553.3980702830172,941.81190,9418119000
315.7233831994621,624.1317973348105,942.03230,9420323000
338.7711505488885,659.9349733975829,942.25810,9422581000
388.4061861970257,733.5518961141457,942.48660,9424866000
378.1023449365162,769.6035115572704,942.69760,9426976000
334.7147123471731,785.5679551557707,942.91960,9429196000
422.7816065115999,777.4179039270865,943.13670,9431367000
359.7540443483185,763.0038462955014,943.36600,9433660000
379.45341319643444,734.8212229779316,943.59190,9435919000
360.7382362259579,683.0857016573324,943.81570,9438157000
399.53195738490155,616.6170700122486,944.02910,9440291000
288.6166994447765,696.0326800626601,944.25310,9442531000
296.0178667975988,645.992351744274,944.48020,9444802000
300.71852248283477,623.9473598458416,944.70990,9447099000
359.2964747996834,633.7212067722563,944.93210,9449321000
269.99830854553517,647.847154616865,945.16120,9451612000
234.97720911885511,647.3598258396354,945.39310,9453931000
189.79630658073356,649.6030473766555,945.62260,9456226000
221.69165244313106,550.7876386285985,945.84690,9458469000
275.9018315410945,576.4489600073535,946.07780,9460778000
383.797892862999,518.7988640696349,946.29270,9462927000
471.03794308442184,485.1708610927219,946.51140,9465114000
559.7953175814494,447.6646102703534,946.73510,9467351000
577.4228148950343,505.5658300837013,946.95430,9469543000
439.81731645799096,564.0127130586078,947.17440,9471744000
436.2018213826114,532.3277480307627,947.40920,9474092000
315.12178200380134,529.6565211053612,947.63420,9476342000
347.191630937269,472.10883622531566,947.85930,9478593000
397.73597574743985,468.3891918997273,948.09110,9480911000
399.0828938613083,463.4381325785008,948.30530,9483053000
355.8025983758259,458.0837590556739,948.52700,9485270000
356.51291119719275,483.95604234044697,948.74520,9487452000
343.5575247623628,443.64449681080134,948.97670,9489767000
355.789812671712,437.55841805910546,949.20710,9492071000
390.88941416604104,419.0444727103002,949.42980,9494298000
432.0401734914576,382.5809604422796,949.65910,9496591000
503.0794668630666,382.31975053499724,949.88050,9498805000
599.6633574941104,389.45754556284817,950.10950,9501095000
786.0019207836133,367.31379630935663,950.33210,9503321000
901.0047935010974,368.1089964585522,950.61040,9506104000
936.4935470729076,342.81973110714944,950.83430,9508343000
934.7586203697219,317.9236340292586,951.05980,9510598000
1027.2130089147784,284.2085983241494,951.29450,9512945000
1165.4267068141364,281.4305100833993,951.52230,9515223000
1175.3560884762924,291.6785733047095,951.74890,9517489000
1293.124813887158,379.240818409211,951.97450,9519745000
1241.3070725639684,314.60882768492803,952.19970,9521997000
1316.540892446582,342.1866772629454,952.42900,9524290000
1208.1568032090445,373.93413493040237,952.66840,9526684000
1196.8746357838263,390.5918878647203,952.89480,9528948000
1146.3038449763221,443.59180635569703,953.11380,9531138000
953.3610147489189,473.0892368803861,953.33540,9533354000
916.2400617562737,411.66453778174446,953.55260,9535526000
753.846794719243,397.77333450252047,953.77740,9537774000
597.027969337926,313.832098771898,953.99690,9539969000
517.4722434108979,282.6610528106367,954.23300,9542330000
445.3252058120327,240.7314057302814,954.47850,9544785000
442.09389501902314,269.0256375718746,954.69170,9546917000
515.3951928777217,262.4689201511549,954.92070,9549207000
498.29825934116343,255.84864501259494,955.13860,9551386000
403.4888685537363,333.36304915328265,955.37620,9553762000
444.0932202485514,298.85467659119354,955.61090,9556109000
410.31914466079496,252.17047325055495,955.84670,9558467000
441.4689378904731,232.67469169708914,956.07900,9560790000
435.2253559405791,234.41894664148066,956.33710,9563371000
461.0614596616553,309.09165194339215,956.57030,9565703000
603.1655568204194,238.25777292827956,956.79600,9567960000
588.4282201280527,230.76026471966765,957.02220,9570222000
777.7375641218026,204.81989075726577,957.25970,9572597000
951.4516804704094,202.45931280761113,957.47940,9574794000
1013.5598967937532,174.91382291750625,957.69380,9576938000
1043.353464746607,188.638453532437,957.91580,9579158000
997.9384236386159,218.65112831267473,958.14430,9581443000
1146.5878532819013,274.9000930208029,958.36040,9583604000
1059.3325404804716,236.6009319140984,958.58550,9585855000
993.9661782795403,228.69553378609973,958.80440,9588044000
1006.9277199165005,251.57441230790164,959.02640,9590264000
893.155541723891,218.83192072456646,959.25230,9592523000
761.2508242326813,275.27961978443454,959.48390,9594839000
662.4793051135111,294.28740405480073,959.70430,9597043000
538.8411671356303,270.2546932500751,959.93180,9599318000
447.18572823766806,233.7547571294891,960.15470,9601547000
375.3426041139979,198.71444491651076,960.38820,9603882000
350.4060273155189,213.74329816014443,960.61580,9606158000
354.6529441984436,201.21275957334962,960.85060,9608506000
417.19460993030503,192.61215597675667,961.07860,9610786000
445.11155462914576,213.66423433627256,961.30080,9613008000
651.7063371815191,276.4636324920785,961.52750,9615275000
799.6113718036213,225.89414782941353,961.76150,9617615000
897.7330663794731,265.51548270311406,962.01030,9620103000
1109.632969195182,278.6278700035631,962.24430,9622443000
1097.8821817783164,297.0468726064207,962.47540,9624754000
947.3609616061884,334.4992829835715,962.69670,9626967000
1035.4235876686578,361.23155530811846,962.92090,9629209000
1100.813764613631,347.7338190999162,963.15090,9631509000
1130.1794280864735,313.4088440286875,963.37980,9633798000
1081.3057010730959,351.10650754120314,963.62850,9636285000
1072.888508162803,345.57310970467466,963.84860,9638486000
978.1142056136694,307.4258237129307,964.07970,9640797000
1073.5348606771609,329.21458048345465,964.30160,9643016000
1073.20891904775,281.5326072689741,964.51690,9645169000
1041.7442457034817,483.7854803362741,964.73600,9647360000
1158.6703389607121,444.2196862615209,964.96100,9649610000
1082.9437021748024,517.2525665682958,965.18250,9651825000
1030.2969716595558,501.30008887990226,965.40450,9654045000
945.0402657929106,434.40023992081535,965.61940,9656194000
835.1966688228283,366.2423152058907,965.84040,9658404000
721.0672588607824,348.7212222295854,966.05880,9660588000
725.3224091196961,290.9631562808921,966.29440,9662944000
834.2888374637696,258.621122929078,966.51270,9665127000
905.8722423983829,274.3917151125959,966.73120,9667312000
883.31914962561,257.2906465724332,966.96040,9669604000
746.0809895257443,259.0570364468407,967.19500,9671950000
605.9599994818047,309.91939272400873,967.42320,9674232000
508.0572027066618,353.06047335034543,967.65250,9676525000
434.4073728306267,337.03304115285914,967.88440,9678844000
327.3723254484741,274.4017130641347,968.11200,9681120000
351.2300091059201,205.75335273972178,968.35600,9683560000
331.5369684219313,192.49671113687486,968.59460,9685946000
351.3722105796818,241.2292358574707,968.82920,9688292000
437.2978935438329,276.6388092588083,969.06570,9690657000
468.65764862340234,250.4154324268375,969.30410,9693041000
549.7411680829189,203.2817013901657,969.52430,9695243000
643.23547110476,155.30207972172482,969.75200,9697520000
631.3793758859674,145.01989328826772,969.98290,9699829000
533.9592809313358,104.60081769596519,970.20820,9702082000
535.7410112645873,104.1546973330274,970.43720,9704372000
523.7500436348174,87.5989178961355,970.67370,9706737000
520.9038524801465,134.50266567829476,970.90100,9709010000
478.09596827095476,174.11108027501314,971.15200,9711520000
446.57792816389997,154.10137602465116,971.38210,9713821000
376.63668844012415,254.31907925132668,971.62030,9716203000
346.9008240001874,314.17859629719214,971.84380,9718438000
450.97731844342627,324.37647025810264,972.08110,9720811000
585.4504361434663,291.29957753549746,972.31690,9723169000
748.3251657574832,274.4691369115265,972.54270,9725427000
960.224868595238,288.02495041349886,972.76010,9727601000
1014.2544939825549,309.2935833044314,972.97950,9729795000
1026.6921410233851,347.46782992607456,973.19060,9731906000
1005.5376197360929,393.2375732366006,973.41690,9734169000
1049.6086774468545,354.42334249779395,973.63280,9736328000
985.5439877059539,338.69821494553634,973.84830,9738483000
936.0826250925064,302.22248028806933,974.07860,9740786000
822.8744073354443,327.5849695096011,974.30200,9743020000
716.9828215836188,263.07146390870764,974.53100,9745310000
654.0486341862206,227.4599165449001,974.77410,9747741000
614.4472280709754,260.49295444965156,974.99810,9749981000
566.11146312033,215.4846785250239,975.21930,9752193000
472.6372917808464,190.54345511901428,975.47290,9754729000
432.7453241739007,169.99968775640818,975.69640,9756964000
375.0774095789105,162.07436870125352,975.93750,9759375000
386.04362487820015,159.51139769111842,976.17380,9761738000
429.7373064580954,170.04219080954994,976.39380,9763938000
393.0317989339557,237.0670270579714,976.61920,9766192000
381.398356166148,245.2212573012835,976.84520,9768452000
357.0260225842723,236.08381887318927,977.06830,9770683000
370.80363660268927,204.57448292909814,977.32240,9773224000
283.8167873498651,237.23731106351926,977.54710,9775471000
283.02543717484525,243.62167040476115,977.77410,9777741000
305.1214407536601,243.81323158435413,977.99650,9779965000
244.66146509459332,262.4892971057232,978.22470,9782247000
309.0149995118934,234.63448790204507,978.45200,9784520000
353.7910940318669,244.946505086225,978.67130,9786713000
415.7697355512938,216.5459224905557,978.90150,9789015000
504.00311010760095,223.63486832099915,979.12830,9791283000
545.6860211782658,231.5630106717191,979.36180,9793618000
567.6352465989484,239.77256460305952,979.58610,9795861000
661.951912446472,189.95939919260883,979.84250,9798425000
714.6875882791718,229.39845803002504,980.08020,9800802000
707.5762192361025,270.9801433063019,980.31970,9803197000
648.2237824551303,314.3905659897515,980.55560,9805556000
623.9840888691556,321.7558015440993,980.78210,9807821000
643.1458771612649,325.33954066337964,981.00690,9810069000
628.7024788705675,351.17876562801814,981.23030,9812303000
568.5309220052533,367.80433665113804,981.45250,9814525000
522.2748418477987,338.12259076660985,981.67000,9816700000
448.42980001271945,289.6855649126447,981.89080,9818908000
498.1771425147407,265.2911371593449,982.11580,9821158000
477.15450610722064,278.4960222619218,982.34880,9823488000
519.6526676288344,293.9502801697317,982.56610,9825661000
631.2773698749298,279.07692603437334,982.79690,9827969000
689.5344188957718,231.31769845865642,983.02020,9830202000
640.2972516178871,113.46201242330787,983.26570,9832657000
716.7038508448024,-20.019608164425534,983.51050,9835105000
723.4003437743745,8.585551492253046,983.76380,9837638000
695.375448943071,120.53508046272677,983.99210,9839921000
714.4955242799908,87.26495017924593,984.22890,9842289000
910.578369253406,146.1445680185928,984.47500,9844750000
902.5853357602667,253.9248407723335,984.71910,9847191000
853.3206333918241,397.869016726269,984.94520,9849452000
989.903797048459,373.61406653446255,985.20210,9852021000
930.4405069891548,487.37465567892446,985.45210,9854521000
810.9772952451983,467.4035457325021,985.69810,9856981000
766.4830968774617,436.6817705706917,985.92630,9859263000
624.2956085926094,375.0436688840945,986.15590,9861559000
610.796589433379,388.65184825583015,986.37560,9863756000
542.5522146639624,405.3264127338962,986.61040,9866104000
523.6127659270069,430.53521426812625,986.82520,9868252000
491.84748546341865,400.054290893553,987.04700,9870470000
470.44053596122353,327.99803234997194,987.26730,9872673000
386.4346723078478,280.2147937133618,987.49920,9874992000
256.931726817919,255.17086378783415,987.71510,9877151000
167.69241476901527,198.344593698866,987.93550,9879355000
200.62178074403707,203.44345213296768,988.16100,9881610000
334.65300976207465,180.2466406073852,988.39010,9883901000
363.0998391993623,110.57603651418364,988.60830,9886083000
523.6186116447274,115.3599572724361,988.82160,9888216000
540.9923760419666,118.88354901154867,989.04680,9890468000
536.1407696588388,148.8265201604685,989.28120,9892812000
584.6144852836543,170.71446634041197,989.49860,9894986000
559.1704311631316,146.48202296139362,989.71150,9897115000
594.0912068746246,174.62985222765803,989.93500,9899350000
431.3845262755762,136.13010983231712,990.15590,9901559000
357.82987470659543,94.53822733601531,990.38130,9903813000
351.03644724260994,166.3461239956344,990.60610,9906061000
429.26357902959705,261.57406409557836,990.82870,9908287000
447.09073361075093,249.1202149917374,991.04800,9910480000
422.13811534518396,267.3088779229837,991.26920,9912692000
363.32711269209835,221.9627778438034,991.50110,9915011000
408.5766296610624,232.1348593715789,991.72560,9917256000
481.96113705197484,289.15271209151234,991.96550,9919655000
410.77662204144474,307.87305692890027,992.19390,9921939000
299.14213612203315,323.2370346230275,992.42210,9924221000
325.1050086360168,363.37607481315104,992.65850,9926585000
341.0852583713607,350.989938245741,992.88650,9928865000
335.49284501881436,422.53097883007024,993.11360,9931136000
280.7042549518247,517.2389835473775,993.33600,9933360000
286.63516510464257,533.8086595247927,993.57300,9935730000
255.9793709072085,561.5000127647321,993.82390,9938239000
275.7803948138974,541.60240877141,994.05710,9940571000
234.35637124446438,697.7436338831241,994.28240,9942824000
334.76002466120144,782.953516580453,994.51710,9945171000
525.9031999918902,866.0614122938701,994.74180,9947418000
553.5408458643643,964.7211176775576,994.95490,9949549000
585.3049111171146,970.0259497884547,995.17350,9951735000
573.0057709861065,926.8895907603935,995.40070,9954007000
599.134303170489,940.617743332802,995.62000,9956200000
536.6967702435567,868.7302149335185,995.84210,9958421000
509.9146656082603,805.0869032072283,996.06240,9960624000
550.5115713627969,661.2636416305504,996.28990,9962899000
551.6708028718033,646.7018028856796,996.51100,9965110000
563.9928187233363,612.9071461235543,996.74410,9967441000
584.3996988013373,586.8042751211414,996.97830,9969783000
593.8338269091578,525.3955282711693,997.22830,9972283000
655.0066832044755,403.9946193632448,997.45350,9974535000
740.8283535021056,358.9703233071833,997.71990,9977199000
753.8441635312015,361.3739045735744,997.96340,9979634000
862.1790303525873,370.40364749997065,998.19190,9981919000
917.8069962804036,262.8830563713726,998.41240,9984124000
968.859584268958,158.66492073219393,998.63850,9986385000
949.5227493582645,101.52091455124516,998.86360,9988636000
971.2134767073234,118.97850702123988,999.10120,9991012000
786.2135236024296,158.623086661165,999.34610,9993461000
720.9387279810101,129.33825920658018,999.57250,9995725000
664.0065240268951,126.4696777639448,999.80930,9998093000
578.0868871389906,165.43855504010227,1000.03960,10000396000
537.4019327253403,225.92713723221567,1000.27030,10002703000
463.56252772493264,265.1575258949736,1000.49690,10004969000
309.930139669441,390.2521971896955,1000.75560,10007556000
279.22308958935287,421.1542680904256,1000.98290,10009829000
223.60467520661444,447.64969776885755,1001.22190,10012219000
211.0555102123517,497.98105749221156,1001.46540,10014654000
192.27674939747982,589.4506320481969,1001.69400,10016940000
212.82122045634253,676.4371013566291,1001.91920,10019192000
292.2496585370816,634.7324055902649,1002.14740,10021474000
416.4946235009779,552.4067910101118,1002.37680,10023768000
476.70653065225184,520.5040772277256,1002.61180,10026118000
609.4170145760045,474.76662688944185,1002.84660,10028466000
667.2620694435058,482.43662695909256,1003.07500,10030750000
736.9292178551354,443.7544015267664,1003.31620,10033162000
791.8688684319524,447.7102107143403,1003.54170,10035417000
843.4024054590365,439.63321293935695,1003.77670,10037767000
743.6684808400742,421.95487951869484,1004.00780,10040078000
491.9112921678176,438.58423966996236,1004.22790,10042279000
423.51017114343495,359.23237195913265,1004.45840,10044584000
439.9804190988202,360.952685793558,1004.68150,10046815000
532.3135861936026,333.4257576287753,1004.91120,10049112000
501.01311095595577,311.12052427666566,1005.15200,10051520000
448.0375198309456,313.1442099001422,1005.38360,10053836000
433.6496815129579,287.3008276665892,1005.61530,10056153000
282.19293934821656,331.1673302690272,1005.84600,10058460000
308.1406936592139,317.78000588488436,1006.06930,10060693000
397.18465330792924,301.3149372047136,1006.29180,10062918000
466.59688283448065,295.4446067451041,1006.53050,10065305000
493.03676870368207,289.8397831519312,1006.76420,10067642000
508.32645335441526,253.5315924414743,1006.98610,10069861000
444.3902843220704,241.59361215310656,1007.20370,10072037000
413.99089669488484,211.07292783533185,1007.42540,10074254000
407.82455771892876,199.3010907753817,1007.65190,10076519000
329.55147233777154,300.0949526926539,1007.88190,10078819000
279.741697285392,358.3338020239381,1008.11730,10081173000
393.00549846160027,406.9761087417825,1008.33740,10083374000
359.3708984044853,389.7317818205475,1008.56770,10085677000
539.8550145834738,346.73258427834526,1008.78340,10087834000
449.8429844223225,469.03144899011977,1009.03050,10090305000
723.980219781135,405.0924276853689,1009.28070,10092807000
745.8007486601967,391.77925400118863,1009.50250,10095025000
611.1255633585337,286.58908572646294,1009.72540,10097254000
550.5828261029101,267.50854739021975,1009.95150,10099515000
530.9217288058716,266.4409391154279,1010.17790,10101779000
613.2498211090025,255.68893611726463,1010.40190,10104019000
556.5398830354895,244.88435421666244,1010.64510,10106451000
605.3317013449113,246.07262657679436,1010.87110,10108711000
616.4733107435849,222.64535622655683,1011.09840,10110984000
594.295911656435,222.05956643866318,1011.33330,10113333000
640.0771773134428,221.5050978513208,1011.56780,10115678000
632.4068171406341,165.31155355164768,1011.79080,10117908000
659.2148325351586,153.5338542665752,1012.00410,10120041000
647.5975427789366,113.84632327318319,1012.22410,10122241000
612.9448466100386,106.90357171918245,1012.45660,10124566000
661.950622370803,87.38605374845551,1012.67630,10126763000
659.2509654871549,130.26387331874517,1012.89120,10128912000
540.5979361540111,179.1156862981804,1013.12230,10131223000
396.0621683322994,332.2683466751572,1013.39720,10133972000
329.27039626766225,282.86385284773564,1013.64570,10136457000
358.81021543053333,384.53585612587324,1013.87080,10138708000
386.2848039351111,393.9250030713612,1014.10120,10141012000
449.86558896762506,380.15266657553934,1014.35670,10143567000
440.35213552620576,352.9927763118014,1014.58390,10145839000
388.2423584252154,292.0516866274973,1014.81030,10148103000
427.6953461413305,282.9829377890815,1015.03410,10150341000
443.93520092362013,278.39864953674254,1015.25280,10152528000
412.58235637557726,201.09655789257556,1015.48430,10154843000
333.5949890309901,190.80504077212706,1015.71180,10157118000
293.64594548503067,117.57681218797663,1015.93690,10159369000
399.3378761652395,124.01753317618352,1016.16740,10161674000
507.76978631057915,135.3449563840842,1016.39370,10163937000
537.3429137473136,147.46740121846577,1016.61720,10166172000
566.5849592432148,151.66208396207367,1016.84460,10168446000
637.9569620361835,174.86094190608293,1017.08580,10170858000
674.2697021227472,255.07564785243508,1017.32120,10173212000
829.3369032601016,281.9527199652527,1017.55470,10175547000
930.2512634877132,257.635765225638,1017.78190,10177819000
1018.8418489386158,258.86943279111455,1018.01540,10180154000
1076.683857561573,258.6278067566925,1018.23970,10182397000
1054.9595645785366,214.30418179071467,1018.48910,10184891000
1103.3125486776325,196.73653406138015,1018.71280,10187128000
1063.9616642717178,161.9200795771333,1018.93520,10189352000
1091.1167530211785,150.38602574803076,1019.18170,10191817000
1161.3643697526163,100.78831298732786,1019.40800,10194080000
1290.0936984648583,54.99038978109558,1019.63370,10196337000
1049.6757353066316,64.3978579881649,1019.86880,10198688000
839.9411173524646,59.99988629384506,1020.08980,10200898000
599.7452162894865,176.05987994629004,1020.31010,10203101000
575.7785532049865,335.6988389422197,1020.52730,10205273000
476.2343515911727,327.60445623534986,1020.76120,10207612000
365.2706361964366,318.7914049714795,1020.97970,10209797000
343.80830582975034,336.9530607471895,1021.20760,10212076000
394.0657862674391,354.77290757671267,1021.43950,10214395000
296.96570747627675,323.3650656277972,1021.67430,10216743000
416.6377729872102,278.12559593004795,1021.89910,10218991000
506.0865852775662,280.07396678494945,1022.12640,10221264000
582.3843881817758,314.18563951617466,1022.36220,10223622000
592.4224157152828,320.1588187981412,1022.58330,10225833000
592.0753696742644,288.848666900291,1022.80360,10228036000
743.7685588089855,212.51596943800993,1023.02880,10230288000
856.2512864925599,237.27323354124928,1023.26000,10232600000
812.2543871480732,279.9180263713305,1023.48770,10234877000
770.1473838461362,273.57042177492946,1023.71790,10237179000
740.7487239082682,313.75211034689954,1023.94970,10239497000
777.2399090631704,333.16962233925346,1024.16740,10241674000
744.6303818360201,311.4982491312354,1024.39390,10243939000
755.4224711504788,304.9348701258137,1024.61990,10246199000
688.4716212913147,312.25093394961465,1024.84660,10248466000
739.8814698931509,304.5873348852735,1025.06300,10250630000
822.4972752175054,344.82798873546,1025.28510,10252851000
880.7136150426462,386.97696100069356,1025.51410,10255141000
867.9224617979525,421.19422475521094,1025.75930,10257593000
837.2448934682999,420.07594602188436,1025.98500,10259850000
920.7317310239661,409.754877070951,1026.21340,10262134000
974.0938037171245,362.5859617976678,1026.43740,10264374000
1019.1863302490824,298.88938025668756,1026.65630,10266563000
1007.2372721279758,331.5085610894724,1026.87660,10268766000
909.8341785749594,285.8770608679148,1027.10420,10271042000
834.9640087322217,316.71565756098545,1027.31910,10273191000
823.4199381585271,322.2098757021462,1027.53690,10275369000
740.8995131031335,348.9322873938702,1027.75550,10277555000
599.1596377383917,299.59757937890987,1027.98880,10279888000
522.974997337162,245.32551365675093,1028.20800,10282080000
522.1241240910936,268.3479243639533,1028.42620,10284262000
566.85425162553,266.3020023158024,1028.64960,10286496000
503.0391652107787,290.499821336284,1028.87250,10288725000
569.6035962060162,295.30394780553684,1029.10160,10291016000
630.6684826789788,276.2980381672833,1029.32370,10293237000
639.8711306501601,296.0898940659318,1029.54280,10295428000
598.9717997992794,271.43769681969985,1029.77110,10297711000
578.5912274336579,342.6133020793374,1029.99830,10299983000
517.4186033411204,341.5091412353587,1030.22180,10302218000
377.28397304476607,377.4112010043634,1030.45400,10304540000
325.57316929018924,386.2915216003181,1030.68560,10306856000
282.0053340554618,360.1838267352344,1030.91560,10309156000
357.90175574481606,324.51855215723936,1031.14880,10311488000
267.42736606675476,349.9202684789486,1031.37440,10313744000
248.4523702997629,324.8003022246707,1031.59790,10315979000
234.3614089013147,350.5042716884145,1031.82700,10318270000
230.21658045795488,432.70969157400083,1032.06020,10320602000
239.22555983931318,481.612743024976,1032.28360,10322836000
338.5802318243615,592.9880349708026,1032.50970,10325097000
449.26413500412923,575.2524826389902,1032.73670,10327367000
514.9645885425255,500.65423018353187,1032.96550,10329655000
562.2542996609483,455.2762902987929,1033.19470,10331947000
629.6888407078424,472.82004706778645,1033.41850,10334185000
589.521251286041,468.63919583042497,1033.64650,10336465000
547.7555767348101,463.26742019891145,1033.86450,10338645000
427.6146789370897,519.3220475530571,1034.08470,10340847000
387.7097957217462,536.658277665078,1034.31430,10343143000
396.00673168950834,554.1892631881944,1034.54260,10345426000
372.0161547564474,602.9091684295227,1034.76370,10347637000
344.5654227169294,551.0976249451679,1034.98780,10349878000
340.0686732508485,496.17584672992524,1035.21590,10352159000
308.2411287681047,462.03381130423634,1035.42860,10354286000
248.30777667018296,396.61761322067446,1035.67740,10356774000
313.20694784853055,347.8179416409997,1035.90630,10359063000
322.4424731799764,329.83505386671084,1036.13300,10361330000
328.1634922732323,345.4105505303379,1036.35470,10363547000
376.65135882060804,350.46678986480083,1036.57890,10365789000
357.3855764840964,360.6278959262063,1036.80880,10368088000
323.07467670849417,443.09980915261434,1037.03440,10370344000
273.22007189282283,413.9271990110464,1037.26140,10372614000
274.0726361229488,437.22941308614526,1037.48230,10374823000
303.0838049183634,442.12111568410563,1037.72400,10377240000
379.10979911883885,458.71085940081696,1037.95110,10379511000
371.6923149226289,460.3574680830191,1038.17110,10381711000
331.7687071091351,518.179349484199,1038.40020,10384002000
301.1165376612307,540.8550423610164,1038.63800,10386380000
332.2490402422794,560.5038346972161,1038.86680,10388668000
331.0788742327466,611.1793463394721,1039.09660,10390966000
401.80599448289,613.8124378939124,1039.31980,10393198000
448.6082468304601,543.5998275710696,1039.54330,10395433000
496.90310872190906,510.17735201213344,1039.77130,10397713000
543.2350080793068,526.7950385085463,1040.00930,10400093000
666.131181006705,579.7887381253727,1040.24640,10402464000
781.1834355354099,564.7324211597582,1040.48630,10404863000
645.8091625405008,632.2895786871875,1040.71180,10407118000
605.1146855406396,656.1120499444801,1040.94290,10409429000
636.2827367658117,660.8144385694458,1041.16340,10411634000
624.9233973416917,659.0596479055517,1041.38680,10413868000
575.2763106298321,584.2255900224512,1041.61770,10416177000
572.846729421452,514.547420676026,1041.84050,10418405000
582.2819334271161,472.97063009156875,1042.06820,10420682000
650.0438107602374,422.41915633707424,1042.29430,10422943000
746.842455870004,343.8104194303237,1042.54320,10425432000
720.1360868050842,445.2971676534779,1042.77150,10427715000
756.3554425972173,390.4413051941456,1043.01280,10430128000
753.5128088303958,338.3882314847467,1043.23030,10432303000
843.5626584655942,308.05916219052403,1043.44820,10434482000
848.0831737266732,242.61614381666962,1043.67340,10436734000
666.1163938156723,293.7672800334633,1043.89410,10438941000
423.90459616709245,326.1814609067062,1044.12830,10441283000
374.5005752670412,259.90120745750227,1044.35630,10443563000
384.3647842709682,286.3291319036948,1044.58650,10445865000
518.2733282400764,227.10808239917606,1044.81690,10448169000
644.7052989676802,261.038894850071,1045.04590,10450459000
592.5774841264572,211.90463405424975,1045.27530,10452753000
496.2799917750912,193.33851966450757,1045.52350,10455235000
538.072472243006,207.948249265172,1045.74510,10457451000
485.59622257778244,213.62666371989224,1045.97950,10459795000
437.37191948253405,248.34352968336935,1046.20100,10462010000
388.59106738127775,251.69506355259543,1046.44570,10464457000
563.9833553279085,256.94907491490324,1046.68270,10466827000
800.3862280219931,267.11891145851297,1046.91560,10469156000
933.7637431215337,297.574246506295,1047.14290,10471429000
933.0262856032016,309.7552730488771,1047.37730,10473773000
877.4583572717486,318.46402801699554,1047.61510,10476151000
885.9044801579442,349.75480002099044,1047.84010,10478401000
972.7570329588433,371.9361913845522,1048.06280,10480628000
1059.1306786969847,369.73134154868,1048.30190,10483019000
1110.34277394425,360.46953519810006,1048.52790,10485279000
1126.6440069471882,363.5124006265534,1048.76290,10487629000
1240.3556335954986,405.60846784690705,1048.98920,10489892000
1291.5873143724443,348.27628505728353,1049.21560,10492156000
1357.5742224078815,306.06181038110907,1049.44210,10494421000
1403.9272859390499,280.2259723367707,1049.66470,10496647000
1397.4970556398973,266.17271261670373,1049.88650,10498865000
1352.3486207775,267.1960024547611,1050.10950,10501095000
1318.2153880587223,277.20658650930466,1050.33640,10503364000
1309.0875911760907,247.5733690725308,1050.56130,10505613000
1324.6653079894172,300.93301319721314,1050.79160,10507916000
1255.2264480463,297.799201091504,1051.01790,10510179000
1113.7892376761167,314.1636142577609,1051.24670,10512467000
957.0896219922713,332.7727488597901,1051.46800,10514680000
761.073392792653,337.0496461747742,1051.70290,10517029000
629.7623445101603,269.983242239792,1051.93400,10519340000
594.5762163625383,295.130563943986,1052.15650,10521565000
495.68711187738427,270.06795601963364,1052.38840,10523884000
612.8821532929618,250.7388595070255,1052.61350,10526135000
668.0055957589054,210.77525150251418,1052.84150,10528415000
736.771450541607,217.90006595974032,1053.05840,10530584000
833.5190097439873,234.20298385149138,1053.29770,10532977000
960.2529501400107,309.54335727104535,1053.52870,10535287000
1020.8298436131016,312.15083877576296,1053.75480,10537548000
1067.3012986823069,305.74250246837744,1053.97280,10539728000
1048.7756432536448,268.4493575056733,1054.19940,10541994000
1025.9739745925338,234.6915562887742,1054.41780,10544178000
1005.3370798926362,231.34003620866307,1054.63730,10546373000
874.2486255380259,214.3301454577157,1054.85610,10548561000
710.3475805016163,184.60479701820148,1055.07190,10550719000
627.7340754308369,132.21302943482206,1055.28540,10552854000
604.2466325265308,123.47556505984984,1055.50380,10555038000
596.5080630588601,82.66383798554719,1055.72020,10557202000
671.7335027237577,92.43402717402844,1055.94330,10559433000
697.8735526095353,96.15420293101793,1056.16110,10561611000
647.4599219325614,121.71118433852394,1056.38460,10563846000
600.3270972082412,129.38957157978078,1056.60290,10566029000
558.7459452297718,113.11246420255637,1056.82200,10568220000
818.6705574324365,206.82927183274245,1057.03860,10570386000
999.9652627436436,180.6785884366227,1057.25720,10572572000
1054.9028728069657,114.79986503844397,1057.47690,10574769000
1183.143333912721,119.12369825470506,1057.69800,10576980000
1203.1138154699167,158.1271235322344,1057.93150,10579315000
1229.0937187883237,158.37045270285802,1058.16300,10581630000
1158.745595636537,313.0968490717244,1058.41850,10584185000
1161.3691654376237,340.31748543933224,1058.65180,10586518000
1046.1269515089502,409.3993648188697,1058.87830,10588783000
875.3866438556233,412.20854699805193,1059.09630,10590963000
794.9093277877472,433.048955178303,1059.33610,10593361000
682.3718521958784,436.20357437236476,1059.56430,10595643000
595.916007151948,452.1753566889561,1059.79130,10597913000
545.8385942377932,515.0287573527356,1060.01810,10600181000
429.26968655163506,525.7222038625063,1060.25970,10602597000
326.8495061662504,645.5368809837242,1060.49440,10604944000
219.5275457984455,603.4831285047874,1060.74110,10607411000
129.17268778401302,552.5703746854766,1060.97060,10609706000
183.7507398865602,514.0927075280356,1061.19730,10611973000
215.78972005217395,485.6774434345456,1061.42780,10614278000
261.54214257497244,517.7653982326996,1061.66720,10616672000
316.42137653586036,548.4973813159359,1061.90510,10619051000
398.76772409432147,615.5154793987098,1062.13470,10621347000
457.5027815790933,620.0553067530846,1062.36450,10623645000
465.9685405579978,629.6712127134831,1062.59410,10625941000
481.7212521764418,626.3068687032304,1062.82940,10628294000
503.39446760909505,495.8199130485323,1063.05780,10630578000
427.8935007738984,413.8404175430236,1063.29290,10632929000
363.2720207762709,379.96861785420174,1063.51400,10635140000
341.55499130870237,290.07970901239827,1063.74690,10637469000
361.55531237448156,214.0501834521499,1063.97940,10639794000
353.85189179822584,274.48379209021107,1064.20240,10642024000
365.22238301669245,272.1148235324066,1064.44750,10644475000
288.3712950939451,329.0501421635682,1064.67230,10646723000
332.7534688714564,294.1771261146575,1064.88820,10648882000
348.9734230624888,260.55825070200416,1065.10450,10651045000
411.6830686601339,311.6736804163446,1065.32910,10653291000
504.623255424589,356.6527414656251,1065.55930,10655593000
536.2970397933793,448.6713809016309,1065.78570,10657857000
594.5177010626036,537.4169633135268,1066.00660,10660066000
708.3420612468949,552.7580374343929,1066.23510,10662351000
762.5514705390665,562.0400928995516,1066.47000,10664700000
702.5864523492672,502.5009023535904,1066.69350,10666935000
718.0678415438026,517.1567109873496,1066.91650,10669165000
732.1522855604501,482.4218720366902,1067.13670,10671367000
738.4368005415648,504.295300197714,1067.36620,10673662000
633.3254842583025,562.235886920035,1067.59330,10675933000
542.1653281084751,623.5739583540379,1067.81270,10678127000
590.1024299593145,558.4236155696093,1068.02850,10680285000
546.9038932109412,585.436909353653,1068.24780,10682478000
578.58568602519,569.7747462954798,1068.46720,10684672000
563.1031687486951,570.9121732268909,1068.69690,10686969000
569.1258878077106,484.71189085322027,1068.91970,10689197000
561.7096207224296,454.18623388708767,1069.15410,10691541000
590.0564621656166,426.7505015358076,1069.37840,10693784000
593.3887307179405,380.6033510738116,1069.59090,10695909000
571.770322234008,358.86890563482024,1069.80810,10698081000
645.1089502628636,374.9255163825924,1070.02290,10700229000
649.3254846330174,345.1659282729616,1070.24120,10702412000
663.9100917758849,376.10596806747776,1070.45880,10704588000
683.730096616683,390.60542811734956,1070.67810,10706781000
680.4167121388415,398.9686261382028,1070.91070,10709107000
622.4530325164922,364.81366152573054,1071.12700,10711270000
571.4057951181278,362.06816591497386,1071.34180,10713418000
551.7096126873703,372.67245323035576,1071.56300,10715630000
490.9343701441814,394.7971058178206,1071.78370,10717837000
473.67955530146065,414.63513978917405,1072.01270,10720127000
461.2944752063912,423.70279784882086,1072.24080,10722408000
405.92432382421373,419.08297063091163,1072.45980,10724598000
441.11863547287214,382.0416143177106,1072.68760,10726876000
433.8143951948586,430.12058920407605,1072.92140,10729214000
456.140080629913,497.8320720435163,1073.14270,10731427000
527.0935228609054,575.3373398997204,1073.36520,10733652000
468.92418436808043,547.5503323481055,1073.58650,10735865000
376.86889359526475,526.541448922543,1073.81610,10738161000
360.9694001950564,488.60660974643514,1074.04670,10740467000
339.5642650932719,430.88523010616757,1074.27050,10742705000
394.57195292860985,406.8857910362125,1074.49550,10744955000
399.69540400738265,419.9063107479247,1074.71870,10747187000
460.88660976094764,419.6788475321252,1074.94240,10749424000
485.25154668808557,434.7748260540396,1075.15930,10751593000
539.7351932263723,492.11821863522323,1075.38210,10753821000
552.7470322920133,551.7981809460335,1075.60360,10756036000
556.1454800483342,624.2405136677295,1075.82840,10758284000
595.8938562975225,695.9115166450673,1076.05040,10760504000
639.5096025840882,714.9193499390882,1076.26020,10762602000
615.2899789883595,744.6202157893396,1076.49010,10764901000
605.1889519152775,741.2147985166251,1076.71820,10767182000
565.7157178815293,731.6434526411122,1076.93050,10769305000
592.7640951227675,751.4085152255124,1077.15180,10771518000
582.4600740605371,778.1030306953636,1077.37510,10773751000
628.1961727583149,760.9504906291227,1077.59090,10775909000
626.8484522638261,768.1668952799834,1077.81600,10778160000
571.4211044852873,708.5326815322701,1078.03920,10780392000
578.8358930456785,706.3105099355082,1078.26440,10782644000
600.1861453895463,675.8759434832202,1078.48880,10784888000
636.3782149253437,701.8887634575442,1078.71150,10787115000
609.1889449909352,662.8419588055439,1078.93070,10789307000
596.3992500064672,652.5347367468266,1079.15470,10791547000
515.8397592569349,568.1470968243597,1079.38110,10793811000
462.4752886520926,570.5866564026159,1079.60290,10796029000
461.6066489436761,582.7370831478279,1079.83150,10798315000
417.60466446373925,531.3525339293742,1080.05450,10800545000
334.81377640563437,494.341139962381,1080.28610,10802861000
306.94998958561746,438.0478925935843,1080.50280,10805028000
316.8996767772578,305.77249746151705,1080.72470,10807247000
398.4898651003489,296.39807896202905,1080.94260,10809426000
435.1046993176745,306.67781833893116,1081.16040,10811604000
447.940805412998,382.0640592667545,1081.37730,10813773000
456.04678166380546,387.681187366209,1081.59760,10815976000
386.6199887964526,351.8430364579858,1081.81440,10818144000
432.54756983883766,342.2064218450914,1082.03910,10820391000
374.6508128045925,404.9961591575876,1082.25890,10822589000
521.2321761755484,442.1156971410348,1082.48790,10824879000
523.8276814668662,467.1098878844371,1082.71300,10827130000
577.795370100541,411.5119528302321,1082.93860,10829386000
768.0254898674449,505.32546385523483,1083.16070,10831607000
876.0490942868157,510.2373503749046,1083.38110,10833811000
835.915506352151,479.03715506689275,1083.59360,10835936000
874.2251466978545,477.45769203466216,1083.82460,10838246000
770.914370728079,532.1326254029681,1084.04660,10840466000
1009.7182828310886,602.8019011684289,1084.26770,10842677000
1254.3922605618866,650.8709778814076,1084.48410,10844841000
1418.6628260599875,580.05395470959,1084.70840,10847084000
1274.1921124783184,563.695445377308,1084.93090,10849309000
1261.8493017163069,503.37929047582793,1085.16260,10851626000
1166.9406692186608,427.8676371218028,1085.39270,10853927000
1147.4997063158855,333.49671465830437,1085.61250,10856125000
1173.935492416057,276.91264621635077,1085.83000,10858300000
1289.3335253096943,278.92315613676243,1086.05210,10860521000
1500.1145136047883,333.6023338056153,1086.27270,10862727000
1380.7573744224671,374.64742016858577,1086.49830,10864983000
1227.9819488590865,293.06841855971345,1086.72820,10867282000
1116.5922666331544,264.9241724795665,1086.94870,10869487000
1120.7494501148465,204.44660570883994,1087.16870,10871687000
1067.286649007977,225.02379048288225,1087.40030,10874003000
982.8860786939966,306.0476659821468,1087.63150,10876315000
842.82761092963,289.02078271002705,1087.84850,10878485000
679.116125862607,234.07443769118717,1088.06620,10880662000
707.6454803073827,194.50056045500767,1088.29030,10882903000
639.3724254542753,202.33602858125198,1088.51220,10885122000
585.4253803188748,216.1162863446422,1088.73480,10887348000
543.9947798079596,217.25798762036385,1088.95110,10889511000
542.3002389648196,226.04490275815195,1089.18500,10891850000
569.7607150530072,236.1854849465334,1089.41150,10894115000
649.9744904395155,260.81074787568235,1089.62820,10896282000
709.7195341871579,274.983574942394,1089.84530,10898453000
639.9751972075119,373.7676293747557,1090.07000,10900700000
598.6496686615918,409.4718969481684,1090.29230,10902923000
548.8355749976209,485.20649460453694,1090.51740,10905174000
561.1056888140891,456.4748681049002,1090.76890,10907689000
596.8540941185123,428.5619342774792,1090.99910,10909991000
738.075172036005,453.6184518916865,1091.22590,10912259000
739.3053948797805,372.45325696874795,1091.45560,10914556000
709.2789120396008,365.67345331993874,1091.68060,10916806000
684.8185473613121,362.50564523409827,1091.90250,10919025000
741.694315523767,387.390374213905,1092.12540,10921254000
890.7230449845715,480.91600181887924,1092.35100,10923510000
836.8291437637447,453.3285468323962,1092.56970,10925697000
653.087361675204,433.7918958464004,1092.79500,10927950000
600.396275823736,448.2795450366413,1093.03870,10930387000
531.6537448655268,430.1579626069047,1093.25960,10932596000
537.6192836079063,424.99120050207625,1093.48190,10934819000
536.2230457549396,418.95686837583526,1093.71530,10937153000
503.1563301008455,411.79957329166734,1093.93720,10939372000
512.7076873271029,384.97515372190946,1094.17510,10941751000
563.1837611393336,328.47680568768067,1094.40260,10944026000
530.9451019228778,312.36739223201147,1094.64800,10946480000
553.4180412661706,289.85601322433894,1094.88310,10948831000
491.1950755270178,282.37939820650894,1095.11020,10951102000
403.2740228743429,242.82762090495865,1095.34160,10953416000
317.50715542817596,247.86671786079194,1095.57790,10955779000
350.5105828549251,243.358342550756,1095.82040,10958204000
381.6010429447518,269.8757339358799,1096.04250,10960425000
450.4956945331721,355.84657525063614,1096.26660,10962666000
510.81149477552293,345.65274085772234,1096.49030,10964903000
489.1198372352608,307.8925458051189,1096.71900,10967190000
420.72547697842606,386.23547799748235,1096.93840,10969384000
452.3498602365038,494.11282821905195,1097.17290,10971729000
429.3870650473618,527.0706748442565,1097.39060,10973906000
446.5001487341603,450.7218470828803,1097.61640,10976164000
429.4586374304611,409.56900637224294,1097.84520,10978452000
382.7404861144817,425.72323719296304,1098.06870,10980687000
447.67113497114184,367.6755556292432,1098.29870,10982987000
461.139493638745,321.1810715720098,1098.52690,10985269000
455.7536019565448,263.85067179582455,1098.76860,10987686000
410.30794081869396,263.1881519185441,1099.02570,10990257000
428.56918449895903,224.32772930006982,1099.26220,10992622000
403.8941532317054,252.42122890545886,1099.48650,10994865000
362.73023376969905,295.6903905122613,1099.71970,10997197000
433.82349549072376,319.13361147556805,1099.95280,10999528000
560.3802076693025,331.8578859315509,1100.20790,11002079000
706.2629386876571,351.5037436701974,1100.42620,11004262000
696.0739169673121,356.1521346516462,1100.65250,11006525000
670.9606298042098,326.298996114771,1100.88720,11008872000
764.3411184763232,315.5434390609253,1101.11940,11011194000
782.4886015147202,324.2293921565398,1101.34820,11013482000
896.9816769348423,324.2318403915133,1101.58170,11015817000
891.8511931323965,361.1675226734217,1101.81870,11018187000
868.9505924844341,391.02065318063745,1102.05880,11020588000
754.0447236831533,388.5747542871953,1102.28850,11022885000
627.8909540263704,404.5839995611787,1102.52410,11025241000
449.3099387624643,389.88960958425287,1102.75930,11027593000
384.1272839438618,408.88379102540904,1102.98420,11029842000
310.55827373921073,396.97571754454583,1103.20210,11032021000
304.1120189457041,408.2918173015457,1103.44990,11034499000
305.2545695634267,398.0595361168625,1103.68620,11036862000
301.68355952490015,405.50958397027574,1103.91720,11039172000
258.8391271714137,418.04795440768703,1104.14580,11041458000
287.81696483055225,386.9408524609549,1104.36670,11043667000
329.90621174733036,373.0213771399475,1104.59030,11045903000
356.7202277672633,354.694924499961,1104.82010,11048201000
347.2036064069643,331.54179042324597,1105.05110,11050511000
361.35380356759913,315.02293975790684,1105.27630,11052763000
456.9096856300813,286.39390796153543,1105.49410,11054941000
579.9493689772714,294.20785851528603,1105.71740,11057174000
729.8997359187938,226.54897008813117,1105.95110,11059511000
830.6865569209201,188.88126314871795,1106.17960,11061796000
927.6598777599511,240.25436284426402,1106.41140,11064114000
916.8276429132698,333.6293540955151,1106.63910,11066391000
961.2505822175956,391.34340497017405,1106.87780,11068778000
937.1316118373927,482.9495049737454,1107.11150,11071115000
923.4170577924374,545.1679536363973,1107.34470,11073447000
919.0049450211569,578.2051705308169,1107.57370,11075737000
927.5669313599954,639.4670454057566,1107.79350,11077935000
991.9777785627758,706.3662348045251,1108.01570,11080157000
1007.0430510718412,775.4563879538954,1108.25030,11082503000
1045.146123667986,883.0482224472366,1108.48930,11084893000
1091.0278535661967,829.469948750706,1108.72290,11087229000
922.6954115661682,798.785508451741,1108.94650,11089465000
761.4618915436515,742.8024551824758,1109.17180,11091718000
659.106364571518,763.8390781812645,1109.41200,11094120000
545.6855524854512,746.5490173456732,1109.65910,11096591000
436.75434762883333,672.7584772892789,1109.88330,11098833000
346.56787975757163,635.2524704070199,1110.12390,11101239000
332.2470250273898,640.7546027857223,1110.35060,11103506000
344.51105487342346,640.4952225660177,1110.58870,11105887000
309.4755821648173,560.2668524016731,1110.81600,11108160000
319.4706870108441,577.1215548952628,1111.04410,11110441000
317.5960072658419,527.2909441560685,1111.26840,11112684000
283.27218122378633,479.8893319090147,1111.48590,11114859000
245.144278640711,429.97393791891784,1111.70570,11117057000
182.39472759152287,380.5309433187723,1111.93530,11119353000
213.2164048328737,396.61593267951156,1112.16320,11121632000
152.67389520235653,454.4086600467749,1112.39510,11123951000
106.23927264431707,469.15262360613457,1112.62150,11126215000
176.02122724585507,501.1664657214082,1112.85070,11128507000
247.22498704670528,469.70296019710946,1113.07430,11130743000
297.7320851792991,476.2772258215804,1113.30650,11133065000
280.97682754063936,482.2056490102229,1113.52720,11135272000
337.23692308348456,478.74569484828095,1113.75850,11137585000
360.64473370620027,528.126412688795,1113.99190,11139919000
335.8171935524399,597.5838864749717,1114.22040,11142204000
319.9954922082634,655.2278000596343,1114.44700,11144470000
306.9442046881386,656.9913352799965,1114.67540,11146754000
330.90020400322334,592.4746593414267,1114.90030,11149003000
469.2842989517316,505.7138948219874,1115.12690,11151269000
783.0555515931013,523.4158566618345,1115.34770,11153477000
924.3330255843603,481.51994598284534,1115.57340,11155734000
1037.8722375316352,451.6021005693915,1115.80760,11158076000
1001.7481100607768,506.0508843253819,1116.03660,11160366000
934.1320216950432,466.36064641108925,1116.25750,11162575000
750.7037993472154,450.98136720933707,1116.48210,11164821000
717.8985827419992,375.4975235406753,1116.70510,11167051000
662.072756848437,252.18121042754802,1116.92650,11169265000
614.9026691544731,156.06347494841347,1117.15690,11171569000
541.0399428200936,89.79882234727293,1117.40180,11174018000
450.96419349272423,108.30905745012448,1117.62100,11176210000
404.9634093097928,139.0577226100079,1117.84660,11178466000
331.9122178009201,172.8080227324545,1118.08080,11180808000
291.08068287067243,165.29053647666817,1118.32360,11183236000
287.73193495185865,200.1770261907391,1118.57090,11185709000
269.42164851575393,249.73172964047285,1118.80020,11188002000
261.8580568189052,252.259541697504,1119.03140,11190314000
269.44380226501437,235.28687354549558,1119.25800,11192580000
311.7453335859186,229.17824906967851,1119.48060,11194806000
335.3200057758093,243.06968760210367,1119.71080,11197108000
369.0952482021495,214.35604316252383,1119.93590,11199359000
427.6759350645432,236.03660374301586,1120.16010,11201601000
484.92407748627915,221.473211852951,1120.40470,11204047000
593.9448882824562,271.1861629131042,1120.64340,11206434000
750.0673191977098,275.01074745546356,1120.87720,11208772000
992.017158756699,247.83856220726975,1121.10590,11211059000
1153.2445257945742,268.67132626592513,1121.33230,11213323000
1082.1429901299407,262.0227996361628,1121.55820,11215582000
970.21939672908,275.37149126000816,1121.77940,11217794000
866.1142213033288,338.8649420957345,1122.00860,11220086000
773.2397630418899,308.69138415326637,1122.23100,11222310000
707.5176974832373,282.1551052609851,1122.45740,11224574000
725.895211941917,251.58332519135104,1122.68110,11226811000
778.676642334116,256.60795825293695,1122.90580,11229058000
826.210623725209,221.50182673279596,1123.13180,11231318000
900.2343195426853,299.74904966876085,1123.35940,11233594000
1125.587788994554,344.04653634989523,1123.58720,11235872000
1343.4524683571663,370.33759446021793,1123.82220,11238222000
1505.933307522614,397.15678582011907,1124.05700,11240570000
1337.6774307215658,338.3286065247708,1124.27980,11242798000
1250.089591058334,371.0989560390445,1124.50150,11245015000
1149.0668034054622,367.8371812395984,1124.72880,11247288000
973.0034838918741,328.2314972857233,1124.95450,11249545000
830.1044236232092,321.2718151725624,1125.20520,11252052000
798.1070531774234,273.23190200226907,1125.43810,11254381000
634.789117139894,189.86311236103919,1125.67430,11256743000
587.45209474246,176.45023033782215,1125.90300,11259030000
522.0305289063363,128.50789351078527,1126.12990,11261299000
530.0814968517622,239.2890840778839,1126.35710,11263571000
697.6143108120518,358.03084102835413,1126.59440,11265944000
742.8784493213766,414.5324986690486,1126.82610,11268261000
792.3414884703453,366.077553799618,1127.05230,11270523000
952.2021802838455,406.4682840343562,1127.28130,11272813000
893.0085023941408,394.5417417909426,1127.51860,11275186000
957.1913366965779,394.44115013939404,1127.76080,11277608000
825.1555603354122,371.09611544225004,1127.99550,11279955000
676.7469628662079,378.43784911817005,1128.22100,11282210000
598.4168980721865,401.95516844584444,1128.45370,11284537000
507.2879213372405,458.0217928491495,1128.68300,11286830000
387.6171476815977,483.6037142966936,1128.91070,11289107000
360.62666273289545,501.2997024787105,1129.13590,11291359000
357.74155436607475,510.5453071581721,1129.37690,11293769000
436.4130666557223,463.12498506894156,1129.60250,11296025000
416.65019838419425,434.4041923031509,1129.83150,11298315000
316.663347899845,490.17378710548326,1130.05600,11300560000
269.0682464725487,468.6492124406233,1130.28320,11302832000
200.8316392117301,495.6495807313387,1130.50940,11305094000
230.94786244411253,533.2741559557592,1130.73600,11307360000
247.05662833649498,598.394151227596,1130.95630,11309563000
375.1506660302799,520.4501209501387,1131.19010,11311901000
561.26820608054,507.1341364460475,1131.42030,11314203000
772.156974287495,500.6936742198921,1131.65140,11316514000
891.2783762329249,533.1325898640872,1131.88470,11318847000
835.8527969902048,573.6501771953945,1132.10710,11321071000
737.2323151990777,597.4759249395282,1132.33960,11323396000
757.8279658161006,597.8912005563707,1132.55760,11325576000
831.191134955391,599.654293515617,1132.78230,11327823000
805.0083916067589,615.3414028782835,1132.99900,11329990000
990.9545140303243,601.9338225333481,1133.21510,11332151000
1091.7658872591876,578.873864058831,1133.44740,11334474000
1145.450425408453,532.3128339078347,1133.66660,11336666000
1044.5829017475216,497.95252507465784,1133.88780,11338878000
780.6990627647314,497.0405438423546,1134.11600,11341160000
713.538442601146,521.6574037346267,1134.33850,11343385000
625.9793112084541,487.7434827661333,1134.56050,11345605000
554.7113018146244,431.7865279001941,1134.80130,11348013000
493.9647299143323,393.7302996046776,1135.02590,11350259000
398.08335190250415,349.7208714588486,1135.26090,11352609000
364.0733478824862,335.587186305053,1135.48840,11354884000
319.46614167755985,325.2954070757311,1135.71440,11357144000
214.81800436538077,370.99774619039255,1135.94350,11359435000
260.88273423273154,390.04615984274386,1136.16270,11361627000
200.4933759481961,390.04361775157406,1136.38960,11363896000
291.29897609898705,378.3333676973597,1136.61460,11366146000
302.1182730774081,408.92626997174966,1136.82950,11368295000
316.74533634513324,422.73311810306785,1137.05370,11370537000
297.39811671686084,441.8109638390264,1137.27870,11372787000
325.308537687683,451.00063309519794,1137.49580,11374958000
353.98100258695615,460.39414163720784,1137.72060,11377206000
457.97213261621954,414.1351751462035,1137.94350,11379435000
472.5288933269084,379.9099402910224,1138.15700,11381570000
494.0648540582189,381.1378404441605,1138.38420,11383842000
570.4676438100159,365.41479592377493,1138.60860,11386086000
637.375991216069,339.85612100588213,1138.83430,11388343000
755.6367241700408,362.9016451171724,1139.05460,11390546000
905.3166903189348,355.3388794555752,1139.27300,11392730000
1127.337386942093,455.46384023273947,1139.48950,11394895000
1072.747703489286,492.23292891483413,1139.71130,11397113000
1209.7721124125621,552.6624721623596,1139.93060,11399306000
1040.9315022987998,495.6176786713634,1140.14620,11401462000
963.6476558773401,473.5094971803147,1140.36630,11403663000
876.4502477605188,425.89705484491503,1140.58020,11405802000
776.230880180527,398.494182457815,1140.79570,11407957000
683.2519046189864,365.3413876816328,1141.01400,11410140000
578.0407101132787,327.71183355316384,1141.23580,11412358000
526.0980585715848,271.54275681080463,1141.46520,11414652000
514.00715423027,265.238065943038,1141.68500,11416850000
483.9741360236681,237.3746275596734,1141.89990,11418999000
450.27839364374574,223.91162918704842,1142.11520,11421152000
379.10473554281134,253.9877561345956,1142.33980,11423398000
421.3260640218258,269.9239820131201,1142.56470,11425647000
432.5876759347198,314.0970455501315,1142.78800,11427880000
521.6226840483846,385.20726540191424,1143.01210,11430121000
738.9342452353989,398.25200723273673,1143.22650,11432265000
734.4309647546568,329.85419664704716,1143.44060,11434406000
628.9545584853911,308.6582616203679,1143.66030,11436603000
544.9950281673114,314.28005998041135,1143.87650,11438765000
498.7906376151545,343.83004345125113,1144.08640,11440864000
556.3178470274393,292.27216548237516,1144.30180,11443018000
518.3977084631284,232.99317242842974,1144.53850,11445385000
510.92227884041915,137.70430624866603,1144.75690,11447569000
531.2141728550909,105.88534303473376,1144.98020,11449802000
465.68411420866323,65.27588977442278,1145.20620,11452062000
436.110164832266,125.64399240823721,1145.43820,11454382000
381.0814631948532,139.90798108265489,1145.65750,11456575000
329.54918065660377,150.63082940438343,1145.87690,11458769000
408.8488296332923,203.11744378782387,1146.09450,11460945000
476.06964603622646,243.36539195813688,1146.32910,11463291000
452.7152647122891,247.84947412698932,1146.55600,11465560000
485.84077042494874,251.6340325336182,1146.79950,11467995000
467.4170556474393,279.73506967220004,1147.02680,11470268000
468.9564624313964,320.9685758817825,1147.26170,11472617000
384.18485385344115,364.62266651348364,1147.48720,11474872000
336.46110425536364,386.5064328351923,1147.71800,11477180000
313.8143552232786,415.0386832045629,1147.95010,11479501000
298.41907012868137,373.27096526821845,1148.18340,11481834000
306.2771666043252,389.36442196555953,1148.41880,11484188000
297.4647946026336,358.0778996335972,1148.66210,11486621000
294.9770081318169,364.4277091473454,1148.88680,11488868000
376.5519901529636,333.8844823620149,1149.10910,11491091000
345.6680785257636,331.3760463944076,1149.34380,11493438000
379.35201755311846,357.7599813555429,1149.56660,11495666000
374.2638129851722,358.49725351521766,1149.78390,11497839000
386.1137054817311,377.02564009195,1150.02710,11500271000
427.15247359552393,429.5730280358303,1150.25060,11502506000
417.9767075264698,485.6553030833831,1150.47910,11504791000
390.3378046567222,542.377339672441,1150.70950,11507095000
338.9346351651926,503.9022434158189,1150.93170,11509317000
292.2429131089979,507.6655880012986,1151.15920,11511592000
267.9797796011762,556.2600841163106,1151.38350,11513835000
263.19444232668894,600.237122420603,1151.61590,11516159000
187.48017173583412,653.3061683871672,1151.83990,11518399000
183.47629777471212,680.1783791312421,1152.06120,11520612000
122.66667056495649,691.0720189525248,1152.28700,11522870000
162.17527973474097,638.4000686713672,1152.51110,11525111000
212.54014777567477,620.4329453561573,1152.73470,11527347000
232.81228096673496,646.1027271562989,1152.96440,11529644000
162.25541949329602,639.2490017457626,1153.19160,11531916000
203.27049939365688,614.9236001421142,1153.41000,11534100000
187.7029102434348,615.3065905433546,1153.63250,11536325000
133.86222810821155,702.6767609755508,1153.85540,11538554000
162.57490827856412,719.8307310309539,1154.07690,11540769000
274.3125693560436,688.4285241193262,1154.29180,11542918000
325.3150564692669,697.383782051225,1154.51910,11545191000
339.9536365878797,674.1828189271648,1154.75730,11547573000
332.4261923924848,603.2284437630155,1154.97540,11549754000
302.17190464040743,580.6850976589845,1155.19630,11551963000
271.32972394226147,468.91384789781125,1155.41670,11554167000
248.57282149949305,430.73286351496995,1155.63490,11556349000
276.767719757737,418.10122950613186,1155.86160,11558616000
199.22897533373765,354.1253918044924,1156.09050,11560905000
139.64040918106997,329.74864706325627,1156.31240,11563124000
156.59186304099848,335.50722984009235,1156.53220,11565322000
182.65115318669342,312.0725935367301,1156.78250,11567825000
291.2453528714453,408.7384520694145,1157.03090,11570309000
496.56931005262965,385.2748511872789,1157.25870,11572587000
461.03293725526197,457.865358413905,1157.47500,11574750000
549.8494384345281,427.8871957787934,1157.72290,11577229000
658.7660023856438,451.722449543724,1157.96830,11579683000
674.6139169115178,451.20623166054804,1158.23170,11582317000
764.8255289704044,363.08324603587835,1158.49540,11584954000
701.0509429878458,325.11938796525124,1158.73550,11587355000
608.4484865495524,366.6523114236462,1158.95890,11589589000
486.9977210207728,418.36638536911533,1159.18580,11591858000
448.1094547220457,420.710431387815,1159.41540,11594154000
407.89688549109775,364.6505418036345,1159.67400,11596740000
404.5382588443821,330.1250541938458,1159.90470,11599047000
417.0342802222803,322.4775663882215,1160.13560,11601356000
423.9567352407592,285.01667951892284,1160.37570,11603757000
438.7836719305102,287.8484956821112,1160.60270,11606027000
431.7811790522437,395.79258728835225,1160.82680,11608268000
365.54285956385934,545.6837552882852,1161.05000,11610500000
298.46892166879155,604.3595624072219,1161.28880,11612888000
431.9529353415967,541.9722692348387,1161.51670,11615167000
423.01836262527274,552.5564672098538,1161.75070,11617507000
392.72400345227993,508.4794889238367,1161.98340,11619834000
497.3007329317517,403.4093584192365,1162.21630,11622163000
553.4628289805893,418.6950232527155,1162.44630,11624463000
662.9377076333599,421.7342958155955,1162.67170,11626717000
737.4199294501663,400.86100529129703,1162.88980,11628898000
770.4117989728179,429.3956826204369,1163.11150,11631115000
800.3998053740088,414.1038490960973,1163.33960,11633396000
789.9824789543118,407.28418865334567,1163.56570,11635657000
838.0033781671827,396.6469220613139,1163.78940,11637894000
869.75875094555,429.93090415213373,1164.01410,11640141000
936.8415155380582,423.9770989551305,1164.25150,11642515000
983.19067177028,437.67374267146914,1164.47520,11644752000
898.7833121240591,467.14163884351507,1164.69860,11646986000
723.489480913926,424.4573617921851,1164.91730,11649173000
601.7924497797052,441.67418298015554,1165.15170,11651517000
612.7187907413265,442.32552039093434,1165.38470,11653847000
554.2919132231044,346.9223351132457,1165.61570,11656157000
499.0924072502276,314.61473431815,1165.83250,11658325000
508.7800396328321,312.45506839737146,1166.05900,11660590000
481.7235556346489,315.30692948227943,1166.28250,11662825000
601.5056463002466,287.63371357456697,1166.50560,11665056000
719.2138779966244,344.69781368435684,1166.73460,11667346000
782.1943311657898,348.9632268581321,1166.96370,11669637000
831.940109190408,455.8045211261205,1167.19910,11671991000
899.2015130355952,546.0725991000793,1167.42770,11674277000
921.7397645713563,567.8015751093034,1167.66660,11676666000
978.8546153987868,650.1160144571213,1167.90440,11679044000
956.3945629760724,698.9420913243935,1168.12900,11681290000
924.7397025699307,760.4730913381125,1168.35490,11683549000
974.1833352885142,784.9175375430061,1168.57960,11685796000
1072.0875344765643,786.8286755808354,1168.81290,11688129000
953.10874324721,751.0041900029321,1169.03730,11690373000
720.9845500758057,639.9985915559022,1169.25630,11692563000
624.0150973604636,553.1292859493353,1169.48100,11694810000
627.4651529274477,512.3217981476259,1169.70430,11697043000
644.1958718812733,471.34196158233846,1169.93500,11699350000
774.1314611735527,496.66475103462255,1170.15560,11701556000
816.0258620521577,439.00967927046673,1170.37450,11703745000
825.4980765688512,444.0573089464937,1170.60280,11706028000
741.5252213151998,404.7537671815905,1170.83670,11708367000
836.3844661979581,361.0915494239426,1171.07200,11710720000
989.7904516514012,343.95559843968175,1171.31050,11713105000
963.2753709326112,420.44364602434644,1171.54970,11715497000
1050.1518559911694,372.00802308579125,1171.78040,11717804000
1140.4212714353057,345.78473722356404,1172.00390,11720039000
1175.67688052325,281.03646901421456,1172.23590,11722359000
1291.157372010397,249.44736365974777,1172.45490,11724549000
1363.165547147622,195.32021843965472,1172.68290,11726829000
1469.695737375853,223.2072902207056,1172.92050,11729205000
1269.9473756448242,288.8641978615982,1173.14350,11731435000
1106.539605115388,284.64268914760123,1173.36560,11733656000
837.9117028682359,242.8600465727534,1173.59560,11735956000
701.267260974898,343.4074588572392,1173.81450,11738145000
518.2151707823792,340.1922785271556,1174.03830,11740383000
308.5115843161193,289.00346923570294,1174.27670,11742767000
272.44925339308065,238.5256723826916,1174.51760,11745176000
289.9085590806608,242.1895826308262,1174.73500,11747350000
362.286484262214,348.926310651161,1174.96350,11749635000
308.1232248141466,372.1178764475805,1175.20260,11752026000
204.9203577242876,431.99057418933245,1175.43620,11754362000
173.68041167365865,386.95742210466,1175.65690,11756569000
234.33259417800045,315.77388397671297,1175.88090,11758809000
334.417440499762,269.75430147219157,1176.09950,11760995000
348.5531000241355,298.5584339587649,1176.31780,11763178000
345.4030358138387,318.1415798185901,1176.53650,11765365000
462.0909156473533,316.9282631980406,1176.74960,11767496000
547.0213642062929,337.67937605362323,1176.96730,11769673000
684.1986369491793,342.8272064417974,1177.18350,11771835000
823.669829071959,351.8847972209008,1177.39920,11773992000
969.3930913326851,337.0033593717218,1177.62190,11776219000
1107.458357442388,310.829769173167,1177.84540,11778454000
1043.51040928829,289.77011851402636,1178.07460,11780746000
908.1892987873282,322.4616299452002,1178.29470,11782947000
812.4854027796665,259.29437746967204,1178.51630,11785163000
672.0483098094985,276.25942265005926,1178.73830,11787383000
633.0767324582738,251.44060487496708,1178.97310,11789731000
669.0134711233869,182.8022022893175,1179.18410,11791841000
700.2200696617595,214.6471929161758,1179.39210,11793921000
635.9421921662815,251.79403225974823,1179.61290,11796129000
619.361516720031,264.60673632771767,1179.83170,11798317000
682.8325472033204,253.5787175784996,1180.05680,11800568000
755.7946218057842,197.67741328804482,1180.27340,11802734000
705.7110651188491,318.68560038247574,1180.49300,11804930000
555.2647381505037,300.4732536222043,1180.71130,11807113000
316.58964616012145,299.88272322161333,1180.92930,11809293000
267.9838295842874,260.5655705762541,1181.16070,11811607000
349.80520588968204,233.7080656236248,1181.38620,11813862000
467.7987055230649,266.0796783443169,1181.61410,11816141000
518.9728180502968,302.10781073243095,1181.83970,11818397000
550.5642521755378,268.36003878837903,1182.06060,11820606000
694.2809005737993,242.21174163313125,1182.28720,11822872000
783.0495688384993,207.2205630463081,1182.51940,11825194000
854.4085170125795,127.19536789727067,1182.74670,11827467000
938.9396123747996,108.07643089221578,1182.98350,11829835000
1051.3201841032953,132.77317812928882,1183.22280,11832228000
1135.587540666889,92.89320398190708,1183.44640,11834464000
1098.0095115441868,122.9956022431622,1183.67360,11836736000
1119.7070364415854,128.50578130654245,1183.90330,11839033000
1154.987683896229,141.62595886829885,1184.12180,11841218000
1136.7956840979393,183.9860608097953,1184.34090,11843409000
1188.9512246158854,214.47183688077115,1184.56170,11845617000
982.86962869186,202.4023959280253,1184.78590,11847859000
833.8385020841913,232.2046632530903,1185.01000,11850100000
660.4430624958113,230.13417996866437,1185.23240,11852324000
471.4552327774402,267.2729690048774,1185.45240,11854524000
321.9996159965008,254.15878440819938,1185.67860,11856786000
473.1700093392476,254.60017077392433,1185.90680,11859068000
533.9630366911726,272.47006796321523,1186.13010,11861301000
449.6261690290864,328.5667136904535,1186.35360,11863536000
377.5303489977535,300.23355237821846,1186.57290,11865729000
320.438467323186,335.9374992402508,1186.80540,11868054000
312.2811312988932,329.71658515460047,1187.03760,11870376000
258.5476640384047,283.47419112690875,1187.25830,11872583000
190.31280597105274,302.2039860023633,1187.48880,11874888000
101.09539955552417,319.0125486713336,1187.73450,11877345000
158.8575668659153,265.0610137618294,1187.96500,11879650000
293.09691639872415,208.84570598855146,1188.18620,11881862000
368.78307843260245,178.15505171219067,1188.42560,11884256000
348.1123772848094,228.42647201385893,1188.65250,11886525000
307.4216620314155,319.58591678199014,1188.88780,11888878000
282.56939279052756,346.78934760569985,1189.11920,11891192000
261.91603060778857,342.3492939691904,1189.36400,11893640000
261.6303037710083,308.103443508911,1189.61140,11896114000
341.92612492828414,321.8324260410908,1189.83830,11898383000
472.74226340740313,309.30706909317314,1190.07700,11900770000
460.7299367409927,331.60671608744985,1190.30200,11903020000
505.7504784401934,392.7046905440715,1190.52740,11905274000
513.4817863794902,358.1995563727385,1190.74810,11907481000
533.5504953540919,372.3442473671474,1190.98280,11909828000
516.7156065535263,331.2998954696602,1191.20960,11912096000
532.106894106328,284.3020571754303,1191.46890,11914689000
538.611735085235,283.84229697564314,1191.70050,11917005000
532.5723051789545,274.2769117398225,1191.93420,11919342000
519.4075144770098,288.792755642046,1192.15160,11921516000
485.3330561633282,298.191824529292,1192.37920,11923792000
510.0448634195331,288.22925108193186,1192.61950,11926195000
494.6022428756041,310.0124049382082,1192.83820,11928382000
585.4265224113071,320.1915609816931,1193.06190,11930619000
641.0284245763634,319.30728262453385,1193.28300,11932830000
724.8465980084097,326.1373590651008,1193.50490,11935049000
695.077630199033,327.0181691835607,1193.72860,11937286000
608.7794388908902,313.5980595080018,1193.96180,11939618000
532.7662733235425,361.8581395560421,1194.19290,11941929000
421.77888280710374,407.8558274371202,1194.42910,11944291000
352.8383356651332,427.29613742528295,1194.67730,11946773000
345.73828494791144,441.8266127587868,1194.90550,11949055000
420.2527103881708,463.0696416468415,1195.13790,11951379000
515.3401109503087,476.92544828495517,1195.39100,11953910000
605.0071867678855,442.24402168492094,1195.62030,11956203000
710.5148953031344,417.6244764441954,1195.85230,11958523000
752.6766820196298,461.8118413129632,1196.07010,11960701000
662.8188042935634,499.8639311762746,1196.29900,11962990000
550.0573791766997,446.6744571318137,1196.52820,11965282000
375.67004550451384,510.9399431566444,1196.76750,11967675000
288.97513650816603,532.7506707678904,1196.99540,11969954000
315.8100248806244,474.5160812482233,1197.23210,11972321000
472.2936962718795,466.38015859142746,1197.46850,11974685000
609.8862680178817,482.9470317536718,1197.69930,11976993000
642.1689619773897,504.7360387832821,1197.93760,11979376000
883.3072135948053,453.75825970067933,1198.17730,11981773000
936.6699341209743,426.46220103784077,1198.40100,11984010000
969.5996993747443,446.964188297671,1198.62330,11986233000
1030.4667191999235,471.0938849172335,1198.83920,11988392000
1044.000749527938,437.3982387363367,1199.07320,11990732000
1111.622415068126,398.07346754073376,1199.29060,11992906000
1161.2421308754977,355.08955366070353,1199.50960,11995096000
1211.959053248585,396.2331768552111,1199.72840,11997284000
1233.2558644739747,322.8568602964716,1199.94280,11999428000
1287.1110824114753,309.2784563520447,1200.16370,12001637000
1315.4769839645555,322.29047816101854,1200.38060,12003806000
1253.7271969281335,353.15481595516985,1200.61140,12006114000
1123.2777511125573,351.8614512841787,1200.82640,12008264000
1054.5219805529937,282.99781328765187,1201.04320,12010432000
1073.872119377022,385.12103612403627,1201.25900,12012590000
1089.787111766909,372.4844083267555,1201.47180,12014718000
1102.5988236824535,374.43874799207276,1201.68910,12016891000
1141.7665258385173,350.0721769731422,1201.92320,12019232000
1242.1174480363427,378.16937443103586,1202.15400,12021540000
1117.725425599171,396.0727372723573,1202.38240,12023824000
977.903167037359,455.5644273587996,1202.60300,12026030000
946.520697704678,464.55493231006955,1202.82340,12028234000
1014.1271017255876,540.6550214412251,1203.04930,12030493000
976.2945025519805,552.4252506311475,1203.27960,12032796000
920.3173498525092,519.1589873243732,1203.50650,12035065000
881.5903048631789,475.78386643813496,1203.73750,12037375000
898.2873155392236,474.1890111598873,1203.96260,12039626000
977.8561631280688,482.0934606050835,1204.18860,12041886000
780.9481528086052,418.8610308973013,1204.41420,12044142000
724.2681407260284,464.9342560095623,1204.64090,12046409000
821.493570836745,524.7084369762064,1204.86510,12048651000
943.710239881961,545.5127267457486,1205.09250,12050925000
983.6354196665392,568.0603685435984,1205.31660,12053166000
1024.5600659627237,615.9918433078657,1205.53570,12055357000
1087.4732751772426,643.4454414852148,1205.75950,12057595000
1180.6049448349295,652.3857403922956,1205.98930,12059893000
1235.279245282783,617.9597864023292,1206.21320,12062132000
1269.1516964873,593.4451421742689,1206.43340,12064334000
1249.6436152283015,577.726362526235,1206.65020,12066502000
1197.1023913154504,586.3025616706178,1206.87460,12068746000
1058.7940688844105,573.2222458949963,1207.10140,12071014000
985.0324262757248,507.5957138871984,1207.32790,12073279000
724.5527072845609,491.53240739298707,1207.55840,12075584000
715.8061670570697,451.7192422472831,1207.78970,12077897000
749.0170917735556,458.04504477557805,1208.02180,12080218000
667.9353559994141,491.2640728642363,1208.25030,12082503000
644.5792341926517,553.2658400273297,1208.50570,12085057000
678.6578396311149,484.0322723357486,1208.73470,12087347000
635.8724184690922,434.5403038936704,1208.95620,12089562000
580.4184183207954,521.91443782671,1209.17560,12091756000
716.4933605887225,576.9240280590078,1209.43800,12094380000
734.4480674896131,560.3288101249059,1209.68940,12096894000
804.0504850508,548.1925581347701,1209.90740,12099074000
827.0757539891563,564.9071276979149,1210.12790,12101279000
934.3583699727784,599.6552798283964,1210.34980,12103498000
1070.5903510990536,602.3998649507679,1210.57570,12105757000
1148.897544040843,621.4150054591397,1210.79510,12107951000
1178.9445977416706,633.1838530696324,1211.01120,12110112000
1105.5689045779388,590.4636166058378,1211.22640,12112264000
966.5433683843347,532.5463700521825,1211.44680,12114468000
999.0472904436257,529.0921476905227,1211.66310,12116631000
1035.1669012505622,514.3321640318369,1211.88640,12118864000
1114.138113146213,521.8386534157448,1212.10690,12121069000
1094.4996629704701,510.9923618849307,1212.32530,12123253000
973.3898031440625,452.62297601088983,1212.54780,12125478000
846.274137237704,440.059601001825,1212.76520,12127652000
734.1514901300899,369.4348475111012,1212.98540,12129854000
809.5676391654655,375.0588868825482,1213.20050,12132005000
907.7027131869235,457.7168785386965,1213.42180,12134218000
802.0804926817679,488.6553721751188,1213.64840,12136484000
671.7366076081928,541.7096332985705,1213.88300,12138830000
544.8947378720619,563.525326116317,1214.09880,12140988000
528.668262702133,533.3237704193944,1214.31090,12143109000
590.7525088842483,467.33996306075807,1214.52960,12145296000
564.1718985551306,465.08520854090415,1214.75320,12147532000
557.7861800013545,417.7100490432241,1214.97490,12149749000
557.5520541542146,390.81431967709506,1215.20050,12152005000
464.8235904108225,377.59665673547266,1215.42570,12154257000
434.9133689833488,364.4915810031773,1215.65510,12156551000
372.7271694485695,307.765471942653,1215.88830,12158883000
239.88872444622513,348.4767604623124,1216.10690,12161069000
286.99111392662087,310.47708566002046,1216.32520,12163252000
315.9541989978944,250.34025881548686,1216.54330,12165433000
379.924650527725,227.3302936774037,1216.76210,12167621000
506.8414122907102,235.33639444739256,1216.97860,12169786000
613.243862857913,225.49654976647219,1217.19490,12171949000
685.4531440760295,234.2644388319227,1217.41000,12174100000
714.1162331819635,279.9209970367495,1217.63070,12176307000
728.7535924489058,247.6327827960996,1217.84670,12178467000
729.6727169898606,250.1745983026302,1218.07040,12180704000
778.0874253637907,291.96874648642074,1218.30280,12183028000
791.4362136042919,291.3121914208958,1218.52230,12185223000
773.2542801676897,342.4784060932724,1218.74430,12187443000
783.2125287293437,391.1361923338521,1218.98260,12189826000
769.4122486243126,407.23118150780897,1219.21030,12192103000
602.8715521527489,457.7764788945155,1219.43580,12194358000
541.2665538467078,545.9535876841095,1219.66030,12196603000
518.246430481042,539.6224491086252,1219.87980,12198798000
521.2359195738607,578.2139305519198,1220.09960,12200996000
613.3628672674597,667.3923973073095,1220.33170,12203317000
674.8450109799346,734.6941451651214,1220.55860,12205586000
846.0806903043162,728.4295549352119,1220.78230,12207823000
939.4291756956708,764.0567294977939,1221.00560,12210056000
955.694264357194,760.4567055329346,1221.23430,12212343000
997.5370456930419,736.5674579166705,1221.46220,12214622000
981.9941096843487,764.9039180181562,1221.69520,12216952000
911.0633200827876,671.8018027571718,1221.92540,12219254000
901.0132978008738,621.6408297628656,1222.15910,12221591000
790.7996383977602,541.6155943160222,1222.38910,12223891000
704.2207909771727,392.89396477333844,1222.61600,12226160000
756.7822908655058,351.1661055674099,1222.83690,12228369000
776.9055030258326,318.37055013779064,1223.07090,12230709000
892.560311403761,344.0460388383367,1223.28590,12232859000
1002.834993495736,306.0346793159196,1223.51020,12235102000
987.4254524011208,315.699501396327,1223.73500,12237350000
1000.692699794225,279.7149633599586,1223.96150,12239615000
998.7781208777355,256.10311393134305,1224.18320,12241832000
1028.5996161771652,248.4698020023688,1224.40620,12244062000
1083.6879706642999,228.75279237357836,1224.63030,12246303000
1102.9861046229041,227.79189214383382,1224.87180,12248718000
1081.8298398001134,234.62399071391076,1225.10110,12251011000
1094.4233097685283,285.68167687898614,1225.32660,12253266000
1094.5913862880866,345.11593893209624,1225.55810,12255581000
1177.1844562689016,367.8972489699783,1225.79060,12257906000
1145.601043147834,370.99823522273016,1226.01940,12260194000
1161.3162794056611,389.26121564897943,1226.24910,12262491000
1178.4021429612299,411.33054297364345,1226.47840,12264784000
1233.5584645028093,404.77614631869596,1226.70270,12267027000
1217.6738108954137,440.92718991139833,1226.92560,12269256000
1122.6773717844785,455.832053808979,1227.17130,12271713000
1036.9712416888433,439.9004582281877,1227.40660,12274066000
1056.051817850151,456.6011353689856,1227.61720,12276172000
1013.0621705063224,437.14236974694546,1227.82850,12278285000
1025.8965557298131,389.4223661912661,1228.05010,12280501000
1007.9881678703765,353.24265813571236,1228.26800,12282680000
917.4316581462934,427.749302100222,1228.48850,12284885000
