x,y,TIME(2025/03/14 13:54:11.092),TIMETICK(f=10000000)
746.7227872273065,452.82492451426003,0.00000,0
782.9859584981484,479.05404156310414,0.21870,2187000
600.2877991848802,396.30922813583027,0.46170,4617000
522.6218338077118,356.51684635414057,0.69510,6951000
436.360811380134,267.7561177036339,0.93880,9388000
367.7641982323467,170.03243494387394,1.15440,11544000
407.4754297141891,91.56768103600135,1.37200,13720000
454.3998394563805,95.05360572376239,1.60680,16068000
448.9620445340811,71.26700203875593,1.81780,18178000
520.9438785525437,48.35694219986868,2.04800,20480000
648.0164879875681,84.85999947977812,2.27700,22770000
645.3003740169966,111.20766076985264,2.49150,24915000
556.2008403389484,108.37759654734909,2.70820,27082000
470.663061503099,118.12949168986938,2.92920,29292000
370.77067718469027,114.81376443451946,3.14750,31475000
463.4396914719021,253.11028380968935,3.37200,33720000
574.9273755884473,319.3090837042613,3.58390,35839000
618.7096698416135,415.16606457601085,3.83230,38323000
670.9334919999033,445.04656566533123,4.06570,40657000
717.4361559872082,489.2961126828995,4.28250,42825000
739.05909626372,533.5075090766591,4.51820,45182000
869.9422395235141,446.35924134165595,4.73810,47381000
962.3539264969124,371.4333546505629,4.95020,49502000
1093.2649984701561,350.3288641223054,5.16990,51699000
1081.9630396368334,356.11871575320174,5.39080,53908000
1105.6587977016814,371.30923525570705,5.61830,56183000
1062.6932243751755,419.2476795496982,5.84020,58402000
1029.7136964160063,482.4728064355429,6.06200,60620000
1050.4299029026977,546.409998222879,6.27920,62792000
953.52963591496,536.759672270523,6.54990,65499000
911.3540133607455,536.2692495056913,6.79190,67919000
812.2361641457067,561.1583276986622,7.01290,70129000
745.584052627221,554.0438267773861,7.24260,72426000
759.9798092060987,573.2348655404924,7.46300,74630000
762.7067634220498,585.632753982106,7.68100,76810000
813.4748344856191,622.0041871849205,7.90500,79050000
841.3755711188245,654.1923408784152,8.15030,81503000
869.3883912011738,640.576101719121,8.37750,83775000
903.9952001635198,624.6814223183127,8.60700,86070000
879.0771252558862,579.6745183661038,8.81920,88192000
866.6360660459112,655.9603172923603,9.05980,90598000
898.0817743463979,703.0689879915542,9.27890,92789000
944.5937382777083,762.5882478175865,9.49460,94946000
951.3138624318725,756.180963699316,9.70210,97021000
895.5107627346051,767.6248542341145,9.93220,99322000
888.7177484601355,796.8605417956054,10.14930,101493000
792.8080001931359,775.1455039336495,10.36200,103620000
751.8746020103148,775.10776519533,10.59870,105987000
762.6967106353318,730.0833441899803,10.81880,108188000
847.2713749035718,717.1944799393291,11.03720,110372000
897.9873327646062,693.0631718675369,11.25630,112563000
867.9966926045721,677.9670896193587,11.47480,114748000
874.552669415142,706.3051521659315,11.69660,116966000
899.2142262778561,717.0683235966651,11.92650,119265000
874.8133890088452,736.6698362394977,12.14550,121455000
891.5702617548336,742.6668044026408,12.37120,123712000
899.8650641598236,701.7255428228425,12.59250,125925000
876.1095755479067,627.4006386477606,12.81440,128144000
881.8308955990082,577.2916953942372,13.05290,130529000
970.4084613837649,512.347061625422,13.28380,132838000
993.2308688338754,431.4910742695697,13.51490,135149000
1001.3382176535531,463.5203148538409,13.75020,137502000
1021.1346372978363,519.4214656856859,13.98740,139874000
1003.0997131139114,502.63024522676915,14.21530,142153000
959.8828824289265,506.96746643771536,14.45890,144589000
948.4314320696492,418.8985897235003,14.69540,146954000
956.774818378321,378.14190469724747,14.91160,149116000
919.623238385499,435.9800362917246,15.13150,151315000
962.7438835069753,460.69618669907936,15.35980,153598000
981.3171434304188,477.84283704578337,15.62830,156283000
987.6397909310252,527.4495778417202,15.84950,158495000
935.9078960599666,530.9632169636301,16.09190,160919000
919.8664868118119,515.0793167441511,16.34340,163434000
918.3797236512715,530.3641440974964,16.58660,165866000
933.144862689097,558.8833797389821,16.82590,168259000
900.6792586236152,570.1544568789965,17.09770,170977000
971.1610751529643,537.8143856846485,17.32810,173281000
907.731628107839,551.0422386264572,17.56540,175654000
863.9559153197162,529.620522150314,17.77810,177781000
875.4768549637491,528.0187341085995,18.00710,180071000
869.4878692492622,519.0868336712506,18.24490,182449000
865.2451899561855,463.9037934844893,18.47920,184792000
900.1485231944266,485.75513769227297,18.71480,187148000
904.4149227071476,506.2096506534767,18.95760,189576000
843.9801319440639,534.3632933017551,19.18060,191806000
820.0675035964814,512.6214147844187,19.46020,194602000
830.8447129856856,471.00080304457015,19.71660,197166000
989.6635577750176,508.9593246357454,19.94240,199424000
1014.8459822920009,524.4428264802297,20.18760,201876000
965.2197517994505,529.2249522139064,20.45780,204578000
979.8521769192753,609.7098376233095,20.68690,206869000
930.3919025487578,562.1377887786236,20.94490,209449000
920.8226574993745,564.5688206118849,21.17170,211717000
806.6560203362961,537.5354265246949,21.44010,214401000
653.2075233126845,471.62912088346536,21.69960,216996000
581.344977330878,383.16107257163725,21.91420,219142000
515.692496142867,317.1956401904021,22.13380,221338000
633.8532216910038,296.81208907616315,22.34750,223475000
651.0995310418994,240.54450563491568,22.56390,225639000
676.0791650247621,221.94440877717662,22.77850,227785000
560.9237195655185,220.15014116831156,23.00300,230030000
537.9463078932204,214.09876364818246,23.21310,232131000
636.4615269280058,234.5773079096158,23.43290,234329000
770.1568157019437,245.60975223630916,23.64810,236481000
865.9664854345294,312.26831652123246,23.87280,238728000
1029.2683124154287,295.1530265096884,24.09710,240971000
1119.2757699845147,253.65097471438017,24.31400,243140000
1257.2112015287933,207.93449828704655,24.53630,245363000
1316.6081539339968,192.53281273267376,24.75360,247536000
1214.9078547661254,268.1770483806994,24.96980,249698000
1130.0206702385356,292.4685094194733,25.18340,251834000
948.145315006592,302.9903131711576,25.40200,254020000
852.6616551464407,297.1960097462271,25.61930,256193000
718.3737480368068,297.8204376802423,25.83550,258355000
763.245671192271,332.5986454787691,26.04570,260457000
797.682882434091,355.61557436755095,26.26960,262696000
792.509569387455,425.14239550666304,26.49270,264927000
753.6772399615563,523.2087320646759,26.71040,267104000
739.6793017869121,608.1422604085835,26.95960,269596000
673.9031088460338,628.2235663777617,27.18330,271833000
707.7136322721531,679.936882020445,27.40320,274032000
652.9354201281124,680.0793984517345,27.61650,276165000
711.0747802011028,660.982668441227,27.84020,278402000
649.4020349561106,667.2709352812662,28.06810,280681000
663.0160838248083,673.5058994784039,28.28600,282860000
595.9819499155653,699.9004759537,28.50980,285098000
593.8610799131827,699.9909327420205,28.73000,287300000
616.949474364837,689.907551613357,28.95890,289589000
672.9202839319308,651.8942505735971,29.18900,291890000
687.8303568474581,648.1859478256858,29.41830,294183000
712.2235196748593,617.975999752028,29.64120,296412000
747.7973235703671,640.5104405424713,29.87180,298718000
733.0627835654668,607.1752021415466,30.10080,301008000
732.089616023932,582.2189454560091,30.33090,303309000
759.1823854283995,527.5657494384751,30.55210,305521000
826.9922367416926,550.3765269126142,30.76290,307629000
897.100832773422,602.9533236301535,30.97790,309779000
910.0459223858253,608.2426439355861,31.19570,311957000
814.0864598379851,609.9963269110727,31.41930,314193000
773.3685189340462,587.9975157426389,31.64810,316481000
818.2685402808954,604.9575702453589,31.86880,318688000
856.6379845391388,614.3464447681762,32.09040,320904000
897.3023436051045,583.2182280046934,32.31420,323142000
1064.7241860058064,602.0433173211385,32.53840,325384000
1167.1684710622987,622.2831912231206,32.75920,327592000
1224.0960325837284,634.4611904373958,32.98090,329809000
1134.9789439850274,656.2021284202705,33.19090,331909000
1131.7245043269802,717.0704115490994,33.41420,334142000
1020.0679090522497,730.8245287370253,33.64310,336431000
954.9859180386441,746.8073262863296,33.87180,338718000
927.8567628639237,756.3383675908545,34.11660,341166000
888.0785675787233,775.0284839628562,34.36780,343678000
830.0312382760667,778.8323143641289,34.58410,345841000
841.4901145229053,784.8283132714782,34.80620,348062000
828.7523542248571,769.3234756100171,35.02060,350206000
771.0734296919182,696.1457240742956,35.23830,352383000
758.09713704283,672.0359772682062,35.45280,354528000
785.4002225297893,655.4179448506858,35.67240,356724000
770.3640280668698,634.2504683942113,35.89800,358980000
594.7260291272627,495.26146174956125,36.12610,361261000
415.5484279556051,435.87177486831285,36.35430,363543000
527.4045773385326,370.6823367486362,36.57640,365764000
605.857818724284,319.1191961499123,36.79660,367966000
768.6969531521577,323.62964998062023,37.02530,370253000
933.0620490163976,382.03708623259695,37.27850,372785000
919.8054799187759,443.0906277392757,37.51890,375189000
1028.2898791593811,425.52421676428594,37.74730,377473000
1046.073511647347,446.5358709676612,37.96140,379614000
1072.2636491799024,394.7692980465379,38.18540,381854000
1174.532779788304,413.58022378814076,38.40990,384099000
1182.770076129701,424.87322104761705,38.63600,386360000
1104.1665935000183,427.4247023595991,38.86080,388608000
1118.293703268463,453.63960719207967,39.08490,390849000
997.0558417102446,412.4359664768343,39.30580,393058000
798.5586365938638,400.57642714294724,39.52290,395229000
566.3556432491673,364.9119532551514,39.75350,397535000
598.3100968337209,398.37182087843325,39.98270,399827000
637.3249159620765,450.5222512985939,40.20940,402094000
690.9662955347283,446.36167613676025,40.44320,404432000
678.3695198308844,442.58622753355695,40.69790,406979000
699.5812957962917,446.35098852887813,40.92130,409213000
674.2754044235661,445.3887706003766,41.14290,411429000
726.2486968693906,503.71818831223743,41.36220,413622000
737.5917731585174,540.2695144205281,41.58830,415883000
717.1833800861035,550.0236335094414,41.81870,418187000
784.9268441730258,609.3156900689484,42.04220,420422000
837.0876927010211,618.93065647905,42.27480,422748000
950.6661113829268,584.497375204384,42.49220,424922000
942.9286334438601,556.2522114196854,42.71740,427174000
961.2208587510247,597.5084199486446,42.94460,429446000
939.9550067825,591.7229879746035,43.16540,431654000
927.0115843659331,594.0148523910059,43.38830,433883000
942.8128622052907,585.9117286312895,43.61040,436104000
969.9195847190331,623.2456255661693,43.88920,438892000
981.1701196610667,629.5807651586408,44.17030,441703000
898.5949301346113,538.8714110772937,44.40440,444044000
926.8471673349447,517.2645278777943,44.64420,446442000
1019.5333618855294,532.5359236959431,44.86540,448654000
1094.2633979375596,581.515923769298,45.11910,451191000
1044.6506442033708,576.8313334024164,45.35310,453531000
1021.5798459707573,640.2550960790604,45.56810,455681000
1022.8712883085817,612.2669707940634,45.80460,458046000
986.6175517223628,624.8828157855777,46.05440,460544000
1007.5600287859694,615.8880386385179,46.30410,463041000
1045.9345951940425,548.0961015923654,46.52390,465239000
1041.2091100118685,519.0493851429541,46.75250,467525000
1029.6232633467675,481.23460844566955,46.99010,469901000
1029.1914398688168,508.58126659365536,47.25780,472578000
989.3525745495219,505.6812630402217,47.48660,474866000
990.1627085920254,537.085298592662,47.72920,477292000
944.0795643462134,560.6608143858501,47.96180,479618000
973.2284328044752,612.7843922812679,48.19360,481936000
983.3160217909721,491.6736585438331,48.40940,484094000
916.356288590638,599.3461400825512,48.63360,486336000
921.6045860548508,627.3359718316248,48.86000,488600000
910.0441203997324,616.4831912393308,49.08320,490832000
907.2102282401966,660.2114677167219,49.32160,493216000
893.5219637783231,644.7072700216196,49.55650,495565000
887.2504440591448,622.9956250566381,49.77930,497793000
927.1592579672658,644.1258060788575,50.01420,500142000
843.4842391963466,615.820940170032,50.24450,502445000
881.3732849557144,575.5657502658066,50.46010,504601000
822.2045340751587,589.3445630493799,50.67130,506713000
760.0058464051258,576.2165361542537,50.90140,509014000
752.6658910198599,551.1540197425765,51.12280,511228000
774.978580343175,544.1384295084426,51.34230,513423000
794.2573029851904,503.09699409350503,51.55250,515525000
853.7012085404058,506.93888752689276,51.77390,517739000
906.9613168374898,479.3688203406821,51.99310,519931000
968.2176076388588,461.72936507069596,52.21370,522137000
1008.4489191979221,453.6191047918195,52.43130,524313000
906.1419704414026,496.09741710777314,52.65010,526501000
824.4035249547835,488.8421008521098,52.87800,528780000
758.8367422520058,499.1005653288633,53.09910,530991000
787.221490276362,542.3591683229187,53.31640,533164000
788.5756299279176,504.80226552491416,53.53560,535356000
834.7272896781877,518.6920599885216,53.76250,537625000
832.1099297008193,511.8582908443134,53.98380,539838000
810.1235016088269,516.9789290539582,54.21120,542112000
782.9509069158972,535.2658300559478,54.44150,544415000
863.7374663159765,510.20972498090043,54.67060,546706000
855.8277336640787,502.96708138211284,54.89000,548900000
841.422336860169,515.7918733384421,55.11450,551145000
853.6528254612035,516.7255915969995,55.35330,553533000
877.3123446074189,530.3296695838129,55.58360,555836000
845.3233195700055,526.1626109198191,55.80650,558065000
883.7095226911832,524.9836029359069,56.02670,560267000
898.0200930322771,549.7473086688033,56.27980,562798000
941.4662377652718,535.1003425715663,56.49860,564986000
926.306738464524,506.70084155666666,56.72220,567222000
941.8481462310205,488.3969798111608,56.95750,569575000
931.8738912926989,513.2079070239606,57.22010,572201000
889.3577985747112,514.732807689382,57.44730,574473000
850.3919107495539,524.2205108345262,57.66140,576614000
794.0744813034363,529.9704845089846,57.88060,578806000
784.1103622092498,547.0330834303248,58.11380,581138000
660.2336163397831,550.6020828628928,58.32590,583259000
631.297257350931,540.3488886767007,58.53870,585387000
659.2856342914677,562.3255170678935,58.76190,587619000
629.9043312268192,561.1669904400989,58.98100,589810000
475.9184388981656,470.9060289631516,59.20760,592076000
378.9411983926394,432.4655432587835,59.42710,594271000
373.74250475531716,354.3491626067402,59.65590,596559000
399.5899953531275,306.5819340981981,59.88440,598844000
459.43441468125695,266.3222562087799,60.11680,601168000
605.103100999977,245.9304498134359,60.33850,603385000
745.2050436293134,324.82183121874544,60.56610,605661000
835.6467472988961,373.84171213038996,60.79440,607944000
892.3311378808919,377.85774464953175,61.03050,610305000
884.4213972056696,368.2332958684206,61.27430,612743000
910.7604371836795,451.327448426845,61.49230,614923000
913.8776289020666,533.0223503959203,61.71160,617116000
909.3886216575515,566.7926746000458,61.92940,619294000
936.5958168695805,615.406174342583,62.15230,621523000
954.6357894198134,626.1686339414961,62.37270,623727000
962.4409905647348,674.7237789318884,62.60070,626007000
945.4007132037391,693.3855561481911,62.82690,628269000
980.504425387937,623.9352002771533,63.05350,630535000
1011.0944754532396,536.012877349679,63.28160,632816000
1036.7113448944517,541.5837184284869,63.50800,635080000
1060.4964308380254,542.7383228711477,63.72360,637236000
1006.9816657154652,557.0044966778213,63.94880,639488000
1021.1800436131549,607.2308562908779,64.17150,641715000
914.91697515244,595.1106924078956,64.39600,643960000
844.1061030058754,611.8643109344873,64.61380,646138000
772.4286084463796,634.1436791987223,64.83000,648300000
732.4965334775906,660.142276460238,65.05160,650516000
744.2942349170985,688.5218177972014,65.27060,652706000
678.8738589345467,642.7434327588118,65.47980,654798000
670.6831522515865,655.0877215670644,65.69060,656906000
588.6119800558982,641.434990856706,65.91420,659142000
637.8619755115224,663.9284571720311,66.12370,661237000
647.6450715787468,657.2903533166316,66.33950,663395000
719.8355495265873,657.2327470005157,66.55180,665518000
844.5524175783571,654.8733090346346,66.76690,667669000
877.6298848683347,668.6896944782343,66.98100,669810000
882.4659663754655,625.4300665244976,67.20040,672004000
956.9703807928678,626.6385156246046,67.42530,674253000
1044.870785110108,663.3140456357738,67.64940,676494000
968.6087285122475,547.1241098175667,67.87750,678775000
911.1313729879377,487.9873430820262,68.09930,680993000
821.2530304583736,417.8733750589911,68.32930,683293000
868.689747111187,335.7817036948222,68.55060,685506000
927.1800499719196,294.06363820734254,68.77840,687784000
922.9389610864694,236.53426087419365,69.03470,690347000
934.7929995639005,207.26306768182903,69.25910,692591000
916.0632282873107,230.88080243218178,69.47560,694756000
753.2171718283846,174.6855798514535,69.69950,696995000
652.8297889784184,152.70694302353758,69.96260,699626000
573.0256879286676,151.89380437668643,70.20180,702018000
491.64151101644995,189.81713251647147,70.42870,704287000
456.8112927721336,203.61348612357494,70.65590,706559000
386.34858444466795,199.20325546685402,70.89480,708948000
347.9491878561773,192.9249111742336,71.11550,711155000
391.94090316048545,284.9012262116629,71.37160,713716000
408.9577185124901,247.27110596810655,71.61270,716127000
354.390426365293,232.2587209567252,71.86800,718680000
451.4261770721762,248.97251962808417,72.09840,720984000
559.7850270625755,257.29062468643565,72.36980,723698000
616.9905418212862,240.85559358243503,72.60040,726004000
681.0395637962265,277.5606710487376,72.82250,728225000
745.8721334174803,310.7889473002971,73.03810,730381000
855.8154562422418,265.2953886986558,73.27550,732755000
1052.5896992111257,242.94668220647816,73.50120,735012000
1106.1382452242192,201.40433324915892,73.72620,737262000
1161.4498297294947,172.45800806818414,73.95100,739510000
1170.8127875349476,164.55367471781625,74.17570,741757000
1202.4889051500154,164.66802517906652,74.42510,744251000
1294.8492283868377,98.24671661463542,74.64760,746476000
1249.1570270162895,142.57630228819227,74.86980,748698000
1174.6500868438275,166.85404693091854,75.08310,750831000
1110.3615486910967,170.93366821395736,75.29450,752945000
1165.59802116087,324.00418453197074,75.50700,755070000
1185.2147236696667,356.7869619561723,75.72910,757291000
1049.211700687951,304.57320288956794,75.94270,759427000
907.5558438011378,289.04700611299455,76.15630,761563000
1020.1865982153024,227.4596736186727,76.38420,763842000
1153.9390893683128,178.73365553888462,76.60430,766043000
1257.7546063973382,149.95953522556408,76.83110,768311000
1293.9861494251272,128.44948992080845,77.04840,770484000
1227.0449029068773,210.2710532124317,77.31130,773113000
1145.8245440481512,270.15338019648476,77.53470,775347000
1237.0574531158336,232.55168386331758,77.75220,777522000
1263.2181137115738,250.8362769079158,77.96980,779698000
1333.5591166006068,241.2612802952634,78.18680,781868000
1333.1667468703502,223.17447569858436,78.43830,784383000
1274.871852220186,266.40427498033506,78.66680,786668000
1267.4946344346429,293.27258754973303,78.88460,788846000
1294.007842022585,292.4043823026374,79.10040,791004000
1298.0432274810425,278.07478141658254,79.31800,793180000
1360.885044859426,228.91713984318116,79.54840,795484000
1380.370406645316,150.78749195398547,79.76400,797640000
1281.9924908283524,181.10721442957285,79.98200,799820000
1105.623455289558,194.95049494886825,80.20960,802096000
901.2929562972604,214.6964607751317,80.42800,804280000
727.4721994670315,191.9769620888268,80.65040,806504000
676.8109849930908,177.4981180504699,80.87270,808727000
675.0338968534473,196.82474554069088,81.10340,811034000
745.5959690684957,192.4524209213508,81.32670,813267000
874.6852203099406,136.62342789762099,81.55200,815520000
916.027082833117,81.06141625455058,81.77380,817738000
870.5086602760202,264.2779701905287,81.99500,819950000
752.0548739174786,277.49030640449377,82.21270,822127000
669.6443793480929,368.9234794645255,82.46400,824640000
506.09676961486525,458.53620324010967,82.69490,826949000
573.920092069065,465.7097472922652,82.92090,829209000
694.281076994203,512.4193923268615,83.14140,831414000
794.9288172786394,534.0537138505745,83.35950,833595000
785.0810552574226,501.38287978311996,83.57760,835776000
817.8366767987878,507.27886351519146,83.78820,837882000
878.4117517837007,461.7191291937185,84.00500,840050000
845.3881970010359,524.4855052403885,84.21290,842129000
704.4081620591819,518.6863663047405,84.43370,844337000
712.2115112992916,610.7342510201519,84.66900,846690000
663.9677486709804,653.6579047401129,84.87930,848793000
748.0266880785057,631.2537958870424,85.09820,850982000
763.0145992982963,616.1024353091069,85.32430,853243000
746.1051460739742,606.6675501924401,85.55070,855507000
763.5661416514729,581.7607380503492,85.77690,857769000
767.3602860952531,475.0240366825336,85.99540,859954000
727.5410506667646,321.85138316682173,86.21570,862157000
845.8494583624188,229.52272449621597,86.45090,864509000
897.224104866993,210.9510023222583,86.67400,866740000
927.5671996507643,282.5236543348263,86.89980,868998000
974.7302356396152,376.6810408001894,87.11560,871156000
948.3303950856001,383.75081127223507,87.34480,873448000
1012.328895977198,384.97421369787986,87.57040,875704000
1057.9909625119283,353.55896700201953,87.79080,877908000
1123.1320481376658,316.5851495423825,88.02590,880259000
1162.5952834217114,311.24417321063487,88.25120,882512000
1184.8296843821365,325.4611988390434,88.49190,884919000
1177.395498819458,314.85656102306837,88.71990,887199000
1110.3960698188373,351.31274718053913,88.97180,889718000
1085.040812726031,377.85535085646626,89.20130,892013000
1088.8150531899028,376.65180574078073,89.47930,894793000
1149.13328564114,391.44923495301157,89.70420,897042000
1184.5431117846285,392.7110003398259,89.93410,899341000
1159.126069855564,402.67980218633426,90.15700,901570000
1177.1752263237458,429.5306321587355,90.39470,903947000
1178.199838585115,456.76292326713957,90.64260,906426000
1157.5667945698196,489.70854657026183,90.86190,908619000
1119.4956493918849,514.1050702911414,91.08180,910818000
1101.9360565523364,550.4958911911525,91.31100,913110000
1035.8136598999106,501.9085893355436,91.53420,915342000
1040.1866277687373,515.5279084326365,91.75770,917577000
830.2105610285244,435.82100727891043,92.01110,920111000
640.8295020415334,370.13574246216797,92.23510,922351000
598.4880015791299,304.2714249402947,92.46850,924685000
635.5024794439904,264.4257442707847,92.68260,926826000
651.4221371045943,244.97034646872189,92.90260,929026000
631.5412324960713,200.501353292596,93.12390,931239000
663.4205892243065,204.31008163263,93.34910,933491000
778.8094024472255,170.99744055646337,93.57160,935716000
876.1392560696814,125.24422568688196,93.79810,937981000
943.4627831364165,125.90232652824152,94.01670,940167000
964.7428827512292,228.67777628615318,94.24310,942431000
1089.1197197903675,282.740590075619,94.46740,944674000
1171.0504439978156,295.6232505973843,94.68740,946874000
1267.754235524677,228.28828430479868,94.90040,949004000
1315.2659991058342,243.12110541328465,95.12730,951273000
1233.1661701227267,185.09685147481895,95.34350,953435000
1022.8958581295636,244.08621314377558,95.56250,955625000
821.0828805121107,222.379518129487,95.81690,958169000
928.3844457572103,213.08179537735782,96.04950,960495000
1002.8829270680806,178.32097419876726,96.27720,962772000
807.3386823555248,166.77247095589934,96.55220,965522000
627.8137779327806,187.77528408212044,96.80950,968095000
518.0781326660303,211.10818788255324,97.03350,970335000
498.98976311250067,261.0360820809208,97.26760,972676000
632.5167321435252,255.1036232932608,97.50250,975025000
869.152297341385,310.75902552582147,97.71980,977198000
994.2145235394165,332.3596695435039,97.97560,979756000
1121.0056514031232,326.2515020016626,98.19240,981924000
1148.9680829461645,353.2356529001363,98.40500,984050000
1077.9387011679753,383.0450144604318,98.61830,986183000
1045.273456474719,500.57189396075887,98.83400,988340000
995.5804809858162,546.607393100964,99.05010,990501000
984.4762136480865,579.0939904679054,99.26930,992693000
940.0311579211901,584.6345091160598,99.50870,995087000
1019.0806435408579,513.1101580064931,99.74010,997401000
1054.741511897328,458.7292906989315,99.96080,999608000
1058.1408072870547,425.5995276682189,100.18060,1001806000
1066.6413529359193,423.99253859676793,100.40080,1004008000
1068.386972696544,436.979298619489,100.61090,1006109000
1042.9807234228485,509.7382140039359,100.85510,1008551000
1008.2616166819533,570.764576161091,101.08280,1010828000
1000.5061407437129,652.2604326689242,101.31320,1013132000
1011.6223251996643,684.360086654257,101.55800,1015580000
1009.8341781976828,685.9716312511644,101.80590,1018059000
1021.1866719087126,671.54788598774,102.06600,1020660000
991.9108080968363,581.6640779384479,102.30280,1023028000
1015.3116816766301,547.9063690124315,102.54610,1025461000
1038.9901457868782,600.865445027948,102.76220,1027622000
1010.6284872844012,583.4167675191675,102.98280,1029828000
951.5103980060575,681.0476529928304,103.21140,1032114000
911.5523261082593,726.6598860911365,103.43250,1034325000
974.1917777572638,720.4127326491061,103.64270,1036427000
957.8400472497486,726.905367901711,103.87530,1038753000
977.4678995458688,727.1506510604331,104.08160,1040816000
993.366141471785,766.7522231220967,104.30220,1043022000
954.6459866912238,745.0556806040119,104.51430,1045143000
969.1899753704588,788.3149943749557,104.73050,1047305000
954.3170795677669,778.3059399533843,104.94660,1049466000
885.0631760593329,799.9417944737588,105.17940,1051794000
907.2119435831758,753.1261231950677,105.40710,1054071000
789.1050566051931,639.5841982721499,105.63280,1056328000
749.5547523553307,569.0121769874744,105.86890,1058689000
751.9481187795712,508.1737461445233,106.09930,1060993000
746.2759094959349,468.8770366728387,106.34550,1063455000
791.0904903072133,489.9003101638706,106.58110,1065811000
830.3783028826585,456.65364045074745,106.81650,1068165000
794.2509748129976,429.8070611675798,107.04250,1070425000
851.2602874356048,315.67809208784877,107.29170,1072917000
907.1344854775523,286.27376621539946,107.50590,1075059000
973.5098833772993,414.6897574817988,107.72590,1077259000
938.2372092257826,458.31840833241176,107.94680,1079468000
840.4693309471822,454.03704287666676,108.16420,1081642000
696.5095177220794,411.7586143439916,108.38250,1083825000
634.7256248321464,392.1607918084098,108.60350,1086035000
681.7764553772001,374.4426891987288,108.84870,1088487000
753.3646448352998,489.0989951345013,109.07220,1090722000
717.2725453911265,585.7980489100803,109.28960,1092896000
686.2398022190819,618.2411389040508,109.50300,1095030000
737.2229477137283,658.6714885973845,109.72410,1097241000
816.6543965632981,705.1715103172385,109.93960,1099396000
773.6520289288289,708.6331841089768,110.16700,1101670000
798.4227510390042,755.2384588444038,110.38280,1103828000
850.0106213289691,774.8197650249666,110.62370,1106237000
1038.1021125525167,662.9650986423671,110.87790,1108779000
938.8978395765848,539.7647990538458,111.09530,1110953000
777.7860678812735,472.34243063151973,111.34690,1113469000
826.0092434488682,375.73875980054447,111.57280,1115728000
800.2838403509452,348.1501271388077,111.83150,1118315000
932.9244869830777,271.8774372559026,112.05020,1120502000
874.2363483743644,266.92885006098845,112.27070,1122707000
835.6227872540177,255.04363435310492,112.50130,1125013000
851.7217765858198,278.2997157709257,112.71920,1127192000
865.3381976263777,306.71597035093527,112.93590,1129359000
807.1849972882873,268.46559078256894,113.16170,1131617000
710.055287937954,256.17467815923897,113.38100,1133810000
615.3740926780677,218.45410181319588,113.60650,1136065000
451.8128369581744,186.75854648652742,113.85280,1138528000
391.137869342972,171.78374080635007,114.09170,1140917000
382.2106472577743,176.18615553265573,114.33120,1143312000
364.82250285156067,178.61838778665987,114.55400,1145540000
413.56762361340907,173.7102945179521,114.78170,1147817000
561.2283373536006,174.00771666546072,115.01320,1150132000
554.8405291298103,172.0292497391211,115.24690,1152469000
575.2252266957504,208.19997571626078,115.48340,1154834000
598.5602933936366,185.30780072464498,115.71030,1157103000
567.7494387150173,162.73337503642804,115.95910,1159591000
641.0287108202739,169.82463739386793,116.19880,1161988000
667.8162730009157,205.56101892731303,116.42490,1164249000
620.065722284559,211.7347196850373,116.65830,1166583000
553.9540289501421,255.9344873961894,116.88230,1168823000
644.4298534940423,299.1222087446749,117.10660,1171066000
625.2690810800797,293.87398926854075,117.33400,1173340000
625.8977968236516,234.55123589489625,117.56230,1175623000
661.8658367185803,172.49579331967414,117.83280,1178328000
572.4626757617009,159.81021335366344,118.06450,1180645000
451.0477078042537,142.50554064878068,118.29020,1182902000
652.9550511934035,147.23810914396208,118.52240,1185224000
816.0118276979711,183.3898203139941,118.74910,1187491000
1020.9992209650827,186.3077355691799,118.97810,1189781000
1187.5926191859735,187.95771837494524,119.20480,1192048000
1307.9128247513497,229.53874642589363,119.43580,1194358000
1331.0731515817192,261.3073871784299,119.66110,1196611000
1370.3400656649392,216.23069000080454,119.89920,1198992000
1361.4870801449201,191.23404797833172,120.12780,1201278000
1249.4926462401017,271.38741614980046,120.35120,1203512000
1172.305358261334,318.62151130160873,120.57200,1205720000
990.4156788084431,290.14426114185045,120.79610,1207961000
779.4572141674162,294.29856207234565,121.00690,1210069000
553.1353632254214,246.32530145804293,121.23260,1212326000
520.4306722615145,264.30659721453327,121.44300,1214430000
544.939290454006,251.88748568319247,121.65920,1216592000
461.68640406721636,303.08781667878566,121.88030,1218803000
399.92805373935045,280.6363079298586,122.09670,1220967000
471.598021412542,279.77293869290224,122.31390,1223139000
546.8439253856145,284.4269181722233,122.54640,1225464000
639.1636463571854,312.68599423225345,122.76260,1227626000
522.9169887019661,282.72140528918305,122.98330,1229833000
373.75977306662674,223.24926546298425,123.19900,1231990000
433.0352013360519,192.97005591413324,123.41960,1234196000
513.0579706422957,263.12671150885194,123.64120,1236412000
507.48131807158916,293.4101454085535,123.86440,1238644000
326.59230258256537,243.66368911587762,124.08670,1240867000
499.12710859699104,269.6017956931712,124.30810,1243081000
609.6412593883992,274.70334321883723,124.53710,1245371000
725.4289949822133,273.904968158977,124.75310,1247531000
764.9912978907425,257.2986620689175,124.98260,1249826000
970.7055335787488,261.3263845757154,125.20460,1252046000
965.464419119479,283.7258134255515,125.42340,1254234000
950.151834190668,320.3457867769082,125.64700,1256470000
973.4007273796883,344.5896373678009,125.86650,1258665000
912.7218930035647,332.61909024786667,126.14570,1261457000
816.2861319667365,310.52933580984455,126.36570,1263657000
615.7140343164909,270.012032013862,126.58860,1265886000
647.1340902195542,249.13494683337336,126.81070,1268107000
626.1295596487086,217.68097403278338,127.03830,1270383000
750.3635561655017,199.50981472111397,127.26220,1272622000
953.609810718658,182.58512677777694,127.48430,1274843000
1080.7907195260098,116.60364422874562,127.71310,1277131000
1126.8311270964466,108.20829807879372,127.94000,1279400000
1156.743805152626,119.05309849865966,128.17610,1281761000
1261.9567663046291,214.8846282718094,128.40200,1284020000
1380.1744246353342,227.25924975941777,128.62270,1286227000
1423.6210747247303,173.63330660588494,128.85640,1288564000
1457.3784065270522,188.0558154903341,129.08670,1290867000
1382.2125452665045,180.42689230050325,129.30480,1293048000
1221.4498641103191,113.16134493957098,129.53820,1295382000
1117.0890883446925,156.52255633590437,129.75880,1297588000
1159.0202296698733,172.26785989591826,129.97500,1299750000
1210.7205764415442,150.50624912965117,130.18660,1301866000
1278.7420111186696,84.48721980117838,130.40650,1304065000
1043.2963044699618,105.5174720836293,130.66540,1306654000
809.7716132304361,139.0403292903011,130.88140,1308814000
693.3586198120598,129.2055251974268,131.10580,1311058000
580.3506500757193,179.42967176526935,131.32080,1313208000
592.2012544285552,184.002633594475,131.53840,1315384000
672.2852501280809,334.4292603956117,131.74740,1317474000
694.5887844902248,441.34285011362596,131.96160,1319616000
787.9119014382321,511.42045307668445,132.17490,1321749000
876.466929094354,573.6945701053737,132.39670,1323967000
942.9383297888677,606.5628032181061,132.61870,1326187000
1030.5799377601415,599.9868178883568,132.84240,1328424000
1106.6448677202557,572.1513298165182,133.07120,1330712000
1135.2439637204827,532.6041850710459,133.29670,1332967000
1174.193503440004,486.288331280493,133.51540,1335154000
1153.7045279515191,455.23574683954035,133.75160,1337516000
1161.3554254286416,456.8106205046593,133.98070,1339807000
1153.7935269845009,462.6918899833254,134.22990,1342299000
1163.6944388272348,481.9166411172398,134.44990,1344499000
1195.7537582539387,482.050152484147,134.67960,1346796000
1188.6822145010992,465.1427337307909,134.90340,1349034000
1268.2195773599437,495.59509150579595,135.12950,1351295000
1246.7278217986027,497.30403565281745,135.34740,1353474000
1192.4405985601181,520.4040701224297,135.57990,1355799000
1141.158047551566,530.6044295560955,135.80160,1358016000
1086.3223211219001,518.2752585609184,136.02560,1360256000
1063.4758065289504,523.1299931537051,136.24760,1362476000
1017.4201700983865,593.4492092367296,136.46820,1364682000
965.7255649724681,621.5329262963977,136.71960,1367196000
928.3986996943091,617.8404146329995,136.94810,1369481000
960.1431281381101,597.6417927580177,137.17870,1371787000
897.4857759169952,588.6229680054442,137.42340,1374234000
862.7667944101726,560.6301309493444,137.66030,1376603000
910.1663473972402,584.8547473097788,137.91740,1379174000
979.4114197198486,554.8474864610133,138.15370,1381537000
1005.8062942455075,545.8677582163189,138.39220,1383922000
1028.3920027882918,551.4182615034949,138.61560,1386156000
1046.7469068369967,546.9492533742978,138.85460,1388546000
1026.100243817416,491.4337435361583,139.07950,1390795000
1001.6630169903758,430.5351639830396,139.30940,1393094000
984.9533373572727,461.76733539134113,139.57550,1395755000
990.4648600491506,486.6000279004396,139.81960,1398196000
1010.9481397078439,504.12218267319196,140.03710,1400371000
981.7203181138218,505.67887634924784,140.26060,1402606000
1021.0898902294475,521.5528903335826,140.53800,1405380000
1034.754894537383,559.4932985451045,140.76690,1407669000
1043.3852198371194,581.6207670026934,141.03650,1410365000
1036.8294097598139,573.7255994228686,141.26770,1412677000
1067.2903627388125,538.222647808592,141.49390,1414939000
1121.8311342209688,507.81002935710467,141.72290,1417229000
1112.8963224504394,496.5733153044317,141.97070,1419707000
1176.1468964157496,497.9708506191962,142.20680,1422068000
1138.1060347337461,518.3393793727814,142.46000,1424600000
1141.5866525917843,534.0439906937811,142.73080,1427308000
1096.7927089267714,547.459675930111,142.96260,1429626000
1024.6893198616956,539.2860426712494,143.23380,1432338000
976.3518477627777,536.9052339492632,143.45180,1434518000
898.9443515771591,503.0068016488773,143.68590,1436859000
767.6387654624709,531.6363442961147,143.91960,1439196000
705.4109747770357,535.4953340149134,144.15560,1441556000
599.7970992910584,521.6691720442337,144.39240,1443924000
578.3144599069419,528.8765955356848,144.63480,1446348000
625.4604638417569,606.5654235823686,144.85400,1448540000
539.6027929040768,537.5274522336871,145.08950,1450895000
609.1606545553797,481.4271547808866,145.31420,1453142000
720.6257060302507,424.8717395134829,145.53360,1455336000
834.9415349022852,354.2175858148149,145.75470,1457547000
1005.6390251306257,305.8889539207109,145.97960,1459796000
1070.4526412982125,253.12358838730162,146.21320,1462132000
1064.5816328642807,240.70245192703067,146.43220,1464322000
1046.3159749333415,252.2668222647042,146.65470,1466547000
1034.2810190185994,366.60024487771204,146.87050,1468705000
943.1099168035479,427.5883501870685,147.12160,1471216000
932.4076568901329,372.5995356938119,147.33280,1473328000
1064.4989867555685,336.7812250022079,147.54600,1475460000
1249.906822557724,297.3809663035744,147.77440,1477744000
1216.6993644546324,266.5031578284043,147.98690,1479869000
1152.1717948968874,291.31441093335764,148.20400,1482040000
981.7507478546861,229.7824474753006,148.43450,1484345000
800.7150462545612,185.0014556092075,148.65180,1486518000
680.0823300063352,200.1081344569758,148.86740,1488674000
641.4425012954447,186.2476654307578,149.08270,1490827000
662.6890519272616,195.8326824298083,149.30030,1493003000
687.305358997205,187.8926070502043,149.51410,1495141000
783.251247050607,155.9968763663921,149.73190,1497319000
851.6409321993409,153.1427920881213,149.95420,1499542000
875.9362560044611,175.85368291165116,150.17630,1501763000
791.8245168930424,170.90083131485133,150.39150,1503915000
763.8592913141314,174.81434264569054,150.60690,1506069000
784.6284711124921,341.1703424166326,150.83850,1508385000
797.9680027548678,479.4981491666587,151.05380,1510538000
805.2466137197674,560.2125142402873,151.27400,1512740000
901.5319839385961,583.6804022296573,151.48840,1514884000
947.4163684490965,625.0355332824793,151.70150,1517015000
982.304088392038,583.8128422761423,151.91570,1519157000
1055.9753360450854,551.1790707043963,152.13220,1521322000
1081.9850358885788,548.1878679101,152.35440,1523544000
1023.6615320310316,565.9440431110357,152.58560,1525856000
1032.935269405444,553.041062793384,152.80990,1528099000
1079.1547721584413,541.2708521066817,153.03340,1530334000
1113.174096619649,515.7818256396678,153.25240,1532524000
1144.3967102518893,523.7898015729616,153.47590,1534759000
1087.4063470413619,498.55654044473886,153.69220,1536922000
1061.000569453325,428.2361128410099,153.91500,1539150000
1030.2777539615392,358.557687333194,154.14610,1541461000
996.5153308823344,302.6481709832368,154.37100,1543710000
904.2439484887891,259.4368180659445,154.61460,1546146000
865.9233070438453,252.4938690315294,154.84840,1548484000
900.0622030130725,202.3540066545848,155.06790,1550679000
1016.8088265622489,157.53627863743807,155.29220,1552922000
864.4236358243835,130.23385201689882,155.51320,1555132000
888.3060752252563,163.11090764751947,155.74430,1557443000
897.9999384805384,110.45893274503842,155.98330,1559833000
1046.2100467936627,135.0437965002069,156.20830,1562083000
1102.6951724020232,130.0304271603705,156.43970,1564397000
1111.5396687189923,114.96981736108873,156.66310,1566631000
1042.814280117993,132.2375207071034,156.88280,1568828000
996.570146193075,142.94393936478156,157.11300,1571130000
905.5043485300223,151.17424370604618,157.34030,1573403000
851.2972384602018,168.44920260653578,157.56410,1575641000
842.5009226150623,208.58558583432227,157.78490,1577849000
875.3244819798346,268.0361039267691,158.01910,1580191000
929.1875828908953,320.68583658663584,158.23840,1582384000
952.4212620540137,332.07648955771265,158.46490,1584649000
1029.9115245803612,372.1046578709848,158.68600,1586860000
1109.1360673533056,395.5121696124276,158.91210,1589121000
1157.4165380079298,414.62080884188146,159.14260,1591426000
1179.3297845540285,412.2387672639259,159.38690,1593869000
1205.1075172724081,449.20769101935,159.62530,1596253000
1198.1440885814256,463.23060604056144,159.85230,1598523000
1214.3976765522382,466.5793800765463,160.09190,1600919000
1238.1277871829523,479.2846491627878,160.31350,1603135000
1186.117771265064,469.5951542955713,160.53620,1605362000
1115.2104742612612,430.73493112329817,160.76150,1607615000
1070.5672622919326,465.9283772184345,160.97430,1609743000
1038.8892287867568,454.7544653470942,161.19620,1611962000
993.0391928649753,418.0434189599955,161.41290,1614129000
1015.619696531893,348.7163970431439,161.62060,1616206000
1146.4076667007078,263.120748090302,161.83670,1618367000
1245.4936933453878,252.8043332494923,162.05300,1620530000
1337.7350913584144,177.14613879942246,162.27130,1622713000
1401.9782283511395,80.02977091677268,162.49240,1624924000
1305.9483850282209,57.475568618821754,162.70980,1627098000
1205.3368200607,88.47044193133111,162.93020,1629302000
1245.2282577192427,85.14173049780686,163.13890,1631389000
1144.5815307497933,55.41795927270745,163.35170,1633517000
1270.8459390323683,56.52119581985866,163.57230,1635723000
1351.2841559158492,14.326860864106788,163.78810,1637881000
1237.613071968599,30.171983333297373,164.00670,1640067000
1074.2230755968671,76.36103526193035,164.22240,1642224000
865.0948362762192,52.934432607705716,164.44570,1644457000
676.398897052705,79.70005673593076,164.67280,1646728000
512.1311860803348,91.29301164572969,164.89040,1648904000
432.7096665912213,142.2309007368147,165.10760,1651076000
572.7442317272152,307.73736137286846,165.32310,1653231000
796.0899093593888,299.37287608846276,165.53740,1655374000
1036.9709992621652,283.6678991239424,165.75430,1657543000
1165.8814172373702,232.27486328682903,165.97850,1659785000
1267.8637625651575,223.1954368281082,166.20530,1662053000
1262.021154114186,310.67543673441645,166.43270,1664327000
1271.3599559260444,366.93171219355435,166.67220,1666722000
1260.3022591250485,363.05893675409783,166.89070,1668907000
1289.8025174395527,383.8417711392788,167.12150,1671215000
1298.3447488391143,399.08826563990624,167.33110,1673311000
1263.1830852767016,381.86052120720933,167.54210,1675421000
1218.4637599285902,394.9414852677009,167.76360,1677636000
1134.746514176129,446.6994601025892,167.98730,1679873000
1073.114745151414,463.03066091424444,168.20970,1682097000
968.4782948794824,531.3021874858631,168.43520,1684352000
989.4572881496532,574.9407848548559,168.64760,1686476000
1014.3226858618091,553.354648233167,168.86520,1688652000
1028.5799926028078,508.7442687398404,169.08290,1690829000
1037.5027488300805,523.6722380497984,169.31210,1693121000
1012.8919275266863,526.9889655750573,169.54390,1695439000
1006.3151722344448,578.2148834548693,169.76960,1697696000
1000.1939437865476,572.6869897994708,169.98670,1699867000
863.2888694961478,525.030349371227,170.21480,1702148000
785.5453979060125,445.07825409509053,170.44050,1704405000
767.3344019591356,427.9539399313716,170.66180,1706618000
669.1870248087324,425.8781032543089,170.89580,1708958000
842.7786901214592,467.0985634864215,171.12960,1711296000
1010.0402880099631,500.7593830357711,171.34950,1713495000
1040.01257579537,542.8519200847999,171.58280,1715828000
1067.7938781877824,567.70529543749,171.81510,1718151000
1102.3894021525382,502.40733739012535,172.03000,1720300000
1139.223771222084,579.0238811007229,172.25230,1722523000
1152.068392309785,618.1971323919809,172.47670,1724767000
904.5338817793103,496.26649948787224,172.70080,1727008000
672.7196978363583,375.3785802204169,172.92330,1729233000
625.8268494536245,457.67230002880694,173.13830,1731383000
677.718298779286,548.97667861827,173.35530,1733553000
733.6957264164986,615.0228447392742,173.58910,1735891000
768.1286997613629,716.3061529076158,173.80750,1738075000
901.5389307841972,737.1637182578912,174.05910,1740591000
1021.0507920032428,730.8885970046825,174.27670,1742767000
1068.4370626084867,718.4503005950288,174.49520,1744952000
1154.4628862100792,655.5582367471367,174.71940,1747194000
1206.4990518877896,570.2710006846257,174.94190,1749419000
1206.4373798694874,511.2820656245567,175.18980,1751898000
1267.327570368003,513.0900197211755,175.41150,1754115000
1300.8853767224002,481.0698078773658,175.64430,1756443000
1312.5866581437126,453.23299178243366,175.86240,1758624000
1237.2133582031108,454.13487687851733,176.08350,1760835000
1222.7835767887125,429.676380290795,176.30330,1763033000
1166.9971625716676,407.42133010879996,176.52870,1765287000
1221.322279839874,339.3035258597659,176.76160,1767616000
1321.982854345545,317.88226013623654,176.98870,1769887000
1303.847915597404,257.1898285901817,177.22460,1772246000
1258.0456695484359,201.26548233842237,177.45700,1774570000
1202.256145912697,255.22168816169548,177.67980,1776798000
1040.6361572636013,242.32376539932676,177.92250,1779225000
889.584716161093,208.0114773503371,178.13410,1781341000
740.0145199913608,225.7697950852188,178.35180,1783518000
672.8609713435268,204.55319083739744,178.57060,1785706000
628.0716500724747,213.13712287372567,178.78580,1787858000
733.002192099673,215.73977780155516,179.02590,1790259000
670.9986924526215,231.93866226944618,179.23980,1792398000
565.0754398364993,125.1699935917494,179.46330,1794633000
458.9271330627603,167.03269525505561,179.67870,1796787000
455.5398747161779,151.11622723632684,179.90220,1799022000
435.00280841356977,148.87055300535525,180.12510,1801251000
501.0455014704378,181.34465921045265,180.35010,1803501000
605.3913446158233,186.10182906813478,180.57050,1805705000
746.9624731067674,190.90207694991733,180.79120,1807912000
890.4541609404589,169.9343194231288,181.04500,1810450000
977.2977961336829,184.24741369868664,181.26730,1812673000
1142.0506833793947,193.54233851018807,181.48280,1814828000
1033.9888753174089,181.49836803895124,181.71410,1817141000
870.436552644351,122.07440041941064,181.93250,1819325000
876.400628545581,126.2188240334356,182.15610,1821561000
935.8693250947103,159.98610278370572,182.38950,1823895000
939.2552483752909,170.00301519913896,182.64850,1826485000
905.3020671189848,198.37513187503274,182.92330,1829233000
996.5517451386203,208.38371229556898,183.15670,1831567000
1102.8809777492168,223.23622781402202,183.37510,1833751000
1234.962752569422,212.7933405902591,183.59800,1835980000
1239.5654238314285,250.82364244380148,183.81890,1838189000
1205.2867874452145,319.09216740436887,184.04970,1840497000
1085.537423819561,342.8688539874169,184.27160,1842716000
952.4972729012597,301.91170365552233,184.48410,1844841000
900.449115286307,281.20664293690396,184.70970,1847097000
875.3797184252113,307.7826713433435,184.93650,1849365000
754.5297731794844,280.5850851609733,185.15910,1851591000
748.1113121733533,214.38135337359802,185.38530,1853853000
696.9694873926643,241.25203005521388,185.61830,1856183000
612.8024405987212,209.96182105399205,185.84580,1858458000
766.0204390224618,172.88188925157857,186.07440,1860744000
905.6854226405507,147.8609598786016,186.30610,1863061000
899.1359144505954,173.12716008869126,186.54100,1865410000
965.1527574058061,174.11048992484172,186.78370,1867837000
1018.8146866443533,204.83491183715634,187.01560,1870156000
1092.9213410796674,244.47093735152586,187.23980,1872398000
1227.4904828241151,318.5385665944695,187.46070,1874607000
1153.7328132739037,348.1724369541332,187.68860,1876886000
1095.5779057587058,350.38935927115284,187.92120,1879212000
1118.4067434438712,347.12604218444426,188.14920,1881492000
1103.963760672397,403.8552540794762,188.36530,1883653000
1175.4784158434252,421.60555412663905,188.58170,1885817000
1307.4927137693007,437.1448625236851,188.81500,1888150000
1380.7786207763288,470.2000711312564,189.08750,1890875000
1311.4346161486737,505.3813170159976,189.33000,1893300000
1294.5474741318274,494.75248826509534,189.55690,1895569000
1311.3268944838778,523.7177563239243,189.80310,1898031000
1276.5752725258046,541.3690619033326,190.06150,1900615000
1188.9021868359669,599.9898900761052,190.29030,1902903000
1090.3910976807363,656.5664879916754,190.50760,1905076000
1055.5244149507216,696.6058721936199,190.73520,1907352000
1048.0922885926002,678.871847803398,190.95000,1909500000
976.5823268703258,697.1787737625784,191.17720,1911772000
1024.1605536265047,702.4630082545106,191.38960,1913896000
1031.7463953853344,662.2262463414525,191.60790,1916079000
1030.2491554871715,616.0503774360402,191.82290,1918229000
1013.8341389769013,564.2831337649286,192.05600,1920560000
1006.282703949252,515.5402882432954,192.28330,1922833000
945.9081585535978,474.4759713853783,192.52590,1925259000
971.1674324216324,435.1721327734844,192.74360,1927436000
925.5881562529013,357.80966848811124,192.97140,1929714000
966.1441964152484,372.7999006207891,193.19320,1931932000
995.4339057552836,406.5470121360953,193.41480,1934148000
945.3409791280425,458.1166494463257,193.63310,1936331000
929.2069720320981,458.7218200322696,193.85830,1938583000
907.1519075024113,476.40571880219954,194.07830,1940783000
720.257935764434,390.4954173604831,194.30150,1943015000
583.4456671303367,327.1431110645757,194.52260,1945226000
510.4815891696759,281.5430731958826,194.75230,1947523000
629.2881299613521,250.3164491872635,194.98460,1949846000
815.6482863199852,255.28699510157963,195.21090,1952109000
838.969989073844,358.14558541700114,195.43670,1954367000
874.4530171241433,462.5662784243158,195.65920,1956592000
866.5335537158469,500.5278207301923,195.87640,1958764000
942.6585730410332,466.319804291229,196.09370,1960937000
953.3919403368849,538.3860240994809,196.32210,1963221000
1014.9470051545957,568.4522185642023,196.53290,1965329000
1021.6790533818611,626.4078945560492,196.74090,1967409000
1032.3495376804674,653.1874253136644,196.95670,1969567000
1024.930827717938,636.0868192485071,197.17140,1971714000
1085.0167358783717,610.2083165276686,197.40580,1974058000
1112.90812962882,587.5523153606832,197.62720,1976272000
1106.1326502638135,625.7292260337955,197.84630,1978463000
1116.640347202532,662.0444968516006,198.07410,1980741000
1033.9901436546545,706.728532642758,198.30470,1983047000
978.545991176122,744.247259089104,198.52550,1985255000
937.7139750879186,759.7453434349898,198.74320,1987432000
928.8614280125565,747.8564885254252,198.97470,1989747000
936.2581604450057,686.1152166828658,199.19800,1991980000
926.7970834396341,681.4977800707328,199.41600,1994160000
950.8468112033374,605.0638804255536,199.63930,1996393000
905.25244718999,604.8846278520077,199.86010,1998601000
835.4974306332479,576.656424573391,200.07830,2000783000
807.6813146833308,579.4024629708867,200.31380,2003138000
872.2752150365387,538.6881322970058,200.55280,2005528000
931.2963411761189,555.548759135888,200.76690,2007669000
991.9932627148586,481.08759760427984,200.99160,2009916000
989.6503914650182,467.1986624212163,201.22670,2012267000
1044.4921438448246,431.31917541996825,201.44800,2014480000
1024.641929477775,415.1371301097386,201.67560,2016756000
1052.02249707246,470.4403975513618,201.89580,2018958000
1041.6446366382493,495.3532051361798,202.11020,2021102000
1117.9730496467703,547.8571010909747,202.33460,2023346000
1157.4358571665284,594.195688349452,202.55130,2025513000
1267.290328215221,587.4951731565147,202.77380,2027738000
1303.9538755054823,602.5320942745108,203.00680,2030068000
1369.576485987732,592.1186498502251,203.23550,2032355000
1343.0740584996497,584.8237791976658,203.45850,2034585000
1285.9158550091342,561.9341427477806,203.68280,2036828000
1192.8403334056125,628.094183009411,203.90040,2039004000
1146.6151429191568,638.5043132107025,204.12090,2041209000
1111.4595946351317,639.4045947896558,204.35450,2043545000
1106.1334152736624,622.5339822027935,204.58800,2045880000
1138.9483331138244,577.3672816769459,204.86430,2048643000
1176.6093632421896,552.0288319205613,205.08190,2050819000
1202.221557237857,538.8979739755551,205.29680,2052968000
1154.6019588219406,502.7659948992731,205.51300,2055130000
1138.8246563652108,469.97106721594105,205.75120,2057512000
1109.1491772418233,565.3471192059068,205.97070,2059707000
1121.546206048503,580.0240412785361,206.19010,2061901000
1110.4672101019407,622.1222847225606,206.42830,2064283000
1113.111562143108,623.9768627418222,206.67330,2066733000
1129.6203694685396,615.5763345913336,206.93040,2069304000
1092.0782285833402,556.1904567943068,207.14490,2071449000
1078.3752922345093,497.19557356749135,207.35790,2073579000
1054.666274678289,477.85057526813137,207.58150,2075815000
1035.130537999186,509.89269380895365,207.82210,2078221000
1007.109312353327,523.969170107533,208.07480,2080748000
1007.626448735172,528.0244377394508,208.31720,2083172000
967.2483195825575,483.43027015590746,208.54990,2085499000
1026.908878103069,478.22824621901304,208.77720,2087772000
1034.4228675754466,479.74781860411275,209.00860,2090086000
1050.5010773963324,544.5023940444532,209.23150,2092315000
1008.4820693528706,532.5078378557948,209.44490,2094449000
1039.7666899170383,572.3621564756122,209.66100,2096610000
1056.6046111474488,605.7898570429675,209.87710,2098771000
1079.6302759233033,615.8345277090699,210.10500,2101050000
1111.8071266973172,614.9847474179999,210.33040,2103304000
1054.306297343241,591.8106081508378,210.56000,2105600000
1045.7445448952692,621.5762069101404,210.78590,2107859000
1023.6434145723447,638.2685982139744,211.01580,2110158000
942.0056962881995,641.0636435792476,211.23330,2112333000
898.2994597778273,614.6285931859921,211.45120,2114512000
800.1939565919639,533.6235026980594,211.67650,2116765000
762.8258405708592,516.4853594152679,211.89830,2118983000
809.8054786172332,562.6548186565773,212.12620,2121262000
805.2964596163515,591.056093281305,212.34540,2123454000
829.2060495574048,597.8945671340568,212.57570,2125757000
872.0203547669965,593.7391303226952,212.79710,2127971000
870.7741294165833,560.797685547667,213.00780,2130078000
930.3375436116771,605.5838955622967,213.22970,2132297000
948.1137179402094,606.3267408674661,213.44090,2134409000
907.5782319866823,626.6584518524091,213.67730,2136773000
898.6732873438178,585.1801163152127,213.90200,2139020000
898.3701938762424,570.1778803396082,214.17010,2141701000
890.620955312541,533.7322721405064,214.39540,2143954000
902.1813805852964,531.9004389254696,214.61530,2146153000
900.1755947322762,517.1321608465308,214.84770,2148477000
916.2474161267105,511.9347569231938,215.08400,2150840000
944.3210954571834,546.1455456951888,215.31130,2153113000
898.8318675493299,575.8513282528693,215.53330,2155333000
918.3570350052786,561.7552455956705,215.74960,2157496000
870.2276335148591,566.4283712498727,215.96980,2159698000
879.6504981292705,550.9692799201548,216.18170,2161817000
859.2735950844453,568.8401445282279,216.39660,2163966000
887.8966634269683,565.5976840696777,216.60900,2166090000
919.9830862457945,544.8675418958896,216.84010,2168401000
914.118946502028,541.2838761994153,217.05430,2170543000
974.1067756739892,549.238784577507,217.27970,2172797000
1009.6304237742235,536.4000062016419,217.51320,2175132000
998.5221545204972,542.6099444390397,217.73290,2177329000
981.9110354629531,517.8405992862109,217.95380,2179538000
967.8682501714833,481.5027090321838,218.18570,2181857000
972.703365497565,462.16026678850506,218.40800,2184080000
911.7572252037818,493.39111263123203,218.62340,2186234000
969.4441498183494,506.5318277721463,218.83130,2188313000
1011.559195474863,564.8207969672034,219.04380,2190438000
977.8536973064259,636.3220521340593,219.27250,2192725000
948.9255405858887,643.9647344155915,219.49750,2194975000
840.5138668990528,605.9166454984161,219.71860,2197186000
780.2349550512694,577.6034123647266,219.92910,2199291000
816.8532371498137,575.7451888677001,220.15320,2201532000
899.3914029891054,561.6463014421909,220.38610,2203861000
923.616197849877,558.6680468394799,220.60260,2206026000
989.2675790976484,566.9754217727918,220.82520,2208252000
1041.2986607249316,628.3569850503725,221.04090,2210409000
1011.0776051074101,644.1357964932575,221.25940,2212594000
1021.7675234073259,678.7396407305393,221.48410,2214841000
1039.0117069624046,611.7236939968046,221.70910,2217091000
1063.9318968284986,564.9602197741092,221.94760,2219476000
962.5799613674313,516.1091053139978,222.20360,2222036000
883.7494150301314,497.1890609641464,222.43590,2224359000
818.165862467806,445.0334847734163,222.66870,2226687000
766.9521227181062,402.9525970240286,222.89480,2228948000
655.006108228027,290.00799225396764,223.11550,2231155000
612.8368572470716,214.0528545996712,223.33830,2233383000
709.9411373269706,207.1900899456357,223.55300,2235530000
603.8169366465158,202.67683990022877,223.80290,2238029000
583.8142333961745,195.11246708793556,224.02890,2240289000
547.4093651247887,195.92229817478602,224.26710,2242671000
681.6292066128492,174.64744172189063,224.49670,2244967000
889.2774904061706,125.46947114310917,224.73150,2247315000
1042.427378363462,119.00628242224212,224.95290,2249529000
1053.2370161895537,223.35718775861565,225.17480,2251748000
1079.6104151956902,320.5273970565245,225.39260,2253926000
1071.9017490176304,411.5108601193,225.62100,2256210000
989.38880036477,510.95169990390013,225.85120,2258512000
891.9565153318645,527.2355980446742,226.07190,2260719000
936.6128610237083,581.196980245058,226.29000,2262900000
991.9198787741586,616.4577148903945,226.50830,2265083000
1004.4375116456023,656.9062300038377,226.73000,2267300000
1035.7258975551777,693.1244958685552,226.96110,2269611000
1056.788721115869,720.1599089355223,227.17950,2271795000
1138.1908727989373,694.8904992455858,227.41470,2274147000
1216.081573066701,668.4941767961843,227.64950,2276495000
1215.2860902582659,682.9828505670984,227.89720,2278972000
1201.1591632420248,734.1527624966869,228.11330,2281133000
1250.3520361077133,700.0899471440537,228.33010,2283301000
1295.4656229349748,684.6023332611016,228.54440,2285444000
1278.2865146956003,693.4498193954432,228.76760,2287676000
1304.6717259905001,657.2628111293176,228.98070,2289807000
1366.2543454174522,652.4212526162967,229.20180,2292018000
1313.4719711669138,693.5779005335866,229.43230,2294323000
1258.3428055435256,687.327365021492,229.66190,2296619000
1299.4347046213375,619.9497313774928,229.88780,2298878000
1331.663684822924,561.0368764692674,230.11180,2301118000
1298.6986339364237,493.2757728329917,230.34360,2303436000
1246.331928786808,519.3964652013383,230.59010,2305901000
1150.0024082768302,549.8130726234507,230.84130,2308413000
1025.9426451163322,541.1914301518277,231.06990,2310699000
1020.1920622505132,577.1391317984115,231.32120,2313212000
946.1911197793822,538.9681410858358,231.56900,2315690000
966.5658457289594,534.6716434532518,231.78660,2317866000
946.4948147332315,514.5161534991587,232.02280,2320228000
979.0372664623844,560.4002642886512,232.27150,2322715000
950.7120551201,555.3459964182604,232.49400,2324940000
957.8568119678962,554.2263363614574,232.71850,2327185000
929.9122486560867,535.0698986680188,232.95560,2329556000
943.9368151156511,506.3402714274096,233.18730,2331873000
1011.6570285066181,485.4828513334931,233.43480,2334348000
1013.0043255200278,472.7864257941815,233.66390,2336639000
1045.3028089826676,509.91379150098606,233.88720,2338872000
1069.8635586192631,538.9344124577087,234.13610,2341361000
1020.0386569448747,540.6355069339073,234.39690,2343969000
1082.79171200852,566.7302059978017,234.61760,2346176000
1072.8854378229125,586.0837214792281,234.83120,2348312000
1110.3249111414816,632.5362839224862,235.05750,2350575000
1043.85599839859,582.7058432940529,235.31320,2353132000
1043.4675101975854,583.8516035201611,235.57890,2355789000
1001.6269308531555,577.5814155628333,235.79610,2357961000
964.3223813768473,566.8863577944908,236.02580,2360258000
905.6568115990842,588.7136346098184,236.25430,2362543000
881.4285127078094,563.5487957138826,236.52260,2365226000
851.9374073325681,573.4467511098053,236.74440,2367444000
826.702115980833,546.3702765090749,236.99050,2369905000
830.6397030835373,537.1458647023677,237.22700,2372270000
828.3010733539927,524.461283250208,237.47020,2374702000
796.6375544759696,493.4903554072433,237.69820,2376982000
847.3531233241218,486.6362481003421,237.91600,2379160000
864.4652111818382,502.2825549334387,238.14290,2381429000
850.5411398978966,467.9158178900233,238.35830,2383583000
832.325300370192,479.0795958872181,238.61860,2386186000
825.8125846701371,494.3678013423948,238.86290,2388629000
836.5329741916305,471.45565983381874,239.10250,2391025000
871.3117398128982,501.5469172120325,239.31150,2393115000
950.5794918004297,525.9909602801839,239.58200,2395820000
993.9800172720935,515.9679481912599,239.84210,2398421000
926.7943252424654,517.8338481190277,240.10850,2401085000
942.8045695267832,479.25309670985183,240.34280,2403428000
970.7792936660306,497.35765188645985,240.56630,2405663000
1060.821007414489,481.87857798633934,240.79840,2407984000
1144.897604969769,414.43116680374106,241.02300,2410230000
1161.5637193044897,474.4771786581555,241.25700,2412570000
1131.6529646761235,466.53392091287833,241.48490,2414849000
1085.95342706694,462.108142420331,241.72380,2417238000
1004.5388540656182,490.08506278953223,241.94320,2419432000
991.7657128092259,491.71556282831057,242.15670,2421567000
939.4382287126041,467.0196720008776,242.39960,2423996000
909.1274160497283,458.6783050068662,242.62620,2426262000
903.8294303078638,480.12553607327146,242.84380,2428438000
880.5802621794263,523.5928249420879,243.07320,2430732000
882.7375843732641,546.1003807011392,243.29270,2432927000
844.8902949414834,542.7337026558472,243.53460,2435346000
836.8695977070728,559.2465939148018,243.77600,2437760000
823.7513421179937,568.5324191285922,243.99620,2439962000
890.1751743880176,568.6411754031786,244.21540,2442154000
851.9678693870744,549.1622790315714,244.43490,2444349000
836.5092348410618,558.1973381997428,244.65860,2446586000
850.6784249097602,632.757693187805,244.87770,2448777000
863.2046167214432,634.4166279059253,245.10260,2451026000
927.8577558673632,602.4895317743046,245.32220,2453222000
936.0146519556262,547.2093112561536,245.54450,2455445000
1020.1098419295471,490.8955653423597,245.76960,2457696000
1131.842578727368,439.1921443052586,245.99460,2459946000
1119.4683857823845,377.1273125044628,246.22470,2462247000
1211.2404406614673,304.8460840620243,246.45970,2464597000
1177.1760116677654,298.18230756318815,246.68110,2466811000
1105.1755430327394,317.2295628139812,246.91080,2469108000
1094.2438701358144,322.11918357821526,247.15930,2471593000
1120.3877151029367,294.03003979132336,247.38270,2473827000
1126.5940858398485,270.1910281619598,247.60890,2476089000
1143.8028965716676,286.7988651780423,247.84570,2478457000
1214.4041836312297,289.7228729067154,248.06360,2480636000
1190.7654135136506,214.7139474172581,248.30180,2483018000
1125.5248035391035,326.5240126740345,248.52510,2485251000
1059.6809389866914,430.4552890011398,248.73950,2487395000
1110.8603294976097,345.6354860547057,248.95740,2489574000
1204.2911220660017,249.60639018133355,249.18000,2491800000
1219.2959041236666,237.60487452668565,249.39410,2493941000
1136.219552841377,243.17079446874385,249.60890,2496089000
1170.5013013594842,229.86317484426746,249.82540,2498254000
1202.5537910038652,211.6926145297258,250.05300,2500530000
1281.0689462183966,124.5152404865048,250.27010,2502701000
1259.3833573458169,163.5682839009184,250.48660,2504866000
1166.0008551962958,238.1678242108619,250.72790,2507279000
1093.242901220634,342.9664076372881,250.93890,2509389000
1037.2065062745905,416.9683358436739,251.15230,2511523000
1149.678375111062,392.85955242186293,251.37460,2513746000
1150.6705426620429,456.04584948708174,251.58800,2515880000
1142.8583846762635,621.2123150533864,251.81350,2518135000
1039.6078610702252,707.6572153123379,252.03490,2520349000
934.4065900014543,759.5994746827297,252.25420,2522542000
864.6122457657108,810.3037214034015,252.47170,2524717000
853.3769619482784,859.1619854224564,252.68850,2526885000
812.2468387703873,878.1984033028201,252.91590,2529159000
857.8285203254984,803.354806520606,253.13080,2531308000
870.2267394446189,835.3354426105178,253.34480,2533448000
897.5707775554437,879.0376886706091,253.57580,2535758000
930.2401263536799,813.0251311702813,253.79290,2537929000
951.5154485326119,766.2935284074764,254.00690,2540069000
942.4950771249123,819.5110797276875,254.22450,2542245000
1002.5726412786452,721.8940586507717,254.44270,2544427000
1065.5378652216523,643.4050601354277,254.66900,2546690000
1112.125552783088,530.4530963952067,254.89930,2548993000
1080.7880763980738,574.7823019572318,255.12100,2551210000
1151.7746301280079,549.5449333824041,255.34260,2553426000
1165.1108740843263,494.8051510989779,255.58560,2555856000
1043.661303230985,409.08383524731687,255.81820,2558182000
944.4002219669785,343.42716299120195,256.05540,2560554000
811.7047241534631,223.0996846497228,256.27980,2562798000
784.4243432760645,204.97206030104866,256.50710,2565071000
870.9797544945129,148.95033219018978,256.73530,2567353000
962.8555817991135,206.46271557749048,256.96110,2569611000
1011.1735997192518,249.42108652257588,257.18670,2571867000
1060.1837433318879,299.42764806058227,257.40570,2574057000
1143.0155035929267,321.1843098316931,257.63700,2576370000
1218.8435853651104,384.7367768361358,257.87480,2578748000
1244.3809557825832,414.9749719355953,258.09750,2580975000
1256.9305016317228,426.4645754518077,258.31830,2583183000
1242.073035878835,440.4405950074133,258.54940,2585494000
1263.9149866623397,472.19460698842676,258.78480,2587848000
1265.6091021762547,469.25775948682104,259.01000,2590100000
1270.072842250859,493.52267430265016,259.28720,2592872000
1237.4542874935344,495.64822130269494,259.55490,2595549000
1195.544700938783,500.4521174342267,259.76610,2597661000
1192.899624285025,552.4719629486335,259.97660,2599766000
1117.4535324062497,575.9053730625117,260.22000,2602200000
1106.0832981492674,604.9549331164897,260.44110,2604411000
1054.9449749533694,581.084196071696,260.67180,2606718000
1035.9685482242921,527.4770203884959,260.90560,2609056000
1080.348927319273,593.0123121340138,261.17500,2611750000
1068.1743060103713,620.9286044096309,261.41490,2614149000
1042.4765576139305,646.4258747217427,261.66560,2616656000
1045.1386870601195,664.8912281891767,261.91260,2619126000
1051.2615316173512,662.8005069021334,262.15680,2621568000
1067.4213356112532,652.3594389859625,262.40850,2624085000
1070.1334634906007,652.9342789011915,262.66530,2626653000
1044.5377743340164,624.0247177654044,262.89090,2628909000
1059.947109094418,602.1436194418861,263.13780,2631378000
984.7165100496277,583.2093635682228,263.38500,2633850000
979.1654406785011,594.9441139045456,263.62430,2636243000
962.3624652331918,578.8796425285885,263.86960,2638696000
959.412913555349,566.9302005411037,264.09110,2640911000
899.2181580009238,478.64187545125935,264.31740,2643174000
845.6753900259349,409.35621563534926,264.53180,2645318000
728.7298535705944,348.216249679752,264.75940,2647594000
781.7263844229554,319.4813644841657,264.99060,2649906000
624.2850121102229,219.4444910045671,265.21230,2652123000
535.3144052980216,187.7939323905247,265.43510,2654351000
633.2149794195115,234.29985165533174,265.65090,2656509000
759.072892843371,242.3964136899284,265.87960,2658796000
898.057580314279,249.62497436705974,266.10030,2661003000
913.6745270284755,252.38917123393506,266.32500,2663250000
956.7670064852788,286.20903213468733,266.53920,2665392000
918.8028178747726,322.8009802417684,266.76390,2667639000
831.1127195614852,365.6515033168331,266.98840,2669884000
696.6449355022293,400.00253497543486,267.21140,2672114000
665.9497091474007,446.8147712921341,267.43320,2674332000
689.0452394232666,481.760769644215,267.65970,2676597000
678.4275880813587,519.616124929654,267.88120,2678812000
706.9197399689699,519.3192401477395,268.10800,2681080000
766.9761519914664,557.4594707044748,268.34420,2683442000
795.78962054971,564.0015383966169,268.57470,2685747000
755.515139538856,576.588868667047,268.79490,2687949000
812.2923418134399,579.3870422563452,269.03240,2690324000
845.0337612728646,547.0174832799463,269.24070,2692407000
920.7392618876356,500.9785857209885,269.45800,2694580000
967.1037231092453,487.8444381631899,269.66740,2696674000
1016.4840050042935,495.4922510340776,269.87930,2698793000
999.6858444571262,487.2706093532535,270.09880,2700988000
1069.9019639023911,547.8435574807622,270.31520,2703152000
1056.5081656906348,545.8510590342254,270.55450,2705545000
1122.756855971635,524.1701908493048,270.79450,2707945000
1161.3709037706526,473.3571061467585,271.02100,2710210000
1107.443292311995,439.0840678551892,271.25690,2712569000
1124.6581995563715,432.0687675277085,271.47840,2714784000
1155.3609157045826,395.83635608934213,271.72340,2717234000
1161.944372427625,446.4709386606291,271.94730,2719473000
1181.8293053491727,568.5187293982478,272.17890,2721789000
1134.2017672376355,621.4138786398579,272.40530,2724053000
1010.8259926752114,691.3854211510884,272.63140,2726314000
957.6508991237525,660.0737648446292,272.86550,2728655000
997.522345242884,578.4740491435516,273.08510,2730851000
986.8502214502134,548.5710120178541,273.33300,2733330000
986.1470187213886,573.7432593714823,273.60340,2736034000
1034.2470820591811,614.3763310937744,273.83230,2738323000
1055.111864566445,583.6923350582643,274.05760,2740576000
986.9637994268624,580.7308890192975,274.31330,2743133000
926.5535917050136,568.4989130638432,274.54130,2745413000
878.3825761887982,559.2115306560091,274.77820,2747782000
802.2543375917464,557.375395402346,275.00340,2750034000
863.0915322819194,534.0199249611115,275.24010,2752401000
897.8766720363915,523.5192067767383,275.46040,2754604000
882.5634881139168,506.5147546683925,275.67650,2756765000
923.2722822480499,469.1564043237346,275.90420,2759042000
969.595156708604,450.8032003171352,276.13280,2761328000
1020.8987011412938,564.5321530615389,276.36560,2763656000
1087.145476495559,629.6853106184343,276.59100,2765910000
1139.4153091933044,665.2717242372009,276.81380,2768138000
1125.7679084692327,708.7505992904754,277.03880,2770388000
1059.4804628855156,741.3182099697477,277.26840,2772684000
1054.3241026215692,749.7879081475209,277.49120,2774912000
1079.8185508769932,766.6461816231102,277.71150,2777115000
1080.0082312892555,783.5637922683767,277.93120,2779312000
1105.7103814633035,808.1978090353152,278.14030,2781403000
1188.0416304057012,810.6648041931167,278.37090,2783709000
1165.6052476485722,848.6505396015583,278.58830,2785883000
1146.8387127651479,847.5205409902338,278.81240,2788124000
1118.5735916449053,836.3566068155245,279.03140,2790314000
1094.0454284724767,829.6012187299334,279.27120,2792712000
1106.8285461413961,807.1904695860052,279.48460,2794846000
1144.2132145952753,709.5203674543801,279.70330,2797033000
1180.0350910448408,727.1869856351876,279.93370,2799337000
1216.7965850532828,711.6844975883782,280.15260,2801526000
1306.4719115304888,702.5842712404938,280.37060,2803706000
1325.0112844302014,687.0471522763031,280.59080,2805908000
1305.3719537537095,626.2833138367345,280.82610,2808261000
1251.8397846590562,591.3288830717469,281.04110,2810411000
1205.5878320940026,534.4369844243664,281.25850,2812585000
1177.2110106178366,481.4515021736216,281.46850,2814685000
1045.5918242343098,427.9701965266629,281.70170,2817017000
891.3251949031408,367.73335799700584,281.94840,2819484000
785.6461326314854,286.4581883601094,282.17950,2821795000
715.0992372822006,249.5269285111239,282.39900,2823990000
627.30765555692,208.9001089888456,282.64560,2826456000
599.4818676139922,190.40239900658943,282.87370,2828737000
593.5981302014669,163.98328109070457,283.11210,2831121000
621.2532773619472,116.29148233349142,283.34160,2833416000
793.0444633326132,92.44420883863637,283.57800,2835780000
888.736839355933,100.04076984543599,283.80030,2838003000
989.7562941317067,137.51984231408102,284.02350,2840235000
1013.2480663959927,183.95360268129366,284.26210,2842621000
1040.7492871966126,250.47205679151767,284.48190,2844819000
1034.7628816614447,329.02142845383435,284.72850,2847285000
1054.163766118643,444.7768585243084,284.94210,2849421000
1129.1613395785039,536.1629954925895,285.21090,2852109000
1148.5684978770123,543.5979828877189,285.44490,2854449000
1191.2359228868727,522.8450427521727,285.68030,2856803000
1216.3967799146892,556.1271455897477,285.91060,2859106000
1166.7335317256616,579.2097959249521,286.13370,2861337000
1184.1344306182043,569.412086635736,286.36200,2863620000
1191.5587369601324,503.19685059298774,286.58140,2865814000
1178.4516242873399,506.88484090932224,286.80400,2868040000
1121.3546592463647,446.6235621988684,287.02320,2870232000
1015.8301045904901,407.96690484535236,287.24910,2872491000
1087.5260977331768,480.41801215030614,287.48640,2874864000
1132.1271567391223,534.5909492746713,287.72280,2877228000
1081.2944938110318,495.6918846526562,287.94680,2879468000
1057.6849280453118,481.2492345211831,288.17880,2881788000
1065.75100633896,440.02725051816725,288.39450,2883945000
1082.7629627532351,400.42736333684127,288.61090,2886109000
1131.7342690313535,497.4481322354793,288.83190,2888319000
1148.885022670343,577.9660298737567,289.05100,2890510000
1182.8934619201025,640.5396973206924,289.27760,2892776000
1172.4246539962799,663.8227496614847,289.50150,2895015000
1194.112712179161,737.210957570985,289.72580,2897258000
1233.0479643122055,783.0603224186323,289.94610,2899461000
1312.5958050271056,804.660766045474,290.16680,2901668000
1341.649712925299,838.9032005876833,290.38670,2903867000
1361.4951149240626,788.564081436829,290.60470,2906047000
1326.8512077698465,699.2596316968768,290.81850,2908185000
1418.9817375297,660.4097883963981,291.03620,2910362000
1485.615171592378,649.0200339252804,291.25370,2912537000
1427.4662200360203,684.1924180209452,291.47170,2914717000
1396.317185701987,693.6524405480089,291.70800,2917080000
1382.0751396360727,703.6160430419748,291.92220,2919222000
1341.7065834089453,690.5799468559786,292.14180,2921418000
1303.6460618796175,705.2426393166064,292.36770,2923677000
1284.5890380241083,730.6504870520382,292.58560,2925856000
1225.8054672717,765.7510450318781,292.81220,2928122000
1193.418493439523,789.0874035639631,293.03900,2930390000
1181.198840693135,823.6650332407032,293.26160,2932616000
1099.5202383013336,833.0411084594055,293.48640,2934864000
1109.4562467715757,843.3961789521135,293.70430,2937043000
1168.5297295841708,780.367429467369,293.92000,2939200000
1175.5774696129033,679.6399563112109,294.14190,2941419000
1107.2036532556688,639.2572904903681,294.36690,2943669000
1004.0186863107417,540.1650857576942,294.58540,2945854000
1001.3184467091122,451.56467313964407,294.81610,2948161000
999.9292660786629,376.67284151871496,295.04200,2950420000
1061.235533897015,302.91796972345674,295.26380,2952638000
1098.2255034148923,243.57039816936967,295.48120,2954812000
1066.2928969302293,377.56494698875656,295.69370,2956937000
1078.6360648381726,391.0772643903409,295.91200,2959120000
1118.3918691236881,410.0257498606656,296.13230,2961323000
1072.5135915916387,513.6014042207789,296.34860,2963486000
1072.4517302188538,534.3532102985894,296.57090,2965709000
1046.2072899534407,576.9735100946394,296.78680,2967868000
1094.4692933917559,609.1437079187142,297.00240,2970024000
1143.3702892077013,604.6287119534226,297.21770,2972177000
1121.208885633077,619.3864267652068,297.43720,2974372000
1142.2602960166428,634.3904049375808,297.65880,2976588000
1120.99819309292,650.8846674411109,297.90120,2979012000
1122.100833416906,649.7738064658993,298.11950,2981195000
1140.0659335089958,659.5595654677388,298.34040,2983404000
1162.1765891694015,664.4699771500384,298.56120,2985612000
1178.904606444713,692.4889185820931,298.77870,2987787000
1153.3310958691213,700.4801655599869,298.99860,2989986000
1073.576567639888,691.67276715616,299.24860,2992486000
1072.4008492715527,736.9828481892641,299.45720,2994572000
1152.7785470466108,731.0307624456736,299.66900,2996690000
1187.710566326529,734.8056052879249,299.90840,2999084000
1243.7588081290864,717.8839400570264,300.12270,3001227000
1325.8944223362114,725.1141631810721,300.34820,3003482000
1361.3755960100455,710.1517572527775,300.58670,3005867000
1307.9346049939322,713.2101656099373,300.80120,3008012000
1236.0738241445358,703.158634659602,301.01060,3010106000
1211.440633657417,675.6825593850134,301.21790,3012179000
1128.1958399584712,615.0348309604282,301.43700,3014370000
1016.7856739726103,614.8749086984634,301.65030,3016503000
984.6261095320867,657.945930256053,301.86750,3018675000
982.2253356096047,684.960472348796,302.09610,3020961000
953.8810148003571,724.3831277048765,302.34580,3023458000
860.8901204237609,742.4540038528215,302.57000,3025700000
888.6168425337867,760.5907947173864,302.79050,3027905000
958.5959718019365,763.432159804685,303.00460,3030046000
1071.0060891725914,694.759841529894,303.21640,3032164000
1170.2224404794215,664.6248178835107,303.45480,3034548000
1186.5033788067362,586.3920259107957,303.67720,3036772000
1138.0526238403563,468.52980625168186,303.90410,3039041000
1123.1199599857155,374.4656621346406,304.12800,3041280000
1242.796979194277,409.64105426579056,304.34500,3043450000
1338.6075147944962,398.1609018175815,304.56170,3045617000
1347.038221340734,454.8556699879583,304.77350,3047735000
1352.1997317987725,517.3649563620243,304.99020,3049902000
1264.724919629636,492.31292488351545,305.21150,3052115000
1071.972208036681,361.1611713091813,305.45730,3054573000
1034.277184484717,333.0835680829599,305.66850,3056685000
905.6812304590826,292.4047541882054,305.88580,3058858000
925.9607611243849,359.6246236550071,306.10790,3061079000
996.8367506463869,385.8634251395916,306.32650,3063265000
999.2602088073645,392.405229390309,306.53460,3065346000
922.6707119296027,381.26846750028614,306.75370,3067537000
758.4631857384915,287.864073569973,306.97190,3069719000
545.7225088449879,203.6654318523756,307.19130,3071913000
612.1263284375477,321.92204500429784,307.41060,3074106000
665.3325298761878,361.33358913051626,307.62820,3076282000
674.9234051443364,334.3648340409822,307.84780,3078478000
583.944257193602,260.91472298731895,308.07080,3080708000
665.8560431270447,254.4097197048097,308.28690,3082869000
720.9899815269919,304.9416768079154,308.51180,3085118000
930.3763403520652,375.8187530210331,308.73120,3087312000
1104.2285826195864,395.12281007933024,308.95730,3089573000
1160.4510993066388,409.1071559873415,309.19310,3091931000
1222.7832261383064,518.6132874924826,309.41240,3094124000
1195.4226420931022,527.0806658995575,309.63490,3096349000
1213.0346560129938,522.8289743965817,309.85220,3098522000
1201.894842213354,543.3808124860911,310.07280,3100728000
1227.924252128852,537.3148282248244,310.30890,3103089000
1312.5203531662419,532.9286581185552,310.54400,3105440000
1367.1232520117476,506.31362048550375,310.76390,3107639000
1269.9117050068019,511.383624379343,310.99180,3109918000
1251.9438392903169,465.52627009608574,311.22230,3112223000
1253.665038059677,433.9772058921109,311.47500,3114750000
1268.8212662335345,443.47532732259845,311.70240,3117024000
1261.8315465689718,480.2569274193926,311.93120,3119312000
1239.619294193136,461.9696980899062,312.15330,3121533000
1208.192340925238,464.2303181216424,312.38470,3123847000
1199.5626493371628,472.7900064849219,312.63790,3126379000
1182.6530995565208,480.3702784739273,312.88430,3128843000
1172.9677281790393,497.6974603305728,313.11210,3131121000
1179.3572835214075,514.0379660185321,313.34550,3133455000
1153.1759062887625,502.32201530301836,313.57210,3135721000
1159.0463923744803,519.1592914212771,313.79260,3137926000
1170.563357399717,474.2011049748957,314.01300,3140130000
1209.69637326746,500.0202072356627,314.24520,3142452000
1179.113386518413,477.195043278639,314.46000,3144600000
1144.0488840012124,459.39385581379986,314.66940,3146694000
1151.0362966115003,441.57361284251397,314.88900,3148890000
1133.88243616506,426.3651482077033,315.10440,3151044000
1132.0972004998603,443.44520071661753,315.33730,3153373000
1129.1967765192758,426.3575542023831,315.56110,3155611000
1141.4979659269616,443.6687700172461,315.77660,3157766000
1132.9120511777896,455.3743015103308,315.99390,3159939000
1138.4658876868068,468.7273985520213,316.22640,3162264000
1130.7535419056298,491.6184685729479,316.44700,3164470000
1166.573316176338,500.4027650717327,316.66640,3166664000
1150.7677344162116,501.2882732217313,316.88960,3168896000
1110.5731625966514,501.9388158726075,317.11080,3171108000
1163.5522091374796,495.6644852674383,317.33670,3173367000
1165.8155135915729,476.5085637033456,317.56190,3175619000
1133.6517839933629,443.70142888112525,317.78310,3177831000
1143.1614187713874,467.9695609755967,318.00860,3180086000
1109.6470308213986,472.46598745527245,318.24520,3182452000
1082.8027002985875,486.60857537193726,318.47520,3184752000
1045.172204820274,493.4159883580547,318.69760,3186976000
1029.3536213459354,487.98758874306645,318.92480,3189248000
970.0112433595274,509.24151748199483,319.14860,3191486000
1001.4372219656134,513.2711187526606,319.37700,3193770000
873.411077340776,534.5165400438717,319.60780,3196078000
806.0398096077066,540.8291589743712,319.82300,3198230000
884.8336282200029,539.920847455146,320.04260,3200426000
974.9191859358067,550.9443404259014,320.26220,3202622000
913.796021505321,604.1728957757855,320.47850,3204785000
929.3234361543585,591.1150469675171,320.70670,3207067000
834.3449326156791,620.3739617399441,320.92590,3209259000
736.5846995185296,582.6739684266428,321.14200,3211420000
744.7346775656962,564.9296477198528,321.37800,3213780000
782.4602152948529,555.0537272475859,321.60440,3216044000
808.0055751798301,560.3637050482567,321.82470,3218247000
861.1166309336006,617.5106558719714,322.04920,3220492000
884.3452869537062,617.0789723592006,322.28680,3222868000
777.9839810196736,592.3933895759512,322.51290,3225129000
655.5453011598881,526.0529621489574,322.74550,3227455000
454.8156214589405,448.9303326467985,322.98040,3229804000
531.9787975450392,390.5088139547096,323.20840,3232084000
676.8313203907741,399.1502164727422,323.44550,3234455000
752.9154585330142,421.5110177277829,323.67450,3236745000
781.8807261920393,406.8193520180907,323.92710,3239271000
750.5184302715099,385.3128190936193,324.16440,3241644000
705.6706926460923,341.0298741514796,324.39510,3243951000
765.7117702872425,318.35461931076554,324.62250,3246225000
699.5259136468964,286.02355689568157,324.84000,3248400000
785.6177966931689,326.94345117896046,325.06600,3250660000
800.0454117070935,391.61249818109656,325.28040,3252804000
777.6458242469007,376.4807632557761,325.50690,3255069000
745.2943356049199,331.4730321068279,325.78460,3257846000
798.4513978580284,365.7464114901716,326.01190,3260119000
886.181167016841,349.8309921684872,326.24370,3262437000
961.0258420600055,363.2777922320805,326.47050,3264705000
1111.4900769018298,377.047580283643,326.70190,3267019000
1122.1944221882393,376.9160109833805,326.92240,3269224000
1163.0295563545862,403.1773110524781,327.14690,3271469000
1235.5755699076515,427.80707233216066,327.40250,3274025000
1321.9919165675965,444.06969202205084,327.62950,3276295000
1333.5543229531986,406.550817317304,327.85750,3278575000
1272.4201271592353,388.33415253460146,328.08130,3280813000
1217.6956455167613,403.2745603343412,328.30470,3283047000
1059.5186043424628,378.69003304260906,328.53130,3285313000
1130.2065573774396,374.1477510882171,328.76700,3287670000
1212.582007893514,275.0601263007841,329.00090,3290009000
1248.0455065756196,270.46647545734265,329.26540,3292654000
1212.4408463781247,245.75284541890204,329.50110,3295011000
1163.4419143672872,281.97276556404574,329.72780,3297278000
1026.2270475672549,295.029557690198,329.94650,3299465000
779.4205590907097,275.45623109353005,330.16230,3301623000
642.010230776712,263.36787989749496,330.39190,3303919000
565.5753993896192,270.7036838060447,330.61110,3306111000
599.9583016121923,272.6405917892272,330.81320,3308132000
661.9633245360284,289.8751437374423,331.02930,3310293000
688.3902663349824,306.8932528580183,331.24200,3312420000
732.6183291030085,267.0833298894371,331.45870,3314587000
804.2786969703566,346.15778544637413,331.68210,3316821000
827.663417222777,377.8049407964674,331.90120,3319012000
891.7647160943682,408.8051598213577,332.12410,3321241000
966.488450409549,419.4843974827515,332.34830,3323483000
1006.522884705068,400.51869339520573,332.56610,3325661000
1080.899765911531,440.9532719857184,332.80070,3328007000
1142.2669568753272,480.87742457544965,333.01660,3330166000
1156.1213581574705,493.3988784787573,333.22870,3332287000
1131.1718177047967,514.6353320796255,333.44690,3334469000
1128.0481310414316,548.0776420084393,333.66560,3336656000
1114.6144408612224,599.1499206790929,333.88220,3338822000
1101.509910840502,623.0630713350581,334.10820,3341082000
1130.3380861535538,603.2088685533971,334.33260,3343326000
1111.530735812688,568.9319195859927,334.55600,3345560000
1103.2181649329345,578.6320919293279,334.78380,3347838000
1112.7454767471781,520.3368069512696,335.01620,3350162000
1057.6330363965515,574.8900417366812,335.25490,3352549000
1069.2135163724386,615.8165085042464,335.47340,3354734000
1060.5352746615133,632.4506551156018,335.69100,3356910000
1011.0972528876763,595.421283918429,335.90100,3359010000
999.9057541178046,554.3253398324113,336.12300,3361230000
1026.7423738177147,579.7230717854101,336.34320,3363432000
972.6134590126871,558.5338763481551,336.56990,3365699000
956.0905475833949,550.1594719692981,336.79370,3367937000
1036.7700093682909,551.513498605133,337.02160,3370216000
1069.2996662443404,525.4078437919446,337.24600,3372460000
1102.2479231985835,482.70748086285215,337.47620,3374762000
1109.3824806339303,487.8227281464301,337.69610,3376961000
1177.0922266034013,501.76494871534857,337.91260,3379126000
1164.179595294408,521.8926728720745,338.13250,3381325000
1132.0060324894052,552.6569766031512,338.35260,3383526000
1019.6098410547033,549.1132202539382,338.57870,3385787000
875.9172748727256,567.1613756431569,338.80380,3388038000
822.800448365971,566.5197313143572,339.02830,3390283000
747.8970879475405,587.1542205991611,339.28940,3392894000
584.4401301991263,500.862819088038,339.54710,3395471000
426.21652566481646,429.91840217794123,339.76890,3397689000
493.32417386713655,414.15921560989835,339.99990,3399999000
576.2044677366905,405.0323859512441,340.21950,3402195000
639.2161792401009,461.4558333610454,340.46560,3404656000
700.0530065232648,457.78669262855533,340.70400,3407040000
795.9016673581699,505.9801491817477,340.97170,3409717000
787.2237590799105,540.3996304266607,341.20240,3412024000
793.4436062252622,510.65578459789685,341.43540,3414354000
878.0666352354004,526.3458071500318,341.66260,3416626000
933.292939882401,519.2687568563271,341.90680,3419068000
952.5261152015282,546.0043018104031,342.13010,3421301000
1026.3864604174862,569.2225174647642,342.35470,3423547000
1111.9553040046528,576.2180719898548,342.60220,3426022000
1139.6193036387535,576.9882723795516,342.83670,3428367000
1116.6121343411978,576.9471506351159,343.08590,3430859000
1067.7388962689784,554.101565592283,343.35370,3433537000
890.3320640165792,424.317937747824,343.59740,3435974000
841.8318717353243,375.5530241779045,343.85880,3438588000
819.3031137475829,310.47160803511673,344.10480,3441048000
915.5106702985373,333.8510701012874,344.37250,3443725000
939.4633737810805,353.3189621549004,344.63410,3446341000
1031.695298991009,345.54067606439185,344.89080,3448908000
1005.1363968017021,355.2657242665763,345.13960,3451396000
949.8835439846747,336.03873003902004,345.40330,3454033000
982.9787556569589,294.15548411071325,345.61710,3456171000
1037.3110882025078,283.93803663683923,345.87640,3458764000
1093.4285962007548,316.3299548320018,346.09970,3460997000
1140.8031103511587,331.18650811341325,346.31920,3463192000
1092.587194368995,396.28358954896083,346.55010,3465501000
1033.297515491125,424.13482329750116,346.77350,3467735000
991.9768635830586,405.5340642569341,346.99250,3469925000
951.9651365340507,511.70048930349367,347.22000,3472200000
946.7696837631282,588.8248302557406,347.43830,3474383000
1005.0037290748286,620.7047793569137,347.66030,3476603000
938.5744623862764,677.0237493931518,347.87720,3478772000
904.7882410465816,693.3472839121692,348.09620,3480962000
951.9722319757333,658.2036807442105,348.32920,3483292000
1066.829085237161,614.9326252927227,348.54270,3485427000
1103.4030583523786,608.7933345228979,348.79040,3487904000
1167.996553810749,571.7050247387576,349.00600,3490060000
1133.5389460184153,503.1044571477616,349.22410,3492241000
1149.3952667673295,487.00663447196666,349.43620,3494362000
1147.5157607849799,498.9313966105954,349.64550,3496455000
1092.8673153714403,511.24201953579006,349.86920,3498692000
1012.2413142948203,505.1872843995994,350.08640,3500864000
1021.9118285239633,502.30409660054687,350.30300,3503030000
954.28705904643,461.3247542090895,350.52600,3505260000
913.7998575414038,487.91832441441,350.74650,3507465000
960.2238549686922,496.15562183994894,350.97110,3509711000
1045.8700548472752,446.82335595380954,351.19220,3511922000
1066.3746769561249,447.01466020165395,351.41360,3514136000
1142.9549754796437,493.50408858705987,351.63300,3516330000
1094.1962575430523,459.3175063780592,351.84970,3518497000
1127.465640591609,463.19898107142234,352.06550,3520655000
1118.260614908626,463.9067987619156,352.27340,3522734000
1063.877053541131,450.51369972365075,352.50180,3525018000
1098.6372762163444,426.10815587385747,352.71100,3527110000
1157.6305265122987,433.34771750827815,352.92330,3529233000
1114.1272290360794,449.50373573197743,353.13340,3531334000
1047.738068165196,451.00436405892106,353.34540,3533454000
1127.2075538353436,447.01214227166906,353.55850,3535585000
1105.9899796915658,504.7691405359069,353.76860,3537686000
1046.9287353171553,558.0030375056398,353.99490,3539949000
1048.0317642968803,602.9798708057218,354.21560,3542156000
1069.6476178957532,655.3375551015645,354.46660,3544666000
1091.8124747832999,662.6722839988033,354.69000,3546900000
1068.7011032166936,652.8894966408776,354.92560,3549256000
1018.2144790276179,649.7738440385486,355.14300,3551430000
1007.9573642065154,641.5989708822009,355.36460,3553646000
926.7224638749152,621.8680731098889,355.58190,3555819000
961.5728320440832,591.636532032544,355.80790,3558079000
954.4647794439061,549.8473377557143,356.03100,3560310000
1015.1851508206727,505.6482014833945,356.24630,3562463000
1027.745732902666,466.39516191591923,356.46250,3564625000
1072.480192065173,430.6840888058769,356.68470,3566847000
1021.8591433807644,378.55722571384297,356.90920,3569092000
1037.063603676157,375.3626062615434,357.14360,3571436000
1080.6916252931933,272.99305002724907,357.38960,3573896000
1156.325500606789,233.8413451703924,357.62130,3576213000
1144.8672744937437,166.58059041529924,357.83570,3578357000
1154.0221527351803,272.08280947058074,358.05290,3580529000
1078.3444664646893,338.1346614465624,358.26980,3582698000
1076.9363749820752,403.27408812746665,358.49430,3584943000
1183.3500131891642,406.2929476007804,358.71890,3587189000
1191.6856506199367,473.10117602408604,358.94110,3589411000
1072.4379990185278,488.97059250127086,359.17200,3591720000
986.7154626962465,469.1377270855725,359.40440,3594044000
1025.9784135984976,518.3932816557917,359.62180,3596218000
1009.5251828060275,525.9414321116092,359.83620,3598362000
951.8094942106013,499.72106662824524,360.06520,3600652000
888.977814660046,557.4751492942219,360.28320,3602832000
828.3582447734602,532.3598770197883,360.50400,3605040000
861.4680101648859,543.0085613735937,360.72820,3607282000
824.8993660874851,603.8575076699449,360.94260,3609426000
809.6923380377383,606.8592960867782,361.18380,3611838000
751.413942237394,559.2983825123845,361.42060,3614206000
807.6718631031898,530.2448292660756,361.64050,3616405000
783.4169248879163,499.66706820025775,361.87120,3618712000
754.4779184463381,428.07738184416564,362.10390,3621039000
667.020842608081,389.93797393840003,362.32990,3623299000
537.1048333672769,384.7768809606025,362.55660,3625566000
615.9395247845994,287.39551945512846,362.77130,3627713000
662.7308547249029,210.0739160898828,363.00180,3630018000
852.9455939053792,143.32948007922067,363.22590,3632259000
890.0944959374573,146.60213864234555,363.46580,3634658000
956.1955082921215,125.38073100070112,363.69170,3636917000
999.4495599281609,142.79413571642885,363.91640,3639164000
910.2163935201704,165.09306986822975,364.14140,3641414000
757.8084170092864,172.3887288015285,364.37960,3643796000
767.272049738804,177.13139802330068,364.61210,3646121000
757.4564210114152,158.60967283229218,364.83100,3648310000
764.8880272760871,158.47406649890507,365.04370,3650437000
717.8819502061624,135.3621334370794,365.26440,3652644000
635.036043384489,160.30464655809732,365.48170,3654817000
589.6589368238901,205.90038965396238,365.70370,3657037000
636.1979417993703,239.1111217633932,365.93840,3659384000
739.7745936261553,259.07879527778294,366.16770,3661677000
908.387498488584,247.35824367800075,366.39420,3663942000
1011.9615220812948,294.83660940235393,366.61800,3666180000
1023.9284772070096,285.93034301211395,366.83830,3668383000
1160.6172984955335,272.0863115414937,367.08800,3670880000
1188.6450320924544,259.8887664874001,367.32150,3673215000
1219.940662650213,232.45725412509353,367.53770,3675377000
1233.7138201538164,259.3711843005066,367.75590,3677559000
1151.981885382223,345.0288652180244,368.01510,3680151000
1184.3088128907839,360.5239683166945,368.24740,3682474000
1238.9664092703,384.32323633321516,368.46830,3684683000
1308.7582766184228,391.0939362554333,368.68720,3686872000
1331.7308103467772,386.38177103368685,368.91330,3689133000
1393.758811542278,372.0709713304975,369.14030,3691403000
1359.8842767687427,393.3796314341786,369.36040,3693604000
1239.0134508303117,353.02244897718396,369.57940,3695794000
1222.5781055479583,376.2257230180942,369.80380,3698038000
1123.8863987744662,377.62637682212414,370.02950,3700295000
1024.7123463364608,369.5626783185245,370.24770,3702477000
907.4462948418264,342.2691545651765,370.46670,3704667000
852.140116692398,315.07540364601016,370.68410,3706841000
870.6607758245368,370.92205695922036,370.91090,3709109000
928.3692425030965,392.57743370527896,371.13940,3711394000
938.2614832623785,362.92922100864945,371.37110,3713711000
978.9820350921616,363.4353152217461,371.58160,3715816000
1064.512280829179,338.10287239186977,371.81050,3718105000
1068.8851902323909,297.88108379618035,372.03150,3720315000
1016.8385222737642,251.46675293058206,372.25110,3722511000
995.1347785247756,286.7875168431205,372.47440,3724744000
883.7516900688908,283.0879078871618,372.69800,3726980000
849.3139995347422,266.3148446500305,372.91350,3729135000
704.1103308165293,242.82428783715528,373.14020,3731402000
638.4963736124774,256.9841918591357,373.35540,3733554000
647.0538556759881,241.64521182139453,373.59190,3735919000
661.7492764344834,225.15645544655828,373.80740,3738074000
712.9428008592205,196.06053015108375,374.02810,3740281000
770.9908786970002,210.3082530090701,374.24040,3742404000
928.2480643983138,220.9082558043283,374.47740,3744774000
1068.8497842612314,233.97887345717214,374.69540,3746954000
1101.9765553842838,241.76443435447297,374.90830,3749083000
1131.9782127463905,251.5499995849415,375.13250,3751325000
1151.5433891839655,247.15665980749424,375.35080,3753508000
1279.0807223971565,284.4431522195703,375.60540,3756054000
1424.8684610608732,283.1768111269305,375.82320,3758232000
1446.121074972179,288.54847986817504,376.05580,3760558000
1472.650922436962,293.92003478600077,376.27450,3762745000
1456.9912212602055,275.9831252487154,376.49150,3764915000
1402.5670365179146,285.06893326197167,376.70900,3767090000
1419.189074168766,277.98926300104966,376.92520,3769252000
1466.6838040977304,289.7519828324433,377.17230,3771723000
1459.9859294276955,273.4622695347405,377.38940,3773894000
1527.5024229218075,289.15393734024246,377.61100,3776110000
1417.9180942250719,305.9185198393513,377.83570,3778357000
1215.9268663911284,273.33625132189724,378.06130,3780613000
1108.916539487236,305.081797536227,378.31390,3783139000
1065.0173701842625,328.2754483199695,378.53510,3785351000
1003.1673379819629,368.5057355287464,378.75620,3787562000
855.5298091269757,371.32981218344634,378.97560,3789756000
774.8881940453911,386.2823525146628,379.19360,3791936000
811.1107733241566,379.2428809152653,379.41170,3794117000
976.129216783989,380.91360264600905,379.62520,3796252000
1041.1846108614193,353.39271401268866,379.83900,3798390000
1022.1435141136452,377.85626725363727,380.06020,3800602000
1026.3308290534185,342.14846517283075,380.27260,3802726000
956.5930721012344,317.9878858198909,380.52420,3805242000
972.7880998626184,353.8066424675212,380.73810,3807381000
953.494526689977,365.6308727283987,380.95330,3809533000
1062.401694086035,313.45558010363595,381.17280,3811728000
1075.7954389231832,321.8655685575084,381.43890,3814389000
1089.9900962506297,385.5952934953935,381.66480,3816648000
1105.5535105432627,457.90975386546614,381.89620,3818962000
1034.7677424992512,490.32724512079625,382.11350,3821135000
1055.885505989342,549.2303744534497,382.33490,3823349000
1136.0860611739956,566.2630687672378,382.55820,3825582000
1200.4270103691888,550.6963139633756,382.77930,3827793000
1287.1194819404225,586.3370140207884,383.00910,3830091000
1346.9336926611286,616.9734438032473,383.22850,3832285000
1357.4024334054793,616.6234591731579,383.45520,3834552000
1394.7950306782107,632.1643219464177,383.70720,3837072000
1421.47289295073,597.7341147404949,383.96040,3839604000
1400.9948838636458,620.5977629268261,384.20980,3842098000
1360.159415438574,668.7173112255473,384.43060,3844306000
1313.8933996574929,651.2004960218624,384.65750,3846575000
1272.21781664431,640.0946383747902,384.88270,3848827000
1250.9059287297125,639.4832636703527,385.15100,3851510000
1173.885279530895,612.594817867713,385.38210,3853821000
1158.1865416411056,557.2465217179273,385.60350,3856035000
1130.663505014959,620.40254539224,385.85080,3858508000
1084.708853911113,598.3966387702785,386.09730,3860973000
1027.4696924905702,577.9326802174156,386.32320,3863232000
1020.0047416789495,610.5183732935441,386.54130,3865413000
912.0222582562715,583.5953866704392,386.77330,3867733000
928.4230787958443,559.921881092148,386.98830,3869883000
994.3951652533372,524.8496914652569,387.21560,3872156000
1035.1240833248307,493.27804753159893,387.44400,3874440000
1134.1853849546214,487.6938266877389,387.67020,3876702000
1187.4145510902922,481.0131332208217,387.89890,3878989000
1119.5517737087475,429.8258968216399,388.12190,3881219000
974.9744329633764,375.0011871452706,388.34140,3883414000
879.4141246816015,323.5194946349891,388.56540,3885654000
879.5903971298161,304.04396922727227,388.78380,3887838000
875.8168873644598,312.7826416470615,389.01530,3890153000
844.6118023081908,328.88482777643657,389.23200,3892320000
868.4944090016243,360.34092966162893,389.44390,3894439000
948.2518406121436,339.83936773425376,389.65900,3896590000
1004.8185833090798,262.6022718886362,389.88140,3898814000
1118.2968772057347,258.78614999222424,390.10370,3901037000
1039.9446500418944,357.5181927228376,390.32180,3903218000
891.2015144431718,322.510628434815,390.53640,3905364000
766.781131998757,340.39538794761273,390.75830,3907583000
676.6772561948246,310.92068026087577,390.97340,3909734000
561.8322866686494,260.4228406739526,391.19810,3911981000
527.1732136586104,268.6839122051638,391.40960,3914096000
430.53845367428664,264.83258892629067,391.62630,3916263000
417.0187123719498,213.42545240254117,391.83320,3918332000
594.5570258848808,277.7461910894137,392.04470,3920447000
774.3846256744022,313.44400895548756,392.25700,3922570000
813.587530546357,375.5479984542298,392.47680,3924768000
855.04418543476,460.48847897104895,392.70580,3927058000
934.1063433902899,493.17044966091635,392.93560,3929356000
1007.8305480638973,458.9897543644046,393.16710,3931671000
1082.5826449482754,438.9936610032288,393.39020,3933902000
1036.813404871447,411.6310271498007,393.62780,3936278000
1025.8777078877574,394.0483050144806,393.84920,3938492000
944.2346771946808,404.7809157120933,394.06890,3940689000
949.206254478339,404.0994202909407,394.28650,3942865000
940.5912474789325,433.07246648632815,394.50550,3945055000
906.3307072660517,440.72126207081584,394.72090,3947209000
824.882087077176,429.5255262340097,394.94040,3949404000
820.4447178889781,437.8797312191868,395.16480,3951648000
865.2923264740002,505.5496826943962,395.39020,3953902000
906.0801296765652,511.54452559229014,395.62450,3956245000
1062.5847417235145,509.31886460512027,395.85720,3958572000
1157.8390969271213,493.9590667642455,396.10080,3961008000
1190.3176925346002,465.8562270656519,396.32500,3963250000
1264.059069575336,417.93662883777375,396.54350,3965435000
1291.5537130208043,398.77564231973037,396.76450,3967645000
1286.1661714644476,357.2611354832351,397.00560,3970056000
1329.7557004088967,340.411870363284,397.22560,3972256000
1290.1136955234083,370.22125953493526,397.45000,3974500000
1294.6971552057933,321.45591840391296,397.67750,3976775000
1313.004662100094,301.2132604400134,397.90710,3979071000
1355.8577152322334,245.72473640906745,398.13250,3981325000
1367.2669565285878,291.77673849751403,398.35910,3983591000
1265.9772342181568,299.734627322115,398.61010,3986101000
1188.9618392164032,305.5873612363347,398.84150,3988415000
1115.8194669503255,300.69991304432443,399.06700,3990670000
1092.6042606986298,272.5805125037371,399.28120,3992812000
1008.2252942054607,250.0859797826963,399.49910,3994991000
981.591859582722,251.86060065589518,399.72800,3997280000
958.8202641793488,287.5806115975561,399.93760,3999376000
972.52630240457,322.1028798214488,400.15920,4001592000
988.6096049352972,313.75720208910417,400.37860,4003786000
962.8238464048218,327.49737736454915,400.60660,4006066000
982.9900275524184,293.73015975178214,400.82660,4008266000
992.6575533222908,283.7559505493337,401.04830,4010483000
987.7914443020886,292.80394268885516,401.27550,4012755000
966.8061240824917,312.65646065345265,401.50970,4015097000
972.3629460143181,300.3912972998768,401.72510,4017251000
994.4219192681293,336.1006289311725,401.93580,4019358000
1038.3605072179646,364.67040219751823,402.14330,4021433000
1011.4097045614975,365.35963970950354,402.35730,4023573000
1004.7988020884565,388.27595475593114,402.56500,4025650000
932.7738369418404,364.2659779104175,402.78330,4027833000
936.6298175712159,365.53454812582146,403.00480,4030048000
930.8056957992762,373.4215555328331,403.21880,4032188000
947.6259574096559,393.53508473452416,403.43490,4034349000
981.2728154492742,508.77790076558824,403.66490,4036649000
921.2135247819881,454.4159504788323,403.87580,4038758000
833.1841601818847,417.88693613943315,404.09600,4040960000
761.1413466630735,350.7232713393986,404.31230,4043123000
888.5508554949553,342.6094648851293,404.53890,4045389000
1086.1387282447868,314.9749988331971,404.76480,4047648000
1061.2218667458226,312.1270431192394,404.99600,4049960000
982.7109559026828,284.11600428781486,405.22110,4052211000
911.061014000378,232.76321844624385,405.43990,4054399000
777.5225879114261,202.98414507436425,405.66100,4056610000
648.3950504518359,229.38016721806784,405.88510,4058851000
590.3146921143915,184.90912363046758,406.11270,4061127000
676.0189392186516,198.24196399186334,406.34690,4063469000
708.5977274791356,239.0050283097217,406.62180,4066218000
691.7138270548556,243.15311478224908,406.84870,4068487000
632.3319300535409,220.76592823428118,407.06870,4070687000
848.8119661935374,180.9072991467845,407.29190,4072919000
1000.8454562978986,159.75865964018965,407.50960,4075096000
1031.7516988201155,179.16326337237416,407.72490,4077249000
1053.6590155900894,222.47679049412554,407.97140,4079714000
1043.8963049423512,265.67820225192753,408.18210,4081821000
1088.549054085136,258.7123544902317,408.39880,4083988000
1148.2357191421438,253.64534879626618,408.61040,4086104000
1193.947103744677,231.57452465073936,408.85060,4088506000
1208.4074800815445,176.36487026107113,409.06700,4090670000
1195.8301985251985,146.8006402537965,409.28840,4092884000
1208.515488999276,176.86070011532885,409.50440,4095044000
1212.0237592570547,164.5161568927615,409.75490,4097549000
1238.5660640257274,163.3056246814424,409.96960,4099696000
1110.4536090968552,275.05286265461785,410.20390,4102039000
1074.283487715047,305.5391499103931,410.44810,4104481000
1071.4277538291192,353.9426708458513,410.65950,4106595000
1186.9919053864694,372.24529820241617,410.87980,4108798000
1280.669858875068,404.6954200174629,411.10210,4111021000
1197.1719641189172,490.28843974780546,411.32450,4113245000
1174.2076518274857,465.1115328546175,411.56480,4115648000
1254.7841629816855,436.81553693135317,411.78560,4117856000
1337.275594856486,362.32953283090956,412.01760,4120176000
1360.6792818762258,303.357554672511,412.23910,4122391000
1412.0186820419779,264.8459696370575,412.45550,4124555000
1455.7323143298343,269.8753270553196,412.67580,4126758000
1476.8159089560927,279.46123602224264,412.89260,4128926000
1468.4690992985277,288.6998076715674,413.11360,4131136000
1384.7641131047926,419.28032273137086,413.32710,4133271000
1261.1997496922331,397.5548563697462,413.54250,4135425000
1206.078160843908,379.3862153155445,413.75120,4137512000
1134.150256652959,362.7868210329417,413.96700,4139670000
1141.5753642277457,343.2927719382536,414.19290,4141929000
1114.7604959592775,335.0689390035164,414.41560,4144156000
1083.3862705175454,325.8069320155057,414.62950,4146295000
1013.4152397659557,296.6828215655769,414.84400,4148440000
987.210693827036,269.90543326325485,415.06680,4150668000
926.4952198186134,234.04917955723423,415.28680,4152868000
940.7951273545053,174.8454635103139,415.50610,4155061000
975.6741842837621,173.70420933533143,415.73000,4157300000
958.6451753319491,213.5269925344318,415.94510,4159451000
946.6898907974607,216.91235332279956,416.16640,4161664000
886.9499315651175,182.32852434574926,416.39040,4163904000
847.4740131724831,219.4247575208,416.61340,4166134000
773.3428387996521,277.6123124222185,416.82810,4168281000
738.0740568376805,261.82848932787823,417.04570,4170457000
816.4858955025396,252.51558880797978,417.26130,4172613000
838.4607378984508,262.1488210930487,417.48200,4174820000
853.7514176771828,281.8013119856541,417.69620,4176962000
904.8466318196217,303.0108396185039,417.91400,4179140000
907.682395601411,344.08698702092204,418.13810,4181381000
932.3762943110985,349.94730759323784,418.36670,4183667000
948.4176847138709,327.1281450954583,418.58080,4185808000
973.2107527457927,328.19478573043614,418.79660,4187966000
945.3304611140334,308.5284621756964,419.01110,4190111000
945.920423394702,288.8585252577284,419.22770,4192277000
978.4168787005734,304.41842351375533,419.44220,4194422000
964.550503051669,296.36976138470817,419.67190,4196719000
964.6984743523999,339.1501873235104,419.89120,4198912000
983.9339199196303,336.30418029930166,420.11530,4201153000
1042.2414750791488,330.0594441543537,420.34320,4203432000
1097.6480797128997,371.06716928068573,420.55530,4205553000
1059.412249687272,481.4808558027362,420.80290,4208029000
1034.573527585076,562.3126284947247,421.03570,4210357000
973.9583711264225,489.07904389168357,421.25270,4212527000
873.8624616706941,476.5513470454114,421.47800,4214780000
777.7131751495707,460.6282575114188,421.69730,4216973000
641.7891980222788,427.91933590616264,421.93230,4219323000
647.1529451027874,453.1322269588324,422.18060,4221806000
646.6859192181796,411.2807159108978,422.41100,4224110000
611.597090731802,343.43160304381877,422.67470,4226747000
578.1021320262249,341.43751544417614,422.90500,4229050000
573.2212196215328,463.54570518278814,423.13140,4231314000
493.2148214278088,460.6648605595358,423.37470,4233747000
469.78529152823324,466.5466471089047,423.59650,4235965000
408.422426238358,426.43741195588984,423.83250,4238325000
372.170026943248,357.4731935679931,424.04970,4240497000
631.2200960218486,288.0807123071612,424.26910,4242691000
849.1703239854326,278.90924757949716,424.52230,4245223000
1108.807372545126,267.4935437020283,424.79380,4247938000
1062.4163273536524,284.1000296622531,425.03500,4250350000
966.2319182886345,271.29181019680306,425.24640,4252464000
907.197732551247,259.8732902739754,425.46920,4254692000
864.4925496709457,293.36418705836405,425.68970,4256897000
793.4914616163817,298.80769236156414,425.91730,4259173000
737.1487122926216,291.42060460729374,426.16210,4261621000
739.3691287446431,277.9242102328207,426.37710,4263771000
707.7298520698029,299.8706185913803,426.60520,4266052000
696.8036309258282,316.77442151579606,426.82260,4268226000
791.2780838125816,301.97092540268125,427.04000,4270400000
874.2929265018303,334.2368687662746,427.25350,4272535000
938.1653929209896,353.3988525398492,427.46930,4274693000
978.664895611356,393.57462061544874,427.69140,4276914000
1025.9617785724463,374.1486016775417,427.90350,4279035000
1059.6347889537487,381.2169164167571,428.13140,4281314000
1062.5159133691184,353.4887690209313,428.34300,4283430000
1053.536509869141,308.2158978602258,428.55680,4285568000
1045.6588291512428,304.0998806441897,428.77000,4287700000
1071.4954258287278,321.63037192892403,428.98250,4289825000
1104.7463201560988,323.2523455445165,429.19930,4291993000
1095.7154216741453,319.8633343705605,429.41200,4294120000
1126.9005536513353,338.32877691235,429.62260,4296226000
1264.9990711220448,304.7410895957529,429.83720,4298372000
1308.6762142418218,298.8009595662834,430.04380,4300438000
1306.433953114036,260.16116866517336,430.26340,4302634000
1352.7073519323847,259.452521088,430.47690,4304769000
1295.894808299036,230.32715237028077,430.69060,4306906000
1322.1055098108845,205.16470281723798,430.90460,4309046000
1390.0613354573097,205.18864442459085,431.11330,4311133000
1405.1942414791504,186.02851697520137,431.33490,4313349000
1462.5661849136682,192.47160927141536,431.55080,4315508000
1540.881373198646,244.89028130111438,431.77710,4317771000
1560.3066444285832,245.5128177295733,431.99590,4319959000
1592.7276628210075,235.6019368320645,432.21920,4322192000
1631.7988314272884,238.1835522087294,432.44240,4324424000
1541.5186236689108,251.28859946826083,432.66320,4326632000
1461.0781346417643,283.7374440196593,432.87310,4328731000
1348.9918419350163,309.3596145827497,433.08890,4330889000
1177.357147856168,331.5279005913045,433.31500,4333150000
1169.0270374995273,334.19916651409915,433.53880,4335388000
1209.7707503840409,338.6542769456294,433.76730,4337673000
1286.735880246457,326.70588896739383,434.02740,4340274000
1368.8774734717308,268.97069585842496,434.23910,4342391000
1200.1124348955418,319.75609793234946,434.45010,4344501000
1043.7125113614134,340.854329289372,434.65720,4346572000
940.0362682827684,313.5439078628029,434.86620,4348662000
794.750507365177,240.87387642948408,435.09520,4350952000
614.6267868692147,193.8239381078854,435.31320,4353132000
585.7719188535013,182.11361770925433,435.52990,4355299000
550.5715834389051,234.58056500219772,435.74670,4357467000
687.0435232445225,260.66989561471206,435.96620,4359662000
704.4425008347396,279.6883307488978,436.17750,4361775000
829.412536494305,308.1431965575259,436.38390,4363839000
897.2842164781437,325.7171551930827,436.60080,4366008000
972.6367541276986,332.82513731361934,436.80940,4368094000
1003.3738798940473,382.9381200896068,437.02480,4370248000
1059.1232398608029,381.42952087197773,437.23830,4372383000
1113.3764574115567,366.7375517925491,437.44750,4374475000
1129.0807079978142,417.79729494499827,437.66730,4376673000
1131.6546777125125,443.02306402744665,437.88220,4378822000
1064.1333504551337,476.706167607544,438.09360,4380936000
1035.3178242220727,526.0356619737654,438.30770,4383077000
1011.3610877239134,564.291010318481,438.51340,4385134000
1010.7613283798478,574.81922724778,438.72160,4387216000
1056.9153102396926,594.242915201606,438.93630,4389363000
1043.3557761235747,590.6016443747254,439.14640,4391464000
1018.5486982074574,605.1096216083452,439.35850,4393585000
935.0523453099103,628.4268564381965,439.57000,4395700000
832.7653996010395,538.1259092468838,439.81760,4398176000
767.4639419830428,462.1260676022704,440.03340,4400334000
718.8807212965354,424.4730009308646,440.24220,4402422000
650.3505240442474,355.05117545188625,440.45180,4404518000
545.2421418836063,299.929967310955,440.66230,4406623000
542.0395756764206,309.9914232586566,440.89100,4408910000
469.2662812225855,295.40871604592417,441.10790,4411079000
432.61459975139957,272.0711062142582,441.32110,4413211000
400.21674383439876,232.27493340106352,441.54880,4415488000
461.28647639625416,208.1113536221793,441.77470,4417747000
518.0927333696567,213.5216298504651,441.99370,4419937000
584.1566438058934,205.0811925089183,442.21490,4422149000
658.4884545548754,204.00115066839646,442.44310,4424431000
749.729358414189,189.1011879030305,442.66950,4426695000
712.7064637027048,194.36360262696428,442.91420,4429142000
630.1644663369269,148.7111840604544,443.16280,4431628000
595.5010932253551,167.00123371444087,443.38260,4433826000
509.7110083331369,187.87001387178708,443.61140,4436114000
615.5216857760116,163.4817017423335,443.83500,4438350000
793.6771424976037,167.59416912131545,444.05790,4440579000
954.5354445873456,183.6684070386084,444.27400,4442740000
994.0314981127349,147.91304912942223,444.49330,4444933000
1196.8887550788795,142.29282794190664,444.71510,4447151000
1246.3983035895671,282.96166402053706,444.93030,4449303000
1262.6158865767457,398.48842747963135,445.14560,4451456000
1241.1935632596037,444.5813273841797,445.36120,4453612000
1224.7488551722709,515.5215639783609,445.59610,4455961000
1211.0200191143106,558.1006219648797,445.81110,4458111000
1216.6379700407974,609.67634248991,446.03360,4460336000
1224.6480031538426,672.4866117348673,446.24580,4462458000
1202.905060965042,753.5277347950321,446.45480,4464548000
1138.3765699898008,745.52405265639,446.66910,4466691000
1116.2334777839192,735.0058740895482,446.89320,4468932000
1068.6772472293742,755.2562392472756,447.09950,4470995000
1035.2966571242125,751.757375829469,447.31490,4473149000
1017.1301846707285,749.4874379599551,447.53080,4475308000
1015.2216773247585,700.1677597652275,447.75400,4477540000
987.7337040797412,710.2621491883698,447.96740,4479674000
976.2790032895512,701.9213262226509,448.18580,4481858000
956.755171625321,710.1152063592543,448.41040,4484104000
852.0874671412221,637.1582091457942,448.64020,4486402000
926.6731660430142,587.863111713388,448.85060,4488506000
956.7851676176099,537.5431480541371,449.06990,4490699000
949.1930413757128,543.3845538458564,449.28360,4492836000
963.2733688734072,566.4850697679296,449.50880,4495088000
955.2403731750622,578.2200506336469,449.72820,4497282000
924.4048723328236,582.5512560530943,449.94190,4499419000
924.2608567322377,549.3702371435683,450.16660,4501666000
933.1296469025023,559.2579444642874,450.37590,4503759000
925.7123775855729,577.991002325125,450.59320,4505932000
937.9502293964908,601.5831554851626,450.80320,4508032000
948.6277539166658,613.979306281692,451.01380,4510138000
903.5131356096689,608.3159272305791,451.22680,4512268000
846.6095009520957,588.4351370105741,451.43850,4514385000
796.1472498790403,556.6264864511753,451.65410,4516541000
821.8854827733749,567.3983212648262,451.86910,4518691000
777.9556893051663,552.3338448604469,452.08320,4520832000
766.4177083902177,561.8760339577386,452.30900,4523090000
799.4256927115666,541.7607462513805,452.51920,4525192000
870.718811340809,551.673712880562,452.74160,4527416000
893.8867388352629,580.3388397353739,452.95690,4529569000
927.3878197192761,619.9735159771316,453.16820,4531682000
947.3450110264918,615.5262207060762,453.38010,4533801000
973.6439927867726,604.1092592298971,453.59050,4535905000
1007.0000517794724,588.539163045118,453.79970,4537997000
963.6630846550671,523.6634898012715,454.00850,4540085000
965.7735752498533,491.7819693858946,454.21750,4542175000
973.7731508019178,483.0303786127398,454.43140,4544314000
980.5920957004164,478.352337980586,454.64810,4546481000
998.4274719384605,454.55678876170975,454.86350,4548635000
1006.2633857588957,449.7131616323112,455.08310,4550831000
989.9737060750717,481.8697915376815,455.29360,4552936000
930.4189570824458,479.3844165622239,455.51110,4555111000
967.2011267878048,488.5821449703408,455.72420,4557242000
958.981034594837,473.11773496411115,455.93980,4559398000
1026.4350514750342,485.6567729559873,456.16500,4561650000
1088.7600791861475,453.1216943746242,456.37290,4563729000
1106.3224298331872,447.93537230652214,456.58520,4565852000
1116.0951190481728,449.2403449914318,456.79480,4567948000
1050.6816535924268,450.01927190311227,457.01040,4570104000
1065.966279348762,455.97841072485096,457.23490,4572349000
1097.5865127181335,473.30579574403725,457.45040,4574504000
1126.1564146896892,454.58240878227195,457.66080,4576608000
1118.982911931517,504.8525754355411,457.86840,4578684000
1098.9052498457363,519.0869972083848,458.08360,4580836000
1121.8480584811173,515.1414167421515,458.29620,4582962000
1106.7493726073742,497.9475739075926,458.51070,4585107000
1080.4733141302625,520.185880516821,458.72820,4587282000
965.781190822407,492.3078866373347,458.95560,4589556000
886.6350134731467,425.66815369907096,459.16680,4591668000
770.0233788805588,381.8564986216379,459.38430,4593843000
808.6930786294871,438.40320612380833,459.60550,4596055000
789.5593604807359,404.1655223607288,459.82730,4598273000
782.5010795842993,437.05870963555907,460.05760,4600576000
765.9195978975588,423.0941380474822,460.27570,4602757000
871.5051389198226,419.102536363797,460.48630,4604863000
946.5490552594044,457.80571818192607,460.75200,4607520000
895.8309010910434,478.35798081782724,460.98120,4609812000
987.0875554523965,472.28425935378135,461.19920,4611992000
991.1763378582141,467.08374740788213,461.41830,4614183000
931.6518073906037,441.3517133559036,461.63670,4616367000
891.491994554442,376.06423497452926,461.85910,4618591000
861.4137337019116,354.8313910595715,462.07650,4620765000
772.0323161599101,316.1073065726281,462.30150,4623015000
827.3861254238149,368.41295787494397,462.51410,4625141000
733.6334868851095,338.3564624429958,462.73890,4627389000
700.0171561224694,257.52716315415375,462.95350,4629535000
732.5568902895801,265.845791144633,463.17570,4631757000
864.1875024330886,321.8305616842192,463.39280,4633928000
1027.273569921825,362.8792892288019,463.62570,4636257000
1209.3748922938946,341.8483049179544,463.84310,4638431000
1263.9248670413926,343.42065364852886,464.06220,4640622000
1201.461051001449,353.59811079534046,464.29950,4642995000
1187.9077244420707,358.99360653410434,464.51490,4645149000
1158.7468880395509,397.29478993286705,464.73710,4647371000
1222.110558099055,405.90424110261756,464.98620,4649862000
1200.7391068778697,407.48952999786917,465.23070,4652307000
1224.6379309081594,419.3002439462898,465.44800,4654480000
1100.4321912155347,464.7602647981345,465.67500,4656750000
1079.5193324757659,513.6045995136988,465.89940,4658994000
1073.2130144138825,496.8890685341746,466.11470,4661147000
1139.0563939954277,468.066268868695,466.34360,4663436000
1211.0330957056183,472.99152971356597,466.55510,4665551000
1229.7054643413132,479.04715348529976,466.78430,4667843000
1207.1778158665136,513.0514476264759,467.01420,4670142000
1225.7398716217094,538.8897350436719,467.25240,4672524000
1278.3159568600313,551.8222654997535,467.46350,4674635000
1253.1440934899235,566.8733103566099,467.69210,4676921000
1228.4504058521152,585.2945335269055,467.91100,4679110000
1336.2769480137654,565.9762745042785,468.12950,4681295000
1397.7107427669866,544.3253590593312,468.34520,4683452000
1315.6455767425323,525.1814325833664,468.56670,4685667000
1314.539455998896,522.0347682871128,468.80380,4688038000
1365.7857553703736,553.0370382048932,469.01960,4690196000
1373.0113194253051,550.5819089777668,469.23600,4692360000
1354.401820723579,507.64774994041835,469.45740,4694574000
1380.447326893094,525.6955230524262,469.67600,4696760000
1331.6797387328652,550.8319314838265,469.89380,4698938000
1301.735921493615,549.1781709036871,470.10400,4701040000
1223.3863829158972,552.8519384779815,470.34650,4703465000
1166.2065873983506,592.8144751606793,470.58400,4705840000
1085.3860997186268,631.4197727389641,470.79730,4707973000
1100.1007173384228,647.831371377443,471.01390,4710139000
1087.3861115826965,686.4836485623555,471.24020,4712402000
1111.325669969657,715.7205830503093,471.45790,4714579000
1130.39559131432,735.4836924266612,471.69280,4716928000
1132.5203029550175,780.4946382253167,471.90960,4719096000
1089.8357942498808,815.5517463030396,472.12730,4721273000
1083.1956766560502,827.5790104893202,472.34560,4723456000
1043.9277517940873,828.2037884354456,472.56570,4725657000
1097.9963883024498,846.8364636428176,472.79460,4727946000
1070.1224140875856,839.8036665968343,473.00770,4730077000
1073.2146951925113,855.7256597721868,473.23910,4732391000
1040.9801417428982,873.5506608311798,473.47950,4734795000
1057.0304619092485,869.1685969091228,473.69610,4736961000
1014.8345414499008,853.9837787200678,473.91360,4739136000
1012.7031753109432,847.4946386958751,474.13240,4741324000
991.5747493572555,843.6369420512397,474.35220,4743522000
1043.1146526377693,872.8931912730737,474.57300,4745730000
1031.5000005740371,839.9131401259731,474.80670,4748067000
1074.5215796840505,820.6150715732635,475.06540,4750654000
1104.4672099274826,830.1380910945365,475.27710,4752771000
1117.2677433525646,806.1598551182268,475.54030,4755403000
1142.5216934452837,781.2669780415192,475.80480,4758048000
1153.9269437915318,793.438549094883,476.06900,4760690000
1128.4048612129816,809.4804819532978,476.28740,4762874000
1111.7853799343955,824.571141542237,476.50800,4765080000
1071.6794348218345,839.5668481400089,476.77320,4767732000
1074.008328126035,855.5238231187734,476.98420,4769842000
1068.1051436270354,865.7918476549997,477.20570,4772057000
1095.1342797730415,887.7674426922033,477.42220,4774222000
1074.0384496935965,892.3964740944039,477.65990,4776599000
1059.1458882965396,888.5573983427499,477.87120,4778712000
1028.4373064540828,854.818031994002,478.07830,4780783000
1065.1066765258888,853.180808966684,478.29710,4782971000
1052.4526738101188,834.2310857208009,478.52830,4785283000
1098.1351743923665,857.9137064074725,478.75830,4787583000
1106.9651188380337,864.2406442715977,478.98330,4789833000
1114.0006479747735,847.5115941864111,479.21920,4792192000
1107.393149922421,816.5910070921728,479.43710,4794371000
1114.2778524864968,791.4574446423309,479.65270,4796527000
1128.38293960508,780.9113731793557,479.86530,4798653000
1065.0767733612868,778.1257297622791,480.07760,4800776000
1044.9337772451427,778.0465774250038,480.28660,4802866000
1021.5562429919073,769.4360745299036,480.50350,4805035000
983.3856545686752,808.9275747877825,480.73110,4807311000
948.6169300040275,826.003985298832,480.94550,4809455000
927.4298086509983,836.3256623575955,481.17270,4811727000
904.0065762187673,837.2148407929019,481.38460,4813846000
888.434968777932,823.6742147282932,481.60710,4816071000
882.2511256480775,829.5854434254419,481.82330,4818233000
968.7955096022323,829.2863138655018,482.04180,4820418000
974.0479969271612,808.1795706653676,482.26610,4822661000
970.7458387495278,797.6830757977962,482.48770,4824877000
922.904733174169,767.5335846693278,482.71310,4827131000
977.0228070368086,826.0338368595258,482.93260,4829326000
1024.6572108206678,818.2284700429494,483.14750,4831475000
1018.1016710702019,808.4285638480599,483.36030,4833603000
1039.8200871831143,788.4716053598142,483.57520,4835752000
1029.822575440109,785.9739789523876,483.79060,4837906000
1045.4738861622145,785.5586107842794,484.01350,4840135000
1082.198618115815,801.5518289253158,484.22960,4842296000
1086.1588323656558,775.4333760778585,484.45030,4844503000
1114.90042556698,809.7733239727014,484.67010,4846701000
1199.127089860121,833.9187187647716,484.89340,4848934000
1247.7694522862034,798.2352800164293,485.10910,4851091000
1326.7305275401754,811.5557630263393,485.32980,4853298000
1313.795691289988,808.8596313647523,485.54400,4855440000
1365.3031051391129,829.4706742002559,485.76350,4857635000
1407.5038065697224,847.189429411306,485.98210,4859821000
1459.719708704426,844.0511411297152,486.21090,4862109000
1439.660461615346,815.8773544679949,486.42730,4864273000
1519.5894314905538,760.0288200429885,486.63990,4866399000
1395.9981882733591,672.8309736275347,486.85790,4868579000
1160.0214533682981,568.5574123532793,487.07540,4870754000
1171.709998843788,564.159474404052,487.29800,4872980000
1311.7510184141327,603.6768941544602,487.51600,4875160000
1326.5410297069236,557.0228442355783,487.73880,4877388000
1431.3184569220346,604.2468324096051,487.95340,4879534000
1530.2266072239904,633.0771528619234,488.17100,4881710000
1518.0380484711775,660.2648475993344,488.39160,4883916000
1545.9204928709983,678.0321239596221,488.60690,4886069000
1549.995821471053,700.8385905119925,488.82370,4888237000
1549.7622532955354,702.4850880754183,489.04510,4890451000
1417.7302085399058,611.9821959855232,489.26010,4892601000
1243.1446516606939,513.8689087786037,489.47740,4894774000
1169.2123792632003,426.33645078816227,489.70460,4897046000
1148.1413533494567,448.2246700919529,489.92660,4899266000
1209.6610189851167,494.85897353719497,490.18430,4901843000
1213.4088497202536,535.1659076971046,490.40120,4904012000
1212.2322033102444,576.4770187345362,490.61850,4906185000
1216.1596275244885,620.6034825888231,490.83320,4908332000
1223.9134680395014,655.5970510790487,491.04340,4910434000
1275.1885068630702,675.0378219994922,491.25130,4912513000
1311.5809068773726,659.5992329468783,491.47100,4914710000
1385.87497993868,660.7105085498739,491.67850,4916785000
1381.3368957694388,567.7575843282377,491.89490,4918949000
1347.3683769185106,489.1952954672242,492.11100,4921110000
1350.5054816420673,357.8288313433511,492.33560,4923356000
1372.1139072806209,233.55154082774595,492.54790,4925479000
1428.8430599572648,192.06781692171512,492.76670,4927667000
1267.8264102197727,183.47093438136093,492.99500,4929950000
1101.2168664517928,171.55910461126726,493.22640,4932264000
966.3417433711396,179.9830853382958,493.44330,4934433000
1040.094037003352,259.10279936368704,493.65720,4936572000
1124.0752700267853,335.5153741620698,493.87560,4938756000
1191.1024231637148,434.2071642718844,494.09020,4940902000
1329.7074147601086,538.5328326194674,494.30350,4943035000
1349.8168503134414,610.1179480103601,494.51190,4945119000
1400.8282574448356,646.5980843231173,494.72970,4947297000
1411.8846205208101,716.8897311911512,494.94370,4949437000
1374.8374321387425,740.7816294048636,495.16390,4951639000
1427.4659861511907,755.7810982581537,495.38580,4953858000
1398.4645763034032,798.0500363087413,495.59750,4955975000
1381.328946342404,839.5481759004786,495.81900,4958190000
1353.8992360519694,833.4103107826,496.03930,4960393000
1371.8668673608267,851.0644598430589,496.25270,4962527000
1401.275988876366,836.5356869347492,496.47120,4964712000
1419.7316462120339,820.508803918363,496.69200,4966920000
1434.215610153631,806.2873749456251,496.91200,4969120000
1383.9097076042501,782.2005222740114,497.13260,4971326000
1475.5311532591504,775.6266978594311,497.35100,4973510000
1477.88105200371,751.8257427768717,497.56230,4975623000
1439.7200483731117,647.6392675188813,497.78130,4977813000
1456.5859948522132,574.7868568800303,497.99650,4979965000
1359.3503325239956,565.6660018867302,498.21460,4982146000
1415.6596810225417,634.9800964766919,498.42720,4984272000
1457.1694159421393,726.739295810335,498.65100,4986510000
1394.9641902317621,772.1686089756674,498.87020,4988702000
1296.7795219698507,778.3523101041579,499.10970,4991097000
1236.9730597013702,738.7436197759657,499.33280,4993328000
1248.5630524586365,746.6880496043409,499.54780,4995478000
1265.0261773176087,660.0886498603768,499.81160,4998116000
1176.4125394790412,568.429671919524,500.02840,5000284000
1142.6169825368838,462.2349662951741,500.24570,5002457000
1214.7987531587664,460.2384749466643,500.46390,5004639000
1162.0833067366664,454.54953232881684,500.67720,5006772000
1161.185907021111,466.1091407217259,500.89380,5008938000
1078.6263097729818,433.2996898855233,501.11370,5011137000
1154.8543319891614,475.46545058769914,501.38250,5013825000
1191.3268998158076,496.5161749938418,501.60610,5016061000
1164.0207265788956,451.94081429526926,501.83860,5018386000
1168.3453366308363,483.4451900455219,502.06110,5020611000
1207.5626443772148,497.02350133759364,502.26970,5022697000
1223.3884770513778,474.71864805215006,502.52350,5025235000
1174.6130343430004,500.09256458850655,502.74390,5027439000
1137.424473481894,493.55923677338563,502.98730,5029873000
1049.7335127142426,483.9712004863369,503.20650,5032065000
1057.602503234604,464.5454860248402,503.45090,5034509000
991.7842522583711,445.51988815015,503.70490,5037049000
968.3139025729567,436.7916451546275,503.92240,5039224000
1010.7268215666671,459.2888087778935,504.13980,5041398000
1047.3675913272536,425.11750670367957,504.36220,5043622000
986.1116913767888,353.513849547833,504.58110,5045811000
968.5032126841759,281.7583553769914,504.79490,5047949000
1047.0323144074096,277.6914172522944,505.00870,5050087000
1197.3905513074008,377.62172172979245,505.22810,5052281000
1255.9464697136239,414.83460734741794,505.44280,5054428000
1361.8878277723595,458.9513257073838,505.67010,5056701000
1424.7860906511805,499.602628704937,505.89400,5058940000
1446.1034825857819,559.6315241558784,506.11030,5061103000
1612.2680689908225,578.0103815583128,506.33310,5063331000
1704.8496633902935,550.7731942711043,506.55180,5065518000
1447.457715892636,457.3139542550298,506.76270,5067627000
1284.3205311741153,398.92152588486124,506.98130,5069813000
1264.5883290615498,407.99726289755773,507.20250,5072025000
1196.780026293141,356.5376655169438,507.42060,5074206000
1245.7985491159782,309.54184975579335,507.64160,5076416000
1300.8355071724159,233.8307311152974,507.85520,5078552000
1371.3149837003893,213.29437613416783,508.07520,5080752000
1289.4461782052026,161.82803642618046,508.29450,5082945000
1217.151550085166,238.88082508521663,508.51530,5085153000
1159.5255582777063,276.6746447114275,508.73360,5087336000
1163.6858381468369,348.8895939287364,508.95080,5089508000
1161.1687951509523,416.2414676021848,509.17460,5091746000
1174.5385780429035,444.8870926640606,509.39500,5093950000
1170.5462301555517,499.5161991026079,509.61630,5096163000
1233.7617820063363,558.4626776642713,509.85210,5098521000
1254.0185178220058,585.6305275529139,510.07050,5100705000
1239.6661838971145,637.2524770870123,510.28850,5102885000
1169.6648096000217,650.266014035321,510.51430,5105143000
1180.3964307218882,681.0957464041167,510.75100,5107510000
1127.4866106500847,710.3719619106757,510.97260,5109726000
1115.4058020183284,744.3118518940562,511.19710,5111971000
1100.871328353071,703.956213981131,511.40790,5114079000
1105.9527913703396,697.2007870084067,511.63050,5116305000
1139.7718319769654,708.1565534046176,511.87540,5118754000
1173.8903579733014,702.6767793903431,512.09680,5120968000
1122.9742450231895,717.3230384396006,512.30600,5123060000
1142.817693912182,695.7640733749148,512.52650,5125265000
1078.9711126574093,701.7410438609545,512.77540,5127754000
1015.2559507466991,721.4869074073237,513.01490,5130149000
1022.5775845194066,700.6084585889506,513.24050,5132405000
1057.144834243231,672.9820774688168,513.49260,5134926000
1061.81309676717,664.2001030513268,513.70790,5137079000
1023.4692578731833,699.1967938068066,513.92840,5139284000
995.9851414597509,736.9997771811663,514.14560,5141456000
999.2196375164658,753.7951129560167,514.35830,5143583000
973.6248224817951,789.583192081086,514.57380,5145738000
930.8323718414927,752.6579047201128,514.80240,5148024000
945.3835879574137,697.4565631029839,515.01560,5150156000
907.1107716379696,669.981162046356,515.27300,5152730000
825.7455000150828,626.0247360331095,515.49810,5154981000
807.6374473118226,573.1833573867887,515.72280,5157228000
791.0070617407027,554.7722471863156,515.94550,5159455000
881.7535236693534,539.0950265358663,516.16980,5161698000
942.4545141175909,557.4093384978656,516.39510,5163951000
1051.31366807234,577.0901238404806,516.61480,5166148000
1104.966357271207,615.1141917421302,516.83900,5168390000
1150.4766556654686,622.6453264626178,517.08580,5170858000
1116.7759385122527,606.360784103544,517.31390,5173139000
1111.4426567316975,608.950041991249,517.53160,5175316000
1093.8397528707133,604.0504941448129,517.73750,5177375000
1087.9348710884751,601.3435860805629,517.95210,5179521000
1049.602183987894,619.6669270142842,518.19680,5181968000
1095.2070083897881,630.7557849038589,518.43750,5184375000
1155.362631847267,693.1922758212465,518.65620,5186562000
1227.1264890178882,747.0247904417625,518.88280,5188828000
1233.535776475618,754.0564034195222,519.11410,5191141000
1190.2404637915342,804.6040999370167,519.33360,5193336000
1191.883224302966,805.1750096541875,519.54840,5195484000
1182.0453227456596,837.0139117319725,519.77760,5197776000
1186.4325039211278,840.0402208844213,520.00270,5200027000
1149.5944482537861,848.1826350176866,520.21650,5202165000
1098.1713118010266,747.3791398959746,520.48840,5204884000
1005.2487856315729,646.5165368212133,520.70510,5207051000
1012.4475261375056,560.9345622955885,520.91890,5209189000
1041.5518458563674,553.101839310914,521.13920,5211392000
1103.986137726003,553.3812034317351,521.35560,5213556000
1122.792752146962,562.5884716445555,521.57630,5215763000
1136.0101568201858,543.3784614732576,521.79440,5217944000
1169.0450277377222,551.5947218058556,522.00600,5220060000
1079.7934092554071,491.0538158615908,522.22310,5222231000
1108.0658455344462,417.71179000914196,522.44160,5224416000
930.1249105504913,329.8491097898099,522.65770,5226577000
854.0101076739926,329.47997358118727,522.86630,5228663000
819.0428711595436,320.48568923157535,523.07730,5230773000
854.4301435833759,379.4388014613228,523.29730,5232973000
887.3390610124363,449.18348049266694,523.50890,5235089000
916.4320011257931,491.55662926420285,523.72390,5237239000
940.5316793848482,514.2015572659286,523.94150,5239415000
973.2428922351747,568.0043610586005,524.16050,5241605000
979.218565129069,616.0580485620286,524.37530,5243753000
1020.7388866296918,659.747022943072,524.60350,5246035000
1020.690903257859,651.2599329500486,524.82660,5248266000
1048.2447144226794,655.0662530493021,525.04690,5250469000
1081.3450523388217,677.4486121207264,525.27160,5252716000
1095.2583193311236,680.0118528241208,525.49480,5254948000
1099.5398030301817,697.0292855866763,525.70300,5257030000
1127.5597694812154,690.723413624489,525.91590,5259159000
1160.4765385616083,734.9596739092831,526.13330,5261333000
1180.8004523016452,723.8538705750907,526.34830,5263483000
1130.1749682475875,713.8381466162921,526.61750,5266175000
1123.3554226202084,704.1754155954103,526.83280,5268328000
1119.07685389749,673.9960457905398,527.04370,5270437000
1153.8421977766648,665.4307460115152,527.26090,5272609000
1147.368080834161,662.7707515140359,527.47920,5274792000
1113.6896753668543,652.7264406404195,527.69690,5276969000
1102.6803929575017,629.6346876246831,527.91110,5279111000
1068.432920740469,606.5986034613519,528.12330,5281233000
1088.9518006351013,580.5593036380321,528.33780,5283378000
1169.1435542197999,570.0621324071159,528.56140,5285614000
1230.2475222082196,577.5296537217271,528.77450,5287745000
1234.2073082135853,599.2158930011682,528.99510,5289951000
1194.747473308115,610.1716599387497,529.21910,5292191000
1203.9360393712855,625.6361547919603,529.44280,5294428000
1185.0094968056726,638.145186144564,529.65750,5296575000
1113.6245581015623,651.5217739810008,529.87290,5298729000
1125.2955310822204,660.9953141758352,530.09530,5300953000
1103.1024844326084,656.2432861583706,530.31320,5303132000
1158.3169878442063,643.7638226210751,530.53300,5305330000
1171.796752010228,651.8428268684721,530.74080,5307408000
1163.1336141983127,661.9690469866417,530.95450,5309545000
1186.4908374408026,676.0761077642087,531.17210,5311721000
1182.0541985631335,648.9414434036204,531.38760,5313876000
1165.4053561596993,691.5211263867257,531.60430,5316043000
1141.9400957605887,701.2575444136273,531.82780,5318278000
1133.9630446764372,708.0069968591376,532.05080,5320508000
1088.7848826703191,695.9378089085405,532.28240,5322824000
1143.977093965776,687.2452539798896,532.50280,5325028000
1162.9658334256915,687.2430469500728,532.71420,5327142000
1149.5511778283692,691.1816085759339,532.93300,5329330000
1145.955671214662,680.9718970082728,533.14290,5331429000
1125.5930488793024,675.189004458346,533.36280,5333628000
1122.1883989668165,635.9522261045356,533.58080,5335808000
1109.4600373986157,632.5034353319614,533.80810,5338081000
1092.471166039296,633.4347483025111,534.02790,5340279000
1061.5503077225567,684.1023201433898,534.24500,5342450000
1095.4172895971394,686.897886556481,534.45800,5344580000
1088.716300803019,683.1285778545162,534.67500,5346750000
1040.2388176225697,652.5902110680838,534.89920,5348992000
1050.5222111823832,647.0512814040671,535.11240,5351124000
1080.3626774553352,678.7611884745453,535.36030,5353603000
1079.3603037345586,684.0802754757738,535.56990,5355699000
1098.8778345177825,713.7482005268271,535.78760,5357876000
1072.2233566555828,713.0241590335216,536.00650,5360065000
1111.6960777043075,736.5203757524644,536.21840,5362184000
1067.5716624112017,671.0683112954255,536.44220,5364422000
948.0036071609999,580.2141939280397,536.65780,5366578000
888.6456911015732,483.6719824454247,536.88210,5368821000
876.6752138170649,534.0151746339319,537.09680,5370968000
982.581024639037,532.8694405442898,537.31420,5373142000
1094.4761568620277,613.0360956243655,537.53160,5375316000
1081.5289959719269,669.9374347931029,537.74910,5377491000
1097.6240731172338,691.332163526634,537.96680,5379668000
1111.6228393275278,740.2098592066745,538.19020,5381902000
1063.781946063185,748.8981417846486,538.41060,5384106000
1104.1135424276704,752.8742176311528,538.62850,5386285000
1124.3333155062426,797.2077824563686,538.84860,5388486000
1154.2844014602085,789.6696204971181,539.07050,5390705000
1125.2917559949558,804.5179159513965,539.29360,5392936000
1124.3643386348447,781.2525938861164,539.51170,5395117000
1089.1098332480624,770.8577972172335,539.77290,5397729000
1037.3599777865934,780.4167917724074,540.05070,5400507000
999.2305882194698,775.5922481598328,540.26850,5402685000
958.0980907848162,766.852414841874,540.48960,5404896000
945.0108048979906,760.9936244049725,540.71160,5407116000
908.8661538976324,740.0137017249788,540.93260,5409326000
912.9845234138667,743.4889111314011,541.16640,5411664000
926.5328416919963,733.8447249221745,541.38700,5413870000
945.3395372482152,747.2412026622618,541.60590,5416059000
977.5374338083137,780.6287002943294,541.83380,5418338000
1021.9133201316164,771.0677121975224,542.05820,5420582000
1011.8554136254811,775.9912162346562,542.29080,5422908000
1017.0471163812954,763.3754900009243,542.50540,5425054000
1033.6391819096302,746.283179566089,542.73340,5427334000
1059.107452938112,695.5532421645834,542.99980,5429998000
1067.8240637747133,710.2288090271746,543.21600,5432160000
1061.7034100443034,721.6555729468611,543.44820,5434482000
1069.9268065212568,727.2966211935423,543.67490,5436749000
1048.9794384367192,711.502216755521,543.89550,5438955000
1035.6585009960584,714.2413381850457,544.11120,5441112000
1052.582227192657,685.5998512745759,544.34730,5443473000
1041.3066945464993,684.870885386415,544.56630,5445663000
1051.0538990241514,665.3821075737627,544.78550,5447855000
1065.8214919974469,626.7026491112474,545.02780,5450278000
1081.5603311040447,654.9074047701899,545.24080,5452408000
1029.3353352307988,685.5262528101715,545.48290,5454829000
1056.018540315457,703.3732733267161,545.70560,5457056000
1013.6148894586356,738.5262354041568,545.92410,5459241000
1007.7704043540034,722.904730026524,546.16640,5461664000
1024.0617986748996,748.3597282127781,546.38830,5463883000
1012.8552907030231,780.3262691288313,546.61490,5466149000
1036.5346263723604,811.9618795984711,546.83070,5468307000
1041.3434376938083,830.5908723923816,547.05950,5470595000
1030.9606883401846,844.3521593854153,547.27890,5472789000
1067.2677165631214,880.3294488307162,547.49810,5474981000
1104.72664425036,838.8906847936466,547.71310,5477131000
1201.4306533678628,783.362268914631,547.94010,5479401000
1218.1330359698904,694.611531188919,548.15600,5481560000
1256.1796639257936,655.9172625539117,548.37340,5483734000
1202.554119426836,697.6405732802975,548.59430,5485943000
1242.686063056061,725.9559957017777,548.80890,5488089000
1147.6561081801174,688.9945888073962,549.03170,5490317000
1144.5523702904277,510.59002115183887,549.25100,5492510000
1118.3666235096487,542.0325483497505,549.47120,5494712000
1145.3708282095718,610.2652057699452,549.69010,5496901000
1152.3312139072361,607.6355377236904,549.90560,5499056000
1133.0840475844634,574.6102390145147,550.12980,5501298000
1123.9006548330094,519.0207373326459,550.35430,5503543000
1168.6377289547465,493.3369703400329,550.57370,5505737000
1147.8409623768716,492.4928755977873,550.79530,5507953000
1148.5239067334264,507.378046658046,551.00600,5510060000
1113.4521777341563,552.0575598285742,551.22700,5512270000
1159.740799814124,491.96588203718505,551.44770,5514477000
1169.0099311397894,480.29869274932827,551.66020,5516602000
1239.11871327829,534.8286195417022,551.86960,5518696000
1249.603765177857,534.3867981992621,552.08970,5520897000
1187.0830096782988,511.7349742593815,552.30600,5523060000
1178.7663662311604,470.9605780161058,552.52650,5525265000
1155.520989954856,463.814348642665,552.74460,5527446000
1116.6170691404855,427.49535920153573,552.97030,5529703000
1193.5709364367715,505.29908965645234,553.19380,5531938000
1191.6419553623596,572.7309578408873,553.41200,5534120000
1180.3582056546993,535.8335795913339,553.63190,5536319000
1092.917520840776,564.3108584333097,553.84450,5538445000
1117.3899320230557,586.6057952222475,554.06040,5540604000
1105.0157778074476,555.3191107678355,554.27470,5542747000
1139.4772806167887,581.3440643037857,554.52260,5545226000
1179.0388898151775,538.2119632628043,554.73760,5547376000
1163.0744356549394,528.0311691666132,554.95300,5549530000
1152.3494333231538,528.1202313074805,555.16530,5551653000
1196.4226315953197,496.2662971850526,555.38040,5553804000
1191.236702177404,495.05882539291025,555.60530,5556053000
1168.8168430136716,444.24634246333966,555.81820,5558182000
1159.1659579923796,455.86702019956255,556.03640,5560364000
1114.2433193952543,468.19349662213745,556.25620,5562562000
1142.6324763442224,470.7654349040613,556.47340,5564734000
1130.4438080337216,516.7699553731935,556.68990,5566899000
1126.0758980281407,529.674816783483,556.90290,5569029000
1132.7145163200632,586.0872500954353,557.12620,5571262000
1118.3616480893434,567.0395346531282,557.35200,5573520000
1152.2055708918488,676.1237880115297,557.57220,5575722000
1299.986338529886,694.4428769564684,557.79180,5577918000
1384.0656317145006,694.3482679961527,558.00560,5580056000
1422.252206209662,730.7649645345118,558.22190,5582219000
1496.3075236928605,730.8118827776419,558.43990,5584399000
1468.5934251360745,660.3874702227882,558.65640,5586564000
1398.702769033793,560.2592570232886,558.87570,5588757000
1283.1104387042747,453.65741149764773,559.10700,5591070000
1274.5644309464703,403.7893832679154,559.32800,5593280000
1316.2954641566355,367.12578122791706,559.54270,5595427000
1120.7756150891828,290.8013361661496,559.79340,5597934000
867.2463776922403,256.7898460587336,560.01340,5600134000
743.8825628472355,268.16334183593773,560.23470,5602347000
585.2735192086321,244.5168585192535,560.46820,5604682000
614.1829114486816,287.3861977094564,560.72050,5607205000
727.8058182245643,253.21924734507445,560.94000,5609400000
807.6103326482028,268.300831883392,561.16290,5611629000
880.9862836821511,289.1445511702289,561.37730,5613773000
963.6170949022285,284.18958695012213,561.60440,5616044000
1077.8881240436867,329.7203069205414,561.87470,5618747000
1092.6853241740348,301.360527589529,562.09730,5620973000
1116.8834741905648,316.0530854535153,562.31740,5623174000
1168.5709987465948,348.4456948898046,562.59870,5625987000
1193.849686529273,354.202040517199,562.81360,5628136000
949.1025169270556,319.20052876085526,563.04560,5630456000
937.0403934707401,302.1181891133529,563.27000,5632700000
889.4534701386185,262.1882762148299,563.54350,5635435000
1065.7565844709895,369.28539684278167,563.77620,5637762000
1233.5073002247818,514.5505005331734,564.00030,5640003000
1341.4689214039402,588.9941000901731,564.22020,5642202000
1372.6442545554805,639.6446113851306,564.44480,5644448000
1433.6096421914356,689.7097368758876,564.67250,5646725000
1526.9414913958758,716.7762916791194,564.88150,5648815000
1538.6064786800016,747.6420255944312,565.10000,5651000000
1585.7818011446375,747.9276072517888,565.31030,5653103000
1617.7793838779853,743.5356357822888,565.53950,5655395000
1677.4351093213093,792.3180664680682,565.75670,5657567000
1638.8884198255137,786.141176169776,565.98480,5659848000
1520.7949317133061,710.086595477529,566.21320,5662132000
1410.0719340313628,703.2163121462944,566.43000,5664300000
1297.7187975403795,616.3034321914237,566.64660,5666466000
1218.7547384216275,516.576640866843,566.86740,5668674000
1165.2374734017872,442.87045405518313,567.09740,5670974000
1132.460478056833,384.46625748615253,567.31740,5673174000
1099.3608461145584,356.9635161698312,567.52300,5675230000
1044.2244065767275,420.6028270541052,567.73370,5677337000
1018.2232288104128,478.6437593453508,567.94580,5679458000
1009.4867231285464,542.0685295749856,568.16270,5681627000
922.316796610366,604.0663684015701,568.38220,5683822000
1024.767389458922,659.7373997362477,568.60220,5686022000
1060.0745510014344,675.2836119857886,568.82080,5688208000
1125.9249068303627,663.8449210880103,569.04200,5690420000
1252.422118708105,686.8469764601068,569.26300,5692630000
1337.840083313622,651.4334847656522,569.47860,5694786000
1380.9812121837124,691.0552272657692,569.69600,5696960000
1354.1012566877441,679.9016710988259,569.90850,5699085000
1326.1030047238964,635.7765049820168,570.12400,5701240000
1320.1360285744322,608.7798960080132,570.34530,5703453000
1237.9701624487357,551.9639975232512,570.56070,5705607000
1207.5973413077647,578.6271680291524,570.77980,5707798000
1154.0144586902675,657.2682451884294,570.99860,5709986000
1151.8452503969943,724.4872284375087,571.21610,5712161000
1073.5236950598778,718.540671845423,571.44430,5714443000
1034.964887026713,670.0572897933558,571.66490,5716649000
974.5380255372285,593.3800288822822,571.87830,5718783000
929.5663603618177,542.9791929801951,572.09780,5720978000
890.4903030598686,491.9332640086031,572.31700,5723170000
777.9017333646638,478.21218886433667,572.53790,5725379000
719.1458765267777,471.96762161547184,572.74830,5727483000
695.1942530136785,438.72659413150126,572.96580,5729658000
792.6618744960465,448.00776036607084,573.17780,5731778000
831.4642297299083,447.64036087731773,573.39310,5733931000
842.085122769314,439.8875439425985,573.61880,5736188000
868.5436151647878,461.45889850758346,573.84140,5738414000
893.9303519378553,486.6673191552347,574.06510,5740651000
885.8664861840739,529.0507775493869,574.28960,5742896000
936.8087874799141,515.6051146364922,574.50490,5745049000
949.8519054471471,505.7667037194657,574.71950,5747195000
1048.1010180331393,462.13326917641064,574.95350,5749535000
1078.131197178771,417.18789306361583,575.16580,5751658000
1046.0234003075736,374.48354362586235,575.38170,5753817000
1111.1816847309042,375.16285910588306,575.60520,5756052000
1097.1595250059888,349.1114041968887,575.83440,5758344000
1133.0099004467029,328.56599155432923,576.06300,5760630000
1188.051459463533,286.4654538491155,576.27820,5762782000
1282.3764986428346,308.2990670945078,576.51850,5765185000
1362.3846400569983,306.1304555174244,576.74130,5767413000
1389.7893759490105,283.36331207314157,576.96230,5769623000
1451.550183609015,281.3564825366041,577.18870,5771887000
1493.3005752506942,244.30486528359472,577.40770,5774077000
1462.1858957335019,268.86505501069024,577.62700,5776270000
1455.002867223232,313.50575476328777,577.84870,5778487000
1428.3278362144183,302.81825229863244,578.09340,5780934000
1499.8561665785362,319.5538832170654,578.33300,5783330000
1563.3650386490297,299.8207011805059,578.55860,5785586000
1516.8146482640634,270.7387155441638,578.77530,5787753000
1490.184890281289,214.93857511573293,578.99590,5789959000
1442.5553588684259,350.96091869138326,579.22860,5792286000
1316.879606514319,366.9005267839301,579.44940,5794494000
1250.7262108161926,367.20341514239834,579.69640,5796964000
1211.973425326647,382.35381676473673,579.91510,5799151000
1265.6742843915272,328.10080653135054,580.16680,5801668000
1305.8357193610855,285.39824641907506,580.38570,5803857000
1301.4724622157541,291.5396207294326,580.62040,5806204000
1311.2155889875219,254.59553974973005,580.83820,5808382000
1375.066922676206,235.24607014978108,581.05510,5810551000
1521.037238470178,245.53021081755023,581.28290,5812829000
1567.390442679598,197.4160612821892,581.51030,5815103000
1433.2733195554993,179.1229058020362,581.73820,5817382000
1330.2128552566762,250.19818072234236,582.01420,5820142000
1170.2371473187422,251.2723046754859,582.25980,5822598000
1228.0669865464033,241.11733811774155,582.49640,5824964000
1172.851292294474,233.14816604053965,582.71850,5827185000
1112.1246273793997,235.30133903050688,582.94650,5829465000
1155.6732778139753,222.0712978523793,583.21060,5832106000
1100.2888776083253,192.52950677974994,583.44380,5834438000
930.764206556314,209.76086968346004,583.66920,5836692000
985.7028125260289,215.62188873161261,583.88230,5838823000
960.66184313875,246.19938059412692,584.10370,5841037000
1093.8780899788976,375.3500544316406,584.32120,5843212000
1225.4222902401227,504.76462175496073,584.53920,5845392000
1335.765413993248,602.9436586181871,584.76360,5847636000
1399.0699224133386,656.2556112430569,584.99450,5849945000
1450.091806993323,703.122571185579,585.21260,5852126000
1453.984607768411,734.1970062775652,585.43810,5854381000
1465.9582401128528,772.541814750179,585.65510,5856551000
1376.7487332279763,831.7451677896013,585.86810,5858681000
1328.8056143478548,804.368179108207,586.07790,5860779000
1374.7395176958985,744.4909891787232,586.29160,5862916000
1381.3441633287473,651.1702836075623,586.51260,5865126000
1370.7886242527559,576.3103068150583,586.73320,5867332000
1367.9305451073726,510.96328661805035,586.96300,5869630000
1365.6572348909044,479.3717396671049,587.17190,5871719000
1354.0790372560332,451.2681222042938,587.38630,5873863000
1242.5752930235226,361.4696287295489,587.62170,5876217000
1203.939674234102,410.43811311650796,587.83840,5878384000
1255.3257149880217,449.77201909525843,588.06230,5880623000
1331.0132268662408,468.0461444602265,588.27810,5882781000
1389.7803432913665,493.8667051181719,588.49650,5884965000
1461.787252529778,529.024854272496,588.71070,5887107000
1526.5876697734425,524.4749004229669,588.93450,5889345000
1531.1220347232002,539.2121678930231,589.16280,5891628000
1602.776874346382,590.1273063863673,589.39860,5893986000
1636.3555259472944,646.211932759358,589.60570,5896057000
1533.1235020387849,656.7069614558521,589.82420,5898242000
1520.8462548463267,671.1452799330999,590.03830,5900383000
1476.4171466089024,691.1657633896284,590.25700,5902570000
1493.2596986908156,698.4446925736902,590.47230,5904723000
1459.951997979854,662.3853036522816,590.71440,5907144000
1468.7876306401722,649.5913690474526,590.93660,5909366000
1495.2096370411014,638.3472319240701,591.15180,5911518000
1492.9353773205146,645.5226706422363,591.38720,5913872000
1443.8153785008858,705.0081808999875,591.59960,5915996000
1416.7302861781743,689.7945087524056,591.80590,5918059000
1436.2033730239064,721.0990772740831,592.03360,5920336000
1443.5351060775365,744.2446487270732,592.25060,5922506000
1424.1016077550692,757.9591700173615,592.47600,5924760000
1425.9467054922297,734.6641367648683,592.69550,5926955000
1407.1655532453403,777.7818241562425,592.90550,5929055000
1377.5351720240492,808.8753682514036,593.12530,5931253000
1373.477136845805,818.9387368311517,593.34230,5933423000
1350.459661709108,818.4082108923891,593.56850,5935685000
1331.9025539698423,748.7707036225144,593.78300,5937830000
1263.1965198568068,638.1835943323728,593.99700,5939970000
1293.5798324309576,599.1297611571118,594.20900,5942090000
1289.0190625442706,575.123652208476,594.42700,5944270000
1304.9232612110816,542.0413025924587,594.63820,5946382000
1241.7648619361707,444.77735603157964,594.85120,5948512000
1240.4836967329145,362.5223533936263,595.06780,5950678000
1275.992891035614,403.6926825063746,595.28950,5952895000
1369.223410688792,434.1343161923434,595.51350,5955135000
1377.9915309059572,446.4715058258546,595.72940,5957294000
1360.6480303577,480.62923461098256,595.94100,5959410000
1396.4849833021215,516.8273212963628,596.15930,5961593000
1359.4089899588462,564.6601852744475,596.37550,5963755000
1393.5688451335843,629.7577073262601,596.59140,5965914000
1402.441399558223,703.7343330331395,596.80660,5968066000
1470.4164343956566,726.9489988336409,597.02430,5970243000
1473.7074627554694,679.8479125658744,597.24360,5972436000
1452.134197375081,678.7286767542138,597.46760,5974676000
1438.964203566482,629.177402702461,597.67930,5976793000
1446.113426980566,564.8725741688986,597.90730,5979073000
1448.6665560234903,532.5001274825562,598.11940,5981194000
1388.9243561260494,417.4219818153244,598.33570,5983357000
1362.3927630250992,401.2628516751881,598.56380,5985638000
1316.253527685558,354.2108625839413,598.78060,5987806000
1265.3368415115203,322.58352697557325,599.00430,5990043000
1290.3118033910011,353.11071812779323,599.21560,5992156000
1287.781036887786,367.1616330799333,599.44490,5994449000
1308.492617553392,396.0297528877007,599.66530,5996653000
1328.9012571359062,439.79133873977247,599.88430,5998843000
1310.8265725517906,479.24235031524483,600.10570,6001057000
1270.5801485017785,488.23465422430775,600.33150,6003315000
1227.720533905023,493.428381548358,600.54830,6005483000
1261.761108446714,549.5118193639375,600.76520,6007652000
1302.8402793087007,622.9587466884609,600.97830,6009783000
1333.6312277328102,655.0924148806799,601.19870,6011987000
1410.0775584267633,657.3738120246445,601.42160,6014216000
1406.509460252997,629.6678384747995,601.63900,6016390000
1387.0977922884838,618.1916151101051,601.85610,6018561000
1368.934076275989,557.9942538545816,602.08120,6020812000
1372.0014282040308,628.2325922981266,602.30000,6023000000
1463.4353710183884,647.4771644461108,602.51730,6025173000
1420.3562545096906,611.9611769477491,602.73320,6027332000
1395.7114452079184,554.0762402327192,602.95470,6029547000
1417.3286030531299,527.9578627501623,603.16840,6031684000
1388.788208648089,551.0938874994999,603.38530,6033853000
1374.6123435462634,502.6024568851721,603.60090,6036009000
1403.3267717813278,532.9744449955324,603.82340,6038234000
1452.0002171303095,531.9513866172667,604.04750,6040475000
1474.4646369600182,501.9796262575822,604.27130,6042713000
1510.7787577212437,417.5083099330294,604.48910,6044891000
1489.8187696190207,347.8730753362007,604.70590,6047059000
1445.6672357793773,295.55140847231723,604.93140,6049314000
1414.348967867427,271.1001104630006,605.15550,6051555000
1429.4040286865238,306.10308585264556,605.37240,6053724000
1452.5093033034004,426.086839377509,605.61530,6056153000
1421.1659002174285,491.58384847742803,605.85630,6058563000
1399.1476968050151,563.3557100904395,606.09300,6060930000
1350.5683814988272,637.5407534603852,606.30710,6063071000
1312.7247654518562,599.4194643943069,606.53980,6065398000
1337.349881016533,496.8455095744775,606.76500,6067650000
1363.4367202627855,440.8483156443411,606.98410,6069841000
1282.5144644254879,378.0708920856769,607.20320,6072032000
1322.8070099100846,333.2473507837588,607.42420,6074242000
1365.628520998066,436.5146862068561,607.63600,6076360000
1375.887696584705,555.1732848687856,607.85320,6078532000
1390.07221211396,627.4939506783288,608.07800,6080780000
1394.0767728979954,619.9047964995179,608.30250,6083025000
1386.862492934305,611.2225248132881,608.52390,6085239000
1416.9549035824068,640.6303954507298,608.73860,6087386000
1407.7562565524433,701.5904033875207,608.95460,6089546000
1340.6042100828292,605.1419667892227,609.16910,6091691000
1319.1952839695975,498.20895614812827,609.38970,6093897000
1371.1144476296424,461.090589734673,609.60920,6096092000
1385.1119281553538,373.4721702733988,609.83480,6098348000
1408.76484900456,395.4268884838341,610.05090,6100509000
1425.997225184817,447.10722193414796,610.25990,6102599000
1380.8772611520023,448.9124419060684,610.49330,6104933000
1369.9719855238761,533.8022226768378,610.70540,6107054000
1317.8495163673767,477.41445125094316,610.92310,6109231000
1057.3387734532323,386.01266077053725,611.14060,6111406000
928.5807061391865,365.641055677066,611.36460,6113646000
859.5339792438893,391.19128583339113,611.58410,6115841000
926.8938762007947,331.2723815698801,611.82380,6118238000
1054.614511700172,258.4444608210585,612.06020,6120602000
1207.1262195795264,215.26725700186992,612.28340,6122834000
1247.5011986214824,143.5273452747865,612.50540,6125054000
1397.768565068716,124.48265758606904,612.74530,6127453000
1436.5186922720663,294.64980797106756,613.00520,6130052000
1444.3820847793968,347.17193102172604,613.25000,6132500000
1487.9498426403995,382.6221794611197,613.45910,6134591000
1535.8988724778171,404.73072034730416,613.67200,6136720000
1557.5251165300742,378.6234897615021,613.91100,6139110000
1571.702598230836,390.37718120939536,614.12910,6141291000
1516.1797942087132,376.8639689625588,614.36120,6143612000
1475.79773543974,409.83322796240964,614.57550,6145755000
1436.3918083921296,457.54339995926654,614.80760,6148076000
1422.086374114835,453.4359942153459,615.04490,6150449000
1393.2889973371043,441.7822347946408,615.26320,6152632000
1382.2738574276145,571.1185148493452,615.51410,6155141000
1357.7930978240227,651.3640343209443,615.77470,6157747000
1356.7729028875078,725.2539781235282,615.99790,6159979000
1409.769396031116,790.475628946456,616.21420,6162142000
1367.7416419499864,862.582368181574,616.43170,6164317000
1341.2711647329488,912.9051035876689,616.65090,6166509000
1330.5942068970128,936.9109259690135,616.88940,6168894000
1292.3517991910358,807.6517154272631,617.12300,6171230000
1334.8835250586856,670.4905541282695,617.38900,6173890000
1243.2177414054295,604.9401271860362,617.59890,6175989000
1137.296357869869,468.1124137787947,617.81050,6178105000
999.5285836337738,413.3139299232071,618.03000,6180300000
1007.3484301467957,396.560600705177,618.25420,6182542000
1047.8187776582304,373.78680162214937,618.48020,6184802000
1034.2367047878936,343.21291440065227,618.70200,6187020000
1067.5823347448772,337.50197668396123,618.91900,6189190000
1087.9861535247267,365.2107114822935,619.13640,6191364000
1103.4683566611334,390.53314142736514,619.35190,6193519000
1121.2151998249894,406.0871612494178,619.59920,6195992000
1097.2609689024987,429.5965546081437,619.84930,6198493000
1092.1458968555055,430.3433301600434,620.09340,6200934000
1126.9564807556542,376.91754391072743,620.31030,6203103000
1122.1444179232428,377.8742681384922,620.57940,6205794000
1169.5913215655296,439.52747133042317,620.79930,6207993000
775.5208865406004,397.11862972129177,621.01380,6210138000
496.31580296196586,306.67306934825945,621.22650,6212265000
653.9319559777055,436.5616613709693,621.44550,6214455000
741.4931456272882,559.9522899802729,621.66530,6216653000
863.7522718885475,641.2954295494427,621.88280,6218828000
1003.2177883952897,722.311283820013,622.13190,6221319000
1079.094800151878,797.866795788228,622.33970,6223397000
1162.5627096467201,855.3793977796286,622.55590,6225559000
1202.2531268016774,921.7992990712559,622.82380,6228238000
1286.9597071895155,960.2381753874686,623.06050,6230605000
1326.3359434545023,1009.3635325682432,623.28680,6232868000
1373.959934443531,1022.481954708302,623.50210,6235021000
1415.29107589042,1013.8688234354233,623.74020,6237402000
1346.480001729338,873.7841172059408,623.96380,6239638000
1198.193275855912,748.4374753862411,624.18540,6241854000
1058.820096538485,589.6399054862447,624.40730,6244073000
955.0917749116688,457.54069089112954,624.64950,6246495000
774.0845506975086,321.05039747138204,624.91100,6249110000
605.457609362532,226.71885388323864,625.14970,6251497000
394.6156946657791,153.48088746405745,625.37450,6253745000
331.42551525123065,108.40228875568187,625.59330,6255933000
397.12294449710134,106.21035293365989,625.80730,6258073000
372.42275737498454,87.48038647769398,626.03260,6260326000
332.8966790235977,79.8095452069035,626.24680,6262468000
260.1766818100145,81.97135573479545,626.46490,6264649000
221.4494259114005,60.113371368695425,626.68550,6266855000
302.7086068885541,80.66801484309694,626.91790,6269179000
446.0986067171065,112.95215413500762,627.16120,6271612000
588.6813949494376,159.51547015454014,627.38170,6273817000
690.1268655942614,165.93414543153227,627.60000,6276000000
790.9535320343942,197.60865662869034,627.81700,6278170000
794.7778214370994,207.59480638130677,628.03730,6280373000
796.0418447970636,227.30771110770448,628.28160,6282816000
882.877202896107,231.83091056658512,628.52210,6285221000
866.0735350047077,206.12533412899757,628.73810,6287381000
877.9612981123968,239.5215280532955,628.96460,6289646000
945.7794875958944,312.9384940081504,629.18230,6291823000
978.7307640220469,309.8837924900012,629.40620,6294062000
1003.0684903802845,349.0188551995687,629.62540,6296254000
1115.8743598361075,299.48605590007605,629.85000,6298500000
1096.7414737254455,316.77024191533445,630.07400,6300740000
1049.66077815664,316.3338478376341,630.29540,6302954000
1096.0957692787536,337.0322622940614,630.52360,6305236000
1124.2096941570592,339.98627022181915,630.73820,6307382000
1152.8246502480742,337.8297446047958,630.96390,6309639000
1101.7364697515493,294.78914815366386,631.18490,6311849000
1039.384865936214,237.32017866472776,631.40640,6314064000
1044.410288600132,246.6812548174852,631.62500,6316250000
1029.2359324413671,238.43153900613652,631.84530,6318453000
1073.8043733260936,254.67383088728,632.06110,6320611000
1043.319746173869,247.00742523703633,632.27810,6322781000
1029.9480041768395,268.61463165914364,632.49290,6324929000
1031.238061222807,283.5096313655068,632.70850,6327085000
1036.868190325617,282.5804714917028,632.92710,6329271000
1084.3651672113538,331.0207253254595,633.14920,6331492000
1186.716848482592,336.157126954486,633.37680,6333768000
955.6612245136487,317.82334064498053,633.62530,6336253000
767.0015854827502,305.77184854530344,633.87000,6338700000
577.3118928296669,275.692705809467,634.08880,6340888000
707.6610441255332,441.5150217669842,634.30620,6343062000
837.4837879234317,368.2062076346584,634.52960,6345296000
1041.0271283612094,393.9324518587755,634.76220,6347622000
1076.7422738235634,373.29529086632897,634.98440,6349844000
1220.8326450376549,327.86389281566335,635.19960,6351996000
1368.6181573581111,308.73460317807553,635.42350,6354235000
1430.622049007806,234.57717082258335,635.65120,6356512000
1483.8758081476283,242.96557681522353,635.87380,6358738000
1505.5502201936833,238.42762486979697,636.09090,6360909000
1511.2060314269884,241.61107391270446,636.31420,6363142000
1574.526520010933,234.7520235055361,636.54400,6365440000
1591.6058887633963,165.47182125289098,636.77470,6367747000
1595.5084993894013,164.80655497348727,636.98860,6369886000
1589.5208992219034,297.0490637290711,637.22720,6372272000
1528.1609460334203,424.21238783460643,637.44740,6374474000
1493.7493340180772,388.31695708828215,637.66790,6376679000
1495.0613446036023,328.25109689177543,637.87930,6378793000
1524.2072409495859,364.3619547657988,638.10170,6381017000
1466.1742863355194,273.61703773725236,638.30800,6383080000
1280.54384848939,278.12699324099424,638.54610,6385461000
1037.3459702248601,283.1243581824979,638.80470,6388047000
946.4927825798178,248.3186216832103,639.03060,6390306000
827.3091666646901,223.75392257808045,639.24410,6392441000
776.9512329586498,157.66195569751252,639.50120,6395012000
678.7122351793467,103.40452813042626,639.72350,6397235000
670.773245393861,142.33563285276554,639.93710,6399371000
766.514395208034,216.85436977018458,640.16140,6401614000
750.8846343467981,236.5446235445272,640.37130,6403713000
936.2462585221065,258.6327228492805,640.58540,6405854000
1000.7543504834364,255.1887785887182,640.80630,6408063000
1070.7977969381107,256.13687539328794,641.02110,6410211000
995.4885420824935,277.71418219005903,641.23340,6412334000
825.9220269580695,228.93651476867615,641.44680,6414468000
708.9185283995582,231.539838968575,641.68510,6416851000
633.4999268730699,260.6913727343858,641.90320,6419032000
522.2614115447227,243.75763781283894,642.11790,6421179000
526.7385370305695,262.5074056944889,642.33570,6423357000
604.825068016595,242.31206480434565,642.60150,6426015000
804.7020162628282,230.31010483075823,642.81910,6428191000
961.5587581555365,206.2973186076684,643.04240,6430424000
1001.858049939426,202.89039475217433,643.26400,6432640000
1010.177199604927,240.66144414277653,643.49060,6434906000
1041.66128742562,191.4354720052009,643.75510,6437551000
1119.6747494949504,180.07005312065712,644.01510,6440151000
1246.3518329618469,145.734156917204,644.28730,6442873000
1176.9655210513044,306.3101493043861,644.55680,6445568000
1141.9594921019589,296.97872444250885,644.77970,6447797000
1190.2850415251269,302.05204379467375,645.00510,6450051000
1117.166516825977,311.4031482040457,645.23070,6452307000
1070.965071838611,283.6636845688871,645.44830,6454483000
1068.6882602033763,233.5694774405912,645.66740,6456674000
1091.6302130508025,243.3685354447307,645.88580,6458858000
1172.9894708017364,192.1986531726674,646.12370,6461237000
1252.3468431415488,166.7017862295857,646.34950,6463495000
1229.7734490060934,170.930826630772,646.57400,6465740000
1252.1808298730923,277.9125706866025,646.80520,6468052000
1263.656149737799,391.3591036617472,647.02620,6470262000
1260.538986490387,470.6434813443876,647.24180,6472418000
1282.835768450936,592.9141442889938,647.46450,6474645000
1265.064355098607,659.1895167853502,647.67790,6476779000
1240.848140346813,693.8816886018474,647.90220,6479022000
1129.0183757295604,685.9430994431119,648.12390,6481239000
1000.3605504675162,654.311865833866,648.33530,6483353000
910.1592837429936,637.4945734517812,648.54710,6485471000
856.9750458099167,628.1789400050982,648.76370,6487637000
798.0670634173939,589.0959924611027,648.98080,6489808000
788.4490621438047,549.3047847575546,649.19880,6491988000
780.9873507559548,549.113312017523,649.42480,6494248000
936.0026672495799,437.35309225879934,649.64420,6496442000
1154.5380790774611,382.83334361461806,649.86940,6498694000
1046.461620781926,410.02211793515056,650.09190,6500919000
950.3476268614246,421.4697877893155,650.30680,6503068000
876.3998600207855,433.8824469493676,650.52160,6505216000
803.4260360497792,412.1262190771071,650.74030,6507403000
686.0732592194486,400.71564065562603,650.95380,6509538000
720.1093865028456,387.35390684955235,651.17090,6511709000
705.8821586693547,418.69343959047336,651.39260,6513926000
702.2427356656224,435.7490435096912,651.61250,6516125000
629.624158985048,393.89441212390835,651.83740,6518374000
847.3846146224319,430.3757475449569,652.05540,6520554000
993.2576531328984,463.2158562666631,652.27970,6522797000
1076.695460952521,461.34099462102427,652.49980,6524998000
1162.8110963757722,514.4542025777239,652.72010,6527201000
1200.7986860253975,520.7231439767704,652.96290,6529629000
1243.0965398560368,536.8468616525831,653.17390,6531739000
1206.715408273926,529.2378402533996,653.40580,6534058000
1214.4362033429247,538.5225318093524,653.63740,6536374000
1224.3477002881896,591.0157672478231,653.86770,6538677000
1199.3490175871425,604.847216915745,654.10050,6541005000
1165.1233315632705,615.95303839191,654.32200,6543220000
1135.935788418991,624.2415209472476,654.56960,6545696000
1112.948908766769,640.1464089759539,654.79510,6547951000
1136.1926996115383,694.5598828588267,655.01230,6550123000
1095.2802285927467,725.9194960806527,655.23050,6552305000
1107.2607656768018,750.0811971915043,655.44950,6554495000
1125.4292746136261,780.4944999731656,655.67390,6556739000
1068.2454650220745,781.3709611460985,655.91020,6559102000
1102.6683352308119,750.7165218343575,656.12330,6561233000
1201.5661229103828,718.7646698060405,656.34990,6563499000
1215.591193457005,710.1218435399271,656.56470,6565647000
1212.050598975436,654.2549731016542,656.78110,6567811000
1261.8921062961435,638.5734358395373,656.99160,6569916000
1234.1393824871125,601.7848796527805,657.23800,6572380000
1001.8474339064762,543.0377373556375,657.45790,6574579000
967.57391536246,485.49485852343383,657.67420,6576742000
954.4623283663303,463.53684912240055,657.92840,6579284000
829.9207579062384,440.03155343603254,658.17740,6581774000
802.5197863285476,411.2402673855719,658.39090,6583909000
786.091741552507,303.6133904651816,658.61210,6586121000
755.740586451187,251.53815948910014,658.83790,6588379000
767.6213579668353,205.16466678713374,659.08100,6590810000
741.2540729667558,157.60591600058765,659.30710,6593071000
776.3357366519997,182.1763133200908,659.53480,6595348000
799.2521418439396,149.35541871342798,659.77100,6597710000
807.3704992827976,205.86510892565963,659.99860,6599986000
766.8877252847025,279.7054931933095,660.21600,6602160000
794.4200852241361,352.911460164267,660.45000,6604500000
799.1743692198647,371.6706361037572,660.66820,6606682000
785.7040992685908,422.65788162920865,660.91570,6609157000
792.6569169368905,431.4897130666193,661.14400,6611440000
754.03098270347,467.637481863601,661.36430,6613643000
756.5180755437118,504.0847602492552,661.58560,6615856000
750.2987088632768,501.94457663557296,661.82520,6618252000
659.0002593901896,517.1979617490043,662.03910,6620391000
576.2238628898131,532.7024700496235,662.29730,6622973000
520.9525104772334,502.3877910831825,662.51880,6625188000
492.47555549897055,492.8194320950932,662.74930,6627493000
480.6643969990384,466.8718334757598,663.00670,6630067000
521.6686824819731,425.75337635195706,663.27750,6632775000
749.0694372499973,291.9399845559818,663.54390,6635439000
940.3081344391401,221.38638394390472,663.75960,6637596000
1150.0279941929748,178.5258455309998,664.02680,6640268000
1199.2682654556604,111.0460467605912,664.25320,6642532000
1062.1822258529046,147.15341999329604,664.50740,6645074000
935.8629816595846,148.88818133556177,664.73300,6647330000
836.2755495862314,214.36589901334008,664.96080,6649608000
799.5808606088697,217.07453564423864,665.18260,6651826000
789.4336915378443,185.87093488248507,665.40020,6654002000
784.0585613422621,183.21575725878247,665.61260,6656126000
643.2364006313773,174.86981604272898,665.82970,6658297000
561.7626083379091,222.26411787526186,666.04200,6660420000
625.0888519790419,213.8965366097301,666.26260,6662626000
624.7282653862464,266.5644067269239,666.47660,6664766000
614.3275821911087,297.43525834473314,666.69810,6666981000
596.5947367633386,346.53884938896886,666.92230,6669223000
649.1728149497485,281.169452136602,667.14100,6671410000
703.6821477309499,228.01384779722275,667.36570,6673657000
720.9572805756662,261.99344427275145,667.58650,6675865000
895.2922078801814,211.08957744763353,667.80510,6678051000
1097.672649011748,142.59285430890378,668.03360,6680336000
1266.0581501697452,105.03469668488886,668.25260,6682526000
1272.8164663234863,201.0792834573462,668.47620,6684762000
1115.681839856913,306.1036022210142,668.70610,6687061000
989.9526361553934,338.0255946963657,668.91520,6689152000
854.3455040245123,393.14849492686176,669.13450,6691345000
742.5509743173593,417.9658428923625,669.34910,6693491000
678.2655852215,433.1245437164184,669.56840,6695684000
571.9878759886427,429.567441750711,669.78940,6697894000
509.11543235893487,454.7268721480613,670.01040,6700104000
511.3046052001053,470.70246011772315,670.22970,6702297000
450.7891445017518,494.97650356823476,670.45080,6704508000
384.5333178329823,513.79417742845,670.70030,6707003000
412.403477567889,522.1194035754913,670.91880,6709188000
348.9760991889883,491.6992631675142,671.13430,6711343000
314.2390315892778,448.9442670489474,671.35140,6713514000
313.25743260711783,427.401919114772,671.56300,6715630000
278.8525965541437,399.92771672691435,671.77610,6717761000
253.0776321379368,361.01065670324164,671.99540,6719954000
272.0826691516668,357.8270023588919,672.21950,6722195000
269.0869289176174,335.59972616528046,672.46310,6724631000
272.9536067073755,359.61558274592227,672.67980,6726798000
272.080910962496,318.47043292364737,672.94060,6729406000
309.9378826226526,306.39846909977905,673.16690,6731669000
326.7822803949023,294.7737338887,673.39470,6733947000
294.5096222185478,304.21995921578946,673.61260,6736126000
273.9962423196665,313.26177527267924,673.83640,6738364000
269.4645253555729,329.19710401748006,674.05130,6740513000
276.3788455913544,328.191417858229,674.27640,6742764000
566.9634640082625,248.82022992833868,674.49290,6744929000
807.6419005011285,185.7772805485576,674.71400,6747140000
1028.3482336087943,150.22291035460793,674.94020,6749402000
1087.8449421114738,132.06377346451336,675.16420,6751642000
1110.8557281216408,131.81220418776994,675.38440,6753844000
1030.6421812695369,182.81193579437985,675.60720,6756072000
987.0392852046563,220.72845902277993,675.83230,6758323000
875.6767473691241,306.53096074072846,676.05270,6760527000
748.6643131992411,338.030541410137,676.27300,6762730000
935.9553895273831,310.3736298757435,676.49150,6764915000
1093.4341562252055,206.70616193789934,676.71660,6767166000
1249.786466028574,112.9476743670502,676.95720,6769572000
1297.1776963114992,64.05517225168725,677.17590,6771759000
1221.5123498617397,77.77392812362686,677.38460,6773846000
1160.0314695428058,115.34230178535549,677.60550,6776055000
918.4233337113978,166.2355518282745,677.82130,6778213000
879.5029102740103,343.43048828726137,678.04690,6780469000
726.065543136674,377.25482814419667,678.27340,6782734000
737.905746593375,391.38985137891814,678.50160,6785016000
799.8493677442268,373.4649252817216,678.71340,6787134000
825.7688512033781,277.9859789652923,678.94640,6789464000
863.9614333133441,286.6406658370753,679.16530,6791653000
866.3010157076588,308.7951400319472,679.38360,6793836000
746.2417549009273,404.84981436296243,679.59870,6795987000
774.8563982228428,415.2503616781449,679.81960,6798196000
725.5958740785235,463.0587433147258,680.03490,6800349000
712.6828350360724,517.686218812877,680.25300,6802530000
674.7445457578167,586.7610407124789,680.47940,6804794000
647.8891833922181,621.2435061340518,680.69850,6806985000
695.4420848214356,553.373902518985,680.90900,6809090000
778.8673308666756,530.3914290868299,681.12990,6811299000
905.746148870426,554.8749620217322,681.35000,6813500000
952.8006789200097,529.3256759537505,681.56870,6815687000
1058.672259111698,530.9151284499156,681.78670,6817867000
1101.5727797592383,486.88504700859886,682.00040,6820004000
1041.950911203942,451.03170825807433,682.20780,6822078000
1073.0652009796381,446.2863805542164,682.42970,6824297000
1009.9725891393084,387.70593147048305,682.64290,6826429000
1042.813743607748,358.7167728212377,682.86660,6828666000
1055.573374178881,365.7203815364439,683.08300,6830830000
933.3859005292057,423.46795713110055,683.32840,6833284000
1004.3076547868683,461.14533895607497,683.54660,6835466000
930.2443148450428,402.31391100237363,683.76220,6837622000
874.0061192900154,379.8574276394567,683.98130,6839813000
783.2297313056501,319.5054217057328,684.19860,6841986000
762.6045933484431,291.61148770306147,684.41240,6844124000
860.7522385227237,381.1814713680297,684.63190,6846319000
909.5477239320768,365.6122333442573,684.84060,6848406000
904.3607310299282,329.5159870752079,685.06120,6850612000
971.1756715852962,335.61998431246144,685.27210,6852721000
989.6561348847563,349.6182222889673,685.50790,6855079000
1041.0491290041416,391.0168876482001,685.72270,6857227000
966.3968355795721,359.0481223195691,685.93790,6859379000
943.5844274000731,335.6688193034493,686.15590,6861559000
892.8632514907724,316.78917506008753,686.37120,6863712000
855.5129957024939,316.23189990359276,686.58780,6865878000
745.063555921237,305.5718081569648,686.79760,6867976000
663.7949639053066,272.3394695522944,687.02040,6870204000
635.952813277295,266.3201673923108,687.23480,6872348000
625.1305579858583,259.2777346609159,687.44920,6874492000
604.5712591064954,251.54519363059669,687.66680,6876668000
647.5759633145199,232.18115276196937,687.88940,6878894000
628.4991027733691,219.1238209893436,688.10580,6881058000
664.567593093705,233.05833882573532,688.32560,6883256000
709.5781741557187,218.41446931598225,688.54590,6885459000
732.7411278031075,182.97708862217115,688.76560,6887656000
762.0484637714072,215.04737920549243,688.98530,6889853000
767.6291031160104,185.35093900588612,689.20120,6892012000
779.2746420459027,212.84107052961954,689.41610,6894161000
752.1155052119791,202.19311966514175,689.63030,6896303000
769.869769145667,195.66514509721316,689.84320,6898432000
720.642948928853,184.37938437397335,690.06040,6900604000
718.1120408408378,182.425218535367,690.27780,6902778000
767.1725630888118,209.4459865226704,690.50400,6905040000
865.3006256559254,258.67248069872494,690.72780,6907278000
813.7094778049848,239.07101828063352,690.94770,6909477000
799.9775823123026,210.63195733275626,691.16580,6911658000
858.0890900152926,225.6440728633046,691.38640,6913864000
881.8466294768288,245.93233081471988,691.60470,6916047000
926.7935472819048,294.5003004191851,691.81830,6918183000
998.7263812357502,322.5457458717921,692.05050,6920505000
995.9812453523,313.0186353337251,692.26660,6922666000
908.7057537677297,281.98618555776824,692.48290,6924829000
898.999893047933,273.1010505212569,692.70130,6927013000
852.4018444198388,267.76748609880485,692.95270,6929527000
905.0466877919573,229.8071470181214,693.17260,6931726000
918.5835520431024,209.50906861117082,693.39340,6933934000
874.0987888723083,216.655869021404,693.61120,6936112000
889.2789510244477,219.9065947468799,693.83240,6938324000
1048.4207654498628,253.3599619095276,694.05820,6940582000
1151.9414438727558,272.8224039001189,694.27640,6942764000
1234.0282076857309,227.67399440847447,694.49600,6944960000
1169.8863106179379,151.11777374862044,694.70760,6947076000
987.2148814354125,153.65328903950746,694.92560,6949256000
945.088541366901,197.4458447058741,695.14060,6951406000
862.4106565512423,237.81356571925113,695.35270,6953527000
810.2825216525555,304.95234580039227,695.57070,6955707000
946.5741242377599,310.88007302305186,695.78770,6957877000
987.8528538212977,334.09792936411367,696.00870,6960087000
995.8701188210161,336.79985402520504,696.22890,6962289000
960.4967607750951,326.05795108472256,696.44790,6964479000
954.1445942537534,323.4404569605511,696.67130,6966713000
915.3141087261864,348.2666733775164,696.89070,6968907000
904.4576699777788,364.6800421477917,697.09980,6970998000
876.1369663946442,395.3607098191426,697.31410,6973141000
845.0725893912869,394.6070418593428,697.53140,6975314000
870.3898150667476,415.21144114437004,697.74050,6977405000
922.5163310082276,394.5417783859003,697.95540,6979554000
948.8728431686507,398.56684296211836,698.16810,6981681000
913.3086129200442,398.7641051961164,698.39320,6983932000
886.4479571785814,336.0972530678415,698.62010,6986201000
892.0125545322433,348.8795143886748,698.84220,6988422000
884.484653279469,350.8013387896605,699.09020,6990902000
857.7954388186549,293.73592465979857,699.31450,6993145000
869.0640632865703,278.5937109766987,699.54510,6995451000
861.4222886222068,280.40636136062193,699.75640,6997564000
893.9205547312312,286.2563690919912,699.99290,6999929000
923.949523580738,334.0663104820736,700.24380,7002438000
925.3318435885577,328.5753496339697,700.47630,7004763000
1008.1249961655366,397.5129107574824,700.69730,7006973000
974.8827621670888,381.18281186151484,700.94290,7009429000
840.6297621892468,429.6672544736768,701.16810,7011681000
716.8801902976315,437.9199602768701,701.42770,7014277000
734.8214968484133,467.80158164499835,701.64460,7016446000
788.4563644227187,416.9585194457118,701.90050,7019005000
854.3540294604488,378.5954519228685,702.12350,7021235000
861.0777110814347,324.47604105285666,702.33970,7023397000
806.515228070151,359.24827130277004,702.55520,7025552000
741.6298642588589,368.4024365688271,702.78070,7027807000
764.4508370351759,381.46509800175846,703.03210,7030321000
810.2034007590861,411.7818433678503,703.25000,7032500000
925.3111601025782,402.3511225150779,703.49710,7034971000
970.4504378385577,386.3818172885388,703.75060,7037506000
1038.6765479473918,367.98742362674375,703.97230,7039723000
906.1884344153482,363.5615029842272,704.19440,7041944000
879.4412610373091,379.9647529817734,704.43220,7044322000
829.3503905150525,408.08793325947374,704.64720,7046472000
828.7625826674845,546.6142624753275,704.86450,7048645000
711.4330561454035,592.6916487007323,705.08330,7050833000
673.7522891410249,606.0676521084986,705.31980,7053198000
643.089064134172,638.9174436662455,705.53770,7055377000
747.1315112243844,741.4365434479444,705.75470,7057547000
918.9127774408302,669.8606565667266,705.97770,7059777000
998.1875330767078,573.068385842393,706.20440,7062044000
1037.676116140054,454.868009771414,706.42950,7064295000
907.0299234620556,437.4659302654355,706.66060,7066606000
836.5130238127776,454.94453146253977,706.87970,7068797000
772.4687028678709,489.55610343652927,707.11040,7071104000
710.7766183217723,490.5452049615723,707.32820,7073282000
702.8521203624283,486.2728009446076,707.53680,7075368000
710.8147411259499,477.45299752822916,707.75760,7077576000
724.4635124994506,501.1732058590903,707.97610,7079761000
649.0463273649495,523.0783694823334,708.20150,7082015000
564.429430750367,509.73426720007575,708.42230,7084223000
427.0208573271706,510.8154014874958,708.64640,7086464000
437.6640131859187,587.2598360556533,708.87370,7088737000
405.59026111410435,615.7483473521396,709.09890,7090989000
353.5097933080125,634.9099614272388,709.33060,7093306000
332.21966506045743,641.6838480926139,709.54590,7095459000
396.2470736135867,596.763681129019,709.76470,7097647000
491.4045708409528,603.3165055150561,709.98590,7099859000
518.1472252991189,570.6116617596405,710.20200,7102020000
615.6235575967459,516.2906215173548,710.42020,7104202000
622.7439740808634,490.5657252591361,710.64090,7106409000
592.7735726580611,486.39939032414577,710.86290,7108629000
443.7375075136144,447.19690124200355,711.07910,7110791000
514.0658287363516,478.8582650479222,711.30090,7113009000
578.7959900488038,468.9171638272187,711.52810,7115281000
631.0218752332363,484.8591430276081,711.74720,7117472000
689.5298287616497,502.95386549549244,711.96450,7119645000
699.4854316938479,486.0956369533301,712.18820,7121882000
556.7048002473003,481.8079712857701,712.40460,7124046000
451.5137920685255,492.9261671390916,712.62490,7126249000
413.4716783561039,530.2436044043548,712.83270,7128327000
411.43019932116607,515.2554154543103,713.04370,7130437000
436.62453467536716,498.85936272139674,713.26250,7132625000
432.0066929123307,501.48936185209465,713.47550,7134755000
400.2350323674076,516.9339141674282,713.70380,7137038000
460.919808755571,518.3446436836507,713.92320,7139232000
533.5345926351591,579.2682135482735,714.14090,7141409000
618.4143299738247,558.0946421130599,714.36760,7143676000
674.4826549195268,615.8395884462494,714.58200,7145820000
663.9300504958148,579.4645959051393,714.80050,7148005000
691.9215767045861,571.8672122536597,715.03080,7150308000
621.6356672951584,596.6484583253127,715.23630,7152363000
671.02996991362,600.505965033717,715.45510,7154551000
675.308216013629,558.4836105207223,715.67080,7156708000
608.3282676247836,482.7517268618316,715.88930,7158893000
628.8071808000819,495.3960485484324,716.11000,7161100000
640.1732496613489,503.30202451198477,716.33960,7163396000
640.0470636147578,511.99686267671393,716.56320,7165632000
635.2491829367008,522.3966574993348,716.77920,7167792000
583.3734721982547,524.0540930062126,717.00030,7170003000
545.5394790128992,565.1529838925329,717.21630,7172163000
566.8880125283108,576.6501207246699,717.43390,7174339000
613.701779055194,588.4430494032591,717.64260,7176426000
516.9960229950243,552.487352521253,717.85750,7178575000
527.1943666191872,564.5738652147727,718.10730,7181073000
503.52927932013665,505.16293398422476,718.32200,7183220000
457.493839366509,348.9230101201978,718.53360,7185336000
518.313967394888,302.4772100972225,718.74530,7187453000
546.4956317416261,227.5703130277728,718.95900,7189590000
599.0120219883767,224.2845795375885,719.17400,7191740000
667.7275624808208,218.7442416707278,719.38450,7193845000
691.7455258433189,190.27420932298207,719.63370,7196337000
810.2199760505866,202.82492254945618,719.85210,7198521000
918.577899586053,196.05842169257588,720.06780,7200678000
1043.0732843967724,248.59180898765692,720.28230,7202823000
1062.5025835069007,263.0627335316236,720.49740,7204974000
1167.1485606529634,280.8485256742354,720.71320,7207132000
1216.6219378076914,320.15648458369026,720.93120,7209312000
1251.0051702635044,349.61977613330146,721.14780,7211478000
1311.46201105352,323.16411661707554,721.36760,7213676000
1270.9445075562298,339.8258206325902,721.58510,7215851000
1238.7079740949987,352.37068382597187,721.80800,7218080000
1235.2839015805694,380.5485900096638,722.02400,7220240000
1271.458540620204,434.4487404892484,722.24060,7222406000
1247.109752537115,476.8622624523207,722.46030,7224603000
1028.7372988570164,528.910762347316,722.69960,7226996000
899.6411844166151,549.1840267024822,722.92260,7229226000
901.7481623931056,587.9692758879049,723.13840,7231384000
879.3515308041825,583.4199618751289,723.35080,7233508000
876.602479204705,606.4334020547251,723.56770,7235677000
884.9530771107572,589.5405328540036,723.78050,7237805000
933.7238301880989,608.0605981455919,724.01000,7240100000
992.4910182559145,600.0234812576942,724.22780,7242278000
1044.9981280044346,590.0456330815598,724.46690,7244669000
1007.8113467939364,559.7262514429539,724.68770,7246877000
1009.9824692542132,488.9441348058163,724.91620,7249162000
1000.5935352215333,486.5097077884767,725.14310,7251431000
1009.1206388857496,486.1115447659344,725.36300,7253630000
1018.4165690936626,477.4057765489385,725.58110,7255811000
994.9894818883355,490.05278083397286,725.80420,7258042000
973.9762599164571,569.576711621504,726.02550,7260255000
943.9430893604798,532.3640486180669,726.23830,7262383000
1018.8589279171124,565.4175128033988,726.46290,7264629000
1148.6169693601692,551.1532306436429,726.67820,7266782000
1219.422376030483,478.8659482279526,726.89510,7268951000
1315.2023128677158,467.79688891769274,727.11530,7271153000
1380.1122839433585,526.0164919493623,727.33790,7273379000
1379.203731076838,611.520227648934,727.56350,7275635000
1341.5608453154757,693.9634417524901,727.77610,7277761000
1309.0494243725382,753.8031462576678,727.99660,7279966000
1264.8958810576428,773.1228010328919,728.21790,7282179000
1181.4760174050575,785.145220625678,728.43240,7284324000
1103.9267446834026,793.5008020099663,728.65410,7286541000
1054.3747416501503,801.6335256933008,728.87850,7288785000
1026.4318405453257,811.7059771190488,729.09890,7290989000
1011.9163431633966,813.9993269431278,729.32230,7293223000
1017.2949502626868,844.6737986451387,729.53950,7295395000
964.8543657371043,791.930997154606,729.75710,7297571000
938.1862631198549,798.381396552908,729.98550,7299855000
880.6276773999646,817.1031353518797,730.20820,7302082000
825.9287804887216,819.0631203423064,730.42860,7304286000
778.9518234949788,748.2240032170281,730.64610,7306461000
693.4423513879377,703.3053038089516,730.86490,7308649000
590.8651705270834,707.6714180284254,731.08520,7310852000
572.5258236896525,652.0343464632026,731.30650,7313065000
480.5089479446641,585.1924544422618,731.52900,7315290000
414.8104359239945,551.5123405755384,731.73900,7317390000
396.0727598635569,561.032698063099,731.95550,7319555000
284.506979742691,616.6200463325129,732.17040,7321704000
224.5379993530932,653.4735204315704,732.38460,7323846000
175.19109579294135,702.4466145484496,732.60800,7326080000
164.98747938981222,703.3830485765556,732.82610,7328261000
198.6222958570316,677.815520196787,733.04180,7330418000
173.18841001890144,655.7210020709125,733.26440,7332644000
256.2939002322804,647.5748846253,733.48490,7334849000
283.84284813650663,624.4547716082003,733.70460,7337046000
308.7373395351616,602.832412698297,733.92110,7339211000
363.8454595069294,600.0900171999681,734.13520,7341352000
449.52580030115485,577.7974603898083,734.36560,7343656000
458.6176027537773,613.6381690824257,734.58100,7345810000
482.0880030425748,661.7142130359946,734.80800,7348080000
378.9222137975735,633.3067625751656,735.03040,7350304000
410.58366601301645,656.2704576551661,735.25370,7352537000
418.33274740534034,642.8514885120168,735.47350,7354735000
382.67950083308006,644.6975173330001,735.69190,7356919000
324.7118788193119,662.4183199153191,735.90880,7359088000
437.41223132715396,607.5059729673246,736.13010,7361301000
580.9792632052764,562.5395446439488,736.34000,7363400000
678.2946220509134,529.8941478033175,736.55750,7365575000
787.130514301448,472.797119779353,736.77570,7367757000
887.5848959009056,412.547895678717,736.99770,7369977000
951.9898546403978,410.01169718114375,737.20930,7372093000
939.8725879113028,356.17269072594894,737.42680,7374268000
874.3636421482097,490.1982824925334,737.65120,7376512000
734.0395845108433,520.8806393447578,737.87060,7378706000
828.3084791817965,500.2313727933618,738.11570,7381157000
815.0068058052312,490.8557471110589,738.33370,7383337000
848.5079383951645,488.3022854370873,738.54430,7385443000
838.8381988133638,487.22996429792687,738.77430,7387743000
852.8516717040816,448.93874048764206,739.02020,7390202000
867.287756584463,399.9183191420225,739.26910,7392691000
821.8611098650301,465.656285949215,739.47890,7394789000
819.4784457213776,503.4905081502917,739.70040,7397004000
823.0067353595788,469.4031111392428,739.91410,7399141000
775.3994652141946,387.8969884466003,740.14880,7401488000
787.6993601278035,360.4242813076602,740.38590,7403859000
800.225084125998,370.02620373404693,740.60150,7406015000
746.18037652842,337.04446613531553,740.82810,7408281000
744.4413328675913,287.5845959254177,741.07210,7410721000
757.9865786115481,256.6638728207127,741.30690,7413069000
802.2165633429287,252.02800283786348,741.53020,7415302000
855.9555176206308,221.75647219894748,741.74760,7417476000
726.6877054055896,362.291310168003,741.96320,7419632000
647.2392093703936,473.8983494421949,742.20780,7422078000
658.8410050726377,488.5604762482641,742.43240,7424324000
723.8879753653229,412.7000538538514,742.64630,7426463000
742.7391919722797,370.68677357697044,742.86500,7428650000
724.3541596103781,379.46725519358637,743.09200,7430920000
741.1997245869202,392.9573797590037,743.35510,7433551000
740.1443187185663,364.98310646043103,743.61520,7436152000
766.1983457676959,335.28356804536116,743.83820,7438382000
815.3161692062683,322.6745951865679,744.06620,7440662000
834.6540622468264,304.63096878761485,744.31390,7443139000
794.1478909080698,327.86370783445375,744.53280,7445328000
770.9345431324994,311.76405531761185,744.75670,7447567000
817.4878223500323,292.29812675351985,745.00040,7450004000
835.0841100782633,275.40179473556344,745.22320,7452232000
774.6686081797284,259.86674564421634,745.48590,7454859000
687.0170197166599,273.37833846157605,745.71130,7457113000
685.2124769257433,233.16491253497264,745.93800,7459380000
671.7284642887406,180.3765845088702,746.20360,7462036000
865.3282517791956,150.441384686381,746.44020,7464402000
874.3151572851028,145.85993247580183,746.66530,7466653000
913.6697092651125,92.88896356609041,746.89140,7468914000
897.5999045264246,125.46191944390122,747.12900,7471290000
886.1189745314698,158.59277547323376,747.36070,7473607000
686.7857368765746,160.63640136863515,747.58180,7475818000
769.7421883998848,165.28384312851512,747.79950,7477995000
923.4829776987747,153.40390774494682,748.03030,7480303000
1007.9128885996165,92.48657406116418,748.23640,7482364000
962.4212224325881,92.34750484046089,748.45730,7484573000
903.2619383739458,83.30769965118121,748.69710,7486971000
855.7261159910665,66.46966331810863,748.92290,7489229000
828.5294116455547,74.62531630882533,749.18060,7491806000
906.158452977238,84.49072326277563,749.40270,7494027000
777.0457000034236,73.74190192064678,749.61780,7496178000
693.5016477183729,30.229983489997387,749.83950,7498395000
621.4180199203066,57.35274722484917,750.06120,7500612000
731.9484509480276,115.82614916709484,750.28500,7502850000
760.6110641186392,135.8950217829465,750.52160,7505216000
848.9217017632698,202.8297424065802,750.74370,7507437000
994.3474551140253,280.0076597351576,750.98430,7509843000
1067.1491804189395,340.780872668276,751.20610,7512061000
1050.2696271188431,304.63830673705456,751.46280,7514628000
1003.2844084076203,378.9128755080018,751.69170,7516917000
906.2276596933269,366.2700316549067,751.90820,7519082000
956.8531500180926,423.03377096898254,752.12720,7521272000
954.6233089015003,442.3892864518296,752.33920,7523392000
962.6130592471496,462.85820550356055,752.55840,7525584000
1021.855652905104,467.13402291364343,752.79450,7527945000
983.5638793775431,534.4255916366601,753.00980,7530098000
905.959414584761,597.0131591342282,753.22730,7532273000
843.9856949126957,637.8241160774048,753.44590,7534459000
823.155731502802,693.0543289150302,753.66140,7536614000
857.0873360177379,725.3554914992226,753.87640,7538764000
778.8051307736043,742.5346555052938,754.09010,7540901000
782.7910257405275,827.5689651537267,754.30670,7543067000
685.1582938395112,841.5930823065117,754.52420,7545242000
632.1438993908234,848.8318174447302,754.73880,7547388000
626.5650875099966,866.4777772225056,754.96000,7549600000
623.5247775974999,882.4932329297552,755.18430,7551843000
711.9738151852571,754.2192136965259,755.40510,7554051000
713.6757804480673,632.0457073291511,755.63480,7556348000
758.2960300385888,691.4984842290635,755.84800,7558480000
750.0051337970403,743.9162164610119,756.06400,7560640000
752.1567689978458,770.5197310119737,756.27490,7562749000
650.2935411798596,789.4167143779614,756.49580,7564958000
646.8539833193375,811.8686798731349,756.70990,7567099000
640.6158973254818,834.2860902802258,756.93040,7569304000
654.3144110009971,816.1574059154563,757.14900,7571490000
612.8693249895283,807.3533998837464,757.36760,7573676000
589.5436787785802,791.0458056864729,757.58140,7575814000
753.8767579727223,653.7579225340615,757.80480,7578048000
752.0548295082035,551.1513245888607,758.02770,7580277000
740.7469981543593,454.2228187602198,758.23860,7582386000
735.4873797960676,511.681567270126,758.44730,7584473000
649.6257475120415,550.9992776333432,758.67740,7586774000
569.7840276589139,583.9562396436668,758.89910,7588991000
522.510757973035,613.2747965013006,759.11890,7591189000
519.5698617753883,594.4341878984557,759.33640,7593364000
553.738891535335,549.1885041538729,759.56410,7595641000
631.4044344003794,534.6320718944404,759.78290,7597829000
578.3994980910144,498.41758627746066,759.99990,7599999000
494.4521193401581,524.9792394271072,760.21260,7602126000
476.72639938434963,511.8793021655751,760.43090,7604309000
406.9354387358243,482.4090252364655,760.64130,7606413000
384.99942725417304,445.89298963752884,760.86610,7608661000
346.77179690738177,465.22582685387295,761.08710,7610871000
357.43747010586355,466.4805378907697,761.31160,7613116000
439.19394449533166,434.4888108449798,761.53520,7615352000
544.3570698004091,466.9409896368143,761.75510,7617551000
660.5995583588758,485.4662784758548,761.97560,7619756000
715.2821209265954,507.0937525921459,762.19650,7621965000
667.4301231114324,511.8409547237356,762.41600,7624160000
660.451786215309,515.1852383229984,762.63700,7626370000
797.6469139460969,537.1731835152711,762.85270,7628527000
894.2614285350287,551.169550391297,763.06610,7630661000
1010.3223360829022,559.3460918247135,763.28540,7632854000
1037.94191560821,572.8954063160551,763.50670,7635067000
1058.241519568223,582.3470516864721,763.72230,7637223000
1041.0995046066153,594.2204390895527,763.94970,7639497000
1019.0694408105417,609.6949108877063,764.18690,7641869000
979.5521286704718,588.9068942028682,764.40760,7644076000
1045.7631050502282,598.4213388587202,764.62640,7646264000
1011.9218798678351,581.6035745965706,764.85520,7648552000
989.03838093876,571.3777237542214,765.07630,7650763000
1014.1481358065492,605.0875264705257,765.30280,7653028000
937.0221210930313,596.5314822816249,765.51520,7655152000
940.4979845896193,577.3937823878989,765.73620,7657362000
964.5373678511083,608.3866378049587,765.95430,7659543000
921.4385100981469,599.6689006656746,766.17510,7661751000
896.7512044549893,566.6141452002053,766.39360,7663936000
870.7004628712921,575.6499108484467,766.61150,7666115000
883.8874575334645,472.1470803045912,766.83060,7668306000
996.1831945248857,427.98215714814523,767.07030,7670703000
1089.4790546617023,329.2096005197512,767.29160,7672916000
1207.7990891719837,271.6396459397737,767.51080,7675108000
1370.3484830347027,208.54019355782697,767.74540,7677454000
1252.4710110403437,260.77322450570307,768.00900,7680090000
1141.4379805410554,350.7798098545361,768.23640,7682364000
1002.5431513603478,428.14391303023007,768.47480,7684748000
1159.8353163479478,372.1352531999534,768.73740,7687374000
1079.1057570953644,273.00586903014994,768.96110,7689611000
1042.5785082855505,258.8978261649214,769.17920,7691792000
880.0560129673042,333.8405177840639,769.40030,7694003000
842.1247888610503,280.2513273836018,769.61710,7696171000
898.3450233266298,334.6249155514338,769.83900,7698390000
839.4794700382075,394.7170180358303,770.06150,7700615000
729.4542256570046,492.052685230684,770.30250,7703025000
631.5892676456438,542.7927101958783,770.51250,7705125000
715.3710054743002,547.6939795747024,770.73760,7707376000
703.8550903057529,513.1296993969502,770.95490,7709549000
711.4581229528653,582.5138496011789,771.20690,7712069000
665.4354279783305,663.4957683440895,771.42500,7714250000
666.7200340522127,739.7876530220585,771.63910,7716391000
611.8271225204795,769.4848713154277,771.85480,7718548000
518.1797242013126,797.2836479152498,772.06810,7720681000
505.24724150819054,797.698644825366,772.27510,7722751000
517.3322921104028,800.6364390369645,772.49210,7724921000
531.1953521204971,816.5184764924649,772.70960,7727096000
549.2240751832642,815.3357941075787,772.92850,7729285000
502.60346703829475,802.4353222075781,773.14270,7731427000
504.2969498698103,809.8448559709045,773.35690,7733569000
426.9606884673681,778.0297255229237,773.57000,7735700000
432.32825511731676,752.0052198672787,773.78730,7737873000
482.6095761666654,702.631911165661,774.00040,7740004000
459.32283175762063,688.6754942156762,774.22250,7742225000
515.4657520282522,582.4268007828891,774.43750,7744375000
747.452502215474,467.2227821791464,774.65220,7746522000
949.5336387351563,335.6200769450021,774.89280,7748928000
1111.5097328489148,265.725696349387,775.10300,7751030000
1282.6099867914934,189.44709169000313,775.30820,7753082000
1175.494064510564,268.76993612346155,775.52400,7755240000
1064.4912037712907,328.95040552040973,775.73650,7757365000
892.7915225247528,373.69320632600983,775.95900,7759590000
814.7642144877736,449.744007987986,776.18890,7761889000
751.0106713457446,499.7245485716323,776.40040,7764004000
718.0317433609089,571.8617148186385,776.62100,7766210000
650.8877318665875,629.5616115231935,776.83640,7768364000
612.2773515274118,669.4703371649973,777.05780,7770578000
557.3673330296797,677.3654611886749,777.27620,7772762000
558.9378831671589,702.017291940306,777.49680,7774968000
536.4629884871911,720.295667591851,777.71500,7777150000
652.0949242272953,603.0662103395782,777.93410,7779341000
708.8982317196869,425.70591829055127,778.19200,7781920000
870.055112849155,356.3813898655169,778.43150,7784315000
990.3612815426948,283.5207922442482,778.66520,7786652000
1025.6488485611385,213.89703814728145,778.88770,7788877000
1140.9955117271047,208.1769570842454,779.11150,7791115000
1191.291197683867,160.99768889003033,779.34480,7793448000
1221.670303302147,106.21253905164028,779.60300,7796030000
1248.7604460801438,86.4826673744661,779.82780,7798278000
1261.1177185675438,101.01122225522141,780.05170,7800517000
1230.1702305554295,73.10904935852614,780.28650,7802865000
1136.0116860406254,95.14277650429682,780.52420,7805242000
1019.1634687513117,269.77701390229254,780.75640,7807564000
918.8847975676258,383.50535488417216,780.97040,7809704000
823.8604760593867,510.96719531702695,781.20100,7812010000
742.7082551870833,595.9667203223985,781.42180,7814218000
625.111499987356,664.5791757588008,781.64050,7816405000
552.4582931244033,715.8757916283195,781.85320,7818532000
708.5415219665706,655.7627612573774,782.11110,7821111000
827.5220200810472,558.4987614323898,782.32540,7823254000
973.4120119842435,499.5677964522075,782.55640,7825564000
1047.6397178935295,468.629326648092,782.77740,7827774000
999.0373117170465,419.2676032017531,782.99710,7829971000
917.0870299213778,347.7461373408689,783.22340,7832234000
796.3196043466762,448.4562901432339,783.45090,7834509000
709.1380235977383,517.603308763902,783.70350,7837035000
607.0448652955611,564.4367794890077,783.93350,7839335000
545.8162678901037,627.2357064213395,784.15470,7841547000
650.4083646994388,526.8369366420006,784.36950,7843695000
848.70850687446,453.1021333228937,784.60380,7846038000
1013.9980039385314,413.0138763464211,784.85950,7848595000
1162.451764099194,378.2402419984215,785.07150,7850715000
1024.9644410122314,381.50817900664765,785.28170,7852817000
932.5001753542608,491.5562599491628,785.49930,7854993000
808.2539515916819,586.3104461343695,785.71970,7857197000
753.9750806161699,632.2157918018605,785.93040,7859304000
654.8668537270512,694.7592613992992,786.16000,7861600000
630.6272132678793,727.0214309535629,786.37160,7863716000
570.6160291805838,731.0426501107396,786.58420,7865842000
533.7281689419877,749.2152506170964,786.79350,7867935000
592.3758153078365,717.8207269768336,787.00920,7870092000
681.4948098917529,697.0250048610088,787.22930,7872293000
751.4818167368364,674.4085065337464,787.43760,7874376000
792.6109548823608,717.8705161383783,787.66010,7876601000
758.4851162108566,743.9959262823819,787.88050,7878805000
670.0160896365804,743.4868142358575,788.09650,7880965000
648.1535808976477,750.7063852889364,788.30490,7883049000
523.2723384973584,733.3256927969135,788.52500,7885250000
450.5351069147951,755.5621144755534,788.73290,7887329000
405.99299696120465,773.4781678605675,788.95610,7889561000
376.488264987832,786.66972352718,789.17470,7891747000
423.00444083852875,789.9339682230304,789.39910,7893991000
428.28914599516963,811.4054030363197,789.61160,7896116000
462.83118225427484,790.3765960826776,789.83360,7898336000
700.7865055945234,688.5244726663722,790.04600,7900460000
930.4266433384846,561.4383944364438,790.26660,7902666000
985.995984112485,507.1247737592563,790.48090,7904809000
1010.0332248451164,399.92604381486,790.69630,7906963000
981.3910289837622,500.0029737929567,790.90800,7909080000
896.75427134391,571.3162618818764,791.12840,7911284000
793.8936541115754,617.5858606781045,791.35360,7913536000
748.3187286091297,677.3760004863175,791.56650,7915665000
702.2422310462598,720.5312629650955,791.77500,7917750000
643.9886299241068,763.4640957163924,791.99430,7919943000
625.0241281972621,794.6483666309286,792.20740,7922074000
600.2121308381533,811.1805622099674,792.41760,7924176000
652.3618793427273,767.6788075403495,792.63930,7926393000
650.4348396100252,654.3727704360861,792.86510,7928651000
635.6147262934405,597.9661946305421,793.07440,7930744000
608.9379920929155,555.6450054884607,793.29190,7932919000
586.700973705528,511.4567281892861,793.50300,7935030000
487.9319907987838,518.7423081083106,793.71510,7937151000
353.34134720870287,466.03401506765414,793.93260,7939326000
333.17786417373406,467.5465071452114,794.14610,7941461000
326.2777992572046,472.2802537881138,794.36340,7943634000
309.33741900013365,456.02979894628777,794.57540,7945754000
374.1366598489203,571.230394126651,794.79410,7947941000
408.41049344970554,607.6369495683762,795.01240,7950124000
562.9793973835108,588.7092945124015,795.23020,7952302000
770.7821287019285,503.3450306061361,795.44670,7954467000
960.605654055106,430.8054179821221,795.69700,7956970000
858.1255069473527,474.5935561029836,795.92880,7959288000
983.1455850339817,431.46890804513293,796.18910,7961891000
1147.9079879823908,387.99558416985724,796.40980,7964098000
1249.240759480474,333.02114334882356,796.64360,7966436000
1221.2296741717655,349.89725512639734,796.85870,7968587000
1157.3385503897478,314.8744069666894,797.08800,7970880000
1080.1365936874975,404.6357244752646,797.32310,7973231000
848.9753745835271,418.8598018750805,797.53800,7975380000
694.6543189640233,412.5436095964728,797.75510,7977551000
803.371705302088,351.2946600040895,797.97350,7979735000
796.4878278204088,310.96171322175513,798.19310,7981931000
880.7217823389387,334.69156374271853,798.41350,7984135000
954.8665597349475,265.7634869449017,798.63340,7986334000
1011.4543580925325,234.92279694899156,798.84890,7988489000
1052.409799570409,182.2416437614144,799.07280,7990728000
1141.6200528333904,163.81117270851092,799.28970,7992897000
1228.557508606751,175.82897238441444,799.50970,7995097000
1202.7689484505597,188.48903972935693,799.73480,7997348000
1103.004635013583,235.8915019029906,799.95330,7999533000
990.9489533034048,275.6545270297287,800.17110,8001711000
901.0136535102056,258.94170672798566,800.40420,8004042000
983.2423973269607,233.25058399348856,800.65940,8006594000
1003.3105422334326,198.93637869966727,800.89160,8008916000
857.8327612116207,267.1152252820764,801.11770,8011177000
746.0443153885138,300.4361539507325,801.34660,8013466000
888.0710638760406,310.6695219924572,801.56810,8015681000
695.6459015289852,337.3990155978646,801.78730,8017873000
773.8954753954781,302.20070781440734,802.00890,8020089000
779.3801284160782,305.3802495537792,802.22130,8022213000
780.2084894476117,350.3343294845793,802.44600,8024460000
832.4025727223178,425.3117341290836,802.66870,8026687000
864.380778114022,445.80777279520765,802.88250,8028825000
684.9120491598705,429.8808928756516,803.10110,8031011000
682.6190060452644,433.7537449060713,803.31410,8033141000
539.3060977915121,309.28158009774006,803.53120,8035312000
420.19699109997794,267.20773200462355,803.74230,8037423000
266.3991318168266,184.4367563372424,803.95810,8039581000
352.97828726822127,172.33834768837656,804.17810,8041781000
443.29913899708936,306.2949123263261,804.40030,8044003000
530.0022174857014,356.92510315515983,804.62110,8046211000
672.8568133493166,396.6356735420605,804.86040,8048604000
787.2413297623075,402.1562850372615,805.06800,8050680000
855.5169538954094,432.010345950069,805.29180,8052918000
799.6947465185706,425.37043347656686,805.51900,8055190000
826.4463499214316,364.643855000271,805.76310,8057631000
870.2492739429287,339.44333109127314,805.97880,8059788000
888.9509826045276,287.8291104939115,806.19380,8061938000
960.2926032110015,272.3054447494129,806.41000,8064100000
841.7389630975144,282.262783908514,806.63180,8066318000
827.4140604812168,287.53225447812497,806.86180,8068618000
919.4201934515048,277.72739946125466,807.08060,8070806000
1049.0833121436708,260.9031467241799,807.30320,8073032000
1145.696104811204,255.45024037867262,807.52300,8075230000
1130.9388461793546,254.3409899662473,807.74210,8077421000
1099.2547611163138,270.4886172131357,807.96370,8079637000
1064.3969273294801,287.32231730174544,808.20550,8082055000
1102.0516161358344,294.1447200548164,808.42890,8084289000
1034.864784970056,290.54629648394683,808.64250,8086425000
977.1280955991863,333.4562810839333,808.88620,8088862000
1031.7527850763856,295.0593611712799,809.13250,8091325000
1043.7411479516102,273.1921191468722,809.35120,8093512000
969.0395783216221,343.60986478078087,809.56650,8095665000
877.0687978139905,372.1877014715293,809.77580,8097758000
788.019632368335,394.30825273154323,809.99490,8099949000
653.1848365784253,398.8089948308167,810.20720,8102072000
636.8681751091552,395.4697969740605,810.42950,8104295000
706.0716506130984,412.0373625044351,810.63790,8106379000
669.7680685262733,449.70186213223576,810.85910,8108591000
803.8981579438503,479.78696311645865,811.07520,8110752000
811.4394632554081,466.8468736176673,811.28800,8112880000
896.5776264358594,494.0145710897466,811.50390,8115039000
945.1841266954307,501.34082753360076,811.72100,8117210000
932.2355703592192,455.1685034141871,811.93420,8119342000
836.5130045329157,436.1389288533111,812.14580,8121458000
762.2927986959593,435.4339102066002,812.36300,8123630000
673.3870834739796,426.62416320013733,812.58810,8125881000
850.3680583877722,358.08269383228185,812.80320,8128032000
1017.2542061505907,325.2945775632653,813.01790,8130179000
1118.4803750091558,308.34255403832645,813.23330,8132333000
1199.106044269123,329.822479830831,813.45130,8134513000
1211.5440860628871,252.10620064067422,813.66870,8136687000
1288.6134557030828,231.83212450857806,813.90300,8139030000
1206.0642804689046,256.8358450052941,814.12660,8141266000
1198.9623278331808,252.02926916640982,814.35010,8143501000
1183.3330501987512,224.00364004692955,814.56910,8145691000
1205.006926328113,174.793687154238,814.79380,8147938000
1254.8416597619505,237.40626234403695,815.01310,8150131000
1233.7801430160773,218.7416967323876,815.23370,8152337000
1272.5546179372054,233.50129761402897,815.45300,8154530000
1323.1423580740557,265.61605870662896,815.67940,8156794000
1370.5548271350356,276.2282996502102,815.89850,8158985000
1409.5002693969848,245.15920487369195,816.12170,8161217000
1445.822164096874,275.06242602979086,816.34420,8163442000
1488.355779276217,269.1537004909984,816.56490,8165649000
1433.7136493582027,243.49875802765797,816.78170,8167817000
1475.80172446353,241.49697512873865,817.00200,8170020000
1374.4074058890048,252.45909142748215,817.21800,8172180000
1246.9669952691872,245.6305000754065,817.42950,8174295000
1200.509012142032,262.4384860335095,817.64210,8176421000
1113.616738361918,263.5825120115179,817.85620,8178562000
965.6461180279653,324.11729426566467,818.06660,8180666000
876.2762755309726,391.95102704238474,818.31730,8183173000
708.3658700024667,383.5848778455424,818.55590,8185559000
585.3543268637667,358.93120250485157,818.76460,8187646000
560.2682494179342,354.9160600545799,818.98850,8189885000
513.0311330099441,341.8913432800942,819.19620,8191962000
527.4383559365332,380.0501365804547,819.43480,8194348000
651.94295078903,411.54074978050977,819.65300,8196530000
656.6498733969921,406.1590848276866,819.87220,8198722000
638.9209925861303,368.2673487384986,820.12040,8201204000
692.6466521292718,343.8701300187618,820.33630,8203363000
731.12252698325,351.90296527689753,820.56540,8205654000
680.4947686379776,307.6089535101445,820.79620,8207962000
704.3053215733036,323.6231214547504,821.02310,8210231000
603.2283666679082,339.82950832051824,821.24540,8212454000
604.7890785603992,367.3288902854535,821.51370,8215137000
590.530266632355,347.0406305435696,821.72880,8217288000
527.1293092260744,335.9088349223595,821.96520,8219652000
545.71185483418,351.02816053259795,822.18680,8221868000
526.9538440846351,373.21243139044657,822.44240,8224424000
577.0319454997401,482.7791474123105,822.65950,8226595000
610.8015503520744,515.5138264522698,822.91040,8229104000
642.392257229008,552.3416440653289,823.13300,8231330000
691.5923019418325,582.4903359830071,823.34970,8233497000
755.2117236247682,645.446796951013,823.60750,8236075000
737.1493537710048,645.8974573180666,823.87390,8238739000
718.9014268509198,612.988956384571,824.09360,8240936000
686.202425076305,597.2552995000194,824.30750,8243075000
670.8041861593624,622.7728729125467,824.56500,8245650000
678.4002881928203,627.3836671603832,824.78440,8247844000
665.012778897267,615.8308886417523,825.00030,8250003000
644.1211459655821,606.9293239318546,825.21420,8252142000
592.750063021959,616.6598912429299,825.43220,8254322000
579.6613769369227,594.1153482429794,825.64760,8256476000
533.1718970322746,588.5721319244341,825.86160,8258616000
601.7434658491073,595.8862583207186,826.08050,8260805000
611.6783430515561,610.3396041640121,826.29810,8262981000
616.9072748884722,595.6877328824897,826.51470,8265147000
591.7271811324414,619.162434901081,826.72880,8267288000
617.7859906132923,573.0285768690907,826.94330,8269433000
629.9724037517615,550.5744281482247,827.15260,8271526000
656.2832482791141,538.1155969495285,827.36760,8273676000
724.7568997054766,534.4810263479541,827.57680,8275768000
805.8892867433494,540.5502334792569,827.80170,8278017000
835.4747452862176,559.5222808721808,828.02230,8280223000
818.2926285402707,565.1710587378531,828.24890,8282489000
806.8200132783834,601.2331023396104,828.46870,8284687000
712.4652920353432,534.5278671075941,828.69950,8286995000
697.6218201271039,545.263563376918,828.91950,8289195000
659.562643036229,569.1353562715101,829.13950,8291395000
676.580314820794,585.5784088091375,829.35500,8293550000
648.8690076165493,599.1770919698598,829.57510,8295751000
645.2469037123841,554.6112507049708,829.79190,8297919000
762.7268700930354,530.5711760306671,830.00340,8300034000
824.4633430372508,510.6841185634013,830.21980,8302198000
899.5080466246767,520.863591370672,830.43450,8304345000
931.6180283199996,517.0574798855403,830.65450,8306545000
932.5606949199264,480.90279712963974,830.87210,8308721000
923.9408563894432,473.2353526140964,831.08940,8310894000
903.7258106352662,467.80315290098673,831.31220,8313122000
898.2846551435272,486.2214932572834,831.53540,8315354000
858.1709438565508,496.05736087155776,831.75550,8317555000
803.8153237608409,476.1517016695052,831.97340,8319734000
840.5413856194116,445.63633612263277,832.18750,8321875000
919.8019206422712,418.1746563189931,832.40640,8324064000
913.3174493027245,405.77817853055353,832.63000,8326300000
908.7725297739867,382.42248335920834,832.85930,8328593000
864.5818529248542,403.9387305988369,833.08790,8330879000
853.9301670262132,370.3575303052448,833.30750,8333075000
792.5744214825841,378.8555382214758,833.52080,8335208000
803.188200935744,385.3400352004184,833.73110,8337311000
838.0365297289844,405.46752988032455,833.95170,8339517000
807.2746811217444,434.83668827854564,834.17490,8341749000
861.8753236882084,451.4556533325732,834.39830,8343983000
901.5997873070307,421.62358196450145,834.61930,8346193000
1059.0441011217847,388.7032316854475,834.84150,8348415000
987.7390232648166,425.9740311006058,835.05720,8350572000
881.2133848170724,473.46686359494595,835.27270,8352727000
935.4532093004765,508.5081224331406,835.50500,8355050000
945.7417776599218,493.43973435174166,835.71950,8357195000
913.5175146635095,449.4487708357721,835.93710,8359371000
939.8257610056357,422.4214025674088,836.16140,8361614000
906.8846612026412,393.68100075906113,836.37990,8363799000
929.9286766915764,378.338010682605,836.60650,8366065000
1021.6141268216729,275.8693652589306,836.82900,8368290000
1108.9501879688594,241.84503826261604,837.05260,8370526000
1121.4609914040313,229.6365171036978,837.26940,8372694000
1068.1115218740376,270.96770586639576,837.48840,8374884000
1057.6898936666444,324.8833681132454,837.70060,8377006000
1045.2985654223878,335.0180260052224,837.91890,8379189000
1011.7358917969187,398.6667208502699,838.14450,8381445000
861.3496521931683,487.95467445530164,838.36370,8383637000
706.0238348810725,500.3195306800482,838.59700,8385970000
582.5468201301703,490.42518940368035,838.85900,8388590000
466.40327217978285,428.25393569202686,839.08230,8390823000
505.21134111848966,437.04223237400475,839.29550,8392955000
599.5645885371005,449.8812063244068,839.50540,8395054000
546.2358053078271,436.76040645224623,839.74470,8397447000
532.4505525676651,353.53127825146134,839.96260,8399626000
569.737840875786,339.79120474922115,840.18120,8401812000
710.8695422180732,288.95334061165784,840.40140,8404014000
823.4813258111458,285.94162384990756,840.66240,8406624000
990.2828411829051,328.18930217432046,840.87800,8408780000
1196.1052975474806,350.5729621717957,841.11670,8411167000
1225.3579628114376,389.91529548355396,841.40120,8414012000
1421.6014817879982,486.6375895268719,841.62400,8416240000
1465.4955917947957,483.56473841995637,841.83590,8418359000
1470.7915838754443,432.04672067465646,842.05920,8420592000
1381.6427198771853,320.34263463875743,842.27800,8422780000
1280.9455947103645,265.91259637551957,842.53640,8425364000
1205.2505744938878,256.64987713259507,842.79590,8427959000
1050.113225785748,244.09054308200768,843.02040,8430204000
998.6770086153713,289.2852457634245,843.23310,8432331000
1051.4735358429557,336.90415399871733,843.48680,8434868000
1003.9474937308856,353.8663268492201,843.70550,8437055000
976.8988134667491,322.89916792747476,843.94240,8439424000
995.0827359005045,325.2481409534018,844.17400,8441740000
977.8164055304316,290.54465985382603,844.40370,8444037000
937.3812566869248,245.47329807592484,844.62740,8446274000
951.6522134509783,255.4937358753296,844.85140,8448514000
1000.0550256131277,263.53680143390744,845.06680,8450668000
1025.3699673074232,285.22740704692905,845.28670,8452867000
1022.4305696048938,266.1509590606348,845.51090,8455109000
905.4726318136834,287.06237316665005,845.72830,8457283000
865.1781537183086,292.26551643672207,845.94500,8459450000
929.2015529271355,254.3704157872759,846.16150,8461615000
972.1008253354297,252.49829536889501,846.38220,8463822000
1001.6236220630492,276.39638833375386,846.60020,8466002000
1068.1164121166894,300.6763786821857,846.82700,8468270000
1108.9969843716474,373.7340981286236,847.04100,8470410000
1175.20744273166,428.94580776220636,847.29510,8472951000
1197.8415055805415,446.34166014408544,847.51070,8475107000
1242.8086678654502,474.3354447169693,847.72680,8477268000
1260.9994667076921,494.8935127892177,847.94140,8479414000
1321.778569718618,529.9267883426362,848.16010,8481601000
1389.871132814191,505.81904900402304,848.37370,8483737000
1378.5360630924927,456.32251983989715,848.58880,8485888000
1354.2872543976405,482.09447766847643,848.79970,8487997000
1277.4806171901078,482.92228658373426,849.01030,8490103000
1258.7216963154274,464.8275522753043,849.22930,8492293000
1173.457585933106,432.35525558773355,849.44270,8494427000
1181.7973674694406,478.6554594239135,849.67820,8496782000
1177.7618575833176,479.7280306413122,849.90030,8499003000
1127.5541034826088,456.19832093032613,850.12360,8501236000
1163.9256723221263,442.1915997252783,850.36880,8503688000
1125.1794782165591,429.17134507637877,850.58840,8505884000
1091.8739096975478,429.01456510087814,850.80730,8508073000
1122.8966649638264,415.90689140769865,851.03000,8510300000
1045.4013350606508,389.90403414225744,851.24600,8512460000
1084.5320550685246,398.1298033746997,851.46520,8514652000
1074.5420537198127,384.519453753115,851.67850,8516785000
1047.4760992808165,337.6826158874535,851.89810,8518981000
1098.0313503922982,343.61555588765515,852.11220,8521122000
1001.2982389604399,199.3174164217832,852.32980,8523298000
1014.1130862230445,262.0077584618047,852.54550,8525455000
1028.7307454377885,284.6495452762838,852.76980,8527698000
1079.4488053709351,314.0745383363094,852.98900,8529890000
1132.1305459930463,301.49868712645116,853.20420,8532042000
1125.0231576074796,256.2115944844245,853.42380,8534238000
1097.8782427938602,260.7297071991582,853.63690,8536369000
1091.6528426003047,262.98052827226445,853.85140,8538514000
1102.988748103432,259.36812438832766,854.06290,8540629000
1109.4857398444908,261.3101812667661,854.27140,8542714000
1162.190399415791,255.87069467680422,854.48220,8544822000
1095.7492142085466,211.81584280954638,854.70000,8547000000
1104.1016682392,212.66719478667673,854.91180,8549118000
1135.97605250572,247.8957059793731,855.13160,8551316000
1154.9624889948457,272.09701943697826,855.34520,8553452000
1210.3489107441967,314.1723338341124,855.56190,8555619000
1002.5187801533082,287.2337966081102,855.77380,8557738000
890.7308348526809,248.835414052138,856.00520,8560052000
888.947947260044,253.6242124875426,856.22240,8562224000
871.2699005129581,228.2889315824408,856.43810,8564381000
794.7901657154455,260.16705477503746,856.65960,8566596000
774.1396416046737,191.09717864731442,856.87440,8568744000
880.0430583148851,212.2385824390286,857.09800,8570980000
922.9090792297554,246.58439296094798,857.32580,8573258000
1101.432252483556,275.38911992770284,857.54480,8575448000
1295.1604222442443,340.67908623235155,857.76390,8577639000
1431.212222943822,373.42419763047985,857.98000,8579800000
1581.0605588047906,421.44572621964295,858.20810,8582081000
1649.3138033451646,428.4778168372461,858.42370,8584237000
1698.5572730742686,441.48730811270815,858.63920,8586392000
1747.2168776377591,446.2111691621765,858.85970,8588597000
1748.9665848158745,445.0435203949199,859.07420,8590742000
1749.1693214725553,448.7808833019143,859.29330,8592933000
1649.9788072545653,428.71573691392337,859.51670,8595167000
1568.2967348010259,448.25714633838646,859.74400,8597440000
1503.7449123954204,415.37990364894745,859.97300,8599730000
1349.326356042087,457.0818672576626,860.21040,8602104000
1326.2817468964522,499.2923512604596,860.43040,8604304000
1310.9862468059434,454.9056913110383,860.69070,8606907000
1213.268724191381,513.5257728749817,860.92330,8609233000
1115.7409759004063,524.5947823063765,861.14320,8611432000
1025.9239483824772,543.799237277902,861.36380,8613638000
960.7465392201229,520.4866713463582,861.57610,8615761000
887.1957569848598,523.2133077847428,861.78890,8617889000
843.4132693529225,507.3494124235029,862.00490,8620049000
820.3123953082581,506.91901044694913,862.21660,8622166000
879.7546571283285,472.8896071115429,862.49220,8624922000
1045.4798236544243,462.97724016353516,862.71070,8627107000
1151.8335056178173,459.0154288811802,862.95210,8629521000
1246.4911530201846,434.85044081848935,863.16820,8631682000
1292.4534056476405,440.62818727608885,863.41990,8634199000
1382.8046225148178,439.4907568241134,863.64040,8636404000
1452.9703880618783,415.2504301081403,863.85560,8638556000
1507.8166300475789,388.58188924513735,864.07160,8640716000
1471.8905673355143,346.8387426152494,864.28410,8642841000
1507.7865832567616,336.31702077438626,864.51130,8645113000
1526.8010262151336,368.57247432089014,864.73050,8647305000
1479.3260840789974,413.82176299689587,864.95230,8649523000
1489.420367192358,437.39731407841344,865.17430,8651743000
1459.7469667305927,429.8816566026729,865.38900,8653890000
1346.43104906771,413.08423319704616,865.60470,8656047000
1357.2785678619034,369.22624279530464,865.82680,8658268000
1388.616002003263,357.3902912199059,866.04830,8660483000
1416.3724977011657,290.01814748350824,866.27590,8662759000
1474.750633159357,274.18757079228106,866.49200,8664920000
1503.2074139731342,213.66889345919665,866.70510,8667051000
1530.1792016175655,192.09288509062512,866.91870,8669187000
1580.4838236722076,153.06471934139148,867.13520,8671352000
1519.8185143694836,99.43326757850171,867.36060,8673606000
1554.5288344629948,94.37899625159105,867.57920,8675792000
1521.7431898813102,90.52787732180207,867.79620,8677962000
1561.7537816719869,116.33331706367606,868.00950,8680095000
1585.383581786674,163.04808449415384,868.22560,8682256000
1595.3020998924264,183.532158656652,868.43910,8684391000
1625.026208515597,199.512599893191,868.65780,8686578000
1618.7735466759743,191.32649460179888,868.86420,8688642000
1643.4176195281168,215.94803930053595,869.07570,8690757000
1607.0124706962852,213.38611380681655,869.28820,8692882000
1563.5145850622127,215.03290026885534,869.50730,8695073000
1580.271299307877,246.26665101778326,869.72220,8697222000
1481.8487794964994,302.66360376217676,869.93810,8699381000
1343.838076602146,349.07679058509405,870.14810,8701481000
1210.2461723866782,375.43003713908263,870.37030,8703703000
1078.8520005292,379.2124297836017,870.58860,8705886000
1003.1215725998528,404.51388158114577,870.79660,8707966000
980.3123714015001,396.30183464399107,871.04940,8710494000
981.0254416633405,418.0987293769752,871.26270,8712627000
916.7818655405214,424.772220480471,871.47690,8714769000
906.0118374518919,462.44035816045135,871.69090,8716909000
812.4651653524293,490.2308250497264,871.90710,8719071000
737.3908542173217,441.9674108300393,872.12130,8721213000
740.8795410154254,461.05804541244123,872.33630,8723363000
760.7698250882299,431.24263619539505,872.55700,8725570000
776.0699487634017,388.999313686375,872.78000,8727800000
839.2131640850022,337.13876312999554,873.02100,8730210000
780.9270535693346,338.09219256306284,873.26060,8732606000
814.1591621062595,333.47789988118313,873.48330,8734833000
813.9070399132215,365.5596596912291,873.73300,8737330000
825.3587179455064,370.4074962471156,873.95930,8739593000
791.0568232333121,373.6765013200544,874.17670,8741767000
810.9155634406306,405.5903448781197,874.39780,8743978000
879.6206578319791,401.5892719293424,874.61420,8746142000
851.1223665588793,406.036079332669,874.86450,8748645000
992.3266621295564,318.87915599870024,875.10900,8751090000
1114.2464978642552,258.26368391340077,875.32570,8753257000
1177.068606034189,203.68688853664793,875.55970,8755597000
1224.0627433707125,168.18353507648175,875.76940,8757694000
1175.755351239499,173.85680352923248,875.98360,8759836000
1136.3551996297326,197.7260361392976,876.19290,8761929000
1060.5033791675405,229.21177334106466,876.41010,8764101000
1017.8775979761173,260.40051433890994,876.62720,8766272000
944.0954830266098,228.80240203598075,876.84740,8768474000
855.3385590309539,227.7229158925796,877.12170,8771217000
910.768137446127,226.4052680499185,877.34790,8773479000
851.8576947831988,244.9584184149087,877.58540,8775854000
740.7060010293607,245.52994069417934,877.80530,8778053000
790.0655641892539,258.4301868500875,878.03090,8780309000
871.6741642266857,298.5343809916961,878.24450,8782445000
881.9244751878348,313.11296752268987,878.45830,8784583000
905.9351797748976,317.1137061398165,878.66890,8786689000
919.6493630347727,330.84147759972245,878.87730,8788773000
961.8368709652518,323.858977229669,879.09650,8790965000
996.6033691002984,296.28931802658116,879.31730,8793173000
1074.122349278324,233.42322696665371,879.54110,8795411000
1010.3546349237281,203.15375007230597,879.75810,8797581000
910.7085438570083,153.5188607631399,879.98060,8799806000
811.3372045999924,106.10988469871853,880.20910,8802091000
840.9835182882136,280.2974249311646,880.43940,8804394000
749.9767317548051,291.07858528377324,880.65130,8806513000
767.2846865042796,324.2556286690532,880.86870,8808687000
799.4640804506504,395.5232361342993,881.10140,8811014000
801.9522463092259,387.7739018963683,881.31620,8813162000
802.6798850526886,538.7663048982091,881.53020,8815302000
713.742513107876,632.8161862629146,881.74530,8817453000
620.917835600154,690.8415655872598,881.97210,8819721000
585.055965082798,682.466593775464,882.19110,8821911000
652.2445349664149,800.9058877136732,882.40490,8824049000
814.1842027002878,790.4436702362436,882.62250,8826225000
871.0022746814601,739.7273041282194,882.84450,8828445000
868.6751201611582,659.2354745415065,883.06260,8830626000
941.174582247473,641.366934519281,883.28250,8832825000
930.7875350472027,604.7576575107985,883.50490,8835049000
955.4805652761022,488.3270664888838,883.72550,8837255000
1062.9083034692953,476.21032126968146,883.93750,8839375000
1055.5146130306327,431.99448757706546,884.15370,8841537000
1048.475717812531,416.67459548615363,884.36440,8843644000
1068.0628912120508,376.6583571272202,884.58240,8845824000
1079.1822068448364,383.8671137387999,884.80990,8848099000
1050.9412794490097,286.0405741216673,885.04200,8850420000
1056.674215446225,280.577316555169,885.28770,8852877000
1166.9509641417214,245.04885248292456,885.51450,8855145000
1213.8845883263834,212.06837783511918,885.75690,8857569000
1229.3761749656064,213.07310935781328,885.98400,8859840000
1174.6061632539206,251.9507902970939,886.20540,8862054000
1089.6585353635692,260.7519982145916,886.43840,8864384000
1019.9685281482882,297.8800517092363,886.65620,8866562000
973.052512513077,352.14715709634754,886.88830,8868883000
967.8719724764508,389.02126778179104,887.11250,8871125000
787.5687588990556,378.45781820908945,887.33760,8873376000
801.5972411118555,367.33495675535687,887.56080,8875608000
803.8214537498283,335.1432820847842,887.77070,8877707000
796.1494437943093,321.46197828938864,887.98680,8879868000
846.7574174726124,304.2376113075105,888.20320,8882032000
825.1492109800655,251.75414021709952,888.42390,8884239000
818.890850119153,223.44909077578114,888.66340,8886634000
867.4523831404094,284.01957218294365,888.88330,8888833000
944.9523202129102,317.8105058173945,889.12640,8891264000
990.268628582758,311.8551150961522,889.38830,8893883000
980.685276794264,297.915612093857,889.60250,8896025000
1160.9409602742112,297.74088419350056,889.86210,8898621000
1123.7377708592855,263.454890969079,890.08950,8900895000
1073.3816351278372,231.03608391460975,890.30610,8903061000
1082.9723058650611,268.55255335066073,890.52830,8905283000
1041.1589487481822,286.6601520299502,890.73740,8907374000
1007.0187904282765,253.96095016253295,890.95030,8909503000
907.0491957292766,246.81203952656313,891.18440,8911844000
834.4858045477747,290.46877817317835,891.40170,8914017000
846.5680063080026,291.50849945083553,891.62210,8916221000
791.0149914496868,351.8106766489836,891.83970,8918397000
715.5585821945874,347.8749803004171,892.06600,8920660000
677.7167987166604,354.82568211733155,892.28090,8922809000
706.7361233043224,383.844777762866,892.49870,8924987000
816.2418016224026,380.3541377227906,892.71380,8927138000
807.8123377796011,368.5083910581645,892.93610,8929361000
845.0117041765836,324.68867166018504,893.16030,8931603000
914.2767956603537,330.4701002801515,893.37760,8933776000
895.1999710091412,307.80903857453995,893.59610,8935961000
959.0173317380422,320.5202771780186,893.81490,8938149000
969.7715890990049,297.4606253963754,894.08250,8940825000
1077.1052324683428,212.30706978987342,894.30120,8943012000
1146.7560864665688,160.0610178414688,894.52790,8945279000
1184.646201946454,164.3724316170758,894.74790,8947479000
1266.3031235786448,207.15487137454463,894.97530,8949753000
1298.2275915237303,220.9485096043669,895.20190,8952019000
1327.9269045907758,213.25589326255096,895.42040,8954204000
1339.9507816193423,250.25183533686578,895.63990,8956399000
1207.062860976885,311.9256926652983,895.85740,8958574000
1018.1917960899934,316.6435197766869,896.07500,8960750000
869.3756583368813,300.178438725224,896.29600,8962960000
786.761020799406,320.2333835802348,896.50570,8965057000
707.3728916740989,317.85046094921574,896.72400,8967240000
897.8898201711862,338.0193358713134,896.92970,8969297000
1008.783033251256,282.78099779169975,897.14350,8971435000
1120.3949168988615,219.21073422572601,897.36420,8973642000
1207.9833540228026,164.28741313283368,897.60480,8976048000
1083.320630497543,206.49142603696535,897.82580,8978258000
990.4021337022381,213.4443535875352,898.04210,8980421000
1073.6659317871527,203.02982200296418,898.28080,8982808000
1149.2622743358281,181.51621866279982,898.49900,8984990000
1216.5345806488494,148.546010800056,898.71890,8987189000
1222.6813725014526,175.18183366546023,898.94370,8989437000
1254.5240815893405,145.58451823880134,899.16330,8991633000
1275.0133145757934,136.35404306502267,899.37480,8993748000
1250.0795916188051,115.77279320462411,899.63750,8996375000
1065.9193562525338,220.83928335562368,899.85530,8998553000
1131.1627934750536,268.00621207774407,900.07620,9000762000
1122.0641672946706,249.06051948795258,900.30170,9003017000
1166.9762415627624,263.513918477398,900.52460,9005246000
1219.9592902133627,260.5618223710693,900.76240,9007624000
1295.9930836500369,230.65746500383779,901.02020,9010202000
1306.7729639177724,249.75026320832802,901.25960,9012596000
1208.638789725643,345.4023738859215,901.48120,9014812000
1149.2176463555115,444.06626091313774,901.70970,9017097000
953.7883129714863,459.7241610929913,901.95350,9019535000
784.8466013740797,454.22808272656056,902.17820,9021782000
664.3710459158017,458.99877782362296,902.41310,9024131000
601.4780656527817,462.3316935043706,902.66330,9026633000
617.151037512175,457.15840596655147,902.88450,9028845000
533.1014249463761,485.0824638745202,903.09880,9030988000
496.91106962694715,488.91963382198935,903.35880,9033588000
543.2799836090389,484.61055417611846,903.58010,9035801000
487.24744215008775,499.7588107313319,903.79880,9037988000
521.7402864070356,523.3876763775135,904.03400,9040340000
547.6233634908766,559.1369948428386,904.25350,9042535000
577.1967592159939,564.6879485873945,904.47320,9044732000
546.6657654519847,532.1574697159899,904.69460,9046946000
681.4057089642639,452.53286815541253,904.92550,9049255000
752.2475611985304,362.7377555436982,905.15010,9051501000
839.7563977324486,269.7084994349707,905.37460,9053746000
857.3752398468026,315.38647150608756,905.60210,9056021000
862.2708140249632,322.16317105831206,905.82220,9058222000
843.4226879567266,307.94906758262215,906.04240,9060424000
813.9008941028399,285.67949916404496,906.26350,9062635000
800.3450220998634,207.09561314119108,906.49520,9064952000
763.4463175410622,208.2374935626818,906.73250,9067325000
753.93977581986,284.2404633509225,906.96390,9069639000
781.7894274375316,364.0260226750977,907.20780,9072078000
805.6876274282646,418.94966395931544,907.42290,9074229000
821.2720620673923,454.15966810887306,907.64060,9076406000
749.0772148573056,473.8889767176606,907.85810,9078581000
749.1876563144646,476.9587458396225,908.07390,9080739000
740.9179209692925,489.1177108366462,908.28650,9082865000
672.0493518753348,496.6860826648606,908.50280,9085028000
717.1501576416174,463.2416921828759,908.72060,9087206000
765.4745712961997,425.9414409687846,908.94610,9089461000
717.3844791382921,432.4886915252688,909.19270,9091927000
706.8200381528665,452.9744247168667,909.41840,9094184000
724.5662367707496,423.69203316846216,909.62530,9096253000
657.5952121393378,450.1821361424579,909.83600,9098360000
628.9201647356805,448.7444196352603,910.06300,9100630000
606.1522635104795,492.4565654689555,910.27440,9102744000
659.8770470390575,509.71759768728015,910.48090,9104809000
687.6841400044985,528.919607292849,910.70070,9107007000
701.4427340337888,523.1914774121968,910.92120,9109212000
723.1137284578591,511.0328571575861,911.13150,9111315000
773.5201590593988,461.5047428664633,911.33840,9113384000
759.5547795494973,418.2528345579671,911.56680,9115668000
739.3023130621523,421.8370309455815,911.78880,9117888000
722.7778028922872,392.3757849465057,912.01110,9120111000
711.2068961432184,327.28421090132474,912.22890,9122289000
795.2684685479769,408.9500686777795,912.44490,9124449000
896.9684197217535,335.98699752334693,912.66660,9126666000
883.1863012248014,325.65107515933886,912.87760,9128776000
837.7605644580008,358.9980991952191,913.10220,9131022000
778.6596971253725,366.07878805088166,913.32040,9133204000
679.9792380827064,337.21441644127543,913.54170,9135417000
646.963042941798,341.16615266224335,913.75890,9137589000
759.1007895000997,364.26886517448133,913.97530,9139753000
886.8304326026968,316.5550123815892,914.19830,9141983000
889.7702463952833,331.41873249349845,914.41150,9144115000
914.0469102144812,353.40630263996206,914.63380,9146338000
779.8330185301924,382.0969537953238,914.85590,9148559000
784.0256747500594,362.63380879156887,915.06980,9150698000
727.3506448764388,358.00417899226727,915.29270,9152927000
679.2487247381391,462.68732667798406,915.53790,9155379000
681.4808663032153,488.41779164986576,915.74750,9157475000
717.1805622641006,461.99904341612057,915.96190,9159619000
706.6785168619136,479.2740678373093,916.17660,9161766000
845.5525446459117,481.8170531170029,916.39600,9163960000
902.8808498008457,501.29346962174736,916.61510,9166151000
910.4052056453044,487.4174964093775,916.83050,9168305000
984.2794454834917,478.79207447571594,917.04080,9170408000
1001.726423038901,446.268704443074,917.26020,9172602000
960.5997995013267,383.49789420317535,917.47080,9174708000
997.576410565563,358.2050437686058,917.69900,9176990000
1040.0550107718377,317.4049814781441,917.91390,9179139000
1113.026693794129,231.22791994287735,918.13630,9181363000
964.9775421408311,181.8135465607543,918.35150,9183515000
909.8107204740286,182.88686434926646,918.62250,9186225000
888.1997230097564,198.20362107486716,918.83320,9188332000
906.5717340090094,219.07376723653317,919.04470,9190447000
820.7500941343064,242.6610816525176,919.24900,9192490000
733.3264629328007,291.6915404482098,919.49090,9194909000
696.962570119305,295.24573509060104,919.71350,9197135000
630.6133000595455,300.53256780992143,919.92490,9199249000
604.1000557096124,313.0037082936586,920.13620,9201362000
598.2185911484019,269.48402229682375,920.35350,9203535000
778.5577182389707,220.84957904382594,920.57640,9205764000
856.0570840871908,193.78809681351004,920.79840,9207984000
783.1798750157018,194.98688393254173,921.00940,9210094000
779.0711886799127,215.25516565564516,921.22860,9212286000
727.5842260075032,230.817324106326,921.44730,9214473000
764.9379880688468,246.30168122249293,921.66120,9216612000
765.0970829092066,288.8339815140563,921.86830,9218683000
752.7667206312905,311.3872482335643,922.12160,9221216000
671.1752928672475,269.91015196912434,922.33730,9223373000
838.6940525985552,268.47396656705064,922.55040,9225504000
976.16954452615,269.99644227257005,922.76110,9227611000
1075.6033019029794,240.8395845438764,922.96990,9229699000
1082.2283418328836,268.29667006563295,923.18090,9231809000
1067.705197433114,259.3276713602394,923.40200,9234020000
1059.0998000200063,247.39575583331614,923.61220,9236122000
1113.973196245177,249.34220598603065,923.82950,9238295000
1005.950124542826,366.1391686755501,924.04750,9240475000
835.8668632895219,342.06438055987195,924.25870,9242587000
738.3438489897694,334.9499932789469,924.47820,9244782000
679.073813201122,345.81670726451443,924.72330,9247233000
814.3439739448363,297.67036421681473,924.93220,9249322000
832.5352652339058,299.8066145338262,925.19430,9251943000
955.8596206867305,321.036606565141,925.40760,9254076000
1092.7063390522485,285.694495597761,925.62850,9256285000
1003.3147604938468,293.7682224356949,925.83600,9258360000
938.8531431245945,287.84070232315463,926.04920,9260492000
804.4755909271261,243.6570507286601,926.27750,9262775000
792.3255912031127,277.74635362448504,926.48720,9264872000
824.100209767586,303.97582373962274,926.70220,9267022000
816.1601904931684,291.40098786430997,926.97160,9269716000
863.1367524143175,324.93032745155733,927.21780,9272178000
846.5743858286633,347.13100410329713,927.44980,9274498000
831.0494753293608,287.1621703672761,927.65940,9276594000
900.1587335388824,282.6848765000355,927.89270,9278927000
907.1516716900505,363.9534701428755,928.11510,9281151000
861.6523291832181,318.7106607860025,928.33090,9283309000
870.9698132441666,297.45862330340617,928.55890,9285589000
783.5483364249969,324.754504463741,928.77030,9287703000
740.1195818099729,363.34612236812507,928.98320,9289832000
662.2840295224099,401.8858752845175,929.20070,9292007000
615.1230431362973,410.9815366405562,929.41800,9294180000
606.3078196214739,413.3751251985928,929.63060,9296306000
597.1927659746959,443.3706459905989,929.85250,9298525000
551.869785214101,443.6018506354782,930.06760,9300676000
545.0878296682708,472.3808015541986,930.28290,9302829000
487.93703639490093,439.5450153214107,930.49870,9304987000
498.0701818909383,451.92626562831856,930.71680,9307168000
438.75812898054,419.788203523939,930.93840,9309384000
473.38043701640277,459.9019637770052,931.15930,9311593000
520.1536740810093,468.1519760407028,931.37010,9313701000
583.7741079159816,488.7109400662849,931.59990,9315999000
503.04113080125785,450.3647772852894,931.81110,9318111000
490.21139275431455,437.62798962561686,932.03000,9320300000
473.16501812235117,425.4883645122875,932.23840,9322384000
455.4504754452074,372.23597573912866,932.45760,9324576000
486.99898807142785,391.8114060427895,932.66830,9326683000
539.3234509690178,418.15780275508405,932.89010,9328901000
589.1909612738712,426.21134783939635,933.10350,9331035000
585.2066231027028,431.79125652364297,933.31710,9333171000
591.7037167159062,422.5627588532238,933.53210,9335321000
618.8620338341115,412.44448995617006,933.75570,9337557000
633.5075306821733,418.765499962233,933.97430,9339743000
641.8964065032179,479.7993684552958,934.18870,9341887000
651.1791752289832,528.0593930677405,934.40410,9344041000
624.8892301670785,561.8039947916639,934.61520,9346152000
611.8316492393559,578.6177405437505,934.83420,9348342000
597.2979680375867,607.1541748590282,935.05490,9350549000
569.2517024978265,622.9012284141535,935.27050,9352705000
529.4792033042053,644.6035017698945,935.49090,9354909000
563.1755073267085,596.0503357658574,935.72230,9357223000
716.1936916857468,482.7519079278515,935.96320,9359632000
788.5302842309036,437.7883272206776,936.17490,9361749000
880.7170815341267,419.4822737911443,936.41090,9364109000
978.9532818163932,343.82414209775544,936.62750,9366275000
1085.437525640958,302.9603575035656,936.83610,9368361000
1182.7324887579312,302.3773224875895,937.08800,9370880000
1155.0037167528108,270.35653059254486,937.29950,9372995000
1131.270192098604,266.1261287300364,937.51290,9375129000
1176.5803357224831,313.9381521270019,937.72500,9377250000
1185.754807387274,380.26109427690164,937.96490,9379649000
1077.7131317847102,489.93883366332614,938.18250,9381825000
940.1513897773486,568.6858851290486,938.39490,9383949000
870.2020894940418,598.3586807909402,938.61150,9386115000
815.2567862237529,588.1537240134539,938.86540,9388654000
740.5804442053549,613.0937938999324,939.11830,9391183000
648.9538611426957,599.1831960142955,939.36770,9393677000
611.5552510545818,589.3525000846857,939.58550,9395855000
634.3485588861132,587.5231724312627,939.81050,9398105000
639.1507616888643,583.7813836922853,940.07090,9400709000
692.756940469447,567.1411110104609,940.29310,9402931000
753.2202297946052,540.2984270059677,940.51250,9405125000
830.9973115124658,520.9075264181522,940.73390,9407339000
897.1135687261161,509.42800948839727,940.97520,9409752000
927.0968988423994,509.1848835160684,941.19530,9411953000
939.0208911871729,503.97740599407416,941.41770,9414177000
882.7886850051682,528.5034091549315,941.63060,9416306000
842.5639390116144,533.0501571205095,941.85480,9418548000
830.042341620019,499.4536289503021,942.07110,9420711000
802.6190091470735,517.6368320635021,942.28590,9422859000
724.0089522199796,488.2936216689542,942.53660,9425366000
711.7240715302531,459.26038497322475,942.76040,9427604000
702.6175511872177,415.2689559338078,942.97360,9429736000
686.1935794376659,407.9085324798886,943.18610,9431861000
688.2969454172061,429.9272819406549,943.39930,9433993000
747.5278002880365,468.16884169684624,943.61000,9436100000
859.2163636780435,533.477832290486,943.82430,9438243000
870.3329491651288,503.2399354106591,944.06760,9440676000
947.9321987178841,543.5092680078643,944.32040,9443204000
1012.501171272817,553.5632511996031,944.53540,9445354000
979.3462390626278,611.3735299021054,944.74960,9447496000
981.0000145625927,654.0116585115405,944.97070,9449707000
971.182057532907,668.0079960745082,945.23080,9452308000
985.1756706044533,708.2494015837411,945.44890,9454489000
989.5197473261935,743.4277615013704,945.66550,9456655000
930.1700834637547,717.6783871710118,945.87580,9458758000
870.7510713815846,726.5541161146454,946.09910,9460991000
882.105702779291,716.5093516889457,946.31060,9463106000
883.7258336245841,723.232005909409,946.52580,9465258000
845.8637768791509,776.5739500547492,946.74220,9467422000
789.247815438723,778.5501799106145,946.95890,9469589000
742.6525241002041,769.122716891364,947.17060,9471706000
661.9346263735285,761.255197376601,947.38120,9473812000
578.8968158948586,749.3706090423277,947.58990,9475899000
509.81921350499914,774.4409987799485,947.79790,9477979000
478.3724139993721,765.3149723957694,948.00790,9480079000
430.76038539266665,740.6576419936939,948.22270,9482227000
635.6544877082192,706.4960263957764,948.43510,9484351000
708.2598804210387,669.2185380118291,948.65360,9486536000
765.7811942372338,648.7337852258644,948.86510,9488651000
790.067145071162,565.3507485440259,949.07880,9490788000
837.3307138889929,483.914482980156,949.29890,9492989000
952.1229002750407,452.73204312674324,949.50860,9495086000
1026.430759481565,410.5758282500328,949.71980,9497198000
1068.9220117338134,365.6386874064296,949.93740,9499374000
1089.7230184557127,283.97917936197763,950.15800,9501580000
1084.4712485622117,299.2952019419461,950.36970,9503697000
1028.8910363151756,307.54971783631487,950.58800,9505880000
957.1740578324844,324.80227346619995,950.80900,9508090000
822.7022428360934,305.03485578157296,951.04180,9510418000
685.6144430905141,284.4596375925499,951.27140,9512714000
670.362541537529,290.9349438959796,951.49090,9514909000
683.252948564229,320.67558584459346,951.70950,9517095000
644.3611629998435,285.46696600500667,951.93670,9519367000
663.8164020942363,297.39096551350656,952.14470,9521447000
673.6950443764979,311.8715956638105,952.36320,9523632000
657.109912988554,338.30910162828815,952.57770,9525777000
632.4411498908958,368.74992897565727,952.79650,9527965000
613.4822656212527,375.35346625681933,953.01500,9530150000
577.8065735916472,403.56366818187615,953.23670,9532367000
605.9478051783619,506.62807750186107,953.46520,9534652000
482.9318437679467,498.87100650933274,953.68060,9536806000
499.9216161113158,433.509264281667,953.89870,9538987000
543.3089709618987,464.6853222709325,954.11920,9541192000
591.5989463176352,521.2294755558246,954.33200,9543320000
672.5171278903063,576.9132621617014,954.54340,9545434000
730.6765884022244,587.3545125668434,954.76670,9547667000
1009.376033435005,592.1707049389535,954.98410,9549841000
975.3517358609065,646.059308150938,955.20150,9552015000
995.859811922972,602.1660838875904,955.44950,9554495000
968.7266219282271,579.7596494959296,955.67860,9556786000
1011.3973787133573,511.58992421903673,955.90450,9559045000
1092.809777981985,442.28806442827954,956.12880,9561288000
1107.7352941857303,556.2584997333095,956.34020,9563402000
1180.4545457868771,518.8215529527675,956.55710,9565571000
1065.8466213694285,575.3416557465007,956.77150,9567715000
963.5799769086219,591.5453710209431,956.98380,9569838000
891.4503191074351,505.76685507090383,957.19610,9571961000
843.3010921401468,512.9615754280784,957.40980,9574098000
851.8173010069978,422.56141909938674,957.63400,9576340000
840.0273115217378,347.92106244647056,957.87500,9578750000
836.4533274021484,291.8155922832731,958.08340,9580834000
864.9654228000401,267.6300135027733,958.33510,9583351000
864.3224310924494,205.66801254177187,958.55420,9585542000
935.8411360857704,144.99613404636713,958.77160,9587716000
1053.178411099419,165.54195518599064,958.98430,9589843000
999.315671442209,342.210093355408,959.19850,9591985000
932.0533706008057,472.62617153290273,959.41580,9594158000
920.4040979874316,584.056145039653,959.63100,9596310000
892.4603429779825,671.1520386621905,959.84920,9598492000
874.6767175253259,778.437851875973,960.10300,9601030000
924.8592538156972,634.5207477860793,960.32330,9603233000
964.447594493698,712.2718158941634,960.53810,9605381000
849.5780041384504,631.5944772214289,960.76090,9607609000
865.7918976184027,636.4720742623114,960.98730,9609873000
788.2106627194675,660.2237435454679,961.20280,9612028000
722.8170295214994,668.7714040552601,961.41840,9614184000
763.1948332080985,650.076650062485,961.63360,9616336000
896.1210100032308,668.5216681366336,961.85120,9618512000
955.8562381398397,705.7366678359075,962.07340,9620734000
1024.9346272486193,697.2368397725099,962.30130,9623013000
1110.2266770522529,761.1756811072239,962.52140,9625214000
1057.8961219537218,713.8151026564984,962.73970,9627397000
1006.0898233621489,672.7545824774136,962.95480,9629548000
999.3538211630083,583.7316542882053,963.16980,9631698000
904.1593809269046,527.2802949637813,963.38250,9633825000
894.9970115760225,455.0289247812055,963.59470,9635947000
891.5956057765635,414.8475463994275,963.81100,9638110000
832.6385969361088,387.64820641735287,964.03010,9640301000
788.6538612009913,384.2685289204748,964.24480,9642448000
776.8412601576287,424.13704870531814,964.47340,9644734000
838.9191489905737,409.5199906583486,964.68360,9646836000
849.0339744163891,439.87831441120227,964.90720,9649072000
781.9387739845852,435.96176634697906,965.12710,9651271000
814.3388646733287,504.2135397295393,965.34510,9653451000
897.8369897538026,541.351775614886,965.56910,9655691000
905.9552249986651,537.1484650670677,965.78640,9657864000
946.3555432522297,587.2737866460131,966.00200,9660020000
901.3755274252829,581.7319030166972,966.21820,9662182000
800.2664175935566,622.621668708598,966.44170,9664417000
804.7369477616193,625.8330532459956,966.66290,9666629000
802.582269704665,635.2382660785562,966.87840,9668784000
824.3488573568054,674.1905572666689,967.10080,9671008000
793.561707274434,706.3967646278537,967.32120,9673212000
774.3807739225741,712.2724094633674,967.53920,9675392000
801.1142353441713,675.3505946005913,967.76270,9677627000
760.2821058859428,635.5108843541086,967.97800,9679780000
774.2010867571828,582.8508775719556,968.19370,9681937000
718.290502708626,563.0411497939835,968.40300,9684030000
794.9879153164336,554.7998842134591,968.62150,9686215000
864.8592620543182,480.71426205941594,968.84020,9688402000
934.9875423868056,461.8828450668445,969.06210,9690621000
851.5645382330717,421.51074611180155,969.28350,9692835000
787.6199491643526,391.884487056804,969.49420,9694942000
809.2409535517343,380.399087900303,969.73010,9697301000
898.2056098312145,430.00644248775774,969.94440,9699444000
913.081195140388,475.3418147309216,970.16480,9701648000
928.3428243187433,594.6250698328043,970.37820,9703782000
975.5479913084323,671.1324341351092,970.59600,9705960000
1069.4849394406183,772.5602639106809,970.81260,9708126000
1157.0219117391082,866.9332028764798,971.03900,9710390000
1142.8243034074699,896.180446084203,971.26230,9712623000
1131.4566293392534,931.1227650749903,971.49460,9714946000
1126.784234508602,982.4376963316766,971.72240,9717224000
1204.6706319289344,966.150621058314,971.93740,9719374000
1263.1887505971058,966.306252838505,972.15680,9721568000
1308.967295890474,921.2514416550868,972.38740,9723874000
1292.8940929304854,829.1821452576146,972.59710,9725971000
1312.4898379557378,778.491381259456,972.81110,9728111000
1305.9522088769645,728.456913355642,973.02950,9730295000
1157.9810845864258,661.5386838055421,973.27470,9732747000
993.9770815614226,596.9683282661962,973.50380,9735038000
798.0068419589552,627.6927539942715,973.72880,9737288000
727.0094702666938,630.2313502621214,973.94590,9739459000
708.2860153533143,599.4426430576605,974.15880,9741588000
673.566666639282,601.4643869663988,974.37460,9743746000
553.9430782797791,653.3553450016276,974.59690,9745969000
455.83203450279893,704.3761970626973,974.81230,9748123000
439.7667831019666,757.1893859801651,975.03760,9750376000
416.8960984519028,765.039778734211,975.26240,9752624000
367.51947656910136,816.8028227103878,975.48380,9754838000
412.0138817540859,801.5201078598946,975.70230,9757023000
453.54880711559906,821.4592959256922,975.91110,9759111000
437.2816732981223,828.6979858620033,976.12830,9761283000
427.600011981723,822.6495389837503,976.35340,9763534000
386.9821355575613,855.1343331875249,976.57900,9765790000
469.26963835353024,836.9326109756755,976.80400,9768040000
558.9911002151634,794.6222394061241,977.02290,9770229000
539.1083310612869,745.1701581996592,977.24220,9772422000
549.4969850089708,734.7348632938422,977.47080,9774708000
529.792063946454,717.2227844475092,977.72850,9777285000
478.8741757848529,735.1061466544911,977.97370,9779737000
454.94840198427187,742.6799071769054,978.23510,9782351000
431.53765465826194,789.7154120066698,978.50030,9785003000
427.16133488134295,771.6750493223818,978.76610,9787661000
386.06043577930996,806.0841567971281,979.03650,9790365000
399.71799583699436,795.688986267716,979.30090,9793009000
382.70184586400353,791.1368730894429,979.56490,9795649000
415.54118008513495,799.9455015497812,979.77550,9797755000
440.3482164995465,834.3837887391052,979.99490,9799949000
429.0400874770563,807.2717192488782,980.22270,9802227000
382.59757842582667,769.4496322734483,980.46790,9804679000
375.56444918802345,776.5112694618563,980.69480,9806948000
335.7778859851371,749.1307110223753,980.91130,9809113000
406.5692718917171,725.2724149640533,981.13870,9811387000
563.5112611476387,648.0465534461305,981.35310,9813531000
657.734946504387,539.1102757775944,981.61910,9816191000
728.1683420510542,446.78220173923205,981.83000,9818300000
805.1811242264695,387.1095738266248,982.07260,9820726000
859.1649559720126,337.10331575998345,982.29190,9822919000
790.6024262266546,300.0702444588097,982.54000,9825400000
786.2696529382628,290.1272551009923,982.77220,9827722000
826.7071563471367,282.13700815979865,983.03090,9830309000
908.909037153774,274.18442763896087,983.28810,9832881000
964.5682994821726,274.3795165710265,983.50270,9835027000
891.2458998743277,290.74156017958467,983.73030,9837303000
836.4370150730864,332.8956569647427,983.95050,9839505000
851.3354838425034,358.05300343823535,984.17670,9841767000
817.637154972303,370.60199290398504,984.40430,9844043000
777.8731890182822,365.5577101157487,984.61140,9846114000
752.8070665937871,379.81533153351455,984.81810,9848181000
723.9603694953255,408.70020482715216,985.03830,9850383000
732.3210125938572,401.05496405560604,985.25920,9852592000
697.8406152042669,421.28052734451836,985.47440,9854744000
699.921568391695,446.0348637627951,985.68930,9856893000
656.0783845156626,433.2495228581893,985.90900,9859090000
638.4055345640943,429.83743910857885,986.12400,9861240000
662.935701014819,433.96369987177394,986.37220,9863722000
616.8751822668648,466.88789684500205,986.59080,9865908000
644.4067153252422,465.39769375363977,986.81270,9868127000
646.9242804147095,491.21638717637796,987.05100,9870510000
685.046275699874,485.45144019297527,987.26240,9872624000
716.08888053744,488.1101834198886,987.47350,9874735000
702.9306901805764,480.9164909715737,987.70200,9877020000
738.832012192825,455.4806126943147,987.92140,9879214000
754.7138704212297,453.24494571303666,988.15980,9881598000
839.8997925513081,468.35912398207915,988.37040,9883704000
891.463848977634,467.1139232834945,988.58730,9885873000
928.3301272326783,457.7198900143455,988.80600,9888060000
954.5264336775052,440.66829511571405,989.01910,9890191000
938.7346312049302,338.51194166702135,989.25020,9892502000
968.9177972134794,334.4188409020027,989.47940,9894794000
949.6528070829188,320.62496636235466,989.69500,9896950000
888.9700447175971,348.08122683683206,989.91150,9899115000
868.1036847796546,457.9432333800494,990.12940,9901294000
778.7305704007207,497.3682806136218,990.34460,9903446000
752.4602561176009,495.5824480323891,990.57770,9905777000
730.3119072173665,517.6624405511135,990.80440,9908044000
729.1602871983881,507.6846133124494,991.01760,9910176000
734.9807564427342,496.4459534786031,991.24770,9912477000
674.2343808552704,488.4496095057225,991.46520,9914652000
658.6386125583889,484.60714103881514,991.69160,9916916000
655.5695785017373,513.3284340881021,991.90690,9919069000
629.3362549100923,518.8302372110861,992.12380,9921238000
602.0013070496989,542.63147872222,992.33580,9923358000
594.0589044944451,561.3351281652871,992.54510,9925451000
565.8661541361267,593.7360258503109,992.76700,9927670000
543.8288662758819,601.7639902117817,992.99210,9929921000
529.8266674995357,603.100515623419,993.20280,9932028000
548.3570402393367,593.6149299292049,993.41840,9934184000
606.7524656754638,608.8911593468462,993.63370,9936337000
640.3046854711627,585.1096498408388,993.85130,9938513000
671.1600962821352,548.682017775509,994.06190,9940619000
815.5869625353571,530.853014898545,994.27520,9942752000
869.7411510843106,447.07860517768086,994.49520,9944952000
932.2547264896034,421.6278872942953,994.71420,9947142000
968.4571603680425,424.85450706424626,994.94000,9949400000
959.5319096846259,413.61544963746854,995.16290,9951629000
975.5914996996822,440.23778318658674,995.38560,9953856000
982.5159195498386,420.7324297954552,995.64530,9956453000
974.3163481626583,425.97296711249544,995.86290,9958629000
965.3892036702428,421.8237063865674,996.07890,9960789000
978.6443714146071,444.5115694632212,996.30240,9963024000
1065.939363417809,412.74849860766585,996.51930,9965193000
1157.8422912179356,366.91304025794994,996.73470,9967347000
1245.6326970105308,329.2411754651106,996.94730,9969473000
1233.5414837570968,294.1957982543231,997.16300,9971630000
1152.6776391380552,331.9473742809697,997.37290,9973729000
1091.7687614676145,420.1170533970712,997.59480,9975948000
1009.2220208555823,409.1085239557437,997.80910,9978091000
889.7213458986915,423.35152070196546,998.03000,9980300000
723.0290282005774,399.38345603183535,998.24730,9982473000
668.8697861896857,395.855822611215,998.46510,9984651000
689.4847634795663,399.44364049258127,998.67350,9986735000
662.5666013032181,396.5703724329379,998.90860,9989086000
654.5513270373137,399.1218787919712,999.13550,9991355000
687.8216557586618,412.3499683731806,999.34660,9993466000
743.4216871751692,484.06692130446163,999.57080,9995708000
759.8537961030625,542.9866638139744,999.79030,9997903000
772.3065781531425,537.2389331102132,1000.00260,10000026000
675.4558902895636,564.196544044042,1000.21890,10002189000
576.9835756404209,525.6854777308102,1000.43860,10004386000
512.7443792171952,480.79685603744423,1000.65500,10006550000
465.89370192628843,420.96418096212653,1000.87300,10008730000
627.8269685928976,346.98350507852444,1001.10580,10011058000
504.97404917473136,344.9693892821578,1001.32810,10013281000
399.44422504729994,345.83021664266624,1001.53860,10015386000
314.79626465966084,331.3230151144814,1001.75490,10017549000
353.96698717526635,338.0167025964085,1001.97050,10019705000
466.22977181002227,343.38482326497524,1002.18680,10021868000
565.9379561932711,353.5655590814874,1002.40410,10024041000
686.3072640536653,413.89517349885693,1002.61620,10026162000
719.7943246097997,428.08262878798035,1002.83330,10028333000
796.8539368666505,391.46600697997536,1003.05820,10030582000
923.3588757014546,425.61353065921736,1003.27020,10032702000
990.2600174467037,443.6909755304426,1003.48210,10034821000
1161.1681475954754,495.41918301268396,1003.69550,10036955000
1167.5949750636667,537.055200996779,1003.90840,10039084000
1224.530510438491,541.347721408761,1004.12430,10041243000
1169.9903491749321,493.53063072097495,1004.34280,10043428000
1249.2143921297682,493.2511139314092,1004.60560,10046056000
1194.9043096084902,453.3241612665345,1004.83240,10048324000
1089.5220115212041,432.9341061985184,1005.07910,10050791000
1050.539666818283,406.3605647356872,1005.30030,10053003000
1022.4317904359627,374.32486472150083,1005.51710,10055171000
1023.5234822134869,396.6469388498993,1005.74050,10057405000
990.561695697149,366.9161347873858,1005.96860,10059686000
979.3881191972885,491.27655067726744,1006.18990,10061899000
1001.674530177323,592.0788897569691,1006.45140,10064514000
1044.644845264682,665.8711582877013,1006.71720,10067172000
1032.735070613507,653.6672982960303,1006.95740,10069574000
1024.7074007136791,657.2918464265405,1007.20390,10072039000
1030.4676130042499,609.9439775913853,1007.41840,10074184000
1028.4913032996083,514.1315641917656,1007.64900,10076490000
978.7601336399342,452.0977271856387,1007.88270,10078827000
978.2631109565503,448.8578064590289,1008.10020,10081002000
861.6074175061642,432.1789977973369,1008.32320,10083232000
935.5716899785779,468.28599511907225,1008.56650,10085665000
992.5995293135175,532.5932440481884,1008.79280,10087928000
968.6870243661841,551.2121197230675,1009.02120,10090212000
907.5846307911338,456.7922150760857,1009.23890,10092389000
1078.0778194555332,421.52011843090423,1009.46580,10094658000
1051.7598379443334,390.8765626246095,1009.68740,10096874000
1086.4323155433306,421.6832075470477,1009.90300,10099030000
958.536588547963,386.4761080641955,1010.12520,10101252000
861.8893975782846,376.29694570480365,1010.33830,10103383000
872.1980294474779,331.31936050515407,1010.55770,10105577000
846.6864269497046,324.5135916901037,1010.77570,10107757000
802.7550152084725,297.32442716784374,1010.99520,10109952000
901.4024098583801,272.5281869079158,1011.21580,10112158000
851.0693194729372,295.2447794150749,1011.43390,10114339000
855.7861554880021,265.0434830600255,1011.65950,10116595000
835.5937098531742,223.18797315303217,1011.87610,10118761000
890.2826027116245,238.2104273061493,1012.10160,10121016000
952.5563319053147,269.5863268613771,1012.32380,10123238000
986.9418370288683,266.39296725524986,1012.54170,10125417000
956.7790125171156,234.88069614379245,1012.76930,10127693000
907.9608029100016,274.50012764218576,1012.99440,10129944000
738.0158661918989,294.6618913551881,1013.20760,10132076000
789.7963391210634,339.83972091671,1013.42670,10134267000
822.4758246666838,376.0600147232931,1013.64280,10136428000
857.4697438501511,386.11720380480426,1013.85760,10138576000
872.6796072174651,514.7804241106269,1014.07640,10140764000
838.6733461901256,595.6372007000878,1014.29570,10142957000
942.3519902411256,674.1791432035919,1014.50510,10145051000
890.9457286961618,691.2541689873124,1014.71820,10147182000
848.5189088842777,695.6827454078681,1014.94000,10149400000
845.4212140198614,596.1085279868,1015.16420,10151642000
872.5894697388844,665.208805531086,1015.37810,10153781000
896.6745240617097,608.0237634668399,1015.59440,10155944000
942.2103165718498,593.3067463900295,1015.81250,10158125000
978.6248574695891,572.8501890944559,1016.03250,10160325000
970.9899622272553,498.2085499814382,1016.26110,10162611000
1024.6639005405273,472.70598338516993,1016.48180,10164818000
955.9934318346119,460.1801564183655,1016.70990,10167099000
890.6924185563188,401.37996305850254,1016.93550,10169355000
818.1980808557212,276.8220152939833,1017.16190,10171619000
734.2262321512634,261.52406400849645,1017.37040,10173704000
814.6223787019932,184.37980481963754,1017.60720,10176072000
833.052558559688,152.99975825547241,1017.85350,10178535000
843.0623954099929,103.18373016664637,1018.09960,10180996000
926.0402769182086,206.38334775176065,1018.31870,10183187000
909.8146596837524,322.0852840291273,1018.53600,10185360000
912.7472328055409,343.40192974756997,1018.75900,10187590000
930.8322661271068,411.25346415020147,1018.98650,10189865000
949.8050360311478,377.7941438173938,1019.20510,10192051000
1015.379233900236,479.6201823694476,1019.42710,10194271000
1049.1791033003144,552.7902818076685,1019.65240,10196524000
1030.6700072054823,631.9327217380841,1019.88340,10198834000
936.5358868860177,586.511155187028,1020.12520,10201252000
911.9861421181467,476.7604682203095,1020.33790,10203379000
893.9826338358637,422.33743620086136,1020.59200,10205920000
885.3243528253969,341.58105176591283,1020.86590,10208659000
784.3171678487882,285.7573477247407,1021.10530,10211053000
712.3964420274463,300.3119612039002,1021.31870,10213187000
686.6728051202641,278.52503791658836,1021.54240,10215424000
685.888423779213,249.8252373887321,1021.76900,10217690000
715.6643362513048,268.9901025524849,1021.99010,10219901000
773.2993853396487,274.8569292960051,1022.20340,10222034000
790.0968625522914,271.3885130274429,1022.42820,10224282000
795.7909924117959,242.64731522471683,1022.64280,10226428000
782.5145479738839,190.73441474995832,1022.86230,10228623000
849.8232796834623,190.6415074676247,1023.08490,10230849000
889.2711651864863,178.47519206052434,1023.29830,10232983000
867.7337316784974,181.6483128553006,1023.51150,10235115000
873.1250814665987,172.93985567507917,1023.72360,10237236000
874.7688038414506,165.0772631855731,1023.93250,10239325000
929.2730013106301,157.3498846567002,1024.15290,10241529000
901.6079035395887,182.6494262144671,1024.37290,10243729000
876.0384902327701,193.82829740459186,1024.59060,10245906000
903.4636036638326,225.11113990973206,1024.81620,10248162000
958.960506666771,266.4017774600257,1025.03710,10250371000
894.2092460987509,283.69362446647534,1025.25740,10252574000
894.1707755772396,295.1071735560544,1025.46740,10254674000
886.8708248660002,291.4262701507633,1025.69210,10256921000
957.443330431502,319.1164259479289,1025.90780,10259078000
952.2447038136507,325.54714307528224,1026.12310,10261231000
953.1566618731998,357.8022179862782,1026.34000,10263400000
956.132146500805,364.45090282030634,1026.55430,10265543000
963.8677401124651,364.66265155729576,1026.76600,10267660000
968.1325071511767,389.0943789814032,1026.97870,10269787000
1011.0425349781128,425.6858529082375,1027.19070,10271907000
993.9336687387124,415.8475540325918,1027.43390,10274339000
990.0947644803812,397.282132862196,1027.64900,10276490000
938.8778211963471,506.7921028730116,1027.86250,10278625000
909.0845504783317,585.4136243621508,1028.09770,10280977000
876.483421422706,627.9405454933413,1028.31490,10283149000
784.6339556608816,721.5502975550938,1028.53280,10285328000
755.1349058074159,722.2998847361937,1028.75220,10287522000
712.2231288919445,741.4979635558662,1028.98070,10289807000
688.64042521343,747.2457370631574,1029.19410,10291941000
710.3364047017895,808.8468441577678,1029.41160,10294116000
554.2802255762501,793.8150265290502,1029.62720,10296272000
545.7230629321799,821.7092394594707,1029.83790,10298379000
449.20616747125064,789.3027521136347,1030.06020,10300602000
422.64568460294703,786.2284252179021,1030.26940,10302694000
347.976120918075,758.3176613235878,1030.49010,10304901000
261.6833334964699,742.8889076453505,1030.70260,10307026000
347.9678859872871,745.5977350620705,1030.92020,10309202000
364.1309209126818,695.0304432361748,1031.13610,10311361000
367.799186737262,708.8716822303433,1031.35880,10313588000
365.7945626058078,697.2599437298969,1031.58520,10315852000
488.0468412782692,589.118490550631,1031.84270,10318427000
620.8739346790342,506.14171712907836,1032.05350,10320535000
707.1955189274636,432.99184869041346,1032.26160,10322616000
764.8851082526345,387.6035447897828,1032.49100,10324910000
817.5830278874481,334.37833092400075,1032.70040,10327004000
776.3681497927005,309.9959325733589,1032.90880,10329088000
759.7387909687496,256.7563806052588,1033.13270,10331327000
790.2314524752383,209.0943922355126,1033.36370,10333637000
797.3948022547703,183.19883296212825,1033.57410,10335741000
853.6497206511685,178.03868624668291,1033.79030,10337903000
873.1047009969748,157.0149626004863,1033.99640,10339964000
811.9757504889502,144.4506331973884,1034.20770,10342077000
860.1537073080947,170.79804304877146,1034.41770,10344177000
883.8726709634115,183.0527480100134,1034.68910,10346891000
872.5667432134001,176.1147571019521,1034.90280,10349028000
837.6538327035862,224.28456283705776,1035.12040,10351204000
810.6501417911888,216.5597511778812,1035.33850,10353385000
815.5305549612954,240.6160186231231,1035.55040,10355504000
793.1142011103223,269.23133687589797,1035.76810,10357681000
794.0181497244057,279.76615861220444,1035.99390,10359939000
825.1004000882068,351.3821141588003,1036.20630,10362063000
829.4431347121979,378.49056022939357,1036.43330,10364333000
906.8191844437988,436.5134338774767,1036.66590,10366659000
919.0642876416124,539.1912100918825,1036.90660,10369066000
915.7851257579348,561.0910504831778,1037.14900,10371490000
918.4576750677298,575.26563137116,1037.37260,10373726000
931.199467507021,640.1521734588682,1037.61180,10376118000
906.0663044983077,642.4679186280132,1037.83030,10378303000
891.8808152465047,658.0088068005905,1038.06540,10380654000
934.7189470030127,662.0593057096359,1038.27860,10382786000
898.1145818511641,647.1721357994857,1038.49310,10384931000
916.8275152545508,624.9703308338669,1038.70900,10387090000
884.9177964280104,577.06485245642,1038.92170,10389217000
810.2095994410006,522.6561383294862,1039.13760,10391376000
819.340351468549,524.9838791984128,1039.34780,10393478000
787.1327034745609,535.6884793006719,1039.56290,10395629000
788.7779587516047,569.0854529908031,1039.77360,10397736000
751.5425899413744,583.8299915991028,1039.99170,10399917000
759.2707660232794,574.2672007205355,1040.20740,10402074000
847.289006367931,619.4873414973391,1040.42810,10404281000
921.5243162049836,670.4334469102562,1040.65040,10406504000
982.6261599087802,710.3496156567038,1040.86510,10408651000
934.2719338425322,703.5422633512403,1041.07710,10410771000
874.7894456476239,605.5679555632147,1041.29890,10412989000
804.1521209863567,567.9430866116622,1041.51250,10415125000
767.3634276554872,537.473570571546,1041.72180,10417218000
730.71288266534,448.7842737773771,1041.96260,10419626000
689.129822388206,392.13221888908924,1042.17740,10421774000
605.2563699926734,335.2432353366572,1042.39950,10423995000
533.7319410299715,305.4258976309565,1042.61570,10426157000
591.8015138495034,288.1224488191701,1042.83790,10428379000
587.722501709258,298.9529028859814,1043.07830,10430783000
587.8299081140437,350.7277663510233,1043.31640,10433164000
670.747155037489,304.4519260618927,1043.53190,10435319000
676.3694841309458,327.44725778113,1043.74510,10437451000
759.8558919158789,359.91707856623077,1043.96600,10439660000
768.3378679489705,362.594219383993,1044.17690,10441769000
880.1893773852465,357.0041825415165,1044.39370,10443937000
918.4890843970127,349.4985234771027,1044.62780,10446278000
931.3027651054276,278.8947689334236,1044.85780,10448578000
862.8445054748772,256.78952009409204,1045.08600,10450860000
847.0063442507035,283.57625453233004,1045.31740,10453174000
739.8323650034666,249.45861758176864,1045.53980,10455398000
616.728673080413,230.63839047973119,1045.77020,10457702000
500.34799021847283,209.27959332325435,1046.00870,10460087000
363.596512087376,145.8185434749299,1046.23860,10462386000
365.984994513127,157.92907314769593,1046.46190,10464619000
346.16479898968,154.4901532571387,1046.69320,10466932000
262.5232603477694,116.31240358825156,1046.92200,10469220000
338.5339206980153,88.6789554155381,1047.15190,10471519000
450.9800102693172,69.61570921874227,1047.37390,10473739000
445.1991283348957,52.49559861035478,1047.62100,10476210000
547.4617375225891,54.810379180347226,1047.86860,10478686000
638.6696020998911,83.28502449829982,1048.11650,10481165000
629.3676879242145,79.71450591221935,1048.35090,10483509000
623.0031951318405,63.32897858912922,1048.57750,10485775000
685.6091338461221,110.282365365515,1048.79800,10487980000
786.0350763074421,181.11375402760473,1049.01100,10490110000
853.9128503048859,207.68502374609363,1049.22720,10492272000
1012.3812167893498,227.86850340679075,1049.45080,10494508000
1060.9140363859217,219.82946829802952,1049.66600,10496660000
1015.2642604725065,404.63771538291314,1049.89420,10498942000
1156.6451570419513,434.4385230161769,1050.11500,10501150000
1196.2097084158095,406.46468546979537,1050.33500,10503350000
1281.5085419866837,386.28963909110985,1050.55680,10505568000
1246.8203803031636,324.61662745602405,1050.78420,10507842000
1061.4280621904725,350.41390871964023,1051.02400,10510240000
849.7331975350437,300.1318279398237,1051.25040,10512504000
667.7166308897125,345.0319215465842,1051.46960,10514696000
532.4635411634417,293.0994638400358,1051.69900,10516990000
391.99752271612005,301.0051526933697,1051.93050,10519305000
263.23001978252796,261.58602472420745,1052.15390,10521539000
243.89285534555,244.32808164165033,1052.36860,10523686000
400.69892476335707,242.64650840669984,1052.58950,10525895000
608.0347784673966,308.30961581002583,1052.80780,10528078000
775.1425047200813,307.31967666705384,1053.04030,10530403000
874.8549134204042,288.2238964746004,1053.26310,10532631000
883.031453299456,221.63046552684062,1053.49020,10534902000
799.0425197161993,248.78235698505193,1053.71550,10537155000
726.6912174627535,276.138715115741,1053.93250,10539325000
732.1505872303592,304.34603542299277,1054.15260,10541526000
650.2809961423613,323.5769901032768,1054.36630,10543663000
558.2275096287524,353.5496524063436,1054.58580,10545858000
492.95951430124967,339.79789739135015,1054.81120,10548112000
482.197086686294,377.9949479359329,1055.03020,10550302000
433.9445366378504,370.2016849353739,1055.25050,10552505000
470.4975648572002,399.7268189780345,1055.46690,10554669000
433.20198145030224,375.9776921007575,1055.69030,10556903000
449.51973389407686,422.2690506387303,1055.91040,10559104000
473.2340987078721,425.84128532968094,1056.13240,10561324000
519.8529864505481,495.0194561234243,1056.34550,10563455000
550.1882001970432,491.8704144132708,1056.55770,10565577000
548.4400488376128,466.298144710145,1056.77250,10567725000
583.7819186800041,518.3692196389513,1057.01220,10570122000
570.1218305323886,534.8175420951457,1057.25300,10572530000
684.1076360871571,562.1482692131991,1057.48730,10574873000
725.8415543413,647.6715579426406,1057.73720,10577372000
811.0808083260902,806.2945637418717,1057.96190,10579619000
867.7777219378613,778.5836842212427,1058.20230,10582023000
969.5782513087435,681.3498539319991,1058.43180,10584318000
829.2752764852281,568.1747150066118,1058.69420,10586942000
830.6860920676851,470.4091684150582,1058.92330,10589233000
685.6264282307102,332.18678121255937,1059.13610,10591361000
607.1413337645147,246.75668282090237,1059.36180,10593618000
589.8039065689605,151.45079079473953,1059.59440,10595944000
595.7926591219629,96.74622002821982,1059.81680,10598168000
544.8932690298639,39.22251511275655,1060.03790,10600379000
558.8028758197424,34.58512338898457,1060.26440,10602644000
585.2253521723202,67.67384002404015,1060.48560,10604856000
579.5633440552555,71.8226034402749,1060.70930,10607093000
583.0855793662416,89.03928666917527,1060.92100,10609210000
624.9804273135322,62.026550756747824,1061.13240,10611324000
683.8492918011679,108.93437023414934,1061.38780,10613878000
729.6288204161813,135.8147638510825,1061.62460,10616246000
752.5655302669597,107.60228922571753,1061.85410,10618541000
754.4229336311656,144.7118110203218,1062.08300,10620830000
690.8543109227788,147.69744463029704,1062.31590,10623159000
661.9454685227538,200.98172154988177,1062.55710,10625571000
616.964332887706,226.27140199449633,1062.79220,10627922000
604.3888397479087,270.5476576099531,1063.01200,10630120000
567.4733910120026,277.261183320037,1063.22630,10632263000
549.450312651424,307.20660441406017,1063.45140,10634514000
617.0478317960576,428.22997264767827,1063.66600,10636660000
695.4744353683207,428.01251412118984,1063.88250,10638825000
682.7878248116853,493.86408522862797,1064.09820,10640982000
737.85585605387,479.0188176069876,1064.31080,10643108000
753.8084197344848,457.4731851389484,1064.52330,10645233000
756.3693823128325,402.2521989596607,1064.73470,10647347000
828.1271317996266,414.99773692843786,1064.95070,10649507000
768.3704311061442,389.14549459169234,1065.16390,10651639000
764.6292434113677,403.15233939270155,1065.38790,10653879000
747.0674382192772,325.9905472750789,1065.60770,10656077000
667.7254929504783,362.72762737158195,1065.82450,10658245000
651.7079701377143,286.72156751808484,1066.03520,10660352000
640.6719245430281,270.6364838950265,1066.25590,10662559000
765.63717255443,364.60067444142453,1066.46750,10664675000
955.977645019474,315.5776117791525,1066.69690,10666969000
1038.1176226373786,318.29142443170406,1066.91390,10669139000
1179.9109216608476,281.8567404976576,1067.13090,10671309000
1228.7555923311227,288.9663720148709,1067.34640,10673464000
1324.6589068320652,291.2493446264962,1067.56340,10675634000
1326.4722894196227,334.4437191729114,1067.78290,10677829000
1150.0284155095633,350.76740322811344,1068.00630,10680063000
1057.6013588534754,382.43278816646654,1068.22060,10682206000
959.6222866694382,404.13403568059925,1068.45870,10684587000
870.5894334450361,459.0434937812422,1068.67260,10686726000
725.9495394874947,540.9141041869331,1068.90100,10689010000
597.3568126681836,531.1026357478712,1069.11500,10691150000
692.5121005391891,505.07648053892694,1069.37500,10693750000
758.1646326835719,455.6841583164859,1069.59620,10695962000
746.7178105560299,548.1954022926822,1069.80500,10698050000
848.1314389731696,549.6294574526327,1070.02540,10700254000
743.080611461793,543.082123326001,1070.24120,10702412000
637.4437867512522,513.8028610059388,1070.48060,10704806000
575.2417643930164,511.63631268348826,1070.71390,10707139000
507.00197080477125,484.7990963439623,1070.95630,10709563000
533.1278544638154,463.0368511390887,1071.18570,10711857000
594.2512466064973,412.35891827369187,1071.41170,10714117000
460.5070514235538,332.7558631680743,1071.63410,10716341000
552.1724627962241,422.78064507014614,1071.85600,10718560000
587.504731673644,429.9444133548366,1072.07260,10720726000
531.4795332317533,417.13594348364086,1072.28770,10722877000
533.3103375566967,348.42176379096156,1072.49470,10724947000
558.4578241434695,255.12886334098158,1072.70820,10727082000
594.5149439666919,172.39742431543777,1072.93570,10729357000
562.794467500868,119.09514834277093,1073.15660,10731566000
665.8952801227863,90.98720383578393,1073.38610,10733861000
915.0263117868808,133.81944648071027,1073.60650,10736065000
838.915930492004,164.30149099379605,1073.83230,10738323000
810.5114823238889,175.62320398623294,1074.05940,10740594000
826.324869240482,217.89250777095785,1074.28650,10742865000
888.5476585109835,202.7820403153691,1074.52690,10745269000
947.1108095518482,212.83559815555233,1074.74110,10747411000
1165.4191302541562,333.7258158904116,1075.00820,10750082000
1115.1266756420907,373.2192091922402,1075.26030,10752603000
1104.7426328026877,375.97124017488926,1075.47130,10754713000
1114.696961917241,447.06923807527176,1075.68350,10756835000
1030.5583941729292,431.5515659173284,1075.89840,10758984000
845.6526993182613,354.5729638336083,1076.10920,10761092000
879.0680771676615,281.2600295280507,1076.33570,10763357000
897.8073932252003,331.2491433971629,1076.55400,10765540000
911.3387180078057,322.48193185857184,1076.77130,10767713000
779.9499444832707,247.87852742109197,1076.98750,10769875000
757.2102034742734,219.03053074644606,1077.20490,10772049000
670.4138599823821,205.7351838127114,1077.43870,10774387000
607.7021007971987,223.7523471599177,1077.66670,10776667000
538.5599907743633,210.00875508012646,1077.88620,10778862000
352.7207925872934,194.6355691577137,1078.16260,10781626000
350.9009448643507,175.8613763843833,1078.38690,10783869000
334.4328559362544,170.25524173056002,1078.65100,10786510000
435.86052909317175,151.6395289390288,1078.86840,10788684000
676.1332839695913,156.9296063062799,1079.08240,10790824000
1082.4137923047722,234.75472494234864,1079.30500,10793050000
1309.408289649789,217.43280760589423,1079.52130,10795213000
1146.0015204317128,205.69142267640103,1079.73280,10797328000
930.2770574635347,173.40138618226334,1079.96660,10799666000
728.9292103435535,137.98498507868064,1080.19250,10801925000
576.1003465224397,134.983400091622,1080.44220,10804422000
406.9566396435504,171.02724859300685,1080.69090,10806909000
282.78232462883307,164.4973824649381,1080.90560,10809056000
291.19522815912,140.3765716194442,1081.12120,10811212000
243.85086115004145,71.01095484344084,1081.36870,10813687000
187.60812774862453,28.448589055984346,1081.58330,10815833000
162.91519005603152,84.85472720443835,1081.80360,10818036000
98.85266170933927,106.23488384938055,1082.04140,10820414000
171.98166243016655,111.72939630687507,1082.26530,10822653000
353.32932252609464,184.352464372286,1082.49920,10824992000
384.0191447639831,176.47547122316,1082.71350,10827135000
374.0849786236244,161.45014744544707,1082.93490,10829349000
548.1485737295482,163.14164676991098,1083.18090,10831809000
787.7769795449443,269.44032393338085,1083.41690,10834169000
1070.8020168295395,333.0389117321251,1083.67660,10836766000
1306.2594362869418,367.22654865344197,1083.89310,10838931000
1370.5674671887475,395.280314219719,1084.11880,10841188000
1353.2041605041557,433.15130999789204,1084.38840,10843884000
1277.7451731518513,522.0067299860073,1084.61830,10846183000
1358.1143107688035,608.7386772693941,1084.83800,10848380000
1451.4993052725406,677.9885990449241,1085.08450,10850845000
1516.6700598094951,726.0515153676286,1085.29940,10852994000
1593.7775710071267,751.5081814685983,1085.53250,10855325000
1645.0019591799514,799.6364897444312,1085.74340,10857434000
1642.165874361491,808.803721226459,1085.95880,10859588000
1688.973117125205,808.0947558603573,1086.17770,10861777000
1555.138162556196,747.0003044969108,1086.39430,10863943000
1476.2527764690976,685.7779077678681,1086.60530,10866053000
1390.2277412052315,595.6949280267372,1086.82600,10868260000
1321.6468111600745,513.0674644310726,1087.05760,10870576000
1360.0917728887996,482.9198386503312,1087.26690,10872669000
1350.0653511780765,441.076705188801,1087.48650,10874865000
1247.7016699137291,392.1004041334505,1087.70790,10877079000
1008.2905080233659,468.5459230359277,1087.93490,10879349000
765.4994765894335,553.626386650293,1088.14510,10881451000
720.8758351141934,605.5504320699094,1088.35930,10883593000
800.7935391156914,632.6212948480845,1088.56970,10885697000
893.5477866959817,629.8824821395204,1088.78320,10887832000
802.7145324311547,622.9805661770415,1089.04200,10890420000
703.5805718468714,553.9146351927367,1089.26080,10892608000
496.5914042002588,454.8073580767891,1089.47460,10894746000
344.6991188765485,319.163529034494,1089.69900,10896990000
276.60351621595066,208.7751814405098,1089.92120,10899212000
290.23798091880803,124.98402026893298,1090.19720,10901972000
336.4225913602195,101.17959014453575,1090.41910,10904191000
467.27881841202577,22.98696315587228,1090.63730,10906373000
626.3056435672306,56.413988881906974,1090.86780,10908678000
704.6584148613479,157.748356244403,1091.07560,10910756000
825.7240034726583,211.44141704236714,1091.29420,10912942000
931.0731629437907,288.72436169683726,1091.50080,10915008000
1050.068010724534,364.42401315145855,1091.72920,10917292000
1075.247617084262,436.81824861245406,1091.94790,10919479000
1123.5548470087451,518.558910376032,1092.17280,10921728000
1118.4706729701186,612.0004125337003,1092.39570,10923957000
1181.6166673870812,660.5038869996299,1092.61160,10926116000
1243.2313755555613,682.3494654422551,1092.83660,10928366000
1213.142079909139,666.7722694684238,1093.06290,10930629000
1148.2578294643488,691.4583283947327,1093.28160,10932816000
1092.269791992877,711.2677338654523,1093.49400,10934940000
1066.4822967265998,721.0287147310312,1093.70830,10937083000
1041.4867189689664,704.1086327175215,1093.92280,10939228000
1034.2381496610326,742.3030631083309,1094.13940,10941394000
1008.0109484617485,695.1185210174879,1094.35960,10943596000
1067.8333516516248,660.6241269174387,1094.57530,10945753000
1167.4554404864828,621.3437961626148,1094.79630,10947963000
1194.0672676632057,600.2406142350404,1095.01510,10950151000
1206.2080946327194,549.7951544213636,1095.23220,10952322000
1200.1579383883509,550.8946265039815,1095.45470,10954547000
1188.4613310037962,593.7049115935822,1095.67140,10956714000
1159.0378582122837,574.9168415323917,1095.88860,10958886000
1097.985976802669,523.2904817899476,1096.09900,10960990000
1070.1440452991624,471.5181241635284,1096.31320,10963132000
1053.0665550890149,511.502429350822,1096.53320,10965332000
1041.3369451592823,502.70686768543976,1096.77500,10967750000
1006.0313920029386,453.82526927681647,1096.99380,10969938000
1030.281501313147,433.9420357857677,1097.22530,10972253000
1016.0739727970921,416.87811708735484,1097.44430,10974443000
1066.9374030898423,407.26729240001424,1097.66640,10976664000
1028.7451955171666,419.1955315292365,1097.88620,10978862000
1017.216722798491,455.6084993933588,1098.10250,10981025000
982.6753687595311,467.36330592377317,1098.36380,10983638000
883.9135501037921,484.5759205960436,1098.57610,10985761000
821.3276286058428,476.8528003465874,1098.81070,10988107000
810.0876903605332,512.2643536432572,1099.03890,10990389000
819.8519420361991,529.2742920294327,1099.29610,10992961000
919.128445978837,602.2794846425076,1099.51350,10995135000
1043.358394227578,672.6984211731035,1099.74390,10997439000
1223.658158633098,712.8464007083213,1099.96460,10999646000
1325.404423044651,722.6957068616875,1100.18900,11001890000
1436.373525854219,745.009806060568,1100.41070,11004107000
1442.6573610033367,761.9910731252176,1100.63610,11006361000
1443.4589537801792,787.5674509527114,1100.86100,11008610000
1508.80905309023,822.1466177701047,1101.08290,11010829000
1480.1773830269653,818.7997794362311,1101.32280,11013228000
1352.7047710664892,835.6350142273152,1101.54560,11015456000
1259.4815494623,797.3514098768826,1101.76950,11017695000
1165.1541804319556,798.9142004858545,1101.99960,11019996000
1125.8269628352277,783.519776023947,1102.22120,11022212000
1094.461214557826,771.1520034797744,1102.44140,11024414000
978.3503494152023,765.4505061834552,1102.69360,11026936000
989.8005444977769,748.4548647277455,1102.90680,11029068000
948.9907523136031,735.3592007896394,1103.15870,11031587000
891.1993260739323,728.5168749167593,1103.38710,11033871000
861.0345451006331,721.9620096962655,1103.59960,11035996000
886.73030333196,749.745065837131,1103.82170,11038217000
886.799951304747,722.4956394372135,1104.03290,11040329000
854.6415484218114,758.6393432627605,1104.25770,11042577000
897.7739376139176,761.7321380646836,1104.48630,11044863000
886.2628852022924,759.8780928610687,1104.70960,11047096000
917.473021702597,783.9098186597596,1104.92690,11049269000
980.7831205267054,788.1473281973828,1105.16620,11051662000
952.3327187068571,788.2720395251529,1105.38570,11053857000
890.7656635078629,775.7590463114008,1105.61140,11056114000
863.6304430150242,768.0306319815201,1105.83490,11058349000
916.2618845802108,770.6757886281025,1106.05460,11060546000
845.1469729908308,754.296708572061,1106.28230,11062823000
832.1004340732432,755.470445772608,1106.49930,11064993000
857.0124310627305,750.9170568715709,1106.71720,11067172000
909.2196542377894,779.3943522918931,1106.95460,11069546000
896.3092739273736,785.228638161948,1107.17880,11071788000
971.2486644498998,824.4314667361967,1107.42590,11074259000
1042.8582551999139,859.7549074760847,1107.63860,11076386000
991.0131559477111,827.0480337422606,1107.86200,11078620000
955.9454564364931,802.2758036870302,1108.08890,11080889000
958.3431664443806,845.7376180810456,1108.30250,11083025000
1063.743407676192,872.3437503296425,1108.51970,11085197000
1142.8540987544413,890.4487552756476,1108.74090,11087409000
1126.4234772863417,900.4817241241784,1108.95340,11089534000
1087.41648795747,872.9015557845867,1109.17030,11091703000
1045.662331398024,852.8951671096421,1109.40340,11094034000
1057.807950932709,816.954688393846,1109.63170,11096317000
1044.4398956425634,797.21396585461,1109.85260,11098526000
1146.90634447404,741.8903275405303,1110.06550,11100655000
1211.527786818674,740.8599833719904,1110.28670,11102867000
1267.6667436527534,752.7858915312914,1110.50750,11105075000
1367.8774999148181,752.2149708916567,1110.73520,11107352000
1483.816395097514,761.0321334254655,1110.94560,11109456000
1534.191489363268,771.4176457578806,1111.19130,11111913000
1535.6608018059594,767.424622798096,1111.41230,11114123000
1513.896765079699,780.0049046835605,1111.64430,11116443000
1520.0759815958932,772.1523247395218,1111.86260,11118626000
1530.442227983095,785.6695742922244,1112.08980,11120898000
1479.928169470682,789.9983537889717,1112.30890,11123089000
1356.265016925467,782.859790298949,1112.52190,11125219000
1273.0160582827666,773.2414926946851,1112.73760,11127376000
1181.453299470438,764.7991625867254,1112.95620,11129562000
1089.1044878219634,752.2854528269681,1113.16470,11131647000
981.6349557511805,733.5506208821766,1113.37860,11133786000
942.9984209694728,727.4945561783292,1113.61190,11136119000
918.2407809493683,722.7818297485782,1113.85110,11138511000
972.3708190478058,688.5860066249385,1114.07510,11140751000
987.7025107240604,648.1464657643802,1114.29250,11142925000
1054.5006460432774,631.1434313262466,1114.51660,11145166000
1100.1739041790609,630.3864735731552,1114.74510,11147451000
1161.974913231709,633.7928159692054,1114.96600,11149660000
1248.6018492895344,608.8256065237388,1115.19030,11151903000
1269.429848891809,575.6886019391128,1115.40110,11154011000
1334.2955069262696,544.4886913781024,1115.61250,11156125000
1325.3591076386406,546.6888493388321,1115.83200,11158320000
1281.2037897680386,576.2337877008653,1116.04400,11160440000
1044.1452041337393,451.7526672759244,1116.27210,11162721000
888.1518583629686,356.54552352264716,1116.48910,11164891000
857.6290017656073,293.68663709060587,1116.70840,11167084000
908.7488598475923,255.3120208613129,1116.91810,11169181000
977.7180875488234,234.0113778462343,1117.13490,11171349000
1089.83767418726,186.09962250552334,1117.36330,11173633000
1215.7801071014358,207.8996945324466,1117.59670,11175967000
1367.0389518056725,195.44230133603307,1117.81350,11178135000
1315.8266059881876,254.91008309231455,1118.05020,11180502000
1291.0773268515777,290.4285252861389,1118.31730,11183173000
1265.548903803822,323.2294289660455,1118.53450,11185345000
1216.441760209653,359.949186623356,1118.74670,11187467000
1167.1745857614173,396.4564468896584,1118.96470,11189647000
1172.7459680720021,454.66106465155735,1119.22770,11192277000
1171.6579032760833,472.1518280334945,1119.44060,11194406000
1163.1749115927944,497.13782866378864,1119.65410,11196541000
1205.4360191604828,531.8926617452529,1119.87110,11198711000
1253.5093761683322,571.6797627763651,1120.09030,11200903000
1191.1157687622392,595.5767141814454,1120.34460,11203446000
1164.1423651079128,595.9620313770375,1120.60120,11206012000
1155.9467931030988,606.9802601666393,1120.81240,11208124000
1148.193363058924,577.705067519585,1121.03510,11210351000
1189.2948762870726,606.4612688391205,1121.26490,11212649000
1140.8447466646312,598.7312376756432,1121.49860,11214986000
1079.8636780509787,588.483938738893,1121.71830,11217183000
1067.179005828082,582.4869838318867,1121.93770,11219377000
1081.037247619364,563.9713564512805,1122.15620,11221562000
1085.2375457665412,548.3930119558493,1122.40510,11224051000
1112.6846317772347,541.7392144085786,1122.63750,11226375000
1115.9461640270895,521.5067807005555,1122.86220,11228622000
1132.076655501265,478.83950300973083,1123.09530,11230953000
1170.828008411004,472.3787132568547,1123.31380,11233138000
1113.3494215836058,480.06925617991385,1123.53630,11235363000
1037.2926619881628,440.83722969768996,1123.74890,11237489000
1030.0222862894623,461.40355784156947,1123.97120,11239712000
962.0691066834415,460.84964116554215,1124.19190,11241919000
985.0582945316685,493.87586377972247,1124.40950,11244095000
957.51615002859,485.9811243312333,1124.63000,11246300000
1004.5693171968384,476.14074612080117,1124.84980,11248498000
912.1531760519161,541.4642127519273,1125.07120,11250712000
971.2500349188655,616.3880176431561,1125.29060,11252906000
969.0071591421353,622.160853252966,1125.50060,11255006000
899.9362733145546,614.3380946558369,1125.71980,11257198000
903.5154888406892,632.8517560256876,1125.93960,11259396000
917.818746299512,636.9922113921718,1126.16160,11261616000
864.2133414032191,641.1126557923176,1126.38150,11263815000
821.5073621908632,633.0709426521965,1126.59910,11265991000
847.1831497452994,603.5690151574167,1126.81400,11268140000
828.8446496108788,585.1945462235403,1127.03500,11270350000
811.0533079765534,623.5000988856787,1127.26360,11272636000
836.4775943512254,636.2683350502622,1127.47600,11274760000
829.085306170354,644.2005445167968,1127.69700,11276970000
764.3313888908117,643.4420151258977,1127.92740,11279274000
776.4272566190687,659.0840489504271,1128.14120,11281412000
744.8819909981403,657.906679816161,1128.35880,11283588000
764.2126611145414,670.7862745635853,1128.57030,11285703000
791.2583133214497,712.7649753901622,1128.78410,11287841000
854.3738984558569,716.0208454927672,1128.99940,11289994000
851.2075041930523,717.4329107453827,1129.22970,11292297000
896.551904297793,736.7955365826126,1129.44930,11294493000
917.8535658264518,761.3687115706595,1129.66630,11296663000
907.5552689470376,741.7825519809954,1129.89840,11298984000
944.0207157058569,738.8651017530374,1130.11360,11301136000
882.4285038531542,760.8754071629805,1130.33460,11303346000
857.6682735435605,782.0145519948114,1130.55560,11305556000
838.2611891140394,750.0647634367245,1130.76550,11307655000
846.6229909219003,771.7082754774988,1130.97670,11309767000
854.0159340033644,762.4211479317379,1131.19480,11311948000
860.360954678167,803.7542723874656,1131.41500,11314150000
847.8438159593387,804.1148564464219,1131.63320,11316332000
813.9281153036053,787.8645552978574,1131.85390,11318539000
880.3316101178671,754.2541234782157,1132.07470,11320747000
868.1889837408073,669.9256857209908,1132.30230,11323023000
872.8356450646478,594.954917879226,1132.51770,11325177000
914.5400681111653,519.4031680369579,1132.74050,11327405000
859.7129595753185,485.224887251857,1132.96380,11329638000
852.7598135496688,422.7229242889214,1133.18490,11331849000
918.453199305939,465.753798690026,1133.40630,11334063000
937.1176279268594,507.9406868814001,1133.63240,11336324000
834.3045127008013,520.8507269550009,1133.84800,11338480000
904.1690047388718,561.9280950344242,1134.06620,11340662000
924.3373143757156,613.4063283503249,1134.27560,11342756000
929.742933802814,632.8172097909563,1134.49150,11344915000
918.6670070432883,641.3327175059078,1134.70500,11347050000
883.1340121214305,660.5101676973804,1134.91950,11349195000
899.3453749679451,611.7934348717914,1135.13730,11351373000
933.7756996181098,525.5875418804636,1135.35120,11353512000
951.976235174392,476.2894122318279,1135.57090,11355709000
968.6334000128561,425.0297939349649,1135.78870,11357887000
987.1708341333864,414.08146239699335,1136.00450,11360045000
967.8954193214796,391.9010400136601,1136.23140,11362314000
938.0386986981011,424.6154168301671,1136.44390,11364439000
983.7048280306731,404.81731967940283,1136.68260,11366826000
1012.5184397420312,407.252515649226,1136.89010,11368901000
1075.1850898004286,263.289390703285,1137.10350,11371035000
1293.2035446853315,209.73597645615828,1137.35510,11373551000
1339.5833208454367,142.36464373947945,1137.57080,11375708000
1171.772267405919,124.59989089770912,1137.78480,11377848000
1097.5214075854788,85.4295795866615,1138.01600,11380160000
1115.6233701144158,68.25613351293784,1138.30030,11383003000
1239.9259253556065,6.488358213202385,1138.55920,11385592000
1007.9905149476659,-9.246371891864083,1138.80780,11388078000
952.7754403968136,-21.496964841177306,1139.01670,11390167000
1143.6984828472764,-18.602509848844214,1139.27990,11392799000
1177.8423153548567,-49.016915787285704,1139.51930,11395193000
1216.4422658095405,6.310214342286358,1139.75580,11397558000
1184.3585852742694,77.80096013667703,1139.96910,11399691000
1100.9318091497285,146.72298377054352,1140.18720,11401872000
1078.084124645751,218.8127029244939,1140.42980,11404298000
1093.9220055571632,299.9952608898998,1140.65780,11406578000
1109.7246721656506,369.26137427685836,1140.87210,11408721000
1093.4439283649717,406.4032333388159,1141.08990,11410899000
1129.129128436384,467.8878825666146,1141.30110,11413011000
1107.1824569926732,459.98612228435275,1141.51420,11415142000
1073.0181165725205,482.1606820571543,1141.73310,11417331000
1146.142561453801,426.26551096406945,1141.95090,11419509000
1245.8644000936965,360.4397732734117,1142.18080,11421808000
1068.7519465347427,348.61461768243345,1142.40830,11424083000
1124.5246011959339,368.92065087414665,1142.65390,11426539000
1051.3086353394149,349.03306862222394,1142.86700,11428670000
1054.20879627974,360.6265909158202,1143.09030,11430903000
1049.7738098818563,372.44375712471515,1143.30620,11433062000
1184.9139822107104,332.71463537555434,1143.52690,11435269000
1311.9538774224545,251.10797397608792,1143.73870,11437387000
1171.8822197242496,263.4143673885337,1143.96200,11439620000
1040.735487289855,298.2657581940619,1144.16930,11441693000
894.9419257112146,308.38175166690723,1144.38110,11443811000
917.2362969712491,350.61994863328715,1144.59860,11445986000
944.5958462998551,366.0168549438578,1144.83350,11448335000
1000.4100396303534,383.7672089805673,1145.04150,11450415000
1081.3300886133147,452.2870590805248,1145.30400,11453040000
1028.7005631865043,475.31356211438765,1145.52660,11455266000
1058.3938170391893,439.5429278935933,1145.74240,11457424000
1078.4499563344007,470.42644454272033,1145.96580,11459658000
1092.1196186229422,500.25946461891886,1146.18530,11461853000
1058.1807088660667,491.9445196324057,1146.41340,11464134000
1092.500044940526,465.57728087256027,1146.64080,11466408000
1058.5856343742184,482.63710212698044,1146.86270,11468627000
1042.2509765343054,487.0131448892631,1147.08380,11470838000
1035.5043349009734,487.2297434339889,1147.30770,11473077000
992.6802638378272,479.7829940321634,1147.53020,11475302000
977.8776089883426,413.8597073538334,1147.76270,11477627000
1112.6646407960197,338.24243366181327,1147.98430,11479843000
963.5304601915562,308.9642736964935,1148.20570,11482057000
1172.295699871293,330.19500571623763,1148.42390,11484239000
1290.983532646507,288.8342055163284,1148.63880,11486388000
1145.3562678161566,320.00305920694814,1148.85740,11488574000
1046.6284347074254,362.79915555774085,1149.07650,11490765000
1020.4124970859838,420.1592735265707,1149.29300,11492930000
990.906799251889,440.3292619096613,1149.50500,11495050000
1017.8015867944671,495.67085318245785,1149.71720,11497172000
989.83806059376,453.7533651940816,1149.93200,11499320000
971.0886417405761,494.83465060702986,1150.14450,11501445000
974.1287627650634,507.73574638032545,1150.36360,11503636000
934.3243790679774,497.9426329082133,1150.59870,11505987000
921.4473834470649,512.2968488442411,1150.80980,11508098000
887.217426770911,523.4769204453307,1151.02620,11510262000
889.2537319453106,500.2016015937755,1151.24740,11512474000
871.9491052500118,525.8718424690663,1151.47410,11514741000
873.7372829310722,528.0212789875844,1151.70190,11517019000
891.809397129441,538.8791477310348,1151.92300,11519230000
854.6122919742651,549.3901589223043,1152.14130,11521413000
908.1127446289529,585.9799467676995,1152.36670,11523667000
923.0077694114792,604.3869837272487,1152.58670,11525867000
910.780720721296,603.7164321078108,1152.79830,11527983000
898.2418961278653,613.6867070964158,1153.00860,11530086000
852.9369771475381,615.6668520612251,1153.22880,11532288000
795.9313898905568,614.8028475769983,1153.44240,11534424000
819.9888583892458,641.5119757042596,1153.66320,11536632000
840.9994843890535,599.9730874779009,1153.88240,11538824000
874.4334087422158,592.7547332912478,1154.10140,11541014000
892.2446667663208,608.5327183972097,1154.31880,11543188000
959.188051183818,593.518580285402,1154.53490,11545349000
981.4905811023505,608.3572877957497,1154.74770,11547477000
993.2882546898419,586.5973170514791,1154.96690,11549669000
1077.12616003126,620.3811556546242,1155.19140,11551914000
1118.073941614114,630.0857911289083,1155.40850,11554085000
1124.515245261757,664.2759373351888,1155.62920,11556292000
1106.053056651984,612.1448601363345,1155.84370,11558437000
1107.5956618307519,656.7898381014469,1156.06140,11560614000
1237.0451033765526,696.0211626038035,1156.28060,11562806000
1346.7225870250868,705.5584709017799,1156.49040,11564904000
1385.0472305393466,723.3321908783188,1156.75450,11567545000
1367.1648938498024,715.6927215828136,1156.96900,11569690000
1395.2970505944909,680.5862351857003,1157.18600,11571860000
1336.378983147527,670.8904967867954,1157.40250,11574025000
1250.6706721500352,697.4209106918139,1157.62590,11576259000
1215.4585240279127,720.6693382211175,1157.84130,11578413000
1129.1543010742319,682.0655250618073,1158.06060,11580606000
1174.9024237372541,640.8203639588507,1158.28350,11582835000
1122.0614948640318,635.5373641793367,1158.49970,11584997000
1131.47033155724,639.5468278688626,1158.71000,11587100000
1159.517092529126,672.3848774152539,1158.95520,11589552000
1195.959502253791,658.8983455360737,1159.17210,11591721000
1259.576119179052,654.8710952829632,1159.38300,11593830000
1234.1128212421047,578.5246116585719,1159.59460,11595946000
1089.7465370726438,471.1152018442938,1159.81880,11598188000
964.5381896011528,375.2113231395054,1160.02650,11600265000
912.0742710861305,314.7699254314004,1160.23710,11602371000
873.8156732379341,340.34055209093106,1160.46020,11604602000
806.0809002802421,328.9676142239735,1160.67860,11606786000
801.2642973083745,263.07875582676735,1160.89100,11608910000
758.3334853728487,271.95831866633915,1161.10230,11611023000
750.6969336972489,273.3259020907787,1161.31710,11613171000
758.004886737693,335.89792917821563,1161.53230,11615323000
749.5180339938397,344.2763725599025,1161.75830,11617583000
729.0261394763705,271.90018316142465,1161.97570,11619757000
701.4285828614197,264.5703914882858,1162.20140,11622014000
675.5886490864792,247.15980208240893,1162.42210,11624221000
747.8944724680136,268.9111432877187,1162.66170,11626617000
774.3717668368515,269.8064719441464,1162.87440,11628744000
860.7614595251202,236.37069898724053,1163.09610,11630961000
867.6546454860332,253.12870349856195,1163.31690,11633169000
920.5979915315297,322.3994440071511,1163.53580,11635358000
901.2376842745814,314.1155388580555,1163.75390,11637539000
989.2723100300398,324.44503997755515,1163.97070,11639707000
981.0144548340357,342.1650230111897,1164.18880,11641888000
901.36617618669,318.6535782695561,1164.44660,11644466000
921.4621090169493,286.5435396325328,1164.66730,11646673000
1027.732566720856,359.37134501717173,1164.89170,11648917000
1091.2830319877196,403.92648651868865,1165.11280,11651128000
1154.7627559276386,474.70785340934435,1165.33260,11653326000
1226.094814849204,524.7590568259931,1165.55400,11655540000
1236.4863446814227,535.5377496313122,1165.79450,11657945000
1234.7263988875584,516.3823645832232,1166.03610,11660361000
1252.427257357734,489.8396053469904,1166.25240,11662524000
1263.202862615608,434.19017378744616,1166.47190,11664719000
1265.662866776893,332.55624471711064,1166.69700,11666970000
1316.2938746643963,329.3151935134422,1166.91370,11669137000
1320.3096174755171,234.51974549191493,1167.14820,11671482000
1030.851522446545,176.86009584395816,1167.36630,11673663000
810.8090737212342,152.6754429058841,1167.59660,11675966000
601.9249126712643,132.36646454799987,1167.87370,11678737000
633.795595565089,166.2847647653369,1168.09430,11680943000
794.4231731466466,196.6799229728929,1168.34020,11683402000
893.3104118458648,200.52310498355416,1168.61980,11686198000
870.5279018722954,283.82358508056524,1168.85440,11688544000
887.9584491943666,368.4583599045626,1169.11330,11691133000
914.952146080116,406.86375754635384,1169.34330,11693433000
974.2030986770583,387.87281510490243,1169.63560,11696356000
926.044872848278,401.9121347426031,1169.86290,11698629000
955.6784184518463,401.51005750031874,1170.09230,11700923000
936.4441557357796,449.03433586967276,1170.34210,11703421000
901.5911182124198,446.72943795152906,1170.55930,11705593000
861.1821379647243,478.9373046427306,1170.77460,11707746000
853.5513583006796,532.4426722812962,1170.98950,11709895000
967.8219593708235,423.9458799497736,1171.19800,11711980000
1046.6958584747752,343.57836466188826,1171.40490,11714049000
1230.2613548989696,289.60473194944836,1171.62930,11716293000
1321.5701199412194,250.05346496917372,1171.85020,11718502000
1171.5003794212776,250.20615792811253,1172.06980,11720698000
1036.0825288386661,211.21703195094247,1172.33390,11723339000
1049.4888040672117,207.1860796202642,1172.55510,11725551000
1014.3410237286187,225.65537299235106,1172.76740,11727674000
1070.602776307161,239.42111739829147,1173.02010,11730201000
1059.115911008,249.35945536180083,1173.23680,11732368000
1072.4820193618943,302.18994167879924,1173.46770,11734677000
987.3629547524756,276.0122022445005,1173.69310,11736931000
999.6998338584131,336.1013858724858,1173.91450,11739145000
1029.1140157945872,406.1604798349912,1174.13670,11741367000
969.5449768795387,506.6889473017785,1174.36500,11743650000
824.8237547896792,474.2481451354974,1174.58530,11745853000
748.466657151618,421.85110240819625,1174.79650,11747965000
788.2511852298749,430.23348501417615,1175.01070,11750107000
763.962247487214,352.80308367100355,1175.22690,11752269000
839.6267410067092,332.78495956401105,1175.44930,11754493000
874.3440251475541,297.3471964517687,1175.66740,11756674000
814.1755860590384,271.32319006001944,1175.91140,11759114000
824.9122565573423,259.5537415584561,1176.12830,11761283000
871.7588393653941,201.2732290805357,1176.34970,11763497000
923.2675622955122,178.81157571873797,1176.60600,11766060000
925.4564340685508,207.45953626823308,1176.89470,11768947000
900.0254594719637,191.13760510106732,1177.10210,11771021000
906.694445101314,222.65581327893503,1177.31430,11773143000
905.3404353637177,260.87790902272286,1177.53350,11775335000
920.1183876540304,260.3321872488967,1177.77350,11777735000
807.3454184406698,239.94565255457184,1177.99070,11779907000
845.0390331869856,197.73422536068855,1178.19880,11781988000
1026.2262271060422,244.36399460903792,1178.41580,11784158000
1136.154106965457,251.75825437163587,1178.63730,11786373000
1120.0481382800199,316.98720584806244,1178.90240,11789024000
1104.462976446178,404.55012825063085,1179.11740,11791174000
1127.3622258341888,452.16457067265605,1179.32850,11793285000
1201.7700395750876,557.1660981209889,1179.55030,11795503000
1183.5764394430528,541.9677160006611,1179.81070,11798107000
1095.7150995365153,515.9047445919451,1180.04060,11800406000
927.4539400424196,431.7781376246488,1180.26460,11802646000
812.5828020811451,361.0084903354641,1180.52350,11805235000
811.7338195807336,295.0051168662602,1180.76150,11807615000
871.193568002763,292.9705465382546,1180.99250,11809925000
948.8881427912359,258.91163565691136,1181.19900,11811990000
1098.6756177762957,222.5332835263153,1181.41090,11814109000
1163.683013984595,197.62313386320855,1181.62830,11816283000
1118.1941943801896,290.89408292140826,1181.84280,11818428000
1002.3702687561536,338.1542304633565,1182.06590,11820659000
918.8131432228078,325.53648610022174,1182.28090,11822809000
840.5853512175514,359.3144306395443,1182.50370,11825037000
805.4082793299312,346.9769974222347,1182.73790,11827379000
961.2588572516913,266.8952551902363,1182.95630,11829563000
1139.119767770406,216.96667207989108,1183.17930,11831793000
1147.5611014150043,227.33142160920622,1183.38980,11833898000
1089.6015109431344,283.364304081496,1183.59490,11835949000
1012.9508039673648,321.2552673479484,1183.80720,11838072000
989.077030149101,357.24287429364745,1184.02540,11840254000
937.243172293646,387.55139930820906,1184.23970,11842397000
928.504364398579,385.28606485708343,1184.45730,11844573000
881.2983899634438,441.3495993140825,1184.67180,11846718000
826.9908222669505,470.3029850949146,1184.88410,11848841000
690.5685084740026,461.04376542785974,1185.10490,11851049000
687.5552810563354,481.1340759813396,1185.32340,11853234000
623.998931987792,462.53096656269804,1185.54310,11855431000
652.3053796366768,496.53105839141625,1185.76080,11857608000
797.1501352579569,457.00310819803707,1185.98110,11859811000
805.6829923084177,395.1398254197983,1186.21880,11862188000
873.9046741334752,421.19542305123133,1186.43420,11864342000
1043.720762531263,374.2130590041023,1186.64920,11866492000
1058.992916019237,349.4276900067142,1186.85950,11868595000
1155.0608442941134,372.83901233414645,1187.07620,11870762000
1218.3173202510031,417.89407915273495,1187.28960,11872896000
1215.41865699507,445.97911186753777,1187.50490,11875049000
1163.2356113542153,493.60717124671316,1187.73070,11877307000
1081.9975244810505,527.3233922482158,1187.95060,11879506000
1075.9835893907662,541.1926819136444,1188.16490,11881649000
1148.2548237696847,558.2531897145068,1188.38460,11883846000
979.5176153202847,502.1629519139177,1188.59750,11885975000
844.7826499004408,458.7207129165943,1188.81350,11888135000
821.117345547015,360.24750645772747,1189.03660,11890366000
843.1694070254649,405.0428850054568,1189.26460,11892646000
890.3553411530576,399.72993764048164,1189.48800,11894880000
833.188089765606,365.95748980400344,1189.73180,11897318000
811.2503422552732,322.349788528161,1189.95060,11899506000
904.8348667596986,299.8829362012204,1190.16920,11901692000
895.6770516539505,255.62966968410635,1190.38730,11903873000
912.960593424769,249.75838648139236,1190.59950,11905995000
987.9165905218383,259.17699617279976,1190.80900,11908090000
1056.3316186702104,283.1656539916548,1191.02110,11910211000
1070.5470225490394,280.8487443443832,1191.23130,11912313000
1096.0896541247291,292.4204943992863,1191.44300,11914430000
1063.3116575710735,291.61081069301974,1191.68920,11916892000
1075.5945087979092,261.1041644827056,1191.90150,11919015000
1068.4516436438664,235.38319905255486,1192.12440,11921244000
1048.9807425447307,285.6264696310811,1192.34090,11923409000
1106.7735801043934,311.7540719894076,1192.55350,11925535000
1206.3914904023686,249.60688534525434,1192.76880,11927688000
1266.3377347443545,190.2065216652923,1193.04310,11930431000
1164.678335626544,196.26626612478438,1193.26750,11932675000
1017.4580755891989,186.88041715333298,1193.48230,11934823000
858.8823122985118,177.87772729653997,1193.69960,11936996000
1008.713442842853,214.69842344969385,1193.91670,11939167000
1120.0988743929306,218.4547009544406,1194.12980,11941298000
1125.269752773221,274.9505154644428,1194.35030,11943503000
1235.7502987877504,327.99167146597284,1194.57150,11945715000
1243.7418989310406,289.9386399635776,1194.79720,11947972000
1268.386475809203,246.1550983602578,1195.01890,11950189000
1164.0536897941292,269.0362361610368,1195.23120,11952312000
1074.8908997603119,307.5459712196939,1195.44090,11954409000
1025.9043335949743,338.24482439494057,1195.66530,11956653000
1077.0268739196765,335.2486099590653,1195.88370,11958837000
1056.343479393523,366.55237896651204,1196.10010,11961001000
1074.24451830794,389.29876812321726,1196.32000,11963200000
1165.7607704946179,368.27174014239614,1196.53440,11965344000
1228.3316709936234,384.70973720288407,1196.75750,11967575000
1187.7275227681992,415.00285722804074,1196.97080,11969708000
1122.6540498147926,392.5553199021618,1197.23000,11972300000
1089.596408655085,402.135738041541,1197.43820,11974382000
1017.4873251733164,392.42890751165606,1197.66230,11976623000
912.4457662263486,352.41986122151286,1197.89710,11978971000
861.9134450097247,335.629576070717,1198.11490,11981149000
791.9512020676968,255.32741083203837,1198.32770,11983277000
702.1555654718301,221.0093070214457,1198.54730,11985473000
664.9580869660745,185.9821603695392,1198.77310,11987731000
617.0667290748607,115.86080306562307,1198.99230,11989923000
485.3364868174445,77.17113293098534,1199.21050,11992105000
388.6466489733366,62.36983403365372,1199.44640,11994464000
286.30061429427644,58.366527896059324,1199.66880,11996688000
211.46137465762237,75.84929310593029,1199.88980,11998898000
237.0729533250932,86.59453197993588,1200.10880,12001088000
289.5288594366144,92.47965876673524,1200.32070,12003207000
317.6319139972489,86.6841672997894,1200.52980,12005298000
445.68197490553257,93.1405907849053,1200.74390,12007439000
528.5143532453566,67.00894815572431,1200.95260,12009526000
790.87727328929,85.13642533859192,1201.17070,12011707000
1116.1546396268425,90.43047791089802,1201.43450,12014345000
1329.380282559258,135.89601380529305,1201.64300,12016430000
1430.0688243866102,184.17521888074458,1201.86210,12018621000
1452.8738192927183,196.31677386180436,1202.07750,12020775000
1526.8402164329516,243.19441695692856,1202.31790,12023179000
1461.981069388784,266.6973260452102,1202.52650,12025265000
1327.6032448916226,273.6389587681917,1202.74610,12027461000
1151.9444058027616,252.7647142344772,1202.95810,12029581000
961.6185863821436,229.61674139124483,1203.17540,12031754000
952.9563253143954,333.6603884033399,1203.38770,12033877000
892.3766063921526,405.84061083977645,1203.60930,12036093000
913.2774817700212,487.2085135751329,1203.84490,12038449000
994.9266074019943,575.2416629917708,1204.09780,12040978000
1030.8063915265075,654.9494181230496,1204.36380,12043638000
1045.4118510146282,768.8371671088034,1204.61500,12046150000
1132.3160889211406,861.4458172828743,1204.83210,12048321000
1192.2459664887308,914.9812453304912,1205.05200,12050520000
1185.425556516314,941.2773643575347,1205.26330,12052633000
1129.750946948642,958.4695938562793,1205.48860,12054886000
1120.1964308011081,955.4503885963826,1205.69610,12056961000
1103.7216022507012,981.7271763963973,1205.91850,12059185000
1092.3720614893498,992.2080693697518,1206.14700,12061470000
1000.9324319702271,954.4704363772397,1206.36480,12063648000
926.6839815085139,895.3550838674732,1206.58380,12065838000
872.2494340700133,793.401414989307,1206.79980,12067998000
913.9266931483542,753.8129288765692,1207.01930,12070193000
887.0749535263899,663.6924183642877,1207.23650,12072365000
881.6594501274134,624.8952417249939,1207.47820,12074782000
872.6377265901033,549.9398374997584,1207.69820,12076982000
816.8737635222903,482.99663274215555,1207.91250,12079125000
755.7892895059085,470.5592704984,1208.12730,12081273000
683.2693703030329,449.5518420425425,1208.34350,12083435000
544.3753448402973,406.6972623990535,1208.57370,12085737000
481.4648928088959,403.1555905411133,1208.80050,12088005000
390.16758975929605,367.78527709911174,1209.02090,12090209000
353.99370405684004,293.59493366189446,1209.23960,12092396000
301.21680887101684,284.92072194319553,1209.46280,12094628000
250.18108666248798,255.74003093302798,1209.68600,12096860000
195.356246102103,305.4915707312287,1209.89980,12098998000
240.1099553261248,311.57519422657623,1210.15910,12101591000
197.83402456607726,294.5964428803118,1210.37800,12103780000
230.91913653682644,295.26699040491064,1210.59000,12105900000
283.6259583050086,333.9941963558086,1210.80470,12108047000
302.8389399353372,372.5994095319329,1211.03540,12110354000
354.7557973613443,303.17252044577526,1211.27890,12112789000
360.32698298563514,295.582741570901,1211.51580,12115158000
283.8228201206086,267.68563706392183,1211.73070,12117307000
195.27231237516074,240.02903697367003,1211.96550,12119655000
142.78780905064662,252.93723176685614,1212.18350,12121835000
118.33404424198277,238.30170740285746,1212.42220,12124222000
105.89809898073845,247.42379374767125,1212.63940,12126394000
84.2523763312263,267.39319900012146,1212.87070,12128707000
73.10759170952258,292.0564137017666,1213.08290,12130829000
60.885235924396056,314.74166934136593,1213.29210,12132921000
115.04487664034346,285.53769946998005,1213.50160,12135016000
211.06419251124208,314.18562747979604,1213.72090,12137209000
182.00368232105578,306.98857006477067,1213.93550,12139355000
231.43937127870353,321.4247447734602,1214.14550,12141455000
323.33852752065604,361.7590108946881,1214.36790,12143679000
407.0684356192493,392.7495178102254,1214.58060,12145806000
401.042619105001,385.6024646799345,1214.80620,12148062000
439.6207658433282,440.9366270475626,1215.01830,12150183000
462.03301771598706,455.49640203156343,1215.22800,12152280000
576.471996531858,492.98548329088095,1215.45180,12154518000
556.4347796350138,491.11062325585317,1215.66290,12156629000
564.017850679298,473.21085555838556,1215.88480,12158848000
519.6668741195415,462.4642163042076,1216.09970,12160997000
499.60739704307457,456.02012680828767,1216.32540,12163254000
498.0052968483663,469.30598230646115,1216.58760,12165876000
557.2025782293248,448.0437549388516,1216.80210,12168021000
553.395787803787,454.86284638087864,1217.06580,12170658000
551.7129972524242,476.08182337690084,1217.29750,12172975000
547.7308766422137,508.9454201316138,1217.52530,12175253000
666.10885251429,466.86452408164394,1217.74730,12177473000
785.6377521202267,467.66520239058224,1217.97030,12179703000
845.6644304494038,448.48157398643633,1218.20680,12182068000
871.8382707265845,531.6791396847566,1218.43240,12184324000
787.4937805394613,549.9401150547495,1218.69360,12186936000
716.2664353296728,502.93312486479806,1218.93130,12189313000
670.6002778645931,502.14097200043824,1219.18480,12191848000
655.5593029473974,534.5759465127916,1219.39910,12193991000
763.5033476821166,563.9220084220091,1219.60990,12196099000
882.5386641294813,570.2503834147407,1219.82730,12198273000
916.2139497893023,567.6320448754063,1220.04090,12200409000
912.1896456184576,565.8571396652535,1220.25290,12202529000
965.5637510997865,552.973646829058,1220.46190,12204619000
940.0678798584001,531.3377151355177,1220.72960,12207296000
933.6816863362333,490.0286582744852,1220.99280,12209928000
900.7624109678445,469.327636229526,1221.23700,12212370000
861.4579561569745,469.1967969899662,1221.46230,12214623000
803.960682920077,555.628150992106,1221.68830,12216883000
796.9930981166642,542.4994136431188,1221.94930,12219493000
783.9975944786089,558.5722892811518,1222.17860,12221786000
758.5495535806572,700.572366184738,1222.43580,12224358000
653.522209699452,744.2192593375955,1222.65620,12226562000
631.3752245794884,642.016462294048,1222.88610,12228861000
780.2145526489868,535.4091181257772,1223.10430,12231043000
914.9671040804187,401.6291216730949,1223.31620,12233162000
880.9162217664369,491.68541944099894,1223.53270,12235327000
845.5927257080681,524.7153673955813,1223.74630,12237463000
778.4662778078151,555.6998606755924,1223.97440,12239744000
669.427281666402,572.184248452995,1224.19470,12241947000
588.2897087322051,561.1078836578336,1224.41090,12244109000
502.7945451880524,585.5081564777092,1224.62730,12246273000
453.6143868032797,624.0977461093712,1224.83830,12248383000
506.126529685491,586.166381142082,1225.05500,12250550000
455.7780670404732,551.4573088938013,1225.27250,12252725000
409.8615220115739,443.35705954327454,1225.49210,12254921000
405.29035835439686,451.74378333661843,1225.71190,12257119000
415.98798618543583,445.5159007595629,1225.93400,12259340000
394.96700279622723,374.84679859630677,1226.15450,12261545000
384.01732415064004,333.53310086177294,1226.36850,12263685000
370.6182489493854,302.96477821037803,1226.61060,12266106000
396.04212010716935,243.38428093978482,1226.82510,12268251000
450.6877338554638,186.98021361230232,1227.03650,12270365000
573.6496984331291,209.48774529642134,1227.25780,12272578000
605.9354579482792,193.24674837885263,1227.47440,12274744000
615.5522874885917,173.1959757405358,1227.69220,12276922000
636.7799191744684,164.39674143678033,1227.91270,12279127000
638.7235445569605,212.7194756352593,1228.12920,12281292000
626.3068820011274,289.9764536254186,1228.33820,12283382000
635.9818209834818,291.18950976903847,1228.55590,12285559000
661.5097050130954,340.3780605484691,1228.77310,12287731000
675.1561407459535,327.24807615465284,1229.01550,12290155000
662.7559129920073,368.96347872265824,1229.23170,12292317000
592.0908734388231,336.763290439903,1229.45240,12294524000
613.665587064635,382.7172743506032,1229.67060,12296706000
875.9692720558136,522.5406857670663,1229.89100,12298910000
1064.2841770128236,577.3593373088843,1230.11190,12301119000
1185.2800012389391,651.6963984370362,1230.33770,12303377000
1331.0865264240924,739.5962580290196,1230.55550,12305555000
1415.080919796588,789.4025930566008,1230.77180,12307718000
1178.0541129726128,679.0827751373181,1230.99430,12309943000
1072.2248279611233,649.0526445126102,1231.21280,12312128000
994.617227737421,609.078162051814,1231.43800,12314380000
903.5956330328398,571.2467289315201,1231.66240,12316624000
877.565096312227,642.1789834554492,1231.88240,12318824000
827.442056308892,664.2142517687649,1232.10490,12321049000
711.2380103892219,607.1104071179327,1232.33660,12323366000
603.8239813096527,559.2338342152399,1232.56260,12325626000
736.5964196512418,540.2752928886313,1232.77870,12327787000
841.3015373644341,481.05341101248763,1233.00000,12330000000
704.760227770506,479.1771052887516,1233.21910,12332191000
590.8395363731008,462.8021561187689,1233.44920,12334492000
456.05147691711574,458.2158999102277,1233.66490,12336649000
358.4883567740377,511.861357416753,1233.88610,12338861000
388.73908132036496,459.64933306524796,1234.10780,12341078000
397.578491129849,455.5723337031407,1234.33740,12343374000
462.63347152175965,428.87291448048313,1234.55870,12345587000
576.1492226367411,441.99443225287473,1234.78480,12347848000
651.6763330050512,435.0884924346857,1235.01760,12350176000
613.0718479286171,489.7790440130038,1235.24510,12352451000
620.3724547158924,520.651074550176,1235.46640,12354664000
590.0652529796406,578.3757348594695,1235.69320,12356932000
668.5338179310103,594.3098074503434,1235.91140,12359114000
636.952261561853,573.0597727713237,1236.13290,12361329000
579.8306991013876,641.0841024193521,1236.34070,12363407000
591.4904220885704,639.2933595731151,1236.55430,12365543000
546.4558045472156,652.006885979331,1236.76990,12367699000
589.0456305080882,676.8584610528599,1237.00210,12370021000
549.2860078026494,674.3756732629508,1237.24030,12372403000
555.1218648562534,684.0766540465397,1237.49940,12374994000
645.1282094533327,658.9086334304923,1237.73460,12377346000
963.5059345930065,710.944378787869,1237.95320,12379532000
1067.6848120005795,684.5156571390186,1238.17590,12381759000
1145.249226089981,616.7967183305789,1238.40200,12384020000
1209.8464155534605,620.658687328213,1238.62020,12386202000
1204.5552550054942,632.9926755382581,1238.83950,12388395000
1277.8010050217708,669.6743387161222,1239.05740,12390574000
1372.6807358762633,714.7617077132919,1239.29830,12392983000
1468.1019190633513,696.2257003227487,1239.52170,12395217000
1461.016239883471,672.9214829911847,1239.73490,12397349000
1468.3202934292567,649.7336166417188,1239.95270,12399527000
1463.4798902481546,615.6383631748201,1240.16650,12401665000
1472.1839263482714,592.069342157646,1240.38050,12403805000
1452.2257686930534,577.4748892282771,1240.63150,12406315000
1489.0617334481367,494.6355483138374,1240.84930,12408493000
1453.4235146121277,391.04128302954007,1241.09390,12410939000
1352.3572976874743,349.0325113048705,1241.32760,12413276000
1252.2535327277371,314.44879532068234,1241.55170,12415517000
1230.905300760163,262.7657532586546,1241.77510,12417751000
1156.2522810331438,175.86738293461784,1242.01990,12420199000
1102.884426031532,140.45538118554524,1242.24610,12422461000
1024.120753535157,159.5954576114065,1242.46710,12424671000
1031.0446860748739,112.66867732802602,1242.68290,12426829000
974.5114085976167,104.31358213662845,1242.90410,12429041000
779.2889110229942,92.32550240818841,1243.12410,12431241000
606.6476666797637,90.39265795044031,1243.33980,12433398000
607.4741856879449,187.23068457653045,1243.56300,12435630000
683.8900709499173,258.17547236236567,1243.77880,12437788000
732.4496417123362,409.4808540112649,1243.99450,12439945000
842.368701794826,509.2289999675138,1244.21670,12442167000
933.8061293382916,559.0158974710647,1244.43120,12444312000
980.7480567511774,644.9358220871293,1244.64060,12446406000
1022.7319406312873,627.6371854638539,1244.86110,12448611000
1076.577933132163,589.8697881399768,1245.08090,12450809000
1087.412791307728,599.3921584448359,1245.29480,12452948000
1110.2750297920988,505.9127268319605,1245.51990,12455199000
1214.7575175460158,384.04139960339836,1245.75540,12457554000
1261.1338182328464,412.75444990358193,1245.96990,12459699000
1251.9988505648146,417.7405080462315,1246.19190,12461919000
1265.3471076491176,453.9248461346831,1246.40610,12464061000
1085.0011049945151,532.9130697362766,1246.61980,12466198000
803.8670394709795,638.4245355522467,1246.84280,12468428000
594.4561647793929,693.9721392618771,1247.05970,12470597000
468.4929487773659,759.1309797067638,1247.26740,12472674000
425.9074948381887,785.9098893318204,1247.48640,12474864000
372.15893347621443,788.1247567465005,1247.70010,12477001000
363.7822254346529,767.7878790864115,1247.91790,12479179000
448.07274634410095,751.6035351121019,1248.13920,12481392000
560.6130311557031,726.975504123787,1248.36320,12483632000
619.5858620508293,628.8195748028638,1248.60450,12486045000
757.9123364749125,527.4825310702098,1248.82730,12488273000
823.4434044439317,471.60232576904934,1249.05950,12490595000
955.0078308397333,413.3135615373996,1249.29440,12492944000
978.8241074205432,362.2121056729651,1249.50270,12495027000
903.7321627721766,299.97100214054535,1249.72410,12497241000
770.7532131810653,206.35703365039654,1249.94630,12499463000
700.6659983411928,116.65242430669801,1250.17760,12501776000
782.174580721333,98.21142044740705,1250.40140,12504014000
809.439145468968,53.13952328868528,1250.61860,12506186000
848.6707152829557,28.28919036144248,1250.83890,12508389000
926.9529582705654,41.51955014135893,1251.06550,12510655000
990.7481244043822,52.71436770540976,1251.28340,12512834000
1095.5207580784654,28.23214611933999,1251.50220,12515022000
1228.9031532746296,4.564626216111342,1251.72280,12517228000
1330.3320635875994,73.91447360130222,1251.94380,12519438000
1282.3453435441047,147.9366828260576,1252.16430,12521643000
1357.0028094579775,130.8614174469224,1252.38560,12523856000
1340.936750261924,170.4564067277252,1252.61150,12526115000
1238.5962125220094,181.5767732675367,1252.83360,12528336000
1150.3839536806017,175.11459051921238,1253.04810,12530481000
1155.8770830923152,143.12037395325856,1253.25990,12532599000
1027.6780399326642,185.41275759137636,1253.47940,12534794000
931.2843972290814,211.6282980503273,1253.69530,12536953000
904.9635903332119,211.65196924041496,1253.90680,12539068000
1065.6958517948224,215.4827500058737,1254.12740,12541274000
1168.4109166225758,200.9624955482867,1254.35000,12543500000
1310.4605515319984,198.63648494040729,1254.57250,12545725000
1326.1205409240192,314.33815926307574,1254.79490,12547949000
1346.8307945109732,443.31060496030966,1255.01270,12550127000
1299.9164381458045,509.93258770361416,1255.23260,12552326000
1269.2465756335496,557.8178904539831,1255.44820,12554482000
1233.7963252053248,591.0912343280223,1255.66650,12556665000
1207.9367148003992,631.4517429875766,1255.92820,12559282000
1191.5382719288907,648.1446120023318,1256.15380,12561538000
1145.4741847979133,652.3111006090287,1256.41390,12564139000
1126.2813548654565,635.5014794711416,1256.66450,12566645000
1092.971422028249,660.5648885160982,1256.87360,12568736000
1106.7131444751165,677.8167862246192,1257.09340,12570934000
1107.4378208203052,720.0886377167872,1257.31050,12573105000
988.0047601373892,734.8112985005226,1257.55050,12575505000
873.2918654844241,768.7207912730752,1257.78650,12577865000
635.9623046903259,815.7349196490596,1258.03150,12580315000
525.1864971683706,794.1663489077055,1258.25100,12582510000
401.8161035017788,801.8820584940157,1258.46520,12584652000
399.0502424470523,821.2174746730482,1258.68720,12586872000
404.09168596423797,832.6046906867606,1258.92080,12589208000
389.29407464557517,843.5181175013594,1259.14190,12591419000
458.16565734249235,863.8483348019507,1259.35410,12593541000
495.6019071208104,852.2624818041432,1259.57290,12595729000
424.69949443917926,878.1372327661749,1259.80390,12598039000
481.6517269542565,829.3037244615933,1260.03230,12600323000
541.5751571899177,826.9345409398671,1260.27180,12602718000
684.9896477740837,774.3263453040029,1260.51270,12605127000
767.2092748106568,783.3102277189664,1260.78410,12607841000
777.6142546291618,765.5256396920362,1261.00040,12610004000
836.055518847449,717.1696998984642,1261.23550,12612355000
752.4022490652729,679.2054374235796,1261.48010,12614801000
749.1738985004845,645.0560731621008,1261.70040,12617004000
684.0574733632426,596.2801468477439,1261.93720,12619372000
636.7396376797113,597.6799348651095,1262.17400,12621740000
548.768186188565,501.7033284396806,1262.40200,12624020000
467.8462820663982,437.43781542880856,1262.64060,12626406000
406.8288426005981,381.53833325417247,1262.85730,12628573000
402.2307496620229,389.0650850123768,1263.06930,12630693000
334.3689953788449,362.6461067774065,1263.29360,12632936000
284.46242460317814,320.19481785376405,1263.51250,12635125000
306.21115079034104,385.2021366168172,1263.72500,12637250000
299.08086208803576,455.1185980139188,1263.94300,12639430000
345.4357557354991,463.69167434540685,1264.15900,12641590000
365.43987875282335,573.3111911080549,1264.40040,12644004000
549.7478645713793,538.5458252374515,1264.60720,12646072000
694.9044541158302,498.7514805159416,1264.81970,12648197000
763.7187583218204,380.9216160708173,1265.02770,12650277000
1005.7824731133417,281.03753726578014,1265.23620,12652362000
1142.8336981578323,197.87726859505398,1265.45020,12654502000
1126.0106898934998,248.62038291307886,1265.66420,12656642000
1046.4042454413684,256.78670563025173,1265.88340,12658834000
1034.4672606054728,221.49308151607835,1266.09920,12660992000
1048.790483792904,179.0562787243408,1266.31890,12663189000
1091.646334652456,214.29904158988643,1266.53270,12665327000
1123.0215248143709,237.39939657733203,1266.75250,12667525000
1152.3309734228424,243.9188313561768,1266.96920,12669692000
1170.784116298881,277.03230942182256,1267.19830,12671983000
1155.230632011793,265.4680573576241,1267.41860,12674186000
1254.45199543156,265.74779954765154,1267.63550,12676355000
1108.1250965456843,228.10895818599943,1267.85380,12678538000
910.9249435275544,211.83504773007073,1268.06840,12680684000
682.7189767472572,175.8438616421502,1268.29460,12682946000
932.313109409853,205.94021384276272,1268.51780,12685178000
1120.4366008653305,164.686576165225,1268.73850,12687385000
1214.784196726499,134.80781973706587,1268.95210,12689521000
1211.6984261403675,181.66331440840273,1269.16460,12691646000
1193.9133130898012,213.1797780619888,1269.37950,12693795000
1048.8157164700133,208.6316550706369,1269.58740,12695874000
1073.6852854525077,238.4963420373751,1269.80140,12698014000
1051.639545524431,316.8021824033483,1270.02750,12700275000
1029.780065766779,360.9194806696246,1270.25830,12702583000
999.0267078464541,424.1848773995475,1270.47890,12704789000
1003.946833044301,470.0016269898321,1270.70360,12707036000
1002.964500219985,500.2487035776659,1270.91530,12709153000
1016.080031418492,529.7549771494995,1271.12360,12711236000
1066.1912338426414,548.669398388176,1271.33710,12713371000
1095.0704556344676,566.4303230675322,1271.54920,12715492000
1106.0368004361278,576.3221460549331,1271.78800,12717880000
1236.4130982099346,598.8013394979823,1272.00730,12720073000
1238.452637059696,629.1179759922603,1272.22120,12722212000
1266.4794703741554,671.092607490581,1272.44200,12724420000
1293.4647845475795,686.2223276319745,1272.65980,12726598000
1323.147758842057,685.8285258287328,1272.88720,12728872000
1330.9938746610712,688.9327958742383,1273.10020,12731002000
1357.091416423242,689.6897835757068,1273.35110,12733511000
1346.914434634323,695.5679872704274,1273.56540,12735654000
1300.6075586580155,667.8917455852404,1273.77920,12737792000
1232.7883468246018,617.0978492540087,1273.99410,12739941000
1222.887576525504,654.6737151412366,1274.20880,12742088000
1272.932796634008,657.3949430010322,1274.42600,12744260000
1236.643294101741,670.404738706945,1274.69320,12746932000
1202.730396395459,684.0854011328504,1274.93290,12749329000
1210.255344429137,707.6168889693464,1275.15500,12751550000
1251.7118233505994,734.941397612168,1275.39460,12753946000
1246.9141888114175,768.6143087670342,1275.63380,12756338000
1231.5904469519649,794.5587773856655,1275.85260,12758526000
1154.8312741782006,719.8730404905416,1276.09220,12760922000
1130.0326858204232,749.4812590852481,1276.31140,12763114000
1189.4171074200997,834.4907283749346,1276.52570,12765257000
1233.9358063208995,829.7884388237484,1276.73210,12767321000
1341.513327961005,806.3958736977548,1276.94590,12769459000
1419.4408418746766,752.0742404585026,1277.15770,12771577000
1381.4213612067283,662.695128458744,1277.36710,12773671000
1362.1515063366,612.906043276683,1277.57970,12775797000
1354.1870109164777,539.655130401226,1277.79900,12777990000
1325.062777701482,500.98726911399524,1278.01590,12780159000
1353.6777167252976,501.2705928608385,1278.22560,12782256000
1370.2621293343395,499.2623432919478,1278.43430,12784343000
1345.052249093924,416.81509732961456,1278.64020,12786402000
1377.5961538521608,385.21550301297736,1278.85880,12788588000
1433.9003935523397,452.8397239780074,1279.06770,12790677000
1401.5592785338538,394.6641237674805,1279.29470,12792947000
1360.0485235292208,387.5395391429682,1279.50640,12795064000
1404.725127235651,407.51787394786743,1279.73180,12797318000
1456.767327928277,465.1991714953632,1279.94280,12799428000
1481.8708675593562,549.0210306751942,1280.16380,12801638000
1528.5957204120498,610.1447471783058,1280.38370,12803837000
1598.2244601826844,658.6166836428396,1280.60180,12806018000
1644.1371317588003,699.9196955193123,1280.81740,12808174000
1592.37074109792,674.4130886742897,1281.03600,12810360000
1684.1818499243066,710.0953929723005,1281.26230,12812623000
1480.1527653033902,606.0226232385493,1281.49230,12814923000
1277.5278353323083,508.99484708359336,1281.72400,12817240000
1206.7221529066137,419.5390787619134,1281.94270,12819427000
960.2603778682912,383.4671587624995,1282.18750,12821875000
778.1163977254903,268.1724326717228,1282.42040,12824204000
785.2485495389418,308.9742692222178,1282.64850,12826485000
799.4127042071972,347.8728608554667,1282.88310,12828831000
726.5870634628317,312.07197746229366,1283.11610,12831161000
517.857225837633,216.09155835735692,1283.34340,12833434000
384.86114991569934,175.78348414704536,1283.58000,12835800000
402.73012118953875,135.13687716318577,1283.80060,12838006000
355.4593602126385,162.9175652351717,1284.01980,12840198000
280.2664707391707,208.42552420071203,1284.24650,12842465000
267.7536143009159,165.0936275061884,1284.46490,12844649000
204.685410710367,135.08372607673488,1284.67880,12846788000
229.80970807133008,101.71102202731245,1284.89430,12848943000
358.4361331393082,145.4988237383148,1285.10250,12851025000
355.80068277400784,106.43818477352221,1285.31510,12853151000
452.659423154587,41.37162789822534,1285.53060,12855306000
556.548631740575,16.68013579597252,1285.75710,12857571000
796.3537757368281,110.88721352415445,1285.98170,12859817000
863.5770798942242,222.69178675096674,1286.20080,12862008000
1003.2636799632799,347.71796396362663,1286.41640,12864164000
1069.1777023559978,418.9129561922959,1286.63620,12866362000
1166.4111655953366,511.7889403553597,1286.85610,12868561000
1255.4357983395732,557.210685055003,1287.07210,12870721000
1248.4691202623872,580.1637557618382,1287.28980,12872898000
1299.5992518996984,604.9322470068647,1287.51070,12875107000
1393.3494277330806,640.7654821252337,1287.72480,12877248000
1548.8767455849695,633.1497276343097,1287.93910,12879391000
1551.4011000627654,635.2331899771108,1288.15430,12881543000
1540.095908123673,734.2768714113078,1288.36430,12883643000
1446.6023422397175,771.5023671652621,1288.56880,12885688000
1369.101463308532,787.4094581639954,1288.78580,12887858000
1314.2509662737357,797.5045653738845,1289.00080,12890008000
1205.9239731530329,840.4545195865167,1289.22190,12892219000
1186.2910729517343,850.7622827396843,1289.43880,12894388000
1101.0718241547388,842.5367089237601,1289.65970,12896597000
1046.8588032890223,815.0072762250139,1289.87210,12898721000
960.8101215722224,798.3976998596121,1290.08590,12900859000
1006.0292349070753,813.3966225203993,1290.29960,12902996000
1021.4271480678726,755.8340258137091,1290.51810,12905181000
940.1957668326729,716.6076882704405,1290.73310,12907331000
871.4094903770388,648.3356601833879,1290.94640,12909464000
855.874403037747,591.9111113869467,1291.15340,12911534000
817.4591627815231,516.7912487150835,1291.36860,12913686000
741.2162153503241,446.63965410332355,1291.58630,12915863000
736.0540661410525,411.72698125039994,1291.79760,12917976000
781.5860406198799,410.3428926833537,1292.01550,12920155000
836.3964915372962,382.751990309853,1292.24020,12922402000
844.0935192987365,387.53363243063126,1292.46550,12924655000
908.0648085386852,434.70912271103845,1292.68810,12926881000
961.4643824590478,457.14032127575985,1292.90870,12929087000
1047.0649927183615,487.42159105342944,1293.12900,12931290000
1105.2736501069326,491.310565455882,1293.35370,12933537000
1142.0719764098974,511.8950017895323,1293.56920,12935692000
1191.204935547864,532.4323607114515,1293.77950,12937795000
1203.818553609305,563.549478171229,1293.99620,12939962000
1210.6964900489252,557.5425116823754,1294.20640,12942064000
1254.1187496629236,534.9724956816096,1294.42960,12944296000
1230.3116648892756,556.6753196022179,1294.64200,12946420000
1199.0452898212218,563.3746734153499,1294.86490,12948649000
1193.4675567691734,567.7187664801793,1295.08090,12950809000
1138.8904431263231,505.12480170945514,1295.32850,12953285000
1133.7883796371007,478.03453414613074,1295.54530,12955453000
1121.583755891085,482.7954271802332,1295.77030,12957703000
1120.704157176527,494.3279681951748,1295.99140,12959914000
1044.324359002132,524.2181932789146,1296.20870,12962087000
881.2298222000443,507.64218137403907,1296.43240,12964324000
880.1848553777816,502.81958827318977,1296.64700,12966470000
927.5615205754737,487.09232266434105,1296.85870,12968587000
992.9984490236653,505.6008436497073,1297.08510,12970851000
924.5894266552514,468.6474395228165,1297.31380,12973138000
1003.7468844474046,472.3688118390827,1297.53050,12975305000
1034.3050630032596,460.5077291560534,1297.74390,12977439000
1138.1530171091715,444.3950561948335,1298.00460,12980046000
1179.7057779542088,487.6056621142618,1298.22360,12982236000
1282.2887817712588,513.8962226448497,1298.44560,12984456000
1324.608717119968,526.7810361237381,1298.71640,12987164000
1300.2069309313083,506.6314341496116,1298.93270,12989327000
1334.6356953851973,497.7755955021339,1299.16490,12991649000
1353.0881178730217,473.5686937244204,1299.37350,12993735000
1353.1142264122138,470.77717705742174,1299.63680,12996368000
1287.1200380914872,433.20957398112,1299.87010,12998701000
1167.2808466643523,382.03182393001805,1300.09630,13000963000
1212.8076400833966,356.5036128495472,1300.31850,13003185000
1306.8659213227552,357.687328644282,1300.57150,13005715000
1396.4747400829056,306.3779133762623,1300.79810,13007981000
1480.15049359563,283.1653646846832,1301.01930,13010193000
1559.5710219071564,307.76322684795446,1301.25980,13012598000
1615.5226279851613,361.8100734548606,1301.47860,13014786000
1615.4081364416027,490.3844770937219,1301.69620,13016962000
1589.089874871121,545.5967874297138,1301.91510,13019151000
1526.3008067264589,600.0770998850946,1302.13440,13021344000
1423.8819409126763,698.5632394726857,1302.34530,13023453000
1174.129543961096,739.696217107275,1302.56900,13025690000
1220.8983483753375,769.8692593451199,1302.77740,13027774000
1214.0008431198492,801.668259996589,1303.04520,13030452000
1091.415842877678,678.7420014002632,1303.26830,13032683000
995.2334833836829,630.884595525919,1303.51890,13035189000
844.1067905697763,568.9284490308302,1303.73460,13037346000
746.6852679541806,528.1993256731664,1303.97890,13039789000
682.7865403438029,502.9543721464861,1304.24140,13042414000
541.6918755931971,536.9898117406651,1304.47240,13044724000
444.2915869638184,443.4098297377768,1304.71370,13047137000
447.8217087959938,353.86503005294725,1304.92460,13049246000
625.397704229384,315.54886960024584,1305.14400,13051440000
706.3335888334103,239.256615033494,1305.36100,13053610000
789.6690757658499,203.31556750816685,1305.57690,13055769000
818.437036698988,148.51798515495028,1305.79550,13057955000
839.7279160816445,157.21574614273956,1306.01210,13060121000
865.1717492109941,154.48086300673512,1306.22890,13062289000
876.849954368618,125.7526304461731,1306.44210,13064421000
916.036046129779,115.50601826657274,1306.66530,13066653000
897.1779404467404,140.08063191703542,1306.88930,13068893000
869.5773164424548,148.40628449197447,1307.10500,13071050000
914.1515507404507,207.76076451715556,1307.32910,13073291000
995.3196643866831,259.5324455824509,1307.57790,13075779000
1044.3532452320878,293.14537517060666,1307.79170,13077917000
1190.4944944308781,451.203858557892,1308.00950,13080095000
1267.4281894545863,524.0336979184907,1308.24590,13082459000
1282.9575394916196,584.1906153773581,1308.46110,13084611000
1485.7244470260428,644.4006322957821,1308.67880,13086788000
1474.992426680713,668.690030330391,1308.89300,13088930000
1490.7646915403552,698.5086685538608,1309.10630,13091063000
1556.8281582024208,752.4738157848333,1309.33230,13093323000
1466.360449011741,725.0869832120605,1309.55030,13095503000
1472.610673683432,678.0300461841216,1309.76770,13097677000
1432.3678257419228,606.2625574957843,1309.98540,13099854000
1372.9055840304682,545.1761787067303,1310.20440,13102044000
1435.6484167588033,561.4537447629506,1310.42890,13104289000
1433.7034826561862,525.0164874667707,1310.63930,13106393000
1447.2463379224123,478.7496179678411,1310.85510,13108551000
1394.9200832997471,437.0222938171634,1311.07040,13110704000
1351.7358068406377,360.30389177510733,1311.29570,13112957000
1321.3345737403274,381.0084863803899,1311.50230,13115023000
1319.5786740609435,386.86871246853605,1311.71460,13117146000
1411.7032351709843,392.1426082639717,1311.93090,13119309000
1512.8500896702665,422.6698229898477,1312.13850,13121385000
1460.8485944446077,410.1939132700309,1312.36310,13123631000
1361.0890798423789,450.99749420853925,1312.57460,13125746000
1223.8114118350418,473.3463310806589,1312.79580,13127958000
1115.3961790125454,449.36628297555296,1313.01300,13130130000
1020.3874820751618,391.3913804928402,1313.22880,13132288000
886.6099364713604,413.86699363866575,1313.45170,13134517000
707.7464096452319,385.83510754788847,1313.67110,13136711000
599.332540483635,352.54540958613353,1313.90110,13139011000
505.9658374762491,365.7005294295646,1314.11450,13141145000
432.96903602367354,389.4530406877136,1314.33050,13143305000
318.31775012457575,484.08306255489117,1314.55600,13145560000
218.05473563375878,578.7528922832415,1314.78760,13147876000
348.0595051647682,658.9760038873925,1315.00410,13150041000
318.0765011153054,653.7994671282274,1315.22960,13152296000
350.69250927346627,667.4682524004875,1315.45130,13154513000
301.81274635187157,688.3757096005885,1315.67270,13156727000
444.99296160067746,698.3874731195205,1315.88790,13158879000
600.8441535819894,653.1415475889377,1316.10620,13161062000
731.6358534525957,604.8734088688099,1316.32640,13163264000
814.7121126716011,569.3105709498661,1316.53640,13165364000
875.1173606617654,530.125795207566,1316.74840,13167484000
878.1955231267759,520.4427888788588,1316.95660,13169566000
929.7941984698386,540.9006367723962,1317.16880,13171688000
939.5416128478275,485.97458213813763,1317.38270,13173827000
858.2229205434203,508.3299124235015,1317.60480,13176048000
689.244229897534,550.650633659964,1317.82390,13178239000
918.0226923582178,502.84049309784393,1318.03460,13180346000
1012.5060872408341,480.1792225881747,1318.25390,13182539000
1120.4086399436512,451.97452766210614,1318.46100,13184610000
1176.2482337603526,411.47688893660427,1318.67900,13186790000
1223.5061908157923,395.4012122684413,1318.89780,13188978000
1276.3949204525534,375.70490372273036,1319.10970,13191097000
1257.3933912800585,372.0332408435525,1319.32740,13193274000
1205.9823395844585,378.6394558563592,1319.54360,13195436000
1283.6291054039289,383.0299433710979,1319.75530,13197553000
1297.6691394511065,402.7103152818775,1319.97470,13199747000
1255.1721435445886,388.0075074789674,1320.18730,13201873000
1205.760124128248,444.0916630902489,1320.40030,13204003000
1244.6081127622188,436.19774335109315,1320.60900,13206090000
1119.3753139200924,415.2619010594332,1320.82670,13208267000
1123.4663305448935,427.1350634622442,1321.05020,13210502000
1024.4337185988795,415.19430036687135,1321.26490,13212649000
967.6155574350572,419.41847451727995,1321.48440,13214844000
955.8477561249935,416.12763605957514,1321.69880,13216988000
936.4104871545807,383.84051626775357,1321.91860,13219186000
846.3573973902206,323.0213982025555,1322.12700,13221270000
778.1267158602537,301.28961289859984,1322.33610,13223361000
785.3308113939951,298.53506266735315,1322.55370,13225537000
785.5416513581144,306.2822885109421,1322.77300,13227730000
776.4182380347419,292.38364537453714,1322.99570,13229957000
739.9788488236594,302.9109500388601,1323.21600,13232160000
719.8038062961689,334.5260744252213,1323.43860,13234386000
650.5884584346182,458.0370079891883,1323.66600,13236660000
593.7655728869216,607.9661582714549,1323.88390,13238839000
732.4803147829347,625.9094885995589,1324.10110,13241011000
795.2200844534522,578.8770600110445,1324.34730,13243473000
854.548827048399,564.0951229519516,1324.56500,13245650000
912.3782038663509,556.9081751381399,1324.77860,13247786000
991.2516910915234,565.1774932445034,1324.98960,13249896000
1048.7384104251814,558.1973752702689,1325.19880,13251988000
1106.1141259585481,553.7751115245283,1325.42390,13254239000
1088.28572753372,531.6995413426133,1325.64400,13256440000
1044.0414406247442,500.8698424424406,1325.86830,13258683000
1061.2110410110863,457.0751448078328,1326.09390,13260939000
1062.9652939114553,466.68991823226787,1326.30980,13263098000
1053.4367653668016,478.96255402632795,1326.52650,13265265000
1069.1168325393874,463.87325089438474,1326.74290,13267429000
1011.8857358451974,482.53615858331636,1326.95490,13269549000
960.6405764245184,485.86234512523265,1327.16900,13271690000
943.1288000294223,504.8039824129668,1327.39300,13273930000
915.9198936752243,502.1313851172856,1327.60200,13276020000
980.1046205067983,520.7980473221642,1327.81130,13278113000
1041.162771948486,485.9763445992617,1328.02830,13280283000
1092.0039524530075,500.14145323966454,1328.24310,13282431000
1127.370697190177,519.9671355572491,1328.46770,13284677000
1094.7035354520667,489.89637509490774,1328.68960,13286896000
1053.335198239593,459.74725280427674,1328.91050,13289105000
1024.5447432181338,421.20235432941394,1329.12820,13291282000
1060.4610999782994,404.2715306024663,1329.34000,13293400000
1026.0297919451411,412.28726725226215,1329.55980,13295598000
1020.1456033843036,434.0229260787676,1329.77510,13297751000
1030.278134045528,495.09184547305335,1329.99900,13299990000
1029.4906083091748,558.458802688617,1330.22620,13302262000
1041.190897872,638.3790857010009,1330.44010,13304401000
1065.8651915695843,696.3239972847075,1330.65740,13306574000
1019.1772820897785,738.4061608502074,1330.86520,13308652000
1004.6041782228144,779.5219815894972,1331.08650,13310865000
962.4544891895384,801.2818687569918,1331.29860,13312986000
935.5322309095155,798.8328695359212,1331.52070,13315207000
915.9058277887277,771.0195543761157,1331.73190,13317319000
963.219496853775,774.5592323917829,1331.94890,13319489000
960.5042831657827,772.1625447782015,1332.16880,13321688000
945.8929295754534,773.0764718039807,1332.40120,13324012000
968.770251473306,770.5685533217624,1332.62410,13326241000
982.0744843911597,742.3244129835144,1332.83600,13328360000
967.9090995894835,718.868520948289,1333.04460,13330446000
980.9159164473994,683.364605678086,1333.26210,13332621000
988.7443572190883,671.8370732472603,1333.48210,13334821000
974.6502950208037,667.9334553759735,1333.69970,13336997000
901.7548477475445,639.7220283922153,1333.91390,13339139000
900.3214110534034,665.390880468459,1334.13470,13341347000
938.6118308722932,692.2152451895702,1334.36110,13343611000
976.4737650028044,704.5056483506875,1334.57730,13345773000
1024.6688639280649,704.9612127006386,1334.81770,13348177000
969.9885147875862,690.7059597848398,1335.04170,13350417000
932.574361148175,676.0146696976851,1335.26010,13352601000
977.4144439482951,680.8565133671138,1335.47970,13354797000
988.9106357437557,718.7700898571371,1335.70000,13357000000
1001.0492409497778,752.7394423236967,1335.92550,13359255000
1004.1552107208792,764.3675102560462,1336.19090,13361909000
960.965271552307,766.7115442164155,1336.41650,13364165000
987.5914242541988,787.8137868832521,1336.68230,13366823000
1032.2382241288096,817.128335123268,1336.93660,13369366000
1071.8180425979517,836.1945237302782,1337.15050,13371505000
1038.316920249039,803.0407008243005,1337.38140,13373814000
1034.2903301530896,826.683471458443,1337.59980,13375998000
977.0658970259345,871.9245305573055,1337.82000,13378200000
950.4282892371922,848.348493326906,1338.04880,13380488000
896.6589440982757,722.7433228273254,1338.28080,13382808000
888.5049902076544,609.4656294256076,1338.49820,13384982000
847.1395416408552,570.9754212770671,1338.71850,13387185000
747.5881676312869,506.9660300293869,1338.95450,13389545000
603.4869788810762,406.01958439225075,1339.18640,13391864000
582.2846359248621,354.36230179985205,1339.45250,13394525000
685.5375395367819,344.16834917911,1339.68710,13396871000
745.2153891241098,429.8081646466045,1339.90480,13399048000
800.9587097100303,495.5555855591074,1340.17030,13401703000
863.2385525685728,565.8227114261127,1340.39900,13403990000
963.739059224558,623.2846963550221,1340.62640,13406264000
1053.287275204433,702.5644191828907,1340.88920,13408892000
1106.0823636100301,793.2047763524722,1341.12810,13411281000
1107.675817334377,805.7340862929119,1341.34880,13413488000
1175.0840683206332,846.4983006306079,1341.55810,13415581000
1177.3289450599964,868.1580776606672,1341.76640,13417664000
1209.6767074795105,881.2404698741715,1341.97880,13419788000
1237.0527282706528,882.4833990627576,1342.19870,13421987000
1197.897578987464,889.9107870026284,1342.41510,13424151000
1192.5542178166843,797.0372085418871,1342.63450,13426345000
1144.119289581539,675.1797529684446,1342.85960,13428596000
1253.9516999006664,651.2666165678113,1343.08530,13430853000
1070.7135703264596,531.8857304580349,1343.30440,13433044000
1051.1727931092482,471.5198340875461,1343.52620,13435262000
1180.2852378815298,427.72755686320545,1343.74380,13437438000
1251.165589523747,459.2218109746702,1343.96620,13439662000
1247.673145496546,564.5231921427303,1344.18060,13441806000
1246.941275779834,615.7137372020804,1344.39700,13443970000
1247.9033309118802,661.3261937369664,1344.61050,13446105000
1271.531185264018,712.4651288641138,1344.83350,13448335000
1226.963680972149,770.70042818136,1345.04480,13450448000
1154.3229976848281,785.8253321065264,1345.25370,13452537000
1198.3023929426531,818.2701948582031,1345.45970,13454597000
1204.2740667034652,700.1341032929988,1345.69280,13456928000
1213.1923289313363,691.1770662058524,1345.90860,13459086000
1171.3965481685668,635.0281797080422,1346.12650,13461265000
1048.4150462617897,529.2481315804795,1346.34760,13463476000
854.8170197474242,424.3584942570901,1346.57260,13465726000
922.2475768548375,303.0214080355563,1346.79530,13467953000
911.133541332078,318.0017190681395,1347.01250,13470125000
678.1860427312203,238.30950972551693,1347.23440,13472344000
769.8425081126522,145.3693126440674,1347.45420,13474542000
636.0409296584248,91.84319433621458,1347.70250,13477025000
531.5528929818854,76.55415249152028,1347.93820,13479382000
437.15136795347775,85.67285957304978,1348.16490,13481649000
335.2214377313213,76.95668369380391,1348.40200,13484020000
292.662795791364,78.04029496121026,1348.63320,13486332000
313.77430133656105,145.31501429836518,1348.85100,13488510000
464.96988447584476,159.64643039562537,1349.11840,13491184000
552.5348624870658,151.95003984312993,1349.37880,13493788000
667.8810350706342,93.6390340067006,1349.60750,13496075000
763.9008193902514,85.17862590808625,1349.83380,13498338000
897.9834478269706,112.33072940082238,1350.05460,13500546000
908.8603045608959,109.67764711163719,1350.27380,13502738000
915.5020220641691,91.43290152715099,1350.50610,13505061000
966.9668227273147,110.07565991539923,1350.73900,13507390000
852.1217395712888,146.89798744239542,1350.97740,13509774000
668.6049481099604,166.50219458520252,1351.19980,13511998000
545.4643563023513,210.27567223266914,1351.44120,13514412000
411.0152672764469,251.77118079230826,1351.70640,13517064000
450.1268783660512,437.2205363746144,1351.92920,13519292000
457.6408829883733,508.9514586194975,1352.19420,13521942000
462.98569455986006,555.7142721937287,1352.41680,13524168000
445.3495207139313,488.5962867009101,1352.69240,13526924000
393.46841809295677,447.1338694419501,1352.90790,13529079000
340.9049697186994,376.5178531003015,1353.17230,13531723000
469.6328606448558,284.39616975365817,1353.39770,13533977000
456.36662069552744,275.9936379745694,1353.62800,13536280000
397.6869100524308,270.5121423755714,1353.86100,13538610000
318.5719100139629,255.1825431399999,1354.10190,13541019000
237.34279215553633,216.7497335300711,1354.31720,13543172000
183.92243963893793,225.2592131445597,1354.54320,13545432000
161.1115231451535,213.43103489559144,1354.76170,13547617000
229.0411164976972,288.8781724857703,1355.01680,13550168000
207.4151061730238,312.639634132542,1355.24150,13552415000
211.56997357105297,368.99398082847574,1355.47380,13554738000
263.5958228554849,397.7237528908797,1355.70220,13557022000
164.33291879173527,425.40007147095423,1355.92550,13559255000
241.01168605542279,400.87849050905385,1356.14840,13561484000
262.3375170916054,391.97445002862906,1356.37280,13563728000
282.0878368974143,339.2123385005139,1356.60670,13566067000
391.65502126411934,319.1229579655642,1356.83310,13568331000
507.3383248839056,323.9093598873071,1357.05540,13570554000
569.0820912674167,338.64478924380256,1357.27380,13572738000
660.0108797917875,371.89433797534514,1357.49180,13574918000
721.8711513425297,359.6037132195132,1357.72310,13577231000
821.7144806592393,423.7190394027333,1357.95910,13579591000
917.9744335193974,473.249933843208,1358.18580,13581858000
1035.4360471296056,491.27793371289573,1358.40360,13584036000
1157.4116243368194,554.1220801648926,1358.63440,13586344000
1195.6532870239378,588.8359758363432,1358.87000,13588700000
1194.295538953831,626.3509764696881,1359.09180,13590918000
1111.0087660889312,565.8308484039172,1359.33000,13593300000
1065.8433438769134,548.4536194427466,1359.56790,13595679000
1014.9588818813907,476.8548510479472,1359.79040,13597904000
851.2386318558474,442.92984285860047,1360.00510,13600051000
901.4836303746744,366.7647462481561,1360.21980,13602198000
964.6801327741056,288.1978615956891,1360.42850,13604285000
995.6889731120768,264.4999343373535,1360.64610,13606461000
937.2355425379203,304.96072017309507,1360.85930,13608593000
900.2146035078373,355.1486859439951,1361.07640,13610764000
736.8028932618926,326.6246111511263,1361.29810,13612981000
748.1992638358486,309.88891208006686,1361.52160,13615216000
804.347694478781,277.63909469295174,1361.74230,13617423000
957.2614342674085,188.08878097472422,1361.96460,13619646000
829.6459739058575,235.49527976448303,1362.17960,13621796000
676.7080800603918,275.76007333508727,1362.40230,13624023000
591.2683328154335,371.53489351296207,1362.62800,13626280000
485.31566834534937,460.96442768449765,1362.85930,13628593000
396.37043931496027,522.8600892791476,1363.07460,13630746000
575.5969687434647,624.6398664222618,1363.29320,13632932000
613.9170186024768,668.0346589265561,1363.51450,13635145000
627.955183592144,717.3362379910061,1363.73220,13637322000
598.9177008811542,694.8953362454206,1363.94780,13639478000
552.4779872704722,672.8079666926782,1364.19180,13641918000
496.85729320549495,730.089278020823,1364.41420,13644142000
395.5733696110316,725.9283293954053,1364.63690,13646369000
384.39578304079276,747.2177230090824,1364.87040,13648704000
418.44692978300867,752.2196323134515,1365.09690,13650969000
436.12484796377566,753.620682504988,1365.31780,13653178000
403.98513053749286,786.2925913891409,1365.53610,13655361000
388.26139261317576,772.5853362323908,1365.76010,13657601000
437.2995903994497,774.4204950724463,1365.97260,13659726000
597.6327380838288,724.0804022304103,1366.19390,13661939000
681.8551669065994,761.7781181245881,1366.40610,13664061000
743.0366367887586,798.6970930591193,1366.62730,13666273000
662.3351427731938,790.923998598977,1366.84110,13668411000
782.3887519513839,758.2873253135207,1367.06490,13670649000
819.8435754021631,754.067074801935,1367.28650,13672865000
925.3451165755027,804.032068504602,1367.51100,13675110000
949.6174421235872,831.8741647423733,1367.72950,13677295000
1100.1615153353905,718.3974076885744,1367.94790,13679479000
1230.9124698702633,608.2734543258125,1368.16480,13681648000
1338.2672577026115,482.45020492793674,1368.38360,13683836000
1425.7994199003178,335.3456965565069,1368.59980,13685998000
1362.6036108551164,417.92267530105687,1368.83250,13688325000
1207.6968601656251,339.54787295431277,1369.07680,13690768000
1086.3315659872303,304.7146898008554,1369.30230,13693023000
896.2713530765561,262.3697659876911,1369.54610,13695461000
715.4361832565605,245.21049619015415,1369.78830,13697883000
650.6377857571005,168.8932869633287,1370.00390,13700039000
520.0926676749904,143.9721396926907,1370.22660,13702266000
383.62413074526154,183.04229126956918,1370.44740,13704474000
283.74106614671956,163.6669227684575,1370.71650,13707165000
230.0458114439828,217.32897226681834,1370.93780,13709378000
126.7772844311814,227.97961809862352,1371.16180,13711618000
218.84549082897504,140.7717827899466,1371.38030,13713803000
323.0178498804383,104.740237464101,1371.63800,13716380000
443.734282511643,120.83547000384975,1371.89810,13718981000
551.7648735124384,122.32445820490166,1372.12390,13721239000
441.271764783895,147.61536387711237,1372.34780,13723478000
313.45610849145834,177.3635671098354,1372.59040,13725904000
283.1501047605692,190.3230778943095,1372.81260,13728126000
546.3614510484012,187.8295647790643,1373.03130,13730313000
851.6070370720132,242.0684464650213,1373.24730,13732473000
874.6526504972237,232.543917795382,1373.46930,13734693000
911.2567330950328,289.0595038488913,1373.68510,13736851000
961.8586471583076,230.0448954108235,1373.91690,13739169000
937.2566942729034,198.62121172092884,1374.12840,13741284000
1021.4947838396055,206.2593162112228,1374.34700,13743470000
1071.0447778988087,218.0894826458883,1374.56010,13745601000
1066.2873794096108,209.48159394188883,1374.77540,13747754000
944.9187172021948,214.94129525627986,1374.99260,13749926000
823.977119944082,214.19151796771374,1375.20760,13752076000
962.0912994466435,255.42735303865032,1375.45580,13754558000
1057.3349919262196,278.189689054283,1375.66300,13756630000
1144.5893492119053,309.1509078576162,1375.88330,13758833000
1317.6756458164498,284.2481912645079,1376.12350,13761235000
1374.8067936495509,243.14890111872052,1376.36780,13763678000
1386.815057260281,266.9015303679211,1376.59120,13765912000
1335.089072344105,254.46025845456137,1376.80440,13768044000
1303.2410045622782,290.6634869914158,1377.06620,13770662000
1341.3239660785637,296.76574854540763,1377.30070,13773007000
1307.8171239823184,306.51470006219745,1377.52160,13775216000
1343.3118429933597,395.26286064828264,1377.73220,13777322000
1438.7496572727632,383.0745935010182,1377.95120,13779512000
1401.898316023938,361.94866260838205,1378.20900,13782090000
1381.9255325173613,357.0473375201524,1378.43410,13784341000
1217.0261066105168,390.3550347287562,1378.64560,13786456000
1056.3061906874063,387.2816540178129,1378.89190,13788919000
968.143221979399,346.0289155363592,1379.15150,13791515000
907.2718686549871,332.2304239785272,1379.39540,13793954000
904.5318587709422,343.1398351865794,1379.60860,13796086000
902.3107236864332,365.88400256959125,1379.86060,13798606000
839.8723009468353,325.46364698736767,1380.08570,13800857000
763.3112482765133,320.2249246754095,1380.32660,13803266000
572.9012928968018,325.2313932359649,1380.54690,13805469000
463.81834655575005,340.29898868884953,1380.76170,13807617000
309.36145154632186,370.58748809649455,1380.99330,13809933000
284.04609922985884,383.4299988571961,1381.22150,13812215000
231.18367686868086,355.03065879005254,1381.43670,13814367000
207.5502269668842,328.60854464951547,1381.65620,13816562000
91.12100228180688,397.63017689655,1381.87080,13818708000
28.464404869456754,454.553418116856,1382.09130,13820913000
36.991578319708594,527.7146222590392,1382.30850,13823085000
23.15314418870743,582.4411525464975,1382.52720,13825272000
-18.638122494950633,624.1810991663118,1382.73860,13827386000
40.93186726262175,639.1819043263673,1382.96090,13829609000
43.32380719100076,630.9698568366796,1383.17860,13831786000
47.06529309150883,594.3917170421649,1383.39280,13833928000
269.61762323740703,618.5943123111304,1383.60840,13836084000
460.3958478583934,634.2254472769392,1383.82380,13838238000
611.0976967472419,621.4556384334516,1384.03960,13840396000
795.9229452054526,559.936093856632,1384.26150,13842615000
786.7306977748141,483.88708232316753,1384.47230,13844723000
761.2033047491893,454.8202326672102,1384.68760,13846876000
633.4685015900359,417.77663296372805,1384.89710,13848971000
599.9021955617876,405.1349606077349,1385.11040,13851104000
499.68785146619405,346.099985608557,1385.32980,13853298000
463.12492909510206,267.4354366468401,1385.54650,13855465000
433.1465597229359,324.86223747166076,1385.77250,13857725000
417.9734047203691,318.8473324244826,1386.00630,13860063000
372.573841366367,352.4019721766589,1386.24850,13862485000
310.9677154523303,368.87533017263667,1386.47230,13864723000
344.7689505881692,446.1469729247917,1386.68800,13866880000
500.99677159167084,459.25320196991174,1386.91250,13869125000
523.7214319199798,385.5390889414993,1387.14150,13871415000
675.5596038706062,344.9731900454782,1387.36600,13873660000
912.6130571962652,359.362691692433,1387.57860,13875786000
867.4663903477325,343.8768566190129,1387.79460,13877946000
760.3649237761028,372.4699104218857,1388.00690,13880069000
713.9503024096658,354.4185083166916,1388.22340,13882234000
750.015144380442,347.1433460906095,1388.44460,13884446000
719.2017996701861,315.0151670322935,1388.67210,13886721000
726.9511595779336,320.4357747122307,1388.89440,13888944000
686.3725870988513,248.57432751068222,1389.11090,13891109000
850.2470036561474,247.6571795678767,1389.32940,13893294000
982.7905959884255,259.4683083980248,1389.54760,13895476000
1026.547599254134,347.78830382334024,1389.76680,13897668000
1073.3840220719842,398.10813556054785,1389.98440,13899844000
921.5498041327909,472.8204204656819,1390.20220,13902022000
727.1757267925145,558.8574677320888,1390.43820,13904382000
690.4808513885508,583.5710219407869,1390.65730,13906573000
553.1773496018951,609.7569614652895,1390.87400,13908740000
593.9672250709965,561.1375891067565,1391.09840,13910984000
486.09228428822007,526.9874820606659,1391.32700,13913270000
401.2576603475998,515.0954338084173,1391.55190,13915519000
298.39262196136036,460.7095733070085,1391.77280,13917728000
251.64836860120175,423.69812753017897,1391.99600,13919960000
233.1646919693384,383.11894247725314,1392.20810,13922081000
181.78170771393536,346.6304392770493,1392.43040,13924304000
277.46327381579255,370.4433583944227,1392.64880,13926488000
304.0177312671241,400.8996723220299,1392.86160,13928616000
253.1423451209603,365.39394089245775,1393.08270,13930827000
232.38478926186622,364.72929572211746,1393.31570,13933157000
318.91171501583324,374.8447783297157,1393.53140,13935314000
406.0349406696064,368.59699884692,1393.74020,13937402000
383.7169926254174,409.9057238469355,1393.94870,13939487000
341.11243038511833,445.0751024522559,1394.16550,13941655000
375.46933280834645,376.876579381074,1394.38300,13943830000
387.29851620217113,332.2632843911273,1394.60440,13946044000
385.6136252700939,260.55131088913635,1394.83750,13948375000
461.7850129351632,237.67291830843544,1395.05950,13950595000
414.47574116055637,216.51277351951023,1395.27490,13952749000
523.9906735873501,195.03322701381856,1395.49500,13954950000
496.7037472576093,241.86957860655463,1395.72250,13957225000
522.5181688449536,260.4277241602542,1395.94300,13959430000
462.10905920435147,312.17130525846295,1396.16340,13961634000
400.6891597691812,328.0357431849125,1396.37990,13963799000
538.8628595289865,273.42589993417977,1396.59610,13965961000
616.9648685360369,219.93010286840598,1396.80690,13968069000
754.8857679668176,164.98371386087643,1397.02610,13970261000
910.4080747282684,114.34910791761088,1397.23860,13972386000
1039.986358877799,71.77609681292782,1397.45780,13974578000
1162.3428076530251,35.55734950592505,1397.67400,13976740000
1272.6607003397646,50.871050934534566,1397.88960,13978896000
1374.4760487827089,48.39490760797071,1398.09960,13980996000
1507.2509637921123,37.65923634560311,1398.30870,13983087000
1559.238062007293,53.34937974066188,1398.54730,13985473000
1551.175269192664,22.8029134200307,1398.75980,13987598000
1567.0877778229572,48.449626799481806,1398.97200,13989720000
1557.0885349222438,103.59282182602243,1399.18750,13991875000
1467.6522724791585,260.5936390353814,1399.39870,13993987000
1192.0671162266115,306.8030163374946,1399.64710,13996471000
1062.4174876201841,318.2178730172876,1399.86260,13998626000
912.5693628179772,345.2280585379222,1400.07500,14000750000
790.9327288139591,316.15351798568906,1400.31480,14003148000
694.4766343352968,309.7787912703932,1400.53600,14005360000
580.3258270764129,358.69702624009795,1400.77390,14007739000
545.9518183857064,313.6866670480165,1400.99030,14009903000
497.4943200848452,330.09014986718665,1401.20270,14012027000
495.0251165968472,346.91539623935915,1401.43570,14014357000
561.6823430511289,344.0884684554479,1401.65610,14016561000
651.7595901990579,334.6546040200706,1401.87210,14018721000
564.1693611808761,296.2895952588217,1402.09320,14020932000
542.7260077536017,293.3207254784034,1402.30800,14023080000
470.8641974927076,310.7299538702699,1402.52410,14025241000
437.1626767551087,381.88591318047514,1402.74810,14027481000
360.2313568730634,365.2039037990582,1402.96000,14029600000
400.18007005751554,382.8692692241997,1403.17400,14031740000
349.152312325095,388.3494472953159,1403.43140,14034314000
386.40833454730364,372.57774459888884,1403.65050,14036505000
401.21110745001636,354.2504245293961,1403.88560,14038856000
466.42530740469704,333.90650582669963,1404.09850,14040985000
374.1845789225532,257.806846699777,1404.31640,14043164000
371.809005976876,328.0982779638877,1404.54130,14045413000
358.3396672182094,290.3699016093888,1404.76360,14047636000
432.29314722982394,274.0434747345053,1404.97670,14049767000
429.5240411355521,244.87370454051594,1405.20120,14052012000
459.4927348549102,203.3901394501301,1405.47390,14054739000
491.4070943953358,176.40661278453265,1405.69600,14056960000
486.7556062063396,158.34172685826056,1405.91010,14059101000
470.42809376427056,157.73668552423237,1406.13010,14061301000
499.08455988097603,162.0421894384006,1406.35400,14063540000
486.7904028385387,149.56195371848594,1406.59340,14065934000
482.16485789595436,173.26375386900162,1406.80460,14068046000
484.11327666926275,172.50792238908178,1407.05670,14070567000
547.0133368451574,168.41592341485813,1407.29060,14072906000
614.8842264844367,207.4528234896241,1407.53780,14075378000
655.5941972598196,197.5402591782248,1407.76740,14077674000
700.2652470670099,204.93734585172882,1407.99260,14079926000
683.8299791394161,191.38162343856976,1408.21270,14082127000
611.1596355309642,184.74613972624292,1408.42760,14084276000
624.3677415335864,205.17381919194216,1408.66950,14086695000
625.5145079249249,255.23875414260905,1408.94300,14089430000
481.23360839443023,280.90980440112304,1409.16660,14091666000
424.6413251232979,356.20713522255073,1409.38800,14093880000
407.448033848373,400.118267248245,1409.61050,14096105000
372.07740227164595,397.4195589964828,1409.84340,14098434000
374.0301587849166,362.29987601926143,1410.06850,14100685000
379.934218197263,399.27305468275057,1410.29300,14102930000
334.5818462678369,459.99450854432405,1410.52460,14105246000
410.630504717646,486.8252643377637,1410.74140,14107414000
410.829860600206,542.7110237926519,1410.96750,14109675000
578.6390265294663,587.8894403791454,1411.19060,14111906000
515.3416223486536,644.0883645504367,1411.41810,14114181000
545.0108466828113,603.8909906426567,1411.65140,14116514000
509.6187836937404,527.9057008603478,1411.86760,14118676000
446.3030185163768,537.6617757868062,1412.08870,14120887000
378.6286538861933,506.3008504128688,1412.31540,14123154000
292.43199615261136,466.6576438693414,1412.53730,14125373000
325.0186410575495,415.9368316503737,1412.76320,14127632000
400.63219717515824,386.0865082156684,1412.98940,14129894000
390.65214327243694,352.5226607010317,1413.19900,14131990000
388.263237132767,308.00714384653566,1413.41690,14134169000
397.67981536000974,277.0236411531201,1413.63510,14136351000
574.6627832842701,245.97205842642728,1413.85560,14138556000
592.6178384751249,205.87036549333115,1414.07740,14140774000
741.9393646526863,222.86574883864148,1414.30410,14143041000
872.1921472311558,176.1305870107879,1414.52880,14145288000
1086.1895215986326,234.66355953536663,1414.74230,14147423000
1273.5850986885757,242.59165634165709,1414.95640,14149564000
1362.414265214678,235.15927930552192,1415.17900,14151790000
1410.65700522523,232.14027706091778,1415.40150,14154015000
1334.2313215822815,266.09516461185905,1415.62120,14156212000
1029.351709657694,310.191433805456,1415.84450,14158445000
885.8636086853587,299.1308914551047,1416.07260,14160726000
892.6063745937614,336.73144988318444,1416.32150,14163215000
836.7194405497668,380.3854334741765,1416.58710,14165871000
769.0946223844761,390.1276921024812,1416.79990,14167999000
671.8196361857194,420.17277176762224,1417.02040,14170204000
616.6472385159593,428.28449414672315,1417.24010,14172401000
664.1635957714478,428.45678778905227,1417.45880,14174588000
829.6428575380403,356.837863572962,1417.68880,14176888000
940.813483153963,293.0064927042321,1417.93370,14179337000
843.4392178110055,493.44671124248464,1418.15320,14181532000
795.9601420489695,503.46564714685417,1418.36840,14183684000
760.4125898439158,472.37085339485725,1418.59270,14185927000
756.5120527353138,458.34918463858236,1418.81310,14188131000
977.8795194177017,418.35455905560116,1419.04480,14190448000
1107.7033815366826,366.93464358721894,1419.26640,14192664000
1184.0673887722824,303.7417914226068,1419.48760,14194876000
1276.2965638653193,282.98908074743684,1419.71090,14197109000
1348.4409539972141,227.5531427324029,1419.95910,14199591000
1508.476916630724,210.7728591209312,1420.18490,14201849000
1520.967423766057,154.49442344134553,1420.41460,14204146000
1493.1714704994813,156.93783003753578,1420.66430,14206643000
1460.1420066397764,154.4040560715447,1420.89290,14208929000
1443.8306303147513,142.1740160797871,1421.13690,14211369000
1429.7759941740517,183.92042224291365,1421.37140,14213714000
1433.4573872997732,179.5656304720248,1421.59450,14215945000
1309.252686509428,246.24056125178203,1421.81700,14218170000
1250.6987328573891,313.2797666422078,1422.04280,14220428000
1299.8510243448222,310.2619375362965,1422.26020,14222602000
1282.3839739482316,311.77596511103883,1422.47370,14224737000
1213.5520552651938,336.2523398238899,1422.69030,14226903000
1144.2459012153722,347.6812152960495,1422.91440,14229144000
1002.3488228193052,359.0104771862165,1423.13220,14231322000
887.8839027057872,336.2287081384112,1423.35740,14233574000
832.7873412156144,312.7166829607863,1423.57970,14235797000
720.0100546094418,287.59106253627874,1423.79870,14237987000
600.3967931844996,259.2406741073833,1424.02800,14240280000
544.5711486637254,222.32124339300694,1424.24860,14242486000
445.02352090265197,198.18657405814974,1424.47640,14244764000
348.1106385140812,174.18368506722652,1424.69760,14246976000
413.6249020293275,240.8116270022748,1424.92240,14249224000
540.1514136081112,245.43083149261605,1425.14860,14251486000
561.7211024408073,250.6635636014753,1425.36590,14253659000
763.1936766875846,178.3059061559594,1425.58220,14255822000
894.2989699493282,186.18599794918143,1425.80910,14258091000
1002.4048453772025,134.72457995584207,1426.03460,14260346000
947.374826598976,143.72947342012162,1426.25730,14262573000
933.7443219810363,136.5549312053566,1426.47260,14264726000
925.8195782934504,174.1114475070981,1426.68590,14266859000
1032.3300001851362,160.63682638996892,1426.90020,14269002000
1152.8689553249587,107.6776666976481,1427.12170,14271217000
1011.365471777915,136.2236537177832,1427.33980,14273398000
904.9591884750222,167.8670692346864,1427.55920,14275592000
946.1712483305998,217.4199813437822,1427.77820,14277782000
954.5073000388635,226.59769561261945,1427.99980,14279998000
903.5372594823738,224.95049714609524,1428.21590,14282159000
752.8793191954957,203.86160670743843,1428.43310,14284331000
848.2004699680919,218.22349459142401,1428.65200,14286520000
901.4981860270773,205.6025157579138,1428.86540,14288654000
965.1793271421014,175.59346689803027,1429.08530,14290853000
1032.9936430885446,119.04361100211906,1429.30280,14293028000
1060.6108209722265,160.0729001936823,1429.51500,14295150000
1164.8544950230723,129.48632519303,1429.73590,14297359000
1201.6681232124133,107.01438158693898,1429.96140,14299614000
1154.1010110633222,119.90422162545377,1430.18440,14301844000
1172.4164416034755,129.34350920340347,1430.40650,14304065000
1137.9308204167537,155.87956646052194,1430.62950,14306295000
1139.7523058713555,164.4887134668611,1430.86290,14308629000
968.9708713697615,201.83535679214154,1431.09140,14310914000
781.2039718675125,256.40917428007765,1431.31970,14313197000
634.4222029701283,277.39193226632756,1431.55210,14315521000
646.5600560756276,288.3859165542084,1431.77270,14317727000
673.3315377918983,313.80898907658883,1431.99490,14319949000
754.5365281595859,359.94738443696536,1432.21080,14322108000
637.0881408356022,322.749380089403,1432.42730,14324273000
555.2832463082304,319.68087855922573,1432.64830,14326483000
664.5825067596222,301.5906744122456,1432.88900,14328890000
741.6420085672261,300.56221199390603,1433.10200,14331020000
857.3265681409215,310.32148210997894,1433.32580,14333258000
1019.1529571347398,273.6147531304609,1433.55120,14335512000
1111.659878726429,238.41161371543075,1433.77710,14337771000
1184.6208338397928,226.39836020194574,1434.00740,14340074000
1109.1588119622404,240.43475352464955,1434.22210,14342221000
1106.2302441333316,248.70886615662778,1434.43490,14344349000
1140.1159299898388,186.81898325282904,1434.64670,14346467000
1166.8646181773113,134.95992736431543,1434.85900,14348590000
1263.0419575029441,126.66541445271397,1435.06540,14350654000
1306.7422525511154,116.04963149612534,1435.27680,14352768000
1221.9517334916256,145.96996812843608,1435.49100,14354910000
1146.9109426972013,191.41482641538323,1435.70070,14357007000
1209.439452411663,183.07743538683582,1435.91620,14359162000
1293.151215210536,111.62281838897756,1436.12740,14361274000
1144.9987423333685,153.89582654827012,1436.34390,14363439000
963.4516025034039,203.2123035758172,1436.56090,14365609000
991.7315331421687,190.07191917804505,1436.77950,14367795000
1098.3045676588285,196.7466930447097,1436.99910,14369991000
1033.340201028382,212.4467386798972,1437.23180,14372318000
951.0117075695273,226.57293077068613,1437.44230,14374423000
942.9449151988771,242.5382984031467,1437.65960,14376596000
1020.4180430229126,247.6013431460593,1437.86760,14378676000
1134.5212028526157,185.64600868946602,1438.08220,14380822000
1197.7704977432777,168.83327339228782,1438.29540,14382954000
1126.7900032668606,193.13348241587133,1438.50960,14385096000
925.9387239768494,208.3778783573852,1438.72320,14387232000
768.5661086231978,260.6995339447073,1438.92600,14389260000
601.6802721588044,251.87622142521604,1439.13330,14391333000
665.5562644408532,240.72854848604192,1439.35690,14393569000
702.841677256718,255.65335197885176,1439.57080,14395708000
741.5446126726581,252.47244836424122,1439.78830,14397883000
842.6298330407816,264.8577359264711,1440.00250,14400025000
796.6412157316813,330.14295129609644,1440.21300,14402130000
929.7826467302867,377.1818592393105,1440.43760,14404376000
1095.2773771966333,324.7294123287635,1440.65390,14406539000
1262.049608430608,261.7432920199599,1440.86920,14408692000
1374.9714591968318,235.77474626468756,1441.09660,14410966000
1456.9085988436195,186.47507771827136,1441.32820,14413282000
1473.5837769774605,188.40921592827885,1441.54920,14415492000
1436.0514232498115,177.5743817195438,1441.76300,14417630000
1304.8691980971169,166.89564783907554,1441.97810,14419781000
1257.7254326631974,169.18365542661633,1442.19640,14421964000
1196.271043530065,160.51465868687166,1442.42790,14424279000
1098.3668100002749,205.39255530733755,1442.66650,14426665000
991.5937139927842,227.48156258854945,1442.88180,14428818000
859.0068999772558,236.36112933833562,1443.10220,14431022000
822.4668667967096,240.1736872240424,1443.32050,14433205000
789.213580618086,227.80137967210638,1443.52880,14435288000
722.4767668371401,212.92607780345767,1443.75860,14437586000
814.4819691747748,175.25982285740116,1443.97620,14439762000
765.189163478546,185.23553335757774,1444.20570,14442057000
745.5024215969092,210.68080467822392,1444.42790,14444279000
729.9245944779391,234.07721839822705,1444.64550,14446455000
733.907644577583,241.09867645892413,1444.85960,14448596000
665.3273126072455,276.9954903805598,1445.11490,14451149000
814.0821604198779,330.05662477226167,1445.32700,14453270000
1004.9612901429754,329.3873119638594,1445.55360,14455536000
1107.469334533677,301.4055033467426,1445.76600,14457660000
1153.3198979057456,303.6150232604596,1445.97340,14459734000
1250.502765078977,217.29000973375614,1446.18930,14461893000
1266.6217959544858,174.34821094154364,1446.40290,14464029000
1109.7413870793102,228.48009814976936,1446.62340,14466234000
971.4985597084476,285.115954640347,1446.84200,14468420000
791.5121147089794,328.87142391314916,1447.08520,14470852000
725.6966291718313,317.74693527490984,1447.30920,14473092000
812.9488351675543,343.0861387028143,1447.55430,14475543000
1044.1817196523948,335.1642008615546,1447.76810,14477681000
1160.6230487352393,302.34456026045484,1447.98640,14479864000
1136.220143950047,278.2542838491463,1448.20420,14482042000
1128.0811195649605,315.9307639439129,1448.41900,14484190000
982.404328756078,369.38782375338735,1448.64470,14486447000
804.8890418970645,431.6609875955132,1448.86500,14488650000
794.6797581528086,522.3138502193752,1449.08450,14490845000
844.797116733669,638.8484451014347,1449.30110,14493011000
1007.8575117293002,625.6811687658745,1449.51820,14495182000
1138.3947890661914,575.384900411796,1449.72780,14497278000
1237.19452259034,536.6166872981421,1449.94710,14499471000
1129.2706526902866,489.19362983425367,1450.16140,14501614000
1068.99131197998,445.6446618910256,1450.37500,14503750000
1138.336945435061,337.3086021494069,1450.58930,14505893000
1029.7117784346956,256.87715216651856,1450.80150,14508015000
931.7702122037485,244.33861299483,1451.01950,14510195000
751.8286919317529,209.41017278215676,1451.23000,14512300000
708.7083199914737,211.7076113413243,1451.44760,14514476000
777.0472161092534,258.88249030170283,1451.66330,14516633000
922.085459061921,284.81200377922306,1451.88270,14518827000
1057.6853503585958,310.86018443615694,1452.09400,14520940000
1263.7666160813303,325.62914766775464,1452.30480,14523048000
1376.9747722615396,268.75127322974225,1452.52820,14525282000
1279.3245634548234,259.3067225681924,1452.74930,14527493000
1130.1068708828625,254.25718288282906,1452.96540,14529654000
1044.1247256396744,286.7322719354392,1453.17680,14531768000
928.1195675327826,299.23162587328017,1453.39330,14533933000
861.7110551608515,308.46535953565933,1453.60420,14536042000
782.5117693400516,298.1956430508369,1453.82020,14538202000
726.6648798811117,310.45834132054324,1454.03050,14540305000
606.9628266935499,327.9471796398954,1454.25810,14542581000
508.92841270711585,322.45174586516566,1454.48880,14544888000
681.6528368528278,267.84031050131557,1454.70870,14547087000
759.9891241468447,261.93720145109046,1454.93110,14549311000
680.3548210796827,209.94736631265107,1455.15330,14551533000
595.3013566025685,171.12548570837907,1455.37020,14553702000
525.1645382403951,150.0351755819539,1455.58750,14555875000
509.12590944666874,168.79738290590788,1455.81910,14558191000
471.9785750752099,219.67717976895585,1456.04150,14560415000
466.28604635748934,221.08340297140668,1456.29810,14562981000
501.2817106053154,254.22314166773003,1456.52070,14565207000
455.2391480715003,241.51312886501736,1456.73730,14567373000
607.4933969258634,348.1027340207024,1456.96220,14569622000
914.3704916629271,327.367914157341,1457.20590,14572059000
1123.320635046423,276.1753376426061,1457.45470,14574547000
1259.064910379289,288.45517807937085,1457.67050,14576705000
1289.8300728892343,296.59820518575555,1457.91910,14579191000
1383.147949840848,233.52190638378642,1458.14390,14581439000
1469.2772695052624,173.684991906049,1458.35630,14583563000
1458.950710534096,183.17084293900092,1458.59980,14585998000
1382.452806506874,197.2720024608467,1458.83110,14588311000
1468.973138315063,189.24622003472507,1459.05390,14590539000
1425.3252162420008,200.46628495786643,1459.26690,14592669000
1356.1510365940478,202.67869074813856,1459.48320,14594832000
1273.1515703907523,228.8552919085507,1459.70160,14597016000
1259.747881545577,240.48356822187296,1459.92330,14599233000
1210.937558865135,249.19134339918364,1460.13850,14601385000
1171.5926465065918,290.57241079609236,1460.36470,14603647000
1009.2417290412353,314.34851862564676,1460.59550,14605955000
925.0563793943869,365.4435680092596,1460.84840,14608484000
794.4600571941791,354.4565652327384,1461.06500,14610650000
695.6681344574015,358.07480423757266,1461.28200,14612820000
697.3961432349673,395.52951612729595,1461.49680,14614968000
730.3528250849232,393.07604677925616,1461.71490,14617149000
600.3411078322197,345.2703609258701,1461.92880,14619288000
500.4786992707502,323.34162317269664,1462.18910,14621891000
437.99112968851307,302.19127068979975,1462.40370,14624037000
428.4845591082739,296.53172573550233,1462.61410,14626141000
352.3003272628627,281.3637752238219,1462.82760,14628276000
290.81056212082575,264.6953736441279,1463.04890,14630489000
322.2983351346161,291.4392170089096,1463.26580,14632658000
388.15722117663125,313.4005150571417,1463.48060,14634806000
478.0711750682263,476.2426981704662,1463.69630,14636963000
560.9308651994016,450.12407164714796,1463.92890,14639289000
695.7491704012257,438.6201506948834,1464.14040,14641404000
877.3627290976669,364.2603488310121,1464.35630,14643563000
1075.0898593610339,322.0315841088091,1464.57060,14645706000
1254.8004598670839,252.07352293785624,1464.78360,14647836000
1390.2292068284958,182.29592643607612,1465.00130,14650013000
1462.6161728740194,176.82855439399506,1465.21860,14652186000
1354.9696405528261,178.2623062940452,1465.43870,14654387000
1106.6971868189316,205.40232050609833,1465.66120,14656612000
906.0903195303852,233.59727038406334,1465.87400,14658740000
849.1258854154217,213.771525089291,1466.09600,14660960000
824.9922855014148,237.78503445292858,1466.31100,14663110000
965.7816245992535,272.0961419728345,1466.52610,14665261000
1177.1477815346411,201.56566709463794,1466.73400,14667340000
1282.1380793182268,147.81154206235425,1466.95230,14669523000
1057.8452271409897,184.941453529344,1467.16540,14671654000
773.312147916055,219.75225226450806,1467.37900,14673790000
619.8192311101988,241.50171399059067,1467.59380,14675938000
497.00434536030195,291.22085800390676,1467.82180,14678218000
720.4407601244797,303.87629313793997,1468.04370,14680437000
820.0336922843884,284.75152498466707,1468.26570,14682657000
831.9347039417153,271.80185217603866,1468.47930,14684793000
805.1593737531203,261.1956479561192,1468.70350,14687035000
817.7221897946198,347.11997978038,1468.93550,14689355000
705.5340374848089,399.386476530249,1469.15900,14691590000
629.1024964280664,406.421631342259,1469.42120,14694212000
541.9891685337049,476.4284186403175,1469.63750,14696375000
529.7237382606645,469.3148851799768,1469.85520,14698552000
455.14316771614864,393.6641663590933,1470.07760,14700776000
421.12836649734055,395.35691198685214,1470.32090,14703209000
355.29240320593885,365.75660790184423,1470.57920,14705792000
290.8391407524594,333.44627942888826,1470.79560,14707956000
276.9619998941526,344.96534690914996,1471.00500,14710050000
279.74715842564507,415.2294309528064,1471.23790,14712379000
308.45120740873017,523.9003898481255,1471.45990,14714599000
334.3635788581967,550.1399219659534,1471.67600,14716760000
276.48121609826643,500.4262510075022,1471.89970,14718997000
243.60589092233678,466.4558635954364,1472.12890,14721289000
409.6024686241723,386.39874200197363,1472.35230,14723523000
490.1539942071859,317.94936272251806,1472.56810,14725681000
562.3653572839509,252.97038371089343,1472.78620,14727862000
677.7516714516884,190.93256758078076,1472.99800,14729980000
844.0617921539372,150.79957562583957,1473.21580,14732158000
930.6757374449725,133.86089736315552,1473.45190,14734519000
760.2356791345853,203.55811067073165,1473.67410,14736741000
745.8415602068454,259.2443895516544,1473.88610,14738861000
653.9377337808061,273.0828160759023,1474.10650,14741065000
534.0056018217898,323.9736227658346,1474.32880,14743288000
478.78104928250576,386.96194356787595,1474.56020,14745602000
412.60222680190043,380.31621152513054,1474.78560,14747856000
319.990979449513,438.8951158187518,1475.00120,14750012000
293.8719509368337,455.1461302941625,1475.22450,14752245000
553.8554307028899,403.2214381579501,1475.46040,14754604000
718.1733147647967,419.8053670666786,1475.67570,14756757000
828.3488071755143,422.80042332743454,1475.89620,14758962000
706.133794944226,421.165387982308,1476.12310,14761231000
617.7270495124528,425.90861296634023,1476.34790,14763479000
531.8236572733431,461.3685868960905,1476.58200,14765820000
442.27509082760173,557.5233120551903,1476.81320,14768132000
330.9742909809049,597.2133484101429,1477.03430,14770343000
273.7061790007501,659.9593940157205,1477.25060,14772506000
291.351193110913,691.7843956886188,1477.47000,14774700000
270.7009274952869,732.5624436224886,1477.69510,14776951000
224.64633949951295,700.599895101368,1477.91430,14779143000
287.6896760844927,624.1857267616497,1478.13510,14781351000
277.5635825587993,553.2244187293015,1478.35740,14783574000
214.6265294877655,502.19578407474467,1478.57830,14785783000
370.7557858469886,451.39191715639424,1478.79840,14787984000
473.10845732881,370.95652001000184,1479.03150,14790315000
535.0841861143722,314.4261703926145,1479.27270,14792727000
569.1823807956084,270.1304043370767,1479.48850,14794885000
482.7974032174927,277.3091932614305,1479.69970,14796997000
361.3697310575619,246.80916569972882,1479.91380,14799138000
301.31533979966906,283.5766648106389,1480.13260,14801326000
261.36322333864985,320.26707183583596,1480.35620,14803562000
338.5359069740218,322.04039020392344,1480.57510,14805751000
366.4631148051276,289.28317613569783,1480.80460,14808046000
376.5121493455958,255.24722636507678,1481.02780,14810278000
392.76911885863353,266.8716599637804,1481.26180,14812618000
297.64601782746183,238.6488311503815,1481.48370,14814837000
245.24467712881233,216.14627827284772,1481.70340,14817034000
256.7310944143258,226.27961419481554,1481.93190,14819319000
246.002954933351,244.93891356047132,1482.15730,14821573000
278.44374989083417,420.3907002477274,1482.38380,14823838000
299.11378646815217,507.7254975865619,1482.62770,14826277000
235.19943832037256,558.16319652861,1482.83760,14828376000
268.26398495430135,591.0302148844107,1483.07120,14830712000
247.92996591722786,549.4816275694275,1483.29880,14832988000
184.58950114187684,503.05772578962274,1483.51860,14835186000
253.24429533933284,414.76746569484897,1483.73510,14837351000
315.18543091466285,362.9803945228592,1483.95250,14839525000
399.04419049079894,459.08031816457526,1484.17660,14841766000
485.78059899234574,496.67609876891356,1484.39810,14843981000
548.0119226337907,564.3918763017755,1484.64100,14846410000
512.6196179750588,629.1649457158532,1484.86820,14848682000
570.8650860030447,624.2497951029511,1485.08490,14850849000
743.6460049211594,645.4295333318722,1485.30030,14853003000
873.9626681067987,566.8274261654451,1485.51710,14855171000
899.002679397691,502.60063470304556,1485.73050,14857305000
906.2212119611854,419.30777371794204,1485.95000,14859500000
833.4948127323389,414.69741782625675,1486.16310,14861631000
625.0788267139528,347.9671693401955,1486.38190,14863819000
596.7800444477763,312.5066892850996,1486.62380,14866238000
574.3672640457141,271.7939533499331,1486.83100,14868310000
590.3243208510057,255.10198849295568,1487.05290,14870529000
630.4917332482046,221.15387305568774,1487.26900,14872690000
759.3578022431197,229.68147300839763,1487.48580,14874858000
747.1661003992692,226.3037151473902,1487.69990,14876999000
772.803775977196,215.8736592933542,1487.92260,14879226000
773.2986840890073,191.81605107718087,1488.13750,14881375000
807.9869782145447,206.28674737956453,1488.35490,14883549000
775.6985882414001,202.84720853656654,1488.58980,14885898000
631.4263008317448,203.77921281492715,1488.81190,14888119000
648.7667193098578,237.57173560610408,1489.04220,14890422000
702.1911868576434,223.17995399523792,1489.26250,14892625000
828.9509548253156,299.25920821667836,1489.49370,14894937000
1071.4348444358347,274.4583501937796,1489.71220,14897122000
1227.9938789844512,218.80066141339898,1489.93630,14899363000
1198.8600981532293,206.2894540505813,1490.16460,14901646000
1254.3186209356738,224.8957069157269,1490.37820,14903782000
1254.5787592070756,191.80154570841123,1490.60730,14906073000
1076.245885957378,167.9735709204423,1490.84110,14908411000
875.5198043175336,152.78718184874978,1491.05820,14910582000
793.0389424551516,154.63881733867245,1491.31100,14913110000
710.5118266743453,186.23685284938318,1491.53210,14915321000
692.3397208535036,185.32337338988012,1491.75790,14917579000
638.1669619492584,189.58503504141686,1491.96460,14919646000
569.8135555087426,207.37228743623217,1492.17770,14921777000
533.7067391128131,208.2742642707576,1492.39490,14923949000
495.95772949002105,221.71426296054238,1492.61910,14926191000
596.9943315752183,209.44013279622672,1492.83090,14928309000
659.697503774392,184.26183839271266,1493.04840,14930484000
722.7469346423516,175.59436101189402,1493.25440,14932544000
619.5531163185541,164.3897132180811,1493.48940,14934894000
571.7221932254153,183.5759646358117,1493.70890,14937089000
518.3243445473082,183.9637669565605,1493.93210,14939321000
486.1801828985262,206.69642212337124,1494.15440,14941544000
426.6414076453591,221.17399715507403,1494.38960,14943896000
493.4122123409619,219.33154022689442,1494.62200,14946220000
454.0548190083012,241.62495800492587,1494.83730,14948373000
459.20449297149156,235.59673837760369,1495.05310,14950531000
361.00273554801635,230.03680845844082,1495.26930,14952693000
515.5676750828642,280.3068778051919,1495.49230,14954923000
743.5038520552696,370.3528483073612,1495.70940,14957094000
843.0654235881434,347.3653898448516,1495.93840,14959384000
991.1227225589728,313.04530923830674,1496.15240,14961524000
1147.3702603165443,271.1647393231347,1496.36330,14963633000
1138.4384034657687,255.366627812104,1496.59420,14965942000
1081.1602800506203,242.4287258750704,1496.82290,14968229000
938.9187746609343,235.596922567377,1497.06010,14970601000
868.3256774030125,219.21994780107323,1497.28100,14972810000
914.9196253558049,197.6594926162351,1497.50210,14975021000
811.5954954636451,173.2067233702026,1497.76320,14977632000
729.2698424180935,154.93255993924043,1497.98900,14979890000
636.3402053438283,127.78700677436028,1498.22330,14982233000
506.0833157731004,112.85526255401348,1498.45590,14984559000
399.26167351506723,128.97757204055122,1498.67580,14986758000
364.56781590316444,131.4649990130385,1498.90220,14989022000
385.16089414099935,95.41116674293903,1499.13670,14991367000
370.75441643896454,36.33289032864119,1499.38870,14993887000
398.91761343354426,121.21439727581284,1499.62890,14996289000
406.0277909443753,139.51438619842662,1499.85920,14998592000
419.53008751834375,157.29374399264796,1500.09530,15000953000
404.38915562380674,160.9134633755682,1500.31220,15003122000
455.6450119513247,183.5993465021494,1500.52620,15005262000
458.8922829373516,186.35603504539216,1500.74540,15007454000
499.7512740267529,202.1932769824468,1500.95900,15009590000
535.2610269370678,228.4148803411618,1501.17200,15011720000
485.1038233562133,236.32720663136328,1501.39930,15013993000
405.7928606176921,217.87869942366893,1501.61770,15016177000
398.9873799493606,193.54236792912326,1501.83120,15018312000
508.0045273466935,207.59751378465813,1502.07870,15020787000
537.6586885393916,182.29128175076187,1502.30930,15023093000
641.7457355674516,191.08778388319064,1502.53430,15025343000
741.1823884337988,222.8067277416595,1502.76520,15027652000
795.023762301631,227.77398221429814,1502.98700,15029870000
833.9544206523625,256.83759873488316,1503.21210,15032121000
999.3981782609379,255.34680307129892,1503.43610,15034361000
947.3104369957581,261.4979586009973,1503.66970,15036697000
1016.4671730391542,300.48808382935096,1503.88390,15038839000
891.9167376644258,281.0389054306062,1504.10800,15041080000
875.4666680170662,317.8916523845544,1504.32310,15043231000
826.8464821993301,302.89214481395754,1504.53400,15045340000
875.5467430485405,325.49188952687365,1504.74630,15047463000
902.5618426281748,331.5602745042541,1504.95940,15049594000
1033.145809983215,304.73814287239435,1505.17260,15051726000
1108.3395275908163,324.0887241378224,1505.39290,15053929000
899.1758782780862,294.3129634720967,1505.63950,15056395000
817.1040469431983,278.5222764770433,1505.85280,15058528000
654.099295342191,251.41082517911323,1506.06170,15060617000
559.7926367806783,221.76002675799333,1506.30860,15063086000
479.3307342692283,193.25817955781557,1506.51830,15065183000
504.296048863518,187.33953763265484,1506.73830,15067383000
529.2064448257338,204.86974530964568,1506.94790,15069479000
516.9550586743555,223.64455437035542,1507.15850,15071585000
522.2979650555083,257.38540049875166,1507.41690,15074169000
536.3012030943167,256.3034159412117,1507.64330,15076433000
550.852537421581,236.7754056234556,1507.85480,15078548000
598.7724195069617,235.39152600900124,1508.06600,15080660000
600.2105732883067,255.81589615790853,1508.27510,15082751000
645.1465357864287,252.90492991822808,1508.48870,15084887000
823.8327297432634,257.53308368082924,1508.70010,15087001000
1047.899264471996,253.99679112060744,1508.91450,15089145000
1219.1429211752309,211.53270000785773,1509.13290,15091329000
1331.4931213581692,227.67150636720854,1509.35090,15093509000
1357.6219124648455,239.6614697860457,1509.56890,15095689000
1353.3118259666364,202.73960142560068,1509.78750,15097875000
1370.410131946145,212.72240475369833,1510.00680,15100068000
1309.6730761215567,149.61080793840276,1510.22530,15102253000
1170.7105634983836,109.42091349284703,1510.44660,15104466000
1135.5076040350161,122.18210487240863,1510.66770,15106677000
1058.2818933381564,99.02917316585891,1510.88830,15108883000
942.1912538522588,158.4389462386976,1511.14240,15111424000
1014.8124390253539,137.98806857934048,1511.36190,15113619000
1086.0985717654892,123.78752784538304,1511.57980,15115798000
1130.00194707092,113.10641328848692,1511.79670,15117967000
1268.6015256052174,114.46452452099729,1512.01250,15120125000
1311.3789046225413,177.16014038498872,1512.27000,15122700000
1276.7831062076884,184.01839735188125,1512.50840,15125084000
1237.67658612683,195.1163526718839,1512.76300,15127630000
1270.6924062302132,200.61602270065777,1512.98560,15129856000
1156.3867396998603,217.21473844392614,1513.21310,15132131000
1044.2080088523617,255.81499090840362,1513.45050,15134505000
888.1283092361182,260.32631717615396,1513.67120,15136712000
704.1395179589595,274.32764269803863,1513.94720,15139472000
627.4828559265009,266.9490392682065,1514.16100,15141610000
576.6924102552244,262.2820598696408,1514.37680,15143768000
627.1624189339544,262.5934722169703,1514.60130,15146013000
600.4134437573491,249.30149687829547,1514.82720,15148272000
620.7395285614322,266.4275078924231,1515.05870,15150587000
564.0311187405954,298.7383340104135,1515.27660,15152766000
479.7653507713238,315.7090880505602,1515.50350,15155035000
639.6928968482125,332.2623256195241,1515.72520,15157252000
776.9002950828913,276.6138135437521,1515.96130,15159613000
912.0175580355975,265.2197667923795,1516.17990,15161799000
995.963718713236,257.5057812020296,1516.39740,15163974000
1171.954473274048,253.9166631490099,1516.61950,15166195000
1291.249185752921,245.05234041965542,1516.83980,15168398000
1329.6350785650673,233.04186302843195,1517.05610,15170561000
1346.101930960084,241.24148019648965,1517.27460,15172746000
1336.312483281778,267.2948454110321,1517.50910,15175091000
1198.4674961390597,266.43430906007075,1517.73360,15177336000
1109.1291684774637,268.12161653230663,1517.95490,15179549000
1106.5362684846561,226.4789855813607,1518.17200,15181720000
1183.428261764295,219.97236188529303,1518.40170,15184017000
1172.7594571119078,263.6923767416119,1518.62750,15186275000
1062.2971938539956,304.59200564061985,1518.84840,15188484000
968.1628213692038,310.85685728860483,1519.07100,15190710000
1030.741482661205,323.66478502707105,1519.29900,15192990000
796.1299744153133,296.26180739062835,1519.51460,15195146000
678.0606257078643,285.627354730711,1519.73130,15197313000
765.2131953792549,315.2425337170995,1519.94860,15199486000
884.3977254809441,295.55209422154377,1520.16580,15201658000
939.4252939493593,286.5942011812481,1520.37960,15203796000
1047.261713030982,287.70661072406284,1520.60730,15206073000
1094.1970343849077,285.25595707797686,1520.83330,15208333000
1028.3830217800207,305.66760226452914,1521.04970,15210497000
1002.8243900184748,337.182111186638,1521.26780,15212678000
1001.4364053674329,353.7059099880038,1521.47770,15214777000
904.9517279134461,343.91518580228825,1521.69980,15216998000
751.5139160261175,313.69126903663454,1521.91520,15219152000
612.8358233497104,292.5819241242741,1522.13660,15221366000
563.414587723826,287.9444436743302,1522.35080,15223508000
493.7517721640911,269.14461576526963,1522.55650,15225565000
353.4804776549131,245.14035886613144,1522.76580,15227658000
350.6016325533845,266.44321240280533,1522.98760,15229876000
386.16876031258494,273.44275601196676,1523.19810,15231981000
388.1770951233484,270.66099095686405,1523.41020,15234102000
459.5547274905872,301.78071671348823,1523.63610,15236361000
557.2153686313511,313.5713957667146,1523.85410,15238541000
600.5494747043092,309.15073193715835,1524.06940,15240694000
620.3192317553671,439.98075146420433,1524.31500,15243150000
538.9426971257371,431.0067447689819,1524.52820,15245282000
492.7756195685391,412.2565064009247,1524.74420,15247442000
480.3946683433178,370.5438360166722,1524.96030,15249603000
544.5219049917231,358.3445864891024,1525.18640,15251864000
639.9261399712933,367.1705339286232,1525.40070,15254007000
670.3291694672822,359.8553554623259,1525.62280,15256228000
663.2174640908014,350.21003690171233,1525.83400,15258340000
605.8763666273398,366.75584454851645,1526.05150,15260515000
579.517574544524,365.96484152127783,1526.26840,15262684000
868.844336554878,358.78375741055146,1526.48240,15264824000
1011.9111113202257,279.4782111129614,1526.69980,15266998000
1095.3315402391795,191.87928544626067,1526.92420,15269242000
1191.5072578111333,130.2465481503764,1527.14670,15271467000
1259.6099457511311,90.40017111091505,1527.36240,15273624000
1395.9086279646526,72.86411013997721,1527.57820,15275782000
1418.7215275328683,55.89326082054564,1527.79510,15277951000
1458.5228400140825,96.75982405354293,1528.02290,15280229000
1194.6435353417423,157.80365141435192,1528.24220,15282422000
964.1494333740119,193.7607597368923,1528.45840,15284584000
853.7045112116573,198.1781491739511,1528.69130,15286913000
685.3614003160546,222.20369307029887,1528.90720,15289072000
514.572073752826,256.8248935035847,1529.12950,15291295000
370.1227293707561,310.28359672169057,1529.35120,15293512000
359.41385433637845,321.676493296882,1529.57570,15295757000
320.69821447551016,273.7977886069086,1529.79700,15297970000
314.2530867054149,230.57869013213903,1530.01190,15300119000
297.75876326788335,200.50718948248647,1530.23100,15302310000
351.51171599316206,184.0141337193883,1530.45360,15304536000
425.53463588779914,151.01870508231957,1530.67630,15306763000
608.1716449216055,112.28875340447959,1530.89400,15308940000
911.1117775997261,127.48128536923788,1531.11130,15311113000
956.950130946004,151.02524741231406,1531.32880,15313288000
1078.1867949788304,219.09959211775526,1531.54760,15315476000
1162.9143881959437,149.61261298205412,1531.76620,15317662000
1231.6945473996466,239.63285048589515,1531.98360,15319836000
1298.8707986648499,287.23285069444694,1532.19800,15321980000
1341.8875738700901,294.2710204216901,1532.41570,15324157000
1395.5177690909627,308.3079540276707,1532.63620,15326362000
1328.2437836614017,359.56743902404105,1532.85060,15328506000
1009.7032662837946,290.9189389390906,1533.06810,15330681000
788.3360807484612,302.124781946551,1533.29350,15332935000
628.2057028446276,312.55767140534573,1533.50620,15335062000
581.5154662417148,322.24421987631735,1533.72570,15337257000
675.8885238999422,326.26085198623434,1533.93630,15339363000
742.0508826819182,336.6713479150524,1534.15940,15341594000
926.8909547507532,323.00357071985064,1534.38030,15343803000
1038.6712507653892,251.12297039523767,1534.59750,15345975000
1135.383183800046,203.4009036855831,1534.81130,15348113000
1184.59596699068,220.42952504015355,1535.03820,15350382000
1165.53699918225,234.0372039192766,1535.26800,15352680000
1229.0385894193607,229.56659412528074,1535.48580,15354858000
1337.0018568474156,261.43384994151086,1535.70140,15357014000
1443.7169623941372,265.81124409579127,1535.92360,15359236000
1429.8343528231694,322.35514909764584,1536.13680,15361368000
1216.6153347550344,313.7754490932413,1536.36160,15363616000
960.4826479864889,327.1521830765085,1536.58820,15365882000
771.4315543493688,312.1256796130635,1536.79650,15367965000
599.3431632219595,329.1124955519676,1537.02450,15370245000
545.5877187998609,285.2342043846732,1537.24990,15372499000
730.2002320907403,305.083998348375,1537.50780,15375078000
886.5047000950826,292.7998792271917,1537.75740,15377574000
1080.8858547604505,240.01548110677928,1538.01270,15380127000
1219.6336399037089,196.22672713105436,1538.26240,15382624000
1195.7086061494822,232.4245652508613,1538.47850,15384785000
1072.4188300419594,216.82399209317268,1538.71780,15387178000
830.1998003784886,217.59142877045608,1538.97860,15389786000
668.8084064247772,213.5895092482167,1539.24130,15392413000
517.5682205425286,235.49135330701986,1539.48430,15394843000
380.34146637782237,240.11577697496614,1539.72720,15397272000
348.62499085791063,246.33248821314538,1539.98390,15399839000
301.5711254515016,245.1584477620156,1540.19490,15401949000
556.9045015915822,305.3708624044698,1540.43570,15404357000
647.5400391293842,319.3818932099761,1540.67430,15406743000
715.226726701844,318.74963245128,1540.89750,15408975000
781.2134960397017,309.51370914342766,1541.15180,15411518000
854.5438597628851,315.9128163071283,1541.36920,15413692000
783.9797324655207,297.1644487711112,1541.62530,15416253000
854.244161463023,307.53963774252065,1541.87310,15418731000
859.5178700915774,351.2005207331035,1542.10000,15421000000
883.1481241899106,343.45094185428036,1542.31500,15423150000
1020.006154365937,336.59454369084557,1542.52700,15425270000
1039.1961105350842,393.0790946289135,1542.78070,15427807000
1155.8029678674477,328.54454178548923,1543.00260,15430026000
1239.577485604716,301.33002722726025,1543.26010,15432601000
1271.8018870830658,266.57819999652895,1543.47950,15434795000
1300.9311338075906,261.2283104645728,1543.69650,15436965000
1248.7287977913238,219.63630992490792,1543.90740,15439074000
1190.5449252827457,229.63315547847066,1544.12380,15441238000
1030.2722879018706,240.61153536509107,1544.33720,15443372000
797.2955781604911,247.8503569053669,1544.55510,15445551000
698.1604332750811,236.90918288065967,1544.76690,15447669000
641.2116410173236,266.55595998970836,1544.98790,15449879000
631.5425007743307,277.68836733207695,1545.20210,15452021000
755.592030672008,300.49616024132735,1545.40760,15454076000
916.9499466728653,321.0015134022782,1545.62790,15456279000
993.0326347632038,259.8893927617905,1545.83990,15458399000
1091.1761939576504,244.03052677703974,1546.05400,15460540000
1132.3168786479393,300.2518491339499,1546.26580,15462658000
1141.9606407397669,336.56571840947004,1546.49340,15464934000
1212.0562871320224,361.98668956913957,1546.71840,15467184000
1264.2929182673392,348.55353811264666,1546.92750,15469275000
1340.6844188137673,319.08943839229534,1547.13780,15471378000
1367.6916954271444,291.0780250572296,1547.35470,15473547000
1394.4565157440406,265.717388430555,1547.56240,15475624000
1421.8129103578533,255.94530468608482,1547.78700,15477870000
1477.651993800831,268.9734256857156,1548.00510,15480051000
1454.774073828132,311.65634661199203,1548.23650,15482365000
1410.986568503265,325.5637594208865,1548.45510,15484551000
1344.2039485913199,388.55799998867747,1548.66710,15486671000
1316.4462247095532,378.4666438481805,1548.91080,15489108000
1323.0543087715291,345.0488854910303,1549.12970,15491297000
1306.579839822018,314.1919786250768,1549.33960,15493396000
1215.1635941497884,342.2599353732768,1549.59330,15495933000
1189.64399953168,302.96285440432496,1549.82210,15498221000
1082.9575799518018,322.8898974400038,1550.04150,15500415000
1122.0732568630092,305.6737725367082,1550.26270,15502627000
1130.1487237403023,273.23706407299676,1550.48210,15504821000
1048.3770467870856,238.09951776950658,1550.70560,15507056000
854.4286676849641,255.87246110221795,1550.92430,15509243000
582.4738143361059,248.95508205196148,1551.14260,15511426000
482.6151433651624,221.07974276047005,1551.35330,15513533000
319.74688235620425,194.23269796141676,1551.56910,15515691000
355.3586500375286,224.62381407439992,1551.79320,15517932000
247.6946784572001,199.00256033723787,1552.01960,15520196000
265.3950827924382,204.60323450656097,1552.26600,15522660000
309.5545859284987,172.6901430624305,1552.48170,15524817000
515.8423698980989,137.95262499576617,1552.70290,15527029000
750.4938296045347,159.86513013371373,1552.91810,15529181000
964.6043828656066,179.04358434303313,1553.12670,15531267000
1153.1596295896675,193.19111189167154,1553.34160,15533416000
1369.1470998016855,168.56368864835633,1553.55790,15535579000
1571.6323245052959,194.14862708073105,1553.79000,15537900000
1559.5017177229038,251.0274048051063,1554.02940,15540294000
1458.6600046673539,256.7775904256538,1554.24560,15542456000
1388.6783334262977,259.18382365961173,1554.46090,15544609000
1307.6491407886624,253.29188338432107,1554.67180,15546718000
1304.5565748181946,270.7973088309695,1554.92560,15549256000
1237.3925191660985,272.8151551294936,1555.14470,15551447000
1204.9599281562957,302.54724817173474,1555.35800,15553580000
1167.6797685424851,299.9118533403717,1555.57370,15555737000
1196.3082912341251,296.582540724854,1555.82220,15558222000
1346.0007984269414,271.6730356051354,1556.03820,15560382000
1343.907515668904,251.37859804693704,1556.25700,15562570000
1316.519876811365,223.755786411712,1556.46710,15564671000
1375.101939018927,203.8814907359343,1556.68430,15566843000
1361.5102719560991,140.25570243418554,1556.90900,15569090000
1451.4530968452987,155.8839686991599,1557.13680,15571368000
1359.861038197243,162.87997563910338,1557.35940,15573594000
1416.010880936368,165.3995524280814,1557.57150,15575715000
1451.3385515880982,229.75610832517884,1557.79060,15577906000
1527.5616550409509,243.3685683566995,1557.99930,15579993000
1528.0218529026506,254.51341101346898,1558.21530,15582153000
1489.7934468257547,265.7503087645569,1558.42970,15584297000
1530.361004968523,280.3689567355945,1558.64680,15586468000
1570.1136672195848,281.02631530758094,1558.85440,15588544000
1587.2580813363413,257.38462997572736,1559.06380,15590638000
1591.6173606841887,281.2621190031735,1559.28160,15592816000
1597.4770866201993,286.37906937057335,1559.49920,15594992000
1623.4686561857993,277.27752515883367,1559.70930,15597093000
1637.728992652105,234.37424117752158,1559.93110,15599311000
1638.4492777983255,226.84608923535654,1560.15000,15601500000
1606.5181140373425,214.05350018104048,1560.36520,15603652000
1619.0844697123207,176.17447386989656,1560.58550,15605855000
1638.3355477818147,151.92419054352027,1560.79880,15607988000
1598.539159441574,154.46317781335827,1561.00980,15610098000
1588.1908013874272,184.45788955094588,1561.21860,15612186000
1367.1180946752822,298.78059736896773,1561.43370,15614337000
994.6133491652832,277.8661463298327,1561.64500,15616450000
787.3871054167844,273.20348811816973,1561.87050,15618705000
564.1360896173794,253.36826770514145,1562.10960,15621096000
432.7237396063557,249.91022138215635,1562.33680,15623368000
504.16580567032327,261.3437116531277,1562.55540,15625554000
538.316170438994,273.23640182699296,1562.76950,15627695000
399.28647938146514,304.7212180858873,1562.98330,15629833000
357.69090176020666,335.6998774836403,1563.20150,15632015000
288.00227695842676,357.67694806022996,1563.41410,15634141000
220.93608354659483,377.6418371090786,1563.63070,15636307000
228.98879926340072,358.037635279949,1563.85200,15638520000
210.96927168391034,352.844410509452,1564.06230,15640623000
188.4880771504147,346.3446873555985,1564.28090,15642809000
454.33566224169255,329.03387788117067,1564.49570,15644957000
654.8376451018735,287.58288205026423,1564.71250,15647125000
803.5942214195067,274.6704583643612,1564.94350,15649435000
731.6607194471638,263.71560062336323,1565.19380,15651938000
700.6631295097774,274.9755356657724,1565.40870,15654087000
636.5855015424906,266.4664085943241,1565.62960,15656296000
557.6949154288322,211.79431959610827,1565.84210,15658421000
507.40859939822616,191.50041827515156,1566.06010,15660601000
478.70087425139525,199.70503688179903,1566.27220,15662722000
371.45916066069185,230.7000836799867,1566.49150,15664915000
244.83707332070702,259.7626095442003,1566.70340,15667034000
162.70939731678914,293.28925122469894,1566.91520,15669152000
66.1389319174553,326.12522891321174,1567.13170,15671317000
126.48935225407112,346.5694387674634,1567.35730,15673573000
308.72547584473347,389.26365889526403,1567.57100,15675710000
337.66784068701804,400.7055678355481,1567.79070,15677907000
345.88059354388446,404.42200698806755,1568.00910,15680091000
373.31444574585686,404.27077409352626,1568.23040,15682304000
408.0441285820473,439.2443980020916,1568.45220,15684522000
370.7947858687223,382.08605697124085,1568.67780,15686778000
377.06836721592447,331.79897149473686,1568.90720,15689072000
399.6689150124004,320.7701469785751,1569.14490,15691449000
415.4065350075093,303.46905580117937,1569.36870,15693687000
542.2315566681341,345.3394584239507,1569.59010,15695901000
589.7984387893366,492.41749458155164,1569.81250,15698125000
513.2683253520404,511.39372371779837,1570.03880,15700388000
470.37392246227097,538.0777573358413,1570.26660,15702666000
361.8027361869779,521.9100467086445,1570.48280,15704828000
322.4045087860523,433.11953290831946,1570.71440,15707144000
237.72229632062744,412.808765705246,1570.92800,15709280000
274.651200847739,431.5616984174171,1571.15860,15711586000
277.39374271694845,449.33258452988304,1571.38240,15713824000
262.03249484266144,419.8480770313074,1571.59580,15715958000
263.13437412021057,412.45969918296237,1571.83230,15718323000
425.0778109825536,343.2766282008065,1572.05930,15720593000
590.2658552333378,379.22183205510953,1572.28530,15722853000
709.9870162959577,419.2937090280394,1572.52790,15725279000
774.3697851416113,406.3049166863869,1572.75740,15727574000
947.6101606461607,471.7644379934584,1572.97540,15729754000
1175.448700223477,498.1592291135153,1573.20020,15732002000
1227.7943888213981,510.1197381416646,1573.42460,15734246000
1223.8209150759083,508.9995146414105,1573.64470,15736447000
1237.0638615617725,475.5606239853549,1573.88310,15738831000
1259.4287189018326,495.48239935778645,1574.12740,15741274000
1128.3041083205007,408.12836031814,1574.34710,15743471000
950.1249824546339,400.4722501834356,1574.56360,15745636000
745.8837075964906,382.5793529253127,1574.80480,15748048000
641.8293094746198,358.3308354632459,1575.02690,15750269000
464.3583828685398,376.2176040990525,1575.24430,15752443000
405.49562857498836,400.0718418569612,1575.46790,15754679000
359.6950454626181,470.6339734937868,1575.69770,15756977000
233.83637177510542,501.07026972195916,1575.93420,15759342000
85.95836101084913,540.91346666348,1576.16970,15761697000
18.35738491479808,671.8722486004272,1576.40330,15764033000
29.210350530584563,721.2048054634862,1576.63600,15766360000
120.90571777530654,772.4874291497395,1576.85870,15768587000
205.71906318749438,812.0725782846469,1577.06910,15770691000
283.05780444528006,837.7887327977224,1577.30970,15773097000
467.0519639571898,809.292009363931,1577.52280,15775228000
542.9325874702299,740.6832996106979,1577.73940,15777394000
634.1110736964368,696.6564569656451,1577.95670,15779567000
740.7716022524601,650.5361914647359,1578.17670,15781767000
793.3325396428926,579.5097384684426,1578.39580,15783958000
942.1834267578674,515.6360029089458,1578.62030,15786203000
1029.4034273372308,483.84396777702733,1578.83410,15788341000
1127.9850864947457,477.02696794959155,1579.09740,15790974000
1260.707282613952,469.36686841580735,1579.32410,15793241000
1245.7932000977953,484.2695409779462,1579.54770,15795477000
1239.1509798850038,460.02902437978634,1579.76390,15797639000
1162.3979753291705,486.2214210335441,1579.99920,15799992000
1079.3786887090462,542.9026964491344,1580.22390,15802239000
1033.0620542450342,572.9789597136039,1580.47270,15804727000
1203.4283321130379,571.4764050290463,1580.69240,15806924000
1323.7849209529063,551.7977964214779,1580.90200,15809020000
1319.5804475388534,557.091028163727,1581.11480,15811148000
1260.875349391097,539.0020305517652,1581.32760,15813276000
1168.2065684619336,553.8277615193972,1581.53430,15815343000
1079.4554242103968,548.805763569487,1581.78850,15817885000
975.0662165753173,508.0521110129595,1582.03530,15820353000
929.3931493859321,482.5653039185638,1582.24190,15822419000
900.1884364354786,477.0283288183242,1582.45830,15824583000
822.8168266444865,448.73344958636716,1582.69800,15826980000
787.7781227426441,424.5882850382092,1582.93310,15829331000
752.1556229766187,407.44588093186786,1583.16150,15831615000
754.783042687643,406.938963074146,1583.39480,15833948000
595.7434944009894,441.0507350780594,1583.61900,15836190000
556.4447304915537,447.306032214179,1583.84230,15838423000
481.6349290316773,397.95600566517726,1584.06260,15840626000
396.37008202650713,384.8997909027983,1584.29310,15842931000
297.71084702566816,422.8435797896341,1584.50930,15845093000
185.09710180188364,488.7465108994189,1584.72530,15847253000
201.09543094380092,510.06808752699305,1584.93470,15849347000
331.71323743103596,482.3749248417699,1585.17650,15851765000
432.6731314541011,444.4450284026918,1585.39370,15853937000
628.2505431079628,448.9528173275959,1585.60990,15856099000
863.587141067821,425.5940559371116,1585.83360,15858336000
949.1865842953048,372.6684677488261,1586.05950,15860595000
1054.1144157366332,350.4646720429043,1586.28470,15862847000
1040.4123106762647,321.4280854947562,1586.49590,15864959000
1118.5027338121051,299.57857776507126,1586.71680,15867168000
1222.0544619127077,336.70625098557355,1586.92890,15869289000
1159.4428510667624,367.53526211221765,1587.14800,15871480000
1098.226919449437,370.634381793684,1587.36520,15873652000
977.272592007755,345.0428189697326,1587.58350,15875835000
897.6339139471514,343.1216042490687,1587.79990,15877999000
906.9551704990656,331.88740346493796,1588.01720,15880172000
920.8566098600286,325.50181878154365,1588.23530,15882353000
843.1127532115969,314.9700065665897,1588.46550,15884655000
743.1664631515641,313.4854924990658,1588.69140,15886914000
691.5926442178425,305.3747049957902,1588.93160,15889316000
681.5633303575773,292.59091347998356,1589.15210,15891521000
560.1891760844342,255.1966086968022,1589.37600,15893760000
405.85452968218374,380.72518402780884,1589.60050,15896005000
375.3297097552798,456.5562173040671,1589.86560,15898656000
367.16623984984653,560.0530508694459,1590.08330,15900833000
541.3800986745242,589.0979960930105,1590.28940,15902894000
775.8885017031856,613.360878296753,1590.50850,15905085000
887.2571005827518,641.9825185231865,1590.72010,15907201000
753.6486105634738,753.4729983171376,1590.93140,15909314000
655.5491796710628,832.0557756031079,1591.15980,15911598000
533.731000624601,871.8649937765863,1591.37200,15913720000
465.8385276413022,888.832908291156,1591.59000,15915900000
360.6985345227059,898.5607527023249,1591.80140,15918014000
272.29098606277154,888.5039367078052,1592.03680,15920368000
481.52485678420396,815.0675226032862,1592.25460,15922546000
653.2732976986217,777.54223182516,1592.46840,15924684000
645.8937804165186,805.5360738805981,1592.68480,15926848000
665.3392978399642,754.7927086998938,1592.92390,15929239000
593.1215507431419,696.1661988716291,1593.16180,15931618000
534.4998505213621,636.0511255609315,1593.38670,15933867000
510.11272888574246,693.1891225428004,1593.60090,15936009000
421.1057140546802,657.1994519078341,1593.81300,15938130000
383.4552145283115,604.4030306258908,1594.03640,15940364000
372.21779383517224,557.9959678925802,1594.25790,15942579000
326.3820601312031,511.4674949698364,1594.48860,15944886000
305.61540080668743,437.8646544869027,1594.71060,15947106000
400.51741870509017,393.2417341182112,1594.92850,15949285000
532.9390808913371,346.59992454517015,1595.15040,15951504000
631.3623659561865,335.8803092905406,1595.36350,15953635000
666.3332642129334,233.16103795742822,1595.59900,15955990000
741.9925568044351,237.11107989233966,1595.84590,15958459000
857.0766116402269,193.17091381013316,1596.06880,15960688000
1038.894659300541,215.56044783627448,1596.29970,15962997000
1154.6503057027571,165.96626821598713,1596.51470,15965147000
1299.9130884972778,186.34781113397395,1596.73070,15967307000
1458.4541783996738,196.43685053614988,1596.93400,15969340000
1299.9358433278612,236.1613502798958,1597.14740,15971474000
1109.6173266174455,254.44668377194262,1597.35620,15973562000
951.0263353776571,261.37570640650017,1597.56770,15975677000
1051.312859986096,295.3447716845613,1597.78440,15977844000
1120.8198242386363,292.1566139519139,1597.99800,15979980000
1195.3289045843765,276.90103213530574,1598.22080,15982208000
1209.2135176009547,207.2464849008345,1598.43590,15984359000
1308.284894264039,158.37072022147225,1598.65120,15986512000
1082.6935977261853,193.74979719334624,1598.86390,15988639000
882.6810576646255,206.11538750425225,1599.08390,15990839000
715.3888138312749,239.11920028324502,1599.29430,15992943000
838.3493246821612,279.35593974292954,1599.50520,15995052000
1002.505255524939,296.5535242913945,1599.71880,15997188000
1090.6004325664426,273.854668447524,1599.94840,15999484000
1228.8453832632126,276.2024789707691,1600.16310,16001631000
1271.3834326073188,237.28091344172475,1600.37450,16003745000
1331.5067879756994,219.30015470622607,1600.58780,16005878000
1369.2659936405275,176.1221195779756,1600.79720,16007972000
1406.1736002345513,137.42168910789985,1601.00380,16010038000
1396.5747594888112,142.68514183619473,1601.22420,16012242000
1374.9544945792027,164.84753104578687,1601.44660,16014466000
1329.0104398711326,195.26723686012414,1601.66300,16016630000
1358.2901308417263,228.19726922607828,1601.88000,16018800000
1068.2095231230048,277.8068174267682,1602.09750,16020975000
839.2859069070034,274.0121774251706,1602.32740,16023274000
721.172651327958,249.95576495532902,1602.55150,16025515000
663.9649401221953,263.098937960189,1602.76800,16027680000
593.8051908175089,254.23888737402763,1602.99440,16029944000
570.0048492639278,283.56946471169164,1603.20320,16032032000
684.8484347865764,405.5356195356804,1603.41820,16034182000
573.1520979641464,405.58108724628664,1603.67830,16036783000
529.4556916307857,370.9659357375293,1603.90180,16039018000
685.9378438836684,392.3595180236403,1604.12430,16041243000
873.0403753926455,388.23193318157337,1604.35360,16043536000
1012.8640957117681,326.6608772773276,1604.56600,16045660000
1094.4141097954903,281.4684657081089,1604.77910,16047791000
1165.1493003297344,261.11123919856226,1605.03930,16050393000
1161.5046841575236,205.31259676994028,1605.26900,16052690000
1250.6471772030404,190.28113113373453,1605.49600,16054960000
1216.1410460495404,185.0495373395228,1605.70880,16057088000
1296.038204457913,180.5421391348016,1605.93040,16059304000
1298.4075282395297,167.83363244268773,1606.14660,16061466000
1044.6027974993017,215.77596548038792,1606.36020,16063602000
845.3547835669849,239.11238244338008,1606.57590,16065759000
674.079136662137,250.9734683421382,1606.78800,16067880000
518.2910296379233,272.77720039543897,1607.02390,16070239000
418.76085114752334,255.7299067441114,1607.23550,16072355000
310.0853504618486,258.1938230187154,1607.44780,16074478000
185.97685372317807,290.9681735775736,1607.66110,16076611000
160.00017720521424,315.2115200684576,1607.87510,16078751000
134.67177372107525,323.0436039397856,1608.08910,16080891000
113.81696007515004,342.2753387430802,1608.30430,16083043000
330.36969636688775,365.4638652014578,1608.52520,16085252000
350.07000935078753,397.60152912830665,1608.74570,16087457000
278.83401848356414,392.63981615368164,1608.98010,16089801000
273.8232785355987,417.5759829718813,1609.20350,16092035000
518.96032879599,431.10822937310854,1609.42350,16094235000
707.9021112589314,392.85750519303696,1609.63770,16096377000
777.5765040995125,413.1970361123173,1609.86050,16098605000
682.5430315215941,419.58336291931556,1610.09220,16100922000
647.3063685488097,395.02529571198744,1610.30550,16103055000
538.9272584459495,385.2868794381485,1610.52430,16105243000
472.5502776161918,370.63938877981315,1610.73990,16107399000
505.78166160108475,350.72798897853755,1610.95620,16109562000
723.4596445219399,395.18213797347005,1611.17570,16111757000
636.801860169322,383.17251778778984,1611.38800,16113880000
564.8452922127296,376.78268886001416,1611.60370,16116037000
707.0444332490963,436.4114489178257,1611.82080,16118208000
646.6599372579417,431.10603639743044,1612.03840,16120384000
576.5283574342205,387.3875955587186,1612.25410,16122541000
644.2181407829597,346.85087904907743,1612.47150,16124715000
789.827717820846,324.79182279634875,1612.68740,16126874000
949.6946435388325,324.0841720072,1612.90580,16129058000
868.6056911028965,323.7244148571398,1613.12190,16131219000
842.4470206850585,302.31701411100397,1613.33380,16133338000
937.6694241713835,330.9388248556044,1613.55330,16135533000
936.7804815170173,383.4926512883984,1613.76660,16137666000
1051.3104501443368,394.2481141003081,1613.97670,16139767000
1064.2847112995062,381.6130433922962,1614.19600,16141960000
988.6577469220208,350.3084682894774,1614.41460,16144146000
1003.0590093762194,362.07599280406333,1614.63250,16146325000
1002.9661776894876,343.25469338368083,1614.85530,16148553000
956.8680093869111,327.2487691797822,1615.08110,16150811000
917.2526286517937,337.7728362697604,1615.30170,16153017000
854.6164817556248,327.1027726907282,1615.51950,16155195000
805.379149091142,336.89228728441645,1615.74260,16157426000
802.8659065939429,333.5905426344807,1615.96750,16159675000
814.8229677173734,369.4448026475789,1616.18910,16161891000
919.7254114544328,368.2075559258919,1616.40450,16164045000
989.6095039329075,335.8473160519787,1616.62220,16166222000
1039.0335839360794,314.54249443591925,1616.84150,16168415000
1031.5327881599958,338.5678777991531,1617.06320,16170632000
1059.8892627685348,376.5844555075117,1617.31250,16173125000
1001.183642950355,292.257584189914,1617.56080,16175608000
1011.4467723094094,289.62273422064345,1617.79050,16177905000
1006.0147122417474,233.8874758849999,1618.01240,16180124000
1057.855446166013,254.35591883343199,1618.24900,16182490000
1056.269190406395,363.7120748546259,1618.49650,16184965000
1139.0866514892632,379.47917310239114,1618.71960,16187196000
1210.9276060404825,349.5332260487994,1618.93330,16189333000
1220.392099895541,299.9725729083115,1619.15370,16191537000
1095.891247439461,238.59504807435903,1619.38270,16193827000
989.7530038009967,221.72635950213004,1619.61170,16196117000
1055.6694804329313,292.0765451449785,1619.84570,16198457000
972.6380800731729,247.4050591590037,1620.06430,16200643000
867.3876377940257,283.6029256109722,1620.29040,16202904000
840.6872683893063,324.11617978854105,1620.52310,16205231000
661.4136155632675,287.73066034209637,1620.75650,16207565000
535.6365759131764,248.8738040767679,1620.98960,16209896000
515.4864367072142,263.32354684103166,1621.20590,16212059000
515.7366250356954,341.0030160245636,1621.42510,16214251000
472.6878916647698,302.2135737165236,1621.63780,16216378000
446.3272889705835,284.2223478073831,1621.85140,16218514000
380.4309566646932,311.15094607552396,1622.06660,16220666000
396.2694350999702,345.1888066798776,1622.29470,16222947000
508.14158995637564,383.74390726032135,1622.53640,16225364000
609.2459155167098,369.60250480673346,1622.75430,16227543000
600.2618299198194,367.19805261542285,1622.99620,16229962000
685.4854606311923,399.8208599757095,1623.20860,16232086000
782.4195732937335,431.2550927506051,1623.43340,16234334000
787.3799778423121,429.3091292413256,1623.66430,16236643000
843.3498874179911,434.7533339286929,1623.88660,16238866000
794.1214925787984,394.9237920243156,1624.10900,16241090000
826.3419108281363,337.6470446376817,1624.32970,16243297000
869.9584639896568,350.92836926667144,1624.54910,16245491000
931.3697572126416,300.101938588252,1624.76580,16247658000
985.7641697497398,285.26796399520924,1624.98930,16249893000
902.9342749040383,432.17471891461764,1625.20480,16252048000
955.8422829984959,395.2460145600889,1625.42390,16254239000
933.979987362049,376.8190782697664,1625.63940,16256394000
1081.3745461593703,378.6258266209807,1625.85540,16258554000
1154.5661025956927,351.18462079318357,1626.06980,16260698000
1219.4818751951675,327.9299870385512,1626.27950,16262795000
1204.4693620216635,286.21900360894693,1626.49040,16264904000
1275.5135665233697,288.5784061899297,1626.70020,16267002000
1313.4032824689048,241.59158410814325,1626.91810,16269181000
1379.5566300902403,232.77642745580076,1627.13160,16271316000
1393.094633820898,234.54112391354707,1627.35280,16273528000
1451.499011470952,285.50194378500834,1627.58720,16275872000
1522.6487556824418,234.59000505642388,1627.79940,16277994000
1576.0454059570184,208.56214760115816,1628.03100,16280310000
1492.1596328228727,239.3228976958774,1628.24890,16282489000
1334.90697379643,282.7808856467993,1628.46260,16284626000
1225.346175713498,319.03420938315537,1628.67430,16286743000
968.660540438539,431.30080291956597,1628.89360,16288936000
773.2761842438357,447.4254768957609,1629.10280,16291028000
692.9517710153752,432.6490832243029,1629.32300,16293230000
696.8794161373414,413.9679419339397,1629.53570,16295357000
780.8982220929943,374.5304322428333,1629.75410,16297541000
941.0772049774099,359.6570279922503,1629.96680,16299668000
1056.7159988926117,319.93295262146967,1630.18480,16301848000
1152.2838585006398,268.55451260738045,1630.39850,16303985000
1070.0454825755405,311.5965064142134,1630.61610,16306161000
1054.5113600968925,298.53539234575874,1630.83530,16308353000
1152.9253155369865,235.27364923594672,1631.06770,16310677000
1292.818587985041,257.21360454387235,1631.29060,16312906000
1334.4411667627157,205.47064401679302,1631.50790,16315079000
1250.404929343851,203.80868818535046,1631.73040,16317304000
1178.012561062855,244.92468307645333,1631.95430,16319543000
1100.8108043290829,273.4946135612478,1632.17560,16321756000
1070.5235309328893,261.69088965649775,1632.40380,16324038000
1005.3397199687582,263.6806499255304,1632.61870,16326187000
952.487150316876,281.52394046274225,1632.83320,16328332000
853.7132018194621,288.7030799382712,1633.05010,16330501000
841.83690279841,251.68637678390044,1633.26990,16332699000
842.0122723893512,244.79544286791648,1633.48750,16334875000
875.3229721967481,273.86771544329,1633.69570,16336957000
881.2924003951932,275.9902125779991,1633.90990,16339099000
892.8322935011269,295.4738826673646,1634.11970,16341197000
890.1185369793608,279.96968101450227,1634.33330,16343333000
877.4663118822274,339.10466628012847,1634.55560,16345556000
869.8441397091674,378.00392921976174,1634.78190,16347819000
851.897998570615,404.9991943776847,1634.99820,16349982000
829.0647088850968,444.15331247525035,1635.21470,16352147000
788.08719834214,457.30899539820234,1635.45330,16354533000
776.9072188115717,475.97972184635705,1635.69040,16356904000
773.2170417897271,486.62391147917185,1635.92270,16359227000
796.7352567373384,515.0471451836877,1636.14030,16361403000
737.4362755740697,499.5694195157638,1636.37030,16363703000
698.7033449280087,517.7766168239269,1636.59200,16365920000
723.3308110051846,513.3821095211073,1636.80900,16368090000
693.3231928939467,511.1627718208352,1637.02630,16370263000
701.1847844489238,515.3004861880992,1637.26680,16372668000
769.7943452750943,464.0949199275468,1637.48450,16374845000
799.3533259403627,435.03128402846573,1637.69990,16376999000
837.2760922543957,397.53824081345704,1637.91900,16379190000
833.6549793451558,370.1164241603344,1638.13720,16381372000
855.1384107285485,399.9689099677926,1638.35430,16383543000
852.6480604138396,397.4124368927128,1638.58690,16385869000
836.088236096404,390.14706476182846,1638.79700,16387970000
866.4030410322027,406.3025335629737,1639.02630,16390263000
832.0269147323523,414.6552516448989,1639.23550,16392355000
828.5869713822854,431.97010882418124,1639.45480,16394548000
829.9185728115339,405.1611840848682,1639.67150,16396715000
819.6902818335053,414.8679892732323,1639.91040,16399104000
806.1719400332569,405.85135689866496,1640.14480,16401448000
919.3398868077384,389.6123358649405,1640.36540,16403654000
1082.8373635770142,344.86844909810173,1640.58930,16405893000
1017.5797282044489,369.0500542153562,1640.80340,16408034000
944.3149799859273,349.39235543540275,1641.01720,16410172000
907.3343632210101,357.84136952422017,1641.22920,16412292000
906.2105917457698,417.1275884734946,1641.44040,16414404000
1001.2280372647446,384.8365849519667,1641.65910,16416591000
1065.1994512945862,316.2743758504502,1641.87770,16418777000
1181.5284997898725,299.42866475573345,1642.09210,16420921000
1230.0367167974587,260.95333434180725,1642.30080,16423008000
1222.963354651575,186.9159591065109,1642.52110,16425211000
1172.3638003764959,203.49235800498212,1642.74730,16427473000
1132.3809493063582,177.68643952456586,1642.97030,16429703000
1098.6239878728468,146.56050414157542,1643.21420,16432142000
932.1812859527753,190.86290197316794,1643.43190,16434319000
912.5357834906849,191.91053400722035,1643.66630,16436663000
943.0830837279211,178.371095422932,1643.87210,16438721000
994.0062511201602,193.31207872680434,1644.09250,16440925000
1089.3673218674444,206.35902436949377,1644.29970,16442997000
1207.79569382694,208.99641289141172,1644.51290,16445129000
1323.4722411385471,213.18779327184615,1644.72540,16447254000
1385.000060011008,189.5464897089913,1644.94010,16449401000
1395.8593503911122,173.53971666577397,1645.15260,16451526000
1416.946652147988,198.42265397344073,1645.36050,16453605000
1295.2227236311398,341.2212989075709,1645.57350,16455735000
1049.2582476979858,342.4131880438372,1645.80990,16458099000
909.7338077084285,355.8328713221944,1646.02380,16460238000
735.7687807998853,324.7433260150402,1646.24700,16462470000
533.9103112687319,276.03575731360365,1646.48280,16464828000
476.2145228220035,275.18948349865946,1646.69870,16466987000
468.2917746255558,280.9418204422085,1646.90880,16469088000
594.3524854010676,236.8425761973529,1647.12280,16471228000
655.6294357111011,289.5140805587781,1647.33840,16473384000
637.3249848178064,322.8797540066739,1647.55160,16475516000
507.78181240751485,355.8591429504754,1647.77080,16477708000
430.4003623101062,345.07616098477024,1648.00310,16480031000
388.42244997104365,330.42783391037005,1648.22030,16482203000
419.31657420012186,466.5056826699013,1648.45970,16484597000
444.31242326261025,522.763801275912,1648.70580,16487058000
363.55581401834314,545.5876541421277,1648.92840,16489284000
322.51527629039407,503.8596651541409,1649.14660,16491466000
394.18227616296565,522.7909926389759,1649.37600,16493760000
546.3518807550455,476.4358631979431,1649.60670,16496067000
611.7892562477269,447.8468002028161,1649.82270,16498227000
691.694251875225,388.07657271126493,1650.04210,16500421000
754.3900225035198,400.04738319311764,1650.28710,16502871000
610.5820222532029,419.09732046961983,1650.50970,16505097000
543.698937846907,441.7533980051152,1650.73390,16507339000
497.5415452114434,434.36961738880456,1650.96180,16509618000
430.43655889448814,402.10516142185395,1651.18680,16511868000
440.68933287918276,525.5320046884134,1651.40770,16514077000
409.80322442340486,634.002748179835,1651.63610,16516361000
298.67294000659604,730.4873404506128,1651.87200,16518720000
293.8961701857787,776.2131991103798,1652.09000,16520900000
266.2059317064675,769.0222000767965,1652.31280,16523128000
217.26624910003417,724.0757410542614,1652.53320,16525332000
236.62800840729133,673.2323090758867,1652.75250,16527525000
269.3895446052476,627.0781045354536,1653.00350,16530035000
294.10478643930395,481.18349889539223,1653.23550,16532355000
352.1192384205926,377.8771482512766,1653.46090,16534609000
615.4810669810679,301.49991617486165,1653.69550,16536955000
627.748703446646,257.53150209613375,1653.91820,16539182000
559.2749278715489,224.3123945114798,1654.13850,16541385000
422.3881718719358,227.5257149113057,1654.36730,16543673000
363.6511104068076,268.13416520811535,1654.58850,16545885000
291.308297074693,306.31307582130944,1654.80450,16548045000
282.40839184096336,389.0811083788293,1655.02060,16550206000
237.64847727252214,501.1505618364906,1655.23460,16552346000
244.3855331180229,573.1765210517123,1655.45510,16554551000
224.66850589420633,642.0128852925766,1655.67160,16556716000
246.6082551797893,652.0083952545045,1655.89990,16558999000
392.44475414790895,650.7916131607055,1656.12790,16561279000
341.66851626836,607.194492886573,1656.34990,16563499000
300.8836186719276,591.9532528195243,1656.57120,16565712000
281.16233103453123,535.4974751453447,1656.80530,16568053000
315.9286212123519,482.4606362516601,1657.03820,16570382000
258.29548426435474,477.16375106638736,1657.26900,16572690000
226.10429225291352,441.3714229419163,1657.51600,16575160000
186.14831623590317,448.96630285804093,1657.73710,16577371000
169.03409825132186,500.72461067776976,1657.95250,16579525000
163.42475347543623,599.1167977996804,1658.16680,16581668000
191.1569476008973,689.5358165394437,1658.38970,16583897000
310.3800935224383,619.4522503618828,1658.62500,16586250000
420.80544835766204,517.1308172729433,1658.85020,16588502000
655.0682335961978,458.13588077442876,1659.07610,16590761000
917.5366923218467,305.4712499460222,1659.30210,16593021000
975.6303629619304,184.0129670631124,1659.52600,16595260000
915.6695203661186,157.65454990653552,1659.75630,16597563000
827.0575564978003,113.8904159405543,1659.97880,16599788000
827.4968337151988,112.28611852298906,1660.20660,16602066000
917.1794955826338,126.87850314576359,1660.42940,16604294000
899.9122315336532,112.11503689744266,1660.64380,16606438000
735.0290835581742,155.78397484723902,1660.85860,16608586000
539.8853241281065,204.11196229631094,1661.09530,16610953000
405.5960328846475,260.16564086224184,1661.32990,16613299000
303.0979095370539,300.74494942274725,1661.54660,16615466000
247.2379948110305,352.22839203664387,1661.78730,16617873000
245.89820656309342,365.22664485723965,1662.00280,16620028000
149.89524733235382,402.358766332686,1662.22370,16622237000
78.02684167335974,427.0602093315199,1662.43770,16624377000
64.17981942890961,474.31373388143476,1662.66180,16626618000
7.851594039309021,510.2641753056436,1662.89880,16628988000
11.019575302444615,507.076313996592,1663.11910,16631191000
2.8534908307681235,488.2010662779834,1663.33130,16633313000
63.973087764237604,475.3153324918962,1663.54650,16635465000
312.44449148097124,371.3557119264293,1663.76270,16637627000
385.5994381943543,335.4433587039187,1663.98090,16639809000
378.6855909103857,471.33556584573523,1664.19240,16641924000
313.5177612750936,495.70624935442714,1664.40580,16644058000
300.95408572569846,527.477696317042,1664.62580,16646258000
262.08292964948237,573.1682819015012,1664.84300,16648430000
207.22809715189834,452.66363033340025,1665.06080,16650608000
170.68216929180556,402.11490676848337,1665.27300,16652730000
587.6908988095267,322.33948166706466,1665.49820,16654982000
908.0896343225731,276.9252263778485,1665.70880,16657088000
959.7925786784768,216.38835204230014,1665.92180,16659218000
892.3874797179192,185.83954780506016,1666.15700,16661570000
796.6576124958528,152.6253085810358,1666.37110,16663711000
738.8626516859395,143.60867939546074,1666.58930,16665893000
795.5665640017677,145.80933998361442,1666.80520,16668052000
738.1948701023184,126.83477207921455,1667.02550,16670255000
716.5208978681528,181.50020311422486,1667.24440,16672444000
659.3943776617759,224.11776781794515,1667.46780,16674678000
639.7719727752016,264.62259308986273,1667.68370,16676837000
595.0701149452959,280.71460400576194,1667.91270,16679127000
518.9146242285152,412.2144761311224,1668.13510,16681351000
408.878156417317,467.57128931235815,1668.35940,16683594000
293.15929911353743,487.2232909945211,1668.58680,16685868000
229.8934411117477,497.7342720944286,1668.80980,16688098000
176.75914271519383,498.8120441738374,1669.03640,16690364000
134.8923646453233,540.8505340370176,1669.26030,16692603000
85.1506768657327,607.6524444792656,1669.47920,16694792000
28.332356033769432,620.5699729462013,1669.69690,16696969000
173.3401171237438,518.9228249526093,1669.92620,16699262000
343.75519348019577,450.27519575128616,1670.14020,16701402000
627.4821050872201,357.70425125335476,1670.36580,16703658000
846.2249058941994,295.8348469244819,1670.60030,16706003000
1018.4202904146761,212.1142582515908,1670.82320,16708232000
956.0904367868185,205.3308243243933,1671.07180,16710718000
862.889895938206,187.49932306882178,1671.31140,16713114000
722.478978961515,170.30910938256977,1671.53440,16715344000
767.9066808297356,136.99221370754645,1671.76310,16717631000
763.2027700739463,121.73093979263342,1671.99340,16719934000
613.8228954140151,150.7401146286837,1672.21560,16722156000
505.976092073361,157.25325919864665,1672.43650,16724365000
445.39746241650715,239.25953843498536,1672.66350,16726635000
441.0693822599666,335.31767696108375,1672.88360,16728836000
446.4432683370261,357.9555283974963,1673.12000,16731200000
549.1492540044131,351.90750190503746,1673.34570,16733457000
747.1552085174123,311.6702819467208,1673.59380,16735938000
935.8773402896908,245.3706582273934,1673.81680,16738168000
1065.421618515566,166.98085635356716,1674.06010,16740601000
1178.582770641108,171.91155049970516,1674.29110,16742911000
1291.4296881117405,159.65203369883733,1674.53370,16745337000
1266.0340876303824,96.03301847859676,1674.74490,16747449000
1068.5073551618198,145.7705958572062,1674.97650,16749765000
898.619747148619,169.71025295059215,1675.18950,16751895000
818.9145002471727,175.23523065337383,1675.40070,16754007000
774.116278907128,174.99759462043139,1675.61670,16756167000
702.9152232369058,160.52226735960355,1675.88780,16758878000
650.8237804215271,113.47520795758496,1676.10590,16761059000
635.9695144479548,125.56652906360118,1676.32950,16763295000
670.170738830978,120.59780623352363,1676.59850,16765985000
588.474715568719,118.53153491172395,1676.81700,16768170000
509.24591856719206,146.36940384780752,1677.03540,16770354000
490.2119419588162,175.20050067329143,1677.26530,16772653000
782.0369707639779,162.94318663017933,1677.49410,16774941000
981.5995061907371,169.4262705150175,1677.71090,16777109000
1129.9269272045765,206.2369720008531,1677.93730,16779373000
1233.6714380376525,156.45416461433624,1678.15270,16781527000
1173.152612691394,187.93355402055744,1678.37450,16783745000
1167.2264221101009,226.64017094489515,1678.58950,16785895000
1036.058954835244,273.28742409080377,1678.80750,16788075000
931.7507828356296,303.31825058709023,1679.02620,16790262000
748.1977448992739,324.0797477094824,1679.24270,16792427000
732.7260492904013,331.4649703577145,1679.46800,16794680000
633.3655188870692,327.4138789203495,1679.68030,16796803000
599.2987921374878,328.99208755311525,1679.90390,16799039000
599.1507125279887,335.6941745509419,1680.11810,16801181000
448.97646548753164,361.60060594831356,1680.35100,16803510000
339.6854323511384,356.27405258122053,1680.58720,16805872000
319.73543332880115,361.82540564281413,1680.80540,16808054000
268.1035069633543,397.60786415622493,1681.03380,16810338000
194.10046806600738,402.37122225836464,1681.25950,16812595000
162.28901129821273,389.7418383146744,1681.48220,16814822000
227.41260484819833,422.1472996514844,1681.70620,16817062000
293.38422782943263,486.71095370942453,1681.94460,16819446000
322.22413268407945,455.7161238677397,1682.16740,16821674000
350.2453763654583,453.571895356697,1682.38600,16823860000
328.06869675151086,507.6989655998824,1682.60740,16826074000
261.22890117230924,527.198537895517,1682.86600,16828660000
246.98842902147854,527.7705250172496,1683.08660,16830866000
247.30128123873345,544.1365388444871,1683.34140,16833414000
191.62079386840395,520.0319114388232,1683.56030,16835603000
196.66623385453047,463.06556157136094,1683.80380,16838038000
196.45308337467048,426.72075170096326,1684.02820,16840282000
205.20714004092946,395.93608225098717,1684.25020,16842502000
182.56907927689852,376.2343959951194,1684.48040,16844804000
268.6926751548228,337.83957293951516,1684.71850,16847185000
241.23235489168843,302.82375142821695,1684.93700,16849370000
247.4575405019408,274.01447375013345,1685.17060,16851706000
218.17687610370143,256.82993729724967,1685.40370,16854037000
176.3698461755783,259.3852627491155,1685.62800,16856280000
194.01495612216195,288.0939779904205,1685.85380,16858538000
175.66404945309205,280.81757526001405,1686.06960,16860696000
196.3766426043572,396.86997787740154,1686.28380,16862838000
239.50548815254024,458.3320257991689,1686.52340,16865234000
269.7926745842563,482.7850271334063,1686.73380,16867338000
266.64506372952764,498.7205919995718,1686.95490,16869549000
296.38559536279973,532.1644280033833,1687.17550,16871755000
194.8698706225402,470.35102512583165,1687.39830,16873983000
202.7918753800905,458.4301366062424,1687.61780,16876178000
213.75540438365732,519.6292516452223,1687.84160,16878416000
214.48225240729641,503.8239883352559,1688.07840,16880784000
235.02556849927387,520.2799710383258,1688.31610,16883161000
216.34769291287617,517.546602586204,1688.54010,16885401000
172.32033841568392,508.3221861979537,1688.79600,16887960000
189.52615675517907,529.9175136815086,1689.01960,16890196000
182.81474952589772,481.6924716122931,1689.23810,16892381000
163.45657585539723,464.92543957805873,1689.45890,16894589000
205.3634359252418,580.804656931899,1689.67520,16896752000
269.50015112057145,620.7516471328207,1689.89140,16898914000
305.90562882137584,635.2302250356167,1690.12180,16901218000
288.0852160880753,671.8690244144066,1690.35010,16903501000
470.27061238190305,702.55495961376,1690.56810,16905681000
611.5407033384653,746.4502470492586,1690.78540,16907854000
693.3794215355745,730.7435544090691,1691.01400,16910140000
781.0093116261694,659.8199627876614,1691.24240,16912424000
834.0509973504537,592.6485310237766,1691.46820,16914682000
896.9386047053932,549.0403481931983,1691.69770,16916977000
717.5943370104116,500.78589948936275,1691.92990,16919299000
655.5137219427675,513.6149279202481,1692.14750,16921475000
697.1701531721405,502.0505216004964,1692.36860,16923686000
765.3897827987557,504.3208751757097,1692.59800,16925980000
712.766231736861,505.2537251265273,1692.81470,16928147000
620.125094944347,509.254810110224,1693.03710,16930371000
492.39961198607057,475.37370779594744,1693.25990,16932599000
468.5313420240984,480.5328742924571,1693.49610,16934961000
413.60491456678506,458.8845759767014,1693.71010,16937101000
418.6677922455674,438.7834564851285,1693.93690,16939369000
352.2581463855927,416.8224745029489,1694.16430,16941643000
283.42613242724735,436.37036419675627,1694.39320,16943932000
265.358253931684,472.5323932416528,1694.60730,16946073000
288.7566663828934,532.7307356663003,1694.82660,16948266000
308.1151701552108,569.4237557717686,1695.03820,16950382000
316.2848558558427,586.9217774701672,1695.26260,16952626000
301.64287546815893,558.2997437454485,1695.48350,16954835000
271.0988588253198,580.4158242304528,1695.72710,16957271000
298.7659029097029,658.6680086981717,1695.94670,16959467000
378.55465371302694,715.8059220851001,1696.17000,16961700000
413.1796424057761,747.0180143706755,1696.39270,16963927000
603.9302779589406,774.3982980998045,1696.62550,16966255000
805.9600084301991,775.6491531840684,1696.85330,16968533000
878.3947317358655,787.9057991776122,1697.08050,16970805000
953.276928333208,766.495562845042,1697.30320,16973032000
923.5272979812999,772.9107787045973,1697.53770,16975377000
793.3766212709597,682.7791368277308,1697.79260,16977926000
648.573383479042,590.2782185638657,1698.04740,16980474000
833.3073054527182,536.2499249547838,1698.31550,16983155000
986.1563014725618,470.38830588263346,1698.53330,16985333000
1076.8032043669573,439.3429767662563,1698.78230,16987823000
932.6202189991798,374.5174991839875,1699.01900,16990190000
836.9477716910668,345.4052968512786,1699.23930,16992393000
840.7978938578182,291.2517038190551,1699.48920,16994892000
738.3550459190001,260.2170717388586,1699.73540,16997354000
665.1754755267896,223.27387121154766,1699.96250,16999625000
640.1419514921384,197.96374106573444,1700.19120,17001912000
748.4178282853528,212.39900372586624,1700.45650,17004565000
797.343484633616,249.18614136204314,1700.68310,17006831000
905.8978234844973,280.06927618959577,1700.90640,17009064000
1032.0862051918734,334.6912263965031,1701.14520,17011452000
803.7979983439322,335.3936215981933,1701.38840,17013884000
698.2327188146043,333.9216690097298,1701.59810,17015981000
877.6265012731651,308.8624294504232,1701.85880,17018588000
1041.8822222176216,298.84721801777664,1702.07090,17020709000
1182.0665609367657,268.8005200907811,1702.29340,17022934000
1340.8156126583096,264.7498993380204,1702.53090,17025309000
1288.473128259579,277.98816509070247,1702.75630,17027563000
1272.3510563158152,284.64383518488086,1702.98000,17029800000
1182.5156153876762,282.7264003157199,1703.22520,17032252000
1246.2581825790824,289.554072387359,1703.46210,17034621000
1305.0664455200563,331.5390577869294,1703.70310,17037031000
1276.4877106557326,327.8682926527879,1703.92460,17039246000
1289.8021240501337,294.074110198168,1704.14290,17041429000
1091.3614620250482,289.5229839920175,1704.37080,17043708000
1015.0952711615274,302.8770671557428,1704.58670,17045867000
962.3829831984995,298.51945509975184,1704.80650,17048065000
1028.136282734371,338.5144766421573,1705.02050,17050205000
1091.4684318292789,327.5622264857685,1705.24080,17052408000
1119.5079147474773,351.3937701053674,1705.45700,17054570000
1104.742637587219,408.73760691872707,1705.67300,17056730000
1159.6178800965074,383.50722520190357,1705.90840,17059084000
1188.6741798638354,355.789464798699,1706.13050,17061305000
1190.412663838334,317.1983325967805,1706.35040,17063504000
1237.1573632430727,268.6603418133705,1706.57650,17065765000
1248.0007222425731,253.19353199536917,1706.79380,17067938000
1361.9738603301148,251.68131782886982,1707.00730,17070073000
1396.9788420864677,285.1486046047048,1707.22970,17072297000
1438.5579325544657,250.03954991175178,1707.45350,17074535000
1438.2688392862624,262.4271361360845,1707.67400,17076740000
1484.388247982807,250.0372558339565,1707.89360,17078936000
1535.1788437147593,237.96254844930277,1708.11390,17081139000
1603.496021011635,253.76329657366864,1708.33760,17083376000
1666.9972447672274,269.0213862712549,1708.56650,17085665000
1634.4708484217645,238.67742708697043,1708.78910,17087891000
1613.0687038668011,193.32939197383746,1709.02980,17090298000
1616.2636354928338,136.7759465158731,1709.27670,17092767000
1521.1240284586615,193.60353355151878,1709.49700,17094970000
1457.367008155195,222.736324562528,1709.71190,17097119000
1138.2654766664648,225.74922724262342,1709.92810,17099281000
850.0357073907874,242.06888722467295,1710.17950,17101795000
672.8910080119233,267.2711639562725,1710.41090,17104109000
636.269704805385,298.6897175014604,1710.62180,17106218000
560.140613554558,327.669720416277,1710.83120,17108312000
512.6382304973492,307.54949091630044,1711.04350,17110435000
504.6251881986165,299.7976382361588,1711.25460,17112546000
479.724464525705,363.5680365864796,1711.47330,17114733000
406.9890635788941,377.42222041948645,1711.68790,17116879000
329.9501012694578,370.35971783470234,1711.90090,17119009000
373.17539157832385,396.8174794204655,1712.12100,17121210000
306.5533532187178,366.0180773564323,1712.37990,17123799000
326.30804653736567,359.04084366358194,1712.58990,17125899000
343.3263065669742,360.2338478624174,1712.80070,17128007000
341.0743224057433,345.568509481063,1713.01450,17130145000
411.46885393929267,329.51729960736594,1713.22950,17132295000
446.51327235466005,337.7292397784838,1713.44120,17134412000
474.4322417758905,328.38396024810316,1713.66460,17136646000
483.16778544005064,361.26823239201786,1713.88800,17138880000
460.09809221052393,352.73791152751943,1714.10440,17141044000
609.2602290217706,376.732325902784,1714.31890,17143189000
754.7355256456833,342.4755351388136,1714.53340,17145334000
952.8625935941368,279.26552840995214,1714.76080,17147608000
1174.7768896116972,242.36376942187223,1714.97140,17149714000
1054.6042811717425,252.17741323356995,1715.18500,17151850000
892.9862274529922,250.332906135525,1715.39780,17153978000
988.0677824270541,243.92908405943845,1715.60890,17156089000
1094.612933481044,266.2172866970184,1715.82500,17158250000
1215.436996658029,251.60329953725977,1716.03770,17160377000
1372.5539412685562,256.65312392999056,1716.25710,17162571000
1493.803039216725,302.15162163590287,1716.47080,17164708000
1522.6577091597317,349.65985160996587,1716.68620,17166862000
1537.299086923395,305.3860070831798,1716.89860,17168986000
1554.5798507474763,281.2772939204821,1717.12010,17171201000
1566.167640531864,283.8679057198581,1717.33230,17173323000
1444.133099973656,232.64703022906798,1717.54110,17175411000
1285.9472434335196,243.43508968713093,1717.75880,17177588000
1123.2234829280465,225.5971160774754,1717.97540,17179754000
959.4529947225163,243.0268765547772,1718.19070,17181907000
853.7479881383106,223.89808488832446,1718.41870,17184187000
960.1363981200384,249.16666681275842,1718.62830,17186283000
1070.0716266348663,267.41664954992325,1718.86210,17188621000
1257.1975271015278,312.4064409727259,1719.12240,17191224000
1218.8444097066579,343.4133810852212,1719.33270,17193327000
1167.6261305970181,353.94635458456867,1719.55010,17195501000
1009.6041066731831,373.121760670307,1719.76160,17197616000
894.7904707551015,396.5208080613585,1719.97640,17199764000
841.9078516872974,388.5693233156077,1720.18880,17201888000
942.1567279982921,379.17222081692427,1720.42280,17204228000
1014.7648919321728,407.65727704122077,1720.63790,17206379000
1036.6487766964171,418.95993547615166,1720.87080,17208708000
1098.936715825272,441.7405653512428,1721.08500,17210850000
1054.0541533141177,422.1884718139866,1721.31860,17213186000
1138.427030731449,393.147071484403,1721.53560,17215356000
1250.0979648468938,369.1492453630577,1721.76440,17217644000
1294.049889796426,299.55066228812973,1721.99830,17219983000
1341.0649153888667,231.6773942219928,1722.25870,17222587000
1416.5926636421805,180.29189051438618,1722.49320,17224932000
1398.305640370493,135.75495345098565,1722.70830,17227083000
1427.0136016657484,127.66221895576601,1722.93500,17229350000
1161.9025761440048,162.91765851432757,1723.16100,17231610000
1017.1420394211857,157.73639743107907,1723.38100,17233810000
934.9374662960483,189.65854652909005,1723.60140,17236014000
873.8331632704105,204.7819049070188,1723.82050,17238205000
897.9599451557916,187.56889740693276,1724.03540,17240354000
931.0129825564734,226.24075561088236,1724.26020,17242602000
872.3479825892094,236.4817589708465,1724.47470,17244747000
848.4329690687802,263.1525503857977,1724.68790,17246879000
791.5720649310165,231.65588880720802,1724.90500,17249050000
855.8014887677197,216.77812002887708,1725.12590,17251259000
935.2479618810748,231.31837217535875,1725.34630,17253463000
945.9020560136959,227.93788670585775,1725.58460,17255846000
1051.370879553252,242.54433216146066,1725.79580,17257958000
1141.412358369356,200.27007832931423,1726.03120,17260312000
979.6727914659575,228.47996225056227,1726.25210,17262521000
894.1950143518536,265.5363131990552,1726.47120,17264712000
730.9484093397384,289.92802501443344,1726.68910,17266891000
644.0749504192221,271.78749992128263,1726.92520,17269252000
585.3794590335448,271.09471225957253,1727.13790,17271379000
578.9591833315376,414.9814489521084,1727.36140,17273614000
716.1454610739329,398.4117957950477,1727.58430,17275843000
878.1459157688555,392.77968532514615,1727.80470,17278047000
797.5486541607733,370.7155500757721,1728.02730,17280273000
903.4807152524504,347.3969737893103,1728.25090,17282509000
1081.0940129631442,316.8356142979544,1728.46720,17284672000
1185.6539253898727,284.3360856725963,1728.69050,17286905000
1269.0674382242241,261.5129399288382,1728.91460,17289146000
1094.971841285266,241.43185729460026,1729.15380,17291538000
1056.8241548744472,262.1849421080255,1729.38910,17293891000
1071.6341429354366,241.94991700361598,1729.62460,17296246000
1083.5022508730087,246.5481644467334,1729.86190,17298619000
1115.0540899923428,213.8814841564745,1730.09530,17300953000
1102.0915076602666,221.04327380335303,1730.31490,17303149000
980.548350269798,265.65819777758554,1730.53040,17305304000
906.4112181873344,302.0406795001522,1730.74890,17307489000
686.3654060290014,331.5936173182259,1730.97640,17309764000
611.9130645478076,324.8982223397649,1731.19680,17311968000
594.4818623268242,291.4399950694479,1731.43330,17314333000
721.4723910740363,305.91135966559807,1731.64980,17316498000
854.1540013798093,270.4705472382458,1731.86500,17318650000
1005.4619366284373,236.34232195180402,1732.09620,17320962000
1159.0012469447342,161.58120637604736,1732.31890,17323189000
1011.4454820728864,269.25725473692296,1732.53380,17325338000
840.2600247252695,388.1590746757994,1732.75280,17327528000
683.3766877659774,459.25626241523156,1732.96690,17329669000
541.2801416918871,498.19360932143906,1733.18240,17331824000
450.04286801206763,482.47775008579595,1733.41440,17334144000
434.99918662593734,523.4818755996881,1733.62660,17336266000
391.1823409720124,540.9568261576043,1733.83730,17338373000
380.29535124378464,558.5237882075946,1734.05920,17340592000
354.88243112564123,514.0038460889193,1734.26890,17342689000
324.05310474699684,489.0473408565223,1734.49120,17344912000
265.01300524544894,485.7873697998373,1734.70530,17347053000
321.31823474623116,485.38039974814296,1734.92700,17349270000
423.39826114832726,480.2431127115409,1735.14580,17351458000
465.35528922502243,424.333997690537,1735.36990,17353699000
496.67073144725344,417.55647309131376,1735.59480,17355948000
552.905592940605,403.0293322541912,1735.81780,17358178000
676.1131720884528,387.1643445949556,1736.05710,17360571000
652.7991870592066,485.20422277190085,1736.28080,17362808000
568.7470620394713,510.87926054213983,1736.49710,17364971000
494.93255022211054,588.91691010042,1736.72710,17367271000
483.68527118774267,638.1379730591443,1736.94240,17369424000
451.8470160182716,727.1477068945691,1737.16630,17371663000
433.46483692258573,758.4144970601693,1737.38710,17373871000
379.5619776281933,729.0412493912584,1737.60350,17376035000
393.21083196030474,611.0110493520283,1737.85130,17378513000
437.5076853695857,501.6580344322473,1738.10960,17381096000
666.1805661040521,454.96271730535784,1738.33300,17383330000
746.4786747228798,394.33554318631326,1738.56380,17385638000
880.9491983492356,380.5205129813567,1738.81920,17388192000
1048.3255805320723,336.7988908865454,1739.07150,17390715000
1152.2693254374394,280.28422689429294,1739.28860,17392886000
1229.6616430981314,282.59297578761874,1739.53760,17395376000
1117.1890842474932,321.54010776872894,1739.76810,17397681000
903.7387929930771,330.607032504907,1740.04540,17400454000
878.2574972598235,362.11546096281967,1740.27170,17402717000
811.7791882700984,353.9072702289253,1740.50520,17405052000
811.2514663127166,406.7238013886539,1740.73940,17407394000
839.9506521826232,480.0499200281038,1740.98790,17409879000
911.9528184700391,545.733862886576,1741.21270,17412127000
946.6199680339532,609.223642288709,1741.45090,17414509000
986.780887554838,656.6163370072965,1741.66460,17416646000
963.9258016738479,687.5187095773634,1741.92140,17419214000
878.4142647626788,727.6261348577129,1742.17540,17421754000
771.4695290961798,707.5067357188075,1742.40050,17424005000
648.207734137839,609.3359130844041,1742.66220,17426622000
566.7462449739147,530.500546820037,1742.93720,17429372000
687.9948126625663,537.6996950017144,1743.15970,17431597000
684.7689078184898,499.59491759757844,1743.38620,17433862000
728.4356607761055,463.56607413328175,1743.61350,17436135000
722.2185724416529,418.87113489811776,1743.82830,17438283000
743.7926433569363,441.58123678220267,1744.04300,17440430000
760.9877359727377,500.91189452392865,1744.25860,17442586000
806.7068213894836,498.5461824633797,1744.47060,17444706000
872.4232470704861,517.8985691914236,1744.67870,17446787000
941.0328001856801,569.0761983863742,1744.89750,17448975000
1014.7841524896764,626.0146992656623,1745.10990,17451099000
1042.8197742646037,650.6305932085303,1745.32080,17453208000
1003.4152775516967,638.0611610645068,1745.53300,17455330000
994.9486874335842,629.0744016533466,1745.75080,17457508000
995.9191930349265,619.7177779779137,1745.98670,17459867000
1049.8972199346592,677.1595395013982,1746.20000,17462000000
1069.1046606758132,704.2903881864952,1746.42850,17464285000
1132.1444385717189,719.9776821102552,1746.64050,17466405000
1122.0088543064803,759.7472713675116,1746.85940,17468594000
1096.8336688944646,752.474949951566,1747.07030,17470703000
1109.2200155971777,763.9662469449756,1747.29260,17472926000
963.2552133992558,755.2252130977712,1747.50170,17475017000
845.4999761031925,730.9274507571223,1747.72950,17477295000
873.5126720650118,741.4430528005427,1747.94970,17479497000
968.1036916734074,729.0277263274298,1748.16790,17481679000
996.3992610724333,717.4587982151678,1748.38520,17483852000
1050.7010429946235,727.871741024904,1748.60540,17486054000
1060.9148512916483,756.9699193706758,1748.82040,17488204000
1081.2041402582647,807.035580185082,1749.05130,17490513000
1116.089497407233,841.5032390986335,1749.27070,17492707000
1129.9824598216157,833.45132570571,1749.49030,17494903000
1118.8419524891872,836.0084666323456,1749.70580,17497058000
1127.8039176104169,807.6949997186806,1749.92390,17499239000
1148.0221400932824,765.352860325681,1750.14380,17501438000
1103.781221342527,713.5878036226322,1750.36660,17503666000
1115.2998775923024,667.1818151032157,1750.59010,17505901000
1036.4620279025494,630.8862488082117,1750.81210,17508121000
969.6715490181242,583.3958536875265,1751.02660,17510266000
890.462515165438,569.9333487986765,1751.24940,17512494000
757.9888248900932,532.2375337358554,1751.46230,17514623000
569.5178078817404,446.30397900651445,1751.67650,17516765000
405.9116990949513,390.57032337184137,1751.89800,17518980000
317.74014384591106,354.4942083066398,1752.12190,17521219000
228.89468320830434,320.8532320861081,1752.33760,17523376000
225.2093884338422,302.6213071499071,1752.56220,17525622000
164.76076349554924,282.5208577812731,1752.79200,17527920000
165.44449332279032,272.5690920252352,1753.01770,17530177000
114.81132155243161,288.8168829836993,1753.23910,17532391000
120.14619939056172,258.4011230651384,1753.45820,17534582000
116.39777533072618,280.7413726368443,1753.67310,17536731000
138.68210833786523,344.6779470179257,1753.88960,17538896000
162.72481296526496,353.4383861214408,1754.12240,17541224000
225.40411516887735,350.3228979006964,1754.33460,17543346000
241.99484849063236,345.2738535632005,1754.55240,17545524000
235.75447686506223,317.9247034740232,1754.77670,17547767000
196.0461282443421,328.98664513666233,1754.99360,17549936000
160.60797955870586,331.5058755431093,1755.20370,17552037000
190.6142268262687,395.0413697813361,1755.41860,17554186000
231.38590040481176,477.3624538000302,1755.63650,17556365000
263.2764725084676,467.74615388611625,1755.87040,17558704000
279.7249553845695,417.9653998322847,1756.08930,17560893000
335.88827883679403,416.7027506703636,1756.30400,17563040000
313.587380781821,391.29147844531855,1756.52750,17565275000
467.1450718636852,520.2856939124306,1756.75400,17567540000
457.7797894705332,495.2240341185403,1756.96780,17569678000
398.27778480061886,468.39582715843125,1757.18680,17571868000
397.8533154572046,469.3396655816633,1757.40510,17574051000
382.0649953714318,463.67053365766594,1757.63240,17576324000
439.0040483133431,416.3537244537311,1757.85960,17578596000
479.1576056302082,403.44277246619686,1758.10450,17581045000
444.7661898472544,344.483184154828,1758.33800,17583380000
576.6146772472691,339.96805870636194,1758.57300,17585730000
612.7502720975394,329.5132382041628,1758.80390,17588039000
513.8961771648844,307.5775907534201,1759.01880,17590188000
