x,y,TIME(2025/03/26 10:46:36.835),TIMETICK(f=10000000)
1131.4963638026945,528.0382193007318,0.00000,0
1105.03830947206,532.1367772476133,0.22730,2273000
1085.132573801882,542.8654452675999,0.45110,4511000
1061.6052576775126,475.2624686293213,0.66860,6686000
910.7244314415815,397.8335610764617,0.88030,8803000
817.5787286229363,332.23382563496284,1.09140,10914000
670.726928588544,262.5888853067757,1.30010,13001000
558.6080565569498,234.19088226497527,1.51230,15123000
541.9664676561536,242.3165780605429,1.73920,17392000
500.92853537841745,185.31148911024604,1.96020,19602000
439.40047783500034,158.06262654485215,2.17110,21711000
447.8682324536386,226.21589130215278,2.39570,23957000
497.37721045205706,224.88531547777035,2.60610,26061000
623.8778900975246,225.35003530980063,2.82510,28251000
760.560825279906,217.6599704393638,3.03430,30343000
861.0899605311291,196.76808720669476,3.25070,32507000
950.6932587539833,261.15673071110666,3.45840,34584000
1038.4496613598303,300.5765071906706,3.67450,36745000
1096.6261153773999,289.19711035002615,3.88590,38859000
1147.1168426805998,340.47077783964187,4.10270,41027000
1190.320401404382,418.5851191292226,4.31640,43164000
1190.3606069276912,431.0121546229881,4.52840,45284000
1162.937292705919,471.244920374713,4.75420,47542000
1115.3119751190286,548.8563983509266,4.97440,49744000
1148.4862602500493,608.9409343511861,5.19320,51932000
1215.0084224773655,620.4734079579891,5.40890,54089000
1196.0281900052412,636.822028906067,5.62900,56290000
1222.1408229955705,690.6411984507474,5.87830,58783000
1191.3123408945319,720.5605126615209,6.11680,61168000
1209.6026894797637,756.4430984293655,6.33350,63335000
1267.9083531155316,764.7304550283324,6.54500,65450000
1217.7642504324465,764.9444289087576,6.76130,67613000
1235.902954467516,716.0525462274459,6.97560,69756000
1185.3015300247866,749.7056469678475,7.20980,72098000
1245.7262822935993,750.609323815946,7.42090,74209000
1258.1510981612414,724.1210057586454,7.66110,76611000
1298.3999104597324,581.7024036441668,7.86910,78691000
1254.9641292295767,592.683218514011,8.08740,80874000
1228.8818124855295,564.3972447174149,8.30320,83032000
1137.150295224935,528.4703623013961,8.51720,85172000
1115.7924811753423,488.17672094079643,8.74920,87492000
1064.4940733377991,449.7864842754184,9.01290,90129000
998.3619087291376,436.70510058404335,9.23380,92338000
1045.358392921699,453.55634612313844,9.45600,94560000
1072.5805790464963,399.6290068802892,9.68520,96852000
1092.7395361383442,363.4019849072491,9.92890,99289000
1069.0063778706556,334.2304582444015,10.15870,101587000
1015.8433802852984,250.5845423124195,10.38380,103838000
967.300439971553,198.71745471137524,10.60170,106017000
878.7029245190877,168.84468328748602,10.82030,108203000
862.3716530836496,176.29987074298896,11.03030,110303000
840.329710470098,207.78742007767292,11.24020,112402000
857.9566849477314,232.8071204203708,11.45790,114579000
923.0764824250032,306.0079641079867,11.68660,116866000
979.1309302574917,375.1770309685355,11.91100,119110000
1023.6777125192673,421.4013214315561,12.12700,121270000
972.3075591490475,418.42349170991537,12.35590,123559000
1019.2763837523273,426.93228831267646,12.57220,125722000
1084.639592501032,461.75319558591315,12.80150,128015000
1050.7240230408706,464.84148719030014,13.01420,130142000
1045.796530316426,435.6024341151782,13.22970,132297000
1087.0259091127953,432.2284426973173,13.47050,134705000
1072.1825604486348,449.47757895979373,13.68650,136865000
1057.4988332276687,455.38760918798954,13.89080,138908000
1075.8500948331973,495.1717308044844,14.10260,141026000
1041.2615907170527,456.46969970947913,14.32100,143210000
1049.8931366664794,437.12925097942514,14.53510,145351000
1027.1224697961193,437.9875576547542,14.75330,147533000
1060.4803176372998,428.6761106085461,14.96600,149660000
1044.597958918057,418.3096499347993,15.18040,151804000
1106.9105705497504,403.2925610678559,15.39610,153961000
1123.9971626374315,401.2365075626006,15.61610,156161000
1120.9553856633383,387.38413377043287,15.82540,158254000
1158.5185734062068,426.8072693605568,16.04320,160432000
903.4128399340245,363.02806174449654,16.28580,162858000
789.0013265718969,342.4106419216215,16.49930,164993000
625.7283492338448,321.89964378342006,16.71610,167161000
529.6979525918958,310.3226057593555,16.92690,169269000
456.78517563764336,258.09411421444327,17.16800,171680000
469.83970251365344,307.40271827084973,17.39650,173965000
567.6251988277644,383.77439371866177,17.61470,176147000
571.7344330337297,354.29117425507945,17.82340,178234000
532.9002596905594,312.7032137849282,18.02890,180289000
465.60238291915846,295.17199366882375,18.24400,182440000
400.240737773837,241.21128896526437,18.46290,184629000
372.00444447467015,202.01044646026818,18.68870,186887000
306.243668248085,188.43315162878406,18.91510,189151000
398.68555265359987,207.25318277106697,19.12980,191298000
544.7014986660522,336.4930811399071,19.34130,193413000
657.8322524965745,372.62574545107725,19.55100,195510000
708.7725285591955,381.3903794115096,19.77080,197708000
690.6080499043005,357.5331898829527,19.98770,199877000
595.129035725567,292.1480161170661,20.19950,201995000
643.2590641381889,252.27358869327568,20.40640,204064000
840.2642063491028,251.0139059584664,20.62180,206218000
909.4200692934166,290.77735036551314,20.82970,208297000
977.1523134859526,314.50045186310916,21.04470,210447000
988.6916484548846,341.5739711379545,21.25760,212576000
1013.0081137054301,499.3244310949726,21.47540,214754000
983.334735859501,580.3526723551795,21.69130,216913000
984.2047167058774,569.522031874244,21.91120,219112000
1026.8437099547739,542.8068282947984,22.12890,221289000
1075.3481153046332,516.226582807914,22.35280,223528000
1126.4256956553356,542.2802800374915,22.56320,225632000
1044.7932439142562,533.0146417926625,22.77640,227764000
1064.60607619919,545.3445471211896,22.98970,229897000
1055.3443840848342,626.4481428840124,23.21970,232197000
988.0596584138386,610.8064924196359,23.43220,234322000
945.6923191975428,575.094743069229,23.64540,236454000
965.9013920260289,616.1436341855205,23.85890,238589000
837.1911699912633,574.4109324352719,24.06900,240690000
819.3537027115141,613.8258334978293,24.28140,242814000
813.3719744826317,608.5244449206547,24.49190,244919000
800.1366186636966,618.026055761349,24.70420,247042000
749.3398834228884,615.2527387305681,24.91810,249181000
707.6151814567202,717.7041122272914,25.13440,251344000
768.3840646251078,655.9167828393287,25.34210,253421000
801.4418462261167,598.1509579958284,25.55650,255565000
806.0786965054854,541.2816885316522,25.76750,257675000
895.4475771590104,485.5125924003547,25.98260,259826000
891.5216757837503,500.7124556177945,26.20110,262011000
908.5184833733659,496.92992334386514,26.40990,264099000
870.5165805442617,473.0666998100861,26.63250,266325000
886.8971109958765,490.8834694192347,26.86260,268626000
911.5723423533088,481.01582540810614,27.07890,270789000
966.8750763015316,451.0235362762041,27.29510,272951000
962.8075827341266,526.4419671747587,27.51380,275138000
987.2868129409987,489.2568929122526,27.74140,277414000
958.8786695396678,511.3895799127009,27.97420,279742000
905.974589050268,509.48676804039104,28.19270,281927000
893.4195198186651,522.0373757273329,28.42100,284210000
854.416636219607,513.6620751989602,28.65000,286500000
890.2143322889232,519.2070706440645,28.88970,288897000
957.746370300506,539.6303065579508,29.13250,291325000
929.7971064728646,534.655973756917,29.36320,293632000
937.5428010299999,534.4557087239373,29.60290,296029000
987.2411865110846,598.1353458217573,29.82660,298266000
934.8534298929528,641.570100949539,30.03590,300359000
957.7003562409632,687.4281944449044,30.28180,302818000
918.6321424070106,686.9076247312547,30.51720,305172000
908.7459103062522,705.8722635728204,30.75900,307590000
880.4323684797191,702.2395514067565,30.96940,309694000
914.0558593118714,633.8323246089673,31.21360,312136000
943.6965297969255,513.6027318986394,31.43090,314309000
897.8103442276151,477.92292288453115,31.65530,316553000
939.2661231206359,443.1628880105409,31.86510,318651000
906.3620058773953,436.98963101212405,32.08590,320859000
848.2156446616847,369.52991841383374,32.31340,323134000
828.6318463609973,347.59396542531323,32.52730,325273000
947.9865302633799,363.86118392045137,32.73930,327393000
966.5314882332141,356.25213956459544,32.95870,329587000
947.6675936535173,428.65797222407826,33.18630,331863000
933.2006579500663,480.93944746130245,33.39920,333992000
986.8108399386738,554.1080218486011,33.63160,336316000
1051.511895487397,534.1523606029774,33.85440,338544000
1101.475942506761,458.7348857222652,34.06870,340687000
1180.3849951619331,360.05369946938094,34.29560,342956000
1240.9623598059106,287.52902792033615,34.51240,345124000
1249.4157494341357,282.3005960623052,34.73240,347324000
1299.6991872405588,234.70317541717353,34.95570,349557000
1297.803917062682,219.83262336468087,35.18950,351895000
1274.271110139405,216.18832769200435,35.40840,354084000
1273.7911964466816,196.2388876501205,35.66020,356602000
1187.2750703794782,282.4641273636474,35.87930,358793000
1024.5845153416974,262.098445947628,36.11880,361188000
780.5856253472225,173.1183689304289,36.34940,363494000
747.1638007318375,135.20982255155772,36.58360,365836000
715.8985953841151,53.6332221260744,36.82690,368269000
837.3554338964908,46.21506469502254,37.09180,370918000
903.2294404191359,112.25903048615336,37.30890,373089000
1006.3740937295606,122.04378918545181,37.53410,375341000
1048.341841683979,137.37793244982953,37.77140,377714000
1045.0236011086367,164.10021014977664,37.98840,379884000
1035.0710513273239,202.95234259554243,38.23620,382362000
1054.290978977752,221.19788266970318,38.45900,384590000
1095.5053671124276,243.49464385634258,38.67230,386723000
1193.1586180758043,239.95671582325787,38.88890,388889000
1337.978026460746,247.6973659953426,39.12650,391265000
1381.4468906984703,313.66079550480686,39.38690,393869000
1367.3779688844493,317.61439586977133,39.62460,396246000
1341.5777229356527,327.2748734073459,39.84400,398440000
1385.8329571997242,314.5130643162803,40.09660,400966000
1329.7142623865898,338.2564139018914,40.32720,403272000
1355.7302362750236,330.4028435294528,40.54170,405417000
1341.5096721992986,368.9962743357768,40.75630,407563000
1310.4512268520537,360.25052373972414,40.97280,409728000
1254.3623674070277,347.4006798357826,41.21270,412127000
1342.3627481977724,325.1542398156213,41.43540,414354000
1363.1030011463836,304.4669693049752,41.65070,416507000
1336.6371246796712,334.273283840351,41.86580,418658000
1338.9650710416365,364.72819515439585,42.08200,420820000
1294.4470211963203,393.8993206336752,42.29230,422923000
1202.3205938142085,496.11341959850176,42.50290,425029000
1105.120505922402,620.7935107784151,42.72790,427279000
1026.8570926782872,681.1031463783517,42.93490,429349000
985.1783227948898,736.0363156281544,43.15020,431502000
1063.3905414110288,630.5861183933947,43.37130,433713000
1048.111971765847,640.6375134677825,43.58540,435854000
1096.9373677056224,553.2886840229194,43.79810,437981000
1137.3759488655319,478.3513955106479,44.04210,440421000
1166.6654639656335,411.8591305642409,44.25960,442596000
1176.4910890149267,348.38395305570043,44.46950,444695000
1177.372408874302,330.60090082877593,44.69050,446905000
1193.0538325447587,303.24331879330873,44.91050,449105000
1235.7735924593383,314.49132467000766,45.13310,451331000
1322.7416778511158,304.45290046437947,45.35310,453531000
1296.9908886160667,310.2761889862063,45.56910,455691000
1270.718282370571,287.56549463990655,45.81360,458136000
1281.2042457587397,265.07446989742266,46.02990,460299000
1244.6026958677605,264.6469110960906,46.24730,462473000
1274.211606759031,255.88178121289815,46.46060,464606000
1265.8751964355115,254.15789192386447,46.69500,466950000
1277.1670261733714,276.1322186232574,46.90830,469083000
1265.6131406791917,254.1993354678796,47.13450,471345000
1213.0581897561244,276.5609786693043,47.34990,473499000
1134.5721798104364,268.5307504781067,47.56500,475650000
1125.2751814416558,283.3450871404825,47.77910,477791000
1106.1465227354242,289.11993125846294,47.99960,479996000
1106.2788818319036,297.61333486789266,48.22010,482201000
1150.0649085090283,311.17138111190565,48.42940,484294000
1060.3012987766692,428.60014696996575,48.64900,486490000
903.1499838916499,374.21693103933694,48.86680,488668000
907.3835427291447,378.3426779712485,49.10840,491084000
906.4304236224012,325.8972385041444,49.32370,493237000
925.4641016744778,292.96781426394256,49.53570,495357000
904.9469370821773,304.87359546686133,49.75100,497510000
889.801760300666,315.64999125582864,49.96320,499632000
888.1215321024564,305.53600392373494,50.17790,501779000
906.4332157687098,296.79531327183815,50.39590,503959000
883.8542553662124,251.16321755746498,50.61020,506102000
929.2997538067301,225.31429232574237,50.86560,508656000
1004.7512743159181,249.45171208267425,51.08310,510831000
1064.933125933518,239.14369885644365,51.29690,512969000
1101.8841176135684,220.92420585855552,51.52210,515221000
1128.667654230238,228.7560844138672,51.73530,517353000
1126.2944062389963,240.3364800626563,51.95100,519510000
1160.5075256688801,268.16788596383503,52.16150,521615000
1138.5231408807488,295.8999527187297,52.39320,523932000
1175.7777330187125,292.6541647520705,52.60200,526020000
1193.161086927938,312.6140483495137,52.81530,528153000
1205.8059128958982,367.884210630055,53.03710,530371000
1201.8487503585395,462.58208152179395,53.25050,532505000
1184.3730376307785,475.06944005920195,53.46260,534626000
1104.1866817422103,562.6062795142554,53.68630,536863000
1153.371862002397,589.0636923763925,53.90400,539040000
1186.0492502346863,576.1324099070007,54.12220,541222000
1150.3856339271158,547.1123268601308,54.33860,543386000
1068.430656378992,556.2212980617517,54.55520,545552000
1029.779663098817,495.8090818248648,54.77340,547734000
992.1819209614678,417.26765861822014,54.99120,549912000
950.7057931932911,450.5007729007404,55.21690,552169000
903.9504218073911,473.8951633761787,55.44000,554400000
924.017532121877,443.7332596219851,55.66380,556638000
954.4532350805933,420.74846074484054,55.89960,558996000
989.2586895266502,348.1380688567456,56.11900,561190000
1067.7705540615107,312.46267980213054,56.33970,563397000
1102.5629811922197,316.11867137135147,56.55910,565591000
1143.2785411224634,254.6093720975076,56.77510,567751000
1089.6438328772133,227.6172235271939,57.00530,570053000
1059.7491510516345,220.5376218999461,57.22020,572202000
1089.4334165951389,201.6709004184388,57.43780,574378000
1097.346960845929,200.516178459778,57.65600,576560000
1230.4695999664398,259.66459543996746,57.87510,578751000
1225.7860635589943,228.67737016014541,58.09220,580922000
1217.7386192206534,217.13237594767728,58.30980,583098000
1212.0395469721595,199.24517346262317,58.52770,585277000
1263.2544234138024,206.61944578334678,58.74500,587450000
1230.7829131323238,232.46053957886062,58.95250,589525000
1301.8761566529292,245.41890311396602,59.16700,591670000
1287.8215715801598,251.03426525362866,59.38520,593852000
1272.6008167850985,207.73431137125112,59.60500,596050000
1240.2133316355123,250.99103607276572,59.82910,598291000
1193.2172108745383,252.61881798258767,60.04650,600465000
1205.9755245431509,282.9269435419591,60.27250,602725000
1225.1101766056636,293.1135922444846,60.49190,604919000
1190.4944873392706,240.1625917510113,60.70630,607063000
1213.4834671683218,243.6496450762411,60.93260,609326000
1219.8388130282426,205.55891542519362,61.15470,611547000
1240.9145377164264,245.08584258827722,61.36880,613688000
1271.783359784336,315.87569170005804,61.58700,615870000
1247.0408688378243,286.820820838747,61.80420,618042000
1275.3381093544078,302.81478819228425,62.02390,620239000
1289.0841687555865,288.1553115989609,62.29220,622922000
1289.2514320396374,348.0097713261612,62.51300,625130000
1341.3617653556794,333.10805503098396,62.74000,627400000
1349.8208193999214,314.6803858012908,62.96790,629679000
1431.3791898660847,352.0711814330638,63.18480,631848000
1437.4979564204527,361.45313238163226,63.41440,634144000
1369.950458167413,348.28794893161364,63.63910,636391000
1310.2152105764287,319.08754863706906,63.87960,638796000
1299.1826437021991,315.8888855949486,64.10260,641026000
1307.6544603351488,329.3625087906113,64.31980,643198000
1293.324814947195,331.15717899854695,64.54100,645410000
1265.4198990051696,298.71319432928317,64.78010,647801000
1270.6745514373906,301.81132189871033,64.99980,649998000
1371.2620476329596,287.5455179830908,65.22130,652213000
1367.6305512073168,263.1210644998064,65.44420,654442000
1361.0232876934992,264.02508586859955,65.67100,656710000
1412.059620318251,226.8675561882648,65.89270,658927000
1446.6559346637987,297.7642488868945,66.11040,661104000
1469.13248763374,337.245371189623,66.32820,663282000
1469.1605336927469,380.8316043150682,66.54700,665470000
1349.2338495292845,527.246270618092,66.77440,667744000
1266.0795434914314,426.2344759361469,66.99330,669933000
1206.253049118889,403.4097233657784,67.23170,672317000
1114.696932555087,401.4235531167848,67.45480,674548000
1175.1198376286582,386.8705478605952,67.67050,676705000
1198.113445105625,389.5364382883321,67.88840,678884000
1207.3172748375348,377.611831757203,68.09790,680979000
1211.925096237032,369.25280958677143,68.31770,683177000
1148.1208032902082,327.5328215984143,68.53840,685384000
1181.9038493842966,348.6860308436662,68.75330,687533000
1203.8001050662324,371.110526630851,68.96890,689689000
1176.5328782130653,330.01670799668415,69.18700,691870000
1270.2731972717643,363.53354068682336,69.40550,694055000
1292.1767518045624,355.71321334784636,69.62010,696201000
1353.3724830705987,370.98486298319995,69.83620,698362000
1345.3952791956401,284.5875613436129,70.05450,700545000
1335.0663014348386,255.18215625449741,70.26980,702698000
1332.3330686267134,204.52621661861028,70.48970,704897000
1329.922103255513,195.25718292215524,70.70360,707036000
1319.6279002636963,193.25707553225936,70.91640,709164000
1257.271569983259,188.62058743230773,71.13390,711339000
1273.694322856568,244.8062585943942,71.35860,713586000
1235.9825257912785,217.97931760726007,71.57020,715702000
1174.119361832255,209.4302238803418,71.79100,717910000
1216.1165101299002,242.9872175719647,72.01390,720139000
1224.3037666139555,249.81131389067843,72.23180,722318000
1200.1493978678377,194.48478302886366,72.45180,724518000
1192.2101665458536,199.2585059764528,72.67450,726745000
1198.9033823473862,228.31783814062018,72.91240,729124000
1196.8366261530755,233.831092118687,73.15660,731566000
1264.2859335034498,270.0286492042238,73.39030,733903000
1277.1785069728028,314.6653064962345,73.60470,736047000
1268.376311936331,334.71834655446315,73.84040,738404000
1238.6575372785555,361.21612110505725,74.09910,740991000
1161.587714314441,402.46879539133465,74.38030,743803000
1149.5368571972679,420.69833321062174,74.59220,745922000
1122.0758057460923,431.21041724561076,74.84360,748436000
1110.825588269143,472.5991984987839,75.06810,750681000
1100.5279240204507,445.10621625339894,75.31960,753196000
1111.1378723089076,404.4565014401979,75.55050,755505000
1124.8012308084592,409.19323894480414,75.76650,757665000
1179.388432315189,397.42318735121614,75.98280,759828000
1209.2162978090366,349.6493445749638,76.20480,762048000
1173.2587124746535,330.7105449021782,76.44790,764479000
1175.6690138888675,336.3545148918606,76.68590,766859000
1193.3633472800866,295.08501972966155,76.91630,769163000
1157.5396687855282,224.71435744670475,77.14120,771412000
1152.3601405480554,328.3452623320725,77.39270,773927000
1136.9902879954427,350.5830278860118,77.62630,776263000
1109.3379455802992,357.55385240041295,77.83720,778372000
1089.2520216199312,321.5790027086074,78.05500,780550000
1076.5076734474274,306.86415746527797,78.28960,782896000
1061.3050492643324,429.9710069861996,78.54920,785492000
1098.7586051594358,462.8901559476277,78.77250,787725000
1026.111409818931,512.2510701895457,79.00730,790073000
1114.230446467336,421.3867419287903,79.24510,792451000
1114.0454256284497,348.4505643339381,79.51200,795120000
1184.6763655547875,315.70335672323057,79.78220,797822000
1228.8986770215124,233.64330031252166,80.01940,800194000
1190.3433486309377,220.2930335368932,80.24340,802434000
1071.969741767216,246.14645422417868,80.46560,804656000
1032.4589369780333,297.3376941150593,80.70010,807001000
857.7211141179374,260.1485936102757,80.91830,809183000
765.593720387591,313.4594611752813,81.13620,811362000
625.4724571402014,262.63455897580036,81.35070,813507000
576.8315185186556,266.45066876450437,81.57710,815771000
533.7177019072575,280.686102796836,81.79520,817952000
488.0186424288123,300.45463113458857,82.01690,820169000
477.5327832495706,325.64160918906435,82.23480,822348000
459.36179722834635,349.30129228711485,82.45330,824533000
426.0471050625349,317.0750268098946,82.67730,826773000
427.76461952817044,409.49722535307683,82.89270,828927000
399.9320281936222,418.53861841554726,83.11800,831180000
476.83564972355555,381.333662145934,83.33110,833311000
598.408205319834,347.32100196076425,83.55320,835532000
740.101674248265,400.3850012775171,83.77510,837751000
844.4595657166449,380.80440969624044,83.99290,839929000
945.6232717796972,359.0376785161002,84.21260,842126000
1023.0885930365819,316.7795014100381,84.43500,844350000
1024.3515001711771,421.1195357197768,84.66200,846620000
1031.4989749978204,378.34000045769045,84.88540,848854000
1046.0614479280491,370.373627378852,85.10500,851050000
1092.1446423058937,361.75773373730567,85.32840,853284000
1134.2736981325095,305.3935042739225,85.54810,855481000
1280.9372970177785,296.80223637844017,85.78280,857828000
1231.6038432504288,318.77345897851603,86.00730,860073000
1281.0269249322512,349.96726700000147,86.22820,862282000
1297.320306331416,384.2897936274769,86.45180,864518000
1385.500452214921,409.94080347787224,86.66550,866655000
1459.2867658257937,436.8184225519447,86.88800,868880000
1462.3782478867165,469.64282795244424,87.09730,870973000
1476.0613263380396,452.5204179536208,87.30910,873091000
1424.6647241331025,450.94845843798873,87.52190,875219000
1413.6887440359258,425.4501396735515,87.72970,877297000
1403.5061974820508,436.0816656931073,87.95010,879501000
1351.143830620367,418.5870562446735,88.17890,881789000
1414.6927129238925,412.39077942451615,88.39820,883982000
1433.1687586871226,387.902048029527,88.62160,886216000
1433.0019898132286,361.07214469422513,88.83700,888370000
1384.967877236738,343.134665779165,89.05620,890562000
1375.2628963799202,376.59350604501867,89.27480,892748000
1328.7500464794937,359.9638944214935,89.48840,894884000
1309.7862803492487,376.98651462653186,89.70940,897094000
1312.9500850857185,392.7572070838083,89.93440,899344000
1303.9932109857734,358.1546432352563,90.15920,901592000
1288.2047246194918,312.6340843925971,90.37840,903784000
1280.7840866802671,312.3552077900247,90.59680,905968000
1269.1120149374171,342.8596962921278,90.81260,908126000
1267.6841282973892,333.6669541945725,91.03480,910348000
1250.422921884528,340.0514991381396,91.25530,912553000
1249.940619425314,320.7866233609957,91.47060,914706000
1239.283862242834,329.01049618456926,91.69520,916952000
1237.107652391846,361.150265073441,91.92640,919264000
1164.1957378080763,351.8925126320591,92.14770,921477000
1101.9799847244356,450.01506234600595,92.37430,923743000
1088.1802668299486,430.2346694347012,92.59270,925927000
965.0217856020936,426.0932908593511,92.81070,928107000
914.4005412880543,414.64190523098245,93.03700,930370000
881.3435259261304,345.9187406875064,93.25910,932591000
859.2481815013755,334.31423858270136,93.47310,934731000
781.1891713575859,288.7600113363298,93.68870,936887000
707.8835367284215,255.2673671390883,93.90670,939067000
657.125336579813,270.36926789682565,94.13210,941321000
698.2919895860528,445.6917360686304,94.35620,943562000
644.3990907611383,402.5711347505433,94.56820,945682000
778.5576472830666,371.86747344419354,94.79670,947967000
837.0901219497607,460.82981995227925,95.01020,950102000
826.601561701908,421.3273450295714,95.23070,952307000
840.0109441279174,408.55569318276923,95.44820,954482000
826.2666996955486,376.51020414362426,95.66860,956686000
822.1534877687056,376.04823901940887,95.88940,958894000
882.7341844898283,439.4236988374646,96.11130,961113000
925.06277882872,421.4734419219565,96.32810,963281000
994.7819562425794,444.7903120179664,96.53820,965382000
1049.502658633218,385.3337504659117,96.75500,967550000
1111.7058680444954,357.79137213563746,96.96890,969689000
1045.6986484203094,420.79950739290325,97.18600,971860000
1017.1858781312523,417.25126407211496,97.40160,974016000
1008.8526296761468,396.77721358970535,97.61800,976180000
956.93700640559,504.68349716762475,97.84140,978414000
1004.905710004302,511.42707339522974,98.06490,980649000
1083.299010419169,457.29464667667463,98.27820,982782000
1177.815860010109,351.04248647280326,98.49250,984925000
1033.2911905568535,328.3205800923345,98.71170,987117000
934.1977068583434,273.25800438578347,98.92510,989251000
867.4940620521701,217.56965352505972,99.14780,991478000
861.9723496252961,249.98117867723397,99.36650,993665000
796.5646987949722,244.2920989769471,99.59190,995919000
809.0166901474266,291.07671565906395,99.81080,998108000
787.9415037747942,319.724743033954,100.03070,1000307000
851.5687857097398,286.10343276042124,100.24750,1002475000
1001.0882809053551,283.5026359329964,100.46450,1004645000
1080.8709333666272,273.02061515389164,100.69010,1006901000
1158.911239652619,266.78051230701004,100.90820,1009082000
1206.6523520459048,224.9775186094795,101.12640,1011264000
1221.9962583318554,186.18750985012267,101.35040,1013504000
1262.432852612405,219.39884126458406,101.56870,1015687000
1171.1763686242425,382.3285093615683,101.78490,1017849000
1431.0978894405102,367.06467964013837,102.00320,1020032000
1495.6934355946175,303.4262213043917,102.22670,1022267000
1670.41063084584,271.460969993173,102.43660,1024366000
1785.417100970507,254.6267664798259,102.67110,1026711000
1708.6444026074398,290.99836081005554,102.89480,1028948000
1660.7528911520417,287.2338973975974,103.10830,1031083000
1572.7813187653737,268.26623719503255,103.32800,1033280000
1341.5118596389875,309.9933477265531,103.54270,1035427000
1172.4882887204958,297.1123025009293,103.77410,1037741000
994.9430150663046,292.8019680383657,103.98670,1039867000
831.2959131321044,320.1389268716983,104.20420,1042042000
622.105904307293,298.5724777166397,104.42560,1044256000
481.1455111852275,274.500093091729,104.63870,1046387000
422.40937089368384,279.88449259681886,104.85020,1048502000
365.74237901538544,272.2525584851583,105.07040,1050704000
329.9657647590942,348.15606852359576,105.30010,1053001000
344.24524011259126,347.03095206432096,105.52690,1055269000
328.1706744628969,329.6078564241033,105.75280,1057528000
513.404977091906,330.17346698120514,105.98180,1059818000
647.2084543863589,322.6374007566505,106.19850,1061985000
700.4255825453661,337.05930541346055,106.43510,1064351000
589.8359939876535,416.39476167376637,106.66100,1066610000
532.0058766940166,380.31167749926857,106.87910,1068791000
672.5862163902129,377.2663127005459,107.09600,1070960000
821.428170766991,349.77924738976463,107.31240,1073124000
733.0583394787884,349.3248785099164,107.52820,1075282000
673.8419762602946,274.789067477966,107.75720,1077572000
671.7492806695433,238.58691156911817,107.97030,1079703000
642.1937986993893,202.21770755153042,108.19270,1081927000
600.0643077704275,186.0273522026083,108.41100,1084110000
604.2782402632113,183.6936757529575,108.63120,1086312000
737.5109003554107,189.44513670036903,108.84700,1088470000
771.3164464323105,129.8348480460056,109.06560,1090656000
780.5012482802664,210.07643368039044,109.28320,1092832000
824.6816757576609,290.65792020510133,109.49990,1094999000
835.9195395579528,294.4651179415196,109.71830,1097183000
850.5964886704769,297.00393133428497,109.93760,1099376000
964.3940683132223,273.9430551731256,110.16530,1101653000
1040.0267731071694,260.3561385752496,110.39280,1103928000
1074.7876749659922,303.2284952462875,110.61090,1106109000
1128.2500024371336,362.6985176806721,110.82870,1108287000
1151.6167470143164,354.1559659935856,111.06590,1110659000
1230.0170321613873,371.1778022056211,111.29680,1112968000
1311.2597092160647,382.31748035738093,111.51790,1115179000
1300.0130078705888,365.58574752882834,111.75540,1117554000
1187.5301894180695,334.5974156220272,111.97110,1119711000
1046.8165544082833,293.02052605322484,112.19440,1121944000
1044.34777678543,211.94893480401726,112.41390,1124139000
1080.1521156988115,112.95480289437627,112.64140,1126414000
1152.3472604093286,110.2021397634477,112.89200,1128920000
1206.350472474328,129.15389608484764,113.12850,1131285000
1171.9599591880901,94.3999771621525,113.34660,1133466000
1152.785268652131,87.57948612415586,113.57150,1135715000
1074.1436951544074,289.03827548232493,113.79820,1137982000
1178.6402066476385,317.38424742004264,114.02860,1140286000
1298.9079464709282,330.9430970490326,114.24270,1142427000
1331.7570558048708,331.1766406206727,114.50320,1145032000
1407.5066436980512,278.26017724127973,114.74140,1147414000
1510.7164690619506,378.822256609574,114.96770,1149677000
1451.1479105572025,395.0574445168636,115.18580,1151858000
1520.0541403262166,430.3587589608793,115.40820,1154082000
1632.9423855711918,504.15072577180445,115.62700,1156270000
1736.2209940905966,486.31218692939393,115.84730,1158473000
1778.7176394973155,456.6838988746879,116.06410,1160641000
1816.4883426915658,531.4108678815168,116.28340,1162834000
1795.7612004379162,533.1833631147052,116.51290,1165129000
1876.3282162291343,466.9367996852482,116.72520,1167252000
1831.4356899366217,426.98291701159894,116.94330,1169433000
1842.528814099681,377.8601549920533,117.18270,1171827000
1888.1020415276025,333.25128187009796,117.41900,1174190000
1891.1125547030833,324.45237063314744,117.64620,1176462000
1825.735674579497,346.19667484284867,117.85830,1178583000
1763.9554997481598,309.0301829310502,118.11130,1181113000
1699.2135603737127,311.5000154366689,118.32790,1183279000
1572.7671877929777,330.89388734093484,118.57060,1185706000
1442.108062657146,357.3647017428531,118.79120,1187912000
1338.3991442530437,334.91953905820003,119.01070,1190107000
1270.8869016838792,320.8675990953848,119.22980,1192298000
1250.1094735122417,284.74701992695935,119.44900,1194490000
1263.8390678677329,287.88134505226293,119.67070,1196707000
1336.1813770284164,377.77447111615055,119.89440,1198944000
1528.4809540830763,399.0784429938261,120.11220,1201122000
1615.931397850955,364.34489173595233,120.35180,1203518000
1666.889766485909,373.5958915199728,120.56170,1205617000
1666.9359506655078,411.5549766505878,120.78070,1207807000
1634.7263619976006,377.4861616493945,120.99820,1209982000
1541.2546703682735,331.0700315821939,121.21140,1212114000
1379.3545494424789,315.9719861596802,121.42810,1214281000
1236.2209752290946,336.4326846972934,121.66520,1216652000
1110.4345313547585,325.5212524502472,121.88920,1218892000
980.4321266591551,352.38993125521114,122.10190,1221019000
918.3715396880791,332.9975926505581,122.32340,1223234000
877.8843330556394,324.273535697579,122.53410,1225341000
914.2689465990842,299.31115663488544,122.75460,1227546000
939.3927996599883,236.31417269371576,122.96840,1229684000
965.8282315452626,207.0464080003399,123.19220,1231922000
868.6097252097097,295.60881843909334,123.44580,1234458000
844.2282395751024,276.2412545846382,123.67490,1236749000
794.7475181696597,263.3142808452126,123.89220,1238922000
823.1600399215104,238.37239578498077,124.11340,1241134000
801.2898492116851,332.66178741770375,124.33740,1243374000
699.4362134875271,350.4027634387485,124.55950,1245595000
649.099723516444,417.8039618336437,124.79050,1247905000
533.3768374219937,412.6060230394832,125.00200,1250020000
510.15101663319797,449.39284052503893,125.21720,1252172000
474.96883972393573,470.69728679243616,125.43040,1254304000
446.15591157508993,488.6662110914702,125.65440,1256544000
395.8569509095232,487.2491069429666,125.86420,1258642000
388.77965177263883,492.911894051745,126.08110,1260811000
510.69669435697483,493.408709498669,126.29550,1262955000
684.8478662276405,518.2037853779609,126.56360,1265636000
802.8014553276553,527.498629447057,126.78640,1267864000
883.9285761890737,585.163790753754,126.99920,1269992000
939.0635443575582,610.7387299697899,127.22070,1272207000
946.6363987449452,594.6697201693243,127.44070,1274407000
1014.5108215838673,644.3909672440492,127.66160,1276616000
1032.9136547230237,605.1408433516995,127.87350,1278735000
1035.4091670015966,603.5239857336065,128.09130,1280913000
1026.0625547578725,584.9174243925949,128.30670,1283067000
1010.1129118229007,605.2180947156097,128.52810,1285281000
989.508523398768,567.4620260222957,128.76550,1287655000
975.334025248169,510.9806036157495,128.97690,1289769000
956.3081136744939,566.2836283203541,129.19830,1291983000
932.8371130027687,526.2554108002164,129.41980,1294198000
908.6807192298736,509.5920958219466,129.64470,1296447000
899.8627096337335,478.68470112648436,129.86760,1298676000
958.4172558349626,473.2973281435711,130.08740,1300874000
877.7818494022887,476.9296689433929,130.30120,1303012000
818.3125063106828,402.82433785240863,130.52040,1305204000
791.902677416593,391.44517504508,130.73920,1307392000
801.8022210009829,403.10775267355956,130.96080,1309608000
787.5284712554482,408.8646064239082,131.17800,1311780000
722.1498655463174,370.3861774633751,131.39500,1313950000
770.3855865203407,341.10851040578785,131.61630,1316163000
775.2757899829542,358.8761062692524,131.83210,1318321000
892.6379532513624,332.8800162794367,132.05020,1320502000
1028.3991993471232,315.95384629172605,132.26960,1322696000
1113.2894897124247,334.99382696447447,132.49470,1324947000
1142.088911823723,312.9542570636533,132.70790,1327079000
1149.7539049885415,369.0252685275476,132.92760,1329276000
1026.5438950462653,334.68168367748075,133.15350,1331535000
953.0099014050465,383.30693750288606,133.37110,1333711000
956.7900909473017,298.8831543684347,133.58980,1335898000
876.407330537614,308.77017299797893,133.81270,1338127000
828.2582492944923,370.46089932005975,134.04910,1340491000
711.2029049351717,366.96074054044396,134.26100,1342610000
763.0609337479793,421.24464342135445,134.47660,1344766000
820.920415385199,454.09071558257375,134.69250,1346925000
848.9225287701317,489.0261879400599,134.91020,1349102000
970.0756457611435,470.90913098100134,135.12780,1351278000
1196.7408543396682,461.50512336297214,135.34730,1353473000
1310.5041670212847,405.6563359565229,135.57110,1355711000
1597.6950693485044,354.90911725255205,135.78620,1357862000
1524.2221935649359,286.8126282761292,136.01630,1360163000
1369.541197090653,432.7654673845898,136.22750,1362275000
1367.1732861781718,396.56804361187557,136.44180,1364418000
1357.2276704245696,372.6163733559224,136.65940,1366594000
1332.5489812406774,401.6802987214021,136.87590,1368759000
1277.1453830200371,329.3944815488005,137.10530,1371053000
1244.5766329293842,257.56109200688394,137.32650,1373265000
1070.3439122762943,231.33305629857887,137.53950,1375395000
970.2537871665673,237.07464526561782,137.75480,1377548000
1075.8828885282394,208.87070615081484,137.97460,1379746000
1146.6681475543019,145.09157141646986,138.19830,1381983000
1342.955635803115,89.74808709305623,138.41730,1384173000
1473.8047983307347,74.54261756243781,138.63300,1386330000
1466.0827335934741,221.69442588435282,138.86550,1388655000
1425.4371735414675,227.35640372663119,139.07990,1390799000
1274.9514995178456,268.3936493413767,139.29260,1392926000
1201.711995920174,318.19062586551763,139.51280,1395128000
1046.0675341925137,413.47567457161693,139.73080,1397308000
891.4466270448462,416.6136759341491,139.94100,1399410000
900.541203596138,509.09996069688225,140.16490,1401649000
850.8716897078563,532.3944497752027,140.38660,1403866000
883.4142851319009,532.0572902270287,140.60640,1406064000
757.195294033105,450.0225340645055,140.82710,1408271000
687.3425789274797,352.4657619497607,141.03710,1410371000
810.9343245026205,278.6221742546689,141.25820,1412582000
844.9555197027355,295.59181944940576,141.48720,1414872000
801.1968655186445,200.62801954894118,141.75710,1417571000
829.5738010856657,199.95971628006802,141.97940,1419794000
1013.9739015653447,125.13613919687461,142.19690,1421969000
1060.0901847390207,156.73947979238307,142.41390,1424139000
1193.1352183317751,153.31838219775258,142.65810,1426581000
1317.6698314760893,152.60318748366012,142.90430,1429043000
1405.0815462136698,131.1438331929053,143.12390,1431239000
1332.544470156786,208.5020245673852,143.34840,1433484000
1198.2877561412101,213.46455679620658,143.58720,1435872000
1072.1238829240333,278.58342052724305,143.79640,1437964000
1030.076340340221,335.05452300487707,144.03680,1440368000
971.5673596842367,360.5531364964601,144.25680,1442568000
859.57346237286,359.9719667748618,144.47120,1444712000
735.838768041513,306.70815415067705,144.68820,1446882000
696.0528770698392,281.2088085803753,144.89550,1448955000
686.2116869943308,277.58879232874176,145.11190,1451119000
621.5935815574911,247.27701049121185,145.32330,1453233000
644.0480112235863,248.7780030600464,145.54030,1455403000
714.7412469078513,199.30995801389292,145.75800,1457580000
809.5972458050975,190.41947482042139,145.97800,1459780000
937.6042006414349,168.37345334675402,146.19600,1461960000
1006.5460256819852,150.55266718397442,146.40760,1464076000
1112.857525417736,158.76467162568355,146.62800,1466280000
1122.6141313377711,144.44449770885473,146.84870,1468487000
1090.8052840042126,182.84537620319614,147.06770,1470677000
1104.4907162099475,170.86911649844652,147.28510,1472851000
1093.8356448615773,167.58487816764676,147.49820,1474982000
1096.6848639486082,263.96643780408436,147.71720,1477172000
1144.0249289404424,259.48638461392557,147.93280,1479328000
1127.6179290471728,246.8653057675147,148.15900,1481590000
1117.9811540594155,233.86620803604137,148.37540,1483754000
1142.981882230517,290.26256979601675,148.59540,1485954000
1123.7663384036853,270.3869343625873,148.80610,1488061000
1061.2274216515643,287.09910178021437,149.02700,1490270000
1103.2141719608376,366.8391158481272,149.25560,1492556000
1069.8396699891248,396.33410246136935,149.47300,1494730000
1056.4472484852388,431.6260034609846,149.69240,1496924000
1088.6809462341116,424.8126076105139,149.91080,1499108000
1083.2149432406377,422.5200331027079,150.13100,1501310000
1033.8452232673233,399.4417487322826,150.35150,1503515000
1032.604404380025,415.31055246677386,150.57200,1505720000
1025.4936303349707,408.9224893080012,150.78880,1507888000
1069.8334964801331,342.9347550864938,151.00050,1510005000
1080.983416390683,311.10236544773954,151.21500,1512150000
1018.8345401885857,248.04665971249432,151.43880,1514388000
1015.132008105171,200.54419259437498,151.66700,1516670000
1056.4583119679567,181.594567495833,151.89470,1518947000
1087.5896774517812,202.3666875292327,152.11200,1521120000
1010.8380067104397,244.57150052673023,152.32890,1523289000
1049.4146397245413,256.66140142604866,152.54730,1525473000
1050.2751966343214,256.06617383762745,152.78160,1527816000
1051.5419687670535,286.523538376441,153.01520,1530152000
1096.5842905829024,291.51433830687716,153.22770,1532277000
1089.5694343247028,284.24135742738457,153.43870,1534387000
1064.5014342610841,285.08095191375634,153.69770,1536977000
988.2062235956337,279.114799296289,153.91820,1539182000
1036.6380868986098,334.11001635761863,154.13310,1541331000
1037.9757272502543,364.36155752835066,154.35380,1543538000
979.1634816344458,338.36346981845395,154.56430,1545643000
999.2374869388509,306.84071898285094,154.78200,1547820000
964.5878975086839,307.1164981631601,154.99790,1549979000
1002.2519480298131,285.5921856727579,155.22860,1552286000
996.4015820298478,260.1936421984917,155.45470,1554547000
1033.3639358933679,286.31048818232904,155.67860,1556786000
997.1071525479013,262.9002357805517,155.92340,1559234000
957.3388508817377,381.09359978599673,156.13710,1561371000
863.4244998681729,356.21123806322106,156.34390,1563439000
770.6897117709815,300.011865755077,156.57840,1565784000
663.9118160329732,287.7272440254274,156.79470,1567947000
603.9805835311865,276.6944660308474,157.00720,1570072000
615.4924000271739,265.59562399947583,157.22770,1572277000
636.1899565031342,242.00795599057903,157.44860,1574486000
654.2985694932964,182.52804585440325,157.67090,1576709000
718.6895651914876,158.7984041140116,157.89820,1578982000
767.1943117089844,217.8865263798374,158.11380,1581138000
701.2843095653925,236.7961109076152,158.34030,1583403000
806.4651416402677,189.11462426418103,158.56220,1585622000
901.4290894251772,178.37050087507149,158.77370,1587737000
978.431876186869,177.29216267426065,158.99380,1589938000
990.0054555537523,206.18594962574235,159.21390,1592139000
1019.5999721664161,185.56810064067756,159.43230,1594323000
1108.2602608530972,261.73902100169875,159.64790,1596479000
1080.3604453438002,282.82858399559245,159.86130,1598613000
1100.470786410271,268.80549294652883,160.06970,1600697000
1093.1240925352624,270.23948505022247,160.28340,1602834000
1097.619187703208,288.3487453542356,160.49450,1604945000
1060.3942453859095,316.25726436870076,160.70770,1607077000
1058.9059964577978,363.7918381329054,160.92210,1609221000
1059.1599877521865,391.0156812300899,161.13290,1611329000
1039.101472727565,389.87349186697253,161.34810,1613481000
1028.0815406071297,431.4281925188051,161.56940,1615694000
1038.0263717741568,442.8553366069281,161.79700,1617970000
1030.432483171312,410.94443524152683,162.00390,1620039000
1018.7660749100571,371.3699494999456,162.22390,1622239000
1082.0585890586815,422.43611306676917,162.43430,1624343000
1041.2517312025855,374.7303019397479,162.65370,1626537000
949.0731941666668,360.01865720603234,162.86700,1628670000
875.8283013801025,435.83674502441613,163.08860,1630886000
888.0443675563313,374.5276949745104,163.31030,1633103000
930.219196146081,402.11148837688836,163.52510,1635251000
970.3213603196517,407.0199033879472,163.74300,1637430000
967.6165036224496,383.54221594631474,163.95630,1639563000
924.8293786484916,336.4399117075998,164.17590,1641759000
913.9582807197004,335.41374378451974,164.40060,1644006000
927.7845063222253,330.90380196900696,164.62270,1646227000
962.9266872135694,309.1936318423518,164.83650,1648365000
1073.9248078175842,291.41405016931475,165.06000,1650600000
1031.761956187669,295.5618324818463,165.28840,1652884000
1042.8488666943235,326.3597388181297,165.51370,1655137000
967.0019103432431,470.917963591901,165.75560,1657556000
970.328110120379,470.47837494707994,165.97260,1659726000
979.5831248824289,454.22637436774494,166.19480,1661948000
998.7327880288026,420.43432911925254,166.47780,1664778000
1067.969274300721,390.09492605751956,166.69040,1666904000
1090.196665881713,352.7365487258247,166.91480,1669148000
1127.5997082255826,373.8735407818365,167.17340,1671734000
1117.8008968729023,377.3154277004385,167.40560,1674056000
1129.7695729419981,364.99661828969147,167.63060,1676306000
1134.530432588677,398.8656080036166,167.87630,1678763000
1135.5423029897588,415.13314230733425,168.09570,1680957000
1133.5084905736485,434.40180130311865,168.36160,1683616000
1142.4169873927435,473.5300356773954,168.58270,1685827000
1093.308899952123,473.2871881317882,168.79700,1687970000
1059.7812943072536,512.840040826938,169.05130,1690513000
1051.9882821704061,490.11248334060014,169.29640,1692964000
1043.8641274756833,473.87845540477235,169.52570,1695257000
1022.9375498069037,381.6131275950699,169.74370,1697437000
952.9571456832907,315.17513510932827,169.95590,1699559000
1020.5501283031628,298.77470294072026,170.20920,1702092000
1042.2934403858171,270.6467530581149,170.43250,1704325000
1096.116434997799,270.4685635224319,170.65870,1706587000
1088.0357846399713,254.7008702057509,170.89580,1708958000
1089.4851987657853,293.40260071132377,171.13780,1711378000
1112.3864490030317,295.16436232224567,171.38180,1713818000
1053.8684184776748,322.4322544163149,171.63500,1716350000
1009.3192429652939,320.9636123258761,171.86670,1718667000
1113.8578537377045,336.6312880031896,172.08150,1720815000
1109.2409690756137,322.110597206598,172.30310,1723031000
1162.4993707602612,348.11589773843696,172.52920,1725292000
1167.5493760917216,338.4314627546463,172.75710,1727571000
1081.0956018958932,320.978736996239,172.97590,1729759000
1122.1920536243372,360.73459391239186,173.19620,1731962000
1073.4251963998543,335.3209956130481,173.41840,1734184000
1086.2401715019025,309.2909960922722,173.63940,1736394000
1160.6700816332457,292.6652310016347,173.85870,1738587000
1127.7989717846363,264.8441107624851,174.08040,1740804000
1166.5305965623909,253.63112085586988,174.29230,1742923000
1212.415475769264,304.27986622974623,174.51930,1745193000
1114.861789484417,296.5772180171115,174.73780,1747378000
1122.7112919348974,311.01313091604504,174.96970,1749697000
1123.647470260607,290.47622616485165,175.20920,1752092000
1125.335943484413,274.22613536753556,175.42410,1754241000
1084.9703840429934,279.2570421664466,175.64530,1756453000
1031.8478707595607,377.46748241189516,175.86420,1758642000
992.8996200363341,351.36512383420956,176.07960,1760796000
990.3471775417074,320.9946927893701,176.29320,1762932000
923.63509407921,344.7028383377374,176.51650,1765165000
943.988554164848,396.16141529629783,176.73920,1767392000
943.6977488164314,444.1278228107851,176.99500,1769950000
954.1772299914852,459.01502483050933,177.21810,1772181000
946.8442250557567,478.4044302517109,177.45900,1774590000
889.6701368628572,518.1458921456497,177.68030,1776803000
860.2213630724036,556.8215959705309,177.89880,1778988000
863.5185471924829,592.8994671508157,178.11640,1781164000
844.6120068526103,625.4149363057791,178.33580,1783358000
820.3272478993691,635.8411450100917,178.55930,1785593000
863.7648143712773,607.7368994619159,178.77710,1787771000
867.548883098968,587.1923262123729,178.99490,1789949000
888.41883064443,540.7154123558744,179.20570,1792057000
866.5558476308111,541.6475680741993,179.43190,1794319000
913.3830139550452,539.3518312398195,179.67880,1796788000
836.2500019244585,551.863720942488,179.88890,1798889000
861.4581556129741,571.0115564141197,180.10130,1801013000
794.4241216392296,595.6075414404199,180.32160,1803216000
866.6721884076319,619.0625740532043,180.54490,1805449000
877.5316998116435,631.2756661837192,180.75770,1807577000
880.2926527885163,648.3313033751233,180.97370,1809737000
916.0185450511831,682.0379605255893,181.19460,1811946000
925.8230532750097,714.6129801035323,181.40570,1814057000
905.9438968023443,738.0023590124068,181.62310,1816231000
986.9286112959331,664.0381715615024,181.83750,1818375000
1119.0391572346346,604.844558690095,182.04780,1820478000
1176.2977364611988,582.2821124378684,182.26500,1822650000
1120.5680730427866,495.62276651583966,182.47960,1824796000
1162.0497011620332,517.3044497124704,182.70070,1827007000
1172.3042405461292,529.8229670418949,182.92180,1829218000
1161.4477478856973,545.6294714705475,183.13740,1831374000
1169.279265904855,530.8142788172859,183.35760,1833576000
1157.4515025007754,497.91539376522326,183.57070,1835707000
1112.0694699136184,488.79626838361304,183.79840,1837984000
1110.8772907970804,451.64810494326105,184.01120,1840112000
1150.054368084779,418.9085132734376,184.23160,1842316000
1168.139430203062,379.6337461122629,184.44880,1844488000
1197.7754925365514,348.45720510590854,184.66300,1846630000
1180.0071406942932,320.0852815007988,184.87840,1848784000
1126.0536107269393,369.91321779600315,185.10150,1851015000
1085.564637694062,427.43062447039176,185.31980,1853198000
1123.5271653042312,471.66517960775127,185.53550,1855355000
1046.9426736718542,599.2205152083422,185.75130,1857513000
1077.151921691473,572.2668533967926,185.96500,1859650000
965.7116516481825,526.0131564897772,186.17750,1861775000
907.7175846200423,504.51878578945417,186.39740,1863974000
868.4211342963985,593.3297717918772,186.60580,1866058000
855.8427820079405,655.7294208778793,186.82090,1868209000
814.0997123904227,676.6794756235989,187.03050,1870305000
715.3569334731552,714.9928120031981,187.24790,1872479000
657.9295091690167,699.5219127975265,187.45610,1874561000
639.948230854114,692.7613403813144,187.66420,1876642000
641.4096587090844,706.3876225353484,187.88710,1878871000
612.9264746157003,713.9577455696859,188.10180,1881018000
653.5809636213722,696.508828078517,188.32130,1883213000
668.1415078667446,722.5581800502646,188.54320,1885432000
765.0309962689333,665.9768772772194,188.76320,1887632000
754.6412049561101,543.3123226776523,188.98070,1889807000
793.7950542040074,494.3939517491192,189.19400,1891940000
875.2663868021933,449.80267009162145,189.41230,1894123000
881.0711256021698,431.66697839340867,189.63430,1896343000
913.6606170568436,403.15806029030256,189.85280,1898528000
917.9131276959922,464.1122833407534,190.07260,1900726000
956.4138200998657,496.49285543172516,190.28860,1902886000
926.3757259417537,495.2742893250131,190.50260,1905026000
960.704652041956,473.9012658708967,190.72570,1907257000
983.0611350227518,492.3815291068322,190.94290,1909429000
1018.4157024487363,472.52314757862865,191.16120,1911612000
1085.1145531997793,439.26787303340353,191.37810,1913781000
1091.7669247766885,347.7927513987106,191.59520,1915952000
1063.8459748303583,405.6790525699589,191.83420,1918342000
1034.0895149908831,426.76281757712553,192.05820,1920582000
962.2892798900888,393.48023913022627,192.27550,1922755000
926.1837712002107,407.6743975412179,192.51290,1925129000
958.165382821493,394.3875299022919,192.73250,1927325000
925.0442063773147,415.9625168498479,192.97990,1929799000
922.7910655248828,377.26099150614345,193.20500,1932050000
957.2459421632916,362.4727755922936,193.44030,1934403000
1028.5839226228388,351.60807017334264,193.66490,1936649000
1021.1847624983221,334.50561330611555,193.91490,1939149000
930.4645269800363,333.8515807172484,194.14220,1941422000
812.6693007764093,334.22261273914114,194.35780,1943578000
837.3704395591558,321.1628558173116,194.57280,1945728000
831.9700743469272,412.99354690736453,194.79150,1947915000
863.7608365399005,427.8832017692475,195.02360,1950236000
897.928805821776,448.69073343987,195.23400,1952340000
900.0906549640498,455.2841062290835,195.45850,1954585000
870.4105295261576,496.9490162022749,195.68080,1956808000
892.382675848409,539.4312838106483,195.89630,1958963000
873.9521145149257,533.1190582370937,196.11280,1961128000
912.3208368255156,555.5166785474181,196.33200,1963320000
903.2131315642143,546.4693310659783,196.54940,1965494000
892.5555447040064,584.6311997152427,196.79070,1967907000
894.1278327713924,640.053502334775,197.00950,1970095000
905.2448566358152,660.2417531447809,197.25700,1972570000
855.8620017845795,612.6475606253671,197.47670,1974767000
904.2992139675029,571.0645103146193,197.73320,1977332000
896.2006688756994,534.9803857451078,197.95740,1979574000
911.61251815217,548.6971412262443,198.16690,1981669000
918.389197643728,529.5135437164212,198.38290,1983829000
1001.0617189230126,523.9606699904896,198.60570,1986057000
1017.8415865707449,488.4398080809307,198.83290,1988329000
995.3231854318907,446.0684017649743,199.04430,1990443000
1016.0593849283305,426.42107094630575,199.26880,1992688000
979.7259057758266,436.87470523948707,199.49250,1994925000
999.907524346083,410.7299367705992,199.71500,1997150000
940.4318425519465,347.5568269532257,199.93450,1999345000
969.7453677789716,368.8525674673765,200.15120,2001512000
1020.1688588605809,418.3088529467154,200.36900,2003690000
983.8164955202278,437.3405781533144,200.59090,2005909000
970.7570285660272,438.06781339557716,200.81340,2008134000
943.9791086097995,437.4915582627282,201.03300,2010330000
940.6057703699273,426.6172173444939,201.27580,2012758000
933.4991389092484,448.8619602937548,201.49250,2014925000
904.8837243441801,416.2029928944089,201.71840,2017184000
894.1535906889619,415.49845497480146,201.93340,2019334000
904.0074221967398,438.6089116478037,202.14310,2021431000
909.6787099586471,412.2935287507911,202.36170,2023617000
915.9318489235085,425.6983413017154,202.57900,2025790000
799.7359133780674,412.34373873372556,202.79940,2027994000
682.657142086002,345.0741402363357,203.01970,2030197000
609.6759867521108,344.20404610245316,203.23330,2032333000
584.9897337953258,369.2020492856393,203.46100,2034610000
601.7480561257454,419.6570951208098,203.67620,2036762000
594.5845959567679,444.5601535946102,203.89080,2038908000
612.4857515447048,434.7584886277494,204.11010,2041101000
750.5073222791891,490.3550552864149,204.32520,2043252000
822.9109256417679,524.6100428099389,204.54360,2045436000
883.7159790777272,555.5526615811995,204.76380,2047638000
943.1924734304309,563.9313308535,204.97830,2049783000
991.3355255300401,531.1390017423471,205.21620,2052162000
1012.4528381378522,506.42719726068634,205.44000,2054400000
1024.9009677010522,512.4453994045472,205.65850,2056585000
1039.0371423333038,515.8396267076515,205.87500,2058750000
979.5125389496585,610.4002966882883,206.09970,2060997000
914.3760138727637,582.510886104587,206.32080,2063208000
886.2003055392582,598.4420739076232,206.54220,2065422000
879.4942724580887,614.9682496571203,206.81880,2068188000
940.9866092592329,700.7468928666342,207.03560,2070356000
950.0487726170281,709.998214511985,207.25700,2072570000
941.1682138485705,654.7841500698238,207.47750,2074775000
891.0644359442326,588.1948930468368,207.70830,2077083000
856.1608539892687,523.1765917334448,207.92450,2079245000
890.8388828559587,507.11082370718367,208.14570,2081457000
957.1785542598969,505.1993257929117,208.36620,2083662000
923.0180732472816,549.6848056703188,208.59670,2085967000
889.67877645691,534.5055288805728,208.81740,2088174000
877.6430613350016,529.9657576205925,209.02740,2090274000
920.4273772718192,509.3019424544986,209.24550,2092455000
943.9994075269764,463.42138771239405,209.46320,2094632000
959.0689563645075,453.1773597541388,209.69180,2096918000
1003.4541244450688,453.4749355418874,209.92360,2099236000
989.1072610905475,446.2039022871776,210.18150,2101815000
990.155654533947,414.22668389831745,210.40610,2104061000
977.2665919671923,438.1422564843675,210.62530,2106253000
978.5675994502964,433.5199726091016,210.83580,2108358000
993.0600391300038,438.29534742996793,211.05690,2110569000
926.6898319698948,421.69513605727116,211.27380,2112738000
947.3899634943224,436.97336784569563,211.49490,2114949000
954.5972170999846,439.7583215657402,211.71080,2117108000
916.391806103809,451.95950866440046,211.92510,2119251000
885.7615604064349,461.5866179444806,212.14920,2121492000
910.111209171388,429.2525722927291,212.38260,2123826000
892.1058742774535,426.50967892285456,212.60950,2126095000
907.9247473149239,453.6746425921496,212.83880,2128388000
926.2909035444037,444.47499777022847,213.06740,2130674000
993.2929085358923,421.63617863861344,213.29390,2132939000
1009.6701917435397,357.2754568783514,213.51460,2135146000
1059.8748264179071,350.90700958882195,213.75200,2137520000
1070.6822037173954,327.85603954694034,213.97060,2139706000
1088.6909858614906,324.01014796595996,214.19900,2141990000
1118.9472999173954,330.1319505025289,214.41650,2144165000
1098.8624772797132,322.57398634511003,214.63680,2146368000
1091.759226848151,313.5450215580866,214.85190,2148519000
1051.5893585317099,303.4947640781103,215.06820,2150682000
1042.7953657230441,333.9263852131775,215.31840,2153184000
1059.4230332552722,302.20836209358214,215.58190,2155819000
1023.7771373392793,299.4299737843827,215.79720,2157972000
1012.517281212588,300.79557849043215,216.02100,2160210000
1040.1757910976894,350.35764984005493,216.23990,2162399000
1028.56056500005,390.4993641116383,216.46840,2164684000
1027.7760291454465,435.04704790241925,216.68730,2166873000
1042.4254714140138,507.57094940058766,216.90640,2169064000
1020.4595086222544,521.6060626705015,217.13070,2171307000
1019.9690979556368,521.0469918929758,217.37900,2173790000
983.9499074194307,527.0738200433578,217.61480,2176148000
927.9058923498786,618.3746268063958,217.83350,2178335000
886.8224014962473,643.6537933169645,218.04570,2180457000
814.5288500713042,602.1176635279893,218.26510,2182651000
883.658541651316,529.4729575891114,218.48770,2184877000
894.6347433862031,492.7927931594962,218.70590,2187059000
877.8475427607133,464.38317023800454,218.92810,2189281000
919.5110297345889,429.2860791177246,219.16110,2191611000
962.8411690187337,420.0840372937329,219.38160,2193816000
1015.8753297341127,365.5893075915506,219.60370,2196037000
1002.320838123978,430.12242859214285,219.82740,2198274000
905.433413402472,470.9506401489264,220.04390,2200439000
899.3646745039437,495.21516350637114,220.25750,2202575000
816.0266087534453,609.5771838528985,220.49550,2204955000
792.081604766477,632.6466705649812,220.71390,2207139000
783.7911472656705,629.6582286248295,220.96930,2209693000
702.784665043963,595.861615471858,221.18720,2211872000
704.505868760985,573.726839459536,221.39830,2213983000
692.5573320770163,510.8267482160722,221.61140,2216114000
671.6341695640612,515.1119229503082,221.82940,2218294000
616.98231626105,519.3015828107087,222.04810,2220481000
606.4104600588253,570.8888915196253,222.26560,2222656000
647.4835287332908,439.6463700813082,222.48460,2224846000
741.3512313793844,384.48580213341046,222.70650,2227065000
821.1551360970816,318.588012590544,222.92650,2229265000
899.738292799863,241.6266686198735,223.13970,2231397000
1049.2537014083664,204.43965816479445,223.37950,2233795000
1103.2923057245885,190.11792997970812,223.61040,2236104000
1118.0098848326602,128.78742783961735,223.83530,2238353000
1151.4568181214536,294.3594789149683,224.05620,2240562000
1139.300049595648,251.55541619326823,224.27230,2242723000
1120.4183252863193,204.33410699433895,224.49040,2244904000
1151.125058773501,193.500027243244,224.70400,2247040000
1169.34820724446,184.10128199361148,224.92660,2249266000
1030.7967855492495,221.61977267887806,225.14470,2251447000
1042.2740935718127,141.87191795256297,225.37730,2253773000
1014.1734511325436,102.88117657359699,225.59940,2255994000
1083.607033431324,82.49247577312235,225.82080,2258208000
1091.9717431555184,99.20831974870501,226.03180,2260318000
1100.0596586590589,153.20856992563722,226.25120,2262512000
1071.5201294407898,227.7932022836676,226.46680,2264668000
1064.4460691531879,264.52355673543394,226.68860,2266886000
1038.0223967936997,250.1938249579915,226.90300,2269030000
1036.6616932092588,309.47360814680064,227.11960,2271196000
1059.162350708181,312.6804056688386,227.34000,2273400000
1040.1473617648032,362.6162492159027,227.55940,2275594000
1009.2271143729585,364.2813943514626,227.77720,2277772000
1006.2121469462645,342.0959756551523,228.00330,2280033000
1031.5937520330997,347.30415853767556,228.22650,2282265000
1024.261057417493,374.35977598583844,228.43530,2284353000
1010.0498910020774,355.43266594224076,228.65940,2286594000
1033.8034527100322,291.8905509790038,228.88090,2288809000
1023.5555408085237,247.22447413326265,229.09850,2290985000
1026.8578132494667,179.7658880810268,229.31320,2293132000
1046.305427912014,159.32894799994332,229.52620,2295262000
1020.7721184247682,159.17019338478624,229.76050,2297605000
1096.6852503389334,114.25813747344587,229.98540,2299854000
1100.9632533064387,241.94308439710147,230.20140,2302014000
1024.70925111411,277.8850591158788,230.41870,2304187000
1016.1909414804568,295.626912924673,230.63700,2306370000
1005.1916756235127,280.0525893690822,230.86170,2308617000
1029.327746662282,248.02030059466023,231.08460,2310846000
1088.936761892176,283.02376221003374,231.32970,2313297000
1037.6509961114864,267.8113252192141,231.55150,2315515000
1063.0244810600477,305.8888794123893,231.79730,2317973000
1100.9159844398566,340.66479080170143,232.01550,2320155000
1043.267220013096,388.5100033418946,232.23550,2322355000
1028.395631363936,366.6508795650669,232.45040,2324504000
1065.4005203457843,392.2309017397062,232.66600,2326660000
1019.0059911017423,440.9982245321077,232.91890,2329189000
957.5612153455065,389.622711737872,233.15640,2331564000
918.9605555887416,393.0656722973263,233.36710,2333671000
983.4421945049933,374.1515674963281,233.59410,2335941000
942.8227973426287,324.7948360117647,233.81930,2338193000
1014.5761233315832,286.12301381369673,234.08610,2340861000
1097.6599032261906,321.550114617148,234.30010,2343001000
1362.7728033606747,306.95412990404867,234.52330,2345233000
1319.3056481654944,306.3881851634893,234.74830,2347483000
1259.489685579551,355.37342421252015,234.96220,2349622000
1175.6206802620773,388.04596591728836,235.17790,2351779000
1126.088763842324,412.758446305414,235.41570,2354157000
1042.1244015913408,455.34419515140286,235.63320,2356332000
960.7285572388953,440.60945171020785,235.85840,2358584000
886.573437313605,423.45920833529794,236.08010,2360801000
835.1539908477143,439.57903792619925,236.29430,2362943000
802.59650891936,439.96416051065256,236.51750,2365175000
745.8364391776846,479.1603963416733,236.74210,2367421000
756.9275772082674,452.28630407542335,236.95040,2369504000
815.3433541227722,450.09952314094477,237.16080,2371608000
896.6709723352394,452.0189211081485,237.37620,2373762000
937.8676371099855,416.73816867685855,237.59390,2375939000
913.7106424684513,382.0751520726358,237.81290,2378129000
909.427840168347,429.48134413885816,238.02720,2380272000
923.5708037304815,427.6017535365331,238.24600,2382460000
945.5997587002631,417.4583062292048,238.46310,2384631000
938.7506455571719,399.03899357003496,238.68800,2386880000
976.1044298611604,313.05287781687275,238.91460,2389146000
1000.9788659320834,280.90256006927297,239.13340,2391334000
1093.4431061244013,222.37002989010193,239.34970,2393497000
1093.3736976524185,247.42374269095944,239.56320,2395632000
1103.294352726104,307.30862156454566,239.78270,2397827000
1091.2158940701706,324.7751562793434,239.99870,2399987000
1060.0769996969807,382.3536355394348,240.22710,2402271000
1026.8566069808967,393.8180648727496,240.44240,2404424000
1023.2454615102088,512.1664176567408,240.66040,2406604000
994.9683811858096,506.1613672025818,240.88730,2408873000
943.1797495078843,487.3206309057028,241.12080,2411208000
894.9165166011144,507.0286174302739,241.34440,2413444000
833.9666560589578,516.1917918958412,241.55680,2415568000
780.6533406374351,527.5495169000988,241.77030,2417703000
788.7530084784295,514.9590229435959,241.99070,2419907000
729.427649329122,568.6876242893,242.20870,2422087000
770.25540011696,524.5556649303969,242.42490,2424249000
838.9995321923069,500.9181182528524,242.63980,2426398000
933.708204255732,435.26707126444495,242.85670,2428567000
1061.0635696268553,485.4394112260747,243.06620,2430662000
1067.6601621484915,463.53114703478485,243.27870,2432787000
1026.6795007910953,448.2017197754148,243.50290,2435029000
1029.1096275531695,459.00499818225353,243.73610,2437361000
942.0955811273623,422.6209485582752,243.95460,2439546000
896.2501363606876,422.29043349601056,244.20180,2442018000
866.6792793645847,406.6005370053976,244.42750,2444275000
889.6330090849266,405.47879969638063,244.64290,2446429000
910.4777443764043,406.6933384167714,244.88520,2448852000
981.8080641015068,384.3952519379637,245.09810,2450981000
1012.3604070925957,406.8840635297078,245.31170,2453117000
986.8461654594452,389.47312986046217,245.53040,2455304000
944.7086167283082,396.5162188863944,245.74970,2457497000
886.4580762337938,417.7789643568914,245.97230,2459723000
905.626465552112,442.27948339783933,246.18980,2461898000
903.1118676216815,471.2047061989832,246.40300,2464030000
900.7828594779105,457.41494482718525,246.62770,2466277000
889.4038478497282,499.80244353846757,246.84730,2468473000
916.6139642172964,490.58937659900374,247.06000,2470600000
919.1641896050592,424.044238319416,247.27950,2472795000
972.1720777188938,406.7144007670978,247.49140,2474914000
988.7163836131646,376.72190846128495,247.71130,2477113000
1040.6285610331881,375.18885977423366,247.93200,2479320000
1072.7321489239446,359.25754288867887,248.16090,2481609000
1100.0992092160004,355.55206697902406,248.38530,2483853000
1062.7033925272326,329.91291629378566,248.60220,2486022000
1070.3403584292805,302.2803770430474,248.81730,2488173000
1094.1909178290841,346.7860084370357,249.03800,2490380000
1054.4091994358532,316.00898351176016,249.26250,2492625000
1063.95232681186,355.8251504109252,249.48220,2494822000
1060.0385562633203,386.99288830428685,249.69720,2496972000
1047.218430838043,404.751046354884,249.92490,2499249000
1031.9563545325448,433.0663972901558,250.14370,2501437000
1057.82497604515,426.1444997060641,250.36070,2503607000
1045.6559933823692,459.812622960831,250.58000,2505800000
1042.3097003559424,459.68373061085833,250.80300,2508030000
1032.5860926911453,466.74772328648885,251.02400,2510240000
997.8797118357668,487.9621214355725,251.24070,2512407000
1026.3776971439436,521.2398556912456,251.45880,2514588000
978.3040475698497,511.9549712479063,251.67110,2516711000
1011.8992172409328,534.6785305658717,251.88480,2518848000
997.6740425226816,543.3928523763287,252.11340,2521134000
983.4421891456197,539.207171336185,252.33070,2523307000
950.0450027946242,609.179052598925,252.55080,2525508000
927.7521885601054,575.2181927258072,252.76900,2527690000
926.6275111347967,464.7065768111304,252.99150,2529915000
900.2652204331234,402.02991142432813,253.20680,2532068000
942.8302524276265,411.38049108343347,253.42420,2534242000
1001.6046142736596,394.9496453264774,253.64880,2536488000
998.3730037605708,395.1701795534853,253.86780,2538678000
940.0586542331571,396.5309532912676,254.09080,2540908000
1018.0131719001606,394.975800181499,254.30930,2543093000
959.772977043697,351.73779060683455,254.53190,2545319000
992.6816403787893,372.3962931401953,254.75200,2547520000
1028.0197931751547,374.4247854095869,254.97310,2549731000
1055.137226812096,385.1684164137604,255.19440,2551944000
1078.1168802334241,387.9688952048047,255.40990,2554099000
1104.5782020581898,430.8348268188425,255.63260,2556326000
1094.2691354400654,411.3296583364882,255.85870,2558587000
1142.7616821970157,429.1102668070633,256.08130,2560813000
1064.2109326712482,425.06884762815497,256.30200,2563020000
998.9913644038296,444.0599826222217,256.52300,2565230000
999.0592415484709,392.9786815646039,256.74020,2567402000
997.6630322473277,395.37071500907626,256.95710,2569571000
1039.3780610363108,406.9958218634748,257.17390,2571739000
1059.8070813463335,428.45769725921394,257.39220,2573922000
1069.447061076694,435.52694946109864,257.61420,2576142000
1060.6916499931185,412.1887024164948,257.83020,2578302000
988.3095777228926,503.73591540978117,258.04940,2580494000
1027.2219744960562,431.1452016988419,258.26860,2582686000
1109.4096937083018,384.96861558046083,258.49030,2584903000
1212.9249090776743,371.59787035968736,258.70940,2587094000
1125.0835306169797,440.8160775417494,258.93500,2589350000
1004.663107694481,456.8174361969292,259.17480,2591748000
895.8901207614267,429.941434580418,259.39280,2593928000
812.0194530147935,416.4012607029003,259.62090,2596209000
798.3397956075931,445.6330021049244,259.83880,2598388000
758.4126404775695,428.23734286731894,260.06120,2600612000
721.7261240841561,394.2421477277784,260.27070,2602707000
799.6920897291939,373.96697808134644,260.48350,2604835000
877.5611382866009,367.5027673230543,260.70010,2607001000
956.6021468492969,391.35756857764187,260.95700,2609570000
1083.9831738792843,366.90208879656063,261.16870,2611687000
1171.776732363049,343.7766093209202,261.38770,2613877000
1193.8329626779619,298.33613193798266,261.59880,2615988000
1204.2708943320088,360.8946815069296,261.83040,2618304000
1192.520652362876,403.0820906841662,262.03940,2620394000
1189.7999186655231,440.003654588148,262.26480,2622648000
1109.893676193972,431.3872882310972,262.47900,2624790000
1087.5849557936751,465.9521793463674,262.69120,2626912000
1036.3711724330165,454.035845832084,262.90090,2629009000
990.1033274632641,444.5324683236334,263.10980,2631098000
1021.1608522244969,486.14571556658404,263.32770,2633277000
985.3984209000278,464.1891175748173,263.55360,2635536000
956.2140661066805,486.5029799822794,263.77860,2637786000
937.0479654542379,509.57025190568464,263.99260,2639926000
893.4721972529924,508.91407981402176,264.21280,2642128000
912.4718215248467,534.1622446198527,264.43330,2644333000
941.7133108928332,534.7674188077381,264.66180,2646618000
865.1707516875306,517.5456565845907,264.87850,2648785000
718.1413270188577,509.95068508816695,265.09540,2650954000
694.5380733307545,501.30868396112845,265.32070,2653207000
705.2932519960647,476.0330859041508,265.53610,2655361000
786.3834613287418,458.0235123313847,265.76360,2657636000
768.9316142748635,448.4789811389233,265.98100,2659810000
784.9514117349431,475.1844559851575,266.20160,2662016000
720.1244216161643,480.9640445593042,266.41770,2664177000
787.6209195864095,421.5610775755129,266.63480,2666348000
849.4771682205513,390.91602522809694,266.85380,2668538000
860.3589143395445,382.5881533931151,267.06970,2670697000
844.3309734609579,408.25973588212145,267.28790,2672879000
918.9353176438274,382.9441893550422,267.50360,2675036000
856.0921539690416,262.6207212078689,267.71660,2677166000
881.4426620629043,297.41740163625127,267.92870,2679287000
860.5789296266282,354.9933532783512,268.14300,2681430000
908.9205950637836,379.08767019517285,268.36550,2683655000
911.3312821726965,309.3428724657161,268.58710,2685871000
986.7148135493566,335.2107909478732,268.81050,2688105000
988.9278375052576,311.61249266726037,269.02690,2690269000
994.0155472763007,324.6386360067063,269.24820,2692482000
897.126002125812,289.0135954599399,269.46380,2694638000
944.3097658947798,399.58895171947813,269.68050,2696805000
938.9181725232738,397.5752612757753,269.91340,2699134000
955.7766027286928,425.01498538941394,270.18670,2701867000
886.2469142162552,436.5786314555268,270.41940,2704194000
849.8362365998639,462.30321822311174,270.64530,2706453000
911.6809393895969,533.2783250700195,270.86390,2708639000
930.1040050468537,528.0828432303174,271.09010,2710901000
853.0712758476949,477.3013346466365,271.31150,2713115000
908.6811847163348,476.6826600977744,271.56040,2715604000
848.6076447287477,447.6235504563706,271.80540,2718054000
769.1891129906188,406.5576190994527,272.05730,2720573000
839.7670285786685,444.60221840309555,272.32320,2723232000
816.0630058223492,434.9187829902232,272.58530,2725853000
712.5249678159013,382.35220920214635,272.83220,2728322000
814.9330087482494,383.021960934797,273.04500,2730450000
950.8569322349972,378.5263066621386,273.28090,2732809000
1081.4838226490194,339.90869295153533,273.53800,2735380000
1281.143019159015,324.3237230272049,273.80670,2738067000
1534.9496386130354,336.9712428144521,274.02010,2740201000
1486.2488120273952,311.3954300486228,274.24480,2742448000
1368.4281970191794,291.1188686573372,274.46530,2744653000
1353.572449779309,302.85704828388793,274.69440,2746944000
1164.0009017032032,313.4385832782744,274.95990,2749599000
1116.044055911423,285.4627611161302,275.17960,2751796000
1017.9048962436407,339.280927032973,275.42030,2754203000
916.8849620358937,336.32901378430927,275.64580,2756458000
869.1053920343941,339.01448425745775,275.87300,2758730000
830.7504001202645,403.8662107700088,276.14840,2761484000
844.08224999962,445.6150302255326,276.36210,2763621000
761.1006839014194,417.95052649771367,276.57570,2765757000
718.1499042872216,347.23212248015716,276.82350,2768235000
735.0049802440159,301.6170412083359,277.04200,2770420000
738.9349123411273,445.4010668537894,277.25980,2772598000
752.9323566918725,427.66738635896286,277.47110,2774711000
869.40059608348,433.3472841255261,277.68920,2776892000
857.1824869424931,323.8822173571872,277.90570,2779057000
969.8824110482726,281.2118676042649,278.12290,2781229000
1045.8422412390305,305.1653664764285,278.36010,2783601000
1031.3370759528707,309.36567267828553,278.57900,2785790000
996.2451685251293,222.05259951330999,278.80730,2788073000
1043.7893460835026,210.62200407108418,279.03000,2790300000
1000.7587884844282,216.37842658570474,279.24500,2792450000
967.2748089945134,150.77044271876375,279.45880,2794588000
898.6871555383577,79.5838606699746,279.67960,2796796000
892.0375584259273,183.2831102818518,279.89020,2798902000
929.2805137987617,291.22117227741927,280.13250,2801325000
946.7370733714168,406.78903063815346,280.35500,2803550000
962.0371322685551,463.78145299211826,280.57310,2805731000
1000.5658120407319,446.92011573642776,280.78730,2807873000
896.068481463781,426.40405537725894,281.00600,2810060000
812.2948532522718,407.4928588926549,281.22350,2812235000
759.045283626418,460.8172261376447,281.44290,2814429000
743.4864922998773,432.1884756325993,281.66670,2816667000
732.26548547564,353.06372301030837,281.88540,2818854000
649.980735774709,308.7367398368829,282.09920,2820992000
587.6900881792803,292.3623936862191,282.31970,2823197000
573.7822720914747,249.93116303890096,282.53970,2825397000
611.48116029295,234.14707460630902,282.76030,2827603000
580.6630467969634,201.77224744310018,282.97200,2829720000
611.5945679459488,242.71764545074697,283.18850,2831885000
588.9107032005504,248.65313860166248,283.39830,2833983000
673.3687309445382,278.53060746306414,283.61710,2836171000
770.7801958599388,269.87956246099736,283.83870,2838387000
785.6347478489901,267.8997289081067,284.05470,2840547000
755.6041598138862,254.96571347690124,284.27140,2842714000
769.5859563125192,270.92533174349694,284.49490,2844949000
697.4091425599019,269.75018284791514,284.70820,2847082000
654.7394303469792,285.6033624378059,284.94060,2849406000
685.6284260095058,277.20080626420383,285.16330,2851633000
624.5023301369212,254.6995972411656,285.37970,2853797000
639.1508477180514,302.30317362459897,285.60790,2856079000
631.7717665439053,307.80973603228426,285.82880,2858288000
761.4631490306663,307.29044973285215,286.04750,2860475000
851.933455274512,326.7553608673694,286.26590,2862659000
929.2396940531169,325.6054027817953,286.48140,2864814000
900.8661671302787,308.4978991559836,286.69690,2866969000
1003.1851755863086,337.0992047115274,286.91920,2869192000
1005.111635770498,321.7022927110095,287.13440,2871344000
1097.5489167478681,336.23542094549856,287.34790,2873479000
1081.665806785041,318.72795575459827,287.56890,2875689000
1106.3919634236963,293.67229881625923,287.79100,2877910000
1191.4431227746084,286.9111787343938,288.00600,2880060000
1143.3680102103558,281.4871771312693,288.26440,2882644000
1113.3704615413399,286.42573148151126,288.47730,2884773000
1048.1231646631106,220.37955087968515,288.69670,2886967000
1082.8807274316578,230.4650744442033,288.91160,2889116000
1123.1691077777218,270.7496810080426,289.12910,2891291000
1134.670681406735,248.39023014143893,289.34810,2893481000
995.0221610801769,243.4005131565444,289.56430,2895643000
976.0890471991621,215.0589434496339,289.78220,2897822000
966.0500389209551,177.08239318729804,290.00730,2900073000
996.4440307610809,111.95013930887998,290.22610,2902261000
969.5869534078391,73.70456127533198,290.44840,2904484000
923.7231781687899,84.3282363003828,290.66360,2906636000
857.6286487868161,55.65732371332584,290.88360,2908836000
851.6629232471512,93.77374230926492,291.09850,2910985000
779.3965714818875,71.58863269805803,291.31770,2913177000
759.3821318449801,100.28357542271321,291.54610,2915461000
838.5977717042632,138.13356107461271,291.77860,2917786000
796.5869516660866,158.20147108549588,292.02660,2920266000
866.7114342550951,146.96209825112132,292.23840,2922384000
883.7741313403652,124.73976202067871,292.46430,2924643000
833.0886030580623,76.4147554686532,292.69840,2926984000
795.4147405921568,83.24276857197445,292.92340,2929234000
785.8995230435185,81.98369785630462,293.14330,2931433000
753.7290052695147,106.8146770941591,293.35360,2933536000
761.9369071186919,116.03930032154999,293.57990,2935799000
832.3030560814517,198.10562237192687,293.80460,2938046000
858.0230880940944,259.20713924777345,294.01780,2940178000
886.2884481103113,256.3461220215562,294.24390,2942439000
1032.5100856193728,322.3498053719974,294.46640,2944664000
1045.933660445324,314.3224739360426,294.69310,2946931000
1035.4804851649023,345.64566097549675,294.91380,2949138000
1048.9701137261663,409.3912837825514,295.13030,2951303000
1162.4872580721733,470.39353245101825,295.34580,2953458000
1170.891552701553,432.0245314299639,295.56380,2955638000
1084.9585705668865,365.4098213061831,295.78600,2957860000
984.439624215517,324.14241939622536,296.01660,2960166000
967.7114037019425,340.2050528094799,296.23150,2962315000
985.1311233228944,293.0392355567767,296.45140,2964514000
971.066783204912,276.4055908328338,296.67480,2966748000
955.2249187428578,286.31718642216515,296.89600,2968960000
899.8524252308725,308.269810055698,297.12220,2971222000
842.73842013764,294.3818520518984,297.35980,2973598000
782.3600890134064,289.89624987971763,297.56850,2975685000
740.3581495996635,286.04960118835595,297.78590,2977859000
784.5387488664273,307.3897836642826,297.99680,2979968000
788.3957841926101,290.22949079472835,298.21720,2982172000
787.3638386604006,290.9719699959282,298.43560,2984356000
788.8788034590907,309.0726124699375,298.65440,2986544000
773.4886367954932,312.83509855276174,298.86810,2988681000
825.1517806372964,339.93601144960974,299.08330,2990833000
827.9026975791567,320.8841627601162,299.29590,2992959000
803.7169838278131,257.19991471685137,299.51520,2995152000
798.1751412565293,215.40631383625697,299.73440,2997344000
813.063935529949,142.03442600516198,299.96370,2999637000
825.7097805145647,75.89235567499071,300.17570,3001757000
772.7814507885332,87.32104509405076,300.39490,3003949000
796.8256898301897,45.82490834170214,300.61480,3006148000
792.9854437817739,29.32282558513614,300.83010,3008301000
819.8687847340896,25.224058692830468,301.05160,3010516000
878.3835093570242,22.354451159242068,301.26730,3012673000
866.443419700853,-11.479935732964508,301.49630,3014963000
888.6545177407492,-23.78885520065202,301.71480,3017148000
940.0095660935607,-37.429630639152855,301.92950,3019295000
1069.7945272219665,19.62942499723954,302.15230,3021523000
1113.7349473452778,83.03578264302323,302.37070,3023707000
1106.5848058601352,163.12008445966003,302.59530,3025953000
925.7384020558636,263.5160361351325,302.81650,3028165000
976.661840116465,357.37420491258837,303.03220,3030322000
1070.324310307092,515.15936312404,303.25070,3032507000
1131.8722548643336,581.699892705265,303.47520,3034752000
1074.582220963198,478.87628778943986,303.69320,3036932000
1138.5295143294222,416.68428084426205,303.93390,3039339000
1171.3526408894265,350.658949579189,304.20600,3042060000
1207.9904188199512,348.94864459397525,304.43220,3044322000
1366.742512257073,280.0758294594144,304.68170,3046817000
1216.8350727289255,302.37905748883327,304.94310,3049431000
1199.8316230388523,223.8927903446317,305.18280,3051828000
1295.95912240481,267.3170330785675,305.41170,3054117000
1177.3465473466408,299.46295653120546,305.67180,3056718000
1137.2487870081432,266.87977343512483,305.91280,3059128000
1038.8361057260965,324.68826126499704,306.12710,3061271000
1076.8636587965432,349.7126263100474,306.37390,3063739000
1162.3217781220694,317.81128730146895,306.61140,3066114000
1187.4203515140648,328.26208320220604,306.83290,3068329000
1167.9657922562094,476.4186407098513,307.06240,3070624000
1192.9919200347827,415.38115380481906,307.30610,3073061000
1144.0050333260301,480.80524785102125,307.57960,3075796000
1154.7471608997137,556.7821281296434,307.81120,3078112000
1190.7710726172209,489.02685651283093,308.07390,3080739000
1193.3738746777847,600.9630828786675,308.29530,3082953000
1222.7065749113585,587.235032088439,308.53570,3085357000
1171.6916030911204,573.6433021432406,308.75030,3087503000
1069.7629818477114,539.6892221636639,308.96660,3089666000
1098.044341101509,618.0668835343486,309.18510,3091851000
1071.4911955047178,617.1783514890815,309.40010,3094001000
1031.3436351770301,660.0187040572612,309.65920,3096592000
1135.4024097836284,691.4380050090732,309.94590,3099459000
1199.211602353035,594.9276928029094,310.16540,3101654000
1071.046428105238,595.4635062162694,310.39050,3103905000
1087.7454592782196,552.2595152213178,310.63310,3106331000
1097.7823321515916,518.2619942055197,310.88350,3108835000
1103.0188830798372,483.72397190173825,311.12900,3111290000
1048.9468874139693,450.81455988771836,311.34810,3113481000
1014.4572178221338,546.9371066379396,311.56090,3115609000
1073.919954083742,506.29083457287766,311.81190,3118119000
1124.6787095907532,447.73777592369726,312.03200,3120320000
1157.1177666489853,479.6309410554657,312.27670,3122767000
1274.893203958971,472.85216665666707,312.56860,3125686000
1299.3440288816828,503.8924202452717,312.81000,3128100000
1242.8929448681545,463.9724011740627,313.06890,3130689000
1198.8308189313798,423.035695594095,313.29210,3132921000
1132.4057573849063,420.37454312537966,313.53800,3135380000
1015.2260749062325,304.0041382442433,313.79000,3137900000
1030.1522548230198,353.59243425752265,314.01350,3140135000
1036.507882877073,312.33010059650195,314.25400,3142540000
1013.2133786286702,323.41476487897665,314.47980,3144798000
1099.1042367427274,325.7902414096033,314.73070,3147307000
1092.1478770822655,326.53607821049025,314.96560,3149656000
1036.2239019582116,360.1611614400756,315.20320,3152032000
1131.9490532148918,440.62910592011207,315.45160,3154516000
1099.9794013605424,476.95052768318806,315.67430,3156743000
1173.0842565381786,546.0387287427183,315.89680,3158968000
1207.9179301496856,540.7129829626261,316.11310,3161131000
1146.1802235121638,556.7726686883476,316.33590,3163359000
1112.6697390767822,542.0055814618942,316.56050,3165605000
1114.4034278738075,561.2592970434432,316.78890,3167889000
1224.1963669778577,554.2315387131981,316.99860,3169986000
1263.2515456283497,591.4904491256075,317.21840,3172184000
1231.3926071280102,569.9068416268268,317.43880,3174388000
1237.7836779990298,587.3602185849605,317.65690,3176569000
1121.5615752594572,607.7256678864343,317.87620,3178762000
1086.2329773100537,588.5484726878005,318.09540,3180954000
1107.6822862142808,552.8615006074034,318.31650,3183165000
1108.2290966842281,506.5444843477134,318.54030,3185403000
1112.4142683746952,495.6248710121482,318.76210,3187621000
1116.4149222593467,520.5638308880837,318.97340,3189734000
1053.6026397850494,491.2614996403257,319.18270,3191827000
1081.4608300195,507.4351993057426,319.40390,3194039000
1095.5352104704189,484.7299371432112,319.62090,3196209000
1072.608671910692,480.93861842178615,319.83730,3198373000
1015.2666000014746,480.2119055659056,320.06450,3200645000
1060.9127814538372,494.6168147536532,320.27880,3202788000
1007.8376485579496,498.24653476438203,320.49980,3204998000
1021.8967200051545,509.6641422080893,320.72920,3207292000
977.6332945048845,499.86445061549915,320.94440,3209444000
1005.3114282503789,506.88783306677186,321.16280,3211628000
999.2247617648584,506.14449981378255,321.38260,3213826000
1021.3151338465352,536.0930850111121,321.60200,3216020000
1013.4196636370928,518.8674250392789,321.82340,3218234000
1056.4854486614913,541.6485046215428,322.03920,3220392000
1037.220940164781,550.9134938262852,322.25440,3222544000
1030.9222365858532,511.9466685375469,322.46980,3224698000
1043.8826056687628,547.3222334261237,322.69290,3226929000
1056.0481587190714,577.8098907755782,322.91330,3229133000
1067.5650191409509,541.491073674625,323.14760,3231476000
1065.2583598274432,533.2596132442326,323.35640,3233564000
1001.5877856144912,515.6330984129598,323.57150,3235715000
969.353886249019,503.79350511407927,323.79180,3237918000
935.9235766088738,467.595994121107,324.00760,3240076000
908.9710905430026,477.06413652011065,324.21610,3242161000
872.2052709173523,491.0854054571672,324.46750,3244675000
826.7898609206337,478.04345534322965,324.69020,3246902000
814.9386196924402,508.3945286559155,324.90110,3249011000
822.1165401067504,491.78684016580877,325.11860,3251186000
837.6880978045472,472.881165720148,325.33920,3253392000
794.7395149184891,469.8505163442632,325.55390,3255539000
806.1812521849047,499.4464266740903,325.76600,3257660000
773.5600898883058,460.4369689217123,325.99170,3259917000
779.9508952513846,493.39786848067035,326.20700,3262070000
810.4219201674696,536.1298797608133,326.43560,3264356000
804.7192400221119,530.5127700197717,326.65550,3266555000
871.1863724074888,596.6713685455624,326.86960,3268696000
950.0583907769355,665.692505138909,327.08850,3270885000
986.9538284660903,707.8462844492085,327.34400,3273440000
1033.243805788771,724.1410061497805,327.58470,3275847000
970.4414300921541,712.3647134014537,327.79860,3277986000
939.8151877901323,699.1297217227669,328.00760,3280076000
991.3941735723005,709.080197888011,328.22360,3282236000
1015.9245030744859,667.829559196498,328.43020,3284302000
937.3565983495423,611.9107803641326,328.66830,3286683000
979.2596845550396,632.9098258691481,328.89260,3288926000
997.9291032495653,689.704189403621,329.10330,3291033000
989.0630143079018,658.7235273900362,329.32230,3293223000
942.7018190513484,649.7838424448788,329.53490,3295349000
947.455161758472,674.6400193375476,329.75520,3297552000
931.8874771326168,699.3641759749936,329.97310,3299731000
877.7223434966064,715.975765138824,330.19140,3301914000
841.499259840268,762.5103468355786,330.40360,3304036000
879.4880258076179,774.9134833452397,330.62270,3306227000
803.0112086961423,755.5695631852861,330.85700,3308570000
817.0380459421505,742.7748883097518,331.07550,3310755000
749.5226129765092,705.4931123966547,331.29520,3312952000
720.511345918909,679.9586840448978,331.51320,3315132000
750.0227351482579,706.2305421105514,331.73530,3317353000
689.9174046109151,884.792556518385,331.95190,3319519000
790.9265245986255,861.7306441158365,332.18260,3321826000
844.8891045910632,756.1201115309459,332.39880,3323988000
966.1894580898352,752.8806186124889,332.61290,3326129000
1126.758504858298,721.529568785217,332.82680,3328268000
1107.5400483945778,752.193296891695,333.03620,3330362000
1180.2352447605786,778.2637275921753,333.27060,3332706000
1109.6675635538704,698.0189348575614,333.49000,3334900000
1001.2072341675761,825.598070462873,333.71440,3337144000
936.7423274357348,682.6775344252422,333.92820,3339282000
813.5013416665219,606.4038079727102,334.14440,3341444000
776.4981777577964,526.3352772892001,334.36130,3343613000
865.5497172216492,493.6079244242567,334.57540,3345754000
911.4769596143844,458.9373270646873,334.79280,3347928000
871.6815097231337,496.7290821468962,335.01070,3350107000
929.7808992254227,504.0628665274395,335.24070,3352407000
916.034822264534,519.6723552198605,335.48290,3354829000
903.1975016476206,512.529657537175,335.70180,3357018000
984.072141877694,544.392336736344,335.92120,3359212000
1051.6631725249263,599.13015589718,336.13280,3361328000
928.8579839982497,619.197409654312,336.35140,3363514000
935.3330513433173,665.8471137095135,336.60200,3366020000
811.2350987765828,600.8269372392831,336.83760,3368376000
728.5853750663564,751.1374302247627,337.08860,3370886000
705.7680278289964,737.4555579374984,337.31830,3373183000
728.341058450942,784.419037191301,337.53840,3375384000
716.8974550826457,772.0727711266514,337.77680,3377768000
803.6653647683501,670.0839118306811,338.02170,3380217000
821.967969156482,692.9636060923632,338.24360,3382436000
805.1437556022985,652.053138374911,338.45840,3384584000
842.6366282363693,679.263922409014,338.67130,3386713000
931.8263174004752,625.6208863829453,338.88970,3388897000
934.4712485999149,578.0970713042407,339.09730,3390973000
976.735790129064,591.3978348878812,339.31400,3393140000
943.776749369968,570.4510838486606,339.54330,3395433000
956.8512197268983,545.0635366581664,339.75720,3397572000
901.57756418671,565.0386079578084,339.99360,3399936000
821.4055499207936,574.6109708521151,340.21110,3402111000
800.4970727893208,534.9939536783634,340.42940,3404294000
836.0546633405168,537.5360031484626,340.64200,3406420000
829.4817853234874,539.0654659189803,340.85950,3408595000
841.5034284615696,564.3733255795006,341.07700,3410770000
882.4389420426725,562.6100781986445,341.28850,3412885000
819.6719813371128,688.3007370860547,341.50540,3415054000
832.1115366565688,650.9175075540543,341.72660,3417266000
812.7694779004344,610.9367716607883,341.96140,3419614000
904.0232340877162,633.0095361954889,342.16950,3421695000
901.1168577204903,577.7967647643839,342.39260,3423926000
922.2609148890535,574.0529892939549,342.62120,3426212000
919.0313386747173,604.3437586001768,342.84650,3428465000
957.134854865404,600.2167980249257,343.05630,3430563000
980.8566275032033,545.3081290783218,343.26950,3432695000
972.7255395027247,532.3778576548658,343.49070,3434907000
1043.5793042450705,583.2838363175207,343.71010,3437101000
1108.662799407464,550.8672928141008,343.92270,3439227000
1187.7095619401962,588.2021774588424,344.13160,3441316000
1112.7064540075044,615.5010766610691,344.35540,3443554000
1177.2704622598383,610.0003163605547,344.57000,3445700000
1199.7969628898081,628.2659881057369,344.78980,3447898000
1137.9020865792106,680.2689019040492,345.01290,3450129000
1118.3966279494146,648.1639974277787,345.23910,3452391000
1108.6459712596984,645.5945183478793,345.46420,3454642000
1078.6604713816482,611.577330999158,345.67890,3456789000
1043.2698487503012,604.367184046783,345.89920,3458992000
945.7613423721565,549.6746846656387,346.11900,3461190000
968.5097795351687,580.6135020216022,346.32980,3463298000
973.3292752078992,560.1320134467707,346.54280,3465428000
1040.44097721084,641.2904978486151,346.76190,3467619000
968.6115616339604,737.4199320090644,346.98200,3469820000
993.2790264592453,756.5932433666036,347.20000,3472000000
894.1840146218057,681.8807117537475,347.43020,3474302000
884.0201842753696,646.9891637323591,347.65520,3476552000
922.0000259258084,642.8449077128614,347.86350,3478635000
895.8031469228972,583.3460327911555,348.08180,3480818000
864.0990317576599,584.1647714311695,348.29620,3482962000
881.1307472798554,581.2406154946962,348.51260,3485126000
824.7683951182603,522.34865731387,348.73770,3487377000
824.5620936226092,538.2795296910002,348.95240,3489524000
776.5618788074911,509.5474745117438,349.20740,3492074000
807.5194850781226,576.326264666674,349.42270,3494227000
796.2392120056018,616.2506113023985,349.67720,3496772000
816.247527708664,601.8938309128364,349.88940,3498894000
763.1249981462819,616.0768035092191,350.16160,3501616000
778.160668174859,612.4503427673346,350.43260,3504326000
753.5074227766602,606.3056113189829,350.67200,3506720000
711.6368542235831,551.5616014091561,350.90680,3509068000
677.6322137082008,513.2364815713081,351.15580,3511558000
759.9620592799008,536.930969102824,351.38950,3513895000
826.8460913251231,508.13856431782096,351.62140,3516214000
782.3063291191527,508.4583407039588,351.87620,3518762000
731.1019685764769,563.7412716893107,352.11820,3521182000
714.8867317819823,555.6503423716193,352.37630,3523763000
655.7224265137274,671.3704909082724,352.60710,3526071000
685.5467201855023,644.9054862891682,352.85670,3528567000
663.8719145290296,605.0144351284048,353.12910,3531291000
685.3026733353275,554.7156656345835,353.35560,3533556000
737.55377237538,561.5978154978287,353.59750,3535975000
677.7738735739988,511.20792119010844,353.82280,3538228000
645.2956768442838,449.0974478650827,354.05180,3540518000
628.1760826140153,425.98079495588973,354.33110,3543311000
667.463412505497,401.29366298971104,354.54760,3545476000
663.9846015948092,421.6810039270016,354.81940,3548194000
617.0026669826003,436.5125626938385,355.03880,3550388000
609.1903192499296,445.1560336085782,355.25670,3552567000
681.7266762308038,533.6406865470098,355.46880,3554688000
598.4803685282906,490.77870707553166,355.68630,3556863000
644.442894558293,521.5249351549253,355.94250,3559425000
709.3018655509951,516.2441755189615,356.20040,3562004000
745.8199442178548,526.4062562041594,356.41210,3564121000
740.3632742075523,501.7076820239823,356.62500,3566250000
756.0619944475071,564.5109553381117,356.84930,3568493000
781.147848851421,592.5239527219754,357.06660,3570666000
805.2130719961137,596.7024257851485,357.27860,3572786000
816.1260888681982,573.5000447801153,357.49640,3574964000
788.710205709492,540.2445865890451,357.72040,3577204000
803.8883269100759,496.928654916956,357.93730,3579373000
859.9007009799434,546.7486757996194,358.15840,3581584000
817.5413185094939,543.515544790621,358.38380,3583838000
859.312041583067,587.6640733279171,358.60240,3586024000
770.7487927076976,528.7513661019913,358.82850,3588285000
896.9173705379097,538.2752865155309,359.05150,3590515000
878.3419215895649,584.5935010881312,359.25950,3592595000
794.2123959286388,587.918463100623,359.47400,3594740000
747.0812222521066,595.7777088937764,359.69530,3596953000
769.3969508813834,616.4436400117785,359.92610,3599261000
736.070759759573,625.4563370838691,360.14210,3601421000
700.4416561355222,654.418101957345,360.36530,3603653000
715.4190373634609,670.2301710894185,360.58480,3605848000
748.7365253701137,696.2417821470418,360.79740,3607974000
808.421013642336,664.8980161863906,361.01460,3610146000
813.3794027698938,675.6463370251727,361.23360,3612336000
836.1946047230875,695.4682180676126,361.45520,3614552000
884.1672445450512,686.82887529808,361.68040,3616804000
910.5891556384529,660.337404742961,361.89400,3618940000
985.0342240843255,639.6578191435938,362.10980,3621098000
1006.9332178717152,639.4033341778439,362.32960,3623296000
1050.7117105880798,635.1703789485452,362.54900,3625490000
1022.0681262334967,587.2279840416272,362.76800,3627680000
1019.7426779883547,606.0839287799524,362.98980,3629898000
918.2561898707203,544.8366313078546,363.20930,3632093000
911.5995674898162,569.1851981054666,363.42500,3634250000
882.590783234951,558.900805274774,363.64420,3636442000
874.9685829491561,509.64219561866327,363.86350,3638635000
874.1964621672646,523.8772395440832,364.08360,3640836000
830.5840867141933,459.3059115213012,364.30420,3643042000
900.6846167334726,487.17761692863513,364.52360,3645236000
907.6504817678214,475.9964129433292,364.74070,3647407000
917.1449838633038,518.7784267246778,364.96270,3649627000
904.8677719442358,502.7423686240524,365.20390,3652039000
945.4032270821598,558.2812092111719,365.42250,3654225000
998.1129095293986,547.161754669751,365.63250,3656325000
938.5312454529225,547.4492465294578,365.85070,3658507000
962.7822987564119,554.0283174228392,366.06620,3660662000
874.2342612504207,570.9551786691586,366.29170,3662917000
864.2649244016216,543.4640659933748,366.51210,3665121000
813.2892023904611,488.9607242972392,366.73750,3667375000
863.5785212604067,514.896519428621,366.96330,3669633000
856.1931800993231,502.82141273138114,367.18960,3671896000
816.4708830769729,475.125528624566,367.40060,3674006000
847.4444885477251,396.8729715040453,367.62250,3676225000
890.1507238254835,382.81894075469813,367.83670,3678367000
946.8360671458117,387.62231139095087,368.05620,3680562000
1008.8493367907572,431.4086196211963,368.26850,3682685000
967.170635007967,482.0358749850875,368.49160,3684916000
986.1888504613802,495.09090849814595,368.70340,3687034000
1080.071771833626,574.4471869213816,368.91660,3689166000
1081.7068080018641,617.3395203090334,369.12380,3691238000
1222.324008982944,624.0393688712865,369.35010,3693501000
1130.7427220127956,648.4558155248966,369.56650,3695665000
1068.7484104136124,543.6819117712503,371.11580,3711158000
918.6848101434175,456.4366086723682,371.34290,3713429000
942.977941225137,433.8187365310998,371.58360,3715836000
946.1831244723903,440.13647995989595,371.85520,3718552000
887.8366025068276,329.3567508694248,372.08570,3720857000
983.4300060772957,298.750453682941,372.29890,3722989000
1086.402363131458,206.8548677937734,372.51080,3725108000
1047.971768653503,208.1877793625283,372.73080,3727308000
1071.0768953967179,88.60126275460162,372.95520,3729552000
1116.7938063698007,104.27219901029429,373.20130,3732013000
1128.0825178165849,195.32845610369995,373.42380,3734238000
1142.2192402638882,164.67001278653944,373.64850,3736485000
1180.3110569749413,260.81797951509975,373.87500,3738750000
1147.1754490487872,286.2452352205403,374.10910,3741091000
1105.7042933922053,302.4840244132114,374.32860,3743286000
1090.7344371584782,291.88073918828553,374.55000,3745500000
1006.5218550255024,331.25632483862523,374.79780,3747978000
899.0796452742726,321.5148387982461,375.01510,3750151000
897.6362107094379,401.56961110154936,375.22570,3752257000
865.4141344099027,497.80188262360514,375.44280,3754428000
773.6162106108188,451.31944591993454,375.66850,3756685000
794.3827336262414,414.6074906510234,375.88780,3758878000
855.4420546990426,390.0926669526865,376.11350,3761135000
890.9246719860562,368.4869158422931,376.35090,3763509000
868.8993675821495,351.2334278015053,376.56540,3765654000
930.6460955172156,337.06780601058523,376.78210,3767821000
925.165396186235,405.3874126776834,376.99600,3769960000
990.6450704838433,411.328415964958,377.23510,3772351000
988.856573997842,420.0715685573407,377.45560,3774556000
1029.8233796523189,451.8871095190776,377.66820,3776682000
948.2207146978303,442.2979593579905,377.89070,3778907000
954.2531109065138,471.6831542661547,378.12130,3781213000
985.6223151435358,473.5609036961746,378.33890,3783389000
972.2002830776737,433.10480767584824,378.57290,3785729000
1017.5403784728451,382.4645652592201,378.79220,3787922000
948.5197648561449,382.6406717546846,379.00860,3790086000
913.727402511602,388.4314958213201,379.22720,3792272000
883.96148003102,407.00456005480163,379.43950,3794395000
887.7968090162,429.97853083996426,379.67790,3796779000
900.9379537197714,471.23991382224966,379.89360,3798936000
913.3611604688313,477.4051672687631,380.11140,3801114000
931.6064816002895,460.68557026497473,380.32530,3803253000
872.0532588479912,430.84412026242813,380.54340,3805434000
882.1070968714693,453.3544805350134,380.75880,3807588000
891.6258973440691,481.17236928277026,380.98060,3809806000
833.6321866992522,494.2697450641332,381.20150,3812015000
850.421361159699,494.6962935111938,381.41590,3814159000
909.45654964474,478.74908065668603,381.64660,3816466000
971.2044092781463,438.5381727784811,381.86140,3818614000
1075.2237105078273,436.97247014073537,382.07700,3820770000
1087.2383289703491,455.1218418814895,382.29480,3822948000
1063.9708993212935,454.40544244876895,382.52110,3825211000
1077.1575333291262,439.3862531665631,382.73730,3827373000
1127.097534045908,388.4060155131875,382.95740,3829574000
1123.0126183514274,375.1596231661774,383.18070,3831807000
1131.3156006295774,429.3622111315694,383.39050,3833905000
1088.5461919161924,443.8616375447421,383.60500,3836050000
1066.898301412376,452.0486376021636,383.82680,3838268000
1062.8901080545972,449.12047521910705,384.04040,3840404000
1079.0734990730127,446.3197835165239,384.25820,3842582000
1101.0185654726188,391.378909575676,384.47200,3844720000
1048.050991802725,358.15022000283335,384.69380,3846938000
1000.7156671422355,376.78303242219687,384.94070,3849407000
915.4684183423893,367.4425653675803,385.16160,3851616000
873.0841850931968,356.5876021940566,385.37440,3853744000
840.1572413359547,394.4796314590511,385.62650,3856265000
771.9279479053688,403.99261362200053,385.84000,3858400000
713.6225801047647,404.3136601336372,386.05890,3860589000
735.9303386424305,393.767831001267,386.28090,3862809000
718.858033476942,398.5945639589773,386.49640,3864964000
820.6969149122503,458.2942224677063,386.71980,3867198000
861.7028229886827,406.1967630244963,386.95890,3869589000
906.1581003771247,407.23545153625423,387.22050,3872205000
914.795243247124,404.2255922647838,387.43700,3874370000
961.6047063341882,385.97389850959655,387.67220,3876722000
1109.4164245051347,389.88628534164405,387.89480,3878948000
1173.8727727323874,435.97155469262975,388.11650,3881165000
1110.4982308420313,418.59169898752543,388.35690,3883569000
1110.4192658977,502.43459181510985,388.57490,3885749000
1100.4398490853519,514.0993667571352,388.80100,3888010000
1041.6076492598488,483.95600162361876,389.02230,3890223000
1040.157072057784,478.77419517921896,389.23990,3892399000
982.4759638435328,477.23456044535794,389.45750,3894575000
1031.2427978829712,476.90591937358136,389.67850,3896785000
1002.7134498982697,463.06546604296784,389.90030,3899003000
981.8784212589139,470.79401202535695,390.12170,3901217000
1017.3091040910438,481.71033858874944,390.36680,3903668000
956.4079540125039,486.3225355246224,390.58290,3905829000
927.5658194446816,481.7598282843743,390.79870,3907987000
863.9467661906199,433.780938213465,391.01490,3910149000
928.9314285246128,465.50010758057357,391.23950,3912395000
934.783205954826,510.85660085112903,391.45490,3914549000
1044.4045771679607,470.0780906323678,391.67100,3916710000
1128.6984892713115,436.4508963192312,391.88310,3918831000
1084.5738608058948,391.39266539165334,392.09640,3920964000
1132.3848416738526,440.0426086609599,392.31810,3923181000
1073.4038097056534,463.0264217296516,392.53130,3925313000
1080.8772523393093,423.13404496346544,392.75210,3927521000
1077.841855708126,417.5683388517593,392.96460,3929646000
1077.63815681328,400.53293735208894,393.20860,3932086000
1016.1474427236839,401.2441799166108,393.42530,3934253000
992.9479358864604,407.5646948077821,393.64020,3936402000
1065.4450137684228,406.75122583763795,393.85230,3938523000
1158.0849752184176,426.1070730965925,394.06480,3940648000
1249.4698762288413,440.31200308362213,394.29490,3942949000
1260.293497469594,475.6657460336896,394.50900,3945090000
1219.4419603233835,469.8708214363145,394.72250,3947225000
1129.2067657575296,398.43793110406835,394.93740,3949374000
1122.9664727773024,299.43416903809003,395.15140,3951514000
1162.7039432958634,283.244522898429,395.36310,3953631000
1139.030804267171,205.5412501464314,395.58850,3955885000
1172.2576873172718,160.53761245708995,395.81150,3958115000
1134.469195733251,125.46818033272444,396.02570,3960257000
1161.3907311519185,156.70264515135298,396.24520,3962452000
1137.2709677225316,125.0216518434023,396.46140,3964614000
1175.289936992001,208.65448252986255,396.67720,3966772000
1215.0348436820839,208.31273868053174,396.91590,3969159000
1210.309798737631,260.40082008294064,397.16350,3971635000
1254.3491216143461,274.75767837310514,397.39230,3973923000
1308.950069051557,337.9728535693895,397.62490,3976249000
1266.9667573517636,344.3741055914167,397.84240,3978424000
1285.8713611380003,406.697121235344,398.08480,3980848000
1272.7796957699252,410.4129064760168,398.29440,3982944000
1271.0796538558743,450.3535529774219,398.51330,3985133000
1214.312200468321,401.75144329518105,398.74320,3987432000
1159.3154903200946,430.87147940538085,398.96510,3989651000
1108.4645655122272,477.76934230858194,399.18600,3991860000
1126.4006945478627,499.15487502538167,399.40270,3994027000
1097.4864193009887,483.10145519532495,399.62120,3996212000
1079.1909029132069,542.2153263134453,399.84080,3998408000
1054.2477641716134,561.9100526119353,400.05770,4000577000
985.770506833791,688.3933691414901,400.27670,4002767000
756.3973798796494,544.2217295667774,400.49450,4004945000
759.904886689033,546.6326505685813,400.71940,4007194000
791.8474774752656,517.3138284253167,400.93690,4009369000
700.6599544377948,456.94669595913285,401.16380,4011638000
747.6666708467186,433.6327229634981,401.38380,4013838000
915.7237035873293,406.23681363879837,401.59990,4015999000
886.5257127692338,316.49466479476666,401.82740,4018274000
849.6197959103517,242.10420891798879,402.05110,4020511000
830.7417269237071,343.29860038679794,402.30680,4023068000
874.3317790287189,330.2616076945595,402.52680,4025268000
814.9399319126724,251.11032893906804,402.76940,4027694000
924.890519729225,270.46316725302063,402.98230,4029823000
841.8711455279055,151.70147431384305,403.19490,4031949000
761.5800656608135,81.29132309882408,403.40840,4034084000
692.9896730722234,38.28621639991595,403.66140,4036614000
695.794600400464,-1.6988591130838042,403.89390,4038939000
708.594638911263,-9.182135348454281,404.11570,4041157000
772.8624522914487,-11.251528559226536,404.36270,4043627000
771.1689724405906,33.94288669808936,404.58310,4045831000
791.8731194228894,-2.138415708662407,404.79840,4047984000
861.418644963554,9.474144006050803,405.02730,4050273000
793.5764613949925,-11.60403595560332,405.24250,4052425000
876.8260410298034,9.912918771912963,405.46960,4054696000
921.03051377659,90.76306419761887,405.68580,4056858000
971.4437851003074,48.1449819607108,405.90290,4059029000
1017.9460288724716,72.80673396948511,406.12180,4061218000
960.0471688718472,-1.5997094310679927,406.34230,4063423000
971.3240903382833,-14.920746564171811,406.58100,4065810000
1049.097402379434,24.430410271396852,406.80410,4068041000
1084.75240292377,90.80172606027949,407.02530,4070253000
1134.2750857902713,182.16541387696378,407.26150,4072615000
1166.5728165935418,168.22388611896045,407.47870,4074787000
1256.3018870077985,230.58131743808272,407.69490,4076949000
1155.8268010958107,186.41545296457173,407.90910,4079091000
1102.0154899113659,110.56418841099823,408.12030,4081203000
1085.2444795268675,101.02462003469168,408.32720,4083272000
1096.1879542869128,143.05902136941646,408.54130,4085413000
1123.492199629467,152.64898662650552,408.75840,4087584000
1111.1751439204481,166.6188497960976,408.97660,4089766000
1167.6425356593575,280.01168519724285,409.19000,4091900000
1298.622278745859,360.5152607925829,409.40740,4094074000
1252.061214895999,465.68732127958003,409.62510,4096251000
1169.8246028443334,549.4953687603462,409.84240,4098424000
1141.7930065031123,534.8508896109868,410.06280,4100628000
1092.9765780037637,571.3899180750209,410.27470,4102747000
1159.9815249677101,600.166641295136,410.49570,4104957000
1239.6154156639222,583.3919689784702,410.72530,4107253000
1213.8084175518823,561.8271651951561,410.95110,4109511000
1260.6496121010277,545.4802649239922,411.16040,4111604000
1175.7288920367191,481.8191332374737,411.40440,4114044000
1230.978747219864,455.78593930483726,411.62400,4116240000
1252.64368389387,407.59641897936916,411.85080,4118508000
1140.64355713629,318.0433896219326,412.06600,4120660000
1048.2630111491635,306.1491913133144,412.28450,4122845000
1010.4794473314971,293.8639547732006,412.51270,4125127000
1011.6264316990564,316.95968796715204,412.74250,4127425000
1015.2623533807431,366.3527161076505,412.98890,4129889000
999.1301189239645,434.2631424145605,413.22400,4132240000
943.5462752398785,512.1674124069659,413.45540,4134554000
998.3701176278502,497.91834750286796,413.67980,4136798000
1003.7621724002832,421.94854005651115,413.89250,4138925000
922.3809965735215,338.562921379478,414.11170,4141117000
819.0485320930584,220.81636467548623,414.32810,4143281000
816.3331889033452,239.63857692202646,414.54640,4145464000
877.0167828118623,283.9458050368061,414.76920,4147692000
895.8293654257229,162.50573649840382,414.99290,4149929000
1001.8743946335695,163.14016439358628,415.20790,4152079000
1045.41620498681,125.19877774115739,415.43570,4154357000
1177.8241368856472,64.18727277235489,415.65170,4156517000
1180.2450412708422,173.81921010348648,415.86970,4158697000
1178.5109659152808,342.47391114130613,416.10060,4161006000
1128.9832489321889,450.3018885509509,416.32770,4163277000
1063.1338830869647,498.42807339723356,416.54850,4165485000
966.8368078148156,573.0485825740906,416.76660,4167666000
1031.5362623658925,517.3130956870092,416.99970,4169997000
1045.4973408232331,525.9501171254295,417.22140,4172214000
983.578900628582,534.129986040699,417.44100,4174410000
1090.8618884576636,567.5904882041123,417.69680,4176968000
1084.4400208663367,583.5291874190677,417.92730,4179273000
1099.2563659175619,600.319917420333,418.15120,4181512000
1059.6154405945604,592.5586733968669,418.36610,4183661000
1048.9107201654647,601.6950753326001,418.57300,4185730000
1083.2292073845167,637.9802947895201,418.78310,4187831000
1098.164557941778,662.3967791342573,419.02820,4190282000
1136.8474129850918,617.7430611468034,419.24930,4192493000
1215.685190581965,524.482496564616,419.46950,4194695000
1147.507152765864,466.1029447555336,419.69790,4196979000
1145.8317902840736,364.0025941839187,419.92260,4199226000
1145.6649282345393,404.38452188497,420.14090,4201409000
1095.1135933765754,501.4257740865273,420.35630,4203563000
1097.3680869420464,472.2245146970826,420.57650,4205765000
1103.0545073851206,462.02422060461373,420.79240,4207924000
1107.3768663229307,432.6190452227483,421.00950,4210095000
1087.893490703018,508.69334484988093,421.22960,4212296000
1079.748702099117,508.6481488334402,421.45740,4214574000
1087.062216461737,482.50393518879116,421.68870,4216887000
1054.468420660458,487.8975519558252,421.91630,4219163000
1140.8688998234154,469.8267738556918,422.15020,4221502000
1056.2168712785644,485.35488772357394,422.37440,4223744000
994.7011476839587,444.6883710410573,422.60280,4226028000
1027.1685986044092,404.3619023226263,422.81940,4228194000
1029.4848076791018,416.83465768262755,423.03880,4230388000
943.5996851734341,385.52007896212257,423.26140,4232614000
1049.265344452676,421.79411659909994,423.49210,4234921000
1110.2529058639914,513.0434735678809,423.70960,4237096000
1126.712600462117,619.0748126717624,423.93370,4239337000
1055.0911349825515,664.8680935608522,424.14810,4241481000
1051.3813744508398,652.3385305907599,424.36760,4243676000
1012.0492977740801,572.3398846538427,424.58070,4245807000
1012.610733342895,582.5025343838391,424.79450,4247945000
973.646345038386,567.1277440498911,425.00700,4250070000
1011.1286886130657,535.7393127253409,425.22700,4252270000
1033.2726887950316,492.949116756542,425.45350,4254535000
955.442556726748,561.976841254537,425.67780,4256778000
984.292109905471,552.182007407535,425.90270,4259027000
996.7891694774246,516.4796386630137,426.12110,4261211000
1055.9410110330398,431.5019204409656,426.34680,4263468000
1148.1639144065025,483.2437313850272,426.55620,4265562000
1114.6006517186865,455.7598589752433,426.79510,4267951000
1081.7988106101602,433.84631153640413,427.01420,4270142000
1089.015873444349,480.37039470213307,427.23010,4272301000
1092.788758480599,482.4279195355538,427.44410,4274441000
1021.0937056556388,525.7979880241887,427.66020,4276602000
963.2628186160275,608.3987949760822,427.88890,4278889000
955.6795267544564,700.5531376308682,428.10890,4281089000
961.8392273097527,716.8111265649424,428.32980,4283298000
936.3806181969791,724.3332072832319,428.55690,4285569000
901.51056379139,680.9237565220652,428.78460,4287846000
1029.278395254115,618.8795691741904,429.01180,4290118000
991.025445886857,646.5572575238499,429.23870,4292387000
923.8443342764211,661.4868576321277,429.46650,4294665000
867.8879538179078,659.1252002438073,429.72160,4297216000
898.4954337802999,661.017667325652,429.94850,4299485000
936.9713047813356,588.9564787699783,430.17070,4301707000
931.8503069302491,652.4842572073,430.39390,4303939000
920.7711287113572,701.9787977915134,430.61380,4306138000
931.3582879927196,724.7488997210417,430.85160,4308516000
920.9733268079505,733.7168869533195,431.08070,4310807000
911.8724241058245,763.7300769846156,431.30970,4313097000
942.2130021132151,748.3596870850093,431.52750,4315275000
974.5079735297642,741.4808463841987,431.76720,4317672000
983.013418717319,759.8683927353381,432.00260,4320026000
974.1674372448945,760.766143277869,432.23270,4322327000
917.5460562486285,723.3218425687749,432.46100,4324610000
985.7146924240892,753.4062430292373,432.71120,4327112000
967.0478800235289,788.5344648886795,432.93350,4329335000
897.9230566826143,708.6367807551735,433.17050,4331705000
889.9634526000837,653.469485554931,433.39640,4333964000
997.7570839319526,630.5308829187175,433.63750,4336375000
1021.2518208318692,562.5785882619266,433.89870,4338987000
926.3613385332642,516.7538126293109,434.12240,4341224000
902.5448149852133,524.6911531375569,434.33670,4343367000
938.8490118563566,472.74349790947826,434.56020,4345602000
962.7201539064317,418.5339481491874,434.81420,4348142000
895.4506431082912,365.2957775015086,435.03080,4350308000
815.4532563952657,331.9612669364739,435.26490,4352649000
853.8055489951599,340.8141677493849,435.48960,4354896000
812.3462941441837,362.24145100033485,435.70930,4357093000
840.0040153986273,397.31270245615025,435.92880,4359288000
923.0203571315183,410.189975995587,436.15120,4361512000
925.6996409450109,476.03838151595966,436.36320,4363632000
908.004765815762,501.971357881748,436.58190,4365819000
944.2262286049955,529.1112739766825,436.80130,4368013000
937.939238853856,576.004928106126,437.02180,4370218000
965.8581375737813,599.0433481206044,437.24580,4372458000
951.3630963316864,593.3272034843818,437.47690,4374769000
943.6071274949779,562.2567017038484,437.71570,4377157000
930.4501661149208,546.6549849906384,437.94720,4379472000
953.745010154013,543.9076669495953,438.17670,4381767000
975.5834231795536,588.0583243102609,438.40060,4384006000
1057.3038473045249,651.2389179986053,438.64390,4386439000
1054.051306676747,678.8517911304538,438.91120,4389112000
1077.5364704578333,661.6970011332016,439.13620,4391362000
1042.9757709407095,644.7793972881076,439.36820,4393682000
1028.2826924896815,643.8479025195277,439.59080,4395908000
1034.4773000013365,673.2415829912811,439.81490,4398149000
1051.2296478393114,679.8938074374822,440.03650,4400365000
1084.0022899497294,705.0496016732567,440.25690,4402569000
1114.2313188217995,669.8377146301681,440.47940,4404794000
1164.6301911924525,722.5514779389075,440.70240,4407024000
1228.9671552287627,678.8571983267306,440.92720,4409272000
1236.4832084196566,661.5423161266507,441.15150,4411515000
1186.2981080856932,608.4490049884674,441.37560,4413756000
1035.2943898963103,541.2641789447716,441.60240,4416024000
907.1397340826597,503.3153942511233,441.85210,4418521000
790.178410912554,503.0068574613833,442.09710,4420971000
738.6052394755902,502.3413655167809,442.33440,4423344000
664.2615075114932,462.30687076613344,442.55430,4425543000
625.1419704952193,450.5610958122842,442.78120,4427812000
668.5547513163782,452.56589994916004,443.00080,4430008000
662.6113507284695,394.43595091615816,443.22120,4432212000
666.0413686981336,406.3016107796721,443.46380,4434638000
628.0261423266562,382.61740151740776,443.68490,4436849000
702.0970828197186,396.9910153023221,443.94320,4439432000
728.7747266597066,395.9502553653439,444.15750,4441575000
785.9590715627448,439.11353764794114,444.38210,4443821000
858.7488495242269,443.236889036698,444.61540,4446154000
883.0212654106351,441.52843786134093,444.84950,4448495000
956.227212390157,443.6486337584918,445.08680,4450868000
937.9051453269359,449.8117999006141,445.31590,4453159000
1008.0501254381888,495.99135344249305,445.54340,4455434000
1068.5394011943895,502.78308136379144,445.77480,4457748000
1032.5220688999502,491.2774316880783,445.99600,4459960000
1038.2024702738886,528.0836785648855,446.21560,4462156000
1012.6791751992115,530.8949691053839,446.45990,4464599000
1068.9828555365657,549.5351807211661,446.69990,4466999000
1138.0136845131774,517.3537805862861,446.93010,4469301000
1156.9160894469142,550.1483493076863,447.20440,4472044000
1159.8349305296647,549.1152086922075,447.43010,4474301000
1216.2941216857619,564.1075639945986,447.66070,4476607000
1185.9481787856614,584.2364783670951,447.92730,4479273000
1119.699155672396,543.6802740733278,448.17120,4481712000
1117.8617446685614,550.2614103990145,448.39470,4483947000
1137.9251625920483,534.1633916870903,448.67740,4486774000
1130.1437221563951,516.2457153447167,448.91130,4489113000
1147.3705177405411,517.7766608610433,449.14150,4491415000
1137.9453365385814,532.7394173356922,449.36130,4493613000
1118.4748600332937,546.2222014145676,449.59690,4495969000
1093.6139136974732,555.8017228401933,449.82680,4498268000
1047.0339761914631,596.6520868459916,450.05120,4500512000
1007.2851841872927,655.3266707476951,450.26940,4502694000
956.2783546914416,654.7139722736393,450.47720,4504772000
862.9679930258262,637.6742585127796,450.69120,4506912000
859.6834669139314,587.856759831384,450.91260,4509126000
898.0511366956039,626.1233961776819,451.14010,4511401000
909.8503567936523,560.9865412707826,451.36610,4513661000
955.2786194540059,526.6552697244219,451.58640,4515864000
990.3331122940501,499.82595485425526,451.80650,4518065000
1047.517197406262,476.2117315738447,452.02720,4520272000
976.2879940392106,488.60713440651847,452.25410,4522541000
939.7000348090211,498.04986588953307,452.47790,4524779000
911.433206753559,505.0655924338058,452.70740,4527074000
914.1199430951283,550.0002774076625,452.93000,4529300000
901.3381258920856,564.1207242955893,453.15470,4531547000
922.2963700095436,517.7056830871284,453.38270,4533827000
965.728654391732,552.0734755262682,453.61830,4536183000
952.3798722087998,547.8818075828891,453.85090,4538509000
932.8744738402958,564.9769789631372,454.09140,4540914000
901.3412591249456,608.6560302463704,454.31340,4543134000
846.8325714928657,646.9260340341893,454.53170,4545317000
808.0909170469391,637.2623037546839,454.76110,4547611000
758.1681023516886,639.5014203411474,454.98620,4549862000
779.7669235448981,645.7193186873734,455.19030,4551903000
839.673397881572,593.9547922119424,455.42160,4554216000
851.5658966220957,567.2837689885524,455.63270,4556327000
826.5913505375454,586.2636570222127,455.84410,4558441000
848.7782035690898,576.1852529786553,456.06650,4560665000
822.7179513264564,606.4423424651059,456.30150,4563015000
853.3222247343746,598.1229134255863,456.52140,4565214000
921.5212442770462,644.9247729191568,456.75100,4567510000
1058.501091652796,618.8996786300144,456.97600,4569760000
1095.7644171712789,612.1122639512623,457.19980,4571998000
1171.2273417313816,584.8269051744601,457.42490,4574249000
1155.762003807968,603.6173726565786,457.64140,4576414000
1177.9294932045243,567.0539270191634,457.87290,4578729000
1108.9280153232855,550.8545146640265,458.11490,4581149000
1099.1733224702486,566.7236887796665,458.34110,4583411000
1086.4700357331753,556.908125685296,458.56920,4585692000
1043.652656249887,578.7886137058086,458.78820,4587882000
997.0846762149769,573.8048039864442,459.01310,4590131000
949.2134762655496,530.0971983757331,459.23330,4592333000
948.9051120785366,528.9257110688363,459.45760,4594576000
898.3654412205414,602.0605832462065,459.67170,4596717000
916.9159156465543,594.5647891163453,459.88870,4598887000
876.5538915457298,572.9249795797944,460.11200,4601120000
836.5360830998086,614.3349776323436,460.32930,4603293000
851.2039877900293,568.173403849811,460.55160,4605516000
815.1339556556574,575.8947891216164,460.77220,4607722000
841.6071093117398,565.9190581726501,460.99210,4609921000
862.7188226087758,592.2969685769024,461.23590,4612359000
893.7005025358528,586.1400623979706,461.45900,4614590000
871.2805188859131,592.4155227097397,461.67950,4616795000
989.9678070550794,593.962388955728,461.89570,4618957000
1027.706345079571,555.0221091675037,462.11610,4621161000
989.8449045570387,536.6332382952502,462.33270,4623327000
975.266381661564,540.0690055326893,462.55080,4625508000
1018.3307393506095,519.6337039160051,462.77150,4627715000
1059.5069277982243,490.51637231922183,463.00100,4630010000
1166.237001439615,508.1962290655246,463.25100,4632510000
1154.9284787534941,496.1452255221705,463.46900,4634690000
1127.5901178206855,473.78380430697985,463.69690,4636969000
1144.9008507207927,491.9592744765221,463.92400,4639240000
1179.828391705501,471.30559451766123,464.15660,4641566000
1140.71986256227,466.1188778679508,464.39450,4643945000
1155.609798661522,446.8587961391348,464.61380,4646138000
1168.4419740886601,448.0481461935918,464.82900,4648290000
1120.0326393784942,436.98734528511676,465.05470,4650547000
1137.8307126924326,434.7070525200457,465.27800,4652780000
1094.3561324722473,439.4272972223749,465.50570,4655057000
1060.036113573637,448.43034772884505,465.72670,4657267000
1034.3104781625616,432.3444087400538,465.94130,4659413000
1068.508602923342,488.9091018518398,466.16070,4661607000
1109.4605907199998,487.0559012349658,466.38410,4663841000
1075.835837492636,460.4094646230246,466.60490,4666049000
1112.327833406958,469.58403766152657,466.82430,4668243000
1024.0065834476904,465.48381558429475,467.04950,4670495000
1047.4686675568332,436.83621619236766,467.27420,4672742000
1034.551881928507,316.73039992618106,467.50300,4675030000
941.1943033895197,218.81386805489615,467.73010,4677301000
1000.2211402751532,120.51487125279905,467.95580,4679558000
1026.9397175587144,163.72109809978267,468.18480,4681848000
931.6883405440341,180.43666676392922,468.40570,4684057000
849.424849718461,129.9823667877603,468.63200,4686320000
817.1994249910981,137.31644503443755,468.85160,4688516000
858.1978242632873,249.72274132714028,469.09340,4690934000
839.5743210526688,354.284489258828,469.32120,4693212000
803.3970374187228,436.5534745411972,469.55250,4695525000
885.282298115824,420.602220112369,469.78180,4697818000
865.2732227153897,443.28101391535387,470.00550,4700055000
841.9811052553501,470.9576871573581,470.22180,4702218000
876.3549671429752,540.2394591631326,470.44860,4704486000
888.3118830888884,542.9326072910504,470.67820,4706782000
931.5074003849758,544.203408945966,470.89710,4708971000
986.351046957474,564.58204042882,471.11730,4711173000
971.8373250766277,622.265388940411,471.34570,4713457000
988.8813701744269,666.9086408776781,471.56900,4715690000
918.3269789872143,653.2510021604088,471.81700,4718170000
902.9913270861853,650.9648602036042,472.09760,4720976000
878.3860106241272,621.6401138198737,472.32020,4723202000
863.9262373220143,643.0339645139252,472.54320,4725432000
889.8484774192777,621.7248010541023,472.78060,4727806000
868.5652082828077,571.275569166622,473.02770,4730277000
886.4034346355315,566.5167024234489,473.25020,4732502000
932.04917966031,533.5349093689833,473.48490,4734849000
878.7073271138029,480.5506579127274,473.70710,4737071000
840.1269020390955,486.2097590952836,473.93340,4739334000
830.0016551466726,474.46048064360457,474.16120,4741612000
901.9723301799698,536.0535654693593,474.38470,4743847000
956.8551465143345,585.6832744525614,474.60320,4746032000
960.7661882004668,607.6922136993575,474.86800,4748680000
956.3270470905813,627.8938981034654,475.14750,4751475000
956.4242572138332,630.8755140283031,475.37530,4753753000
1031.8093102560797,631.0835920691709,475.61930,4756193000
1039.1510480635586,579.8726871069316,475.82950,4758295000
1088.5121247472084,638.7540064642833,476.06970,4760697000
1039.4898758317404,627.8707656804124,476.31070,4763107000
1048.1175307444942,685.971854710309,476.52730,4765273000
1087.0397158536825,664.8522251980387,476.75040,4767504000
1017.2116971644139,683.0705689245012,476.96670,4769667000
980.8603337230353,721.1830052988016,477.19280,4771928000
970.7259774787541,720.8149149379007,477.42090,4774209000
924.1073565833794,698.5108722077741,477.66700,4776670000
870.3920350514157,727.6856476456162,477.89710,4778971000
884.6302653325293,673.4777562704721,478.12710,4781271000
888.7780153839981,588.5763407165337,478.34960,4783496000
898.9859127544571,566.0890750424627,478.56100,4785610000
913.2707700896601,548.8975131756091,478.78140,4787814000
866.2884411263835,516.2233163344825,479.00990,4790099000
921.802278197736,532.9938131387864,479.22370,4792237000
907.8754007030473,503.1162087260201,479.44090,4794409000
879.8653899213894,429.86752186440174,479.67960,4796796000
865.2367802231961,402.75670410706095,479.89520,4798952000
829.6988080811457,430.77420881510716,480.11180,4801118000
962.613375679631,436.6174384885011,480.32950,4803295000
1013.8502996150859,403.8830695432656,480.55160,4805516000
1018.8536725352238,438.2218606329226,480.77050,4807705000
985.1668149366809,495.62678254147926,480.99020,4809902000
983.4281488640042,490.6534323579564,481.22140,4812214000
935.5963342666881,482.8399993609059,481.43990,4814399000
878.0480747970533,461.7317367238976,481.66130,4816613000
831.9942889234482,422.3983989781205,481.89580,4818958000
836.168857420594,407.4396464856253,482.11600,4821160000
757.7507683904894,333.19181584127534,482.33860,4823386000
665.314942467762,276.9533675548536,482.55050,4825505000
665.9772690161308,312.2271066493729,482.76910,4827691000
664.513958406866,307.348450901439,482.98690,4829869000
703.8522753723238,355.5143281026363,483.21440,4832144000
793.1253916221779,393.09581972854,483.46040,4834604000
830.8585240512505,417.479913437672,483.70000,4837000000
811.5053445757044,416.31588992186954,483.91760,4839176000
780.6943725490406,428.11828630421115,484.13360,4841336000
815.9618443125513,395.29924112078305,484.36360,4843636000
881.2728677779061,414.18967862254044,484.57750,4845775000
913.1216188200581,443.65634944470094,484.79490,4847949000
942.4342550615288,432.5800358918748,485.00910,4850091000
969.0059287908342,432.38327378100234,485.22390,4852239000
1011.3369846729312,455.60396074737577,485.44420,4854442000
988.3966815629134,518.9523825822083,485.68540,4856854000
929.4682542926977,514.2621410285428,485.90810,4859081000
947.5023772056486,556.7669090436852,486.14160,4861416000
999.7691621607325,608.3152458719948,486.37840,4863784000
1106.8159874248202,617.5674102409484,486.60640,4866064000
1026.4558292433294,538.189014835915,486.84980,4868498000
928.8888298509228,469.5281490505552,487.05970,4870597000
863.0155444136756,397.00285688074575,487.28810,4872881000
851.5751824749027,364.5760043003666,487.50890,4875089000
837.1815339186853,396.6713381110131,487.74670,4877467000
847.9698252472102,400.39786257465073,487.99910,4879991000
790.6611807027488,411.3410464306491,488.22320,4882232000
838.8858128580416,519.511749139584,488.47040,4884704000
791.2681070692711,574.1626066449236,488.69310,4886931000
830.6654204184393,602.3264816685055,488.91610,4889161000
843.685007629209,564.0584657000678,489.16880,4891688000
827.3657071029905,501.862386624735,489.39840,4893984000
860.9078033528697,514.2641902615204,489.62030,4896203000
888.384732351755,524.0512608358894,489.84940,4898494000
840.4378721910347,521.9789975755617,490.07830,4900783000
777.6556954005648,506.5470180753228,490.30620,4903062000
768.852672149467,528.7850842147444,490.55800,4905580000
755.1261041356429,553.2441617231509,490.78260,4907826000
791.0749271984378,543.0876078875418,491.00290,4910029000
832.3846642226597,581.9203587530258,491.22020,4912202000
844.725973177834,622.1064671222304,491.44210,4914421000
866.2120643243541,586.42425681522,491.68580,4916858000
847.4062311804956,533.8787980715784,491.90730,4919073000
866.2871186974579,524.1063574040608,492.14250,4921425000
883.6084873970042,540.4353029424209,492.36020,4923602000
893.048367016728,592.4209839400582,492.59110,4925911000
917.0435893578712,605.5438585964635,492.80470,4928047000
921.1778016991384,592.0672328106252,493.02510,4930251000
947.1441833327631,549.8606875367296,493.24330,4932433000
905.3968084705854,568.135839523192,493.48210,4934821000
1023.0337196421792,656.4194737282683,493.70610,4937061000
933.6760097754456,595.7954301344633,493.93330,4939333000
887.5848294700796,618.0610128844424,494.16230,4941623000
841.9257545002077,616.2618509050534,494.42620,4944262000
758.4865025386435,588.9651612104957,494.63170,4946317000
809.3180408015609,557.6570581147456,494.85530,4948553000
804.6270868533139,560.3823424119836,495.06420,4950642000
806.7459608592798,533.9377628565453,495.31740,4953174000
853.8203728796744,581.2378783691265,495.54040,4955404000
900.704514620437,674.0742335455717,495.76650,4957665000
883.4255029579286,701.5765439349537,496.00990,4960099000
873.1122030565539,701.5614231716891,496.23990,4962399000
880.9206090412614,629.522556043413,496.47030,4964703000
918.7694350348322,588.4098708135496,496.69130,4966913000
1006.6545134676926,595.7245469769321,496.92420,4969242000
1034.4050605784191,604.6166714877506,497.15720,4971572000
1005.7586801784236,601.0282509270269,497.39630,4973963000
971.9644766414491,621.4337502539959,497.63320,4976332000
896.1652589783362,543.7098650039799,497.85500,4978550000
810.5885738115928,449.71902270791696,498.08090,4980809000
723.8517137420755,419.66687922633054,498.30490,4983049000
737.1943083411801,369.48116299740127,498.54200,4985420000
717.4276501869534,427.9272258800132,498.78780,4987878000
600.7598891115385,429.7131473086391,499.00480,4990048000
543.7973931654392,471.903019459161,499.23730,4992373000
619.283873740567,509.9432299821665,499.47630,4994763000
676.0657781515295,593.7825769148737,499.71030,4997103000
639.1039688578641,586.0235513138848,499.92350,4999235000
686.009099211081,626.740286675634,500.14930,5001493000
686.3634216042669,631.5720449597743,500.37360,5003736000
690.0840946789692,652.7718394291188,500.59560,5005956000
747.0917646225527,683.3580232283242,500.81870,5008187000
768.1303978768146,657.1554612872827,501.03800,5010380000
755.2235504624142,709.8773291471884,501.26300,5012630000
803.7667223266553,663.9716275826918,501.49010,5014901000
748.6574818584423,788.1764610181272,501.70590,5017059000
688.4552608173152,734.5614451045888,501.93280,5019328000
703.5738436696298,712.3307085804354,502.16310,5021631000
742.1529248304862,664.9840866574513,502.38550,5023855000
802.6439539150809,659.180242829596,502.60400,5026040000
886.7943785515266,640.9457268576198,502.82380,5028238000
951.3350285061464,608.3094749382386,503.06680,5030668000
994.8276956187175,543.5655514511454,503.29220,5032922000
1094.8253998843886,525.8227008416342,503.52890,5035289000
1061.75027661971,551.347266140511,503.75370,5037537000
1066.1838588518135,548.2375061659552,503.98600,5039860000
1058.7443805037713,561.4212193032569,504.20930,5042093000
1163.8714432285615,560.0644642070363,504.46310,5044631000
1192.5171492312918,514.2968084713027,504.68820,5046882000
1213.090154297475,507.646705699204,504.90630,5049063000
1286.823280889314,493.58246641404725,505.13420,5051342000
1253.893779859915,466.85411254603116,505.35930,5053593000
1242.638109215268,450.0942710163537,505.58440,5055844000
1253.6176778335694,411.4495688064411,505.81090,5058109000
1343.294950972073,413.66768138455615,506.03240,5060324000
1439.5837523036898,408.37746235646404,506.25610,5062561000
1316.7918655266074,626.6858258289317,506.47020,5064702000
1404.733110582758,541.0311153922233,506.68730,5066873000
1194.042089534218,606.5932324511359,506.89970,5068997000
1157.4980767965856,549.1677747455662,507.13930,5071393000
1058.9144000978265,561.5342277989523,507.36350,5073635000
978.1944501306419,554.3597650560914,507.58720,5075872000
888.4506181919288,573.8739052340014,507.83890,5078389000
798.4984350137838,603.1951286329145,508.05660,5080566000
823.1531092306376,585.090220868248,508.30090,5083009000
891.0643311058636,521.819474731332,508.51930,5085193000
835.0898180654685,586.0283776776988,508.75770,5087577000
843.6901535562645,547.2393077160426,509.00480,5090048000
908.7952548871374,488.81434233759177,509.23250,5092325000
887.3154080476662,415.75175949871823,509.49400,5094940000
883.4057900612612,434.0698227819554,509.75360,5097536000
904.0662064009235,479.3128328837,509.99860,5099986000
942.6162916104298,567.4785727896317,510.24070,5102407000
973.8730858221556,601.8825309634382,510.49100,5104910000
997.6661088506037,602.3576755739867,510.72160,5107216000
949.1778858809574,558.1222574840723,510.94430,5109443000
862.7605387305239,482.89680831899716,511.16880,5111688000
897.1311737385555,418.90634981178573,511.42050,5114205000
900.5922100906621,414.2055651667933,511.63240,5116324000
965.4380187598705,377.86758452858015,511.86030,5118603000
1023.4182594631507,306.5691415979097,512.07760,5120776000
988.5423094439698,304.57602321369586,512.29320,5122932000
987.7033377569215,304.80914888404965,512.51200,5125120000
989.4041239829847,325.1006574048912,512.73730,5127373000
896.5493492987791,435.3353562108512,513.00170,5130017000
941.3962745383129,398.8890254214333,513.25200,5132520000
978.2774835549455,382.7511988091677,513.51060,5135106000
950.1412997949909,361.2909056015718,513.73200,5137320000
914.7643623263968,359.9032800608283,513.95610,5139561000
896.5494760150314,372.4842212023638,514.19640,5141964000
903.9793478593376,445.80367170878753,514.43020,5144302000
846.2615132617166,533.5485193917023,514.67650,5146765000
814.3022766905029,566.0536416237337,514.91400,5149140000
855.3749544406213,641.3468377152215,515.14500,5151450000
860.4346511858693,574.0560051192508,515.37140,5153714000
859.5599534570571,548.2455844919933,515.62980,5156298000
933.5154467902872,546.5286320113927,515.85780,5158578000
898.7851970948216,554.2188008981066,516.07700,5160770000
962.9598122098058,535.8087434955833,516.29670,5162967000
1060.095590106587,501.7561320343829,516.51500,5165150000
1082.8879978323498,433.91110813805415,516.73890,5167389000
1080.2724443197696,433.51102695364966,516.97860,5169786000
1152.3850027617107,425.6046018325624,517.19540,5171954000
1176.1808213510496,374.21883814692563,517.41100,5174110000
1179.735369967038,410.6777137086897,517.62900,5176290000
1230.0057719518734,439.0234820435836,517.85430,5178543000
1237.9386243731885,440.2145999493486,518.08490,5180849000
1238.4771255705527,386.2971492835708,518.30590,5183059000
1309.2220296765636,425.7541877135279,518.53330,5185333000
1337.4555203864359,393.92452035610404,518.76230,5187623000
1300.1782329038497,336.51695523774987,518.97840,5189784000
1304.5771501373672,358.3670214987349,519.21530,5192153000
1285.5797931942177,355.27237173056625,519.46680,5194668000
1248.7635712007182,405.9959349993315,519.68690,5196869000
1286.1229731818812,478.027811728891,519.90880,5199088000
1165.1399197795863,463.533276900044,520.12200,5201220000
997.9722137254705,466.66847540805156,520.34050,5203405000
1028.772109722497,490.98949175581896,520.55700,5205570000
1010.393014620374,479.48032601112396,520.79550,5207955000
1016.3663417959822,474.3839965913821,521.01910,5210191000
986.402355680347,457.5603377868296,521.24260,5212426000
917.273663540945,481.99864059112343,521.49080,5214908000
852.4615637311443,494.5034882831613,521.72080,5217208000
811.2427713225896,460.09396587096893,521.95200,5219520000
843.831362201957,482.7754281621507,522.17010,5221701000
829.3638024582928,503.63633919564364,522.38800,5223880000
854.3656235681839,582.4995573326364,522.60120,5226012000
834.4911203053563,589.1932043490175,522.82630,5228263000
763.3534084796321,557.3831273193595,523.04600,5230460000
783.2347265201297,543.2688631740444,523.27110,5232711000
776.4626926734156,500.24258213895087,523.49820,5234982000
783.1820635304683,506.0404521930927,523.72030,5237203000
811.1264064631993,501.5469490144633,523.94910,5239491000
848.3492067561757,502.5622140328889,524.18430,5241843000
928.3647135127743,472.9845457621551,524.39520,5243952000
958.1686434082452,496.6592086061133,524.61670,5246167000
910.6957529661302,438.8830828333711,524.82550,5248255000
883.6027874774488,470.2418325762427,525.03790,5250379000
823.5902740701501,501.6452110712087,525.25130,5252513000
769.3828580277708,497.58216677230786,525.46060,5254606000
780.8076407449739,560.1421165428743,525.66650,5256665000
730.4945632936248,540.7207979653209,525.88710,5258871000
796.0562435485149,558.1357696131565,526.10980,5261098000
755.583229221434,516.5475639316325,526.32790,5263279000
728.5215206716092,574.5745249676974,526.54530,5265453000
734.4021489207106,631.4814456605874,526.76740,5267674000
729.050594672855,637.7743075148586,526.99090,5269909000
668.818270081959,604.67767108071,527.21650,5272165000
667.331472959948,560.7723571356048,527.43850,5274385000
703.8210601070958,597.212465510615,527.65950,5276595000
682.2972612514347,587.1376177284467,527.87340,5278734000
778.6210730576562,553.1259267833885,528.09100,5280910000
871.7278211879502,573.8788987917259,528.31310,5283131000
1047.4699793572865,585.5394284476847,528.52930,5285293000
1045.1899643883548,638.2784791800149,528.76180,5287618000
1068.2232869228228,677.0732280663111,528.98280,5289828000
968.2918997465629,724.3636169588402,529.21120,5292112000
895.447942046023,704.0598888899029,529.43650,5294365000
863.0867228127454,668.401845408496,529.67670,5296767000
838.8687717536715,601.7815213150222,529.90040,5299004000
980.7440803539034,524.8518564227181,530.11820,5301182000
1173.8560254124736,511.05369969072706,530.33870,5303387000
1237.8782847562247,432.26849917599566,530.55640,5305564000
1352.474838384528,378.8157997647084,530.77970,5307797000
1365.4849914521064,375.972147214758,531.00490,5310049000
1362.9468570866823,319.004805121136,531.23510,5312351000
1318.869060364309,421.29522058202826,531.46090,5314609000
1211.3099176151504,434.9388131488507,531.68050,5316805000
1152.0034670608775,479.33827066429296,531.89540,5318954000
1110.1107803849438,489.2828136958766,532.12380,5321238000
1075.000929566591,563.5592958938767,532.35190,5323519000
982.4685628786584,543.7134816775435,532.57410,5325741000
949.6721758938223,527.4414835335141,532.79350,5327935000
917.4546513799388,571.3028317768352,533.01380,5330138000
942.4041874587564,557.5585879467787,533.24580,5332458000
1021.8184876400142,543.385744165509,533.46310,5334631000
1052.9597808037113,491.8331429607231,533.68110,5336811000
1012.6121608842232,440.53043258326693,533.90060,5339006000
1032.0788776382367,515.2189244912814,534.11640,5341164000
928.2645857401243,405.7114803219356,534.33270,5343327000
949.558401979575,423.18154841165006,534.55190,5345519000
1045.9614481145636,417.51118605387006,534.78330,5347833000
1169.18781806953,395.2769348131689,535.02660,5350266000
1243.7779271941924,383.4835440954526,535.25010,5352501000
1244.6660965082847,409.8289762622468,535.47870,5354787000
1282.5338160772865,401.3342942455872,535.71100,5357110000
1146.889625511507,554.6870772816434,535.94910,5359491000
1086.5441925020623,608.5414420234905,536.18010,5361801000
969.7069479792707,635.0478815090426,536.40350,5364035000
871.0951408114736,564.6760591713802,536.62960,5366296000
826.2269758736538,501.40761847802383,536.90920,5369092000
857.3752502861672,501.5197858241661,537.16960,5371696000
855.6942890575338,519.3158339550445,537.40080,5374008000
798.7954579463641,478.8341287457142,537.64700,5376470000
781.9642405269179,493.18062067115807,537.91700,5379170000
794.0222673343821,462.1969752440855,538.14410,5381441000
828.1023815180497,460.1436698033565,538.39440,5383944000
909.3124111909049,535.2600720513452,538.64010,5386401000
886.7658999539761,588.2266348888046,538.88800,5388880000
862.6442813925963,591.9458204031746,539.13340,5391334000
836.81724305787,598.8185419947731,539.35900,5393590000
801.8089295509141,578.9646231860876,539.58260,5395826000
750.1884617339698,637.2448008120641,539.81070,5398107000
738.2936707123544,676.3643880660751,540.04420,5400442000
700.1152782919792,753.2839069924742,540.26690,5402669000
697.0675281421327,753.8250716303429,540.51090,5405109000
657.2361131922116,832.9176920896269,540.73060,5407306000
696.2908829235181,845.2297065592699,540.99370,5409937000
824.2395492716905,839.3454451319159,541.22660,5412266000
864.2036158115602,836.6393894461424,541.46110,5414611000
939.0242847751131,785.3974290091445,541.72980,5417298000
1047.9273978353012,763.219457334684,541.99820,5419982000
1038.4657570795212,669.5823964084977,542.22260,5422226000
1127.4153737280917,637.9497987059924,542.48540,5424854000
1164.1712818807928,587.9193560384408,542.75290,5427529000
1082.263669755396,658.1775514654437,542.98690,5429869000
969.9131679599893,513.8270481299242,543.22620,5432262000
838.1635634780771,484.15658146654573,543.45650,5434565000
764.136232319119,448.3186133415973,543.71360,5437136000
754.2290905288055,441.5729537442257,543.93240,5439324000
811.2576556951675,428.29658075714315,544.15470,5441547000
845.5724534092451,451.49966301379123,544.38740,5443874000
911.7891264074926,484.0490027314235,544.61330,5446133000
917.9541201093897,554.1143665074517,544.85180,5448518000
897.238823862575,569.3967770930049,545.07640,5450764000
941.8569249918049,683.862405817489,545.30180,5453018000
951.6334854489498,723.3033862944595,545.52100,5455210000
957.7553215522234,723.5471688231786,545.73940,5457394000
934.303804850188,776.536041408122,545.96660,5459666000
919.2483854118648,796.7728633412119,546.18760,5461876000
919.973729398033,787.0488431164338,546.40520,5464052000
886.7871934261555,779.9493916642566,546.62940,5466294000
835.4977989716858,792.675682636724,546.85020,5468502000
843.4571690329489,708.5923363446755,547.08310,5470831000
890.0084933598636,683.5923399926902,547.30530,5473053000
880.3070761570402,616.0121174304678,547.53290,5475329000
952.7138896006696,605.3105436057082,547.75500,5477550000
909.2505790002195,607.3984917683938,547.98760,5479876000
906.3188255493362,655.3836288315074,548.20760,5482076000
929.3153469879335,714.9093741718243,548.42830,5484283000
879.6816830208904,773.829321947025,548.64370,5486437000
893.0362847515753,744.0405575365495,548.87070,5488707000
918.4460009069136,693.4578892745541,549.09810,5490981000
967.9427771506718,685.3733000806444,549.31890,5493189000
1007.3632569002942,641.1306852775017,549.53430,5495343000
959.1694023365752,643.7505109220932,549.76540,5497654000
892.7898805093295,643.2193741850087,549.99100,5499910000
926.6447592675082,669.4032398204441,550.21690,5502169000
952.1660275294925,669.5149046454618,550.44440,5504444000
1000.8125436197164,637.765208739653,550.66950,5506695000
968.9682444634465,582.8420967486222,550.89380,5508938000
999.8538878236409,550.6229210087814,551.12030,5511203000
979.3086436160352,486.9828623311356,551.39220,5513922000
998.868443233871,496.4167239871857,551.63970,5516397000
1014.5345501010667,433.9895567267818,551.86060,5518606000
1018.7740876785494,384.7795730552288,552.11170,5521117000
1051.0917366325486,300.706235455648,552.34290,5523429000
1209.409733913036,324.03059575942416,552.56400,5525640000
1241.4747792702985,351.91269122296217,552.78900,5527890000
1310.288513879759,425.5722212407388,553.03760,5530376000
1302.7925012463832,436.7000469842089,553.28430,5532843000
1373.5112218267739,472.6613631573101,553.51590,5535159000
1371.211559747666,458.52714718072724,553.74740,5537474000
1325.2840497329923,435.96160897974653,553.96510,5539651000
1336.1178738525768,422.7471376495029,554.19260,5541926000
1270.8841949609032,418.1333353824332,554.41780,5544178000
1331.6753951584603,464.7115556103627,554.64710,5546471000
1380.0946849115116,493.3016798428978,554.89870,5548987000
1349.5393485849415,483.2262107598402,555.14980,5551498000
1299.4260982802446,483.8220021382349,555.42370,5554237000
1381.9296153175712,512.8845844993557,555.64170,5556417000
1367.7854921208586,489.52504068750875,555.86400,5558640000
1313.0504148353036,568.5281846914852,556.12770,5561277000
1300.9808696857474,554.2191306518349,556.36660,5563666000
1224.205318566487,640.4156620096703,556.63560,5566356000
1129.538483690684,674.3448938071211,556.85930,5568593000
1103.1184912110666,624.0815913471429,557.08720,5570872000
1007.0655889005393,602.543681815035,557.31060,5573106000
1007.8274975789313,559.3007250910576,557.53900,5575390000
985.299138471203,535.0838026366627,557.78660,5577866000
899.4240659956027,548.570779241911,558.03650,5580365000
907.7007609804169,511.02059811592153,558.25430,5582543000
887.5682340924716,520.869390899981,558.47490,5584749000
832.2965256469008,526.0825366127627,558.69910,5586991000
841.7163760953132,571.56569134667,558.91550,5589155000
862.5984597518998,600.6064314726594,559.13840,5591384000
859.0013596734892,663.2705234031926,559.36930,5593693000
856.8205260875501,675.5824163931503,559.59090,5595909000
824.1663772527415,665.368607675151,559.81360,5598136000
827.6455157008934,689.7298047941815,560.04390,5600439000
855.3366844766595,668.0218513074238,560.26750,5602675000
832.3256873567076,715.0332246225121,560.49040,5604904000
833.2892563675639,696.7410920418171,560.71960,5607196000
788.6701248314694,694.2571780034808,560.93260,5609326000
831.5260513582995,662.3153697706063,561.15140,5611514000
826.6024142201697,596.3714515418521,561.37960,5613796000
872.4891140359231,556.1070750278272,561.61330,5616133000
908.4293167746031,539.8615673270372,561.82920,5618292000
991.31817896247,524.6773682711257,562.05710,5620571000
1017.4955140801434,574.8272466542998,562.28200,5622820000
1115.6286911438974,581.6051577370897,562.51040,5625104000
1099.9730632526794,601.4631655778808,562.73590,5627359000
1053.268323116095,609.7432794150756,562.96310,5629631000
980.4502618139242,668.7823059432194,563.18620,5631862000
895.2789586165851,661.7024718949721,563.40790,5634079000
920.9443559174688,555.8348735270993,563.62300,5636230000
911.9430492784925,546.8802769321243,563.83770,5638377000
987.4662803992901,459.9636917528137,564.05620,5640562000
1091.6981200539121,377.4333539714984,564.27560,5642756000
1174.445209656892,344.70100582106306,564.49830,5644983000
1434.6002222798988,316.344099628408,564.72730,5647273000
1251.4386826588843,277.0901626508924,564.94660,5649466000
1161.254287408387,288.99184746205015,565.16230,5651623000
1000.4096480609796,385.35931955134095,565.38130,5653813000
914.7056731818093,458.30714924331085,565.59950,5655995000
976.3715559517151,565.5614081126029,565.81760,5658176000
972.6412543931067,656.9216959478134,566.04440,5660444000
903.9696150637016,660.8093781920653,566.26870,5662687000
915.7651018157746,638.8724165778685,566.48740,5664874000
937.2497593999622,687.0539359566299,566.75610,5667561000
896.5423689976066,729.7194965141391,566.97500,5669750000
882.1652551467607,703.3550394138617,567.19510,5671951000
877.342078000342,704.627897234134,567.42590,5674259000
894.5069114643558,659.8923814821293,567.64310,5676431000
916.5873316235803,683.3904814647941,567.86760,5678676000
947.0443215284724,701.015435170627,568.09160,5680916000
985.9354502503941,707.8718110225943,568.31940,5683194000
1032.4612005596678,734.2261024497813,568.54420,5685442000
989.571922730463,716.2379788451263,568.77450,5687745000
1020.7585997094418,646.9329139446252,568.99330,5689933000
1023.4713052738356,610.1613556219476,569.21970,5692197000
1009.1176253133847,570.9463527274041,569.44870,5694487000
1016.4734230262482,566.8550770802426,569.67680,5696768000
1028.785111240454,624.8061630477074,569.89750,5698975000
1028.2462618074971,638.763646340836,570.12110,5701211000
1042.0436927413286,614.1399806775297,570.34310,5703431000
1012.1280172093694,682.6122851994174,570.56680,5705668000
967.4118214923144,747.9501143609031,570.81600,5708160000
1049.9655546363992,712.314242341286,571.06940,5710694000
1072.4030762283232,666.8186288725929,571.29500,5712950000
986.4892304335889,711.7113665425711,571.51630,5715163000
1039.3179066265855,694.5958012908347,571.73550,5717355000
981.9090445104896,645.2167183353495,571.95300,5719530000
964.6032798860061,592.116719045371,572.18460,5721846000
996.0354875439945,506.9124121343463,572.40450,5724045000
983.2537989909007,434.2373556233778,572.62290,5726229000
988.242680780161,445.1679112943587,572.83420,5728342000
959.8502534984129,499.4825934978023,573.10140,5731014000
944.2975630505119,497.8479361756921,573.32160,5733216000
941.4174107383916,504.9027505903856,573.53840,5735384000
952.6143557229641,522.0422557081249,573.75650,5737565000
941.6778681462943,564.2042835797964,573.96560,5739656000
935.7028417624864,553.6662176984257,574.18460,5741846000
923.3327217909066,519.5293944690989,574.40100,5744010000
940.0904359581932,512.1453362693674,574.62830,5746283000
852.176293402102,476.53423940271375,574.84880,5748488000
989.4893418851814,371.96010911609403,575.06870,5750687000
1048.8159254120433,408.7174568839266,575.28810,5752881000
1248.6399081723746,397.36424205494393,575.51600,5755160000
1472.7976930595332,423.3887994778895,575.74060,5757406000
1665.3133207105525,393.97435288777194,575.95860,5759586000
1507.5156438174863,326.17314842228484,576.17530,5761753000
1325.2005500519736,330.26757421235465,576.39200,5763920000
1250.0207945306286,348.79943314465595,576.61360,5766136000
1215.9602674209027,338.89174451528663,576.84710,5768471000
1277.5527108286121,341.38422921890424,577.06330,5770633000
1263.253789546422,301.5303350433693,577.27900,5772790000
1261.8648178026297,313.6550976106541,577.50160,5775016000
1148.794399055797,363.16236241920467,577.72370,5777237000
1134.8094082498037,377.2729481832016,577.94860,5779486000
1032.18204118479,324.9594912548951,578.17470,5781747000
1046.2964886941822,358.57141096417934,578.39450,5783945000
1163.756462130714,398.0890778413774,578.62120,5786212000
1297.6888417089806,435.4031234195896,578.84560,5788456000
1307.6955070146032,455.77132718964725,579.06030,5790603000
1337.2791547277081,473.7595125208967,579.28800,5792880000
1262.7532117965045,485.89092529868276,579.50940,5795094000
1181.4567947699704,562.0359818213868,579.73600,5797360000
1158.2968584066539,625.3447889226929,579.95260,5799526000
1139.9663143799594,630.8656690439165,580.16730,5801673000
1241.1665887430936,629.2300338236231,580.41950,5804195000
1299.909029344362,608.5521099528894,580.64500,5806450000
1381.1166069395836,591.5061642337254,580.86380,5808638000
1416.1416293558568,562.2878502211032,581.08560,5810856000
1398.2057441895006,574.8194645183127,581.30660,5813066000
1412.0117376881417,571.9432543727223,581.53090,5815309000
1475.5250231702419,571.2660467921448,581.75450,5817545000
1460.9889300995674,630.1756639439848,581.96870,5819687000
1340.8665230486467,583.8289255156211,582.20240,5822024000
1264.6174799704852,480.5666585757468,582.41640,5824164000
1213.1033286752001,436.1663753778662,582.62950,5826295000
1215.2808043025366,437.31938366271595,582.86150,5828615000
1197.008494298072,455.47829103576305,583.07090,5830709000
1240.035402512394,493.52921794502134,583.28170,5832817000
1314.0131786515344,506.31396853991356,583.51880,5835188000
1315.1518836786597,482.41268627414865,583.75520,5837552000
1348.2663809147252,491.70994047084054,583.98050,5839805000
1336.6547059208397,516.5405503280048,584.22230,5842223000
1325.5353434337424,538.648215549278,584.44560,5844456000
1275.1363578942262,541.2378107254054,584.69640,5846964000
1215.449327937558,616.1461897403941,584.91950,5849195000
1201.3808941697084,619.8787491930783,585.13980,5851398000
1129.9179151095223,623.4251189330878,585.37530,5853753000
1095.7878276273552,639.573411429028,585.59480,5855948000
1157.976633648599,567.9339494123464,585.82850,5858285000
1205.1455440379389,562.1472475836266,586.05330,5860533000
1210.3449371181157,559.0671959397397,586.27590,5862759000
1134.9138436011026,508.9185977754761,586.56330,5865633000
1083.991816973108,528.9816744304732,586.81130,5868113000
1076.3638971520763,511.40993511026767,587.04420,5870442000
985.0137978700473,493.29033702174974,587.26370,5872637000
994.0086443172173,524.9192952719254,587.48280,5874828000
1001.6300997844708,532.0358514365728,587.70210,5877021000
1034.9412326788079,511.09930894794377,587.91810,5879181000
1018.6561694982571,484.7424091085678,588.13060,5881306000
1074.7676243890692,500.18437123456425,588.35280,5883528000
1119.5054985266715,502.85974677902703,588.56510,5885651000
1145.3257992200067,497.9637958254975,588.79970,5887997000
1130.999995979638,500.3943150466414,589.02330,5890233000
1084.8303065436796,487.8887992217309,589.25660,5892566000
1110.1346040419594,524.0986596047999,589.49500,5894950000
1113.8430310385143,572.0565821482071,589.72020,5897202000
1137.9850948938242,568.3413239038756,589.97310,5899731000
1170.5675377940483,556.0446020252334,590.21950,5902195000
1128.032323542706,563.8906921227281,590.44230,5904423000
1101.794841897333,531.610128754487,590.67610,5906761000
1030.0969338393309,458.6152528033704,590.90180,5909018000
1057.372027734516,452.664593414107,591.12210,5911221000
1072.5898018372175,457.29405087940034,591.34370,5913437000
1099.9079767296064,441.2442229590087,591.59170,5915917000
1199.1669482658874,439.28386658445737,591.80880,5918088000
1189.7209446745135,472.98343395394744,592.05550,5920555000
1197.1786217687297,467.2468753246315,592.27420,5922742000
1134.6366904369795,498.72385962803554,592.54970,5925497000
1043.2912561042908,515.8326157975786,592.78110,5927811000
1084.9636791325506,484.816478527396,593.00260,5930026000
1037.1141822500708,493.5171977448385,593.21620,5932162000
1091.7726254322329,504.65447854842967,593.44430,5934443000
1126.7213417363494,502.78565925417337,593.66370,5936637000
1125.4708755113054,510.62273422261654,593.89200,5938920000
1170.8231969411634,534.8947558583266,594.15510,5941551000
1180.2390704497045,499.22648557983814,594.36850,5943685000
1183.7786417101454,499.13119991173005,594.59240,5945924000
1166.620790160943,501.18909803755196,594.81940,5948194000
1208.9169506402811,484.3957496830503,595.04520,5950452000
1207.9675261170662,452.5835446193766,595.27820,5952782000
1199.45645267058,443.3600531422693,595.52270,5955227000
1203.815335275095,410.1258782972188,595.74900,5957490000
1194.8031186561639,383.73865557186497,595.97370,5959737000
1213.9741217203975,369.89213587880954,596.19950,5961995000
1091.1574337727873,359.1108055413457,596.43030,5964303000
990.5413613028228,394.12532117583856,596.67020,5966702000
886.1129103080589,427.978031889815,596.89830,5968983000
878.5882001231691,450.60549985918396,597.14200,5971420000
899.5292477131627,380.0511170878471,597.36470,5973647000
990.2074317368365,383.800288367285,597.58450,5975845000
1052.3468231025875,377.1135970162339,597.80890,5978089000
1063.394918141996,365.550059587602,598.03130,5980313000
1155.1925403934947,330.22406086799896,598.25690,5982569000
1136.9938297267154,252.02142294782305,598.47860,5984786000
1136.3456154116109,216.10831321836312,598.69620,5986962000
1152.7870460460572,233.24403489909534,598.91210,5989121000
1215.3751843893026,323.72644452814006,599.13760,5991376000
1216.317277663749,351.811632517534,599.35640,5993564000
1149.8486755013519,373.4480381192952,599.58400,5995840000
1173.730221244527,366.0773298223887,599.80090,5998009000
1173.739911758435,368.54875479503175,600.01560,6000156000
1165.4142751426514,398.72124411074714,600.24530,6002453000
1115.3058762238861,383.634829451281,600.46530,6004653000
1116.8089241262812,361.55999348444226,600.68550,6006855000
1106.8222324226838,367.17168418428884,600.89170,6008917000
1095.3405251668248,370.593709094575,601.11020,6011102000
1120.906975023425,423.6254810609094,601.33350,6013335000
1076.7949022147557,500.7314544607719,601.56160,6015616000
1073.9488896744524,521.0055786331133,601.78590,6017859000
1067.9156621356203,605.671710586981,602.01520,6020152000
1018.7888751439501,630.6891487227932,602.23790,6022379000
1013.6287694405369,606.5179899662356,602.45510,6024551000
986.1035577933073,639.0183663342093,602.68080,6026808000
962.2023695452049,622.443471060842,602.90690,6029069000
943.2169097059996,638.5452371625604,603.13490,6031349000
967.8323926384039,662.410919256196,603.36700,6033670000
979.8390348003082,659.3847639275945,603.58930,6035893000
1020.2184988610702,685.1969241368968,603.79840,6037984000
1089.0548645146428,645.3167338823578,604.02500,6040250000
1100.9346666796118,622.6859599603006,604.25540,6042554000
1132.5969010526771,573.2688819480524,604.49010,6044901000
1232.0938561887733,536.1437115055572,604.72350,6047235000
1227.6810842661955,462.98489924756655,604.96540,6049654000
1289.4808628105845,436.42782175686796,605.20060,6052006000
1301.5755346539877,458.9349515901948,605.43220,6054322000
1295.0886285388353,493.69762106803205,605.66670,6056667000
1261.0401860795544,467.48562663983955,605.89480,6058948000
1256.9779260936766,453.2632694282432,606.11400,6061140000
1216.2604546325372,460.29673822521676,606.34550,6063455000
1139.692617753738,509.55759013385205,606.59060,6065906000
1136.891199168642,540.506738119823,606.82210,6068221000
1152.0690965475358,522.9961002000541,607.04710,6070471000
1170.9000287541432,539.1613536077119,607.26720,6072672000
1175.6841075219397,530.9513719534477,607.49230,6074923000
1169.4332932696514,562.5021649009886,607.72030,6077203000
1156.3153839465747,581.7365975249808,607.95200,6079520000
1109.7155835969334,564.0952138709151,608.17540,6081754000
1019.9353601630253,630.8399724023898,608.40460,6084046000
1064.5691593236622,601.9969257943239,608.64110,6086411000
1075.636243509229,604.9590022037248,608.87050,6088705000
1129.0191362157982,629.140692563912,609.09790,6090979000
1082.4128498096711,595.7993777862349,609.31970,6093197000
1124.8595498440498,603.0383984718624,609.54810,6095481000
1050.3984044075316,578.2348578895283,609.77160,6097716000
1030.6763555370767,605.1624857674954,610.01660,6100166000
1044.6339072541332,565.8364987052827,610.25840,6102584000
974.8392159085071,541.959624538107,610.48050,6104805000
921.8784503067244,547.9061173032727,610.70170,6107017000
977.7133769301779,536.3735610626895,610.93090,6109309000
1001.5324894590274,484.12877076038575,611.15970,6111597000
1071.138132364691,535.3278343118337,611.38200,6113820000
1056.592598986339,490.7372933388324,611.60360,6116036000
1039.1220846895171,490.83957411112743,611.82890,6118289000
998.8343924308239,476.77177370021764,612.04520,6120452000
998.1200472118783,487.4048313715258,612.26310,6122631000
1026.2267699093445,479.35959531409765,612.47920,6124792000
1067.745610732951,456.4174657987244,612.69990,6126999000
1074.5564951198994,453.04245091532505,612.92000,6129200000
1098.0024867769062,469.2027084389682,613.14150,6131415000
1077.9950047677942,464.1909421646958,613.36460,6133646000
1117.332008185819,437.8955784172971,613.58230,6135823000
1064.1760069900572,464.97213093943,613.80060,6138006000
1036.231127810183,480.4719501749803,614.02240,6140224000
992.830491302742,467.7450021762067,614.25830,6142583000
993.8232596435289,484.37398694807814,614.47060,6144706000
1087.6578155907025,482.46979313630203,614.70070,6147007000
1090.3668411426158,495.3849732408243,614.92260,6149226000
1112.81482128877,488.2326897762877,615.14670,6151467000
1183.261971347254,517.7295523431251,615.36870,6153687000
1203.159800086603,568.0751507636367,615.58360,6155836000
1165.4346560698377,605.5633427120396,615.81070,6158107000
1154.5975538772295,565.6667338342842,616.03020,6160302000
1104.4919751659886,537.5533445393793,616.23770,6162377000
1111.6527386299192,508.88681995086097,616.44880,6164488000
1050.9419628193793,488.9905520545487,616.66350,6166635000
1027.6519073973482,465.5551210278983,616.88220,6168822000
1051.5869869355042,453.2766793917871,617.10370,6171037000
1012.7785062528413,436.3969252730439,617.32780,6173278000
1017.654907450403,431.64472610583255,617.55510,6175551000
1030.6422661879544,415.88065309472705,617.77720,6177772000
1046.0647400917715,381.50913110258114,618.00390,6180039000
1021.5744782400438,357.86765569312274,618.23640,6182364000
1011.4829938489495,297.9565140876571,618.46110,6184611000
1046.4611148488439,328.2984790548763,618.69000,6186900000
998.3854149163833,354.45922926491073,618.91360,6189136000
938.4206018259358,379.31991502312354,619.13450,6191345000
875.9666319800243,372.55720487829274,619.35780,6193578000
807.0529455560217,372.1188611536644,619.60360,6196036000
828.9762229560154,442.02819548091986,619.83460,6198346000
843.3192955943323,457.04851649212185,620.05520,6200552000
851.1334559741902,454.53340931137717,620.28380,6202838000
877.3896147351726,437.253938792827,620.49950,6204995000
920.7475424418046,407.0955224521272,620.74330,6207433000
878.0058262067729,408.5426943387835,620.97080,6209708000
920.8787426139793,381.15638354995565,621.18670,6211867000
928.9136076377437,363.75671806583546,621.40600,6214060000
905.7255426283956,338.5409724227126,621.62510,6216251000
871.5908292421576,344.5782164812141,621.84420,6218442000
824.6612721893507,319.127032807065,622.06940,6220694000
813.9982060704126,318.7254300502417,622.28970,6222897000
818.3636007407189,438.33372785708764,622.50490,6225049000
816.8916469957015,503.02104494142174,622.72300,6227230000
845.510711743369,557.0631267392715,622.94190,6229419000
773.1566928685816,531.0011927434426,623.16270,6231627000
756.9822571923445,530.4729473959081,623.38010,6233801000
700.7546919700961,522.4038352130964,623.59310,6235931000
714.9559111072041,577.5728846982465,623.80900,6238090000
705.4693610693523,572.7606132755989,624.02860,6240286000
665.8419621104655,547.0909491794499,624.24700,6242470000
642.3757441240467,512.4429487088624,624.46380,6244638000
719.1868421174082,534.1732652027516,624.69230,6246923000
726.3909323508459,544.8783441825937,624.91080,6249108000
725.1501313791425,500.068010901588,625.12760,6251276000
775.4233223843577,475.48833838538155,625.34830,6253483000
767.1288812705997,422.8949395106531,625.56730,6255673000
809.1825364017891,385.0810005814096,625.78470,6257847000
868.0978085154493,339.95184350386774,626.00340,6260034000
871.8594976152054,351.06001059948613,626.22720,6262272000
888.3559257403647,363.34894380243605,626.43840,6264384000
896.0077857953316,345.2180998021236,626.65600,6266560000
895.8515421016095,369.84605009641894,626.88160,6268816000
983.6671928474176,360.003453450783,627.10580,6271058000
1017.7349028499546,307.1410451247162,627.34370,6273437000
1024.1944855723107,298.10682598150044,627.55760,6275576000
1080.8104370575843,320.8172759745245,627.77690,6277769000
1132.4801433081607,394.2406516450217,627.99240,6279924000
1062.631894906065,441.0645313056318,628.20780,6282078000
982.7716733487811,455.2610560828467,628.43080,6284308000
868.3658315777857,508.0041935843219,628.65160,6286516000
808.1332420957758,522.7900710820752,628.86190,6288619000
763.4563866799446,509.5802400153977,629.08500,6290850000
755.2564810201864,483.8730780258067,629.29820,6292982000
762.9915288204994,468.4705930214228,629.52170,6295217000
839.7155974039314,433.6853165730254,629.74870,6297487000
877.4564750652645,411.3264149671977,629.96820,6299682000
863.9539760997902,420.8534874734287,630.19500,6301950000
896.9986230475397,410.18971881056257,630.42190,6304219000
914.3894074349619,358.81571086125524,630.66980,6306698000
882.5760710409234,320.85825026257453,630.88960,6308896000
920.2175172048267,318.9200217640468,631.10660,6311066000
976.1992724025846,346.74131659353,631.34500,6313450000
994.8034217983353,378.6936402455839,631.57920,6315792000
962.997540378988,434.659726091707,631.83290,6318329000
907.8898688836948,501.2167514112551,632.10970,6321097000
859.147706069565,554.0852141936753,632.35850,6323585000
873.1494952107258,499.30975526132715,632.58870,6325887000
860.1459631657656,527.2450014273536,632.81880,6328188000
903.3616394162837,541.4655605541125,633.04650,6330465000
867.8189047725261,605.2347748455585,633.27980,6332798000
841.9529460921262,639.1278443349623,633.50970,6335097000
816.0313130412787,701.7298151740334,633.74350,6337435000
831.7749503040257,674.4023432179688,633.97000,6339700000
766.2515461824876,641.4060320348973,634.18080,6341808000
726.2066686108426,638.5659257927539,634.45000,6344500000
844.1306946013312,629.2858688107796,634.68910,6346891000
911.1907011146574,546.7379888031165,634.90970,6349097000
974.8288114594461,570.7849471888464,635.12930,6351293000
976.6073590758684,576.7750290521396,635.39100,6353910000
1098.4422936205124,589.668263124269,635.64310,6356431000
1115.0822515219536,576.3656478793257,635.87260,6358726000
1089.9855380561985,544.7522867264744,636.14420,6361442000
1069.7244338119428,554.3546803935775,636.38330,6363833000
1045.6114112483822,571.7710193800507,636.64090,6366409000
1043.8005447397734,527.7866668278247,636.90880,6369088000
946.1965677012433,466.8527336596529,637.13450,6371345000
929.8846920619185,449.0480314585207,637.37710,6373771000
944.4163487791552,460.4483343977846,637.60370,6376037000
954.9442554702466,440.97551308620933,637.83690,6378369000
932.0879890433313,430.1379996665585,638.07060,6380706000
933.7068859143592,435.15424339962505,638.30970,6383097000
977.1384031712624,378.5026234108499,638.53650,6385365000
1002.5875968047842,337.70815595661617,638.77010,6387701000
1017.4254081853111,363.7956377154155,639.01020,6390102000
999.8182866609644,356.3247635887288,639.23590,6392359000
944.5315940867295,353.8256468279584,639.46530,6394653000
878.833484101627,406.48945313004396,639.69420,6396942000
844.53737042371,476.3014425013042,639.92720,6399272000
861.5098276659841,511.71729031364976,640.15590,6401559000
865.8645796197567,480.30949493532216,640.38290,6403829000
940.5669448646588,476.71818104446487,640.61540,6406154000
960.6741052298603,458.7953854916099,640.84600,6408460000
955.7107064651308,440.63986965355497,641.06120,6410612000
991.69815547993,419.5346880053406,641.28250,6412825000
996.1965003421677,438.3939740634243,641.49840,6414984000
998.510669451558,472.19141231797835,641.72380,6417238000
946.6960438338832,487.148137300208,641.96510,6419651000
933.7665974511567,531.0423191653874,642.18310,6421831000
906.4733489648621,527.1197127671555,642.40320,6424032000
862.7111609134216,536.6083770470643,642.63270,6426327000
829.1712754839485,640.2061900372288,642.85950,6428595000
829.0223400731006,654.9874865479636,643.08730,6430873000
807.8851611579207,666.2184236112734,643.31040,6433104000
828.3161911602693,647.6234470499023,643.53310,6435331000
848.0962198778881,613.0221340100676,643.78120,6437812000
876.4144632724293,599.7643994388907,644.00130,6440013000
907.3116074252165,569.1045953536327,644.21330,6442133000
921.5184776733,618.7434672076988,644.43490,6444349000
904.266672974116,615.7895788617684,644.66360,6446636000
911.1505067895473,701.7957642167305,644.89840,6448984000
869.3298048021428,657.8680594214699,645.12840,6451284000
796.7664887730791,631.6723962181713,645.34540,6453454000
809.0208164474291,633.1036762694474,645.58530,6455853000
821.7850774760219,625.0990109564142,645.80710,6458071000
782.1935283845497,566.4363449615037,646.03140,6460314000
770.4704152082003,526.1354490651229,646.25210,6462521000
793.7275343055057,593.7967810526559,646.47010,6464701000
736.0128446607121,571.8806806503085,646.70510,6467051000
791.823414391481,571.1247362595514,646.92820,6469282000
833.5132904037824,606.5131959668647,647.17090,6471709000
824.8510386840808,653.4676444815723,647.42170,6474217000
804.0279778559517,623.2271638240555,647.65140,6476514000
797.1493702096287,697.5195342118012,647.88000,6478800000
873.1689445321782,621.3365713856849,648.11480,6481148000
968.4443403731786,559.4618692956413,648.33760,6483376000
970.4024309614007,487.4595312368375,648.56440,6485644000
1009.3554135032407,457.62908007036583,648.78830,6487883000
1095.8047544651254,451.1029769097861,649.01380,6490138000
1062.3805174357365,438.14266433381476,649.23170,6492317000
991.6611723656268,496.9504048097108,649.47420,6494742000
1010.4773947185113,464.0903475409508,649.70000,6497000000
999.4059785525535,483.40223752839154,649.93460,6499346000
931.8610587591185,428.69681149175113,650.16110,6501611000
849.3760277909147,478.8658457736643,650.38310,6503831000
901.749453876812,446.5402277906825,650.59840,6505984000
948.6376028502012,400.07561702747586,650.83140,6508314000
948.3442735756213,478.1790014644813,651.05500,6510550000
905.7383128801182,518.61730442572,651.28110,6512811000
922.7318708856328,562.3877111939985,651.50930,6515093000
953.972693946236,578.7350661404074,651.73230,6517323000
1047.9876408593068,608.5639310882725,651.96520,6519652000
1138.012049910095,620.2043285680388,652.17830,6521783000
1161.6020034283295,613.9987403177059,652.39890,6523989000
1145.5408503180624,592.1605987215108,652.62010,6526201000
1161.0189872600104,506.6128454402862,652.83770,6528377000
1181.7964402512075,525.0318863547608,653.06480,6530648000
1187.277613080972,554.0850105649095,653.30030,6533003000
1190.2117047870574,534.1601033848614,653.53910,6535391000
1169.2433105719342,468.6463367344429,653.78180,6537818000
1116.6934982233975,455.2972464408925,654.00410,6540041000
1085.0276523454756,422.20009107918094,654.22740,6542274000
1095.9922100093022,446.9395230226537,654.44500,6544450000
1103.9595063204647,437.19123201216263,654.65810,6546581000
1094.2023932865648,476.49478998034385,654.88130,6548813000
1082.5580448498276,459.099874552306,655.10630,6551063000
893.3247673670921,447.6505646293788,655.33990,6553399000
896.6789091916265,448.0632717769577,655.57170,6555717000
950.1627299696055,458.945192222964,655.80500,6558050000
972.6485333969298,463.18917276067606,656.03310,6560331000
983.3997567846054,491.63057911381196,656.26990,6562699000
1019.150278451401,529.8038205065932,656.50180,6565018000
1092.313036695038,547.7447202535649,656.73670,6567367000
1102.6177377929253,549.205997773259,656.96550,6569655000
1103.5388819100335,560.841421882519,657.20590,6572059000
1044.1597638827652,527.0934865220595,657.43510,6574351000
1040.221130340484,472.77666304018464,657.65940,6576594000
998.4740891168663,461.37523194857414,657.87840,6578784000
1017.8172015021931,468.57552674187343,658.10710,6581071000
952.6336152459315,501.6264795405123,658.33550,6583355000
983.6970032980321,514.2777385704469,658.55790,6585579000
989.0087047045678,521.7740006437181,658.78940,6587894000
1010.9486055637059,498.25739259198406,659.00320,6590032000
1040.8119362841128,537.8087326201966,659.21560,6592156000
1077.751487457734,480.15204603510904,659.43420,6594342000
1093.498955141732,485.2257235353898,659.66880,6596688000
1112.1395854527043,500.9855149493379,659.89990,6598999000
1080.783279456281,504.47472354930534,660.13100,6601310000
1100.4809287495764,503.76406127769,660.36340,6603634000
1130.0167671981126,498.90259284912173,660.58610,6605861000
1077.894400931487,525.3448563104448,660.81360,6608136000
1066.1656488823605,502.32453621283435,661.04210,6610421000
975.1997846161389,403.825949963963,661.28830,6612883000
1054.479749114641,398.3917465202593,661.52070,6615207000
1075.5979064341464,373.48900056885776,661.75020,6617502000
1064.5311782830313,321.9253229887811,661.96790,6619679000
1106.6159945355955,318.8148335809633,662.18760,6621876000
1103.0398095599862,280.55710698745077,662.40600,6624060000
1054.1920811610198,361.8280936673799,662.62230,6626223000
1077.7509351712467,307.9221646283038,662.83950,6628395000
1009.0995511520322,297.0239713028999,663.05670,6630567000
940.9204752071638,269.58548881936395,663.26870,6632687000
972.2115141947261,317.0377254352321,663.48780,6634878000
1022.8381551762134,330.5162302101618,663.71140,6637114000
978.6138903864345,339.44607205443157,663.94090,6639409000
968.4035160765178,284.5146069333605,664.16250,6641625000
988.092952434731,369.3021897712124,664.38430,6643843000
936.3989748611091,408.36501537451056,664.60380,6646038000
895.2635482456071,410.8958493719325,664.84800,6648480000
821.5105648400713,522.6067838631873,665.06310,6650631000
801.1478331912426,519.4490913693979,665.28220,6652822000
845.7344858635894,530.4974244819897,665.50140,6655014000
787.378773114721,495.20425169157613,665.72740,6657274000
799.2228504363834,477.99466090092983,665.95200,6659520000
768.1182216371607,516.5975625181919,666.17500,6661750000
822.7090642630752,553.9145353575814,666.40350,6664035000
893.3555022745473,539.867786582703,666.62820,6666282000
960.4589262157068,536.1587288712394,666.85340,6668534000
994.448397628355,543.3051393726143,667.08220,6670822000
985.6253651311911,582.4349576536873,667.30590,6673059000
984.3070610011553,587.534770256603,667.52930,6675293000
942.4376904758726,571.5623959679829,667.74720,6677472000
979.6725267684229,591.7280761962336,667.95810,6679581000
981.4047031034667,536.0390304051139,668.17210,6681721000
1010.4822683961563,580.0206542215583,668.39180,6683918000
974.7139817196975,528.9809198574586,668.61650,6686165000
971.3930386887127,486.188435659835,668.83750,6688375000
1096.6803544762993,519.427728008625,669.06280,6690628000
1206.8283363503772,558.8345216000848,669.28680,6692868000
1241.3077868762878,577.1293030576867,669.50990,6695099000
1279.8371771999264,660.0032134924311,669.73500,6697350000
1230.7303421868294,604.3805125881638,669.97430,6699743000
1197.355181502272,556.9286647822303,670.19990,6701999000
1221.9646939752204,475.2675598377595,670.43620,6704362000
1248.390257169499,511.22564175608113,670.67080,6706708000
1263.354733073879,516.0927036118412,670.91310,6709131000
1304.5110197792173,460.7137986898313,671.16170,6711617000
1315.3633099029284,496.0535532342859,671.42880,6714288000
1330.40429171247,476.4160338532157,671.65350,6716535000
1218.5686805656412,463.1557116433778,671.92580,6719258000
1169.3314060561713,515.5003790821886,672.14930,6721493000
1168.7082583742185,538.3940418325079,672.42250,6724225000
1204.2030441366105,573.441059240244,672.69510,6726951000
1212.687006688537,587.5658230714997,672.91460,6729146000
1161.8900883271272,596.7337507453016,673.18550,6731855000
1101.8951086250709,586.1595289991577,673.41830,6734183000
1109.8044777058033,626.0771956251901,673.65030,6736503000
1170.3112308514126,658.746366272415,673.89620,6738962000
1177.514211436874,672.3889686876263,674.11980,6741198000
1246.5375155970905,672.1192935376306,674.34210,6743421000
1271.400430030208,706.6308521144124,674.59430,6745943000
1270.9108583131003,734.843441508218,674.88000,6748800000
1226.1237511964557,762.5616742409345,675.14660,6751466000
1166.9400788266883,765.5698372515508,675.41670,6754167000
1165.5571015279577,768.6018680630009,675.63490,6756349000
1053.9143949225781,750.7278402767209,675.89310,6758931000
1004.9628981377966,762.9480821809091,676.15300,6761530000
946.444888611839,641.6479529100981,676.41370,6764137000
963.7413132934594,624.8219281720669,676.62460,6766246000
1000.2320329681892,640.4040217837746,676.85480,6768548000
1007.2045243966006,697.7874891969007,677.08920,6770892000
940.6930660968558,702.579002674449,677.34530,6773453000
986.7069313204994,701.3584994320096,677.57350,6775735000
1114.3912480069475,655.7358557471632,677.80400,6778040000
1144.7162811727194,633.9481573189827,678.03620,6780362000
1215.5814738253048,658.6239466518924,678.28540,6782854000
1294.4102159580036,651.109963188324,678.52820,6785282000
1377.7371247212095,620.9245303755891,678.76400,6787640000
1357.9367744017022,532.030759174386,678.98300,6789830000
1379.6652239614514,553.863034088416,679.25690,6792569000
1341.9000897241265,550.8066367381615,679.48380,6794838000
1311.5448009627648,614.877094682518,679.70610,6797061000
1210.883358630955,622.2456120015648,679.92410,6799241000
1138.1814221169245,637.4464900457583,680.16710,6801671000
1115.4834193509803,636.9281145008267,680.40740,6804074000
1087.7465613434542,651.5937889146768,680.63330,6806333000
1187.4916617013894,619.0294746382804,680.89590,6808959000
1215.722125119186,568.880054147138,681.12090,6811209000
1236.3827921225934,568.2676613669416,681.34440,6813444000
1277.3403482629165,571.0720426107343,681.57570,6815757000
1321.9178563554199,553.0891093070113,681.79890,6817989000
1321.352242866228,510.1952659423003,682.02300,6820230000
1175.8539378284743,534.0083503057185,682.24650,6822465000
1092.745172501678,502.8417040194187,682.46960,6824696000
1048.883011725607,492.6249002274711,682.69430,6826943000
1037.2625016957666,534.3808107380876,682.94420,6829442000
983.5521041571111,526.081406553604,683.19780,6831978000
972.0980648806199,521.1885359815632,683.43130,6834313000
966.4683662925288,553.0446848998887,683.65450,6836545000
968.3992716410821,548.1103440644655,683.89700,6838970000
927.7488209769381,552.3866519215794,684.11560,6841156000
952.5688223721432,545.495320198246,684.34620,6843462000
1002.7979163667827,540.3012489355799,684.57480,6845748000
1073.314267758442,558.9317265451571,684.79330,6847933000
1067.8489853562087,573.2982914030781,685.01070,6850107000
1037.3468268510244,541.8334962570707,685.22530,6852253000
1173.9460336396944,502.86945367039806,685.44170,6854417000
1258.464921169253,516.756416373468,685.67090,6856709000
1326.4874469420774,525.430912696884,685.89210,6858921000
1439.071023450365,543.7138406986397,686.10380,6861038000
1331.0888155534635,530.9538960457174,686.32160,6863216000
1167.0035506099935,593.7965571394296,686.54040,6865404000
1135.5682657887114,585.5662366702176,686.76570,6867657000
1114.86166595037,622.6217543428083,686.97920,6869792000
1123.3582227711456,636.4297273186563,687.20350,6872035000
1083.3376098776923,624.7167075941071,687.42370,6874237000
1110.3685281258208,583.4058190052095,687.63510,6876351000
1183.691905459667,593.7471924679514,687.85670,6878567000
1201.999084186857,650.3976468545317,688.07780,6880778000
1280.5411519021222,643.3860173407037,688.29670,6882967000
1294.3879544569984,580.8058130227857,688.51800,6885180000
1321.655380011003,562.0978872371669,688.74470,6887447000
1337.1119731831027,527.4325465944421,688.95920,6889592000
1308.8634283775866,533.1208647147809,689.17330,6891733000
1207.4048793577267,595.592386660274,689.39000,6893900000
1195.2585144556801,606.6142259825228,689.62500,6896250000
1241.8387180676186,590.7745662045057,689.83680,6898368000
1197.117932392961,595.4129819605386,690.05410,6900541000
1175.6952555451364,609.1629716083336,690.26440,6902644000
1234.7938928802696,595.791283509131,690.48610,6904861000
1282.2595365948666,605.7484916447389,690.70200,6907020000
1137.324332143692,581.9080804625726,690.92080,6909208000
1123.2956561722328,551.6942390675197,691.15630,6911563000
1150.9169072383208,590.0512390572035,691.37490,6913749000
1082.0291659879838,576.4722878842765,691.59930,6915993000
1051.049191921179,586.8282812390396,691.81750,6918175000
1069.2912622822307,601.5465223107092,692.04910,6920491000
1136.153054960936,574.2334921013214,692.26580,6922658000
1189.2715010300738,585.8019020897265,692.48710,6924871000
1167.8399590571296,572.3010870898638,692.71830,6927183000
1108.54742719394,617.8721630310166,692.96140,6929614000
1127.9981270167066,609.1977905663242,693.19950,6931995000
1064.4175245289005,600.1932890689867,693.42500,6934250000
1035.2861003115038,612.3432495688229,693.64240,6936424000
981.7668629111336,594.7852665114077,693.85920,6938592000
974.0228586786786,578.2238217295497,694.08670,6940867000
945.390996068612,577.774720397217,694.29960,6942996000
901.6660525092417,600.7218168857324,694.52580,6945258000
867.0046173226506,580.9673427531791,694.74660,6947466000
924.9855542453254,592.7963462591933,694.96020,6949602000
962.9725046093215,532.639105315912,695.17880,6951788000
1043.5349455295204,516.5349678465416,695.40050,6954005000
1136.137491027157,514.8243527113156,695.62300,6956230000
1195.911273528726,485.42834061206247,695.84000,6958400000
1232.3644333026327,477.11392461734886,696.05840,6960584000
1211.6910035910046,406.459267745177,696.27840,6962784000
1265.5632545764481,415.18527352849975,696.50230,6965023000
1241.251762664011,470.4104397041563,696.72600,6967260000
1176.0904580992992,470.7123416194101,696.94770,6969477000
1068.9381646330803,442.2277644991168,697.16800,6971680000
978.5381695013681,415.3535490294664,697.39340,6973934000
995.8912244703519,433.96605249506626,697.61960,6976196000
1017.7140108853445,429.53650758718504,697.83870,6978387000
1074.0527136602057,449.2530293266576,698.05940,6980594000
1127.6632994041915,459.36407411214077,698.27930,6982793000
1138.2880971938407,439.9350682816106,698.50080,6985008000
1155.1539916422862,432.3522245100851,698.73140,6987314000
1274.1057580777835,495.62196327942894,698.97430,6989743000
1340.7058311597957,535.9665032222748,699.18970,6991897000
1281.6402841341776,556.7333333698251,699.40920,6994092000
1269.7384967181008,551.9061252846714,699.63090,6996309000
1261.5191564398422,524.3793609311697,699.86180,6998618000
1251.704198362571,496.70020139856155,700.12850,7001285000
1229.6478327664029,498.8433115963178,700.35570,7003557000
1123.195415997435,510.1313083833802,700.57750,7005775000
1075.3127644815472,467.3827067252687,700.81440,7008144000
1052.110395152042,501.7810897398819,701.03940,7010394000
956.7679682086698,502.2711102106124,701.25920,7012592000
919.7830894147652,496.5627926633312,701.48780,7014878000
857.2650713433687,395.29745353781163,701.72340,7017234000
885.9469171146825,373.351647823418,701.95510,7019551000
991.8876182173798,391.4936494967824,702.17400,7021740000
1079.1701440092647,409.27535619567146,702.39430,7023943000
1122.1739650347752,401.3015730436204,702.61580,7026158000
1262.8312874167618,436.37494123734854,702.84880,7028488000
1373.621184567283,402.0620172940475,703.06420,7030642000
1270.2490942536801,356.21158315404165,703.28210,7032821000
1191.8298638651272,397.9627724549045,703.54150,7035415000
1075.876517538952,445.24172590324747,703.76320,7037632000
1012.6812686020667,508.61433616165965,703.98240,7039824000
984.6322590684863,534.029965547446,704.19860,7041986000
979.2148342608792,542.4019381173806,704.41450,7044145000
953.1335340109911,517.4931465324893,704.65620,7046562000
1028.5709653703207,525.3860702734892,704.86940,7048694000
1050.6713703135058,576.4765825527573,705.10350,7051035000
1042.309295568055,570.068877492034,705.33260,7053326000
1025.1235418001497,582.6266306929779,705.57330,7055733000
996.3713064115447,598.0510937311556,705.79370,7057937000
944.9532365783557,583.438135563726,706.01480,7060148000
939.0626625035076,562.8550285605547,706.23060,7062306000
916.5961241030125,490.015414715136,706.45270,7064527000
906.8470091293275,495.2038864901092,706.67280,7066728000
948.8915451544884,490.5471423435848,706.90230,7069023000
939.6109572896574,487.24603931673954,707.11970,7071197000
985.9927212956698,470.4199222397819,707.34270,7073427000
1003.0692325810744,502.51486776149505,707.56130,7075613000
954.8252323520358,439.2460694310863,707.78450,7077845000
963.0771948244308,460.18285718271034,708.01040,7080104000
963.4472572625372,450.37013598064954,708.23040,7082304000
913.7286917304236,418.07274126473214,708.45540,7084554000
962.9859532488721,421.43086102105565,708.67460,7086746000
934.4003744020334,454.7520554138694,708.90150,7089015000
963.7637926244721,522.9963710138572,709.12160,7091216000
889.2370424340795,445.6525681529463,709.34270,7093427000
915.5764439370319,476.55854160458165,709.55810,7095581000
967.9506825655214,515.6179360919222,709.77680,7097768000
908.6108835187322,522.2759823268958,709.99690,7099969000
988.8875364967782,532.1533062906566,710.24070,7102407000
971.419273410721,558.1169483702322,710.47110,7104711000
982.2059771929611,581.2132310219284,710.72020,7107202000
918.7571484381031,513.091128235574,710.95120,7109512000
939.9535425313984,468.7560628681173,711.17150,7111715000
1022.7392295280736,512.477095829446,711.39600,7113960000
1109.7895283042133,505.1251474961588,711.63000,7116300000
1130.9862072592887,438.8455155186783,711.88890,7118889000
1081.5690073800351,428.87293677082175,712.12900,7121290000
1030.775692315809,366.33083289004054,712.38540,7123854000
1166.1158435431344,331.8541243904273,712.61200,7126120000
1108.1919485261851,311.12669582720633,712.85130,7128513000
1052.2759231129007,299.2216062091673,713.07500,7130750000
1049.6757360142963,290.8909889434457,713.31470,7133147000
1049.8074103713243,362.6595172265927,713.58430,7135843000
1001.5324941037379,409.9418100278767,713.83080,7138308000
1096.3568369771638,424.4255584586832,714.06230,7140623000
962.1404094809031,348.6519289338573,714.28960,7142896000
888.7679785853463,306.15651812728845,714.55310,7145531000
946.2105875010674,328.6552984266117,714.77830,7147783000
950.4569531322869,329.53378907456107,715.00710,7150071000
969.3716472129313,310.65810102306324,715.23090,7152309000
1131.3693524420287,336.62257996740726,715.45640,7154564000
1228.9737292639127,355.64568851678416,715.68010,7156801000
1373.1938110414344,365.57845590433254,715.89720,7158972000
1500.2579956494628,346.21572282190436,716.11540,7161154000
1562.1679784388941,336.0773455993151,716.33820,7163382000
1548.5351846030358,402.7140456886373,716.56770,7165677000
1502.605348218936,394.7418153776432,716.78510,7167851000
1474.7220878639546,426.6035596368239,717.01700,7170170000
1283.212515785095,361.47055625795554,717.23320,7172332000
1213.8377934880934,352.41543841019967,717.45560,7174556000
1147.0142744781467,321.36577326481006,717.67830,7176783000
1152.2488351198706,341.6226856303313,717.89910,7178991000
1144.212936261939,333.9953502564498,718.11510,7181151000
1107.3873487696442,400.0857438917498,718.33570,7183357000
1066.3063869470516,369.78970265879207,718.55230,7185523000
1043.3900399062445,395.0916181394679,718.77660,7187766000
988.88633883177,429.5491058334957,718.99520,7189952000
1045.968795098782,452.7993323086214,719.21530,7192153000
1078.558082059626,484.0808792665032,719.43920,7194392000
1222.360355152379,571.4206443434829,719.66460,7196646000
1267.7813956372815,580.4495324728761,719.89180,7198918000
1362.0497656491925,544.9685015631856,720.11050,7201105000
1237.4299773148637,531.6033143308392,720.32680,7203268000
1147.1561092147233,568.1267783384566,720.54580,7205458000
1097.6086994634766,593.3474787673273,720.76340,7207634000
1128.5648105464848,555.9036534387617,720.97940,7209794000
1154.8595675912015,553.4641464295937,721.19340,7211934000
1195.8007816428876,532.7375972752058,721.40570,7214057000
1283.9605865725741,551.3374371188215,721.61930,7216193000
1415.1962889047993,533.9410626712564,721.84140,7218414000
1494.216268902716,530.4205442766909,722.09790,7220979000
1487.6588846786913,467.61590711632175,722.32580,7223258000
1459.421646287001,486.6680035097168,722.54980,7225498000
1254.171773167244,454.1498209318477,722.76970,7227697000
1234.2496650110943,392.75900974363316,722.99380,7229938000
1357.1767278517048,455.69236202265506,723.21550,7232155000
1240.5166715933844,398.5416901880767,723.43500,7234350000
1243.2371192643939,481.36453137805574,723.66380,7236638000
1341.7092895322633,442.74841081590154,723.88480,7238848000
1334.4838331506458,402.14086380701076,724.11420,7241142000
1365.6777597529906,448.7249595117276,724.37150,7243715000
1418.0081481565014,517.6958101694254,724.59170,7245917000
1484.9929711890366,485.91725137962237,724.85690,7248569000
1519.2154446224429,433.78297046916754,725.10600,7251060000
1490.437168237138,427.8549394716536,725.33610,7253361000
1449.016118622606,441.72576557359423,725.56070,7255607000
1338.3507939911608,427.4211956129675,725.78210,7257821000
1290.4692313544738,475.47127751010436,725.99930,7259993000
1222.070275037449,531.4491065347753,726.25180,7262518000
1205.1856897927967,539.3650105200703,726.47770,7264777000
1197.1300898817246,574.6351297950421,726.71010,7267101000
1130.7734912557778,607.5712712912504,726.95400,7269540000
1069.5742100016064,605.6589839349003,727.19230,7271923000
1143.8776430807193,588.4711037489358,727.42020,7274202000
1178.7377332044132,505.4954695671637,727.64340,7276434000
1143.1896260274875,457.68994515686893,727.86550,7278655000
1101.1011598730472,440.04226461699193,728.09590,7280959000
1064.1175248817844,443.5326880717811,728.33210,7283321000
1058.6681993406075,446.7854205386894,728.55150,7285515000
965.725866766503,474.1775094204131,728.76970,7287697000
945.7739836630716,523.9662133845084,729.01790,7290179000
968.4634357863332,528.3392612637281,729.23930,7292393000
1005.2586008345367,472.80869512357975,729.45350,7294535000
1055.8064219558407,455.6246048791465,729.67440,7296744000
1200.3092647773703,452.9628241747694,729.91480,7299148000
1248.5340344405959,508.1505153055997,730.15450,7301545000
1253.7856146137592,544.6729374939124,730.37420,7303742000
1185.6500549546558,551.7403165148652,730.59410,7305941000
1097.0675729912487,518.0345859778945,730.82380,7308238000
1027.6914347656923,513.2968221164954,731.03920,7310392000
994.3340240678593,477.36535950284247,731.25600,7312560000
1018.5664278577788,454.5535661283977,731.46660,7314666000
968.5094235659952,529.3670578924421,731.68110,7316811000
883.624028598439,510.5512340888269,731.89620,7318962000
923.1429878388817,545.019392685722,732.11330,7321133000
1006.4703832874757,558.1861325436581,732.32640,7323264000
996.0762499022434,494.06040336618076,732.54740,7325474000
1034.6383444875244,557.5335733407941,732.76080,7327608000
1022.2980063381867,539.8888980854395,732.97660,7329766000
1066.7353355394666,503.717346490624,733.19300,7331930000
1097.4006387543097,522.6145111126325,733.41060,7334106000
1120.5857585903732,576.4255775268847,733.62190,7336219000
1178.3652690532952,592.0220762137835,733.84890,7338489000
1170.3331978018452,553.5534164420653,734.07170,7340717000
1189.8665494502268,532.6051960073096,734.29300,7342930000
1259.730949881648,549.3491501964045,734.51880,7345188000
1254.5305571190245,470.2818821564022,734.73920,7347392000
1308.92600715067,476.9692762068301,734.97360,7349736000
1403.2231996454034,480.7089319613337,735.19220,7351922000
1426.6839440541482,457.04624998210176,735.41660,7354166000
1381.1636697897388,543.8937961341146,735.63200,7356320000
1494.7015204191466,550.4056247909172,735.85880,7358588000
1560.7956235699364,499.3064977851844,736.07470,7360747000
1611.437352576014,492.9165056062271,736.29540,7362954000
1582.9944928014654,486.2355613179992,736.51180,7365118000
1569.5905768189027,490.6210403857523,736.73910,7367391000
1477.7696793305515,541.3726167790096,736.95390,7369539000
1380.501394406449,509.4337972195445,737.16710,7371671000
1355.4233771902566,482.4607066398636,737.38110,7373811000
1423.5722060771718,491.2253351786113,737.59930,7375993000
1443.7822454103195,476.38332658897576,737.81980,7378198000
1380.541220380092,479.9888216955433,738.05310,7380531000
1306.7500585495104,486.9254818718569,738.27590,7382759000
1246.845395395509,531.6331079427014,738.54650,7385465000
1173.187951164106,548.0831338402601,738.76880,7387688000
1258.9548730082392,644.420374991579,738.99350,7389935000
1236.9063042817534,677.3568628544026,739.22470,7392247000
1224.090661150233,679.2289133415733,739.45020,7394502000
1196.7646585416755,692.6981524355629,739.68280,7396828000
1156.812638847692,664.2917237079845,739.89490,7398949000
1101.1137364428305,604.052418312718,740.11790,7401179000
1070.1184725374817,623.2843867300885,740.35170,7403517000
1054.710181772008,616.5402034543583,740.56820,7405682000
1092.431073626549,631.1064001852677,740.83950,7408395000
1157.598046705652,619.4657106190523,741.06560,7410656000
1265.7188036481446,637.9389199887078,741.28380,7412838000
1338.5900935469288,625.4772880404286,741.50340,7415034000
1318.6343833907913,618.8844984443311,741.77300,7417730000
1328.172113923412,586.9375836746145,741.99110,7419911000
1361.93499257712,572.5724656489102,742.21180,7422118000
1368.5100748373848,626.0441798075915,742.42780,7424278000
1377.5720596461247,621.6643615549241,742.68730,7426873000
1374.0247932637612,618.9204940034914,742.92000,7429200000
1424.0052243556343,617.167867330942,743.15270,7431527000
1460.3942960150189,639.1056112154921,743.38350,7433835000
1378.3326699873471,614.4906115827271,743.60560,7436056000
1323.7775866257773,675.0482841407733,743.84130,7438413000
1300.6289143724955,682.6013732353422,744.06400,7440640000
1333.7190314312943,699.0273960676612,744.30300,7443030000
1355.27030880031,714.3806780495235,744.52550,7445255000
1360.057452833514,739.944420169567,744.74260,7447426000
1338.9631838854236,713.3734922479052,744.96200,7449620000
1330.64184636782,658.4590635676977,745.18210,7451821000
1317.09752486353,612.5731720844886,745.40790,7454079000
1255.7965951222752,588.7572666535767,745.63130,7456313000
1251.9835229569542,572.3986283961542,745.85810,7458581000
1251.4289160477383,571.5285045233301,746.07040,7460704000
1234.6557902201628,623.9552709263519,746.29830,7462983000
1251.2907948520196,592.4681200120954,746.51460,7465146000
1232.326048459813,620.495805658569,746.72400,7467240000
1267.1762710329376,622.1632116013186,746.94120,7469412000
1299.565624304692,592.4800960703576,747.15610,7471561000
1319.9714942772184,626.6691546141383,747.38310,7473831000
1246.6445072163579,621.1718242028131,747.60250,7476025000
1221.8574355270277,640.1705562266792,747.83970,7478397000
1253.546448641039,623.0513604213565,748.06600,7480660000
1237.2460044077138,593.494898542346,748.29950,7482995000
1278.6585596160644,578.0488490128655,748.51800,7485180000
1264.931908907699,580.071553846811,748.73880,7487388000
1228.6765277834734,547.9257001763816,748.96910,7489691000
1187.9347621530994,565.1144954938705,749.19120,7491912000
1242.1369032337113,554.5602057752116,749.40790,7494079000
1292.3189937910565,572.5859232622346,749.62910,7496291000
1295.318861513146,588.3039463456062,749.85180,7498518000
1225.4115657766113,618.1444367181234,750.08070,7500807000
1228.6408329089486,620.6885152856405,750.30000,7503000000
1148.7613357654736,625.7040974817758,750.51710,7505171000
1114.293892367953,631.2904151478028,750.74990,7507499000
1121.806625366276,606.9938517664739,750.96570,7509657000
1136.0119509646443,578.2165914868228,751.19140,7511914000
1117.7785594179297,577.791424375069,751.42050,7514205000
1081.691244622536,577.0969544441434,751.65620,7516562000
1053.5954763133686,570.8777606093826,751.88250,7518825000
1023.0274694976306,570.9072424380875,752.11060,7521106000
1038.7351875606637,591.4819539429078,752.36540,7523654000
1045.5893614592123,619.2536510087448,752.59030,7525903000
1082.5397097725709,640.4429296570567,752.82960,7528296000
1125.879057823256,565.280456630473,753.04930,7530493000
1104.7467352737788,542.9836467181913,753.31400,7533140000
1092.9241719302427,534.82808553464,753.54030,7535403000
1092.3131465082913,514.1175492659199,753.76960,7537696000
1079.968747674194,510.48237500066574,754.02810,7540281000
1079.089597993206,508.7546289349291,754.28650,7542865000
1104.887072252292,516.9184426579833,754.51180,7545118000
1160.9101469382763,555.6160208291228,754.72340,7547234000
1106.827718558962,573.935026429509,754.97610,7549761000
1061.6050200785346,562.9300629620551,755.19700,7551970000
990.7068156410573,505.2476234996981,755.41990,7554199000
1007.8883992008546,517.539353902874,755.63130,7556313000
1077.7348867957874,552.6292065258365,755.85020,7558502000
1098.8665284325778,557.5616371660249,756.07020,7560702000
1139.2403209007127,504.7825525185888,756.31530,7563153000
1217.6134215401114,475.1244753064101,756.53270,7565327000
1281.0845692702173,451.6548792368916,756.75400,7567540000
1251.1565229778437,446.9291072896626,757.00980,7570098000
1227.202897071456,474.07248552457514,757.21860,7572186000
1223.9398345951274,522.9518956439333,757.42930,7574293000
1237.1425358279873,615.8393643474875,757.63690,7576369000
1271.6606178121533,677.1753587573817,757.85980,7578598000
1262.2039403573197,727.7066671363257,758.07860,7580786000
1261.0133278352814,753.1179403709252,758.29660,7582966000
1157.0539467907445,775.8235605439758,758.51760,7585176000
1042.350140454744,761.1945581303944,758.74600,7587460000
942.1389643747614,742.1250139202615,758.96570,7589657000
958.9026400020484,759.7604788615301,759.19200,7591920000
975.3559465034907,767.3884863555085,759.41180,7594118000
935.4263028519506,807.0215989536721,759.62820,7596282000
1035.779611638049,870.3194970961599,759.86000,7598600000
1044.7464219295393,852.5314507115078,760.08090,7600809000
1074.6850567740812,788.5977302959596,760.30410,7603041000
1099.4394278270968,775.664775865825,760.52540,7605254000
1062.4321240696086,776.3305847261905,760.74590,7607459000
985.6219032933232,768.1959855661479,760.97020,7609702000
861.8216923641019,710.7421817049387,761.20980,7612098000
736.5239277960576,719.8995626189032,761.44180,7614418000
694.8038764944338,725.4258740542117,761.66970,7616697000
674.1942441429003,689.103049330448,761.89110,7618911000
647.1522057266861,654.4489019816713,762.11130,7621113000
752.4447953280924,642.9658623955905,762.33770,7623377000
798.5791528639979,524.6833797110149,762.56050,7625605000
984.8892431997398,520.7891874317461,762.78800,7627880000
1084.3679351011103,583.2098807037664,763.00900,7630090000
1117.2313148730354,603.4400914198169,763.22790,7632279000
1090.328752519183,614.8584570708487,763.44160,7634416000
1075.1929505915393,653.5816972261758,763.66910,7636691000
1064.8065459020966,677.7821841972179,763.89610,7638961000
1003.3830727180549,741.7833426919012,764.11180,7641118000
916.0776957898439,770.4164055780388,764.34530,7643453000
897.0385284120076,790.2452740445043,764.56250,7645625000
823.7043235248482,784.2932649362801,764.78880,7647888000
778.4223731876502,767.103937812317,765.00840,7650084000
801.9933709159761,739.445335880017,765.22560,7652256000
869.5804572189354,723.562819582655,765.45620,7654562000
927.6981914136262,680.6230394145708,765.66820,7656682000
967.1629663796879,701.641605783449,765.88490,7658849000
1032.6304460610802,723.326106336455,766.10240,7661024000
1036.1241298096957,734.3876355620185,766.32560,7663256000
1017.4044236616242,732.3545669771534,766.54450,7665445000
1077.6785559612736,739.7068404137846,766.76360,7667636000
1110.9486222684675,746.7482196238209,766.98180,7669818000
1095.3014321801177,748.9901843636395,767.20410,7672041000
1105.6059061386957,736.353995063642,767.42890,7674289000
1119.7407946159008,721.8250604988801,767.65720,7676572000
1064.4535085431176,694.4433948101711,767.88110,7678811000
1045.1636391258694,715.8109320791273,768.10490,7681049000
1127.5341182572636,664.4233170194436,768.32490,7683249000
1174.7496082587418,632.6578245891177,768.55320,7685532000
1187.2892593669742,594.6041850068423,768.77820,7687782000
1157.2054736178916,611.0051378963434,769.00450,7690045000
1236.762164253614,625.7126773912298,769.25560,7692556000
1186.5443092397504,650.2062643959204,769.50440,7695044000
1168.5190300796855,690.1689014308816,769.72560,7697256000
1153.4081109913607,654.0171390545913,769.93450,7699345000
1107.4831353066816,605.3123398900932,770.15500,7701550000
1182.01967792392,634.293229837939,770.38400,7703840000
1178.3996789608907,626.4568376790487,770.62020,7706202000
1219.0157886577035,624.1036284795965,770.85800,7708580000
1259.7295421108815,572.3088961613315,771.07540,7710754000
1283.9669156938555,509.6014525345345,771.31710,7713171000
1304.42322871524,493.653797347051,771.55570,7715557000
1362.6061874641773,517.0204710922941,771.81370,7718137000
1385.2705456737285,471.94540824982505,772.06520,7720652000
1375.740407146187,451.47271955606067,772.28650,7722865000
1332.574873516168,447.4988044215712,772.51540,7725154000
1342.2469591993809,469.64627659595203,772.74290,7727429000
1365.4223966478896,537.0613489026141,772.97610,7729761000
1356.3577939675886,554.9021305921838,773.19340,7731934000
1286.1483711662418,558.8683719146293,773.42600,7734260000
1229.213952631635,626.6702873838994,773.69500,7736950000
1182.2742157936825,638.5553911139796,773.91070,7739107000
1149.9667246419908,657.0552758427517,774.14220,7741422000
1186.9646702690873,714.9742440900707,774.35630,7743563000
1189.6986405859982,671.5293907352877,774.60480,7746048000
1145.0773983139181,607.9200441774592,774.82920,7748292000
1151.3135545250905,611.7496776572838,775.07110,7750711000
1102.1943838279406,614.2377022541763,775.34320,7753432000
1095.9687029695056,632.0065108983233,775.59120,7755912000
1017.9706458320189,559.8719808590783,775.81770,7758177000
1075.5990756989117,601.0386532863698,776.07830,7760783000
1017.9537674630627,586.6869293926908,776.29880,7762988000
1025.0253663934736,639.2045768165844,776.51940,7765194000
1016.6892295423397,622.1224762185268,776.75460,7767546000
945.8686151548784,614.298171642574,776.98530,7769853000
933.0496453905275,667.8589570552382,777.20230,7772023000
949.2957893932614,698.9174577037735,777.43840,7774384000
924.1265096010214,666.2440204634844,777.66520,7776652000
896.617790704445,625.3409343943586,777.90310,7779031000
889.0064839938805,561.449249164033,778.12590,7781259000
859.22816534878,522.5062180445167,778.34220,7783422000
860.9335200961723,529.6413933608725,778.55910,7785591000
882.5530272970445,547.3658175381365,778.77990,7787799000
925.201819238793,528.1711878817199,779.00750,7790075000
950.2845066801077,494.8882195663558,779.22480,7792248000
1008.2228530847885,521.8030297268349,779.44630,7794463000
1070.0750194193026,551.6165085480175,779.67200,7796720000
1037.9919468747978,569.6109152592894,779.91710,7799171000
1033.5422735795876,585.0513260716019,780.13750,7801375000
1044.5364225448404,583.3375540847954,780.36650,7803665000
1047.976115088363,546.9165523411689,780.58840,7805884000
1020.3469075204606,518.249170992498,780.81700,7808170000
1017.6952158494413,472.7597627267596,781.03880,7810388000
1006.2564233564367,441.932247071013,781.26140,7812614000
1067.0010150444416,410.61133577368736,781.48770,7814877000
1086.2099390343471,380.7470405360453,781.71900,7817190000
1074.5745983652607,457.6027486637083,781.94730,7819473000
1139.9286240975564,480.3840502529137,782.16530,7821653000
1171.9102531951014,442.73886830406286,782.40180,7824018000
1156.7408967267363,416.85462598050697,782.62330,7826233000
1186.2803695261582,389.0277459728744,782.83490,7828349000
1221.9400154575228,382.9106344443423,783.05070,7830507000
1218.5578007420002,390.84953046018916,783.26930,7832693000
1213.05797901376,459.8390306548882,783.49610,7834961000
1163.4720812110925,501.88291003531685,783.72370,7837237000
1137.4849009300974,548.5016967550663,783.95040,7839504000
1094.9168044576918,562.2363414578119,784.17180,7841718000
1018.3281443630772,569.8924614564191,784.40410,7844041000
1025.0107754695914,574.494642887968,784.62810,7846281000
942.6843853905457,545.9981543597657,784.85220,7848522000
928.4852898924564,541.8637690657761,785.06760,7850676000
1010.7764965466314,604.1460162658567,785.28840,7852884000
992.7524984244068,585.1304627006637,785.50480,7855048000
982.6763856061301,556.7492011831631,785.74400,7857440000
1016.7062572930055,537.9655831667138,785.96560,7859656000
989.3187833054719,578.9999641354143,786.17910,7861791000
995.3640101376091,598.4897932699331,786.38880,7863888000
984.4492850272763,590.5877958977455,786.60950,7866095000
1000.2623138050152,634.5469124992035,786.82830,7868283000
986.5612492476467,705.3235531959184,787.05080,7870508000
936.6818186228776,691.4616832565142,787.28210,7872821000
965.3835850109667,664.580144764337,787.50410,7875041000
1019.2635186285653,599.728625052799,787.73430,7877343000
1029.7537998632267,626.8465151348032,787.95570,7879557000
1074.6016304931384,565.3632077085372,788.17870,7881787000
1208.4816458898972,572.5365926417442,788.40320,7884032000
1265.831087211032,547.0217622818369,788.62560,7886256000
1269.3925180962426,558.3789604820604,788.86150,7888615000
1143.5321995170762,519.7635486798666,789.08990,7890899000
1042.1707308666157,493.5583656935993,789.31900,7893190000
1077.8502118483304,535.2601285446815,789.55380,7895538000
1077.680787243005,545.9680026283268,789.78060,7897806000
1193.3464229003937,560.0281905792731,790.00630,7900063000
1206.156434575584,577.988449763878,790.22630,7902263000
1174.2786743454012,612.3361856388484,790.44280,7904428000
1108.3760097182317,602.2110040007858,790.66360,7906636000
1058.3077177595424,594.054457087544,790.88680,7908868000
1063.7736851114923,631.5810558489277,791.10440,7911044000
1043.6906111629403,649.7989314476597,791.33270,7913327000
1033.809975352896,607.5717664176904,791.56200,7915620000
992.4984554755038,575.0368013660968,791.77970,7917797000
951.4251572476608,597.422692594002,792.02900,7920290000
977.5640219183061,616.5643522315546,792.26210,7922621000
950.3126117340496,640.6261221152536,792.51200,7925120000
936.5905169170105,634.5311914656671,792.73120,7927312000
901.9134329644673,661.8625084734142,792.95960,7929596000
906.9944948241675,660.5036403695708,793.18060,7931806000
872.9369474644201,747.4369931908144,793.44500,7934450000
905.4719229596599,842.058586131551,793.67100,7936710000
931.8808688330485,887.1551394806536,793.89100,7938910000
945.9634226959246,940.1663051444855,794.13800,7941380000
959.6915775362115,938.9337716702375,794.38680,7943868000
933.0297426260564,906.6850399847331,794.61580,7946158000
972.5443389682243,903.3949625801665,794.86650,7948665000
1007.5378756497319,855.8952181354086,795.11150,7951115000
1094.4981731674736,773.0507136198431,795.35370,7953537000
1079.577042713354,709.9334713741611,795.59720,7955972000
1136.3672865828196,672.7005846854345,795.85870,7958587000
1119.919745995316,604.7771653052781,796.08210,7960821000
1177.1241516092407,611.6439006109855,796.30160,7963016000
1131.1155627913863,627.4404166040262,796.53060,7965306000
1120.7195554313125,632.214458569575,796.75970,7967597000
1137.2944098486619,560.2568460844914,796.99600,7969960000
1132.9350435569067,544.4339226369633,797.24050,7972405000
1144.6622829653095,495.41887516922617,797.46380,7974638000
1070.8418912180823,465.728979489704,797.68330,7976833000
991.4896464344815,465.2506130486504,797.89860,7978986000
1054.0785558276298,544.3873274481207,798.11890,7981189000
1082.6077554761991,552.5862793906305,798.34060,7983406000
1218.7877506415439,526.7797229549712,798.58340,7985834000
1239.1660905124756,540.913324762975,798.79670,7987967000
1219.5375052075801,546.1787855600695,799.00700,7990070000
1317.1971116424704,609.2324209606086,799.22400,7992240000
1301.1611101151163,626.242395281925,799.44610,7994461000
1222.6734355584226,650.8930446157887,799.66220,7996622000
1110.9426482626334,618.7961377421575,799.87860,7998786000
1032.3110163097726,651.7783802445169,800.11130,8001113000
979.8823071533599,691.6088845088665,800.34020,8003402000
955.3074554220392,634.444385810792,800.57300,8005730000
934.2493891179582,622.2870547911064,800.79450,8007945000
967.968511179183,679.4227971986238,801.00830,8010083000
963.88765040877,626.641029940333,801.23900,8012390000
959.9109374158336,604.0457098083483,801.46150,8014615000
989.5747374555885,579.8926734750925,801.68000,8016800000
1094.2420647988995,517.1052385593817,801.90100,8019010000
1249.905498015886,508.71648230320716,802.11970,8021197000
1354.3849736056768,485.2284286345215,802.33230,8023323000
1396.1427408492198,485.1691538754334,802.57080,8025708000
1461.878550372432,523.2425291614159,802.78920,8027892000
1442.023031871404,537.4588203088357,803.01740,8030174000
1425.1864257209634,520.3187937551619,803.23260,8032326000
1374.6116741801332,491.8939387972855,803.44920,8034492000
1352.529682030839,505.6842789921636,803.67090,8036709000
1348.9379665867186,476.7205907580349,803.89310,8038931000
1350.4614085514986,503.69013735151265,804.14980,8041498000
1335.6346721263606,514.49032358154,804.37190,8043719000
1343.6676383385384,519.0569097302629,804.60830,8046083000
1298.2254650592183,581.9486283795434,804.82610,8048261000
1203.0700246892607,624.1824380296096,805.05750,8050575000
1137.4302671358007,584.7108911449556,805.27810,8052781000
1127.2316800062283,600.3322283667694,805.49920,8054992000
1050.0888850851,566.0729434878463,805.75380,8057538000
1007.9278397170791,587.3989900722332,805.98470,8059847000
945.921328463568,595.4411229671773,806.21560,8062156000
958.5849296792081,597.0858233890189,806.43990,8064399000
1017.6913751436178,511.0467784099744,806.66270,8066627000
1049.4857163174097,515.9360305494764,806.89460,8068946000
1059.9690241338922,511.1878962245649,807.16920,8071692000
1094.9757359951213,531.7695675014851,807.39670,8073967000
1070.4164955225297,542.4352970267128,807.62430,8076243000
1050.279402548413,538.7120116179008,807.88930,8078893000
985.6429417300161,599.740904602663,808.13030,8081303000
979.7779781453143,612.7457681279216,808.34950,8083495000
997.1240514144863,651.4004067474754,808.57030,8085703000
963.6453484619688,664.9305758505974,808.79720,8087972000
938.0007211897533,638.5423160237294,809.05000,8090500000
937.2309964653411,667.4688876660003,809.28280,8092828000
947.8831496400694,632.858655715254,809.52030,8095203000
950.4763515098323,628.9354809812917,809.74530,8097453000
969.6451756029614,717.2974425344709,809.96850,8099685000
922.0975005417652,712.0239046287825,810.19010,8101901000
982.8009741374104,652.9225378309255,810.42040,8104204000
966.6775906013805,681.1132839006655,810.65040,8106504000
978.271971181356,673.2248690846388,810.87100,8108710000
1005.077573279703,712.7351206294536,811.09500,8110950000
1009.5160078449492,702.2096327497276,811.31300,8113130000
1000.5108254661093,714.4975548057644,811.53910,8115391000
990.5437763111485,651.2414004931887,811.76400,8117640000
1027.6184149766177,572.6052696826097,811.97930,8119793000
1024.2773699425666,554.0596306020299,812.20110,8122011000
1027.3124684931927,498.0929472094061,812.41550,8124155000
1018.651499649378,498.5779332963813,812.63810,8126381000
1015.5157934932118,479.163226610572,812.85780,8128578000
1027.2425246957457,416.2850991490652,813.08030,8130803000
992.0228621643989,483.98392200873025,813.29640,8132964000
995.5025322719484,495.4058744962157,813.52290,8135229000
1008.7105675192216,630.1554551419247,813.76880,8137688000
990.5626889073644,688.2458187809881,814.00670,8140067000
983.7183328737676,724.2991210830033,814.23830,8142383000
987.3216828953588,757.882857491797,814.45900,8144590000
1020.0355863213816,778.8976793227096,814.68670,8146867000
1107.4819494865937,689.3295071143316,814.92450,8149245000
1157.3760652516883,606.3203712830502,815.14350,8151435000
1184.3916829544858,554.1030430438283,815.37170,8153717000
1184.8419034130611,490.32229361119573,815.58940,8155894000
1204.2244959978304,472.44320985673187,815.81390,8158139000
1182.2245430969515,431.09413840559847,816.03290,8160329000
1197.795813601912,395.3857621272601,816.25050,8162505000
1179.7800134106437,410.8848912834453,816.47790,8164779000
1267.690999206956,419.0777141911619,816.70550,8167055000
1227.3707154453164,500.71280032950193,816.93400,8169340000
1181.3891852430265,482.30263801418346,817.16290,8171629000
1120.3694695141346,511.4724688162836,817.39950,8173995000
1140.4477335959039,506.7985011826312,817.61590,8176159000
1142.3396864189433,464.4303595952948,817.84360,8178436000
1242.6870148742407,432.2642981189243,818.09310,8180931000
1342.3704362129647,408.45260114024063,818.30690,8183069000
1357.8327494714351,330.68269434682725,818.55510,8185551000
1289.2465011766278,291.8189393225401,818.78460,8187846000
1245.4517192422454,204.69872271411776,818.99850,8189985000
1324.552577733363,323.1287061494096,819.25050,8192505000
1267.9942777410904,338.61263309677025,819.47370,8194737000
1251.8529767016832,387.8018386095896,819.70240,8197024000
1291.9396554136058,426.19921228240275,819.95150,8199515000
1256.3566688289359,412.3353578594231,820.17480,8201748000
1303.9137678206914,482.1922209465781,820.41770,8204177000
1329.9432344817374,489.8314765239099,820.64280,8206428000
1251.283407544898,459.95499888184304,820.86460,8208646000
1239.562580360413,450.6398181796188,821.10110,8211011000
1228.143456820779,479.68205498869037,821.32720,8213272000
1247.2207596649394,521.4457715308226,821.56460,8215646000
1225.8585435558273,541.9327149801913,821.78330,8217833000
1213.9328704444306,589.5615494445319,822.03120,8220312000
1233.9135463851471,623.7564847643671,822.28840,8222884000
1279.566135463233,568.2321155151576,822.50290,8225029000
1329.3290703169282,595.5779048689584,822.72010,8227201000
1337.8092166654549,551.5085430311107,822.94120,8229412000
1359.646426955619,564.9967475245417,823.15350,8231535000
1389.2327825928767,492.5342196860492,823.37520,8233752000
1493.2791649079584,439.4966229373201,823.59560,8235956000
1438.9205463417707,522.0660600439011,823.81860,8238186000
1336.0861539497641,539.3237819571817,824.03650,8240365000
1248.6781400014922,581.8797292997386,824.25380,8242538000
1192.889476558529,632.3187654800784,824.47940,8244794000
1102.353881433295,657.6526285497335,824.70560,8247056000
1040.0328469091075,665.6621242770877,824.93260,8249326000
1045.536036486491,694.8988099188169,825.15550,8251555000
1050.0667515189657,691.2974571879977,825.38550,8253855000
1063.7965999435899,669.7601226762503,825.60230,8256023000
1000.7504059178882,679.9251359668303,825.82380,8258238000
1037.98607253555,642.272886520319,826.05120,8260512000
1049.198163485053,544.0629347240917,826.26580,8262658000
1012.1002660983845,497.24185057857807,826.48490,8264849000
990.530908030861,490.83096590999236,826.70130,8267013000
1138.5775880933388,558.8638982987356,826.91420,8269142000
1105.8447896636549,516.4556035023869,827.14040,8271404000
1092.0061325551085,552.7833748083826,827.36420,8273642000
1139.1558574786416,541.0161645864086,827.58840,8275884000
1105.724797018851,538.1025271657568,827.80950,8278095000
1063.711649505201,501.7801364126954,828.03210,8280321000
1068.4778592766108,524.4572011803106,828.25620,8282562000
1117.9219081450942,527.4343713335574,828.48250,8284825000
1057.5543608826442,545.0644682941818,828.70710,8287071000
990.8725998327347,552.2629559827219,828.93050,8289305000
873.8490854008917,470.419563405762,829.15350,8291535000
800.3858851125811,401.49112123225314,829.37290,8293729000
745.2649270844813,393.8910505326561,829.58990,8295899000
681.600669751393,337.3263102928928,829.81100,8298110000
718.5512549166999,371.09930364928573,830.03180,8300318000
872.8444261084661,472.8937121478257,830.25740,8302574000
974.511816690923,470.0482108080357,830.47990,8304799000
1093.7354000181467,521.0049661623,830.69350,8306935000
1237.887251406283,568.3214392607711,830.94000,8309400000
1328.1443892074385,592.6031833462001,831.16470,8311647000
1364.3545756859044,619.1660115497027,831.39530,8313953000
1395.753943899078,633.3762682907877,831.62690,8316269000
1435.910854313326,636.3894653560192,831.84950,8318495000
1417.0946589301707,652.9785768722857,832.07070,8320707000
1430.4547814456032,707.2614939170163,832.31680,8323168000
1452.1189755397434,679.4499279689626,832.56100,8325610000
1488.0399402690798,688.5015084679777,832.83190,8328319000
1470.8413166830185,624.2445257983127,833.05650,8330565000
1478.8139402858787,633.587168552921,833.26570,8332657000
1375.5366820809065,616.7706012010364,833.48850,8334885000
1348.3540812774938,594.0711171855208,833.70630,8337063000
1464.1415003279426,647.5729295609254,833.93510,8339351000
1336.082177422703,622.8036393994581,834.15350,8341535000
1256.2890977124441,578.9489681939484,834.36850,8343685000
1130.981897035247,529.318947112334,834.63960,8346396000
1071.0990715053504,547.2424229569037,834.89600,8348960000
1119.7046276001886,557.6319011258413,835.12290,8351229000
1122.5303655438279,554.2913733901189,835.34080,8353408000
1110.1116010313622,514.1010656112633,835.56320,8355632000
1090.0329737195802,503.01040209100046,835.78000,8357800000
1044.9907054174525,475.63674862897983,835.99800,8359980000
1060.6661692800853,467.4110072298061,836.22110,8362211000
1174.196172679043,493.8073634666899,836.44490,8364449000
1236.5110155210534,485.6921268909937,836.66750,8366675000
1180.839429718157,519.2973193163274,836.89480,8368948000
1007.6328239183414,626.0845816880467,837.12010,8371201000
952.100313171424,591.8230705081113,837.38590,8373859000
1064.9872935014887,589.2138838867156,837.60700,8376070000
1033.136882194065,518.30296407671,837.82110,8378211000
951.9991575184451,445.521560755893,838.05210,8380521000
917.3067709320684,436.5832778077516,838.30140,8383014000
1022.2051108049284,529.6468945645089,838.52730,8385273000
1036.5961244170805,524.2681676404289,838.74990,8387499000
1016.359665061878,504.0520415789089,838.99790,8389979000
1016.8801110832052,456.42631721957815,839.23210,8392321000
1030.9102824964289,460.4469562287417,839.45780,8394578000
996.666296366502,436.3754533524015,839.71410,8397141000
1024.205481542384,462.5285858602543,839.93140,8399314000
1031.02000255454,520.4062860377036,840.15590,8401559000
1033.2579515792759,517.4881936421185,840.38360,8403836000
981.7455493862855,502.403146018429,840.60920,8406092000
962.2398623709449,488.8879875577494,840.84810,8408481000
912.9813062916166,491.94626111474554,841.08980,8410898000
964.7883657860991,530.8000832487128,841.30590,8413059000
909.7705347433148,558.3957911802269,841.52550,8415255000
930.0516508634181,594.3365035241958,841.75770,8417577000
837.9982173838491,549.3169647556529,841.98500,8419850000
757.464241593717,508.29881534645006,842.19200,8421920000
807.7599910191801,477.1585578421935,842.40930,8424093000
750.9605098018134,447.32741473499647,842.62870,8426287000
788.6434214872843,419.61364877120263,842.85030,8428503000
887.6794781612155,454.2829586483082,843.06930,8430693000
898.5971238516465,490.71392314933587,843.29520,8432952000
961.9843343398246,503.2316045611935,843.51800,8435180000
1058.0622212985631,510.67071150713014,843.74240,8437424000
1163.1297119925564,526.4146025199376,843.96080,8439608000
1265.5362824257543,521.127413979259,844.17690,8441769000
1120.1465062413956,522.0893168366056,844.39200,8443920000
999.6180309456281,388.252820180178,844.60950,8446095000
1028.3327151255162,428.8167543179825,844.82430,8448243000
1141.2479951049309,495.89314518899124,845.04210,8450421000
1224.9663216828903,508.3592181367765,845.25240,8452524000
1328.837186097612,533.0530391400846,845.47140,8454714000
1352.16355659218,551.4866488575555,845.68670,8456867000
1366.992100729407,531.2733269177763,845.90210,8459021000
1323.058116438752,532.4573641245215,846.11930,8461193000
1235.052163573978,530.077690356924,846.34950,8463495000
1216.3784134553298,523.1550127508898,846.57220,8465722000
1173.4476468155547,546.7651241244124,846.78540,8467854000
1190.3953891750682,561.1661597996028,847.00620,8470062000
1088.6190512444646,556.3728091856394,847.21880,8472188000
989.9780175771856,590.8495669833961,847.43070,8474307000
1048.808374433132,581.4259381959472,847.65060,8476506000
1042.9277333149994,597.2549250915316,847.87380,8478738000
935.531677732337,471.28602056022345,848.09070,8480907000
1057.5757286088026,517.4903203588837,848.30650,8483065000
1037.03815383626,474.14722759925763,848.53100,8485310000
1029.8935757320335,457.8563463955805,848.75660,8487566000
1136.721329900016,449.2695047018323,848.97730,8489773000
1081.573478898354,384.7921853586583,849.18500,8491850000
1013.208634994,334.27535228962427,849.39940,8493994000
930.5165390219456,342.0833255649129,849.62140,8496214000
1015.8197380468165,362.06295416577694,849.82830,8498283000
1032.630313837987,381.39264140073414,850.05240,8500524000
1076.5646673001236,366.01504274433216,850.27200,8502720000
1114.391907976725,375.8142961726951,850.48960,8504896000
1119.554747078086,435.6699540267005,850.70050,8507005000
1031.224856639395,490.647112587272,850.92210,8509221000
1095.91401157446,514.9714466851392,851.13200,8511320000
1160.9452478706173,490.1256169445801,851.34780,8513478000
1137.4000690267046,550.7262408447069,851.55620,8515562000
1069.998175854272,538.0444809061919,851.77140,8517714000
1013.0643295796871,538.5957725908457,851.98900,8519890000
1061.8435612856338,574.4318703439421,852.20610,8522061000
1108.224367973919,555.3850634296512,852.43400,8524340000
1103.6551829455093,587.9132684900259,852.66500,8526650000
1016.2185234180344,596.7894482468043,852.88160,8528816000
1031.7675708635295,546.9450478960156,853.10060,8531006000
1167.2891760618988,523.9286275269617,853.31710,8533171000
1196.2898492910722,521.0976673170574,853.53430,8535343000
1239.387425369762,445.82355946400696,853.76740,8537674000
1211.7922019333332,483.0403648285463,853.99130,8539913000
1124.9759612350617,462.9727662442578,854.21450,8542145000
1101.9722272048882,461.4122797489615,854.43620,8544362000
1093.3034358546888,443.1202402347104,854.65880,8546588000
1149.2698537877905,516.2431373710398,854.88030,8548803000
1128.0767266498913,496.89001650989775,855.09750,8550975000
1057.5298350894136,561.1258846819082,855.32220,8553222000
911.692637617813,479.0573136988082,855.55190,8555519000
806.9562972002158,430.4080901179512,855.77480,8557748000
920.3023490141129,386.60270048717507,856.00380,8560038000
1049.8979392700028,442.68027279212674,856.22680,8562268000
1029.973820278844,535.2843149844417,856.45020,8564502000
1107.6166830810253,575.0186111608103,856.67260,8566726000
1156.0579235078771,606.8966671598623,856.89640,8568964000
1145.1258069451842,598.8765311694733,857.11140,8571114000
1182.0369357975317,672.590242733468,857.31460,8573146000
1155.9319484768798,665.1926877809716,857.52460,8575246000
1098.1036876932878,593.0566364286246,857.74860,8577486000
1045.70310682447,573.7014514518859,858.01090,8580109000
1061.8837271133227,593.6718650458229,858.22690,8582269000
1089.3537168135479,603.2403530869947,858.44820,8584482000
1149.5670345916835,595.2651667090627,858.66990,8586699000
1166.1485885126124,608.9177406978152,858.88780,8588878000
1195.9275802480936,661.843472294883,859.11880,8591188000
1206.4459123009292,668.1410367800721,859.35530,8593553000
1256.2762653154969,660.6743094713237,859.58200,8595820000
1247.971032214416,644.4768282147968,859.80440,8598044000
1214.2262323913023,635.0392259202348,860.02750,8600275000
1222.9114923987333,615.5319311747758,860.25100,8602510000
1211.9499584690252,603.4025770967719,860.47560,8604756000
1235.037661867398,599.4846444857341,860.69670,8606967000
1220.379426326735,601.4268333341764,860.92110,8609211000
1159.974577304309,573.5618328683671,861.14410,8611441000
1136.433487877471,640.9330585550229,861.36740,8613674000
1162.8570107457213,592.8789744794562,861.58990,8615899000
1180.4965426011704,637.046274872035,861.81520,8618152000
1161.8135855241292,610.0150521566973,862.03270,8620327000
1150.3766280865016,654.6191709606114,862.25400,8622540000
1086.2660708080232,673.2299708836636,862.47990,8624799000
1042.695435530926,689.656513768982,862.70020,8627002000
1083.5561241026237,706.3731444926041,862.94300,8629430000
1093.5834701605402,719.7938265644905,863.16370,8631637000
1010.4523002875782,703.5928264941604,863.38360,8633836000
1005.8920284204272,681.791546007406,863.60640,8636064000
1033.0476464856242,704.3704383538176,863.84110,8638411000
1061.5538265503142,695.2795203356307,864.07110,8640711000
1135.4991139538406,706.299652039784,864.29740,8642974000
1102.1738025300403,651.6960505727386,864.52870,8645287000
1010.6357314338148,642.7272852998475,864.76100,8647610000
998.0384671673932,587.9672446396056,864.98230,8649823000
991.3143469369636,572.8757197040245,865.21430,8652143000
940.1227448810089,565.3874357729126,865.43010,8654301000
961.4850787502279,569.3765100323108,865.65290,8656529000
1036.2975864213417,508.17467871528055,865.88000,8658800000
1039.6826842716832,478.437083766979,866.10980,8661098000
976.4374883319967,459.04364728026417,866.32970,8663297000
950.4797395389712,502.3040763838959,866.55240,8665524000
909.4239334292386,452.25814636803767,866.78250,8667825000
897.1894588139817,483.58172586472426,867.00780,8670078000
870.7088613419907,473.78283378734335,867.24650,8672465000
858.7612776499863,463.55928723462245,867.47360,8674736000
857.5320006050828,466.07777888908976,867.69710,8676971000
871.0925659055489,503.00464207417156,867.93380,8679338000
804.3254955829582,410.6389483974288,868.17270,8681727000
816.4264314713562,401.0311549574787,868.39490,8683949000
810.6926658427295,395.5385118300487,868.61290,8686129000
878.2715598895707,375.40107425015066,868.83120,8688312000
948.6255860565178,342.9354495030453,869.05720,8690572000
935.9697310095462,345.13539068067917,869.28010,8692801000
956.50536664078,348.85474551086446,869.50020,8695002000
919.2763009937674,361.13850030619284,869.71610,8697161000
895.2647660822759,338.5314114125562,869.93040,8699304000
911.2756677359797,375.37981954341166,870.15970,8701597000
888.464759478822,364.0922424307274,870.38140,8703814000
871.6071192681285,386.2112435072529,870.59730,8705973000
878.5299268710658,396.3051794063904,870.81860,8708186000
837.3331656679592,395.4723819635968,871.03670,8710367000
835.3805310462551,387.5344138045035,871.25710,8712571000
816.6574105542164,433.79248037641,871.48150,8714815000
804.236837642452,390.6999347320432,871.70030,8717003000
836.0933844586867,444.12853199884603,871.92810,8719281000
874.7543111815601,417.91919688014866,872.14920,8721492000
911.4251891262858,452.3874016374939,872.36730,8723673000
870.0497673150193,429.3420728901187,872.59130,8725913000
869.3254647317387,413.65700852649957,872.81300,8728130000
856.3577889259959,400.81498450974556,873.04510,8730451000
944.7595391098417,405.8799073091808,873.26390,8732639000
967.755298227869,460.92983636074564,873.48960,8734896000
932.3168647477673,454.444380675837,873.77400,8737740000
1001.4363446415172,513.2629184676748,874.00340,8740034000
1006.1106566312404,521.0467834893154,874.21990,8742199000
1041.5678207569752,549.9745262782978,874.43470,8744347000
1029.0489774577252,608.2265977263089,874.65850,8746585000
1014.9051534823877,586.7013265655978,874.89570,8748957000
1019.2521731696964,603.1515254059756,875.10910,8751091000
1084.005039147601,648.426332915081,875.32030,8753203000
1083.1889323504597,664.0036122834197,875.53650,8755365000
1129.5797519497496,650.4258765701543,875.75720,8757572000
1072.1837190429712,634.1213907532469,875.97540,8759754000
1136.7026821298443,575.4860842350653,876.20330,8762033000
1173.977570087077,577.4370827748179,876.43640,8764364000
1256.220808929024,532.8516138689145,876.66040,8766604000
1149.4132386933234,406.00007134159534,876.88540,8768854000
1187.5756141371132,359.67342841592773,877.10920,8771092000
1196.5874242954465,341.68921970553174,877.34450,8773445000
1265.111887540211,369.6177833796204,877.56540,8775654000
1246.8834461923998,413.62931863367623,877.81040,8778104000
1236.6608989025517,472.7414988210376,878.03250,8780325000
1223.4343503578705,459.0941267101384,878.26330,8782633000
1153.3774434320944,431.1232655220774,878.48600,8784860000
1165.4995018710702,368.19713775647017,878.71480,8787148000
1242.5086560610991,387.50891038854655,878.96080,8789608000
1222.3342559138564,338.73139126097703,879.18940,8791894000
1201.4406912585146,342.4840983879502,879.44570,8794457000
1164.7443465829233,352.83225437353843,879.67000,8796700000
1166.0979539877083,434.95034256392523,879.88930,8798893000
1076.1232771060304,500.2277800505604,880.12280,8801228000
1007.3502944731863,525.835647695119,880.36480,8803648000
916.1891571643022,552.8209246769394,880.58400,8805840000
902.9344695145023,584.9716800803061,880.79780,8807978000
864.3840285254402,558.7737064196901,881.01800,8810180000
908.3987798163886,591.6071749765872,881.22820,8812282000
915.9376978471349,594.5269063820023,881.44710,8814471000
867.8819703701643,549.4326570806824,881.67580,8816758000
906.3520471007149,592.7735107924805,881.89820,8818982000
886.2132720842475,568.0780203732343,882.11650,8821165000
890.0944471409497,532.7932528234966,882.34030,8823403000
902.4881693731163,487.798857295622,882.56610,8825661000
890.6791926598222,444.1382451105948,882.79740,8827974000
900.8261775702058,449.7329320168327,883.04390,8830439000
927.619559192058,428.7153039867735,883.28060,8832806000
949.6738426653716,410.67256553121916,883.50720,8835072000
969.2509377150436,399.0072058759573,883.78390,8837839000
894.9996530928778,330.8399618846308,883.99400,8839940000
844.3507484495077,272.2039994125165,884.21630,8842163000
855.1600476984578,258.4681221996244,884.43110,8844311000
847.50813354818,295.31556777058296,884.64710,8846471000
882.6441888169069,323.90648560103364,884.86920,8848692000
882.6687458448073,275.34059390180323,885.09480,8850948000
935.3227280960969,280.57366080613025,885.32230,8853223000
974.8298781942491,328.28796140159733,885.56330,8855633000
1029.452526015763,426.4323287962897,885.78830,8857883000
1094.003694622018,438.4550128047825,886.01960,8860196000
1145.3211989967383,405.92059557251457,886.25090,8862509000
1202.132632471973,461.40866485269066,886.48140,8864814000
1168.9445711907802,427.07265589692327,886.70230,8867023000
1157.1864190028898,455.0362792076303,886.93050,8869305000
1184.396660232345,489.91459684372984,887.16790,8871679000
1127.283428357677,424.5615177677023,887.38780,8873878000
1099.6177855571304,476.1483434289484,887.61370,8876137000
990.9688779316027,513.3124133656394,887.84320,8878432000
997.0231624058804,548.8807439855448,888.12440,8881244000
1074.7185604603012,575.5477113527787,888.35320,8883532000
1172.398387163922,570.9754185207894,888.57820,8885782000
1286.081729832735,547.7903156800633,888.80420,8888042000
1320.1468689015999,554.9691035611402,889.04380,8890438000
1359.479007132231,561.1189768183007,889.27000,8892700000
1387.014293126959,572.9671845310824,889.50080,8895008000
1381.8837878254785,625.2969010290569,889.73200,8897320000
1346.457907974644,677.9540952793841,889.96430,8899643000
1363.1176100371065,643.2600625873613,890.18870,8901887000
1284.8153793974998,629.2110471047068,890.40440,8904044000
1234.9354642469875,616.1198986051774,890.62210,8906221000
1182.3016734298012,555.8750018494936,890.84610,8908461000
1111.7259871386252,595.6748497906794,891.10740,8911074000
1113.5916425849887,560.92928394883,891.33330,8913333000
1108.9243796364947,538.2251105161887,891.56150,8915615000
1104.8542786917485,544.178115584085,891.78810,8917881000
1136.9258163017923,585.286237729345,892.01620,8920162000
1107.917100606009,602.415770106205,892.23230,8922323000
1159.9474290335409,612.7842721959802,892.44870,8924487000
1127.6048230861043,622.1286508597967,892.67740,8926774000
1102.5709734247744,631.5520369972917,892.90310,8929031000
1081.664592815389,643.8563298435997,893.12540,8931254000
1016.1749738734469,582.9139470716812,893.33820,8933382000
1042.025653345245,570.3201383573044,893.55160,8935516000
950.9436591402665,490.5821660189979,893.77890,8937789000
964.6364239024977,464.11773462350055,894.00380,8940038000
910.1269067946018,548.8618425828465,894.22910,8942291000
985.7070671582644,581.7549747697306,894.48290,8944829000
998.1757182901287,506.02747143684616,894.71960,8947196000
1001.1150514667986,537.5958902275811,894.94830,8949483000
1163.6231326842965,516.977198331877,895.17650,8951765000
1165.3581795387186,445.2954687187958,895.40210,8954021000
1174.430332514366,445.93387931442214,895.61840,8956184000
1170.4362974058936,456.0431115988501,895.84000,8958400000
1132.979232402396,381.01984531010567,896.08630,8960863000
1042.3012131928936,383.9925543269866,896.30180,8963018000
968.7514707849216,424.0174882335076,896.51690,8965169000
954.3193682606932,452.49985826409454,896.75190,8967519000
884.4538384731792,410.548446925529,896.97640,8969764000
927.0490298242339,463.8414368722872,897.20190,8972019000
972.1629159072141,496.70102949666733,897.41330,8974133000
971.6725334434086,484.4554585499506,897.62540,8976254000
1012.00175527315,509.4937810330702,897.84570,8978457000
996.1134407022008,526.2289804181165,898.07110,8980711000
996.831947960815,474.8162636733434,898.29320,8982932000
998.3524089428229,509.511626371261,898.51820,8985182000
1068.8341748344187,535.1830791397533,898.73100,8987310000
1104.4616605622816,544.7286822910382,898.98180,8989818000
1113.4468508549216,595.4314595641752,899.22100,8992210000
1153.0087896798002,568.5467180908945,899.43840,8994384000
1106.8926248587293,525.234994325107,899.66730,8996673000
1056.334031258119,561.8332723541585,899.90020,8999002000
1047.827938242875,579.8156898763034,900.11910,9001191000
1139.1317829111729,626.6388223957208,900.33460,9003346000
1147.6394413406827,621.6110305156337,900.55440,9005544000
1172.6444092804823,608.4856577364335,900.77310,9007731000
1194.7188840916347,520.4819205840616,900.99820,9009982000
1259.6124392893405,514.4895146044593,901.21980,9012198000
1254.2368309914352,497.38001546254185,901.44760,9014476000
1200.841798917978,480.74474152776855,901.67930,9016793000
1123.5851962684153,451.3348705544428,901.90000,9019000000
1077.769172749528,467.73511396928876,902.13020,9021302000
983.4259108289815,463.4739207676692,902.37200,9023720000
958.1772713904825,497.6882407261604,902.58260,9025826000
962.1811448249017,526.8516685857869,902.80670,9028067000
908.6269478415487,510.44381462287976,903.02940,9030294000
897.0078282301033,509.74268701406504,903.25320,9032532000
929.7179141311423,519.3236931830224,903.48050,9034805000
959.3153266104206,487.6719442457478,903.72060,9037206000
1054.9420301597102,453.5251571625734,903.94280,9039428000
1167.7378983520598,476.4463257586776,904.15490,9041549000
1184.235998290746,480.8731413604961,904.36790,9043679000
1153.2144048656448,488.94419842841563,904.59230,9045923000
1074.0673849326213,493.43715773945206,904.81580,9048158000
1046.2604377906894,529.5237175164862,905.05200,9050520000
973.9088347066374,514.3851755316738,905.27490,9052749000
1073.5479988258667,508.74658966510464,905.49180,9054918000
1088.136097708237,571.2076749172984,905.71810,9057181000
1019.3351339684762,541.4638039924824,905.94260,9059426000
1014.7629392923347,523.1212713681514,906.15960,9061596000
967.1014733299911,477.9864936835981,906.38380,9063838000
905.8115922168433,516.7221979280969,906.60630,9066063000
978.1124064887829,507.924858046208,906.83290,9068329000
1066.1309361164165,509.7850474013166,907.06650,9070665000
1030.9000202941502,476.11125661514063,907.28990,9072899000
1032.4731199415555,486.518094223721,907.50460,9075046000
988.3370698030802,499.62832013137125,907.72970,9077297000
871.846879794369,491.4759962521905,907.96670,9079667000
902.4376236318666,466.54706220700655,908.19830,9081983000
915.9915629081397,499.46049609141,908.41790,9084179000
913.6479450199048,537.1821799393892,908.63650,9086365000
969.2968796123221,552.1731528509923,908.85670,9088567000
1047.6810439699448,519.4693364912341,909.08210,9090821000
1079.9165237747536,441.09978863888375,909.32020,9093202000
1125.5277472211178,433.73209303289747,909.53960,9095396000
1179.299710167404,477.3411562085304,909.76040,9097604000
1200.5046597888258,511.8831368946215,909.98500,9099850000
1181.9410333303936,562.9329935028497,910.23640,9102364000
1153.7192003061787,563.0121251435992,910.46650,9104665000
1080.5921785053688,540.1577720167744,910.71980,9107198000
1098.0613564462833,585.1433756300459,910.94500,9109450000
1070.6964665979608,602.7542613532275,911.19140,9111914000
1022.1696891725738,588.5535861962325,911.46370,9114637000
999.5847232496532,531.2240243034839,911.74450,9117445000
958.2068475467781,489.7508813258448,911.97570,9119757000
1060.7203815284481,489.55255780062413,912.20090,9122009000
1055.2083835173034,432.71598586114976,912.43000,9124300000
1022.8568194487002,417.63209649590124,912.70810,9127081000
938.235930516581,334.7183260663141,912.98870,9129887000
913.3834098780748,332.8692010551132,913.22930,9132293000
839.6695881205944,300.32267374716474,913.46460,9134646000
772.4565034969661,302.01083904821274,913.68510,9136851000
678.2147967672155,292.42128932399396,913.93760,9139376000
701.7134444575229,307.89618179035364,914.17580,9141758000
674.0204591556401,308.6555709622098,914.42960,9144296000
697.2351139719937,315.9704514708239,914.65580,9146558000
687.7522753041545,321.82294253438005,914.93110,9149311000
693.259739258108,247.60810088599402,915.18490,9151849000
701.3348597100738,336.9849048559336,915.43950,9154395000
757.7314117298125,395.1512584328686,915.71680,9157168000
761.6058536501023,411.64989711441217,915.96930,9159693000
806.8097778251249,451.1505848253627,916.21720,9162172000
828.6712746324422,417.9427824969608,916.48500,9164850000
852.9286324124412,437.32232584053907,916.74480,9167448000
849.3695016287477,448.81649577442994,916.98310,9169831000
910.0897089246056,453.3994197226765,917.21710,9172171000
919.1654913299149,400.24234727204714,917.44000,9174400000
938.938179465267,414.55090694180416,917.66210,9176621000
940.7054652698408,432.8166421403849,917.89150,9178915000
917.404620821558,413.6238891416754,918.12460,9181246000
934.7998443283444,452.33950757064156,918.36300,9183630000
964.907715270683,468.1769404432616,918.59310,9185931000
996.2428339562532,506.5815758580456,918.82690,9188269000
1026.4404638881908,510.3550148141182,919.03820,9190382000
1071.3198312137467,530.2347018877356,919.25550,9192555000
1060.6431299507065,501.6611073843833,919.49810,9194981000
1012.2252583160678,478.59921704591267,919.73690,9197369000
1076.7477512236735,465.6278985481638,919.95810,9199581000
1051.7721958905981,427.4438433429584,920.18190,9201819000
1042.1326577936884,415.1877867571235,920.41300,9204130000
1012.9793779082582,383.9966871977946,920.63450,9206345000
995.0442085371062,383.3999332940592,920.85260,9208526000
1021.0139795366647,367.34238624772973,921.07920,9210792000
1045.894878698124,413.60937473700136,921.30490,9213049000
1067.288302500261,417.18080724045006,921.56360,9215636000
1065.9706333578538,445.5305738745824,921.80790,9218079000
1067.0696166017403,459.5216565097427,922.02190,9220219000
1115.9251962938806,508.4461084039053,922.23960,9222396000
1112.8225222514345,451.31515902659913,922.47160,9224716000
1058.2818651484795,445.40559299212185,922.70400,9227040000
1003.2014503312848,453.0585729813866,922.92660,9229266000
996.1286867117426,514.7628245301992,923.14010,9231401000
985.7863228290231,493.25763388093554,923.37220,9233722000
975.264600579163,462.2877528484362,923.61510,9236151000
981.3816334598025,442.91994649953364,923.84100,9238410000
1013.9815202293753,458.1134523404048,924.06630,9240663000
920.4450164773845,441.24867287687175,924.29150,9242915000
912.4392626215448,456.5003231415225,924.52170,9245217000
861.7240455856381,448.82356314320504,924.77300,9247730000
788.9863397384607,410.62217446527285,925.00540,9250054000
790.5459263815801,396.33170805962004,925.22470,9252247000
806.4415819017577,394.61986860851783,925.44670,9254467000
813.8821073881434,408.7015754584988,925.66400,9256640000
816.6183619153275,387.68520389125706,925.89990,9258999000
871.9971998365795,403.74080596274024,926.12900,9261290000
952.224087703647,396.11637767288545,926.36000,9263600000
931.5336156358646,434.72284304960067,926.57840,9265784000
881.5247976013525,451.4635502301778,926.80060,9268006000
896.908849410614,458.8465682256218,927.02000,9270200000
919.8960087225865,427.4156122631651,927.26030,9272603000
880.2176579736213,434.66016386822537,927.48890,9274889000
847.611023370622,448.44445899126856,927.69570,9276957000
838.2441229120202,480.74624438064984,927.91140,9279114000
849.4021650464186,445.60251890342346,928.13300,9281330000
936.1486005410752,455.48419968820707,928.36160,9283616000
941.314904740854,469.5488393813245,928.58670,9285867000
895.7377568912707,409.8068469071442,928.81890,9288189000
876.4505236376108,425.3148300223732,929.03040,9290304000
877.5492573967438,406.41367428942004,929.25590,9292559000
827.4762352206125,401.0889843246467,929.48010,9294801000
808.1712117023317,360.7347693560123,929.69800,9296980000
766.8913877382506,340.07582937376964,929.92470,9299247000
798.4430443668996,325.2418695322892,930.14150,9301415000
812.59550614981,328.0969258776401,930.35440,9303544000
721.9131444869794,331.38167394625157,930.59110,9305911000
730.1763223184408,328.754491822957,930.81920,9308192000
796.7825005280399,351.49797570942087,931.03900,9310390000
832.9764263567574,399.1192560994511,931.24870,9312487000
817.090101263998,381.53498361278287,931.47040,9314704000
901.2860351351374,431.9899489723725,931.69150,9316915000
977.7209464066489,448.0132040331658,931.91160,9319116000
1069.705148563907,546.4811683286922,932.14240,9321424000
1125.6857045402282,572.0103373072147,932.35540,9323554000
1048.3446709210727,472.5331531100268,932.58180,9325818000
948.8951744120175,420.65098157433044,932.80660,9328066000
1001.1383710900122,447.43194801176367,933.02550,9330255000
1079.9181043035908,482.37265780557277,933.24640,9332464000
1191.6525903024096,478.71922239727456,933.48100,9334810000
1220.037279073673,446.1334746745768,933.70020,9337002000
1279.9176622852485,458.2153716060136,933.93050,9339305000
1224.8061117560837,390.33680094824047,934.16920,9341692000
1209.1548219278893,387.7459302741838,934.38810,9343881000
1229.130252313089,435.5391075005919,934.61020,9346102000
1210.1650486758285,473.96314912992284,934.82740,9348274000
1191.8130475810399,492.4792258791231,935.05290,9350529000
1076.192326890201,538.9641339393239,935.26710,9352671000
1080.1924693263984,558.2364002473561,935.48840,9354884000
1005.0157016099097,684.0613842652774,935.71280,9357128000
965.6580230553341,707.7383960359331,935.92920,9359292000
1024.8734685637532,596.3727076136744,936.14310,9361431000
1157.2365376356543,473.98536598526084,936.36800,9363680000
1128.1993317791341,467.1137262549361,936.58740,9365874000
1096.961677464015,493.6571162716883,936.81500,9368150000
1056.9548078719765,482.317501904344,937.02490,9370249000
1007.2384406091523,432.9139083461223,937.24940,9372494000
890.0108760706044,445.22298738244956,937.47280,9374728000
852.2314367075614,413.8910797530846,937.68800,9376880000
790.3227055751897,403.66921072283066,937.91890,9379189000
881.0609979013659,462.28901841107125,938.14470,9381447000
896.9085455258754,494.85945603022805,938.36470,9383647000
904.0258347794608,474.51841005032793,938.58330,9385833000
910.2537073359272,451.55101731625757,938.82600,9388260000
828.788126615301,465.75951147182917,939.05080,9390508000
789.7858472028657,533.425109580075,939.26990,9392699000
856.2063229328741,581.3293211728054,939.48550,9394855000
948.4853923409011,601.8570413746525,939.70190,9397019000
1146.0702854770684,570.723610163706,939.92750,9399275000
1300.3580268753335,470.4639446887278,940.14320,9401432000
1374.8412508431804,475.561989127407,940.37490,9403749000
1396.7625604173486,539.3569900461421,940.59690,9405969000
1271.3244531968594,514.6442782131664,940.81510,9408151000
1266.7186306975843,431.3169985930496,941.03600,9410360000
1265.7582140961042,328.7637599262109,941.25590,9412559000
1187.7873521097956,313.09699013280704,941.47470,9414747000
1047.595835063636,269.96034190199725,941.68710,9416871000
887.0092773501992,203.822351079025,941.93020,9419302000
767.7789354309372,224.9721182719509,942.17620,9421762000
600.7821842909266,166.56312947102703,942.38890,9423889000
555.7411657834482,105.03679229449696,942.60800,9426080000
532.3001405902421,44.56874346301382,942.83640,9428364000
651.648479987425,165.86421074472082,943.07080,9430708000
599.3109763186148,159.70414297792433,943.32360,9433236000
694.2758248800397,186.4398872912712,943.53890,9435389000
880.509830229483,189.70118709919336,943.76890,9437689000
820.4602691559297,149.03835485696547,943.98450,9439845000
763.5587851092658,91.7991948379838,944.20650,9442065000
609.8378167694171,110.05037981665066,944.42700,9444270000
480.574599811629,157.9256107609032,944.64440,9446444000
486.8905644469576,247.12199049245717,944.86470,9448647000
393.20106419246144,211.0321130426276,945.09220,9450922000
368.6010542902289,240.66076599939925,945.31060,9453106000
475.94795176932615,267.27357428389894,945.52800,9455280000
728.0980492120541,380.916445338604,945.74570,9457457000
916.8263441621093,403.06915151741106,945.96500,9459650000
941.3134711429607,411.39513475882825,946.19590,9461959000
956.0575377217442,356.21202600461646,946.41940,9464194000
936.2092070639557,346.78822525587555,946.64030,9466403000
865.2006383047432,334.3998296335469,946.86580,9468658000
670.0471476987302,283.71989464097163,947.08570,9470857000
719.4373316364001,282.23087932139083,947.30340,9473034000
798.366228301478,304.1304293068026,947.52130,9475213000
970.9046591433836,195.3845693402588,947.73910,9477391000
1035.7417916180173,155.2233850010104,947.95680,9479568000
1203.028183815034,178.35553881226082,948.17150,9481715000
1239.866717041557,282.92048828434196,948.38630,9483863000
1028.5500962243564,244.77172627188375,948.60390,9486039000
953.4009802909071,195.8556143160137,948.83520,9488352000
891.1765212691361,250.79197813055612,949.05120,9490512000
617.136179411437,261.0653893339297,949.26780,9492678000
466.9062944113232,250.61145208032576,949.49340,9494934000
641.8029409161209,327.5901927437828,949.71400,9497140000
566.8816642692012,310.2930254695375,949.94340,9499434000
620.2330095033606,268.8739780019975,950.15970,9501597000
663.8016259561402,251.15184853375393,950.37510,9503751000
870.5504016923865,289.99603798650367,950.60600,9506060000
857.3839569291825,322.0022908405203,950.82160,9508216000
951.4130822792516,350.63431526319243,951.04050,9510405000
1096.0533947606336,388.4807584325928,951.25710,9512571000
1284.486699632883,406.32853668893307,951.51990,9515199000
1208.490108779054,558.5241453952913,951.74250,9517425000
1273.27514645303,482.017164331906,951.96710,9519671000
1239.5206842812106,414.5003880663573,952.23580,9522358000
1185.5335293033183,510.9531596224498,952.45480,9524548000
1126.9909093802526,475.01657344082963,952.72920,9527292000
1054.5814833127124,419.2305368806946,952.95500,9529550000
979.6044153836123,476.54457434477433,953.17490,9531749000
1019.523640713661,464.41757845194434,953.38860,9533886000
1034.2824264519757,385.7666608257558,953.62150,9536215000
951.6344669672172,373.16059176266845,953.84570,9538457000
917.7536544510834,319.7271428598208,954.06820,9540682000
937.9427697727147,370.14383553961545,954.29350,9542935000
941.8711182068363,330.3364121792394,954.52000,9545200000
989.9668766112192,303.5537807927804,954.75160,9547516000
1012.7905712985927,324.03412077825203,954.97920,9549792000
1079.8990111567314,316.1426558267799,955.21440,9552144000
1140.0234622524622,375.1794696854471,955.43900,9554390000
1095.7618826457656,428.82599076546563,955.65550,9556555000
1065.080973781022,481.9976767554965,955.86730,9558673000
1059.330606338221,450.4096961228071,956.14000,9561400000
1123.097845445176,475.5984153485097,956.36130,9563613000
1189.3293294094424,508.51722948127775,956.58090,9565809000
1294.8299563079445,544.3382407313051,956.79920,9567992000
1360.815062283183,599.5432740163731,957.02950,9570295000
1349.3620876303835,623.5015331383755,957.25360,9572536000
1339.8326362305152,596.1920876422946,957.48650,9574865000
1331.204360902167,606.4336957377775,957.75750,9577575000
1126.4158589369454,610.4644922208236,957.99660,9579966000
869.2877530200985,540.4802337747506,958.23150,9582315000
612.8156301094947,463.2528192066792,958.46910,9584691000
436.9086774149356,394.8912617299943,958.69440,9586944000
269.88556995478444,316.0204327278226,958.91220,9589122000
196.01243974994514,292.78712940383673,959.12500,9591250000
117.45589059815977,277.8078904814022,959.35030,9593503000
119.93857466959888,210.60370561583403,959.57000,9595700000
111.86954349830783,172.33256335268075,959.80670,9598067000
100.71003573287064,190.5018074999109,960.02630,9600263000
145.3239010104014,189.75140269166184,960.25430,9602543000
175.60049454378034,228.06019666524102,960.47490,9604749000
116.75734496920317,236.34210142971855,960.69180,9606918000
242.32211476607637,321.20534082934495,960.91100,9609110000
416.6984944746698,331.3158568614348,961.14510,9611451000
630.5765179166492,411.86039176672057,961.36400,9613640000
724.881766399996,403.26831583400843,961.58850,9615885000
812.8431410140238,407.14710774863335,961.81760,9618176000
855.841320008498,373.37962438275326,962.05330,9620533000
860.2782378185974,369.5345280409543,962.28570,9622857000
844.4876316934785,389.8022458232864,962.50670,9625067000
960.2435639916838,477.56383552841396,962.72970,9627297000
1068.5063643218957,492.0769251038699,962.95470,9629547000
1097.1117971179635,519.6264866421942,963.16870,9631687000
995.5099105062848,507.5495142593113,963.41770,9634177000
1037.869842139762,573.6418361962046,963.63310,9636331000
1089.300419734117,564.5975373977195,963.85140,9638514000
1117.8825796324693,574.3001727868424,964.06360,9640636000
1106.0433001205656,546.8168307215979,964.28970,9642897000
1083.2499347265243,524.7600599756756,964.49860,9644986000
955.348240243487,449.69436444301846,964.75050,9647505000
951.9901405166711,437.15218343378757,964.96190,9649619000
1027.1648257085792,460.5313524525842,965.19110,9651911000
1153.144533587536,528.9320895760159,965.41760,9654176000
1114.7522612760301,548.9653640767389,965.66480,9656648000
943.2895322291292,408.10806428475615,965.90600,9659060000
1003.4572079882544,430.7341611562316,966.13250,9661325000
1057.4751998013608,489.1405140727585,966.35120,9663512000
1178.856793709283,512.7084037909824,966.57800,9665780000
1257.9039089324294,513.6532006362232,966.78860,9667886000
1280.1920398380507,547.0884914259291,967.01870,9670187000
1314.5561997003283,612.6682779256394,967.24460,9672446000
1318.5377093387626,649.8632614233234,967.47220,9674722000
1198.755457716873,692.594904828724,967.70100,9677010000
1051.445963058784,577.1700578561107,967.92090,9679209000
940.2879677611264,480.03650872607705,968.14740,9681474000
950.9082250222739,465.7196858455359,968.36770,9683677000
961.9381490211871,511.9796316881454,968.58790,9685879000
990.6546932340299,585.4278600994985,968.80410,9688041000
951.6054592835128,599.0712622891525,969.03560,9690356000
990.2240022158943,613.9627561678487,969.26070,9692607000
1009.467099564481,657.8243475078465,969.49700,9694970000
1086.6820085402674,649.2627302459002,969.72760,9697276000
1174.7613734057734,634.295998674318,969.95900,9699590000
1206.5770186673815,578.4256317611076,970.18630,9701863000
1181.8843961291823,519.6373714388815,970.41780,9704178000
1113.6722546584172,440.07178982066006,970.64420,9706442000
1071.809609158722,441.9495341355302,970.88950,9708895000
1111.0724071677164,404.5612048014336,971.15990,9711599000
1071.1242523800465,415.5856460257417,971.38170,9713817000
1040.0510223039732,306.61258534103234,971.60840,9716084000
960.9658587819266,266.00394572379713,971.84150,9718415000
900.6737856567632,229.07652540086616,972.05880,9720588000
748.6790845767636,195.19674767398524,972.28540,9722854000
713.108511855697,198.80778334891585,972.50240,9725024000
555.4006434783261,200.5511228336107,972.73580,9727358000
529.7953529195546,195.38238941091038,972.96300,9729630000
739.8685652236401,256.34730679029406,973.19830,9731983000
619.4378966422183,193.95007014141507,973.46060,9734606000
557.9976567286258,163.24386820373246,973.68150,9736815000
427.0474792176047,129.77923704030908,973.89870,9738987000
647.3887221368216,170.90313019685112,974.12150,9741215000
513.9127093563453,177.01838980255883,974.33850,9743385000
362.98929900561154,110.71447027948125,974.57190,9745719000
299.31993991323094,127.5516382988203,974.78970,9747897000
530.1850404021617,228.8657342463497,975.01500,9750150000
658.3844391674966,245.94679712026243,975.23380,9752338000
708.7037914656511,268.28217973956384,975.45470,9754547000
857.2550494172729,316.86475007112637,975.70300,9757030000
1031.6340216581625,363.15633648520435,975.92300,9759230000
1135.7453902374941,313.9205372206705,976.14230,9761423000
1078.8969192083819,270.10744056162514,976.36020,9763602000
1204.816703209554,256.1527044521982,976.57940,9765794000
1280.111790236192,244.14000988337457,976.80770,9768077000
1356.323531609686,282.1948430893901,977.02410,9770241000
1478.585492788487,290.49926127186484,977.24640,9772464000
1569.8682905665848,340.6118632467907,977.46580,9774658000
1587.5042764504483,368.08006289298197,977.68700,9776870000
1599.802233854516,351.1818227357438,977.90160,9779016000
1640.7361435231733,396.01117060172066,978.12400,9781240000
1676.313701684993,367.1549413886768,978.33650,9783365000
1684.604555911377,389.95260008155407,978.55770,9785577000
1695.9546888009975,429.38810003719044,978.79090,9787909000
1594.7144408343502,442.4087070887602,979.00980,9790098000
1581.0374048456415,455.51091577943833,979.22400,9792240000
1526.4233089820432,527.3356771046192,979.44440,9794444000
1429.9781443754714,543.8857759864206,979.66660,9796666000
1402.7841682897667,530.0079385344354,979.88990,9798899000
1375.1746508611188,504.5047874923997,980.11170,9801117000
1447.460179475366,463.7058094610697,980.32870,9803287000
1309.1477443071428,360.6257756252912,980.55640,9805564000
1265.6568011266168,273.775541653386,980.78300,9807830000
1220.532677063808,354.30937378937944,981.01210,9810121000
1120.7123479472127,305.3917434815773,981.23980,9812398000
1200.849338776317,322.6246139822065,981.45740,9814574000
1231.2764106847474,380.02011038462456,981.68710,9816871000
1176.3260334460526,395.37531603675603,981.91070,9819107000
1108.9004958060139,439.8081876457884,982.13280,9821328000
1099.3554959876724,419.71630724303185,982.36720,9823672000
961.8426621295182,341.18550926078376,982.58940,9825894000
882.7551477258039,287.2748142076337,982.81720,9828172000
851.0592292149548,368.76427053234806,983.04140,9830414000
804.2747471200332,427.6759510635187,983.26230,9832623000
821.6095108204117,443.2525906722338,983.49100,9834910000
899.5015102310584,358.43455090133324,983.71330,9837133000
1030.430048183816,323.99148325631063,983.93700,9839370000
1177.8237519245463,370.08798798378024,984.17010,9841701000
1210.5317316186897,324.1911145418523,984.40530,9844053000
1289.8898611859188,311.96176781117396,984.63050,9846305000
1295.7212295817699,283.57514286081323,984.86910,9848691000
1263.2865101621546,276.6028318608702,985.10670,9851067000
1291.2028260564625,348.6325505137896,985.32810,9853281000
1166.0305151863254,285.95405204261374,985.55650,9855565000
1106.8981263585529,288.7399315414663,985.77470,9857747000
1126.5481290247383,309.2699236646772,986.00530,9860053000
1110.5206961061565,304.65790145376184,986.22440,9862244000
1140.6236637204001,302.55945190057844,986.44600,9864460000
1130.3033251749953,347.6546247019144,986.66840,9866684000
1097.5627720417108,336.28198919611884,986.88660,9868866000
931.2851356534261,298.8716493951289,987.10400,9871040000
742.3007297691836,298.4876488293832,987.31980,9873198000
578.3249379808286,300.1515155247848,987.52800,9875280000
430.167253795216,283.084460025519,987.74800,9877480000
629.4314069370002,290.05583649531934,987.95850,9879585000
807.8517381353878,310.37980580959123,988.17750,9881775000
939.6937817035014,242.9240986058889,988.39050,9883905000
1067.4960542940823,242.0496723513314,988.61480,9886148000
1271.691853291333,258.09655653715254,988.83250,9888325000
1365.8967782830127,262.20535604934935,989.04670,9890467000
1360.0068892743318,287.6830357455113,989.26360,9892636000
1430.4132491428243,272.55023190033177,989.48820,9894882000
1412.1608179812931,202.51641209217752,989.70860,9897086000
1353.0481906641237,231.60615244770065,989.93150,9899315000
1506.9911525591394,179.39956175205316,990.15240,9901524000
1621.0639154755404,156.8488676872193,990.36750,9903675000
1689.6974089731668,217.0910291867154,990.58800,9905880000
1739.776239863754,329.0357775753676,990.80880,9908088000
1656.6409826196668,442.5805053352193,991.05130,9910513000
1572.4380014183405,465.5071025448957,991.26850,9912685000
1594.6661965581457,485.3638764267295,991.52810,9915281000
1655.757651377162,536.4848706449689,991.74640,9917464000
1722.8597645468258,553.3466115564537,991.96010,9919601000
1445.2126165083023,507.44111383969334,992.21420,9922142000
1161.9561306118007,470.44436240835813,992.43420,9924342000
1121.2630125814687,413.75548578114837,992.65980,9926598000
1129.5558696229448,400.3980179579968,992.90170,9929017000
1083.441876193726,432.3184792888122,993.12440,9931244000
1069.8578454732506,471.0101854629965,993.34990,9933499000
1069.040824060623,423.5291414894593,993.56950,9935695000
1170.943099264504,393.26389480958375,993.79820,9937982000
1346.1560158567247,366.7950321898794,994.01250,9940125000
1304.4825663824713,237.01296678671758,994.24650,9942465000
1299.5480688433706,165.29219095604907,994.48210,9944821000
1297.4940649960554,92.6409543903074,994.72290,9947229000
1254.11398164617,100.83620054258105,994.94430,9949443000
1114.7385561221008,188.62800668594457,995.20860,9952086000
895.8678740257677,127.09123064109392,995.42640,9954264000
737.8758529836956,65.09154755156362,995.65240,9956524000
562.6985986741558,116.83068669269369,995.87760,9958776000
596.6264672414404,212.81609739212678,996.14020,9961402000
513.8267438618888,160.81913983521662,996.36250,9963625000
416.15128359803975,238.67996292870413,996.58310,9965831000
447.1639931216138,202.74945043537448,996.80030,9968003000
626.5195291508956,255.53066858391603,997.04630,9970463000
626.5987075524597,271.10823855182844,997.28300,9972830000
663.1547682547173,268.55798015119916,997.50280,9975028000
737.4108477757316,288.1550147449763,997.73620,9977362000
786.7698032442299,294.84358115384015,997.96430,9979643000
929.21561233724,372.00856742742303,998.19120,9981912000
1017.5646083545428,354.9676598013561,998.42260,9984226000
1036.2166072877505,468.9469994447127,998.65080,9986508000
1041.7391291548188,423.5044091137449,998.88350,9988835000
754.2969466519364,353.64727483409854,999.11360,9991136000
613.267950676935,330.5102291399389,999.33440,9993344000
585.864702083956,336.79114979124716,999.56580,9995658000
549.3162229506472,300.2339972732109,999.79600,9997960000
526.5720982183396,344.14991232721445,1000.04720,10000472000
898.5003557309365,294.3173224088129,1000.26770,10002677000
897.2277665917375,369.425846301167,1000.49140,10004914000
660.838294975804,322.88433644330007,1000.73820,10007382000
527.3764925744669,327.2991576253412,1000.97720,10009772000
489.4788731287816,305.26985973309183,1001.20400,10012040000
576.9503044816361,278.46436790179615,1001.44960,10014496000
592.0482480667133,251.36894034870585,1001.67350,10016735000
486.77012484472726,245.09633225003392,1001.90530,10019053000
425.73228820633017,221.26809533703434,1002.13460,10021346000
359.14164738129296,229.8233869986673,1002.35330,10023533000
358.83971027474814,266.14863192179445,1002.58080,10025808000
357.9150333060505,281.2436385652186,1002.79970,10027997000
327.5873962303076,304.22622789607385,1003.02310,10030231000
364.41168961515854,327.0840383279052,1003.23930,10032393000
322.02990894713275,321.45430001911353,1003.46050,10034605000
241.86155903261735,293.9078216855442,1003.70020,10037002000
321.3203031933282,306.57008318028994,1003.92630,10039263000
348.50825459839893,345.58895587056935,1004.16430,10041643000
332.5504797045137,301.0626760363821,1004.38380,10043838000
353.5589739698129,298.7415065085068,1004.61090,10046109000
491.9850187571276,375.31823036021365,1004.85790,10048579000
670.573278294839,468.22324071281207,1005.08020,10050802000
671.24659585596,629.7114514309314,1005.31540,10053154000
565.0631401687726,713.5877646741892,1005.55820,10055582000
488.3505725791804,685.7055333651833,1005.79490,10057949000
438.30619926670397,738.2939216828771,1006.03680,10060368000
390.4851756142156,798.3217027405435,1006.25940,10062594000
473.13073990184023,775.9716466179553,1006.48160,10064816000
556.1354412224919,764.1399469817648,1006.71510,10067151000
572.9116066163822,685.1564258688024,1006.96990,10069699000
525.9835765794369,594.8751355197844,1007.19600,10071960000
525.8743646927824,567.1837981582071,1007.41280,10074128000
543.3029756268814,539.707220631841,1007.65330,10076533000
607.9155930800515,552.3251101624618,1007.89000,10078900000
552.4968267250023,546.7474345199603,1008.11570,10081157000
475.71081190854164,532.3687022104183,1008.33850,10083385000
457.06793686683085,480.64011253369125,1008.56350,10085635000
392.6464052697307,449.36732706750064,1008.84750,10088475000
484.9999144621802,400.3629349972667,1009.09750,10090975000
694.5391545925185,367.18570626645766,1009.31120,10093112000
866.7771410971836,298.79443283781,1009.52410,10095241000
866.0705669443641,281.529384744026,1009.74380,10097438000
778.7672957976995,283.8779145312047,1009.95780,10099578000
708.7793120448817,312.0966316717843,1010.18420,10101842000
566.4870411219371,311.27074466511687,1010.41470,10104147000
521.1003044007904,363.3911722606397,1010.63520,10106352000
490.2633108524378,239.10439108839228,1010.85410,10108541000
458.4698741244248,246.4096806661865,1011.07730,10110773000
482.0904950482614,237.27890681871955,1011.30210,10113021000
462.72221162343715,198.23878235808797,1011.52850,10115285000
514.9208701924393,263.1858347613166,1011.77870,10117787000
567.8357343042469,266.422131531514,1011.99520,10119952000
797.9248933136819,381.1777810850751,1012.21770,10122177000
876.653985606644,400.2860787600916,1012.44610,10124461000
882.5544887625782,512.1958045465401,1012.66840,10126684000
992.0495980116456,506.3303924652161,1012.90000,10129000000
1039.760205257762,432.44925358805267,1013.11680,10131168000
1040.8102160914038,420.681369727979,1013.32550,10133255000
1023.6795740154819,413.3715224185568,1013.54760,10135476000
969.3947086523085,343.7189845743785,1013.76460,10137646000
912.0017707889793,313.9402285034814,1013.99810,10139981000
846.3729154403084,278.73005001209833,1014.21650,10142165000
755.1541123798138,258.38655778526396,1014.42600,10144260000
652.8487887706417,268.10550919503453,1014.64030,10146403000
655.9360358231829,270.5004660324469,1014.87120,10148712000
675.4738387304287,312.0461567719186,1015.08600,10150860000
715.7715750493201,365.17409342234686,1015.30920,10153092000
654.1455403254237,378.60267043894686,1015.52620,10155262000
549.1232561924502,399.2310181646573,1015.75140,10157514000
468.8207645701552,365.9279030446477,1015.96850,10159685000
427.5097553032046,428.9377665608212,1016.19810,10161981000
398.72783914064877,383.4858946900076,1016.41800,10164180000
388.5054016138844,333.80625664032993,1016.63560,10166356000
408.81455619368944,288.8362467133904,1016.86370,10168637000
421.12363248242036,263.9489735434643,1017.08470,10170847000
456.09098528406236,286.1300096114864,1017.30090,10173009000
368.88120151776394,199.11637459011973,1017.52620,10175262000
361.14997146690433,188.54667146410773,1017.75310,10177531000
309.9900997422009,170.23617346901747,1017.97800,10179780000
212.76295784948502,170.84188544814117,1018.18820,10181882000
212.9952374047895,148.00842947179729,1018.39700,10183970000
299.3916107211993,193.65626267562004,1018.62510,10186251000
408.9550272200732,197.40286294472332,1018.84450,10188445000
582.2977169172506,239.59360531925893,1019.07010,10190701000
790.250758785528,301.9797960030919,1019.28380,10192838000
905.9642231833816,352.19869269564555,1019.50280,10195028000
915.410217696898,316.4560876608708,1019.75350,10197535000
819.9331245172341,336.79148763750385,1019.99080,10199908000
608.7514774835969,278.7507903899982,1020.22140,10202214000
587.8781546990706,348.0926212759669,1020.43940,10204394000
482.99519667914393,334.7741725467197,1020.67540,10206754000
390.23850632893596,336.912084711314,1020.88400,10208840000
313.9257856940515,348.408125723757,1021.10460,10211046000
287.6269860354638,296.4914081195808,1021.34680,10213468000
249.9044749787249,326.41783891779346,1021.56070,10215607000
387.57304196121277,358.6053249396446,1021.78520,10217852000
571.2395748495569,310.5185708122645,1022.02230,10220223000
811.2111714486393,289.2287156789937,1022.23400,10222340000
718.0932854983009,258.4182223717131,1022.45240,10224524000
661.3203065047525,244.19854475233402,1022.67680,10226768000
473.54608632797033,229.61645474985073,1022.89350,10228935000
282.4125940663175,203.05181817301042,1023.15210,10231521000
275.36596952520205,260.0929696115257,1023.39560,10233956000
322.59540818058076,278.30047462794766,1023.63530,10236353000
338.44777948715506,351.83132710823344,1023.86300,10238630000
429.34684288776145,397.72031232838873,1024.10000,10241000000
418.23398548211287,451.34049388511016,1024.31810,10243181000
396.8316019662185,505.2029173738538,1024.54280,10245428000
425.2228494222282,482.49273708050555,1024.76430,10247643000
439.4706249580852,533.1402751970066,1024.98850,10249885000
575.6540313581904,521.8909816561261,1025.21440,10252144000
665.5405266447419,521.8884313742551,1025.43810,10254381000
707.519249238292,514.2545191572375,1025.65850,10256585000
722.2866018612477,517.2073258844878,1025.87780,10258778000
709.3140972217905,489.257353631796,1026.10130,10261013000
647.1756533107574,403.2705068879659,1026.35210,10263521000
604.7093312433938,454.4357445385001,1026.57670,10265767000
592.7323008666544,468.5301669993065,1026.79710,10267971000
581.9346296270115,446.1742252742904,1027.02110,10270211000
512.7223298930422,340.7801883863705,1027.24640,10272464000
561.8178065146519,413.8592230262519,1027.46550,10274655000
555.0805456434131,391.2525102214914,1027.68720,10276872000
617.3753314323195,431.0390946439302,1027.91010,10279101000
697.3396652039395,442.79304928478246,1028.13200,10281320000
731.2869457603246,417.89789752117815,1028.35280,10283528000
898.6685550481305,440.4407961490749,1028.56540,10285654000
949.9380040342029,433.8899270931704,1028.78960,10287896000
1016.7472677544222,403.76619792560615,1029.01720,10290172000
1044.8002171402018,398.24075592523906,1029.22900,10292290000
937.7103582542503,474.8668679023194,1029.44280,10294428000
811.336926702149,565.0818442385939,1029.65290,10296529000
747.5622012888529,664.6939530754657,1029.87240,10298724000
692.3947351330919,690.552368669775,1030.08790,10300879000
843.4749138905759,740.8382895964755,1030.31170,10303117000
769.4120247087282,744.9986812793494,1030.55030,10305503000
712.8504490229776,757.0025575037222,1030.78040,10307804000
677.0104301879239,760.2187673552854,1031.00080,10310008000
637.1640664134405,799.188079807856,1031.22050,10312205000
584.8920494222027,727.0977308483929,1031.49090,10314909000
542.8811144515631,659.5302381094184,1031.72000,10317200000
450.2149699782001,533.8650091772316,1031.95990,10319599000
399.06362191788116,460.38339982852017,1032.17950,10321795000
305.5347069935831,345.6949523177562,1032.40390,10324039000
736.8403938196734,317.28051519554396,1032.63360,10326336000
921.1153218435692,311.3283430227975,1032.85300,10328530000
872.6368367326527,259.3481391178834,1033.12400,10331240000
767.5570696121702,195.15996175057026,1033.37390,10333739000
687.7295595569965,182.92549060365684,1033.60240,10336024000
612.6242114932531,189.66922063366434,1033.84000,10338400000
561.1689738136498,214.9381657324334,1034.06110,10340611000
604.6212221990243,263.33417858352385,1034.30200,10343020000
862.8992019548591,300.0929263201104,1034.56470,10345647000
1087.8761861874075,410.5722271420992,1034.79050,10347905000
1281.8572070649786,452.5697428506473,1035.01080,10350108000
1473.960831544221,435.9881781559957,1035.25390,10352539000
1658.2911584172348,444.76650378494554,1035.47400,10354740000
1761.6366508693482,405.018468174278,1035.69910,10356991000
1840.4788069926421,444.74012418332353,1035.94120,10359412000
1885.0114836216721,463.1207891126864,1036.15760,10361576000
1477.9537562276569,361.20851937976636,1036.37190,10363719000
1070.9445716257226,257.9158869896083,1036.59240,10365924000
827.6965261794792,140.96467546803262,1036.81750,10368175000
608.9181155122528,71.10302960795849,1037.05450,10370545000
461.148763018629,78.75359132377224,1037.32590,10373259000
380.1041875417908,60.75005058449753,1037.56020,10375602000
284.147271598169,51.78991349503395,1037.78460,10377846000
183.7553054681406,31.413429237793828,1038.00280,10380028000
170.5909015348172,60.89424072547554,1038.22560,10382256000
215.35355516517757,-11.839295604900379,1038.44430,10384443000
304.4829757615842,-45.997238992245016,1038.67360,10386736000
355.02818505865866,-95.64256689785697,1038.89840,10388984000
292.6592334604438,-65.67004296249755,1039.11500,10391150000
244.99567796890858,-27.054400311993028,1039.32610,10393261000
239.9699446045124,32.53487653603702,1039.54920,10395492000
157.82811570655736,75.16989562216966,1039.79360,10397936000
313.7299938523528,132.2700154091062,1040.02390,10400239000
418.4448627505311,192.5420533130898,1040.24190,10402419000
436.0387617003258,209.87459660887032,1040.46120,10404612000
436.7880174890894,224.19074409407102,1040.70220,10407022000
499.4744523379663,295.14018244620365,1040.95580,10409558000
563.9179559381832,317.74601030734055,1041.19190,10411919000
611.130281924411,364.3300311537854,1041.42840,10414284000
611.7327275317693,395.2494478467126,1041.65340,10416534000
551.8975024191566,399.9438632086264,1041.87470,10418747000
546.8720138386287,383.88702990609534,1042.10060,10421006000
590.1041585501276,401.12316082137664,1042.35260,10423526000
625.9408712320416,449.72371029574987,1042.57110,10425711000
699.652630376336,393.6362909324441,1042.79490,10427949000
629.0404796524534,331.0242225780084,1043.01480,10430148000
640.7592204635848,267.09292654893835,1043.24510,10432451000
545.3325370918483,326.30612159623456,1043.47190,10434719000
568.7158735221099,375.3428374905284,1043.68530,10436853000
502.267910284402,347.0409187943511,1043.90640,10439064000
687.4418848004225,349.02033896168507,1044.12340,10441234000
636.1459903396183,384.9495119553302,1044.34060,10443406000
585.7113420516838,483.25147498986445,1044.56330,10445633000
726.6879730603301,467.8139392139427,1044.79720,10447972000
851.3044011486958,534.7461641033168,1045.02740,10450274000
999.9228423814092,605.8430176372489,1045.25190,10452519000
1109.3464756423723,585.9162642912556,1045.49810,10454981000
1106.3454708550732,615.268659380752,1045.74630,10457463000
1042.4242282690952,608.328143918603,1045.96310,10459631000
804.0202626547389,472.28226293637795,1046.18260,10461826000
673.9186384526906,383.7859990563155,1046.40540,10464054000
607.7872215506322,323.4222708622475,1046.63610,10466361000
557.8171988297646,334.2024190140984,1046.87920,10468792000
506.5708254540592,320.34832767703784,1047.09480,10470948000
760.2469531494243,288.11317036060854,1047.32440,10473244000
945.9943683353333,259.28291387953556,1047.55010,10475501000
1070.1246206244164,240.9221509145664,1047.77970,10477797000
1117.127780187501,215.38589340734802,1047.99840,10479984000
1172.6827549718619,273.4736542152233,1048.22320,10482232000
1177.9403244825655,336.2495319804821,1048.44690,10484469000
1216.9934715376874,445.3714248224112,1048.67410,10486741000
1192.338465963855,467.5626033709735,1048.88690,10488869000
997.8979312453712,557.7221053097592,1049.10460,10491046000
824.0928553710576,611.6250215436536,1049.32070,10493207000
684.4824179472508,664.1152799901894,1049.53980,10495398000
643.3177104841876,748.489300714791,1049.76610,10497661000
657.8834004605104,854.6645601233199,1050.01760,10500176000
602.2385576396131,901.8672632854443,1050.24400,10502440000
543.7483908724245,909.914253520491,1050.45470,10504547000
488.67327916665226,966.9534698789834,1050.70250,10507025000
586.5433199915844,967.7123436891652,1050.94170,10509417000
656.5708244203316,902.6332336072599,1051.16540,10511654000
536.9537741313096,879.9956647844449,1051.41120,10514112000
668.6137528865105,793.1433681340889,1051.66780,10516678000
952.6850547462348,717.1426633391228,1051.90260,10519026000
1083.0908897595616,604.7534353232635,1052.11410,10521141000
966.0181128790242,658.2502837642301,1052.34200,10523420000
888.5903569665209,687.7692161594539,1052.58480,10525848000
751.4652410402969,717.0239312058285,1052.82200,10528220000
709.6084887750603,778.2979878983015,1053.04810,10530481000
617.0123736963002,769.3339213677873,1053.26750,10532675000
621.0665064383685,816.5877257994537,1053.50670,10535067000
537.1697623538364,863.4953639240358,1053.73860,10537386000
458.8663157201,871.1860029833473,1053.96970,10539697000
474.0472382587546,736.0640349004868,1054.21940,10542194000
427.3764058068191,696.6696941124363,1054.47420,10544742000
453.8968662309471,659.5430097858825,1054.71340,10547134000
482.7163259618132,605.7821310018959,1054.92290,10549229000
454.90737955138076,574.9460959275744,1055.13770,10551377000
432.2477309698473,559.5275853622843,1055.35230,10553523000
485.09671788135995,547.6868962841643,1055.61110,10556111000
463.50384629167803,548.7043422114244,1055.82540,10558254000
549.1169577416242,502.64063517447096,1056.04950,10560495000
661.1916252124777,528.9968634567044,1056.30730,10563073000
784.2011254667118,411.6881180203088,1056.53170,10565317000
904.2195899583031,392.07919530603624,1056.80520,10568052000
924.6997612803308,435.8050391838792,1057.02050,10570205000
873.0218073183436,513.8285598441171,1057.23130,10572313000
971.7019524229879,528.1837512158322,1057.46020,10574602000
1069.2281430518547,540.9782824535047,1057.68280,10576828000
993.9676322245288,619.4168628824636,1057.89920,10578992000
896.7517947583143,581.2193040961555,1058.11620,10581162000
801.823080279901,566.8930276011805,1058.33470,10583347000
701.5755390002879,488.9312068519622,1058.55730,10585573000
573.2125909397971,411.3875239314963,1058.77900,10587790000
509.19292636834007,348.38584919423727,1059.01350,10590135000
417.6991749036764,355.1657363229207,1059.23710,10592371000
447.0136299399735,354.46795240132656,1059.45800,10594580000
484.10011345619984,347.1121865436932,1059.67510,10596751000
630.9139421115475,392.37210373464194,1059.89440,10598944000
747.5357354070338,423.2852225351935,1060.12200,10601220000
708.1200664250073,448.80628868265376,1060.35390,10603539000
749.5031195856067,446.3270610180766,1060.58170,10605817000
858.9794045190756,470.8867096427246,1060.80270,10608027000
972.6721263486568,435.28827896400185,1061.02450,10610245000
958.5242244136566,466.4668195998708,1061.25350,10612535000
909.1201983204368,463.2364199395428,1061.47930,10614793000
799.2842194733632,476.2765063786211,1061.69860,10616986000
729.7715656934625,451.7089913027802,1061.92390,10619239000
770.030301414393,453.6267061881573,1062.14720,10621472000
646.994843487118,401.078089292097,1062.37030,10623703000
657.544198482087,302.19700973916747,1062.59600,10625960000
904.0907491521035,333.63835761065457,1062.83250,10628325000
1028.5413729285629,416.16255760170986,1063.05780,10630578000
1117.521135158186,381.2994930987226,1063.27980,10632798000
1164.1778873391722,393.16069273585185,1063.51100,10635110000
1127.1649607115291,462.6227158893059,1063.74950,10637495000
1084.4596019570142,469.8023623637234,1063.97040,10639704000
1018.1797216011184,495.8506885712679,1064.19800,10641980000
980.0079930020206,521.4787755524062,1064.41680,10644168000
950.2194464851174,606.1282836047549,1064.63750,10646375000
902.967997951885,601.991935975052,1064.86770,10648677000
843.7628575355141,643.9255069908671,1065.09130,10650913000
751.5908732701128,669.2306471289778,1065.31850,10653185000
730.6427094451075,708.2943579031707,1065.53450,10655345000
862.8522344215805,718.1898689852836,1065.75890,10657589000
875.4413527806745,732.6031409711526,1065.98490,10659849000
994.594595879208,742.2293426012216,1066.20800,10662080000
1083.934973275505,763.1199935288079,1066.42170,10664217000
1208.4539438840404,753.230053088254,1066.64030,10666403000
1238.1235784605046,725.8001342880866,1066.86120,10668612000
1244.1616015429206,694.4405803874643,1067.08350,10670835000
1259.3855320970472,680.362774492848,1067.30760,10673076000
1206.844865023049,637.1690070450471,1067.52370,10675237000
1183.1519349338666,588.3591858298215,1067.74540,10677454000
861.4037283693192,451.50035100246396,1067.97400,10679740000
649.2500961956592,419.7986372898181,1068.20790,10682079000
473.63666218053095,366.7873587181821,1068.42550,10684255000
440.9174933035754,347.4880820397621,1068.64550,10686455000
502.50521065511316,362.96918618261236,1068.88220,10688822000
787.654971101084,426.8609481768141,1069.10630,10691063000
1060.3378543033573,470.6359542839503,1069.32140,10693214000
1186.8790329385215,478.2673773900439,1069.54110,10695411000
1491.0218963030366,536.4178741739489,1069.75970,10697597000
1692.8867028251398,572.4205300367055,1069.98200,10699820000
1546.5375367683932,634.1245924706075,1070.19680,10701968000
1373.7131281108534,623.2332502866833,1070.42000,10704200000
1089.5087016346336,553.711116471254,1070.63860,10706386000
833.8063771823228,459.72423958037035,1070.86970,10708697000
733.5858103596141,406.5643572589182,1071.14950,10711495000
625.9158200341806,353.87856481088807,1071.37810,10713781000
579.7350105254608,296.78710356751264,1071.62040,10716204000
416.52385802341837,403.5074232868624,1071.85990,10718599000
397.41405110384045,401.9254812143033,1072.11930,10721193000
459.56699960794367,499.3992546269656,1072.33480,10723348000
467.56695801906494,589.0968905888607,1072.57460,10725746000
458.1875698297232,620.682139235958,1072.85160,10728516000
467.3458110511584,595.4742617404587,1073.10880,10731088000
565.0127263139448,567.6084033405483,1073.36290,10733629000
551.3263206191712,518.3989332046382,1073.65040,10736504000
593.4197611345281,510.14074396559033,1073.89860,10738986000
875.6226412508122,449.73460153731287,1074.16000,10741600000
964.2664029980958,305.8789448500286,1074.38460,10743846000
1095.2863959183564,233.94175401833655,1074.66150,10746615000
1151.5894278697485,241.629260692694,1074.87990,10748799000
1148.2036427884336,309.8534138728419,1075.10790,10751079000
1031.0716441072143,382.7216861990755,1075.35030,10753503000
999.6933134014081,453.1633690885292,1075.57910,10755791000
864.2387753862106,520.8373760766777,1075.85260,10758526000
868.7048526104732,521.3357758889215,1076.12310,10761231000
894.9656635448017,655.3226976496379,1076.34360,10763436000
896.3808433878253,678.5190530151635,1076.64190,10766419000
883.4754768637661,759.6838929540748,1076.86250,10768625000
848.6850369499293,785.8683293987908,1077.11490,10771149000
875.3362273467611,790.9137979818901,1077.36850,10773685000
780.7252982614741,720.1076550681904,1077.58920,10775892000
794.7250509625312,788.7293956766939,1077.84940,10778494000
823.8426492739569,766.9319812759521,1078.10290,10781029000
833.6367888053123,802.7066336618882,1078.32890,10783289000
904.3139781748854,805.7635699562112,1078.55670,10785567000
899.2927363167546,856.862698489038,1078.78690,10787869000
805.1206591316884,775.5690934065478,1079.00800,10790080000
712.3354961048269,723.0231083310912,1079.21990,10792199000
587.3571583671508,598.7908322741564,1079.43220,10794322000
526.9881173444451,536.0696591492775,1079.65380,10796538000
569.0922820381575,508.6005392890804,1079.89920,10798992000
571.4968608599089,519.141101897828,1080.11860,10801186000
443.48173304786326,445.795628637606,1080.35200,10803520000
605.0464450981108,417.4975187819267,1080.59740,10805974000
899.6438614353458,389.114887179293,1080.85080,10808508000
1137.7294710064698,331.070297677471,1081.07380,10810738000
1400.8927154710855,244.92065229989413,1081.28980,10812898000
1591.6735186753622,245.820854637728,1081.49780,10814978000
1270.5818057855297,180.54276463834228,1081.71660,10817166000
1043.8190197670135,179.21081900603824,1081.93570,10819357000
865.5647389294719,176.479806244326,1082.15750,10821575000
742.8441741020893,179.2409140645414,1082.37870,10823787000
947.3320116463218,229.8537617771769,1082.60260,10826026000
1039.8510415030414,217.2233011927195,1082.82360,10828236000
1182.5253645365415,241.6920620730539,1083.04630,10830463000
1228.3140381313308,298.4782891574129,1083.26560,10832656000
1072.2901832046607,330.2827750218567,1083.48190,10834819000
866.4498301608563,365.6785113026329,1083.69730,10836973000
684.0392079080743,335.058290734844,1083.91740,10839174000
514.3944132412414,277.4128890153434,1084.15370,10841537000
398.54831258579304,280.47001464451114,1084.37930,10843793000
365.5311603544298,308.18259975300396,1084.59530,10845953000
366.3050726146113,318.77450827844024,1084.81870,10848187000
364.7264861772517,310.88314257575036,1085.04590,10850459000
387.97234375460795,254.66821634675927,1085.26360,10852636000
458.84009491138517,192.8872839742084,1085.47580,10854758000
449.344306896435,181.26078315559198,1085.70100,10857010000
508.13167685831536,315.7834264931382,1085.92160,10859216000
517.9661479089547,442.03908347684313,1086.13770,10861377000
576.4538888417843,519.212522872746,1086.35470,10863547000
710.0184831383315,589.0322778685196,1086.57450,10865745000
828.8490766212459,622.6742795106694,1086.78580,10867858000
861.2511869796375,573.3845560406534,1087.00830,10870083000
938.1826437167928,690.2858170569061,1087.23140,10872314000
983.9689277819582,734.5389524821526,1087.45390,10874539000
975.3889821400209,770.4399078154562,1087.68000,10876800000
1041.731066864404,769.3113145507266,1087.90710,10879071000
1047.8032088988125,800.8906381056805,1088.12460,10881246000
1041.6445967851828,826.1444302500649,1088.35240,10883524000
1041.8970039019096,775.6400095930768,1088.57420,10885742000
1028.9315326534409,744.0916926454893,1088.79880,10887988000
978.2576268026086,690.5269287689264,1089.03130,10890313000
907.1571753890022,687.4160293551179,1089.25270,10892527000
882.1614921727356,734.0539137141086,1089.47230,10894723000
828.3459115228694,796.1044579751318,1089.69300,10896930000
721.0790966858071,822.8487413449747,1089.93320,10899332000
621.2528327794544,846.6673217176417,1090.15620,10901562000
586.6485671555166,858.1340120886903,1090.38770,10903877000
578.3411738859966,891.1890559670546,1090.60770,10906077000
508.8231038999364,932.2474985729118,1090.87560,10908756000
461.6173244039935,914.1531143169912,1091.07180,10910718000
511.7164253089128,901.6872388462307,1091.27460,10912746000
577.9270159592807,913.2856823356649,1091.48380,10914838000
587.4673219847538,892.9680072538414,1091.68360,10916836000
620.8061584117057,876.9402784559912,1091.88610,10918861000
619.2992906649914,874.0099665494891,1092.08750,10920875000
675.913301315406,875.2807912479335,1092.28490,10922849000
607.078665303645,865.8420140750832,1092.48790,10924879000
687.8781604746227,776.920597340946,1092.68850,10926885000
741.4227791378007,663.2978656794666,1092.88270,10928827000
770.8691537660948,556.6295954035922,1093.08350,10930835000
826.692862819389,458.1028203358433,1093.28350,10932835000
898.9343262742052,460.7399273118797,1093.48470,10934847000
882.1409672006729,460.06871634143823,1093.68820,10936882000
1048.721489067637,476.12806340503596,1093.88820,10938882000
1113.6577674001915,394.49204098316534,1094.09450,10940945000
998.6821367046343,357.71402576041197,1094.32240,10943224000
925.4167874881579,352.6613398306715,1094.56510,10945651000
983.0181357442341,284.0423527294107,1094.78080,10947808000
1176.7939929300446,295.1350330783211,1094.99840,10949984000
1154.153950078606,276.73897542894474,1095.21820,10952182000
1231.6510164850174,347.1021886121214,1095.43590,10954359000
1216.1002813348964,353.22920785112206,1095.65700,10956570000
993.2392822644181,343.9184217440274,1095.88470,10958847000
822.0036719564894,276.40647684385874,1096.11090,10961109000
786.1128142998026,251.5346714925768,1096.33580,10963358000
715.7285150734318,254.4625417228528,1096.56340,10965634000
726.7993496104154,287.14703772420796,1096.79170,10967917000
646.26810473548,249.47699891678354,1097.02010,10970201000
592.7706997725597,248.79727605510547,1097.23850,10972385000
519.6492114714928,230.84634836992873,1097.46020,10974602000
496.319360262072,211.87390860579936,1097.73120,10977312000
467.9700103255831,212.5608846834712,1097.99730,10979973000
515.589293191931,195.26340373212565,1098.26650,10982665000
483.86518990200614,211.38401570631314,1098.48730,10984873000
528.4669323194473,210.73729024037436,1098.76100,10987610000
540.1485335030598,258.6971218528723,1099.04430,10990443000
587.2705954487516,243.42548110180715,1099.26790,10992679000
553.8534630466473,186.824615110426,1099.53580,10995358000
540.4761409169672,198.7575815973224,1099.79200,10997920000
538.1001681742945,203.41181672937952,1100.09770,11000977000
503.5544926897938,254.38580714814813,1100.32460,11003246000
383.713331244963,241.6927714806736,1100.54440,11005444000
369.26899515068743,261.6167007373242,1100.78280,11007828000
419.5520649446684,376.28782535298313,1101.02510,11010251000
395.85611717921245,394.7827141576838,1101.31180,11013118000
366.0830262112842,411.57062416600365,1101.53420,11015342000
434.1576125520427,534.256036226254,1101.77400,11017740000
446.4056978153419,555.7031781251209,1102.03900,11020390000
509.9811028841954,547.454994358229,1102.27290,11022729000
524.2455290416351,488.55278721774977,1102.51240,11025124000
573.4702141792351,534.6480162908651,1102.77180,11027718000
605.190259080638,577.4943766344761,1103.01810,11030181000
682.8484756498332,604.7355641711281,1103.23540,11032354000
665.789939941888,621.9702810968257,1103.46350,11034635000
773.6964814338065,539.8001054197103,1103.74060,11037406000
862.1551968098618,555.130513654195,1104.00370,11040037000
884.1722627898563,582.6143415311349,1104.27120,11042712000
741.2043508889387,544.1177743995138,1104.51280,11045128000
762.7065930487109,633.4562475931508,1104.76260,11047626000
786.0235575346123,673.1687525797589,1104.98020,11049802000
842.114529021156,674.7362821541417,1105.21270,11052127000
866.2121719134835,584.8560758995098,1105.43840,11054384000
774.727362998297,495.02039502852676,1105.66580,11056658000
872.0445161753141,457.8091354896417,1105.92030,11059203000
1066.8553528083244,488.06872818765527,1106.16040,11061604000
1204.7729402354555,482.6599171639914,1106.38850,11063885000
1398.3836854357103,463.15086569898835,1106.61770,11066177000
1407.9679062823452,426.35302936026955,1106.84590,11068459000
1358.5560834139583,419.2712358588602,1107.06830,11070683000
1379.2611453807583,378.22277973227824,1107.29470,11072947000
1117.9255493116625,312.8869397512328,1107.52210,11075221000
887.1872351981897,352.7415537077621,1107.75020,11077502000
867.2121107924505,320.55459837287333,1107.98150,11079815000
845.0004022173792,295.390896961879,1108.20400,11082040000
782.4185786987952,239.3237073794631,1108.41900,11084190000
687.1713548942095,244.79312209929319,1108.63640,11086364000
595.3088967152207,242.2228335365644,1108.84860,11088486000
686.6096557460872,285.70504681170667,1109.06120,11090612000
702.2547439379869,331.13895221570357,1109.28520,11092852000
702.4585586104112,401.5444384471858,1109.52800,11095280000
720.4264177887806,411.3986330220041,1109.74640,11097464000
634.7952474156682,406.2775151703208,1109.96220,11099622000
664.3429026815347,420.10962502743513,1110.17660,11101766000
602.9983644161113,472.82752585990056,1110.39860,11103986000
684.3639964235305,465.85455101253433,1110.62390,11106239000
815.3012854819251,399.8108250925649,1110.83710,11108371000
1008.3269578003236,392.2907909403658,1111.08340,11110834000
1022.253179846509,453.6426439382648,1111.31040,11113104000
992.6485826675673,478.6675251606598,1111.53430,11115343000
982.5008323942252,604.1930745484199,1111.76500,11117650000
971.4303950162742,676.9433486984306,1111.98970,11119897000
921.4612707804251,713.8860576879107,1112.21880,11122188000
852.5780347238432,737.9601206737502,1112.44770,11124477000
855.1052813509099,776.9751560628224,1112.66630,11126663000
836.6389967578915,772.8734217606635,1112.88220,11128822000
793.3904410290891,715.0170061126107,1113.10490,11131049000
758.6324759445231,703.4612841620128,1113.35210,11133521000
688.7954882053574,663.6331337636577,1113.56910,11135691000
648.4152181616587,575.1045855202623,1113.81700,11138170000
637.4007036321431,498.39060359846144,1114.04120,11140412000
646.1374620401823,531.4283157232985,1114.26820,11142682000
753.8523585916996,587.1742964261259,1114.50250,11145025000
758.805071868124,632.0068591186711,1114.76650,11147665000
843.5962351166281,701.7440463089312,1114.98800,11149880000
851.4417766517154,738.2058144442684,1115.20480,11152048000
900.8140622022568,681.1643144871598,1115.46890,11154689000
872.5198512478089,651.0579855444872,1115.68040,11156804000
941.9485802912782,609.0035355385521,1115.92970,11159297000
893.7086514388906,689.0652701565474,1116.21600,11162160000
818.7878162831497,721.3417807596253,1116.44430,11164443000
788.0362468252305,710.242847004534,1116.66700,11166670000
735.282521418212,631.2316733063149,1116.90710,11169071000
703.0292783410591,573.6495431468117,1117.14070,11171407000
670.3902180861987,468.22998083967025,1117.38590,11173859000
590.3569584243197,502.05227409590645,1117.60720,11176072000
561.6442429400036,513.9460156576026,1117.83850,11178385000
606.3759378998884,504.5966139591717,1118.05430,11180543000
672.7150884060102,537.1433931022409,1118.27380,11182738000
722.9427479012148,565.192286602347,1118.49280,11184928000
719.5826145183574,625.0302854461764,1118.71560,11187156000
698.2666688174451,612.1219279923858,1118.93170,11189317000
631.7060053731816,618.7917798688604,1119.15390,11191539000
786.9822305616741,655.028188654543,1119.38580,11193858000
683.3448181603549,602.2602602428931,1119.61420,11196142000
504.4114307639859,500.26823249189,1119.83940,11198394000
341.1985469782878,447.79174103501043,1120.07600,11200760000
401.60384189093315,453.5379853979395,1120.29400,11202940000
399.16884392912687,509.67430456813565,1120.51410,11205141000
399.28182508865507,516.0711241781561,1120.73870,11207387000
567.2299333994393,507.4817571241303,1120.97180,11209718000
693.6272910894569,516.5714425159114,1121.20600,11212060000
566.0451903733208,481.88202691606364,1121.46370,11214637000
488.5097630855897,428.5909648249685,1121.68910,11216891000
489.56949471925526,444.30855658897906,1121.91080,11219108000
453.02057740868554,487.2737669006845,1122.14240,11221424000
513.5818892677402,461.02709450525987,1122.35780,11223578000
537.8027146728018,504.3457160429721,1122.57890,11225789000
600.5408551688396,528.6960727036376,1122.79990,11227999000
531.2059006287188,497.6221258028249,1123.02380,11230238000
595.8959811802605,475.06315388218223,1123.24170,11232417000
596.8534878397043,512.4419780236459,1123.46090,11234609000
629.1483452698232,493.05760377292,1123.68080,11236808000
652.3567885702533,470.26737987536944,1123.90340,11239034000
732.8535280320286,474.00602967713013,1124.13740,11241374000
586.2494772953374,418.74941615182996,1124.35040,11243504000
735.4045055019501,422.3506094986597,1124.56020,11245602000
644.7123069976274,385.0058365325132,1124.78420,11247842000
589.4020505937358,362.3381738625252,1125.04930,11250493000
627.8191741101621,325.413706200206,1125.25890,11252589000
563.4396092648558,349.81743325074603,1125.47500,11254750000
708.25758981063,357.6392442704734,1125.69820,11256982000
717.1642231158044,387.02994333582836,1125.92060,11259206000
895.3151214776055,543.0459384086041,1126.13430,11261343000
779.8259317228632,498.270034093769,1126.35090,11263509000
719.7294375487063,503.8945370915999,1126.56930,11265693000
713.7796614815268,484.6468050601689,1126.78890,11267889000
731.8414817958768,427.6008239767097,1127.00450,11270045000
769.434666778914,403.0486735949603,1127.22520,11272252000
789.6031484713026,369.75758315634397,1127.44310,11274431000
848.0577835193391,369.6980433334522,1127.65790,11276579000
818.7494695906325,438.6422036215132,1127.87250,11278725000
645.7279950193761,409.02662848987757,1128.09370,11280937000
703.8944792537562,418.1024434699976,1128.31570,11283157000
759.9151305631071,504.58501800100896,1128.53040,11285304000
763.1166616395515,432.1160471865974,1128.76520,11287652000
767.75191524443,363.0778345859235,1128.98870,11289887000
663.9552527317348,255.47396554626033,1129.23730,11292373000
580.7744427303145,242.9269698360249,1129.46330,11294633000
711.1438252761801,381.1369082512966,1129.68530,11296853000
792.0935095434439,482.1349556714822,1129.91050,11299105000
799.9069316017485,472.0784883959649,1130.12780,11301278000
850.704233876803,531.0756037126721,1130.34790,11303479000
818.5093315997464,498.9867316297634,1130.56800,11305680000
763.784378884677,411.9702503109984,1130.78260,11307826000
801.1991522967027,501.8608118819276,1130.99910,11309991000
779.8446178975444,455.11881082086387,1131.22040,11312204000
861.7982130313882,429.36526647023925,1131.44680,11314468000
915.8256361429965,397.5623566862061,1131.66270,11316627000
893.196149104418,394.06491617073266,1131.87940,11318794000
986.3618203241925,372.99267004693485,1132.11070,11321107000
1079.2268469820078,349.2281206913764,1132.34110,11323411000
1109.5058372689002,304.3209189435229,1132.57460,11325746000
1282.2616325060837,319.9566259698715,1132.79970,11327997000
1379.1457760396183,319.3255461356026,1133.01780,11330178000
1513.1060025093464,329.98133702802124,1133.23450,11332345000
1595.1826297966554,338.5377019347398,1133.46240,11334624000
1688.9932127252664,351.2486349964484,1133.68200,11336820000
1759.6460029205587,366.7129458384093,1133.90340,11339034000
1808.9742754057404,337.643924775018,1134.11920,11341192000
1872.2177421594079,384.5413700838219,1134.33560,11343356000
1747.5253372105176,337.3939763072717,1134.55520,11345552000
1583.0962841042733,306.02392563331784,1134.77380,11347738000
1633.6977700756484,341.01589555924517,1134.99410,11349941000
1684.4843772216286,354.63231534238986,1135.21120,11352112000
1600.21494872526,400.1268397199674,1135.42550,11354255000
1393.2247912515456,434.25365663751825,1135.65110,11356511000
1235.2427842018726,400.38185368543134,1135.87360,11358736000
1030.9132407768195,391.7485764089808,1136.09200,11360920000
806.9427767227392,398.0119858620019,1136.31170,11363117000
773.3547303328975,378.4296660914614,1136.52880,11365288000
737.4837592804214,364.5597176301243,1136.76380,11367638000
664.367821797105,309.08333656999514,1136.98580,11369858000
649.3230693796067,352.9973810203129,1137.20970,11372097000
538.8383677660556,420.0101334567654,1137.42700,11374270000
646.9043405685278,480.0909495601427,1137.64690,11376469000
717.1854238396077,500.3930611593744,1137.86950,11378695000
763.5215014574354,545.4166832211804,1138.08670,11380867000
799.0451683848048,617.4053759284105,1138.30690,11383069000
862.8438175404239,589.0889359172056,1138.52730,11385273000
942.7175994113119,544.2635062642364,1138.74980,11387498000
969.0640278300384,511.4968156143286,1138.97370,11389737000
1044.901713972695,601.3145312213186,1139.19990,11391999000
1045.864776472535,626.4680569511153,1139.42840,11394284000
1032.4097473890088,670.0497208810286,1139.65900,11396590000
1057.8745584102016,676.8100769185196,1139.90480,11399048000
1098.426014159475,717.7929758238213,1140.12340,11401234000
1096.9385524045945,739.4432550225902,1140.35340,11403534000
1042.8327333357136,731.2117821417403,1140.58240,11405824000
1061.3670701776991,759.8902792395079,1140.80020,11408002000
871.9751018444467,769.4316048580127,1141.01850,11410185000
786.2000517642037,756.766297843554,1141.23630,11412363000
644.503458143717,759.9423198172931,1141.46820,11414682000
539.3244066280965,755.1203060588181,1141.70400,11417040000
420.4700658010899,696.0388865676259,1141.92730,11419273000
355.3436900819315,665.1845419304475,1142.14100,11421410000
297.42228272000017,717.587024741242,1142.36150,11423615000
295.8611424291586,811.9555528888823,1142.58020,11425802000
239.47792005624945,806.7517505522549,1142.80910,11428091000
371.50020340583444,771.8946813299301,1143.02300,11430230000
466.6212744365056,765.860787345533,1143.24040,11432404000
458.3677819079789,789.3378395803468,1143.46350,11434635000
397.86040094673626,603.8653179243873,1143.68590,11436859000
354.69718755479823,499.8198125166924,1143.93150,11439315000
297.8457809541312,421.66978866634526,1144.14860,11441486000
316.1824864851172,285.00367068361913,1144.36710,11443671000
378.3752332056207,243.02480439131352,1144.58190,11445819000
612.1504381187514,348.0653963615752,1144.79830,11447983000
999.3033723223818,432.33504786742736,1145.00960,11450096000
1159.6949510563443,489.1989721414355,1145.22540,11452254000
1110.5387791096493,514.8218677463361,1145.45820,11454582000
1011.7704075461452,476.07685664030254,1145.71400,11457140000
932.4242663619374,483.70126343814593,1145.95530,11459553000
819.1116223780554,421.2527547185799,1146.17640,11461764000
782.9756050364365,377.8231546097466,1146.39230,11463923000
626.1357106689505,434.28832482340226,1146.66880,11466688000
463.99214588484165,513.1400924096108,1146.88600,11468860000
411.2333840189147,603.511996722332,1147.10610,11471061000
475.0058474349656,624.5225165520272,1147.32220,11473222000
533.2869078106979,665.5196843708289,1147.54240,11475424000
509.66819051696996,613.0434760978275,1147.75550,11477555000
472.78975718281896,571.0529695544634,1147.97880,11479788000
455.6533992687368,518.5842747122693,1148.19680,11481968000
498.29543804763125,529.8340024376857,1148.46660,11484666000
395.1466584780724,467.43122620764973,1148.70490,11487049000
393.9277426900176,449.19368871049494,1148.94450,11489445000
341.6912249514329,390.21346512169094,1149.17420,11491742000
388.0748058046416,374.97049608644204,1149.39790,11493979000
358.90983991330995,400.5737609175182,1149.61530,11496153000
359.31210804833347,401.6768223457241,1149.84100,11498410000
348.71415523725494,351.1016784717717,1150.05220,11500522000
363.0209242997228,388.5442828299055,1150.27840,11502784000
326.7236782368341,476.6289525383437,1150.51530,11505153000
272.06119275971133,570.997429704647,1150.73370,11507337000
261.12988230704457,515.9689307458266,1150.95450,11509545000
193.58645756700642,425.3669543058602,1151.21910,11512191000
421.41632602159723,466.229501230399,1151.46660,11514666000
314.63703845714497,495.4175637661144,1151.69470,11516947000
264.60065348478,486.397369592709,1151.94790,11519479000
353.80710557983576,438.65585823023264,1152.16650,11521665000
374.47571044655774,406.9160735341721,1152.39940,11523994000
509.2127816309615,409.5262656883403,1152.65490,11526549000
531.4994085997533,413.52552060958897,1152.88320,11528832000
510.1892934235736,475.30532082850516,1153.10580,11531058000
427.00587760637336,504.0933699276615,1153.33260,11533326000
664.9673541956425,439.83637034531876,1153.57410,11535741000
929.5184139660182,482.68794276256807,1153.82240,11538224000
1061.4092969744227,526.999616516682,1154.04060,11540406000
965.9874528494742,531.2147924947816,1154.26570,11542657000
892.7757531143804,473.9708354410443,1154.51610,11545161000
843.2710799196769,442.05663951640514,1154.78260,11547826000
835.7137868781283,360.5661592118051,1155.03490,11550349000
932.2527157217237,371.72650723244163,1155.25980,11552598000
861.035528294791,310.8712617868669,1155.50350,11555035000
781.7190166961251,271.0274820456879,1155.71940,11557194000
825.997613625454,288.07244275813525,1155.99100,11559910000
906.525086968046,302.5147082728736,1156.22610,11562261000
946.4562917652244,268.7880695647378,1156.47250,11564725000
927.8624154644993,293.82464647108446,1156.69580,11566958000
937.6666744598288,215.54549150768872,1156.92530,11569253000
961.5579242534442,187.47047456431304,1157.15260,11571526000
897.0151747433135,178.6378173057599,1157.40680,11574068000
839.5824409405784,170.33806775461227,1157.66470,11576647000
782.7513021433915,184.27011911926766,1157.91790,11579179000
766.2028589356801,167.18871623859624,1158.14540,11581454000
794.7118952933993,254.85957506254235,1158.36370,11583637000
726.7890674362974,210.22979778460197,1158.58550,11585855000
729.024692957055,218.4053325968993,1158.80710,11588071000
646.1433233105541,171.75373646755133,1159.02700,11590270000
676.676088825944,172.491114875978,1159.24840,11592484000
743.8077694231661,192.00243390762904,1159.47560,11594756000
862.8481979076128,236.71797319706846,1159.69150,11596915000
1009.1673096871846,264.4404216109994,1159.90430,11599043000
989.4693202828548,288.4095903881142,1160.12330,11601233000
833.4921168808863,214.5552119339375,1160.33990,11603399000
765.6947961130594,197.28196771150766,1160.56060,11605606000
850.5424305947712,167.75294864252996,1160.78160,11607816000
948.5045946457826,161.54840386389975,1160.99500,11609950000
1045.2610508277812,198.3541370227511,1161.21840,11612184000
981.3103752702749,227.44513949527547,1161.43900,11614390000
828.0916471715245,300.24864899933993,1161.66210,11616621000
692.1793558845608,373.04968777029217,1161.87650,11618765000
535.1005812015741,441.00361997301815,1162.09780,11620978000
459.522715610151,410.6605725914679,1162.32560,11623256000
374.52008717706536,342.5772944283832,1162.54860,11625486000
344.51763377896754,332.67313049715733,1162.77370,11627737000
344.28279916273453,356.18751388963005,1163.00880,11630088000
420.97107603634225,418.86519004480965,1163.22850,11632285000
444.3739521544794,472.1117700698785,1163.44170,11634417000
456.2722664067178,547.5496340228838,1163.66720,11636672000
386.8747585973665,543.3304506102252,1163.89460,11638946000
269.5668657471642,458.44279962712153,1164.11900,11641190000
265.8329841120021,418.8809723836332,1164.33490,11643349000
299.7860366108443,531.4576511215151,1164.58280,11645828000
329.0922247856187,608.4934263965815,1164.80580,11648058000
405.93767478721867,613.6407323267556,1165.02410,11650241000
479.66374168862217,641.2101081080172,1165.24890,11652489000
449.2158054686344,663.078026493412,1165.47380,11654738000
440.97519394463757,690.2358777215659,1165.69440,11656944000
414.6212497254976,663.3002964068864,1165.92890,11659289000
334.08836767865927,649.4730695596011,1166.15510,11661551000
298.5467936712417,614.4156486433238,1166.37810,11663781000
325.6158250699659,556.8512473126001,1166.60790,11666079000
295.305642369702,494.82054578706015,1166.83140,11668314000
638.9459826827119,438.68554834665173,1167.04850,11670485000
787.3011995112578,409.20989698203414,1167.26770,11672677000
732.460872238709,362.291552757324,1167.50660,11675066000
601.2147586836924,316.1508579949924,1167.72660,11677266000
493.54309872932504,324.75901301193767,1167.95890,11679589000
413.2608262359475,346.238106695174,1168.17370,11681737000
366.17508463715023,355.7860355037311,1168.38730,11683873000
307.24187184933413,351.0404116301411,1168.61770,11686177000
284.307075608498,368.78220323447374,1168.83610,11688361000
458.29594362802993,384.57597122893884,1169.05460,11690546000
617.46399429617,397.1794341910467,1169.27890,11692789000
652.5571181175123,469.2428863222543,1169.50690,11695069000
569.6122763344321,489.50919699401663,1169.74790,11697479000
670.7008245366166,449.32927341614305,1169.96650,11699665000
713.1536700357764,408.3697380667586,1170.19650,11701965000
842.9688503827405,387.5169078712239,1170.41770,11704177000
992.0601748635731,373.52210950170814,1170.64250,11706425000
1031.4948468006246,393.14158405668906,1170.86130,11708613000
1065.6976880076977,315.58630250472135,1171.08600,11710860000
1046.3258682284659,289.76549071834967,1171.31210,11713121000
1059.2591386710862,318.08518609200866,1171.52930,11715293000
917.4100592891592,312.2747474142943,1171.75260,11717526000
961.1677953787264,326.1678965915711,1171.96440,11719644000
983.5820742106193,411.97639595290605,1172.18800,11721880000
813.5033971204359,461.43438874753207,1172.42030,11724203000
743.4958915363238,499.38744011604865,1172.63940,11726394000
611.2231080983031,530.5310660180576,1172.85710,11728571000
563.6289167681473,568.5787392786709,1173.07840,11730784000
585.721726756114,543.1806800479368,1173.29440,11732944000
580.332028776511,521.6499459691112,1173.51890,11735189000
595.3015326557631,492.7080572956956,1173.73960,11737396000
663.0221925671174,479.0323562362818,1173.97680,11739768000
590.8969649595452,420.8891468062043,1174.24550,11742455000
529.535569853641,427.05729526680796,1174.46000,11744600000
419.0219742115306,424.7792556237154,1174.67910,11746791000
360.13613934757376,379.23111642982695,1174.89700,11748970000
455.7540068168247,323.2793805138097,1175.11860,11751186000
365.35389692561904,343.9688038702905,1175.38070,11753807000
298.0015512933898,356.2361780841965,1175.59550,11755955000
365.2948918750658,396.2846470499186,1175.81910,11758191000
363.42129855717315,382.8504522673579,1176.04800,11760480000
340.78865142971387,407.93108209448667,1176.25790,11762579000
288.68382592096225,391.8925965343577,1176.48160,11764816000
272.85832231004224,315.8231379919309,1176.71870,11767187000
200.76869466458282,263.0851527837381,1176.94220,11769422000
184.8908469680141,242.70008900496782,1177.18810,11771881000
184.9260067784584,184.27919081508648,1177.43990,11774399000
191.44873460980273,153.7504504073384,1177.65510,11776551000
180.50930252473736,196.80444051533004,1177.88640,11778864000
253.9361368611585,257.74823354959517,1178.10520,11781052000
245.83527535429877,264.94696896043325,1178.33310,11783331000
245.14353515367176,302.11433275175534,1178.56280,11785628000
256.3173562496011,374.5163744481179,1178.78970,11787897000
310.75184214246934,484.31839262694206,1179.01240,11790124000
456.6673252457871,458.2937725921476,1179.23740,11792374000
657.1515907704988,489.2365077285638,1179.45810,11794581000
668.9936923324533,461.1767699841428,1179.69620,11796962000
675.1141071093625,369.69582593824185,1179.95860,11799586000
674.729307882676,325.9143755850996,1180.18340,11801834000
664.2829697448618,294.1132545426842,1180.41750,11804175000
666.4048511389847,372.4042670814241,1180.63440,11806344000
729.7085413473843,411.46536435525854,1180.85240,11808524000
699.4182629672819,479.25580532880514,1181.07390,11810739000
565.6109395771159,470.07614253797294,1181.28960,11812896000
604.2005554578027,524.5257765379511,1181.50910,11815091000
674.7066397672468,533.2621357402,1181.72970,11817297000
769.8168929157321,478.0933938803121,1181.95400,11819540000
908.267727661897,456.9782570244682,1182.17590,11821759000
1156.7776651468266,441.17796906677626,1182.39510,11823951000
1316.6151342694195,428.0081379560931,1182.61430,11826143000
1324.3150604079817,376.29047987781837,1182.83850,11828385000
1288.6552961237599,362.16325563084655,1183.05210,11830521000
1340.494442364813,369.31055570446085,1183.27760,11832776000
1397.1389489231644,362.6850704920354,1183.49210,11834921000
1261.161053159231,342.48317063489367,1183.71270,11837127000
1052.7959336936744,272.2466791938109,1183.92560,11839256000
899.757737381616,245.79822659404158,1184.14200,11841420000
943.0113872417022,278.8002959071589,1184.36770,11843677000
1011.8983215970171,310.1250261147657,1184.63880,11846388000
1129.3438069985184,314.7878929658268,1184.85420,11848542000
995.8063638602694,373.26415151680624,1185.07780,11850778000
775.0812220275045,311.90513981943883,1185.29470,11852947000
545.538279089109,306.490967804128,1185.51310,11855131000
422.2699044776058,292.9729502999076,1185.74650,11857465000
559.2522568443421,299.0154159002288,1185.97020,11859702000
668.1634173382834,359.5241571218516,1186.19690,11861969000
809.2502258913157,411.95172424279474,1186.42040,11864204000
1071.1324640037221,460.34046258984233,1186.63850,11866385000
1328.772922007373,475.45176617740674,1186.85810,11868581000
1377.415228206506,471.8781158331168,1187.07680,11870768000
1413.2958627029466,480.7381218988528,1187.28500,11872850000
1635.0636333239895,502.09733785550264,1187.49290,11874929000
1812.8622103624803,534.4379429963177,1187.71640,11877164000
1939.3832890629874,527.0392019865609,1187.93140,11879314000
1641.310283416101,568.0055993246496,1188.14790,11881479000
1280.5265063553377,469.9148649150653,1188.36160,11883616000
1046.8025627820855,380.6144741751246,1188.57550,11885755000
799.7115197802507,292.1115548197256,1188.80370,11888037000
796.454461388352,277.25397216354907,1189.02030,11890203000
881.5943884450164,274.974744492046,1189.23050,11892305000
921.7665309916092,295.7843509412731,1189.44760,11894476000
1064.8115644067889,272.0055859028837,1189.66260,11896626000
1059.363089548714,288.4117452238148,1189.89510,11898951000
1139.6021527795376,284.44516850853137,1190.11380,11901138000
1186.1611638228353,268.11890962573875,1190.32400,11903240000
968.3957945207926,278.0781215950415,1190.54090,11905409000
759.783793269061,277.78077151799624,1190.75730,11907573000
600.8185964918584,230.46665836990277,1190.97110,11909711000
482.77490870666276,264.5047148389847,1191.23670,11912367000
401.3648069762164,266.31751382336694,1191.48810,11914881000
441.74289708673126,319.7739547455533,1191.72260,11917226000
461.1899487620882,369.634506930861,1191.96730,11919673000
387.0791987082542,425.9277306904081,1192.24440,11922444000
241.02921129437615,402.11939962276034,1192.46000,11924600000
452.01583997586886,402.89281058215454,1192.73770,11927377000
646.729249762167,394.12589673826955,1192.99340,11929934000
568.0185103492934,360.42222437030205,1193.24340,11932434000
585.5839575246423,373.36482212646575,1193.48250,11934825000
511.9199188606991,476.119056875799,1193.73830,11937383000
404.5795745135697,408.4713139989077,1193.96910,11939691000
376.8999854025298,375.9163061319124,1194.24170,11942417000
360.1965714857626,354.22715863729894,1194.46380,11944638000
420.6402386151064,320.687135451989,1194.72490,11947249000
387.63552885239375,291.0382714573078,1194.96760,11949676000
380.7966853227452,321.73234304527904,1195.23380,11952338000
333.22077939243417,341.52986216689027,1195.45300,11954530000
278.6192500845609,296.9096377957411,1195.68040,11956804000
283.00163786456045,274.83961829800137,1195.92340,11959234000
424.2363917478117,250.16204524714846,1196.14880,11961488000
362.79806412424,158.8605379314896,1196.37170,11963717000
297.7748470448308,95.97041148484784,1196.58540,11965854000
304.1027270390601,138.91951383007546,1196.80270,11968027000
317.1284324442029,186.64713365680007,1197.02490,11970249000
468.45131802813876,277.5058773404003,1197.27660,11972766000
490.90032471510307,327.73628135509216,1197.54240,11975424000
520.1909651568113,297.5085336765081,1197.76710,11977671000
655.9595342486577,280.32201402031995,1198.00400,11980040000
775.516256139953,344.56994634797405,1198.26240,11982624000
665.2247361891386,416.4117648584015,1198.48790,11984879000
690.0138933570028,418.0291061360228,1198.70620,11987062000
712.4625116848139,452.89868823610374,1198.92090,11989209000
596.0446564336875,470.82487761872136,1199.13680,11991368000
694.5413670411962,509.1366497773241,1199.35790,11993579000
638.6602977458487,513.7879050877419,1199.58520,11995852000
537.614417782556,548.9319933589355,1199.79870,11997987000
598.0719583006296,489.6520529128568,1200.01800,12000180000
584.8573531017516,595.6137080304674,1200.23420,12002342000
638.9532968410103,620.4357017557122,1200.45410,12004541000
755.4799559151281,663.385774800263,1200.67600,12006760000
745.3814063366335,568.8943542198168,1200.89440,12008944000
822.870907124575,520.837257502709,1201.11100,12011110000
846.6194444025361,475.0575737348689,1201.32860,12013286000
880.2202447398241,422.23353741680035,1201.54710,12015471000
842.4333274181251,491.9243779797734,1201.76500,12017650000
758.2440728742134,419.9967809306123,1201.98380,12019838000
791.4497167079143,372.8395178828534,1202.20430,12022043000
775.4247899729426,366.78340007583137,1202.41960,12024196000
743.988793649602,367.73716720848853,1202.63760,12026376000
775.7456336254637,345.93429451466807,1202.86430,12028643000
844.8027084367029,333.0372064652225,1203.08120,12030812000
901.8170587816142,321.31714785606863,1203.29730,12032973000
867.3944585600683,386.4745356570486,1203.51800,12035180000
930.1231658040672,345.51222529699373,1203.73700,12037370000
934.2404766484149,272.67881375831826,1203.95530,12039553000
1008.588098488288,276.7979311380418,1204.17810,12041781000
868.6066157566939,369.157786682507,1204.41530,12044153000
747.2526716681938,366.03896765438657,1204.63920,12046392000
542.4665472582213,268.43503941327594,1204.86220,12048622000
418.26909513737735,281.9184167063325,1205.10260,12051026000
496.08313684048005,289.16984937492043,1205.32570,12053257000
606.3960358536813,313.431274331437,1205.54880,12055488000
610.6504304796276,311.55945479908075,1205.76600,12057660000
691.3226067747039,381.16250274636946,1205.98970,12059897000
692.4178091372536,362.3314915960974,1206.23320,12062332000
575.8770906004495,275.4831921576229,1206.45400,12064540000
620.5550760745766,273.9204481257541,1206.67260,12066726000
531.0417021592602,206.63982755261765,1206.88420,12068842000
615.8967358716889,185.17346528542217,1207.10180,12071018000
583.676564451716,117.28283225227699,1207.31770,12073177000
629.7134704877731,270.6809131525364,1207.53160,12075316000
710.0427849909288,295.5637119572619,1207.74910,12077491000
707.8987959576418,292.18691671609497,1207.95950,12079595000
762.5365397764928,287.9501325579861,1208.17360,12081736000
846.3204545924086,272.3966744597896,1208.38760,12083876000
868.5431247445412,308.34325037708356,1208.60550,12086055000
953.5085602340731,331.0588504819971,1208.82490,12088249000
997.6695179924553,325.6900402235452,1209.08390,12090839000
998.8222338255187,332.01030119935456,1209.29970,12092997000
1093.864394152511,306.09361242771973,1209.51780,12095178000
1059.1519441753167,226.85638948698704,1209.73430,12097343000
1101.239154048814,233.6969004441194,1209.94840,12099484000
963.6061506241317,221.89643945316158,1210.16280,12101628000
760.6620596083371,221.6909426604231,1210.38300,12103830000
583.5773166788423,209.93980700627736,1210.59970,12105997000
335.4307301424527,147.39884421856726,1210.81690,12108169000
255.56840873763335,144.61311063303074,1211.02890,12110289000
175.56825880778734,136.48780734356512,1211.26870,12112687000
191.5199686393072,262.5698564425777,1211.48650,12114865000
284.3418475132844,201.90879801491837,1211.70190,12117019000
375.2041105184365,172.51066812249016,1211.92260,12119226000
343.9549676995517,114.83653977798878,1212.14280,12121428000
231.79688380985127,35.14937196025922,1212.35410,12123541000
109.13755878639573,15.083861429987321,1212.57520,12125752000
195.77814717976258,166.15342071686948,1212.78910,12127891000
180.18595362752987,187.815534995871,1213.00440,12130044000
292.883417427769,216.90848538567968,1213.22310,12132231000
330.68319867719197,194.1574273139439,1213.43880,12134388000
368.1486661554476,203.6245067198854,1213.65910,12136591000
350.9419155469414,142.61121736084016,1213.88520,12138852000
326.6868014045186,182.56014886631345,1214.10010,12141001000
369.0783469694145,130.17142776243497,1214.31970,12143197000
513.0779880648745,157.92176692599642,1214.54320,12145432000
671.0008755318836,252.88314399685032,1214.75770,12147577000
834.4874217836344,239.2526093054659,1214.97040,12149704000
953.3660946879644,263.5942902099124,1215.18730,12151873000
959.319629849471,265.7101130230712,1215.40320,12154032000
1098.4083460453928,324.31683335638184,1215.62280,12156228000
999.5117541966944,323.0120702227383,1215.84460,12158446000
992.7618906157595,330.4168155038558,1216.05700,12160570000
998.6967804971023,377.99749684432425,1216.28080,12162808000
885.2124768239989,398.87082127643686,1216.49320,12164932000
649.058499693717,320.3024400069958,1216.71430,12167143000
451.4160196312835,287.2428755982256,1216.92900,12169290000
443.8225149964676,394.76251280857775,1217.15090,12171509000
355.4596267287319,318.81330654357726,1217.37490,12173749000
340.0709996262206,242.09461173328967,1217.59260,12175926000
420.6898501136924,249.23039144806387,1217.81600,12178160000
516.09327414186,258.8266184377285,1218.02880,12180288000
568.0045199187018,236.97643836319023,1218.25000,12182500000
667.5057959409481,226.83499302254384,1218.46830,12184683000
696.2548521827025,220.38557148339595,1218.68950,12186895000
676.5361639013809,209.00213116592025,1218.91530,12189153000
751.4937073498699,226.89771973547403,1219.13390,12191339000
766.2338157547973,195.9357119078198,1219.35630,12193563000
803.0498475536729,292.07186258198226,1219.58310,12195831000
781.7998245467825,285.74860626820714,1219.80770,12198077000
797.0217959868995,272.7396922522342,1220.03070,12200307000
849.4927910830575,280.4527005172883,1220.24330,12202433000
901.19213230138,265.5237244266373,1220.45500,12204550000
935.13153273697,374.4245315118127,1220.68860,12206886000
942.2105079601558,429.5071833367993,1220.90810,12209081000
1008.507091635142,469.1990089137591,1221.12330,12211233000
895.9520660500303,429.2073467336837,1221.34730,12213473000
921.1657998060774,464.3565991852538,1221.56520,12215652000
830.6249739752022,498.0079469578892,1221.78900,12217890000
767.823424878376,475.8746410825111,1221.99820,12219982000
710.9606839473978,476.99030028071223,1222.21860,12222186000
601.7765651368,375.58323084455924,1222.43070,12224307000
556.952590635716,423.5856214431966,1222.65430,12226543000
344.5802283251742,285.92539925294466,1222.86970,12228697000
430.98679573080256,302.5669990122193,1223.08480,12230848000
652.1545345935622,262.2213576616717,1223.30060,12233006000
806.6108057955424,202.94033240584514,1223.51710,12235171000
829.2811961473277,305.73861837192595,1223.73090,12237309000
862.9399539474746,283.7327482713536,1223.95930,12239593000
1012.7376817590447,246.67102116751897,1224.17380,12241738000
999.3608412698973,183.23773360336398,1224.39280,12243928000
1021.5636075866651,186.09674681782684,1224.61090,12246109000
927.1045296831845,183.11047401923824,1224.82720,12248272000
903.5545883935757,249.89326512705293,1225.04620,12250462000
960.764480946024,237.83342870931335,1225.26100,12252610000
1112.908610021886,246.10805978536328,1225.47880,12254788000
1241.0184731095155,292.2561309408599,1225.69690,12256969000
1216.046554707587,277.7507192152612,1225.92940,12259294000
1177.1669362146404,267.1480799367121,1226.14280,12261428000
942.1733702158326,232.72239290678493,1226.35770,12263577000
772.6272514636132,196.58924145754506,1226.58080,12265808000
567.6221830157504,149.12806575908903,1226.80200,12268020000
489.02616910982806,234.42469411047506,1227.03410,12270341000
354.8066980096768,228.2859285899111,1227.26390,12272639000
286.6514388662661,224.11564863838075,1227.47570,12274757000
192.3458367131758,182.9869489469444,1227.69060,12276906000
81.19073517104118,126.46101513352019,1227.91620,12279162000
77.49761938301495,148.33753720051433,1228.13850,12281385000
109.46086872387679,172.78449863766667,1228.36310,12283631000
75.13672407073125,180.735241504917,1228.57590,12285759000
99.72364080007455,191.1038059435881,1228.79990,12287999000
73.01541666151802,215.0997336576105,1229.03600,12290360000
85.16316273891313,205.97094458277238,1229.25160,12292516000
255.48021832055346,229.5142898526659,1229.46810,12294681000
363.8913956441965,247.01669271770615,1229.68080,12296808000
428.31757551211535,267.38409772813105,1229.89970,12298997000
464.2470360576543,305.15113072142384,1230.11270,12301127000
469.90343062055035,279.22110185019176,1230.33140,12303314000
476.3131119882055,320.0939345726597,1230.54750,12305475000
446.271770797493,471.8076065596106,1230.76730,12307673000
353.8475490690727,428.48991568593334,1230.99650,12309965000
351.6205474859808,409.12925364303595,1231.22640,12312264000
405.33463182841143,414.3120427602915,1231.45090,12314509000
462.61224811026483,388.4484436446476,1231.69360,12316936000
523.7869425503093,376.15157253814914,1231.91990,12319199000
539.238189486885,314.55653580208906,1232.16710,12321671000
496.16548084252264,280.7551051730792,1232.40160,12324016000
446.61361048429484,259.9281563462016,1232.63510,12326351000
382.1482266851691,261.6076061395564,1232.85910,12328591000
382.70312112041097,266.38366010037504,1233.08670,12330867000
391.4833566061093,390.8270822931282,1233.31170,12333117000
460.4900823991977,390.3650389800109,1233.56350,12335635000
454.5299615996441,374.67152445307073,1233.82120,12338212000
341.4533808329439,320.86697415225507,1234.05460,12340546000
235.93665738171708,270.1848606955882,1234.27720,12342772000
159.25028050248466,233.1281300375176,1234.50670,12345067000
159.1449853593548,206.37745777319626,1234.72480,12347248000
166.60973170398637,185.44811358086454,1234.99020,12349902000
160.81622156552123,176.75224744086478,1235.24790,12352479000
228.9720223452648,319.87469675509004,1235.47830,12354783000
260.48842566245355,292.76653363205753,1235.74770,12357477000
232.12662433473415,404.07216559818335,1235.97180,12359718000
299.8146034226371,387.35943432158064,1236.22410,12362241000
424.7385250440965,495.0223692088303,1236.49410,12364941000
410.2008781948479,494.6737311914205,1236.70850,12367085000
495.1989043441016,507.4460187416777,1236.92480,12369248000
508.41676617082567,441.03711305410985,1237.14650,12371465000
591.3874488105034,466.11358260872817,1237.36160,12373616000
642.2972468959694,434.3619401542774,1237.58770,12375877000
713.4024871056472,412.6537353632968,1237.81410,12378141000
745.3855182620149,402.82879756739527,1238.03760,12380376000
810.7958722305916,357.2279370125484,1238.26030,12382603000
849.306154285431,300.76180528008643,1238.49040,12384904000
902.7402033799491,269.5797192443807,1238.72560,12387256000
986.7557674360072,277.9915972624739,1238.96200,12389620000
973.8484575018879,260.9227792980593,1239.21490,12392149000
805.3900086656578,282.21421612409193,1239.48400,12394840000
653.3952590895319,288.5399067252489,1239.72510,12397251000
638.2924009692894,357.96890403422555,1239.96920,12399692000
698.5820937690394,375.047832512163,1240.24190,12402419000
739.9952276913289,343.20025882389393,1240.46310,12404631000
708.0776358280172,349.1227888556064,1240.68740,12406874000
729.5298001639898,352.9983293038646,1240.95050,12409505000
547.7810578020709,299.8262162072299,1241.21340,12412134000
422.69414425795503,270.6217920660067,1241.43860,12414386000
374.0010586005634,264.55889185593804,1241.67790,12416779000
638.2053245682823,274.10640376802155,1241.90840,12419084000
816.2365859713005,312.56478749368245,1242.18090,12421809000
823.1733569795961,373.44991137310234,1242.44700,12424470000
713.3912768952391,322.5624721555912,1242.67690,12426769000
566.8162819534862,254.9400218318505,1242.90650,12429065000
487.06959310875493,368.31632327433795,1243.17060,12431706000
535.0278862847412,409.26596825981574,1243.41500,12434150000
591.8424261438997,388.91671652667674,1243.65190,12436519000
641.5771670490263,393.123838814663,1243.87850,12438785000
692.9729963076236,342.0954154561734,1244.13320,12441332000
731.7797538423142,254.13126077365325,1244.42590,12444259000
764.8385114120709,225.01470624520712,1244.67190,12446719000
825.7808726022757,203.16217708919459,1244.89140,12448914000
825.8492875926106,151.0950350937114,1245.11470,12451147000
883.8916128594778,166.08550984565,1245.33510,12453351000
879.8718547217321,183.18240179641248,1245.55250,12455525000
932.3892450189633,175.2615876657156,1245.78150,12457815000
923.0339993021245,155.96795624201647,1246.00800,12460080000
768.1734125517872,164.89251760097767,1246.22200,12462220000
640.4604065049516,215.47804657546237,1246.45200,12464520000
479.1289893864375,258.97962475581704,1246.67590,12466759000
320.8619834005281,291.78376352197245,1246.89060,12468906000
355.4429560463776,472.3153248595731,1247.11300,12471130000
248.61112483975452,552.3719633592771,1247.33060,12473306000
262.5530887931865,601.9804879506936,1247.55430,12475543000
327.8219305621957,716.0448057109955,1247.77910,12477791000
384.23283226737885,657.0849178107069,1248.01440,12480144000
322.3560662759638,585.1667983942334,1248.24770,12482477000
312.37661211103585,531.3738646226554,1248.46020,12484602000
335.5121856218604,484.3690698396971,1248.68500,12486850000
274.03568545452043,492.55493216327005,1248.91650,12489165000
297.18343500495274,382.41691694450384,1249.14000,12491400000
309.57544709620095,356.08972753189676,1249.35200,12493520000
244.28206479538454,336.68987204487996,1249.56360,12495636000
191.27162007959075,358.44267455426234,1249.78310,12497831000
192.28989805418766,389.0516381644066,1250.00680,12500068000
218.87606517121245,347.22831944244933,1250.24170,12502417000
322.7818198095441,360.9014828904175,1250.46950,12504695000
402.89643162134564,396.20345865427635,1250.69440,12506944000
492.2122135851374,417.5521144979004,1250.91480,12509148000
558.2338452021197,382.8798980441364,1251.13960,12511396000
641.4248013761229,389.7276567527843,1251.36380,12513638000
746.6656316556472,373.0938659592855,1251.59880,12515988000
806.4629170592642,355.9649106928102,1251.81840,12518184000
904.0067128641825,338.41193932438586,1252.05120,12520512000
803.1591510499461,349.25456074470117,1252.29180,12522918000
857.4316071500591,416.1048621333358,1252.51220,12525122000
706.2860316879942,384.9968905105146,1252.73610,12527361000
611.8150871148878,331.1732312451745,1252.94950,12529495000
508.780810900578,308.65954851366206,1253.16860,12531686000
563.01233201407,357.6508876346643,1253.39950,12533995000
580.08424898365,374.50193472828045,1253.63030,12536303000
639.1433733684439,373.5021587786809,1253.85490,12538549000
639.2174332537618,436.32797069603726,1254.08750,12540875000
712.3726601787336,476.24574392590415,1254.30260,12543026000
792.7567883894485,480.99106959923387,1254.51550,12545155000
816.0767298203698,514.4908557391593,1254.73480,12547348000
841.8478911051944,490.9492970369148,1254.95550,12549555000
880.1842837566322,539.4970553112754,1255.17330,12551733000
892.791108607329,604.9867384979584,1255.39670,12553967000
887.7363797501893,594.7226054221956,1255.62180,12556218000
1006.8776465461,607.1681766329369,1255.84430,12558443000
980.309953782089,658.0756676200699,1256.06260,12560626000
912.7358383135395,646.5131044240414,1256.28940,12562894000
883.0565757028313,596.201305607406,1256.52310,12565231000
869.6317843537138,478.98127771277166,1256.74130,12567413000
732.2676752765741,403.1325890117404,1256.97010,12569701000
691.1299487587705,381.57114125515903,1257.21800,12572180000
665.5853490494012,288.68268083742635,1257.43990,12574399000
524.1202938278748,240.90215711848091,1257.66270,12576627000
502.7138139075964,162.01084237545936,1257.88110,12578811000
656.0429925298192,167.9086694830141,1258.10310,12581031000
714.1783635974547,181.98707137454508,1258.32130,12583213000
838.1269196998717,261.1092200180775,1258.57480,12585748000
802.5341022857357,337.12700522500205,1258.78670,12587867000
798.842821097292,390.1294421595444,1259.03720,12590372000
719.8276057971718,348.29070760163916,1259.26010,12592601000
525.4787638333723,299.5648831040087,1259.48800,12594880000
512.5351003831238,266.2771990821466,1259.71980,12597198000
504.1701179379868,232.31796760593917,1259.94730,12599473000
678.6410746579741,352.41454913055986,1260.17520,12601752000
841.4506104677328,476.156921760189,1260.39360,12603936000
921.0610558042748,554.412750684291,1260.61320,12606132000
928.5630094808732,626.8318278048816,1260.86440,12608644000
865.7782752119277,608.5801077975584,1261.08120,12610812000
1051.5127328887309,557.5955855171409,1261.31060,12613106000
1006.9982122431959,529.2159265875406,1261.54100,12615410000
1038.9766494596715,517.7597758431366,1261.76780,12617678000
1009.9950979965535,487.44687105248425,1261.98700,12619870000
972.8594335480755,459.27846082643777,1262.20850,12622085000
726.4269910201451,421.0090105868951,1262.44270,12624427000
698.006212389432,440.09039060475743,1262.67020,12626702000
690.7366262795134,449.1123266102893,1262.88790,12628879000
731.8313546096035,481.0520691976958,1263.11020,12631102000
772.6104254304304,530.9435399689374,1263.32990,12633299000
696.5944798153353,486.9029164241192,1263.55710,12635571000
524.5495801726852,384.72932056189893,1263.77690,12637769000
480.9169207227425,298.17926204711824,1263.99420,12639942000
439.67406970535404,195.5277266041822,1264.25990,12642599000
413.87029123801716,128.57788809120348,1264.47920,12644792000
272.4314420031551,106.90431148805703,1264.69810,12646981000
395.45639181606225,170.29620885616504,1264.91930,12649193000
360.82281355274097,217.99071546471373,1265.13660,12651366000
437.2869799067307,424.1452747886714,1265.35480,12653548000
425.63195136889345,410.21519930368527,1265.58260,12655826000
355.09203577710343,365.67813643290884,1265.79790,12657979000
435.7492550311637,306.9666733482445,1266.02070,12660207000
487.57499658022823,272.5573957849523,1266.24180,12662418000
607.9129473254179,267.500859402336,1266.45930,12664593000
601.2608510754833,405.43688663696446,1266.67280,12666728000
615.7961606321863,412.5713414620438,1266.89700,12668970000
646.1886850210661,589.7626718065795,1267.11520,12671152000
624.4024040604443,590.2376861563432,1267.33180,12673318000
751.9608364753772,625.1133468812153,1267.56970,12675697000
749.61455393637,598.0035946698765,1267.80740,12678074000
712.622104977912,494.3434417430457,1268.02600,12680260000
830.7155131974234,492.297211705491,1268.24200,12682420000
751.1303218720054,441.1185090944539,1268.45770,12684577000
741.2479308555122,510.29223750574425,1268.67430,12686743000
679.9487502938102,575.1293943990852,1268.89120,12688912000
800.4360337993892,573.5218491989333,1269.11380,12691138000
880.37779057546,588.7724474606202,1269.33230,12693323000
827.2319840155507,522.5852549993114,1269.55070,12695507000
758.8369611628149,471.40275208691,1269.77240,12697724000
747.4151333000368,445.5714125275932,1269.99210,12699921000
746.5809759102086,382.5013757346665,1270.21260,12702126000
783.5118233664307,326.047680097119,1270.42580,12704258000
863.0361318834629,338.9359481160157,1270.64300,12706430000
878.6907245623597,293.90905320984876,1270.85840,12708584000
974.6394657279532,263.939800062112,1271.09500,12710950000
1056.9456522182522,310.30225820918497,1271.32040,12713204000
834.4891748037537,290.03530970725217,1271.53790,12715379000
849.5984049221695,299.10307325121,1271.79240,12717924000
785.5017915261858,280.36490885086835,1272.03010,12720301000
886.9764181903722,311.14539360227474,1272.26610,12722661000
893.948571818063,336.787954001689,1272.48410,12724841000
857.7055535212332,291.3885232553384,1272.71430,12727143000
821.3739954323667,254.6942213889486,1272.96850,12729685000
670.0205169492078,136.90971207583158,1273.21700,12732170000
564.4193761475942,121.85822605631579,1273.45220,12734522000
500.97493181355736,227.59989484094274,1273.68090,12736809000
564.72943103099,256.26298453335295,1273.91450,12739145000
639.401978032628,274.492933445537,1274.17840,12741784000
721.5535101031146,265.99344772624914,1274.43910,12744391000
737.4207724133419,386.51400083756187,1274.68690,12746869000
777.8044575225165,386.8331207791698,1274.97150,12749715000
596.7123196881245,352.03687005249515,1275.22820,12752282000
509.6751082628247,315.18244660113544,1275.48430,12754843000
603.9777951446849,320.0983032181525,1275.70630,12757063000
747.8510374333569,322.0261749277784,1275.92140,12759214000
667.953759652647,286.0215511513672,1276.17670,12761767000
616.1213058891301,287.3910316211387,1276.42000,12764200000
517.2198579721626,179.0559726821824,1276.69360,12766936000
441.1945896382868,91.48939330216658,1276.92430,12769243000
425.66212077062045,52.93540284878416,1277.15170,12771517000
300.7132576278086,28.15518343735088,1277.38620,12773862000
265.7071821283943,87.47579564975895,1277.64250,12776425000
249.64535904079034,111.14081453242808,1277.88940,12778894000
238.29945169677018,163.18359093585366,1278.12610,12781261000
253.56008416421503,299.91610504395146,1278.35610,12783561000
243.87905771150287,306.3180192266709,1278.58090,12785809000
277.5966100299205,389.0905576487819,1278.80680,12788068000
292.4371949579161,406.41197058409693,1279.04250,12790425000
258.3257111163015,461.7425374125953,1279.27860,12792786000
281.55006001586736,477.585304857724,1279.50380,12795038000
207.0834240855915,535.0059283656406,1279.72210,12797221000
182.42019480186798,536.9394294813518,1279.94180,12799418000
267.4269687133543,488.07215432441933,1280.15870,12801587000
336.36385308621027,524.5266631952268,1280.37210,12803721000
325.4875638890132,531.1698096336019,1280.58580,12805858000
286.3656311376452,550.6060554264614,1280.80800,12808080000
433.1848157618593,524.0780476524641,1281.03720,12810372000
438.868913794739,416.04513221607385,1281.25140,12812514000
442.7145640037699,354.3759014669423,1281.46930,12814693000
493.92980808221694,396.16506506079276,1281.68980,12816898000
437.51972129772264,361.15480917551434,1281.91140,12819114000
440.82728907507067,329.775329490981,1282.13780,12821378000
409.06163916199085,281.8103903806719,1282.36590,12823659000
486.8267541466837,310.12729264569697,1282.58290,12825829000
606.301720556463,321.68204192370155,1282.79700,12827970000
613.392787389091,317.3991432308241,1283.01030,12830103000
545.9331488454682,245.8629144696855,1283.22510,12832251000
497.93046310709644,193.77285044286768,1283.44180,12834418000
401.0556239396733,143.8510108595405,1283.66150,12836615000
387.9759480021278,220.41745424717686,1283.88190,12838819000
305.7033947526067,304.9895654291685,1284.10050,12841005000
288.94995454341495,313.74360181992796,1284.32140,12843214000
302.90627420786325,377.8675031776643,1284.54790,12845479000
407.7738824742808,471.17072250758974,1284.76250,12847625000
461.3315147708381,512.1009398394538,1284.98570,12849857000
505.85983445549954,528.0931853112694,1285.20230,12852023000
545.7642463947775,516.8649507065894,1285.43660,12854366000
551.0504646198169,446.3160299715833,1285.65370,12856537000
631.1778331068398,436.68000743919015,1285.88550,12858855000
708.4135648601454,406.55569676077454,1286.11690,12861169000
772.1723657363283,389.3875981945527,1286.33690,12863369000
808.1712085354243,353.9758706258475,1286.59040,12865904000
688.1588951739557,301.23436445864127,1286.82520,12868252000
701.7449669578508,270.4195831750608,1287.06180,12870618000
659.360754625742,249.3117966751974,1287.29570,12872957000
563.1269008479451,242.48021218115065,1287.54800,12875480000
406.6316324864902,324.27041659116406,1287.76970,12877697000
448.4881147176554,308.4667449539483,1288.00690,12880069000
403.90118703808986,291.5313131424175,1288.22950,12882295000
362.8360706236737,319.4170766120324,1288.47660,12884766000
329.6156098751146,389.81688311076164,1288.71990,12887199000
386.8354919349653,430.3573483587454,1288.94760,12889476000
423.4177835322273,404.0079665382222,1289.20060,12892006000
483.6766962854467,348.8116937345061,1289.42800,12894280000
514.5075462991338,362.96439314062894,1289.65890,12896589000
544.0442289137508,347.3755935892035,1289.87750,12898775000
544.7901413788353,404.39356276107264,1290.12140,12901214000
533.5086304492161,407.4719064695611,1290.37810,12903781000
574.9840997958983,400.61329094840073,1290.65130,12906513000
540.4725129898868,345.33826558414637,1290.89630,12908963000
389.46793525075225,344.6677857021877,1291.13950,12911395000
422.35428870237314,419.17432707614904,1291.35850,12913585000
403.764339463256,457.28338277432886,1291.58600,12915860000
360.6887298170456,541.3829030302749,1291.81630,12918163000
481.70208399695196,547.339114016285,1292.03900,12920390000
662.1111304300543,594.5361812059365,1292.26010,12922601000
809.0156039747135,617.6750892379329,1292.48970,12924897000
930.208652670274,618.3456036944136,1292.72370,12927237000
976.8017962658894,572.7249098766986,1292.95610,12929561000
1133.054500187665,545.4757117118751,1293.18370,12931837000
1007.9481322940273,500.42234752223686,1293.42110,12934211000
869.1711837819746,446.6372049545483,1293.65440,12936544000
749.0737215169003,388.6337442446347,1293.88040,12938804000
662.3179704972375,285.51279483450395,1294.10520,12941052000
597.0316710504648,253.4633114127086,1294.33890,12943389000
543.7821385857164,260.2471253492687,1294.55380,12945538000
497.90494785008195,204.80033181711704,1294.78780,12947878000
521.8496676572402,220.92369579839598,1295.00960,12950096000
480.06245958414144,256.5254410603345,1295.23160,12952316000
431.4450773905864,259.75284020856043,1295.45610,12954561000
432.29658370291986,225.8356731045729,1295.68570,12956857000
469.56119328464416,221.0357120819807,1295.90080,12959008000
386.2489746558797,227.76076947543032,1296.12230,12961223000
417.6649072927657,390.9436122737851,1296.33870,12963387000
382.6062594890615,409.6207352167828,1296.55760,12965576000
343.9869119303338,340.47301257458514,1296.77410,12967741000
345.5675795537663,323.5610351265955,1296.98900,12969890000
338.977685906651,249.6438596676827,1297.21100,12972110000
426.0579434308539,222.6204206151238,1297.43060,12974306000
298.897144819975,225.20220508738146,1297.65010,12976501000
280.98586327026567,263.4316426763226,1297.86800,12978680000
196.32738234201975,332.74213778707554,1298.08310,12980831000
317.1368973763023,418.2199250867502,1298.29730,12982973000
354.85546858309874,462.29350931726697,1298.51410,12985141000
329.59833704002443,476.13299629238884,1298.74310,12987431000
303.965999935935,457.3098570567814,1298.96260,12989626000
244.41398020394678,379.47085451397163,1299.20160,12992016000
326.2542106959145,413.3737620013068,1299.41370,12994137000
439.40035682245474,378.1735725974607,1299.63640,12996364000
426.2379119583077,393.60609015777015,1299.86020,12998602000
392.24368821755604,406.45762497650287,1300.09110,13000911000
386.8486842662068,424.7065007762281,1300.31320,13003132000
303.42648507062574,437.15886092200486,1300.53100,13005310000
342.2978697984068,439.73087063815615,1300.75940,13007594000
443.9389603525954,484.04829016150615,1300.97570,13009757000
426.4257219720437,529.6424858133812,1301.20680,13012068000
496.13919927765596,569.3987076367708,1301.43690,13014369000
536.0973661249582,547.8782037842244,1301.66440,13016644000
596.5790099834921,513.9306059340757,1301.92240,13019224000
754.4855559509012,452.3351722302683,1302.14940,13021494000
892.9975485152188,418.56614882345855,1302.37510,13023751000
968.3176082326277,411.70567664741344,1302.59660,13025966000
1039.1465669332315,390.8060225326913,1302.82130,13028213000
842.3550715213403,350.8856903439214,1303.04440,13030444000
717.0895429482871,413.05597225595136,1303.26920,13032692000
613.5988840324354,391.6125391145187,1303.51190,13035119000
638.9889378641651,449.33515910121497,1303.73260,13037326000
664.7507370228323,455.584719779447,1303.95730,13039573000
545.4275649446317,432.4481328415231,1304.17540,13041754000
447.72021469285124,421.4579072309249,1304.39600,13043960000
442.85717434355746,491.40045105436684,1304.61840,13046184000
355.16943195998056,424.3516226401757,1304.83920,13048392000
384.5314749824805,423.1108016898589,1305.07140,13050714000
468.33951122255985,397.18350506007994,1305.29090,13052909000
645.9864693379661,360.46095904926796,1305.52320,13055232000
766.9992313058806,346.3720791317933,1305.76330,13057633000
764.7132027787948,276.6711002012487,1305.99010,13059901000
684.1404971315511,277.2733526079001,1306.21090,13062109000
572.1769488771276,268.2281839988291,1306.47770,13064777000
434.5871512597149,246.9714023623208,1306.69500,13066950000
371.53040599739285,178.5615196517865,1306.91370,13069137000
271.97081849132513,158.36585396325998,1307.14040,13071404000
276.00054515382743,215.36834952532007,1307.39360,13073936000
321.5944033945855,302.8535441297832,1307.61650,13076165000
409.0628234419378,303.91299144951955,1307.84020,13078402000
509.0334571955193,299.9718193015856,1308.06260,13080626000
554.1601808645894,295.485428627803,1308.27920,13082792000
620.4846604780394,320.2305174496655,1308.52240,13085224000
679.8889584285024,295.86677700967147,1308.74540,13087454000
730.9729235672038,286.93616864831637,1308.97060,13089706000
832.730181867776,294.23340994241846,1309.20420,13092042000
787.4273554464528,297.4219999686548,1309.43820,13094382000
705.7013372227194,311.1085367886805,1309.66480,13096648000
645.7964049776848,298.8579661545094,1309.89300,13098930000
555.8044542043268,345.9962731112262,1310.11810,13101181000
455.3310410141245,386.290701710163,1310.34230,13103423000
348.54180941389916,389.61484114927936,1310.56400,13105640000
258.8122041946943,386.34268967718486,1310.79150,13107915000
249.8642740615913,419.23146491673606,1311.03690,13110369000
331.39968362217536,452.4797000487071,1311.25460,13112546000
427.9833194805604,498.71310001143405,1311.50250,13115025000
587.903849494011,545.4262525987743,1311.71940,13117194000
548.4031422101449,520.8397677611249,1311.97090,13119709000
521.3858835624576,512.1435859262118,1312.19130,13121913000
422.51239813410996,467.53106849048584,1312.41580,13124158000
382.03637266256777,455.63446983578933,1312.67080,13126708000
304.774048053288,388.2482425375904,1312.89850,13128985000
255.38386860007245,346.98749075538933,1313.12610,13131261000
315.80901011347623,344.8106332398202,1313.34920,13133492000
426.30500456284545,332.70159578148906,1313.57640,13135764000
548.0323697278053,393.3532442680412,1313.81360,13138136000
652.3264193749305,467.4414113921689,1314.04310,13140431000
681.4495676825803,477.65475643202944,1314.26100,13142610000
795.5127189632894,491.9739365827974,1314.50610,13145061000
786.1021834755729,456.3950982561609,1314.75430,13147543000
735.0174607130392,411.83424518089544,1314.99490,13149949000
755.9662871636081,372.2043276206855,1315.22320,13152232000
684.4454318060352,327.11822740340165,1315.44300,13154430000
752.3907909426657,300.25413297747,1315.65520,13156552000
629.3106092898595,344.19373405195114,1315.87400,13158740000
557.9904933603964,339.13138298574177,1316.09670,13160967000
717.3160263808056,313.90327974097056,1316.35720,13163572000
741.9897057925309,343.73414849334324,1316.57610,13165761000
779.6126945627802,346.08848355136377,1316.79610,13167961000
877.2439624303302,351.6376027175771,1317.01150,13170115000
924.9910978788417,327.87038836183956,1317.25610,13172561000
1075.28938886841,312.8047273736805,1317.48350,13174835000
1137.891694765516,298.4467117282525,1317.72320,13177232000
1245.1347759049997,275.4409683851365,1317.94650,13179465000
1101.698396629349,285.001186918723,1318.17470,13181747000
977.4356617020921,258.9059538228981,1318.40610,13184061000
896.7441303333273,233.8398948785268,1318.63560,13186356000
1030.2700706210885,250.2781059668478,1318.85930,13188593000
1101.871392328551,282.6254931966548,1319.07430,13190743000
1169.7557778895518,316.23464309821935,1319.28870,13192887000
1102.1267857381997,415.1441049454189,1319.50910,13195091000
906.7665224806836,339.692293182829,1319.73260,13197326000
991.0468854424703,257.0484664901247,1319.95490,13199549000
1051.7378704916555,255.19633851977298,1320.17540,13201754000
944.6226694041662,213.30069833995327,1320.39440,13203944000
1089.0154864832937,245.3334248311696,1320.62040,13206204000
1165.9680661910952,302.83209114824103,1320.85810,13208581000
1070.4446936859442,286.46740910279095,1321.07720,13210772000
1060.6961370354695,216.7014349411995,1321.29600,13212960000
1001.0319164753586,170.1841070950875,1321.54160,13215416000
983.4680362774926,124.98681811952561,1321.76100,13217610000
946.4837059407209,75.76694793017734,1321.97850,13219785000
946.0482312263841,51.36866409881416,1322.19790,13221979000
947.5958037310597,145.13827476864446,1322.42140,13224214000
995.6422889640058,202.9956372506843,1322.65390,13226539000
1000.3040791373347,217.32882451343832,1322.87500,13228750000
912.4225837037076,407.66331149728654,1323.09460,13230946000
902.8264593453116,372.1054694090732,1323.33510,13233351000
804.5012126196945,225.65828163511705,1323.58670,13235867000
759.7260551991913,151.77914904461414,1323.80910,13238091000
788.8854773084706,124.12786079155144,1324.02650,13240265000
658.755454400972,79.65440663852415,1324.25210,13242521000
455.5830414463565,125.28288939309975,1324.47520,13244752000
451.8231535738938,61.115729523146626,1324.69900,13246990000
430.6505439101939,85.44672879912106,1324.95860,13249586000
425.365463781482,71.28415008655404,1325.18950,13251895000
500.05162838497597,79.68526279330987,1325.41130,13254113000
503.2799479808012,8.372216046414962,1325.62680,13256268000
481.22271842584547,-11.706196563894059,1325.84340,13258434000
597.9105883706394,5.754345595864898,1326.06240,13260624000
622.1508310557563,24.267688616256788,1326.28940,13262894000
526.4896650036429,140.9480363228876,1326.51590,13265159000
517.2074336180239,127.49336675109191,1326.73800,13267380000
658.9434527114593,270.8741256008602,1326.95290,13269529000
668.0855704742318,246.2105026884083,1327.17250,13271725000
619.5123079038929,183.69378232815347,1327.39290,13273929000
612.4887935173965,149.55640602541257,1327.66140,13276614000
686.8257964628751,144.07473493846305,1327.87920,13278792000
850.119425864447,190.34806036066865,1328.10140,13281014000
1026.8127934905312,256.64641865575385,1328.32540,13283254000
1054.7815624641653,287.09976988746735,1328.56200,13285620000
1089.7642010305153,310.68022973449376,1328.78620,13287862000
882.815540401217,261.1708063750152,1328.99870,13289987000
836.394505099496,196.02520495907413,1329.22340,13292234000
718.2554628117006,172.40102206339873,1329.44460,13294446000
745.5749720022418,163.3364417013013,1329.66700,13296670000
762.2210985015565,163.86433545719694,1329.89730,13298973000
748.3829547220679,123.92142066411134,1330.13760,13301376000
783.0420063063463,154.67466034737907,1330.35680,13303568000
735.2708094103168,143.51552641505987,1330.57980,13305798000
712.7797681572864,139.73809834265688,1330.80580,13308058000
684.3120275170003,270.86045464517736,1331.02390,13310239000
690.7968412832024,252.54954684182033,1331.25990,13312599000
679.935256319085,293.0856951686392,1331.47500,13314750000
567.6329726484856,319.83472988405686,1331.70330,13317033000
471.1898921775801,237.5153324128525,1331.94780,13319478000
425.2936003164333,243.91920704765252,1332.17390,13321739000
392.6833861368559,287.63924153841725,1332.42050,13324205000
409.7431422154795,323.4814359992736,1332.64450,13326445000
368.43698525509785,406.89110932726265,1332.86930,13328693000
473.1584688000527,479.24058867202643,1333.13600,13331360000
394.17436386680333,374.273388119917,1333.35920,13333592000
451.7016136901409,363.2471634853236,1333.58350,13335835000
430.9288270099158,325.7611775761403,1333.81580,13338158000
430.47515855612403,327.91155975925204,1334.03760,13340376000
357.725625562425,289.13320095842334,1334.27040,13342704000
331.44135073133185,343.2545037230554,1334.49720,13344972000
328.4605215137878,375.7259009727053,1334.72500,13347250000
349.60556766582425,385.1224325578532,1334.95330,13349533000
269.5329140569621,395.61576776989466,1335.18360,13351836000
345.9114240560186,443.1364421500121,1335.41380,13354138000
509.07346166553555,460.58892689964296,1335.63610,13356361000
509.83770657058614,428.5283161677936,1335.87210,13358721000
414.42726732490075,409.02843946566526,1336.11160,13361116000
401.9309049279105,412.7791515555172,1336.34380,13363438000
322.0425016944171,416.86558828369317,1336.56740,13365674000
403.08189972752183,343.7650584451568,1336.80510,13368051000
414.94251670547897,293.5069100269443,1337.03040,13370304000
434.16949798476605,209.26651527221077,1337.25600,13372560000
444.2798728108648,74.60931223369128,1337.48130,13374813000
493.458188289863,59.239972677140216,1337.70130,13377013000
665.0013761024102,201.57098379414154,1337.92200,13379220000
740.3862988833481,279.1270519276088,1338.15130,13381513000
631.0879575512248,310.09040586880315,1338.38240,13383824000
645.2261946463882,346.80805954421123,1338.64260,13386426000
550.6713951576406,339.52428963177556,1338.85810,13388581000
506.9696193123108,462.10358138087145,1339.07760,13390776000
503.69797438160947,499.3637320771284,1339.31060,13393106000
633.1807821073916,574.9747992830839,1339.54290,13395429000
674.4704743382053,579.6150236381635,1339.79180,13397918000
655.5224851257558,540.1268818940762,1340.04590,13400459000
700.0865692493938,541.3731142610776,1340.28380,13402838000
763.4291737580829,474.2623910869703,1340.51140,13405114000
739.8721707952584,503.51465443040473,1340.74380,13407438000
812.847851794219,539.6820806260844,1340.97570,13409757000
800.9379090524893,608.524403567691,1341.20360,13412036000
735.5615251602902,671.1656616561294,1341.42780,13414278000
676.9368219546299,615.2978098969893,1341.69420,13416942000
676.7996791164782,614.7558213486866,1341.92150,13419215000
640.342098634065,539.3777258482688,1342.15220,13421522000
709.5875864352431,536.9997636133828,1342.38440,13423844000
702.2848537502422,568.8483660501289,1342.61010,13426101000
636.4637067895721,527.4809177888964,1342.84700,13428470000
657.9744895446538,511.25569925871946,1343.07380,13430738000
661.4423151838661,618.9798337352278,1343.29170,13432917000
720.0019357887766,592.2900756680101,1343.50850,13435085000
779.4739497340188,561.9727771791871,1343.75640,13437564000
803.0944893925895,515.8796874521702,1343.98940,13439894000
813.929928161327,515.8825258691948,1344.20690,13442069000
812.4390248578645,455.88213828857903,1344.42340,13444234000
709.7403881540436,404.4396838425976,1344.63800,13446380000
721.5135089191616,386.3213635268527,1344.88780,13448878000
654.8383991888427,472.5469361763964,1345.10710,13451071000
616.466207598951,575.7370322545005,1345.35850,13453585000
591.4671305254055,442.66109414448414,1345.58820,13455882000
632.4604391311785,450.5871620145999,1345.81580,13458158000
646.4757509296028,468.30313180465635,1346.06540,13460654000
614.585333718119,471.0187212632566,1346.29450,13462945000
651.9070446767025,448.7929459679855,1346.52440,13465244000
645.6590750626102,431.18026064948424,1346.74230,13467423000
646.0805328640654,345.59337708507894,1346.96770,13469677000
673.1795634622787,324.9227638509878,1347.21970,13472197000
586.5433931124486,316.27197962256355,1347.44140,13474414000
567.091453341401,282.2736426018444,1347.69600,13476960000
607.3014198397759,244.87053660173837,1347.96930,13479693000
538.4519273310061,255.1023357328881,1348.24200,13482420000
551.8819604093846,277.33055012816396,1348.48700,13484870000
481.40233146533376,263.396891118366,1348.72740,13487274000
360.32459088368165,284.52541073015055,1348.99040,13489904000
279.7014268280306,297.80903142587147,1349.23100,13492310000
127.88407866641433,276.64338153779016,1349.46140,13494614000
90.37318241665977,339.4394683692002,1349.73500,13497350000
68.92934840799751,412.13343642018583,1349.96800,13499680000
107.11737163637919,485.7861759432003,1350.23090,13502309000
159.30783577302705,487.1156411839287,1350.44970,13504497000
208.29787373328824,541.9064930697343,1350.69130,13506913000
171.66582613721394,531.2823388027801,1350.94340,13509434000
160.2207562557463,479.3805105584132,1351.19350,13511935000
134.48024800927536,443.51082396318185,1351.41620,13514162000
206.43602574339434,514.8736445368595,1351.67520,13516752000
333.08926690344356,478.453631022516,1351.90450,13519045000
346.12916715889656,477.2237788309699,1352.12550,13521255000
372.40658152470485,437.9049343337035,1352.35250,13523525000
486.1540028051456,443.7881703660797,1352.58150,13525815000
575.1468740410037,467.63414651685986,1352.81720,13528172000
597.495062831756,473.10941963456156,1353.04590,13530459000
684.1897240911985,529.5479628389045,1353.27550,13532755000
754.1794214935594,472.22564148143016,1353.50580,13535058000
763.0777770281851,439.2601468400933,1353.72400,13537240000
843.4217673557225,466.37140670498167,1353.94910,13539491000
908.4923774967651,460.06275626782025,1354.16740,13541674000
984.8099078633638,464.0718798739715,1354.39530,13543953000
956.0345276489661,463.0947434979196,1354.63260,13546326000
984.0623353508344,482.6653582957038,1354.85330,13548533000
851.1036532769278,501.6624554332204,1355.07120,13550712000
744.067698132387,468.54153699667785,1355.31600,13553160000
669.8491134160389,446.5922727145307,1355.54450,13555445000
573.4910122818692,442.11947123051374,1355.76700,13557670000
464.46698987111193,448.41719751606837,1355.99950,13559995000
440.2748954794208,461.00435951000054,1356.22760,13562276000
375.46635971549773,417.2607229911155,1356.46750,13564675000
333.1866614164512,404.6830166815414,1356.69520,13566952000
376.47805382986337,399.70882927241325,1356.91300,13569130000
376.84092413873117,443.6979794664447,1357.14310,13571431000
432.44861770087965,522.7224908468936,1357.36110,13573611000
516.4660809977611,634.8510948590184,1357.61380,13576138000
637.6751182635194,665.6994470018085,1357.83850,13578385000
768.4552905931581,708.9955175030823,1358.05770,13580577000
880.2333534632364,726.9606812130257,1358.31300,13583130000
846.5277155455893,802.9612622409513,1358.54330,13585433000
899.3607211776141,791.6229174018551,1358.77710,13587771000
853.0991216465774,687.4384862493569,1359.00980,13590098000
726.2401178016073,541.2425588762285,1359.22910,13592291000
631.496969446292,461.82239103575296,1359.46210,13594621000
593.8562665588869,374.78252642334485,1359.68790,13596879000
575.2586507068072,426.82962388970856,1359.91150,13599115000
619.8675648922184,522.0030140796074,1360.13990,13601399000
607.8014764469115,517.326509042973,1360.37410,13603741000
662.4693866090686,427.1106721211886,1360.59300,13605930000
735.9983864776726,374.6489136501025,1360.81640,13608164000
735.5141670747068,337.1632704431809,1361.04320,13610432000
771.3981149776747,348.3455114289576,1361.26260,13612626000
880.0312159152638,367.3952168054957,1361.48580,13614858000
936.2254766181894,344.89451099236,1361.71060,13617106000
872.963370626205,292.7086593739425,1361.93490,13619349000
904.2447396675084,269.35940528095,1362.15660,13621566000
760.7672933414973,189.49906197772486,1362.38270,13623827000
635.4934444321217,224.70606886447524,1362.62570,13626257000
649.9063822116865,295.65161498708915,1362.84760,13628476000
632.7816473611987,279.93254529921523,1363.06870,13630687000
572.7750743317994,257.57626876925264,1363.28950,13632895000
561.375709323548,348.82507662160583,1363.50980,13635098000
640.7018631338078,390.8523637867151,1363.73350,13637335000
622.3717419559226,350.59085544541205,1363.96130,13639613000
659.0765793355567,362.7704577418212,1364.18340,13641834000
706.6470386868808,472.48004409075054,1364.40390,13644039000
883.871637821017,555.282174596596,1364.64050,13646405000
921.8408969775747,540.9332328114258,1364.85590,13648559000
954.7402908953827,585.8470893130111,1365.08850,13650885000
982.7035065588143,609.6517997066504,1365.31160,13653116000
993.1210155352007,655.9745584219008,1365.54020,13655402000
979.2835309070056,655.2683728864394,1365.77770,13657777000
955.9252078545543,636.4887770766852,1365.99760,13659976000
978.5876007077994,612.2734140066195,1366.22140,13662214000
931.7429476906397,597.2587258190603,1366.45430,13664543000
904.2078436671638,584.7613893206062,1366.72650,13667265000
902.7969432865568,567.7890423186908,1366.94650,13669465000
916.3250693114055,649.6883283485117,1367.16240,13671624000
925.0695426350578,624.1548025162617,1367.38580,13673858000
906.507539222221,550.9485297806032,1367.60530,13676053000
852.8598097033299,411.70553504642595,1367.83370,13678337000
774.2172453468677,430.47835950034494,1368.05600,13680560000
820.5029089259285,468.33943485361516,1368.27310,13682731000
810.6089581460619,499.4387821000557,1368.49630,13684963000
816.2478040249999,452.9100877187655,1368.72290,13687229000
681.4788505550939,312.47898535225033,1368.95990,13689599000
761.3334913020979,296.5730737143519,1369.18250,13691825000
766.4318452443002,330.1010952830282,1369.41750,13694175000
815.5912575276136,327.68205358546044,1369.64960,13696496000
896.192207417197,279.272842581624,1369.87220,13698722000
995.7530687805431,255.0962974492561,1370.09570,13700957000
1056.9514971506621,203.909344579886,1370.31920,13703192000
1099.7768573090132,217.2328737406953,1370.54270,13705427000
1114.349943902995,207.90396348520977,1370.78730,13707873000
1185.8484188036778,212.67853788041683,1371.00990,13710099000
1287.2073608202313,210.15540889323432,1371.23160,13712316000
1352.2704336826594,188.2120847136432,1371.45860,13714586000
1378.0540630881828,218.64688684308234,1371.68800,13716880000
1474.8215188263166,225.44749111532693,1371.91090,13719109000
1559.3049744390883,171.61661410380492,1372.13380,13721338000
1562.3381646905875,148.1834365743731,1372.35830,13723583000
1390.9160007843557,148.7931049500922,1372.57470,13725747000
1312.9151385589205,223.41423157661404,1372.79420,13727942000
1178.3115638517177,237.94728565472008,1373.01270,13730127000
1033.5676124014656,223.7504359284088,1373.22990,13732299000
890.3679322797119,186.21139929432832,1373.44920,13734492000
869.7005265074222,203.71448507239347,1373.66740,13736674000
841.6513225952496,198.76973087571454,1373.89110,13738911000
780.594473146331,279.8326745637094,1374.12420,13741242000
607.637874359057,356.58981477024713,1374.33830,13743383000
359.7114660788791,299.5059074920598,1374.56340,13745634000
366.0756911995959,404.1677831465071,1374.81420,13748142000
479.91276848138773,405.53938240648074,1375.03070,13750307000
541.0261208674292,381.60451678909743,1375.25270,13752527000
568.4501229266433,372.9066916753471,1375.47060,13754706000
605.6633163884295,299.12359306312266,1375.69230,13756923000
822.9138881246448,325.58876404847865,1375.90790,13759079000
941.4406466748275,305.2086599812965,1376.14440,13761444000
1051.6844543004956,294.763651001625,1376.37920,13763792000
1124.9608968856157,258.5896353669988,1376.59840,13765984000
1137.277775911104,259.3195030114375,1376.82660,13768266000
907.834424124957,203.5184197385838,1377.04540,13770454000
985.202933846152,223.31054010285263,1377.27190,13772719000
1004.2717822990058,194.08080877762194,1377.48500,13774850000
1036.3899418065168,217.34973514615822,1377.70400,13777040000
1105.6971887672992,178.01922100829677,1377.92050,13779205000
1066.0466569348794,117.85424403047736,1378.14680,13781468000
989.4352028311183,89.73535001723053,1378.35940,13783594000
872.0398928178223,75.80773245159197,1378.57700,13785770000
827.7994218007436,54.730395589025434,1378.80750,13788075000
889.63874267819,98.91743260396154,1379.05750,13790575000
986.3785427160078,148.62241638438613,1379.32260,13793226000
1025.0219206242566,172.10043182996952,1379.57660,13795766000
1036.845591454052,139.55732612074559,1379.79920,13797992000
921.7049348396065,162.09903717509738,1380.01270,13800127000
794.9620794929227,108.79106745281038,1380.23140,13802314000
795.827945072052,99.45821410278407,1380.44860,13804486000
796.7499727692388,137.59073204792432,1380.67050,13806705000
706.9849610171764,170.04705894565151,1380.90040,13809004000
615.656653597728,189.57921382815638,1381.12720,13811272000
667.6437801460492,305.1366137115339,1381.36830,13813683000
571.6324617375581,443.702632762191,1381.60820,13816082000
538.037171588382,508.3816460517991,1381.85010,13818501000
476.78964697426215,504.89673611700005,1382.07390,13820739000
412.15892941166453,526.029159278591,1382.30320,13823032000
328.8680804319172,520.7399849476485,1382.52040,13825204000
431.6772510524158,521.0038480839481,1382.76050,13827605000
479.27568925364136,450.76413954473736,1383.01180,13830118000
440.7287668071129,415.0313885800814,1383.24490,13832449000
412.5049066017653,356.84081172223296,1383.50230,13835023000
467.26371964517466,332.6791971523287,1383.72400,13837240000
341.4713216135719,321.7314343151021,1383.94080,13839408000
327.1087275814877,364.98194687493674,1384.18530,13841853000
337.73963633554894,363.2583984172007,1384.40440,13844044000
409.7192508184596,435.21948115469564,1384.65450,13846545000
317.5912548548204,412.0041845630728,1384.89890,13848989000
315.25886452049053,436.7192899977438,1385.18270,13851827000
277.92290939384964,426.0509380039565,1385.41400,13854140000
206.36931525186378,342.0432411854799,1385.63410,13856341000
202.14156686024862,290.74931059034026,1385.86060,13858606000
262.31142033709926,352.5235261161458,1386.08660,13860866000
155.937379387114,361.43078544363243,1386.31060,13863106000
346.26922966899025,428.5270486274822,1386.54910,13865491000
417.21410951619544,438.61964532428925,1386.78990,13867899000
521.9950139311476,430.2394031667456,1387.02500,13870250000
644.7760260231814,418.96025687729195,1387.24250,13872425000
631.13896776753,411.00861213418335,1387.48020,13874802000
652.032243433378,422.15073633878416,1387.71060,13877106000
556.1675701929332,442.6553998555071,1387.93270,13879327000
433.53318937913673,455.5218809892527,1388.15630,13881563000
492.6428355989942,504.00490728006315,1388.38050,13883805000
563.8208014152015,498.6334095131371,1388.60720,13886072000
636.0257143746416,498.863176476223,1388.82720,13888272000
580.7511521718784,543.9527218330139,1389.06300,13890630000
535.9846615237354,559.300583746682,1389.28720,13892872000
471.62682647757936,564.1953294446369,1389.51160,13895116000
430.8101064534339,573.2743126935549,1389.74400,13897440000
425.00256607705677,527.7084100664144,1389.96660,13899666000
410.5150649132686,618.7049666366127,1390.20980,13902098000
451.86677059166016,594.6203788975803,1390.43350,13904335000
460.9042647457998,598.1678721911941,1390.66010,13906601000
485.53539893225593,569.1038525654308,1390.88480,13908848000
514.8243414486204,548.2953177699487,1391.11000,13911100000
651.0017851196715,558.191258811025,1391.33650,13913365000
750.9031880792129,527.6020793815925,1391.55570,13915557000
832.1597585672112,545.6598131615006,1391.78610,13917861000
850.7715773151555,531.8077487995569,1392.03780,13920378000
895.7317220087612,504.3394714961752,1392.27110,13922711000
886.566967079787,496.6748145258549,1392.53090,13925309000
864.0224129965229,503.9172456924767,1392.75040,13927504000
814.4589576387048,474.9169601464257,1392.97420,13929742000
719.3145504447062,449.1654211997247,1393.19530,13931953000
580.6605216335554,413.77056737696245,1393.41020,13934102000
482.23587003486887,417.0666025521497,1393.66640,13936664000
433.3919427729208,396.61498789879056,1393.90620,13939062000
386.3483802104669,465.339901203032,1394.12850,13941285000
323.535999107962,450.62745706413597,1394.36410,13943641000
504.76625558948456,443.4296128247388,1394.58680,13945868000
617.739843596218,478.19060936643234,1394.81680,13948168000
525.7436379371355,481.9539249154829,1395.04820,13950482000
516.3020200094572,447.7274837408071,1395.27030,13952703000
494.75035887972496,462.5797209206312,1395.49740,13954974000
490.97687066868565,455.1283909258801,1395.72170,13957217000
486.87506795032334,392.0348767690733,1395.94450,13959445000
443.68049899429417,412.36389632974334,1396.19540,13961954000
338.40365189414257,425.61104847401685,1396.45490,13964549000
362.6009127760557,378.919955635608,1396.67290,13966729000
469.90094830107665,484.8356217589942,1396.92870,13969287000
589.6654618206248,450.85206604758764,1397.15270,13971527000
733.5920582745784,456.68684297548293,1397.40910,13974091000
817.51561939124,476.4009228283973,1397.62780,13976278000
904.5765287235805,482.1902945897648,1397.85350,13978535000
957.3970286370231,467.99321406743644,1398.08590,13980859000
1005.513769811346,419.5154340345003,1398.30430,13983043000
1014.0035600904015,440.1063910280986,1398.53520,13985352000
1026.285634054995,425.2592606480362,1398.76660,13987666000
850.9218705442047,473.01839599171103,1398.99020,13989902000
745.5984558526508,483.1400731163894,1399.22070,13992207000
627.8118605085658,397.8445089004621,1399.44120,13994412000
555.7699056085676,414.0214544709963,1399.66690,13996669000
578.6148669113846,310.17585875397333,1399.89090,13998909000
622.4344055386424,296.51334186483024,1400.11300,14001130000
453.07568194769823,295.2332403443348,1400.33850,14003385000
385.0501986442172,330.0233065448889,1400.56340,14005634000
363.3885953628714,390.9892462402872,1400.80400,14008040000
305.2258700261388,368.9135644217032,1401.03930,14010393000
357.01514254559993,325.8452031801127,1401.26980,14012698000
403.91991918643805,373.17048148844253,1401.50230,14015023000
574.6367752748329,410.0978899928346,1401.72310,14017231000
704.3393213716673,445.364661006138,1401.94510,14019451000
671.4239662651779,562.3546548097838,1402.16210,14021621000
578.8871841380104,567.4662074557888,1402.39450,14023945000
566.804880279448,551.8312394520632,1402.62440,14026244000
405.1721737938549,517.8762614580927,1402.85860,14028586000
362.4291454075472,522.137626863634,1403.10420,14031042000
276.148510006995,444.85715804162305,1403.32980,14033298000
226.20019042024924,468.9968929466279,1403.56100,14035610000
245.5729496637792,426.6516019252999,1403.77760,14037776000
296.8952197335649,429.6442533364056,1403.99400,14039940000
373.8845376275665,394.947876719092,1404.21010,14042101000
365.59215709913985,458.9182237952719,1404.43510,14044351000
286.87736890001935,489.2274235463584,1404.65220,14046522000
264.59870460357916,486.8004532042051,1404.87400,14048740000
286.5935307002379,413.3992529715325,1405.09870,14050987000
278.5604131603035,395.22917301883666,1405.32110,14053211000
274.717081958339,366.70546783701417,1405.53830,14055383000
353.4381050625569,348.93563752559504,1405.75240,14057524000
456.17705568817826,472.290089895843,1405.96980,14059698000
693.0067908335199,403.4720924767854,1406.25380,14062538000
806.0784637414268,338.0663837963886,1406.48390,14064839000
898.7256364515661,396.20781728336067,1406.70940,14067094000
901.5274091952484,393.43622369121226,1406.92950,14069295000
927.6657099811139,407.29842100001946,1407.15210,14071521000
991.9871093392507,487.39269510279837,1407.40720,14074072000
1156.5446647288577,467.78736785593065,1407.63450,14076345000
1014.8188189131778,459.4385867374777,1407.87530,14078753000
850.3349875118502,614.5692381791755,1408.09170,14080917000
796.2513291100208,657.1547646175709,1408.31840,14083184000
786.5818044132726,670.3617844291718,1408.56010,14085601000
820.4242925543666,632.4329465408425,1408.79410,14087941000
837.7366580348681,617.7978011671739,1409.03930,14090393000
905.8072432283903,643.438595856404,1409.28100,14092810000
901.88032369613,679.7828773978964,1409.49510,14094951000
907.9175079840406,603.3036449002282,1409.72240,14097224000
869.3440530978696,594.9132968703784,1409.95980,14099598000
901.8221532075229,540.2640687030621,1410.18220,14101822000
935.0765592031014,487.0626747208566,1410.40360,14104036000
914.3202996474204,459.86499881161967,1410.62720,14106272000
912.6511277731257,478.3291087177684,1410.86150,14108615000
899.7506665418641,509.9252830948226,1411.08570,14110857000
924.29380079985,485.6259301992567,1411.31830,14113183000
943.550332690369,418.59305551418765,1411.54340,14115434000
914.2342226548576,367.3953688370021,1411.76710,14117671000
845.4970009428056,326.22119551780247,1411.98920,14119892000
725.0363367731501,262.48934884043024,1412.20990,14122099000
713.8734939379584,312.34689817189417,1412.42470,14124247000
673.7216201332061,345.57553784827905,1412.64610,14126461000
683.5399707401061,394.7153127783648,1412.86660,14128666000
656.0346417121556,446.5622777423845,1413.08870,14130887000
697.225043193412,441.85900965689916,1413.31610,14133161000
616.6023623875825,371.6924213089589,1413.53130,14135313000
612.4837541748408,282.71031595921596,1413.74370,14137437000
618.5514653991742,256.7369617511316,1413.96770,14139677000
586.6434989616821,178.93773490897289,1414.18930,14141893000
657.8547529866249,153.25493379324445,1414.42260,14144226000
764.6532453048675,176.25510293208322,1414.65190,14146519000
789.2180854068376,309.4207945214638,1414.89300,14148930000
843.8035223931888,447.6878578384873,1415.11370,14151137000
860.1003008095327,497.3936214691983,1415.33530,14153353000
878.2350015227362,616.3500811555201,1415.55370,14155537000
923.1244254688204,676.9967430730653,1415.77730,14157773000
908.6005566714365,671.6052361886344,1416.00250,14160025000
891.0357771398404,605.2971788554856,1416.23090,14162309000
955.5399825290607,638.7980699803649,1416.45150,14164515000
998.2752664994017,637.4447808746877,1416.68070,14166807000
988.904623081589,639.2292495378017,1416.90910,14169091000
1005.5239637923669,677.5928020112058,1417.14240,14171424000
974.6515121035462,686.6260691732398,1417.38370,14173837000
981.4353322006932,670.8814377310401,1417.61620,14176162000
1040.9529832367227,649.9612439867793,1417.83960,14178396000
995.1357465037811,641.1822202856738,1418.06060,14180606000
1106.5351570704192,605.6113631258422,1418.28740,14182874000
1111.0813736631242,609.0544514582741,1418.51560,14185156000
1088.7389233687659,498.4805519841829,1418.77820,14187782000
1073.1771557935358,469.4099404109485,1419.01390,14190139000
1060.1841851158106,476.42091492627645,1419.23490,14192349000
1030.512318036,443.90587668766716,1419.45870,14194587000
997.5164858291439,367.4097460737969,1419.68850,14196885000
980.1016913794625,428.6593830158583,1419.92960,14199296000
1020.9986306063832,521.3698924823451,1420.14960,14201496000
971.6636644794901,573.9082874715895,1420.39590,14203959000
899.789556361917,553.3401241034893,1420.62040,14206204000
866.138724109259,697.2257484811529,1420.85050,14208505000
823.421996883843,599.3122244393926,1421.07850,14210785000
886.0916357456011,607.323137305785,1421.31810,14213181000
878.5691523434839,527.4179313880782,1421.54920,14215492000
862.2778661610095,506.51599543222324,1421.77760,14217776000
812.0595129426706,488.0513363264132,1421.99610,14219961000
745.9410614449492,532.3785135848757,1422.21640,14222164000
699.4330319625243,623.7203661242042,1422.43520,14224352000
755.75794470136,649.1657103577812,1422.66290,14226629000
783.1487980018334,587.4511839274955,1422.88720,14228872000
801.0145858934193,580.1989857866305,1423.10940,14231094000
833.3637473295884,512.1819120353251,1423.32820,14233282000
822.3564774974083,490.3096292235052,1423.54980,14235498000
855.0064016477006,526.9002088956503,1423.77440,14237744000
924.4507553383332,580.4287197217776,1423.99420,14239942000
1021.9915800388878,707.7479261611747,1424.21330,14242133000
1064.5820234050484,653.4191153615934,1424.43780,14244378000
1079.4649980886045,608.5391950353226,1424.68080,14246808000
1069.742913832376,619.8574120715954,1424.90270,14249027000
1085.67323834554,500.6228789497202,1425.11920,14251192000
1091.8401914257593,521.2660995066345,1425.36760,14253676000
964.6964119631765,442.0104417598559,1425.58710,14255871000
860.0485437506856,447.10161053915203,1425.82370,14258237000
774.8948338483747,498.909263054679,1426.05340,14260534000
713.7812781771154,495.00300349699046,1426.31070,14263107000
710.6052025426129,514.8256377614337,1426.54840,14265484000
674.781066676082,537.2538384117282,1426.77230,14267723000
