x,y,TIME(2025/03/26 11:50:53.611),TIMETICK(f=10000000)
1313.0704623178528,591.5492836850616,0.00000,0
1262.2443468897493,612.7156112618075,0.22630,2263000
1136.0074035910727,583.5578302433793,0.46490,4649000
873.6647119594583,524.5135790424557,0.68490,6849000
631.166360273289,445.724066035668,0.89320,8932000
528.8601414692328,412.221339225096,1.11290,11129000
485.6095348861559,348.5932971194147,1.32510,13251000
494.1885815346792,357.5437234384475,1.54570,15457000
514.6510954170345,388.9125788568536,1.78240,17824000
369.59834209679565,350.8196890088809,1.99640,19964000
312.5930636935766,303.84532123881127,2.21310,22131000
306.47520008731556,275.1455779733287,2.44310,24431000
409.2521021013491,255.43515356193927,2.66630,26663000
435.3977042918748,224.13143530732097,2.89120,28912000
525.9579567066252,211.46138522613998,3.10700,31070000
558.8578541463398,175.53512961545934,3.34170,33417000
608.3950464642091,164.67913248936753,3.57090,35709000
755.7380053811216,232.95771727330848,3.79260,37926000
873.4019719017275,292.38760646244737,4.01480,40148000
846.508760983567,310.31672449732594,4.23230,42323000
768.5351874378299,321.3983647853814,4.45370,44537000
765.5845470624853,369.57585821318264,4.66990,46699000
870.6840955755911,420.1241593499821,4.91560,49156000
834.7572315941914,404.963095881583,5.13430,51343000
835.2127200994199,399.24607979435285,5.37060,53706000
830.235724344549,357.8833309743294,5.59160,55916000
906.5146421904523,392.27025283893045,5.82030,58203000
1011.8984372526711,430.6752749874751,6.04260,60426000
1009.5475306927729,484.51430526307223,6.27250,62725000
1022.0288448954775,535.7630984010857,6.49210,64921000
1051.404218321437,524.6869908905295,6.70710,67071000
1092.2762629485287,557.9564504304633,6.92110,69211000
1169.0423434198158,607.5180226666046,7.13260,71326000
1199.920072650775,613.8760631732401,7.35040,73504000
1198.5695713052235,586.9389297080663,7.58290,75829000
1161.0136524071916,586.1872749009952,7.79420,77942000
1167.89421103594,537.8568397570465,8.01260,80126000
1138.3120813034636,508.75219484500906,8.23510,82351000
1081.613696602693,519.0012721527117,8.45310,84531000
1082.7529772512876,491.79712420125577,8.67080,86708000
1092.843560760403,501.1233819840527,8.88380,88838000
1109.744716216448,480.7199749333886,9.11150,91115000
1129.9168150049118,453.3995166622094,9.33210,93321000
1045.307997111843,420.50948422811706,9.55040,95504000
1031.272318040959,418.07504315014694,9.76120,97612000
1040.5609863188786,432.52501773159054,9.99270,99927000
973.7390478496186,437.0875050546098,10.20800,102080000
975.139788083739,399.8444319494419,10.44340,104434000
1013.5863048183616,382.8816245151346,10.66150,106615000
985.6251325200412,350.7261543164527,10.87510,108751000
987.5069408930322,373.8240530646584,11.08840,110884000
966.9935748268271,370.44279884798885,11.31220,113122000
963.6517063110273,390.24675331540834,11.53440,115344000
951.8471907194249,387.79616608336045,11.75950,117595000
931.1863556689837,401.03234865480476,11.97620,119762000
854.9044595027094,320.27631430944405,12.19460,121946000
807.7083217057274,324.487791776777,12.41100,124110000
814.3575919867243,271.4164378161903,12.62720,126272000
884.7692959233093,205.7394702298214,12.84490,128449000
937.6679581983815,243.65882490671066,13.05700,130570000
795.3943264219113,180.1938754691949,13.27010,132701000
717.5784303622883,252.74546164778587,13.48840,134884000
780.7656581410067,369.7692891231701,13.70690,137069000
695.4926856061122,361.7701817568861,13.92620,139262000
673.2728490836578,363.1557175432796,14.14040,141404000
655.8661514598219,352.42690744361323,14.36120,143612000
621.3047418921001,384.64548762514875,14.57610,145761000
643.7528322943634,431.166541399796,14.80120,148012000
732.6482880650603,498.01241936357246,15.01890,150189000
701.8662477455271,453.77213905761346,15.23050,152305000
651.5554956600824,424.66120081899095,15.44710,154471000
614.7103879396657,430.2146033609949,15.66990,156699000
667.7923229059862,403.90612608367644,15.89160,158916000
702.9799693265009,412.28754236327103,16.11510,161151000
696.6528989178682,373.7558191905937,16.32980,163298000
753.2716849749918,366.1481869960699,16.54570,165457000
650.4654916514085,385.5169338713539,16.76470,167647000
610.8634954632864,402.75266720622653,16.98530,169853000
612.2081455641737,357.04964058691974,17.19880,171988000
625.58799697239,325.585548923738,17.41700,174170000
664.6513827616202,297.34619608202934,17.64520,176452000
658.914198947613,247.68744723517986,17.86030,178603000
670.0528034412864,238.24414389857435,18.07750,180775000
753.9915247757494,318.32192841670366,18.29970,182997000
729.7452565323131,293.50338068635875,18.51550,185155000
802.1370998154232,329.15693891061056,18.73570,187357000
767.0376517336983,336.7766006389119,18.96200,189620000
688.6701350186719,367.50444148543386,19.18940,191894000
909.4200507860253,431.37026357185954,19.40840,194084000
930.5232300853908,416.65565126113137,19.62030,196203000
954.7754592659063,464.50586646745535,19.83430,198343000
905.69538590166,466.5866071467488,20.04900,200490000
871.5636744043793,421.27514020194064,20.27130,202713000
926.2994232973176,402.6547941547476,20.50710,205071000
910.3441175804577,332.3504891971162,20.73290,207329000
921.9815642747368,298.07606511371193,20.94990,209499000
896.367014874771,258.21713162083773,21.16670,211667000
912.0952149241577,175.8194829520371,21.39740,213974000
947.0992682757764,251.1282119375366,21.61320,216132000
955.1308111322866,190.7147994708002,21.84050,218405000
1019.8485818200795,154.7883183025435,22.06200,220620000
1143.0157660936297,82.4006967256129,22.28680,222868000
1180.1667777611376,77.97622366169233,22.50880,225088000
1126.9917350902922,46.339574179852804,22.72830,227283000
1284.367828263122,33.02663372991752,22.94620,229462000
1344.0063436414064,42.72254217704233,23.16990,231699000
1439.443959797457,48.9854875737519,23.38810,233881000
1488.3334353578095,75.56945510764629,23.59790,235979000
1491.3018872614211,83.92416910534327,23.82000,238200000
1454.511076789451,120.56545186022808,24.04890,240489000
1418.776576958484,197.1848115939925,24.26030,242603000
1380.0829352242467,224.3539800065662,24.47320,244732000
1313.5904217021862,237.76684549834457,24.69620,246962000
1284.4290522268518,321.92949662928334,24.92100,249210000
1304.3090103827328,368.6210794021597,25.13710,251371000
1318.226594543349,382.27086481514186,25.38620,253862000
1234.8094985897112,415.35436165716527,25.61590,256159000
1190.9003508766687,406.31112036857814,25.85180,258518000
1172.0753916139035,462.8831441825704,26.06990,260699000
1172.514049639741,437.38750046717183,26.29810,262981000
1187.544518253447,428.9503352494939,26.51340,265134000
1167.3215692952535,429.87893898022025,26.72900,267290000
1208.7695787296623,429.0236037071248,26.97440,269744000
1198.6570924559928,400.18903477454603,27.19570,271957000
1150.1063627738852,365.85747914251994,27.41070,274107000
1137.3090019587353,387.71750217714106,27.63260,276326000
1103.310075690688,421.36194459065104,27.85300,278530000
1150.5145164607468,408.0992545348617,28.07160,280716000
1115.8556088261987,359.4030284102221,28.29550,282955000
1117.3442856541715,403.15474886041346,28.51970,285197000
1077.5599960725237,470.6366584956349,28.73380,287338000
1077.0928339617406,443.63059437813666,28.96290,289629000
1031.8058425626994,501.6726481095212,29.18890,291889000
1025.4186460739388,512.2933874214795,29.41950,294195000
1033.8357035976703,517.8547194137715,29.63490,296349000
1043.6793733875888,522.3236958338688,29.85860,298586000
1045.1842437031157,498.26425699884413,30.08290,300829000
1090.0194574703837,491.1846925701501,30.30120,303012000
1099.814523762367,495.4767982067259,30.53110,305311000
1147.0017529764964,510.4439729134798,30.77020,307702000
1161.1833638366888,553.8503249494827,30.99400,309940000
1183.9785606767152,584.0834348515468,31.21010,312101000
1201.4501189258804,523.7016243036147,31.42180,314218000
1210.5158508145623,519.9771136366479,31.65210,316521000
1198.209485151409,542.6479266858023,31.88210,318821000
1197.8969879012718,560.6509648937631,32.09790,320979000
1170.768611775965,616.2120892277321,32.31960,323196000
1202.9146558122823,588.845887087503,32.54900,325490000
1187.3580265506473,593.02316461324,32.78390,327839000
1177.3274240723429,550.1298510598632,33.00320,330032000
1138.6058724978363,552.6122051539853,33.22470,332247000
1225.9500075513279,470.46174535701226,33.45350,334535000
1226.4101858170602,416.30260621042396,33.66950,336695000
1259.8069073218558,363.7778357355281,33.88840,338884000
1328.6768503217802,390.5617105655385,34.11050,341105000
1290.3853124972775,353.6899333257187,34.32510,343251000
1273.3583240584114,301.8956539582988,34.54030,345403000
1222.5315421549953,330.9430532718433,34.77530,347753000
1195.5384062169946,318.55280357916627,34.99440,349944000
1182.1969406524377,308.7725605781196,35.21390,352139000
1178.2724404292735,280.7336428181169,35.43400,354340000
1128.5705921697383,323.18417895315963,35.64700,356470000
1087.8043404840662,337.3186330621544,35.87520,358752000
1081.8039742539515,354.90943604086345,36.09610,360961000
1093.267144078003,341.04374861600377,36.32340,363234000
1044.5345539298678,355.2894664251705,36.53940,365394000
1041.0155978174835,357.00647528143145,36.76200,367620000
1104.0460725182375,353.0153848263373,36.99220,369922000
1149.3516889805583,324.506553112321,37.21230,372123000
1138.2256912974426,311.8637307619794,37.44330,374433000
1122.802231214139,352.96172387772975,37.65490,376549000
1108.9578545546526,369.9934463584987,37.87080,378708000
1240.4365283710733,370.21804407020824,38.09070,380907000
1314.5571210221892,325.5250201979537,38.30730,383073000
1410.6689787128269,283.7952348941169,38.52000,385200000
1393.1313555562165,264.4978163072178,38.73210,387321000
1367.0480842314923,264.38098239639356,38.97040,389704000
1337.760171458792,243.30114287624318,39.18570,391857000
1320.2824088097911,220.43854717935923,39.39910,393991000
1246.9426525161969,222.68871593206254,39.61550,396155000
1105.6899916459984,252.50089504313962,39.82770,398277000
919.8643134194065,286.3767509828444,40.04410,400441000
863.8803382773519,270.15108882980945,40.26190,402619000
817.6129379731167,299.67068567665797,40.48040,404804000
792.2814932050246,329.11299121378084,40.69820,406982000
698.570738544503,303.5263696866057,40.91520,409152000
649.4405574417148,329.91216992734127,41.13420,411342000
630.3776759050568,303.67125626477707,41.35490,413549000
591.0026088231535,291.4354716864015,41.56960,415696000
618.5922348032025,333.52544354160864,41.79580,417958000
661.8774850325548,310.26360933113057,42.01650,420165000
638.9981162826065,318.1357284385873,42.23050,422305000
748.5604692678602,322.8630729895804,42.45170,424517000
721.2762789859039,295.49055790559066,42.67570,426757000
761.5031476825376,297.5827110517645,42.89490,428949000
759.811158270645,321.5648188952372,43.11580,431158000
749.9564455820158,273.26732564968273,43.33540,433354000
817.9970918680242,312.02070909072677,43.55450,435545000
925.9876868357255,278.2813105946699,43.78220,437822000
996.0960619853175,272.4694919541336,44.00040,440004000
1017.4089384635829,284.7124993604954,44.21920,442192000
985.9935098577204,325.94598085947155,44.44660,444466000
915.6777935843936,376.6271948809526,44.66300,446630000
865.4099081462452,436.4452056219502,44.87880,448788000
845.7579990238631,487.55009671622497,45.09800,450980000
770.388990656822,494.839870625861,45.31730,453173000
785.3615477583238,468.2667590687145,45.53220,455322000
739.6124364056205,479.14399638587025,45.75870,457587000
715.8002482159724,499.3748364525587,45.98570,459857000
709.134015337566,447.26175445796696,46.20720,462072000
745.7020721621166,352.1220453136565,46.42260,464226000
730.1178030422836,309.21492258655155,46.63800,466380000
788.4018917804914,334.6431223934532,46.86040,468604000
746.2947174049392,303.81068179444026,47.08300,470830000
675.2898220149324,257.4379385568431,47.30550,473055000
749.0056397418077,357.6112212318473,47.51920,475192000
768.3588506528197,392.91831636934273,47.73990,477399000
764.8576500337381,428.9312486021871,47.95870,479587000
804.3849946448646,398.209290832089,48.18040,481804000
897.0615655851191,401.3222319150917,48.40190,484019000
921.9801963330029,383.3754593254585,48.62240,486224000
1190.9210103712712,370.8340402301929,48.83770,488377000
1370.6716308346777,351.2164899751746,49.06200,490620000
1403.3946974317762,355.9033383294027,49.28340,492834000
1475.793208857074,411.918288459425,49.51240,495124000
1361.5003590329484,423.73675204323183,49.73140,497314000
1230.8426563997718,389.65998495325266,49.94900,499490000
1237.0112674753577,377.7154267540163,50.16240,501624000
1232.8651449855424,341.308911372151,50.38960,503896000
1240.5335510419304,320.17888778137984,50.60650,506065000
1181.3531122927386,284.10279230576054,50.82780,508278000
1206.4862321199678,331.09878220654423,51.05400,510540000
1240.6210026645203,318.57313331747594,51.27360,512736000
1179.9172937642747,325.88753737100546,51.49170,514917000
1201.4050984003952,339.2223508851662,51.70800,517080000
1201.8095900695128,367.671534470281,51.92770,519277000
1208.5003904935347,354.51087596668657,52.15290,521529000
1263.7427245835022,331.6574618072835,52.36990,523699000
1235.0650107988426,311.5804524802102,52.58820,525882000
1207.9604201841194,335.8841464226593,52.81170,528117000
1235.72241228036,359.738336944679,53.02810,530281000
1208.8471795184007,381.6646785192353,53.24360,532436000
1141.8555518994572,415.9314825085716,53.46150,534615000
1178.4280564715698,437.3365189273263,53.68250,536825000
1169.1079534206647,428.22157231856255,53.90360,539036000
1123.1149684210322,483.7915391661648,54.11960,541196000
1147.3322663080976,463.5787074589676,54.33800,543380000
1127.7690000792948,475.7756620256183,54.56850,545685000
1140.2779669011431,484.2022290581342,54.78990,547899000
1123.2329013023038,489.3923466927546,55.00820,550082000
1143.0152984820493,505.47825400760814,55.22780,552278000
1147.7277771082738,515.7325927840112,55.44000,554400000
1135.7832893488437,526.4147822485774,55.66030,556603000
1070.822025829542,490.3543097822658,55.87870,558787000
1035.0401090808073,535.7351225068755,56.09610,560961000
1030.0847160325297,585.7034883274547,56.31510,563151000
981.5876976495706,622.6347705256085,56.53730,565373000
930.1778567927241,629.2210683036453,56.75150,567515000
780.8179900361554,536.1105703042015,56.97150,569715000
691.8992983304182,497.43891449649766,57.19300,571930000
693.1190571446905,502.2002101006339,57.40620,574062000
738.758917722625,502.40742832233644,57.64110,576411000
822.3363687194644,376.34425918046986,57.86410,578641000
832.7681779406387,339.1676436265688,58.09450,580945000
823.3463054208233,284.8845180330193,58.31510,583151000
756.6237627449215,289.86386701987396,58.53420,585342000
665.2845347000191,294.69327856649795,58.75210,587521000
662.6178861993087,339.1301315066286,58.96880,589688000
706.4806806847108,406.54679030903816,59.18930,591893000
762.4985354416092,389.03643222360375,59.40640,594064000
763.8263532482497,395.38929452672073,59.62280,596228000
827.3975635683253,365.56324259297674,59.85520,598552000
855.5931557819786,353.8017167320908,60.07560,600756000
958.8519973315792,371.25187849057596,60.29480,602948000
893.935429135766,409.47125156381156,60.52140,605214000
871.8807478245199,428.05388870054185,60.75180,607518000
976.4989864162673,366.97166085083455,60.97760,609776000
1020.0185417462444,331.62101900840855,61.20420,612042000
1086.6142989931125,328.7063344381485,61.43410,614341000
1146.5315369868981,295.53136985314336,61.67070,616707000
1080.4460607271828,278.41148197746975,61.89900,618990000
1108.022108245142,223.02355524443004,62.11620,621162000
994.2009791947429,188.85152100695177,62.33340,623334000
858.1978188416821,183.90988917519556,62.55740,625574000
797.4861962842102,116.65670042521758,62.77970,627797000
896.0023980999947,116.5518562555897,62.99710,629971000
921.4411233547869,113.62745946378735,63.21650,632165000
857.5205405049709,133.2528994779243,63.43690,634369000
841.141091163702,106.02762122289437,63.67530,636753000
835.8560935756084,152.6917316751552,63.89470,638947000
896.6139432309254,221.04847181133147,64.11550,641155000
875.7238471138536,190.58678565741496,64.33360,643336000
851.2085701072309,212.5305412351247,64.55200,645520000
745.9635899710345,239.3204234510441,64.77190,647719000
682.8965965728531,253.36616676196877,64.98610,649861000
557.3725981356238,247.8030602926026,65.22250,652225000
520.527884872414,332.2316081981268,65.44150,654415000
598.9315597509006,342.8935633377713,65.66270,656627000
668.6829454364097,323.01873125688815,65.88440,658844000
752.8614084429772,285.1566698240747,66.10220,661022000
871.2789420987224,263.7679301294858,66.31730,663173000
901.5337299535545,264.80191026506986,66.52760,665276000
939.4567655430944,226.43305290111658,66.75550,667555000
1003.1252721510418,251.38860598418827,66.97080,669708000
1081.6250239744886,367.72857219831815,67.18590,671859000
1119.2162056753318,413.09473266488516,67.40970,674097000
1142.9550483859196,394.0461728323867,67.62250,676225000
1124.8331869916028,347.2362802845835,67.85240,678524000
1157.7423106998049,298.44388358012657,68.09500,680950000
1172.919445903221,281.9894601575528,68.31620,683162000
1265.065285618902,237.67432025960417,68.52940,685294000
1350.6310175107951,219.89936586071389,68.74550,687455000
1330.8224048975485,230.3284709657326,68.96930,689693000
1299.9108573736094,198.89737361580498,69.18740,691874000
1433.903181248044,222.58683188497076,69.40640,694064000
1475.980897639651,192.7574475863217,69.62400,696240000
1495.3877288623987,194.5633926612394,69.83670,698367000
1455.9838983586233,197.2218756660006,70.05470,700547000
1411.9722467203565,166.11823493916768,70.28340,702834000
1400.6849609195488,130.9937069362259,70.50060,705006000
1318.4243458852768,105.16710980970713,70.71290,707129000
1077.6147700777128,172.72558479362968,70.92500,709250000
947.8051921508281,259.66991436469164,71.16200,711620000
834.7255753312901,341.5286087080247,71.38570,713857000
723.7990858161622,404.4514283263144,71.60980,716098000
619.1299877933099,457.9200518543968,71.82370,718237000
614.8346623197529,456.84432667474476,72.04200,720420000
595.1769138907474,460.00012495262564,72.25670,722567000
618.8505230559796,524.8840549434516,72.47650,724765000
831.4579379371435,428.5451102605335,72.69430,726943000
916.1891818705571,325.571440903155,72.91090,729109000
1053.0056141538096,319.06515593816226,73.12540,731254000
1188.069332494604,285.7706051922571,73.34260,733426000
1245.913414083551,210.854228489788,73.55670,735567000
1322.92273794666,116.9704334147415,73.77130,737713000
1364.1614417105743,91.01571119406739,73.98840,739884000
1463.7127126129587,97.3515490007305,74.22340,742234000
1510.3940099981419,115.86056785127272,74.45410,744541000
1536.9273420824186,119.48729520038006,74.67880,746788000
1578.1727985863179,146.36568969084715,74.89510,748951000
1440.3030768394492,144.73851546421054,75.11920,751192000
1392.694631461237,173.13015437718494,75.33360,753336000
1339.1390426498826,142.90410169613594,75.54770,755477000
1331.4184804502777,185.2489322090219,75.76120,757612000
1232.8848241082455,194.75097200766072,75.98760,759876000
1214.0743467653356,214.5048349599787,76.20560,762056000
1195.861893010725,206.18623058710594,76.41850,764185000
1091.0633547403645,286.2493761604086,76.62910,766291000
906.9437537298876,260.8134261580255,76.84810,768481000
824.9248496643968,261.9041343823141,77.07070,770707000
836.2410068476654,311.0854500879733,77.28960,772896000
770.6160716558013,298.6758548086629,77.50080,775008000
633.4501154131246,271.6757571516791,77.71540,777154000
584.4456685876365,229.5741663887738,77.93030,779303000
473.1487974427705,270.0024480034785,78.14950,781495000
390.3202451635404,270.66029953994286,78.36450,783645000
337.5176990366345,284.41251373780347,78.58150,785815000
324.6145878050511,280.8196500736778,78.80560,788056000
294.2891666918589,268.32438418291224,79.02330,790233000
370.44723956713597,250.75994575899674,79.24640,792464000
372.5248838150547,260.04209754850444,79.46360,794636000
456.49528564373185,265.7662889541897,79.69600,796960000
541.9218410997105,306.49222715003634,79.91680,799168000
721.145917568392,357.24519919773473,80.13890,801389000
891.5543739745542,384.1777203314388,80.35920,803592000
1010.9073769873211,350.8594790923931,80.58310,805831000
1025.056409796974,354.5603960381036,80.80850,808085000
1080.7816470615603,313.0865577727394,81.03390,810339000
1071.3540035655062,284.32304137140574,81.25360,812536000
1172.9685342006096,232.38332367106335,81.47690,814769000
1124.0302802784533,234.77541190814267,81.69560,816956000
1151.338651097271,299.0782894184492,81.93070,819307000
1098.3621375208477,308.4664340716451,82.15700,821570000
1071.5354284149118,298.97695215368896,82.39090,823909000
987.5730098736129,346.332603197021,82.62120,826212000
882.8364884868174,358.7297973948492,82.85500,828550000
830.6907531794172,335.1293661722819,83.08160,830816000
775.036644922655,333.4617965533367,83.30290,833029000
798.9368688413863,394.4322219101507,83.52060,835206000
864.0884287545572,407.19228184575826,83.74280,837428000
901.9481940748768,373.80083691978143,83.96190,839619000
796.8857921258023,366.592128670735,84.17970,841797000
648.3646382770359,349.9535261859033,84.40000,844000000
745.782511491064,332.57307485731866,84.62100,846210000
820.5352229796057,354.6802353524223,84.84300,848430000
1033.160433431715,321.66517036259694,85.06100,850610000
1169.3525373365085,354.44213010652635,85.27580,852758000
1280.6493961895233,403.6829440705859,85.48680,854868000
1232.6376815603564,471.0087488592136,85.70640,857064000
1061.194386788182,464.1766738541968,85.92320,859232000
936.3014141903388,480.208144376695,86.14210,861421000
800.654003658453,412.970189178081,86.36200,863620000
736.117483262971,363.3761447699141,86.58530,865853000
689.8969580935867,373.869188108629,86.80160,868016000
702.7463211208413,366.69374545275724,87.02620,870262000
785.8798870573863,389.5006616339041,87.24930,872493000
826.3623483110916,346.7780661676001,87.46600,874660000
857.7307557286617,417.75812299219353,87.68280,876828000
843.2883443569659,418.6133721466203,87.90120,879012000
940.0501679140154,465.0704535261575,88.12490,881249000
1036.3347874083126,490.9560965408735,88.34830,883483000
1138.1416566679322,502.57269273152156,88.56670,885667000
1149.542375291295,510.1825083276644,88.78540,887854000
1112.6448149435728,546.6060762608267,88.99870,889987000
1072.2968528719962,536.6866118935047,89.21560,892156000
1033.3487238849336,523.3418094011818,89.43120,894312000
1021.2629164375635,565.101289379125,89.65230,896523000
1050.6937089423611,538.1866364311774,89.87510,898751000
974.6416326132792,498.126718242488,90.09090,900909000
972.3104942269163,489.44794096321317,90.31530,903153000
971.7586824291759,530.2293455688481,90.53670,905367000
988.8883104448316,545.9384139518163,90.75520,907552000
959.4632193797056,552.9694600048564,90.97480,909748000
1002.9006719213039,582.803425719421,91.19090,911909000
1015.8404328963718,626.780763368057,91.41540,914154000
1092.0600848645756,591.5705942649037,91.63530,916353000
1104.6316350332875,574.0585499753747,91.85770,918577000
1070.5048128548808,580.0368852004009,92.07470,920747000
1126.2694831627273,597.7731923287583,92.29090,922909000
1088.0984010666402,601.6517067704278,92.51190,925119000
1078.6503662761384,607.9156529661713,92.72850,927285000
1066.7647753962306,617.5559375751604,92.94640,929464000
1147.0348642685296,627.4425749360885,93.17050,931705000
1218.757518184808,627.2686159495835,93.38990,933899000
1255.44771847274,619.5319876103752,93.60720,936072000
1245.6685526776448,613.8634502798449,93.83390,938339000
1380.1374729943273,546.8463898247601,94.04950,940495000
1507.9912656508204,501.38512789907736,94.26650,942665000
1471.7595979285645,466.2627899644681,94.48470,944847000
1402.0708372042598,481.65280458068526,94.70990,947099000
1316.140943606454,494.54142013504406,94.92390,949239000
1253.8126705975037,469.1606372670713,95.14300,951430000
1242.150694646004,478.6124563029617,95.37100,953710000
1179.167671969284,444.941800697493,95.58600,955860000
1144.6418584556816,500.16001177267697,95.80620,958062000
1149.9246291667666,497.6355670591746,96.02980,960298000
1147.5052082219963,516.0820437015717,96.24600,962460000
1191.5400186593788,522.7960072680033,96.46910,964691000
1167.8170493795367,517.6245479947073,96.69020,966902000
1213.784137684127,532.6186626092025,96.90750,969075000
1242.9035483534146,560.1676392182352,97.12810,971281000
1185.3543817505627,550.7802898238601,97.35610,973561000
1110.1890307651156,547.0082389241512,97.57250,975725000
1124.7567816214064,574.980443221369,97.81810,978181000
1204.2425800005255,505.4937929751029,98.04400,980440000
1253.8760430711275,437.8011236088678,98.26530,982653000
1135.5393943790507,425.53380343212103,98.47870,984787000
1133.0002879821714,444.69853931248286,98.69360,986936000
1107.7999194456684,438.46636338941875,98.91450,989145000
1157.1816511854602,422.1244783779042,99.13440,991344000
1117.9254976761706,385.36572453758504,99.35460,993546000
1107.2540210946308,413.56608637336035,99.56770,995677000
1115.4975519477725,440.91167397414233,99.78760,997876000
1106.374723176337,441.694102864045,100.01120,1000112000
1139.5342700706476,466.67977299737646,100.24680,1002468000
1077.0506697929975,503.55307874925165,100.47390,1004739000
1026.2987579936114,511.08242248167204,100.69080,1006908000
1074.2545665129662,525.798297023523,100.92130,1009213000
1049.2575422084544,522.5448891702531,101.13600,1011360000
1030.2624895228107,535.5639842454426,101.35720,1013572000
948.1168377573674,499.5411012215791,101.58490,1015849000
1017.6518965907852,494.22266939344075,101.81660,1018166000
1043.291175995497,513.3910956016124,102.04810,1020481000
1005.998605075704,435.1840826214845,102.26610,1022661000
1039.7523702763872,516.4997765872072,102.48990,1024899000
1073.7681369254917,530.9115724335145,102.72750,1027275000
1096.048704557397,601.2913817238108,102.94310,1029431000
1104.8729782323464,584.0285118936587,103.16760,1031676000
1034.4212356318167,571.7843924790047,103.38970,1033897000
1038.3982680611234,525.3676482775235,103.60730,1036073000
1059.3216721407898,526.4529815080234,103.82970,1038297000
1023.5751636941278,557.0491901205509,104.05160,1040516000
1049.4298957947135,577.3653562446693,104.26610,1042661000
995.8260502550504,439.2308322907519,104.49480,1044948000
976.7480273140708,473.39504836063696,104.71480,1047148000
947.3509880117023,548.9058074982295,104.93420,1049342000
960.9207081712682,596.9587314710275,105.17790,1051779000
970.7737927186229,607.9584635686268,105.39750,1053975000
1017.3227487440155,641.9522067909697,105.61550,1056155000
1016.2283948184943,694.9747766597321,105.83060,1058306000
983.163716703307,681.3449611530752,106.06100,1060610000
1027.400253394386,681.0737403379883,106.29120,1062912000
1006.0212720006755,637.7739395805517,106.50600,1065060000
1003.9513314628742,718.8613778572415,106.72460,1067246000
1002.2269117493893,761.6431725698943,106.94160,1069416000
1012.86534221175,731.3063152219008,107.16300,1071630000
970.9563562998841,678.4053405260869,107.39790,1073979000
936.5307990548228,659.7843710351307,107.61410,1076141000
981.1673974380884,664.08221623673,107.83060,1078306000
958.9743132240195,658.6463827768043,108.05180,1080518000
976.9337393136173,682.2795908208848,108.27110,1082711000
962.8950469587523,598.0221209643352,108.48890,1084889000
979.3744714301059,629.4483526427141,108.72880,1087288000
966.7875903634997,601.2990009776368,108.97620,1089762000
1035.4193995278363,627.7999206181152,109.19740,1091974000
1000.03867976467,645.6813150785933,109.42090,1094209000
1017.944821009142,663.5099396169657,109.64310,1096431000
984.2690140865063,690.3718507830097,109.85980,1098598000
966.6716007270234,698.7107509205305,110.08630,1100863000
923.6033247205413,694.5680789837967,110.31450,1103145000
917.7838550932083,735.7989113770844,110.52820,1105282000
932.2528787824132,735.1781275989247,110.75720,1107572000
951.8618166841001,725.0692489136617,110.97790,1109779000
1042.1796953661449,701.0682359427609,111.19740,1111974000
1056.6038970806967,689.6612708930135,111.41540,1114154000
1084.2568951005665,735.7962662906285,111.64350,1116435000
1183.575724503229,710.9335622537275,111.86570,1118657000
1147.0024550421156,703.4483142181351,112.08790,1120879000
1111.519029298428,680.1234277576087,112.30900,1123090000
1098.2013007096193,688.5094184566102,112.53410,1125341000
1085.261581428292,703.8400746396658,112.74820,1127482000
1050.5260379579033,695.3040980384201,112.98460,1129846000
1061.7111518595655,719.588963146758,113.20000,1132000000
1056.3062027847639,682.4272752669601,113.42200,1134220000
1097.2892736744197,709.3451113853082,113.64340,1136434000
1033.5800094840033,678.6177033580866,113.86960,1138696000
968.1025216786823,664.8642330876174,114.09030,1140903000
958.8226379069514,683.3636089826267,114.32050,1143205000
927.1459740701541,714.0175475474985,114.53850,1145385000
983.9149566724831,764.2936706393984,114.76080,1147608000
881.1455657537122,715.5503462649898,114.98130,1149813000
909.2666429948649,712.7062952032576,115.19910,1151991000
863.1707433446584,701.9894956218552,115.42680,1154268000
849.4859010196542,732.5525061183062,115.65320,1156532000
774.1457449692009,691.6198576922031,115.86540,1158654000
724.5813408087218,721.8136230649238,116.07700,1160770000
758.8955511341609,666.1395066071622,116.30240,1163024000
791.1052236451551,673.271858963248,116.52610,1165261000
864.6767350860398,646.8331484689744,116.75010,1167501000
835.9058967070771,628.2659430178054,116.97070,1169707000
870.2281365634402,634.8202979456975,117.18750,1171875000
835.4143466554748,620.2499805223434,117.40870,1174087000
921.2570593978669,598.1818365640493,117.63280,1176328000
972.3631063388427,614.6227716343478,117.85110,1178511000
1019.9109441971073,615.3531688230845,118.07210,1180721000
997.523246876213,589.4515182672513,118.29130,1182913000
950.4898147299106,583.9777048059102,118.51410,1185141000
943.1764758518856,578.1606711556589,118.73610,1187361000
955.2273778081471,548.186621659258,118.95930,1189593000
993.110790210934,560.7184390949071,119.18210,1191821000
971.1463229602078,542.4987599580433,119.40130,1194013000
956.8936346032092,550.085636442098,119.62170,1196217000
1038.980248463778,537.393258467174,119.83940,1198394000
1082.89132938218,567.3776077740688,120.06590,1200659000
1126.2332862095082,546.5896567762234,120.28550,1202855000
1160.4731352630968,571.2564893010713,120.49990,1204999000
1114.058607795952,559.5074939415008,120.71690,1207169000
1107.497447689048,534.3650093532851,120.93140,1209314000
1133.6535988763694,525.7752199833219,121.15100,1211510000
1005.5375061605898,492.6514432649769,121.37050,1213705000
1017.9467868694584,484.52684679387363,121.59140,1215914000
1005.893320543938,522.9773619126612,121.83220,1218322000
965.8854926926088,553.3529357893684,122.05510,1220551000
983.1013568266172,573.9540674179159,122.27070,1222707000
913.9565524335558,611.8628442215091,122.49460,1224946000
899.944719628049,611.0475060886145,122.72360,1227236000
856.3787916294589,586.444848255828,122.94530,1229453000
812.5114732513825,553.323595925069,123.16270,1231627000
847.1085635478513,565.3436018092369,123.37550,1233755000
874.7365144021268,567.9375725948685,123.59470,1235947000
867.7075788622406,570.6559924875316,123.82570,1238257000
868.9698592373511,562.4453054373319,124.05120,1240512000
875.6841360529461,538.8863254999453,124.27230,1242723000
858.8660368536785,528.0821236060207,124.49320,1244932000
888.292322985739,511.23586042788907,124.71770,1247177000
856.7298840656865,522.3454779337152,124.93880,1249388000
844.6870976515999,525.4884038595177,125.16630,1251663000
869.3813954107995,551.9153387044976,125.38840,1253884000
858.1472524471466,563.7260499046861,125.60870,1256087000
865.3058478764152,572.0354486847422,125.82240,1258224000
869.4121872629438,532.6992957595677,126.04180,1260418000
770.2427211827564,505.90172994576403,126.26250,1262625000
721.8970212036884,509.0758221503272,126.48440,1264844000
702.7154289955927,523.478774326916,126.71850,1267185000
671.4500323773307,529.7297850689652,126.95420,1269542000
695.0567245882298,504.12156711395113,127.16980,1271698000
707.9114836107051,544.2039947949257,127.39020,1273902000
676.3045764480069,557.319926418713,127.60690,1276069000
694.8910038850033,583.1374308193374,127.83210,1278321000
717.7597062980218,594.7040209098959,128.07370,1280737000
750.5207241112369,633.8292003565414,128.29900,1282990000
708.4437541033793,623.8090952285149,128.52700,1285270000
680.1166631493898,592.159258890071,128.75410,1287541000
734.3554932030825,619.9766208335096,128.97460,1289746000
778.0367723872644,616.330872719181,129.19630,1291963000
722.690232873239,578.1906698223113,129.40930,1294093000
786.0602815256174,603.0314997864565,129.62980,1296298000
839.651021812926,615.9271931407683,129.85330,1298533000
876.2286483539178,643.088758973929,130.06600,1300660000
930.8068816799629,645.822857558121,130.28410,1302841000
951.6350455417652,647.0317989407831,130.49990,1304999000
943.6773981806049,640.2223217467846,130.71690,1307169000
966.5198910728054,617.5324162137323,130.93040,1309304000
922.3728096802657,637.5698849811535,131.15340,1311534000
876.4292577092078,629.7355139087557,131.37590,1313759000
866.4090906322381,632.9407883360075,131.61000,1316100000
838.3988642462106,640.2187468576114,131.82850,1318285000
811.5113688543174,592.5634102327765,132.05550,1320555000
740.2406663119929,558.0515523294599,132.27540,1322754000
692.0750986099222,547.6016092767965,132.51080,1325108000
675.8744995797625,511.77885185266473,132.72630,1327263000
615.9116445763266,508.0569543905528,132.94300,1329430000
633.0194724294987,517.9326137834743,133.16000,1331600000
621.2897511119392,517.2144261013841,133.38270,1333827000
618.8438848281749,519.94281165468,133.59740,1335974000
635.9193362919618,536.9802395519531,133.82030,1338203000
616.9609749967028,521.2517448009485,134.04410,1340441000
538.5342382042479,490.8894593532242,134.26390,1342639000
529.2899890892247,498.56247415208713,134.48350,1344835000
476.3255601387955,498.1763013164344,134.69890,1346989000
553.9979636330819,489.619645319149,134.92020,1349202000
555.6111028385894,505.16798339386656,135.13490,1351349000
558.3474446626353,518.7565210854801,135.35290,1353529000
604.5056125497655,506.7646178423,135.57280,1355728000
714.3492459535278,544.2073260717054,135.79450,1357945000
723.2819098795821,536.7206664347194,136.01740,1360174000
684.3811576572427,514.4547763761233,136.22920,1362292000
705.735055175978,539.2337844703744,136.44940,1364494000
735.5398736377238,574.3225678457042,136.66420,1366642000
690.9079902090126,579.2588764736689,136.88810,1368881000
683.4315052544731,583.4007090178876,137.10760,1371076000
672.3991916032587,556.2887511175729,137.34030,1373403000
662.9941678570884,553.4342230219638,137.55670,1375567000
670.3830485289794,580.1473546896289,137.79560,1377956000
678.3444390089063,603.5415198236612,138.01700,1380170000
713.0851340001112,606.9265995361176,138.23370,1382337000
754.2331122057874,584.3507376268858,138.45360,1384536000
812.3035031886832,573.5405410397116,138.67490,1386749000
799.1112735180109,537.6374331545599,138.89820,1388982000
996.2284662063759,503.92254556027746,139.12190,1391219000
1029.5408993301696,426.35821223128056,139.34680,1393468000
1019.4388723064927,420.62091394613293,139.56620,1395662000
945.0915066183935,418.9928455191412,139.80350,1398035000
936.8566700627409,427.9499121881977,140.04840,1400484000
921.4652996041706,430.1931096424538,140.26590,1402659000
1021.0655239811557,452.4932775118051,140.48420,1404842000
1021.81359769387,429.05775259017736,140.71160,1407116000
966.0399902736806,404.41854407292846,140.93480,1409348000
974.0794300807718,415.1928055127392,141.15460,1411546000
903.6270961377295,405.58666756555897,141.38760,1413876000
953.0566697303433,415.2062453038426,141.61070,1416107000
954.963990996779,488.58705497609145,141.85640,1418564000
1006.387222816785,538.9349777389966,142.08230,1420823000
958.3442439977522,540.6374770582763,142.30240,1423024000
1013.9065878364789,508.8923235624493,142.53970,1425397000
993.3896945055034,474.30365903111993,142.75990,1427599000
968.0138224486117,500.0645385792308,142.97820,1429782000
962.8430661235715,517.0802479346492,143.19740,1431974000
942.131047804973,536.6812679526879,143.41220,1434122000
926.6298017066194,536.2613783495466,143.63300,1436330000
882.9294284041118,569.3552597147976,143.85970,1438597000
808.1373088207569,575.585801138506,144.10900,1441090000
873.5033479684733,566.3784128469399,144.32890,1443289000
851.5457279133441,586.5169179902546,144.55080,1445508000
871.9401012304659,551.3101084338082,144.77880,1447788000
916.5405735385591,559.1265536381652,144.99600,1449960000
995.8641133586625,557.1510981121027,145.21550,1452155000
1078.2125203161645,530.5295307332613,145.43240,1454324000
1056.0916122684037,523.3478385554032,145.65400,1456540000
1080.366873593595,511.1956987712123,145.87100,1458710000
1089.9063555791888,506.15867732946083,146.09210,1460921000
1095.7002564050608,482.7249381250669,146.32170,1463217000
1079.3535981441935,491.5615914580206,146.54360,1465436000
1087.2992999482926,523.441711748161,146.77190,1467719000
1089.9971153777003,533.5466405700815,146.99110,1469911000
1063.4136529172413,560.3761267395448,147.21110,1472111000
1022.0106671566333,538.4495498738969,147.42900,1474290000
992.953253499901,570.974365433502,147.65890,1476589000
1007.6068007163752,576.9741160397507,147.88180,1478818000
980.5524651277318,566.7082843231158,148.10000,1481000000
964.7857952506176,545.5004006060456,148.32290,1483229000
951.9412450811429,564.2141774734902,148.54340,1485434000
985.6935010802298,566.512362085266,148.75870,1487587000
971.187899093286,565.0083936963479,148.97380,1489738000
974.8670397743304,548.7654404335485,149.19340,1491934000
1020.1145928223553,541.7886792114224,149.41950,1494195000
1056.3276136977042,595.6065294724249,149.64600,1496460000
1001.5952727959088,555.9526558470881,149.86600,1498660000
956.425426585316,544.5190982333035,150.08190,1500819000
1015.2072211704509,586.6506387970736,150.29980,1502998000
974.6649377990897,561.1778934346981,150.53190,1505319000
738.1205684389932,500.2606470428708,150.75540,1507554000
524.1338763475122,455.26469354611214,150.97340,1509734000
383.5120928463013,392.1210031423534,151.19060,1511906000
257.4403357415562,331.69388895579846,151.41800,1514180000
110.19693116141158,375.16369530637434,151.65680,1516568000
127.16344266966051,382.2385661767367,151.87530,1518753000
53.155499845881764,343.0366003595957,152.10000,1521000000
74.7686017932307,325.0716501057775,152.32030,1523203000
17.174920493825084,323.5041868354326,152.54070,1525407000
6.792596653223754,363.6311787094496,152.75630,1527563000
15.53416158788015,374.54963389770614,152.99490,1529949000
15.855787013333824,379.5975167628987,153.20890,1532089000
65.28487775316654,424.37516580630296,153.43700,1534370000
122.99188827571925,442.5763693881699,153.67430,1536743000
147.79322567991744,416.7073629949085,153.90500,1539050000
213.37868227775135,465.16389453146576,154.13820,1541382000
239.7306895352241,499.35827579777146,154.36100,1543610000
290.6656179618099,532.1535536756242,154.58790,1545879000
303.7650414928792,526.1643689321294,154.81080,1548108000
303.8646261186075,566.6910576945725,155.03050,1550305000
401.029055506424,606.8207255686526,155.25130,1552513000
473.8985659393015,655.0356114387355,155.47710,1554771000
563.934428791066,663.1390065452584,155.70660,1557066000
572.4836356246428,590.8687649879894,155.92830,1559283000
532.769809041704,536.9219187026025,156.15250,1561525000
531.3577257286014,500.14690306163885,156.38060,1563806000
448.62815369592226,449.96133634828016,156.60170,1566017000
449.79978705315386,466.18020855307645,156.82340,1568234000
395.27418672501767,420.75568631581245,157.05770,1570577000
438.4632920047098,505.8971284757507,157.28140,1572814000
373.8692023264226,489.86192364393906,157.49930,1574993000
345.09033249065794,465.95893388817535,157.72710,1577271000
280.1092989744588,431.4613997526789,157.94980,1579498000
404.04129073096635,417.64297731092176,158.17910,1581791000
514.3865572749816,463.51266679065503,158.41150,1584115000
587.470073413877,506.2756782430554,158.62900,1586290000
610.3058005864184,507.75799724397416,158.84500,1588450000
666.9829689912525,528.3568235475103,159.06680,1590668000
699.6328547284905,541.9709357308077,159.29720,1592972000
718.6759566925653,572.4055424439098,159.54250,1595425000
738.427268392935,581.9532018430496,159.76830,1597683000
807.1463894202409,597.7043741594146,159.99120,1599912000
931.2659784232943,606.981005887522,160.21390,1602139000
1029.815774723459,600.9901478655064,160.44080,1604408000
1048.5737071538963,590.9614465608204,160.66360,1606636000
1033.4532162216303,574.653599434346,160.88310,1608831000
956.1308576015717,560.9159607052652,161.10790,1611079000
812.9003316624552,550.7861117384745,161.32470,1613247000
787.5848443313065,547.6628805239123,161.55300,1615530000
813.7475038550916,498.8466938885263,161.76660,1617666000
744.5516244057072,417.49770043135004,162.02880,1620288000
778.5254881681943,390.4260348916707,162.26230,1622623000
806.6055442523123,352.35624415868654,162.49800,1624980000
826.5488499470794,303.75123121373286,162.72550,1627255000
804.9963855443474,339.6553741896437,162.95600,1629560000
659.3732560997166,303.0881409255092,163.18050,1631805000
602.3790041000351,345.7005129096408,163.40070,1634007000
567.1729935360873,324.2913304056871,163.62100,1636210000
625.6649970113821,358.09951888487865,163.84380,1638438000
627.0510417443393,388.24722198540576,164.06450,1640645000
600.3996057054069,377.33247740653445,164.28450,1642845000
593.8583357147305,439.7852841302421,164.50390,1645039000
600.4549600269842,491.5043091751299,164.72010,1647201000
658.904155569122,518.8780458533936,164.93950,1649395000
694.607799021789,538.9486233045724,165.15050,1651505000
696.9806265588923,559.6608239844119,165.37030,1653703000
719.8776934689056,559.6582816909028,165.58870,1655887000
733.0501535483085,560.305550069868,165.80610,1658061000
744.454082474234,578.2920023230372,166.03200,1660320000
746.6688426505082,571.7391865023469,166.25320,1662532000
726.1024652181106,576.4303478524786,166.47550,1664755000
664.8209929244334,573.2228115682991,166.69610,1666961000
722.2578234724436,608.1546598496147,166.91720,1669172000
691.4356615342725,629.1377565061358,167.14000,1671400000
767.1934596544216,706.3745640632928,167.36040,1673604000
848.2842195629,784.1650051204317,167.58260,1675826000
894.6448324341236,761.8859671705072,167.79260,1677926000
948.7515367137174,715.3790072119059,168.01850,1680185000
882.0713814483273,644.994552918891,168.23520,1682352000
752.5201423134781,561.5108582458083,168.45910,1684591000
714.5710342140175,500.4885987877679,168.67960,1686796000
699.6118865716736,425.68743143510517,168.89330,1688933000
700.5277699116245,397.0487491409696,169.11500,1691150000
790.3674511571456,434.49072821076675,169.33950,1693395000
782.3108077737197,472.36447781692067,169.55430,1695543000
738.8054348701223,467.6156652643605,169.78590,1697859000
784.4696102642461,415.2135405815558,170.01150,1700115000
763.8165812756254,409.1096010597841,170.23890,1702389000
768.1279532689508,432.36507639279307,170.46660,1704666000
765.5396513253352,418.91101579503237,170.68520,1706852000
807.7838196531218,369.69138463296525,170.90610,1709061000
857.3062723072028,385.42042111720974,171.12450,1711245000
902.3546777056846,336.11910836476204,171.34260,1713426000
964.0693059090186,372.3440859097729,171.56020,1715602000
898.0750873981499,345.30611428370054,171.77870,1717787000
886.6163345154899,410.949996051981,171.99400,1719940000
870.7021487046843,439.2256251196998,172.21160,1722116000
929.370817355797,499.60283603263474,172.43210,1724321000
902.1269496197322,519.0087206636003,172.65670,1726567000
814.5331246026559,529.0758221935189,172.87740,1728774000
670.5465548625544,553.6047985431832,173.09650,1730965000
515.8046219952894,582.9037921331427,173.31760,1733176000
422.00894395619673,688.30571402395,173.53670,1735367000
426.6507881988851,690.9166303474689,173.75980,1737598000
418.38948087670167,655.4303123870981,173.98420,1739842000
445.7894276579128,681.2069142189421,174.21890,1742189000
514.386074293487,735.5058936847603,174.44390,1744439000
514.7879163906798,715.4929539159538,174.67220,1746722000
637.7148434356321,608.6685928841,174.88990,1748899000
729.748244020725,538.7146907965401,175.12030,1751203000
693.2461199905125,562.6606780148973,175.34820,1753482000
699.1658273899677,568.1287337096051,175.56850,1755685000
738.7123775007044,592.3523878099561,175.79630,1757963000
775.8016851232021,662.4148783802034,176.02240,1760224000
724.2123005720993,682.4900414179237,176.24270,1762427000
729.8295360424523,653.3843621066094,176.46030,1764603000
715.1233373510555,641.9800328749213,176.68350,1766835000
610.9452768096467,619.6194965737943,176.90620,1769062000
550.1742211870475,642.4107497621002,177.13320,1771332000
438.3661809288684,640.6762348265714,177.36260,1773626000
557.2388059219019,599.634319663842,177.58270,1775827000
681.9233650754163,549.3332612577975,177.80180,1778018000
741.4437686129879,510.99731945488395,178.03160,1780316000
794.8430722438871,515.8011375621296,178.25830,1782583000
942.1809462126696,489.9457453451807,178.47760,1784776000
943.9430790137653,462.0251391943969,178.70780,1787078000
960.6589239485464,445.4012898882729,178.92610,1789261000
952.5522604679628,434.1593431249802,179.16650,1791665000
916.3384206725874,424.0923566551182,179.39000,1793900000
964.4945826246691,443.20155756796606,179.61660,1796166000
987.0263607437527,479.16530440753576,179.84250,1798425000
1002.1688394666226,476.0129069085453,180.06550,1800655000
1036.9289677535328,501.38843466193106,180.29710,1802971000
939.2964439927979,514.6408078238063,180.52620,1805262000
881.2111571342608,540.9269520436264,180.75110,1807511000
783.4089305323929,520.774414272807,180.97530,1809753000
878.7780037210711,492.9475369189469,181.19700,1811970000
906.7328915085805,523.1746851943673,181.42450,1814245000
930.6713920288645,558.2507177504019,181.64480,1816448000
912.4838770003297,606.063965800028,181.86250,1818625000
930.3667160982532,609.7209936154117,182.08710,1820871000
1013.0856239492471,597.4110719732629,182.30920,1823092000
977.1332396796809,578.2436551386767,182.52250,1825225000
912.0037363935407,565.7028839398625,182.74380,1827438000
905.1427823082166,582.2967480679231,182.96270,1829627000
921.0578327521939,596.9855738807098,183.17840,1831784000
985.4586028560661,572.3778110471342,183.39340,1833934000
1015.1129574793279,609.4534762356105,183.61180,1836118000
989.0091222115611,596.8800336845703,183.83360,1838336000
1042.6262692590572,594.0989256637552,184.05300,1840530000
1036.420133382397,564.8940159269646,184.27520,1842752000
1068.3377093385714,509.93319550277835,184.50730,1845073000
1003.9705950103435,540.140219995634,184.72070,1847207000
913.667834595534,575.8526000370271,184.93970,1849397000
888.7521457292912,574.2087913589667,185.16030,1851603000
896.9056753591337,608.4471276143125,185.38160,1853816000
946.7389905727389,602.8446648879378,185.59790,1855979000
912.021396555257,591.6091586803221,185.82860,1858286000
974.5299272018301,593.8474189748051,186.05020,1860502000
1017.1315658313295,598.3849056241966,186.27920,1862792000
1037.7179044593074,580.2736939279047,186.49940,1864994000
1105.1530903426794,603.3286047200048,186.72580,1867258000
1147.5849149984922,635.0312566744,186.94760,1869476000
1165.7209674458495,614.2730522939987,187.16470,1871647000
1128.7988689019364,591.0948939971979,187.38560,1873856000
1099.6009214144724,571.8316305580572,187.60660,1876066000
1104.9339433851183,538.8053235029575,187.83930,1878393000
1109.7225300124505,536.0050435649921,188.06540,1880654000
1082.4090191241662,510.9765889294771,188.28900,1882890000
1045.3764840315062,497.0611695590827,188.51420,1885142000
1056.4024425703305,484.5173082488543,188.74520,1887452000
1034.0781751493266,476.08474423479595,188.96360,1889636000
996.7519870170412,455.73832436743584,189.18570,1891857000
1007.2127596220001,438.8325614392264,189.40390,1894039000
1005.1865507107103,435.48713333154507,189.64300,1896430000
1075.165995507176,427.00146914228753,189.85580,1898558000
1055.7796965298166,443.8239371419387,190.07460,1900746000
1145.486102089176,442.5913988209899,190.29830,1902983000
1255.3260951187287,407.4825228701438,190.52300,1905230000
1325.565274557858,365.4689215347584,190.75010,1907501000
1359.2258547073773,349.7497514545045,190.99600,1909960000
1443.8048111057442,328.1297504028113,191.21010,1912101000
1413.8782811197523,341.5482769118245,191.43320,1914332000
1343.8819017455544,301.3700865229586,191.65660,1916566000
1307.5314618986113,334.4773301167178,191.87510,1918751000
1305.1683775151987,322.00995058619395,192.08930,1920893000
1230.5150552179168,303.2088280173484,192.30710,1923071000
1166.5657804247974,355.51378115832466,192.53390,1925339000
1187.161758551804,426.5509667582389,192.77090,1927709000
1168.072442982766,454.34338182190936,192.98820,1929882000
1143.96800458962,468.23250018773496,193.21700,1932170000
1126.499625043098,432.57193104165935,193.43510,1934351000
1104.6929019299491,496.88549526017954,193.66210,1936621000
1095.244615559253,564.8216586858592,193.89870,1938987000
1011.644695361422,603.6948743791787,194.11240,1941124000
973.8003179185398,638.9402401037032,194.33250,1943325000
968.4414995017694,617.4315734075406,194.56520,1945652000
1009.7688613902124,612.6734665898128,194.79300,1947930000
983.3791907890668,581.3528228738255,195.02300,1950230000
1004.0690757741198,585.4381276510057,195.24940,1952494000
987.5272003290548,567.2848466837266,195.47140,1954714000
982.4322717259411,578.9829733710458,195.71220,1957122000
1015.1839780282095,583.2574681273373,195.93390,1959339000
1021.6435532347097,593.9138109119573,196.15570,1961557000
1018.6376454936803,616.8136099085269,196.38980,1963898000
1019.9780952269251,605.007713873008,196.61430,1966143000
1053.2955420010398,623.083968485095,196.83970,1968397000
1028.6744399816532,663.7635772790993,197.05520,1970552000
969.9126913799842,720.5630803342123,197.28110,1972811000
983.1101293383363,747.8386399136382,197.50180,1975018000
1055.320970267587,760.7799039269732,197.72630,1977263000
1121.3044485246337,784.6906559770139,197.95350,1979535000
1116.023354174584,704.9851301042121,198.17180,1981718000
1081.5979837438017,605.6909311343575,198.39990,1983999000
1076.3940866227313,519.9595443939351,198.62670,1986267000
1091.0563211389544,497.50989003395574,198.84710,1988471000
1089.537317254531,552.6287441849123,199.06720,1990672000
1057.3209139031935,564.8111427531519,199.28740,1992874000
1005.4022510249104,579.4898160367491,199.50710,1995071000
983.4132334431628,666.8331276628426,199.72980,1997298000
1026.45668612477,739.4149321548177,199.95040,1999504000
1044.6508322203063,734.3054588093638,200.17550,2001755000
1051.5365900951087,733.8061774612174,200.38920,2003892000
1103.1540575945855,683.4644556968722,200.61430,2006143000
1202.8931458559823,633.6894784999978,200.84220,2008422000
1235.1181123494725,632.0606687716299,201.06310,2010631000
1254.2163872575754,536.6895729227107,201.29380,2012938000
1249.6935713063626,466.53559794796894,201.53390,2015339000
1261.556465534107,390.31288010058796,201.76500,2017650000
1239.9247174907525,363.47068650697923,201.97920,2019792000
1225.800064404449,335.7512090496221,202.21160,2022116000
1226.8422250662913,274.98241787509505,202.43380,2024338000
1238.6029032516524,264.5578065589412,202.66160,2026616000
1193.9008216348425,262.34997616760666,202.88430,2028843000
1239.0508586687981,246.8010032165051,203.10310,2031031000
1228.2504037776716,237.72393116037875,203.33110,2033311000
1228.0086387570507,250.6936723497774,203.55860,2035586000
1313.7239387542752,254.1162900223615,203.78280,2037828000
1299.056223641514,237.29320859580304,204.00310,2040031000
1311.5128478943657,269.11724964594964,204.22630,2042263000
1320.0622718588768,315.636438653606,204.45660,2044566000
1366.360425398358,332.7649676345262,204.67940,2046794000
1490.3364450805082,334.719715616096,204.93720,2049372000
1487.1154416303127,359.8721705618606,205.15950,2051595000
1461.8856213141162,345.08699957243886,205.38460,2053846000
1460.4298521591045,345.7011910575285,205.62550,2056255000
1421.7062597457982,357.6667328526755,205.84780,2058478000
1369.4504710174326,332.9963568065871,206.07580,2060758000
1405.029005749299,355.8044925797679,206.30280,2063028000
1434.8929525664175,366.85179934111824,206.53130,2065313000
1493.2995375718713,366.7251129925502,206.74950,2067495000
1437.86849539736,395.1788826862031,206.96810,2069681000
1479.2797783677693,415.5503422294881,207.19190,2071919000
1494.294285503482,408.47928946045755,207.41120,2074112000
1555.3489677047976,404.81923672214884,207.63220,2076322000
1556.7939088473593,427.10792874293895,207.86300,2078630000
1547.0281098434527,401.4911545777428,208.08960,2080896000
1502.114318697912,394.5375633251826,208.32280,2083228000
1590.8161331993522,383.8631579001639,208.54840,2085484000
1511.4029958719136,364.6948143585027,208.76600,2087660000
1521.6222693040515,368.08435061072896,208.99010,2089901000
1528.2613388687469,388.6103903093597,209.21660,2092166000
1565.2176641676049,420.7111471448389,209.43670,2094367000
1533.1423648926814,418.8181914166176,209.65650,2096565000
1613.776758728132,425.9780987497859,209.87820,2098782000
1690.4104086058896,456.4063829323691,210.09790,2100979000
1754.731371108514,416.800107301771,210.31980,2103198000
1796.5393418983638,461.4411243208658,210.53830,2105383000
1720.6381895447398,460.48066459955,210.76330,2107633000
1666.9631624334802,475.7739205317085,210.98630,2109863000
1703.3617510534768,460.54340737923303,211.19790,2111979000
1767.7713274370972,461.0963789899962,211.42720,2114272000
1793.4310671107542,514.4570345141146,211.65230,2116523000
1751.2006512402374,535.3035026903086,211.87080,2118708000
1704.7833005452114,606.4527967835975,212.09080,2120908000
1713.9495261509192,600.5938185332406,212.31780,2123178000
1726.0399897759523,644.7531060448384,212.53810,2125381000
1764.5627557263329,640.554597844352,212.77250,2127725000
1638.5203444487381,651.0681422110962,212.99690,2129969000
1538.9826471677734,652.5383925613593,213.21810,2132181000
1444.3743686157407,626.8121649302193,213.44070,2134407000
1249.451539224411,574.2964220337487,213.66190,2136619000
1151.553565966239,542.6079059643662,213.89910,2138991000
1131.5086654806942,520.4916359731263,214.11980,2141198000
1109.4617987258214,508.3408725975934,214.35350,2143535000
1103.530537685391,496.0418187631786,214.57990,2145799000
1095.7648673269875,483.1613188258821,214.81540,2148154000
1036.9636618929037,490.5232063791,215.03830,2150383000
1033.3293980657565,491.3364248735426,215.26490,2152649000
972.7416569569475,511.15588563841357,215.48900,2154890000
876.9467473702391,596.4622702790801,215.71040,2157104000
708.7006901314561,662.4079217721945,215.92640,2159264000
670.0771332148323,663.566915424407,216.15010,2161501000
767.4796935411623,665.2577961542239,216.38030,2163803000
862.5191748781288,641.5376602288219,216.60730,2166073000
909.9168601174713,559.3048329530484,216.83130,2168313000
939.6818943738117,530.5742768945581,217.05680,2170568000
951.7767688408929,506.4629857800986,217.28170,2172817000
953.4412059888765,485.10759269911813,217.52560,2175256000
1065.0771665355173,542.5181555564222,217.75860,2177586000
1105.7990831697286,526.2511837444765,217.98570,2179857000
1129.1042355117847,500.6070065036278,218.22120,2182212000
1201.8470297818571,515.9142397101783,218.46460,2184646000
1317.0913629979818,583.9324683906084,218.68540,2186854000
1409.7462866083265,553.4714859131882,218.92940,2189294000
1510.001221749828,532.5607522738788,219.15000,2191500000
1601.9854383244003,494.49048763925316,219.37670,2193767000
1648.3921218119235,496.9097122464286,219.59800,2195980000
1673.0021174274116,481.488219418882,219.82680,2198268000
1709.1926390883884,477.1666450304941,220.04780,2200478000
1536.7625591297221,449.72394881580215,220.27110,2202711000
1416.0524549185889,491.56065222620674,220.49010,2204901000
1356.715374024302,482.9727746371816,220.71730,2207173000
1272.8552576294364,510.7298707839932,220.94920,2209492000
1146.59291730714,555.8808425556825,221.17100,2211710000
974.5166635461248,533.8971386726728,221.39140,2213914000
859.2112024759991,511.9468637676467,221.62080,2216208000
758.3123874028131,466.97914917283316,221.85220,2218522000
807.7664315290599,462.81215070779905,222.07630,2220763000
824.3795207680741,503.50686860937896,222.29710,2222971000
992.915400808701,541.4587339146159,222.52710,2225271000
989.9892231485121,586.7468585475249,222.75620,2227562000
915.7192146084491,601.257919071632,222.97980,2229798000
884.8309565711564,617.4727908683069,223.19870,2231987000
853.4370677026044,581.441635130296,223.42290,2234229000
772.3380958366002,589.9214941628496,223.65180,2236518000
724.534195282354,590.2206923020807,223.86930,2238693000
646.8695713329586,541.3793093954207,224.08850,2240885000
733.3227396492588,544.0369445067361,224.30780,2243078000
799.8484094384289,466.5433788055537,224.53900,2245390000
848.066821731053,415.04137231135394,224.76730,2247673000
980.7833187149816,461.7634002541427,224.98770,2249877000
1013.2061670627382,451.03118236003155,225.21690,2252169000
988.4927048986187,492.15267447104316,225.44480,2254448000
978.6060682854013,518.2274831932097,225.67620,2256762000
999.6541259682423,597.1327500586237,225.90420,2259042000
993.7686809581327,540.4070558266699,226.12880,2261288000
963.5151106993536,487.222382159678,226.35540,2263554000
969.3965338560312,455.5185456810951,226.57430,2265743000
997.2543710655395,489.87956707980345,226.78990,2267899000
1003.7159286075024,420.40928413542656,227.01650,2270165000
1045.2424814106141,421.065844444335,227.24210,2272421000
1038.0811124229263,444.2538624038752,227.46480,2274648000
1027.1689422977831,436.37778351411424,227.68920,2276892000
1043.7651762058363,442.34972744942604,227.91320,2279132000
1064.4651153131163,445.2133344443018,228.14380,2281438000
1080.370516464962,481.8743823530579,228.36210,2283621000
1101.1473804526436,468.1054904670538,228.59070,2285907000
1067.6005265137087,498.73475016168015,228.84150,2288415000
1036.3886489459733,531.270022927117,229.06100,2290610000
1018.9319957562506,580.3556681871783,229.28060,2292806000
1083.6697186433107,597.5033819255888,229.50130,2295013000
1141.8862660956725,539.1913384424918,229.72900,2297290000
1315.6433113209234,476.11210883222293,229.95560,2299556000
1326.3411648674166,496.0762077380185,230.17970,2301797000
1433.6516957292831,513.7053809496645,230.40740,2304074000
1509.1975194236506,523.9392361578418,230.63450,2306345000
1452.0858214394339,513.9449152767488,230.86280,2308628000
1401.3119324511893,450.74228925359637,231.09280,2310928000
1251.7454326203147,418.15753363612896,231.31360,2313136000
1247.0748227762972,426.5503772617341,231.52870,2315287000
1305.652839446444,458.91988104384285,231.76130,2317613000
1260.699488077456,469.43820323775384,231.98420,2319842000
1152.0542760578824,519.561258689937,232.20550,2322055000
970.7431751761721,540.8287924572237,232.42630,2324263000
776.3048157532238,566.7987719217764,232.64790,2326479000
662.4475810388401,606.9881234256895,232.86440,2328644000
645.5594297134688,714.1999358780317,233.09340,2330934000
552.2555933890004,730.285628608902,233.31340,2333134000
488.828022123313,749.8043119084743,233.53460,2335346000
630.5616669960593,700.4962811573719,233.74990,2337499000
675.7128398098671,704.3130349046824,233.96550,2339655000
769.4721707782878,636.5322952102063,234.19270,2341927000
843.4961175981018,624.02139884441,234.41670,2344167000
917.3304567496904,597.0509830891436,234.63520,2346352000
1001.1601794031283,606.6982709290538,234.86150,2348615000
1028.213363193301,614.4106243976673,235.08990,2350899000
1076.7850069152441,574.9515916260966,235.30930,2353093000
1062.7646581079518,541.5415588302354,235.52860,2355286000
1056.4073089010267,569.9309523498845,235.75370,2357537000
1051.810587068824,559.697320382091,235.97120,2359712000
1225.0912829236893,557.0558535616756,236.19410,2361941000
1324.6287936501474,559.9095638449389,236.41350,2364135000
1487.0491766143557,572.8771370487268,236.62810,2366281000
1604.016219804979,557.4001940493971,236.84990,2368499000
1638.0127993329113,530.0174635762554,237.07550,2370755000
1691.1658566270723,520.2317207080326,237.29540,2372954000
1773.0472199798746,514.2909077402473,237.52080,2375208000
1834.050323528955,501.19289986817046,237.74120,2377412000
1840.1202123187823,486.4318601250603,237.95730,2379573000
1784.165476625202,474.01848103730066,238.18270,2381827000
1784.0820257950845,478.8915349311194,238.40050,2384005000
1651.5147379369512,441.71875821355854,238.63630,2386363000
1446.7939712040418,455.4505311516834,238.86450,2388645000
1330.9135376079932,462.44399885841773,239.08830,2390883000
1194.7153526753896,474.00480002154217,239.30780,2393078000
1137.5565422866468,574.7772998204388,239.52570,2395257000
1111.5709079530368,642.4754882258521,239.76730,2397673000
989.9397737956507,634.7579571484299,239.99260,2399926000
949.8618417519331,683.7011540873784,240.21910,2402191000
870.6764645533257,686.2879352884275,240.44310,2404431000
890.0819448859324,773.2406226764817,240.68020,2406802000
860.1922615629271,856.0676838037879,240.89730,2408973000
974.1827532659134,882.6706833175081,241.11600,2411160000
1012.5671100510702,828.8985267950106,241.33970,2413397000
998.6379615414352,780.0015873913568,241.55970,2415597000
995.4989629258927,759.2692114911247,241.77300,2417730000
1007.3181683567541,695.6301605038626,241.99190,2419919000
1011.2791857357844,702.058396956563,242.21270,2422127000
986.7104223556009,589.6905193668914,242.43210,2424321000
914.399304252278,517.4901732321669,242.66720,2426672000
845.7902205520372,495.42694242448346,242.89400,2428940000
849.9771524609728,451.18763689379637,243.12320,2431232000
903.0252945713597,408.4243085343125,243.34150,2433415000
953.3903062213152,393.9129724539834,243.56440,2435644000
971.6860865604356,315.1848855421048,243.79050,2437905000
936.5710820025079,258.5330196603438,244.01540,2440154000
1061.18244579583,230.91699171779376,244.28580,2442858000
1074.0833814892737,255.28658764461343,244.50230,2445023000
1049.5247176200976,289.88635540208884,244.72500,2447250000
1037.6647697883147,322.18831210726216,244.94780,2449478000
1045.1267534200306,369.5331162042857,245.17090,2451709000
849.259877567368,426.44675109164024,245.40070,2454007000
825.7431143110931,548.8724895032984,245.61880,2456188000
821.0336276950553,631.2435512771677,245.84050,2458405000
827.0635752179759,681.7956347746031,246.07010,2460701000
791.3797017031345,688.612949327484,246.29270,2462927000
796.9837030568826,708.2088045447465,246.51340,2465134000
828.3157894617535,649.3849579616832,246.73700,2467370000
866.4296589934723,509.9649272900815,246.96160,2469616000
882.2866420058842,452.7132744387999,247.18520,2471852000
896.4871880936652,481.5548201692499,247.40550,2474055000
836.7447817150867,472.93068596499666,247.63750,2476375000
716.7995151884214,502.90680696090897,247.85810,2478581000
751.9318858686386,551.3064912048455,248.07650,2480765000
799.1076868466649,570.4869902467909,248.29730,2482973000
743.5056427951478,606.6281378863653,248.51690,2485169000
738.7240284156198,598.5848867379756,248.73910,2487391000
714.654822189765,637.0310662807967,248.95590,2489559000
737.3879134279393,642.3084536226784,249.18010,2491801000
720.2876681467491,626.7378741855755,249.40280,2494028000
696.9768980482246,603.786275879441,249.62580,2496258000
786.0536913387213,601.4612209612118,249.85730,2498573000
830.3546404394533,554.1149656814478,250.08690,2500869000
825.2049420646039,504.7085665403345,250.30260,2503026000
885.161950566907,497.8384149334204,250.52080,2505208000
858.0766224464872,503.0115122752291,250.73980,2507398000
1008.4162124023987,551.5764851915808,250.96390,2509639000
955.6607785935056,559.0188404707061,251.19170,2511917000
922.8543281929619,546.2388548860927,251.41270,2514127000
892.7106855094037,488.9229836142723,251.62600,2516260000
844.2264113875643,435.86020752546614,251.84370,2518437000
835.7963193080315,450.70446634059294,252.06140,2520614000
882.7193688458023,463.8147636525568,252.30720,2523072000
872.86787968969,461.31737739745995,252.52910,2525291000
833.2498701616278,471.83323376959294,252.75650,2527565000
868.005545710832,436.26677452904966,252.97730,2529773000
948.6166519057051,429.01917426495083,253.21200,2532120000
958.657741685828,328.073986535623,253.44220,2534422000
1012.5767136026282,281.97676205546406,253.71870,2537187000
1012.5044004135536,284.0650423270711,253.93710,2539371000
1023.4167827867759,318.61166270704535,254.17920,2541792000
1066.758246331014,305.94009962360957,254.40390,2544039000
1024.6874065580487,324.9331175149814,254.63230,2546323000
1065.5234844814538,351.46313646511123,254.85230,2548523000
1123.7013129165528,397.46335921609074,255.07120,2550712000
1284.0419350516424,427.4926121521062,255.30610,2553061000
1220.6100008410451,487.60746381487087,255.52450,2555245000
1212.4582018746278,485.18366349811583,255.75370,2557537000
1197.866282551118,468.50143119261145,255.97160,2559716000
1301.6578797055295,508.5840486805413,256.19210,2561921000
1416.131806951351,522.5741653799789,256.41820,2564182000
1462.033601454957,565.675015766818,256.64280,2566428000
1512.3216298121417,557.3510820676412,256.86890,2568689000
1413.947652081631,563.700827592343,257.11850,2571185000
1449.7499530097637,599.4592298375167,257.34200,2573420000
1397.0860703121307,603.2909332507093,257.56790,2575679000
1399.5916445978107,615.7135951207421,257.79660,2577966000
1275.2030184377115,578.8563397556677,258.02240,2580224000
1243.8611828385394,579.4450946432737,258.23800,2582380000
1169.8511806576723,656.9607413230241,258.46880,2584688000
1005.2406760756871,705.2233794133191,258.68840,2586884000
863.5833653780217,739.1780187844536,258.90750,2589075000
910.0482974422615,767.2359311526241,259.12110,2591211000
896.1462981971621,728.8222286791099,259.33650,2593365000
801.1472263159918,687.4742929657723,259.56270,2595627000
807.370328907945,571.6655979265512,259.78940,2597894000
867.884744491896,538.7633094665886,260.01930,2600193000
918.6900128746786,492.8153147755146,260.23740,2602374000
1012.1676822905254,489.5164248756829,260.47060,2604706000
987.5477082977302,405.9955840762779,260.69840,2606984000
1007.3097517673356,362.08848641329587,260.92200,2609220000
907.979451879406,299.0564910613883,261.14320,2611432000
924.2990015265661,238.10272025616194,261.36710,2613671000
958.207581231178,267.937622288289,261.59010,2615901000
935.3821344192157,318.5933809697909,261.81020,2618102000
890.8293708239318,351.49746945235216,262.02710,2620271000
811.6684827684289,308.55867216753296,262.25590,2622559000
812.1081673271768,366.24541097441085,262.48240,2624824000
773.532969609213,380.75157735823524,262.70700,2627070000
712.9368870088396,404.44511581640114,262.92280,2629228000
777.1311675366603,487.20710428346524,263.14990,2631499000
945.4545778300419,526.0719165649083,263.36760,2633676000
843.7525471414897,572.5974913847676,263.59040,2635904000
831.6190338419402,620.2607706781581,263.80700,2638070000
788.4461897765361,678.6279648864557,264.03430,2640343000
838.1210230465744,738.6090739878907,264.26030,2642603000
862.6831900904795,761.998860125553,264.48320,2644832000
902.0434237824728,801.696909164202,264.70270,2647027000
885.7558803847159,832.6979789093496,264.92850,2649285000
928.0625659319984,861.1809613249573,265.15660,2651566000
1014.8331362476563,749.6577562818302,265.37800,2653780000
1030.142855253455,660.0253873932685,265.60040,2656004000
1010.6280130760783,587.5284998988582,265.82870,2658287000
1067.8796719185918,584.4390746867008,266.04980,2660498000
1051.046561443049,572.9400377356386,266.26850,2662685000
984.1250384472235,554.1028210225084,266.49030,2664903000
995.3997414283795,487.9182169394241,266.71650,2667165000
978.2245394445403,415.3563622878069,266.94190,2669419000
967.8687239447668,379.3582068227087,267.16400,2671640000
892.2199920951451,241.30420180498666,267.38280,2673828000
831.1399166407809,146.95150069014895,267.60710,2676071000
817.4746086309152,320.06150983722705,267.82570,2678257000
779.7743711300536,275.3616943696918,268.04990,2680499000
810.2688409606117,251.57212395320218,268.26770,2682677000
829.4371085933063,170.87052943288802,268.50700,2685070000
831.0300618150958,101.47277752773053,268.73020,2687302000
852.1985746964993,26.690266223147226,268.95350,2689535000
838.5354374409459,12.086324443386037,269.17430,2691743000
918.0571658062194,12.363286431692874,269.39190,2693919000
924.6510525900057,27.683437700716862,269.61540,2696154000
876.4660645120871,150.13405675423004,269.83780,2698378000
923.5988315419581,236.15937980127535,270.05590,2700559000
964.5076414786724,266.20427160709534,270.27470,2702747000
1139.6043989393925,406.28007972933585,270.49120,2704912000
1280.8392434048244,466.2921273258406,270.71830,2707183000
1364.6150198153475,489.8601428580204,270.93600,2709360000
1471.320223456825,547.9368571010656,271.16120,2711612000
1601.9593989332602,600.2365439225298,271.38250,2713825000
1672.5409806401087,630.4783689591495,271.60200,2716020000
1705.086057357824,606.9211941238691,271.82800,2718280000
1555.3974352275845,574.181979319633,272.05920,2720592000
1379.4842960889239,587.3002222529436,272.28550,2722855000
1205.3745425355703,560.1018925828414,272.50640,2725064000
1052.3310035696454,517.3300515563479,272.72930,2727293000
986.4091014368782,524.3913546098381,272.94760,2729476000
870.3194352357706,535.2198788248049,273.16710,2731671000
833.4052754261165,579.5534069617898,273.39480,2733948000
800.8451269221869,631.0559907777637,273.62000,2736200000
736.8309115372891,632.7656307282757,273.84010,2738401000
661.6768090102504,622.0859065978057,274.06310,2740631000
649.7722935329949,599.5666593262977,274.28820,2742882000
657.20092367892,592.8030860958044,274.51220,2745122000
723.2356515112451,558.1242689889303,274.72880,2747288000
830.0111030943319,527.935139483798,274.95450,2749545000
872.7691589605636,524.9876893094245,275.17940,2751794000
930.0709688707917,488.6209599582216,275.40810,2754081000
1013.5870657284927,402.8532868483061,275.63050,2756305000
1023.9740682251568,349.67979281592403,275.86710,2758671000
1093.1896302239045,265.03230737819274,276.09850,2760985000
1145.6035318353688,197.34680649338463,276.32880,2763288000
1163.2722624477121,160.76824024982167,276.56080,2765608000
1211.7031947069304,207.71390424984287,276.78560,2767856000
1134.189063158771,169.34893900533234,277.00410,2770041000
1093.2364455670743,230.522453031907,277.22360,2772236000
1077.3675429407967,293.54354034532196,277.44390,2774439000
1038.4985700347984,268.67982014826384,277.67010,2776701000
881.2699053067138,274.57511975947824,277.90450,2779045000
831.1699918334882,311.9607345560338,278.13040,2781304000
761.1601170230169,293.98834569230036,278.36010,2783601000
683.2654792020843,268.0317479610796,278.58520,2785852000
664.7790010704119,302.3642803405944,278.82700,2788270000
671.0690562385319,318.22443213169845,279.06020,2790602000
694.6150259401668,353.05083359467585,279.28330,2792833000
712.9619086717034,319.73496657999544,279.51070,2795107000
685.6447572487818,308.04782930256385,279.74830,2797483000
679.5220764924757,302.3609155070747,279.97090,2799709000
681.904224352917,281.32657423396324,280.20390,2802039000
773.4852550978061,306.74993621350484,280.43710,2804371000
815.7234279992067,262.8637360123721,280.66270,2806627000
808.2114076579319,185.99426461945825,280.89090,2808909000
882.5718937961959,148.57632866717125,281.12520,2811252000
960.3165930477079,85.69218589293745,281.34970,2813497000
964.9234545217456,61.17916129797138,281.57280,2815728000
1081.672343363679,23.159605473694207,281.79250,2817925000
1145.1811311350978,48.215652800841724,282.02750,2820275000
1156.8608750423941,41.24313608042653,282.25930,2822593000
1307.2357642279492,65.29530977261466,282.48370,2824837000
1351.1795614838136,41.169737395885946,282.70320,2827032000
1324.7033434702344,133.1983177974699,282.93540,2829354000
1242.4541776192077,189.12632623256044,283.16510,2831651000
1239.2299171548018,260.2132172354255,283.40860,2834086000
1266.25844480832,291.1971669671462,283.63540,2836354000
1360.2547942522715,312.45325611113526,283.85550,2838555000
1414.7086760308125,293.58020832702493,284.08800,2840880000
1399.7359639203694,301.3178287504497,284.31520,2843152000
1343.401027900288,274.2547867953466,284.58470,2845847000
1213.4789702347543,294.6842536997603,284.81520,2848152000
1151.9640739154365,352.780972917026,285.03890,2850389000
1080.3734856527267,440.59174168939813,285.26290,2852629000
1016.5717488371325,511.22949563899647,285.48800,2854880000
894.9039730916478,604.5459859059758,285.71370,2857137000
874.9465946721016,638.42168976902,285.94300,2859430000
862.6480415612382,671.0210212379843,286.17820,2861782000
840.2245547725653,642.4968358897779,286.40200,2864020000
867.868096895914,556.4115484295451,286.63380,2866338000
789.9639716840553,464.7005388214204,286.86040,2868604000
762.6241076830294,534.5364980860066,287.08340,2870834000
752.2096319268844,537.2209924135783,287.30630,2873063000
776.5053094653678,540.4713445459719,287.52920,2875292000
825.4928660824494,559.9916525681167,287.75460,2877546000
890.3854166034323,620.1015116736326,287.97340,2879734000
894.0738268855454,640.424646342091,288.19290,2881929000
957.5302004917405,659.5516183144457,288.41350,2884135000
985.382249125244,718.1598969531586,288.62730,2886273000
1016.9923521178948,792.2322375024401,288.84040,2888404000
977.9661460260967,792.1174267625267,289.07130,2890713000
934.073985246223,827.2758000600876,289.31050,2893105000
957.3858937500336,858.1380942584027,289.52530,2895253000
985.0487532325791,848.5583288891913,289.74010,2897401000
1034.3372850485653,830.4577004674424,289.95050,2899505000
937.760578302302,709.1762045946655,290.17340,2901734000
838.7022370492307,572.3219712954196,290.39050,2903905000
773.9473051374771,505.17126765305517,290.61040,2906104000
805.9324156249021,420.4726325426541,290.82740,2908274000
870.6997941792388,399.5727325124902,291.05440,2910544000
837.7919422064758,387.48975142626233,291.27570,2912757000
803.1886506138194,424.99280816827854,291.49470,2914947000
664.5147807280651,416.0344946872424,291.71140,2917114000
523.1416773295811,355.13813716794795,291.93300,2919330000
403.8604668678592,310.06601818832945,292.16380,2921638000
414.36021815063015,408.1677782134827,292.39140,2923914000
396.3647615694309,533.0274631677971,292.64500,2926450000
334.91308352263303,496.3180630237527,292.86510,2928651000
374.4599004836582,517.8483051893037,293.08880,2930888000
400.7060526264972,577.1236013663901,293.31100,2933110000
507.626403662637,578.1439530727799,293.54770,2935477000
595.4839988527405,574.807851489406,293.77270,2937727000
717.2593427894229,552.0260699643206,293.99740,2939974000
988.2681573896768,490.9919902835703,294.22300,2942230000
1052.3658046903945,408.98558681353205,294.44170,2944417000
1269.8743661968394,372.82011718346894,294.65470,2946547000
1457.3448730696896,399.6951430230474,294.87520,2948752000
1570.6115870569404,421.0761319248071,295.09100,2950910000
1684.267340497545,428.6235084415947,295.30340,2953034000
1622.4469707890382,377.2483291746955,295.52320,2955232000
1552.6253944673433,371.8458379281576,295.74610,2957461000
1440.0961815463834,336.6858358170212,295.96920,2959692000
1299.0334584375123,347.5662212312152,296.18540,2961854000
1164.8570766399382,354.5438114278914,296.40290,2964029000
1045.2155636163945,405.66496902094894,296.62240,2966224000
1010.4362002106815,430.1471883747189,296.85210,2968521000
879.4332205390673,452.17998994712883,297.06370,2970637000
825.0345354966968,491.0971434972207,297.28290,2972829000
754.9881218680723,502.191948253868,297.49470,2974947000
739.8151586086948,561.0710073159993,297.71100,2977110000
703.0881895378143,559.55678807824,297.92980,2979298000
715.2126716593663,561.1305199500432,298.14580,2981458000
640.4628472256925,560.178408580974,298.36360,2983636000
665.9997584505894,571.976684210762,298.58280,2985828000
639.7762947046081,618.939658744445,298.80370,2988037000
555.8496828449722,647.6312920122525,299.01900,2990190000
547.1000339522087,681.3903138412278,299.23530,2992353000
581.4321445763887,681.568095101751,299.45710,2994571000
621.2552452925067,712.8790883834874,299.68350,2996835000
725.0431553732128,706.0988475467442,299.90110,2999011000
759.3771782280835,688.6946110728273,300.12240,3001224000
836.0541645026278,719.7663162519042,300.34290,3003429000
922.5565748488079,738.9543828125903,300.56040,3005604000
945.0636946947558,731.4699828213201,300.78240,3007824000
976.9294966153568,719.5426628225043,301.00350,3010035000
878.6676807610771,748.1835166487323,301.22460,3012246000
862.6141906382953,749.6743677084937,301.43630,3014363000
938.2196471728121,765.1596924733475,301.66190,3016619000
978.058727035496,731.4574046401108,301.88690,3018869000
980.8106032359183,717.3468325656613,302.10690,3021069000
932.5279567107575,725.8720781212094,302.32120,3023212000
847.954206485865,709.9714816247355,302.53870,3025387000
874.1850463783161,727.8812272837354,302.75540,3027554000
924.7104178845217,740.2901642244148,302.97400,3029740000
911.8400669916757,740.6436129978931,303.19110,3031911000
861.7305815127905,769.0505307104622,303.41010,3034101000
867.9667042270784,814.2961341572596,303.63500,3036350000
977.1825688384621,837.8351922521282,303.85560,3038556000
960.44514682989,666.1338528273002,304.07710,3040771000
987.5853871522684,530.597950143125,304.29840,3042984000
1025.3239910132154,465.07514187053454,304.52740,3045274000
1062.8706783811115,414.0197878081973,304.75270,3047527000
1041.4530466350477,416.13326931789084,304.98210,3049821000
1047.0157481594235,335.9556754187694,305.20670,3052067000
1040.344015772417,261.28588121742206,305.43820,3054382000
993.2997409994438,199.16267410142035,305.67270,3056727000
1083.6809441314244,100.91633773178918,305.89400,3058940000
1138.723557947128,140.01251234118013,306.12290,3061229000
1188.9016466623527,97.79911257592573,306.34630,3063463000
1155.7347596054005,102.64138913073222,306.57130,3065713000
1087.5940264936994,69.5066168742183,306.79690,3067969000
1065.5595111503135,212.16402350429098,307.02350,3070235000
1042.5299783301216,219.21607430363687,307.25160,3072516000
1051.5381673549905,188.61193344931488,307.46960,3074696000
1157.2577437568284,179.14480573480063,307.69930,3076993000
1241.8497484681702,170.5397446901203,307.92420,3079242000
1135.4897696992648,242.23921401639888,308.14680,3081468000
1123.680223686638,351.04897180206245,308.36110,3083611000
1098.1534179650391,451.3026261279959,308.57840,3085784000
1019.1141779554754,532.0257297901901,308.80200,3088020000
1069.370475372748,688.2102704956005,309.01980,3090198000
1031.4105658388382,802.4942296515198,309.23740,3092374000
1032.5422377956993,878.9127306732179,309.45870,3094587000
955.4642055642458,850.4545742677883,309.68410,3096841000
860.6744754962372,856.4539183413451,309.90610,3099061000
789.434551788279,840.4929945116143,310.13160,3101316000
694.2353514429934,829.9468949797212,310.35860,3103586000
661.8177165996491,852.5263018408374,310.57930,3105793000
690.0539550198007,885.2123160910335,310.80230,3108023000
609.9859631147906,855.4112505883787,311.02670,3110267000
683.4537917708011,854.5971305273798,311.25010,3112501000
626.2598290208977,834.399746272148,311.47150,3114715000
736.3913762978187,889.1577104973742,311.69650,3116965000
797.2438838598533,898.5961821247871,311.92140,3119214000
828.0066700719701,938.3918752577094,312.15810,3121581000
857.6954142850835,904.6789059415748,312.37880,3123788000
842.0390145477788,888.1729390764865,312.60320,3126032000
721.2453278146426,826.2221970087973,312.84540,3128454000
724.5732437484664,822.1749789731467,313.06750,3130675000
806.5236900568915,844.7103828069784,313.29450,3132945000
858.9885750708395,862.6423892721823,313.52840,3135284000
840.8613239633252,810.7957122239842,313.74400,3137440000
812.6784261565584,790.422825074067,313.95930,3139593000
791.6249615820332,777.0635175395363,314.17970,3141797000
831.1399015219149,791.1266982588605,314.39800,3143980000
844.5296187233417,797.7196111250108,314.62790,3146279000
873.7452186321713,663.842707704166,314.84630,3148463000
877.0020992900023,533.1125490831921,315.06430,3150643000
924.7965756833877,466.42119450405545,315.28810,3152881000
919.2106499911374,434.53094140143827,315.51600,3155160000
889.303516944978,457.81446878340444,315.74060,3157406000
855.0243178544387,525.4491847357466,315.95830,3159583000
731.8802926723896,527.874521895134,316.18670,3161867000
632.2703912568968,555.3656338949532,316.41550,3164155000
581.9555584213024,575.0496648979527,316.64140,3166414000
533.2884949702982,602.5772616676896,316.86750,3168675000
532.1421026193424,601.5009924422492,317.08220,3170822000
604.3492289386164,642.324988659568,317.30720,3173072000
641.2121783011578,686.0903682717594,317.52740,3175274000
683.9683096309941,730.8947135537891,317.74870,3177487000
664.6302939849504,711.0504610107679,317.97160,3179716000
682.2128114798486,721.8115722054465,318.20080,3182008000
644.0916164751723,751.1063534692119,318.43320,3184332000
704.3148893281901,738.8548386902878,318.65710,3186571000
683.6372154925789,705.9050122535222,318.87950,3188795000
717.3936913479093,733.5421755658703,319.11570,3191157000
801.2494089960377,788.5501626560892,319.34370,3193437000
769.5718871591571,804.3912464448367,319.56660,3195666000
777.5965862444652,814.1355145351638,319.79450,3197945000
759.4820909630744,787.0065007614041,320.01410,3200141000
716.0403128535037,761.5949731814424,320.23280,3202328000
726.3933518834848,759.2777783718002,320.45920,3204592000
779.378345199314,618.8096117140236,320.68820,3206882000
907.1313167796045,548.6469581723929,320.90710,3209071000
863.5609001704743,539.6135583393592,321.12240,3211224000
910.7585757769978,567.6968569565131,321.34670,3213467000
959.8710836997948,552.1697901843552,321.56330,3215633000
964.79705987318,526.6855094091427,321.78400,3217840000
940.0497132546868,534.3344165665239,322.01180,3220118000
1004.7872907643564,523.7157113863524,322.23480,3222348000
993.2698898686943,564.6635630016976,322.45760,3224576000
937.8061767218373,530.5670840551771,322.68900,3226890000
898.6872547809437,523.0999031544598,322.90660,3229066000
921.5407690023867,532.2158760961602,323.12580,3231258000
864.8845111119126,538.6427929673702,323.34430,3233443000
876.5999700190393,559.4852515476422,323.57030,3235703000
897.4540323024272,651.7756362352883,323.78570,3237857000
900.386600113314,721.9287438141599,324.00980,3240098000
969.5936271708225,746.040632757454,324.22660,3242266000
860.3242840762688,733.7177228210192,324.44950,3244495000
962.4999346693811,610.8220620587273,324.67310,3246731000
943.3759820915902,548.4134085116316,324.89430,3248943000
933.6617793538614,510.4791938096364,325.13030,3251303000
943.6831533600778,457.9567511321796,325.35740,3253574000
894.0453448575903,452.3447332861436,325.59100,3255910000
798.8056281277286,410.5299342851813,325.82130,3258213000
805.7312582493615,361.47732236200636,326.05000,3260500000
875.1349635174392,308.4794292132971,326.28520,3262852000
866.3644712416962,246.81077379741316,326.51680,3265168000
869.8131232217627,311.692851459307,326.74300,3267430000
927.7411726756538,396.4711495444829,326.96180,3269618000
974.2975728417018,462.6996071861869,327.18900,3271890000
966.4691198019004,551.1621494175346,327.41500,3274150000
962.7819750627423,679.0523891711033,327.63210,3276321000
1016.3643443470546,759.5026900524722,327.85680,3278568000
1048.9816226807163,854.0486943998789,328.07840,3280784000
1036.3089720742573,824.2375384350705,328.30670,3283067000
942.6985426919897,761.3712266928864,328.53040,3285304000
875.8040061625379,782.7295243669979,328.75360,3287536000
779.5089006384073,828.7102460985446,328.97590,3289759000
705.3642226913016,813.4620370665077,329.19450,3291945000
731.2889810933707,703.6291209669407,329.41280,3294128000
733.964283152717,709.6011775549928,329.63320,3296332000
883.9097535212647,723.2971006430611,329.87420,3298742000
986.6406077800723,674.1029228394605,330.09770,3300977000
1084.310712913227,662.314264153865,330.32390,3303239000
1005.6542912805941,636.356755526105,330.55500,3305550000
1074.431303325562,657.0973712872715,330.78560,3307856000
1120.9677473934905,685.9422851015388,331.01000,3310100000
1128.064996810528,674.8472843445925,331.22640,3312264000
1105.4334774842569,646.2482628464261,331.46760,3314676000
1047.659564830249,629.6628290768915,331.68770,3316877000
1039.8423546760362,630.5582961863382,331.91230,3319123000
944.6312107213727,673.7233399378899,332.13420,3321342000
921.9230064746823,671.2888825651768,332.36140,3323614000
971.4183528001229,659.8837460230069,332.58930,3325893000
976.7459003420546,654.0069759145683,332.80940,3328094000
970.164025865255,668.7426541097308,333.03970,3330397000
960.896805318073,673.8648774075027,333.28460,3332846000
939.2125243632962,643.3178152383637,333.51790,3335179000
1021.454739940779,616.1392326808492,333.74440,3337444000
1077.4452342935094,572.7366680214668,333.98870,3339887000
1095.4830011428733,562.2711069344083,334.21060,3342106000
1098.224118991534,605.284920529249,334.47740,3344774000
1059.3707059019084,618.3483631614207,334.69560,3346956000
1008.3963449403785,612.8691270896526,334.92600,3349260000
1033.3196179440324,586.8919706217515,335.16180,3351618000
1025.0409879666477,615.7978758130986,335.39400,3353940000
1027.842610678586,694.1212476903017,335.61880,3356188000
1031.8442704714187,711.0110714800945,335.86030,3358603000
1022.6778580497595,678.795764857578,336.07540,3360754000
991.2581937467332,584.0712941535535,336.30070,3363007000
979.299875423826,466.27798333297585,336.52760,3365276000
1038.580139419067,370.8793088648214,336.75220,3367522000
993.1169205099803,335.6087956003864,336.96820,3369682000
997.0017444197899,329.5951237783942,337.19390,3371939000
1044.7117140122027,279.07396207752765,337.41600,3374160000
1071.4408415256516,283.64207557489766,337.63090,3376309000
1035.5107659760836,288.7711719567039,337.85420,3378542000
1075.5010971913646,274.60878063778716,338.07840,3380784000
1194.3861631598484,298.17656500353536,338.29040,3382904000
1142.5619618529365,315.9706523720671,338.50980,3385098000
1128.251816843068,411.8360014443795,338.72960,3387296000
1113.094549046207,480.0727400955569,338.94760,3389476000
1085.1119353831223,583.7482712455301,339.16670,3391667000
1073.0639264467666,590.3412613269483,339.39100,3393910000
1089.5152343560328,576.5108642700587,339.62870,3396287000
1096.3729677915987,644.1024497760404,339.85720,3398572000
1059.4334221874628,698.3426854492689,340.06940,3400694000
1014.4766811448807,698.8032163910369,340.28700,3402870000
1029.8400623526434,682.1327779242329,340.51230,3405123000
1037.237485527004,597.4991227536162,340.72990,3407299000
991.104621559031,562.0798910927451,340.95180,3409518000
969.639024166367,560.5799883999234,341.18060,3411806000
869.3482045941579,565.2869116105718,341.41850,3414185000
834.406145444065,543.0691971182265,341.64810,3416481000
782.6987728884666,526.9029731149744,341.86310,3418631000
704.0735890032811,481.9552914341131,342.08580,3420858000
677.0532672245988,490.21585082752773,342.30870,3423087000
666.1831918287489,478.6737332917568,342.53190,3425319000
692.9350639955475,533.7096132571857,342.74570,3427457000
688.6845952115272,434.69773406712176,342.96500,3429650000
709.6843049741352,476.3653434275524,343.18550,3431855000
740.8299489249777,524.1454293019285,343.40230,3434023000
715.7732796537001,568.055957915535,343.62480,3436248000
733.5139890232117,566.4129303135647,343.84340,3438434000
815.1537551256007,679.4951962742487,344.06080,3440608000
951.1646210923013,769.3549358776975,344.29170,3442917000
991.1044256739735,827.9924876351921,344.51460,3445146000
977.297994638371,867.8554979097438,344.74050,3447405000
1002.9048714659318,888.9711239222278,344.95550,3449555000
1014.580153538668,879.4445922975594,345.17570,3451757000
989.4940007795964,849.6422297686667,345.39560,3453956000
917.643988334262,726.1475568183787,345.61800,3456180000
869.6389357332209,654.5914554171277,345.84940,3458494000
962.9690346942837,605.2657906111185,346.07700,3460770000
947.4801931164045,471.5825799764627,346.30370,3463037000
996.9306268452202,349.25312059479427,346.52370,3465237000
1087.3383270978015,414.14763775723105,346.75100,3467510000
1120.469428012536,350.4538998697743,346.96830,3469683000
1108.0304002484256,278.3839465595231,347.18480,3471848000
1121.079037352648,306.52088856478633,347.40600,3474060000
1108.7961270041026,358.9374955561025,347.62960,3476296000
1208.3068890662512,305.96480326248434,347.84560,3478456000
1145.3087745866794,267.20105859187663,348.06090,3480609000
1003.1749316484672,238.2188784202233,348.28770,3482877000
936.0992594430124,273.29100135872426,348.51020,3485102000
875.5227344271372,299.26358682772457,348.72770,3487277000
877.4412654152723,377.440645867505,348.95380,3489538000
741.3448315011124,419.69971663235805,349.17730,3491773000
739.5090636825718,432.80118782499204,349.40250,3494025000
652.2215468643853,487.974086276227,349.61690,3496169000
636.9310959876674,528.0625123326624,349.83630,3498363000
637.6989449274646,532.5686829376472,350.05080,3500508000
689.1058263783864,571.8573103479289,350.27440,3502744000
681.8890514097217,616.1109445927525,350.49350,3504935000
616.89112797902,634.6431365399399,350.71830,3507183000
634.7483021197977,679.0725165338814,350.94170,3509417000
676.2134950868896,698.2437265382505,351.15440,3511544000
702.2218376002922,720.4540651821493,351.39950,3513995000
709.6344214728276,725.2224377043598,351.61890,3516189000
696.1971189362259,748.1981853777856,351.83410,3518341000
730.2793140919649,728.6299133959869,352.04650,3520465000
754.4364560225172,700.8841466884885,352.26330,3522633000
743.605183485682,671.6039857901582,352.47940,3524794000
747.93448828656,676.8283364544438,352.72420,3527242000
729.8302596381488,693.7149024851549,352.94830,3529483000
718.0190155558756,666.306757285874,353.16910,3531691000
736.2568926412474,649.9640656035488,353.39240,3533924000
827.0858413403007,665.5728061240188,353.61960,3536196000
798.1670479699758,647.9098386812096,353.84610,3538461000
846.2658702558518,677.8293315543015,354.06600,3540660000
863.9972299577954,676.0105808053287,354.28890,3542889000
823.5686163399599,688.2854221643775,354.50500,3545050000
821.3182627386924,641.4292977666162,354.72640,3547264000
779.9575590029118,676.8306697336419,354.94540,3549454000
714.3949556413436,644.5582191616492,355.17500,3551750000
660.4521730265877,626.851011589885,355.38730,3553873000
740.4751579958577,643.3046383295228,355.60820,3556082000
694.8304968378784,630.1540993486609,355.82350,3558235000
729.1429330651767,671.817683449998,356.04550,3560455000
704.4211999760256,670.7536574687099,356.26400,3562640000
705.1970457722268,659.8184007166426,356.47940,3564794000
715.4533871708463,672.7547988160749,356.69770,3566977000
791.2297861977703,714.0625500674528,356.91620,3569162000
817.2274566867319,704.6843779452404,357.13520,3571352000
878.3583779668445,693.1743034748488,357.35890,3573589000
864.9011902585327,688.0019447133851,357.59010,3575901000
875.6643217317579,714.9405882214182,357.80530,3578053000
917.513594048516,699.9563822221113,358.02200,3580220000
941.6145042606361,670.8933520575484,358.23970,3582397000
919.529011920025,639.8940445348521,358.45720,3584572000
977.1630230792588,509.11139972242484,358.68350,3586835000
959.3080371198132,449.4569113411207,358.90240,3589024000
936.1944912073965,397.9285091458859,359.11800,3591180000
900.8675764851255,348.1287720718633,359.33440,3593344000
932.731357314197,383.642930336153,359.55820,3595582000
990.5187391555058,272.6239803733778,359.78180,3597818000
1046.5375972786364,303.8349895515933,359.99410,3599941000
1010.4077818220304,361.3480079195628,360.20910,3602091000
944.4387125435439,373.5637481088081,360.41900,3604190000
922.633221675897,375.66611797646175,360.64170,3606417000
989.9383567672946,351.9621735789542,360.85770,3608577000
962.9797730482272,306.1029826511821,361.09000,3610900000
960.4331828073746,239.8300312284928,361.30880,3613088000
1004.3462843932521,179.03947720581542,361.52930,3615293000
1044.9108755223237,152.28274508938927,361.74950,3617495000
1007.842288784531,254.2758926406284,361.97010,3619701000
1067.544658778955,399.7141129478857,362.18640,3621864000
1080.7998433985263,503.4406161651966,362.40600,3624060000
1116.988467093252,610.4435629599014,362.62410,3626241000
1018.258319424797,619.5216137968017,362.84480,3628448000
945.2623809431826,633.0018972679379,363.06390,3630639000
898.4559623473293,512.2903673467983,363.28220,3632822000
891.8888859064094,418.15784798076083,363.50110,3635011000
895.5226960031634,340.82657005419446,363.72520,3637252000
919.9544055293379,300.9805291966538,363.94770,3639477000
913.0637192439945,292.0990561201539,364.16010,3641601000
940.9515157773178,317.50769943797854,364.40240,3644024000
924.0735387249824,354.5879459684803,364.61860,3646186000
987.3768609678517,401.62189286072623,364.83650,3648365000
974.8871649994203,410.7400775891094,365.05600,3650560000
896.3065635407763,419.46449130655594,365.27610,3652761000
841.4262960639878,451.3059646181638,365.49630,3654963000
835.0390294954813,464.5052669357726,365.71300,3657130000
858.0881289459859,431.2985780471625,365.93590,3659359000
914.3736462984061,407.24966319208056,366.15150,3661515000
961.1116528993226,500.32397125403395,366.36310,3663631000
910.4297242802367,595.271463291389,366.58340,3665834000
896.0311683951829,724.7646867501085,366.80210,3668021000
841.7558373139921,801.8894350512606,367.02510,3670251000
788.0968577955234,885.8678650704953,367.24830,3672483000
767.2377712572253,939.7325034698978,367.46510,3674651000
788.0740070051514,890.6814810955617,367.68820,3676882000
763.0187163209406,915.6045171545447,367.90560,3679056000
847.7444678672944,803.8636298970969,368.12430,3681243000
810.8748568414404,700.7382702784342,368.35010,3683501000
793.5524286881863,637.7868570252613,368.56720,3685672000
795.0582671290333,554.6819124120002,368.78640,3687864000
744.9956787873178,529.2409042443339,369.00280,3690028000
828.1474210258247,605.0353768206351,369.22500,3692250000
935.0012734496786,656.7257453063614,369.44610,3694461000
944.4452041272364,643.8339862852584,369.66730,3696673000
947.8313007878484,665.3105713540454,369.89100,3698910000
971.6019904241039,702.0905035682276,370.11880,3701188000
980.4739886458434,646.5328030536806,370.33570,3703357000
899.3193163949237,676.7756632557073,370.55760,3705576000
956.6359380707211,653.0302909349283,370.78090,3707809000
891.4560251398464,618.6941473388922,371.00280,3710028000
858.8511034326999,574.7525023183157,371.21910,3712191000
824.3105794755855,523.2018246170758,371.43770,3714377000
708.0281589506512,439.9067059710308,371.66710,3716671000
723.7352868288605,448.07088012120295,371.88850,3718885000
808.9319833207588,542.4139750517809,372.10780,3721078000
799.8913901169302,578.5402436619144,372.32800,3723280000
864.942533162625,504.04987003358315,372.54200,3725420000
880.7735853123579,363.10107441031107,372.76270,3727627000
855.6692342341854,341.51414577045637,372.98970,3729897000
808.1543730983275,311.3277738615139,373.21390,3732139000
854.6755438429191,312.1641047944943,373.42920,3734292000
875.7141765274467,316.8894144424925,373.65160,3736516000
853.2745521440954,372.8368687273959,373.86830,3738683000
909.5063678803845,362.9557440603502,374.10820,3741082000
988.8524494056884,353.6719069319196,374.33540,3743354000
963.6409018932123,378.4205335235003,374.56110,3745611000
965.6182517106807,423.73393626724135,374.78840,3747884000
953.7855256589539,500.61789266192574,375.01510,3750151000
896.6403130202762,575.24275690088,375.24450,3752445000
891.4050221292191,593.578127027859,375.45790,3754579000
898.1597048469501,593.934364036265,375.68910,3756891000
882.4473476065223,542.7205904643745,375.91360,3759136000
988.8136266145043,488.3582665059326,376.13100,3761310000
956.3219380906089,477.5350597453313,376.35020,3763502000
863.8709327727937,478.0975141010964,376.57530,3765753000
831.1515479690091,508.6627763647794,376.79640,3767964000
819.4747585750869,567.8258255479337,377.02240,3770224000
855.9314944089003,593.6944628869409,377.24660,3772466000
822.8473950894875,654.9576335669213,377.46700,3774670000
815.9340576986078,708.1164113923343,377.70840,3777084000
857.6578456076468,800.6921694898912,377.92320,3779232000
879.7079420736626,854.7783588100139,378.14420,3781442000
877.8982916956592,900.6647386470853,378.36100,3783610000
886.8214913394319,945.8164497233752,378.57890,3785789000
933.2062353109632,986.557424849044,378.80970,3788097000
931.4882540977302,959.8583089484158,379.02670,3790267000
1017.4354738416131,798.6184105875722,379.25580,3792558000
1108.212300511045,598.2174345660849,379.48680,3794868000
1158.324286698738,411.47971652736794,379.70720,3797072000
1251.4428997680095,258.6172867440021,379.96510,3799651000
1269.8140074336304,230.65519848541507,380.20020,3802002000
1270.743615185305,241.72330301909136,380.41890,3804189000
1169.3136290862958,235.82325972387244,380.64240,3806424000
1016.8444977519084,189.6588063818598,380.87570,3808757000
947.0616290821129,219.2137898631392,381.09440,3810944000
828.6609425341995,258.20702853712015,381.31090,3813109000
695.0300697815087,223.35863490751294,381.53210,3815321000
575.4883566325606,192.56543969646214,381.77830,3817783000
589.7125035022589,219.3473088824528,382.01210,3820121000
675.629431455028,274.7687935270619,382.23510,3822351000
722.8070414805462,306.5450438546565,382.46290,3824629000
644.9864712897161,248.94057402073696,382.68710,3826871000
682.8698036010107,189.56506111227696,382.91860,3829186000
722.7675540628794,139.3338274018002,383.13050,3831305000
777.4178456287893,196.65810054415715,383.34530,3833453000
789.9932501366957,192.8683054507712,383.57150,3835715000
767.0448839956651,193.89010224342067,383.79050,3837905000
784.6345890338682,237.37306082500766,384.02700,3840270000
776.6640864946685,235.90881343876674,384.30130,3843013000
761.5697374746989,248.24302174140138,384.52770,3845277000
803.6617240100754,243.28471271454234,384.75070,3847507000
848.0403010881049,264.2472745575759,384.96810,3849681000
919.7890496864959,271.2418898984945,385.18350,3851835000
925.145430268239,239.587785154178,385.40660,3854066000
1024.8314183317377,293.06561718118536,385.62600,3856260000
1010.4883943167109,332.3663712975576,385.84110,3858411000
969.8000661205594,380.9384976892633,386.05710,3860571000
899.3559952019647,408.84325934070716,386.27200,3862720000
844.2232458489269,384.01287415572233,386.49690,3864969000
773.4321861349533,329.88250230577603,386.71930,3867193000
746.2895254328436,316.75925155976614,386.94160,3869416000
703.1445889468182,276.2847447012586,387.16260,3871626000
658.0823405220158,265.4293917376107,387.38220,3873822000
571.2376242700295,273.3716879994692,387.60000,3876000000
501.3430361439921,310.98368297660267,387.81820,3878182000
445.58232986100126,306.30347109251824,388.04490,3880449000
490.6284549048547,295.05615408095963,388.26020,3882602000
466.948710450046,255.56598542726874,388.49090,3884909000
454.2903696718495,222.37034186308247,388.71750,3887175000
538.0595724439409,256.1593282656087,388.93290,3889329000
559.0576358912214,328.23027752318774,389.15060,3891506000
696.2664837726625,380.7899496395136,389.36390,3893639000
842.2364293569392,407.62289368926247,389.58900,3895890000
935.6690355390488,433.28440597066543,389.80860,3898086000
1063.6489453741658,431.5651517597241,390.03240,3900324000
1077.9107742396313,413.7383223478056,390.25460,3902546000
1061.8848888224331,396.1561782583211,390.47820,3904782000
1106.6902603841982,384.5671457806977,390.71680,3907168000
1156.1824364129213,381.15300997743435,390.92850,3909285000
1218.227821708025,368.4908286111447,391.15480,3911548000
1209.4104471575238,279.24204852587593,391.37120,3913712000
1217.4970476031535,308.34680392526093,391.61580,3916158000
1157.3831951952322,284.88792712350596,391.83570,3918357000
1125.6355566411999,259.46873622076265,392.05730,3920573000
1164.331155652894,256.47565183201345,392.27240,3922724000
1105.158281829693,214.18649633923573,392.49900,3924990000
1061.5185046193046,296.6842324113421,392.72110,3927211000
1029.9887140747142,366.1858832246021,392.93660,3929366000
1001.4470792198035,416.438430907504,393.17160,3931716000
989.2737016822153,499.1304253087652,393.38940,3933894000
937.9790791409955,564.2231757103232,393.61190,3936119000
879.1034879252468,566.117038193297,393.85690,3938569000
856.8672900574909,556.0282415133386,394.07510,3940751000
813.093775145105,572.644162794169,394.30310,3943031000
773.7634256103214,544.0249880220697,394.52100,3945210000
780.1732450184534,544.0426609783718,394.73870,3947387000
738.2694318787139,511.14077943508414,394.97010,3949701000
776.149583604539,430.0686164018325,395.19120,3951912000
733.2490710560629,392.028390972928,395.40900,3954090000
734.7126428558404,411.3889126413867,395.62910,3956291000
757.8516606765526,393.94041437464216,395.85650,3958565000
757.695726435832,371.3539404196835,396.06900,3960690000
788.8802035862451,340.37388974287984,396.29510,3962951000
784.4951893876096,328.1320867927684,396.51320,3965132000
808.8623279099285,349.1636678886381,396.73380,3967338000
833.612962178254,352.1191665566905,396.95900,3969590000
913.7066470511362,329.431661943505,397.18240,3971824000
944.649501531842,308.30384161742234,397.39970,3973997000
987.2314058337389,352.1063287641539,397.62790,3976279000
989.2016684359327,430.6276339664663,397.84330,3978433000
1009.8903755314481,507.3724882631553,398.06530,3980653000
1042.6407577302753,597.7193846326144,398.28450,3982845000
1031.9598228268349,610.8125303113158,398.49970,3984997000
945.9169310300473,568.8162275595009,398.72340,3987234000
942.6560709944612,516.4012251662909,398.94570,3989457000
872.2612708990071,497.6636002340219,399.16320,3991632000
803.2328539104452,485.43919555514526,399.38230,3993823000
775.8208265411453,482.8457576885513,399.60440,3996044000
760.4367703263885,554.9108181754596,399.81780,3998178000
783.4190294707647,573.7639451596052,400.04080,4000408000
759.3631099455324,621.5415305755572,400.27130,4002713000
692.2422044135669,600.0754163582282,400.49300,4004930000
703.331447500653,655.7655771855335,400.72020,4007202000
711.6458279222927,635.0637179892526,400.93340,4009334000
654.2128599606588,614.63272041931,401.15470,4011547000
639.3823730143461,642.7267547705303,401.37850,4013785000
590.3168788749367,567.8917012433687,401.60120,4016012000
686.365307276192,572.1914232522795,401.83980,4018398000
747.664587563292,575.8495128962014,402.05620,4020562000
800.6859293662924,575.4468431775313,402.27130,4022713000
853.6476332601189,595.3244232138462,402.49260,4024926000
801.3056720088948,557.8462828116872,402.71620,4027162000
881.7408184276568,546.1193613989842,402.93040,4029304000
934.3802735998369,561.6711297229126,403.14720,4031472000
865.053022154273,529.6225888796841,403.37100,4033710000
878.3382987462142,615.8960522554322,403.58630,4035863000
992.212701067153,664.0269477923251,403.81060,4038106000
1069.8281475812064,606.1921433694622,404.03150,4040315000
1200.4482698797715,522.7648979532964,404.25080,4042508000
1231.0375443597666,482.133568983211,404.46690,4044669000
1260.5363452628458,396.37748914415,404.68500,4046850000
1329.9760760569386,336.1169433749209,404.90370,4049037000
1360.6200202661694,313.3886755294466,405.12440,4051244000
1367.2627019454212,273.94977606057665,405.34530,4053453000
1322.6369715392414,213.10334414869976,405.55740,4055574000
1376.4055245173552,246.7691244111012,405.77910,4057791000
1410.0163203227526,307.36604480085697,406.00220,4060022000
1420.2679262135466,340.7417714190267,406.22260,4062226000
1434.1640411648505,378.5789984080208,406.45300,4064530000
1425.0735779059253,404.5206436088767,406.67170,4066717000
1404.7914755690174,416.2190351708977,406.89070,4068907000
1415.8901715654836,375.8719724753658,407.11490,4071149000
1430.5365866105788,366.80884045850684,407.32860,4073286000
1417.3684465981096,383.2926151581836,407.55430,4075543000
1366.6696912220552,369.02293149036905,407.77130,4077713000
1450.9836356273395,392.67902037971527,407.98590,4079859000
1493.2711236832981,402.5013092464444,408.21820,4082182000
1426.965353505365,396.9951326689678,408.43670,4084367000
1482.7345839583627,382.25555090641404,408.65310,4086531000
1523.5658975047297,355.1058613784969,408.87720,4088772000
1556.3353551094176,297.79910860613336,409.10610,4091061000
1613.7055585299597,308.22038221511605,409.34200,4093420000
1579.962868102947,305.6569635409165,409.56050,4095605000
1595.06119299674,312.3432472104035,409.78420,4097842000
1647.9627945970713,296.16034461600134,409.99560,4099956000
1652.4064651401877,277.29923441144877,410.21760,4102176000
1705.5904419284293,270.9931514436547,410.44270,4104427000
1651.3135482102334,284.45227361144515,410.66310,4106631000
1660.574250532703,278.8086319453701,410.88160,4108816000
1633.3086439307965,215.45985306827603,411.09920,4110992000
1611.1628155426974,226.33566119945175,411.33270,4113327000
1636.1691537254817,226.9583085272835,411.55810,4115581000
1596.7809511798307,204.3077154900923,411.78330,4117833000
1535.4970236238612,197.8051796955632,412.00080,4120008000
1496.9226851390763,219.1370425331506,412.24250,4122425000
1487.0396045001723,250.1854111188795,412.47250,4124725000
1427.9511924203075,301.7847636854767,412.69950,4126995000
1422.742883707102,296.6917058086865,412.92340,4129234000
1473.5205245788195,328.380854390563,413.15940,4131594000
1473.7388508470476,335.80994269663853,413.39020,4133902000
1336.1069292417105,316.6841815601116,413.61800,4136180000
1276.9243812855168,333.6525270703207,413.84130,4138413000
1176.9811920544475,371.8420368209718,414.06260,4140626000
1082.4609842005625,366.1034454030315,414.29310,4142931000
1011.7680261055809,429.0164499892748,414.51360,4145136000
1054.348632045099,387.7889885888666,414.74690,4147469000
1094.1163898482569,353.96143822209444,414.96640,4149664000
1204.990163957966,381.8524439575264,415.18170,4151817000
1244.3818838347431,357.1850435481,415.41030,4154103000
1234.551625217615,336.8665930039548,415.64460,4156446000
1234.7203180490262,263.18248956787414,415.86960,4158696000
1139.4050546531719,236.88856625085393,416.09870,4160987000
1079.3763013506455,295.27792697786884,416.32170,4163217000
999.9117812937144,361.2349970997889,416.54550,4165455000
944.7341097425576,357.00725675046687,416.76360,4167636000
860.1430514865312,386.158095666432,416.99210,4169921000
758.0336803025668,419.528610164411,417.22410,4172241000
704.176502052562,429.9063358283452,417.44830,4174483000
899.6449202329402,365.35907372300676,417.67800,4176780000
1102.1748948429051,382.41393109851634,417.90160,4179016000
1113.8977277370484,363.35045235199226,418.14230,4181423000
1186.1484813716615,357.0125707819278,418.36000,4183600000
1263.3843365534203,346.9481407686611,418.57590,4185759000
1324.5667556702012,342.19323272812545,418.79870,4187987000
1313.3931432433628,344.98051332470834,419.02670,4190267000
1245.7433405451739,341.13003185263324,419.24490,4192449000
1138.5054594090607,346.98270286257446,419.46640,4194664000
1196.617594572698,414.50672168966605,419.68940,4196894000
1257.8682861874145,450.5651172710734,419.90330,4199033000
1196.9557767676642,422.595986536303,420.13090,4201309000
1263.939721518459,449.93305640348365,420.35290,4203529000
1333.3531668112648,462.95488814379576,420.56960,4205696000
1388.309335988352,494.3489852898325,420.81340,4208134000
1424.5214008074609,526.3941085864785,421.04050,4210405000
1381.155280808794,559.9492783850874,421.26640,4212664000
1384.3516485115376,615.9399419295896,421.48930,4214893000
1426.5045882535187,567.1790824575855,421.73610,4217361000
1497.8219071549472,520.61351070324,421.95180,4219518000
1466.2728431454746,456.21939122241974,422.17510,4221751000
1403.7148964699882,492.0621763311801,422.40120,4224012000
1430.948770523207,550.1560408721774,422.62590,4226259000
1378.3193522859349,607.8744866505203,422.85100,4228510000
1371.291117380837,628.1782142235172,423.07110,4230711000
1354.3452766295945,667.9373820462962,423.29310,4232931000
1314.4278705311865,685.9580316812355,423.52100,4235210000
1269.3823918537958,671.7668798215083,423.73900,4237390000
1241.007092063136,615.0550558546098,423.96010,4239601000
1301.4796671549736,602.8667268110462,424.19590,4241959000
1312.6080487712652,558.8112985319472,424.42190,4244219000
1395.644550159716,534.7909061385909,424.64580,4246458000
1520.4295538379768,470.9949660975195,424.86310,4248631000
1521.4341344871057,422.9084191070053,425.09220,4250922000
1494.8455293236095,389.64164569555277,425.32100,4253210000
1461.2188191629302,322.1338327481783,425.54150,4255415000
1488.6773271983898,313.13726908060875,425.76360,4257636000
1435.1618963307606,273.23346778463895,425.99330,4259933000
1420.3241951219522,299.09250420502354,426.20700,4262070000
1464.328575013501,314.86124909952105,426.42180,4264218000
1512.8287563492086,344.94594231514884,426.65570,4266557000
1516.7562308166864,383.18475220157796,426.87440,4268744000
1506.4131012150972,391.9978010345742,427.09370,4270937000
1463.143414726217,407.46585373599015,427.32000,4273200000
1506.0974255347967,426.852709355722,427.54640,4275464000
1485.8063570128877,448.26864159866255,427.76630,4277663000
1424.3749538398197,479.23998953593343,427.98160,4279816000
1483.106671147744,544.7557471416336,428.19980,4281998000
1496.4074186417506,519.3712973084507,428.41830,4284183000
1394.5957568312333,538.8069889597152,428.63640,4286364000
1379.531720902562,525.6500702692655,428.85020,4288502000
1381.1188913332942,537.8024200816013,429.07200,4290720000
1395.3476061253598,483.4599134099394,429.30890,4293089000
1439.7186557015816,457.34827448204226,429.52060,4295206000
1437.3260066231348,482.75829304424525,429.74200,4297420000
1444.8342027024412,519.6957518741233,429.95890,4299589000
1428.6284330128328,554.9462475654005,430.17940,4301794000
1394.2429089708007,553.3390914617592,430.39840,4303984000
1328.480129448787,562.5692911871018,430.62450,4306245000
1330.0464341410186,594.8278732364556,430.84830,4308483000
1333.3254444883896,594.8317756814554,431.06780,4310678000
1311.082477110087,582.1999225971163,431.29630,4312963000
1379.680013418319,537.5742677140502,431.52310,4315231000
1280.726958654695,413.2741946661009,431.74730,4317473000
1171.460307004869,350.364911831889,431.96600,4319660000
992.0291245396234,330.2163811591209,432.19060,4321906000
902.9512602636038,269.6808608817787,432.41220,4324122000
894.7953130980409,315.78338760385066,432.63620,4326362000
789.6005457174263,317.8214307147649,432.85070,4328507000
810.1999315555839,288.6939699348547,433.06970,4330697000
761.2165238026755,336.3621443853497,433.29650,4332965000
843.8528924065049,380.9659070844272,433.52270,4335227000
756.5392500656299,368.9878255498017,433.74450,4337445000
770.4196036067037,384.18514286113736,433.95670,4339567000
783.9228550566584,346.00159336424207,434.19610,4341961000
779.5053318235733,309.2643446093319,434.41830,4344183000
730.3493180072367,338.8014539874445,434.63730,4346373000
658.0395219134965,361.08918376760806,434.85410,4348541000
638.5223918086829,328.651113069881,435.07010,4350701000
684.8521427842195,331.16905415252563,435.29710,4352971000
894.2633003858948,345.8929985260359,435.51320,4355132000
1007.8216117610855,336.0582655477756,435.72900,4357290000
1131.053474002812,336.4413747926545,435.95560,4359556000
1207.7325375746373,369.73959399224793,436.17680,4361768000
1204.8045459810094,423.3825408267498,436.39950,4363995000
1269.2435069923147,458.39113825668016,436.62760,4366276000
1354.9387622964489,481.1586367295474,436.84720,4368472000
1378.2324228172376,479.5047984100336,437.06390,4370639000
1412.442214486574,523.4325390041599,437.29100,4372910000
1385.4791428715698,494.12429061064176,437.50660,4375066000
1377.1379640927769,531.5953453462199,437.72970,4377297000
1394.4848912261846,559.3687745442895,437.95400,4379540000
1368.9579298450271,576.352174573269,438.17920,4381792000
1416.040310611008,584.2051687592765,438.40010,4384001000
1404.2806562103121,562.5694918234886,438.63460,4386346000
1344.8942301279712,563.3901311408325,438.86880,4388688000
1386.6761026174656,563.5131468469002,439.11390,4391139000
1350.8722065997504,543.5660323680248,439.33770,4393377000
1342.9900869261098,540.1999995075039,439.55520,4395552000
1324.8312776547432,547.4626795008277,439.77420,4397742000
1304.683717743053,534.5563805556984,439.99300,4399930000
1305.7011390127527,515.4102935091613,440.21190,4402119000
1351.2111222374776,511.118570675561,440.43200,4404320000
1313.2837493842655,539.1544142322224,440.65400,4406540000
1373.2065353642529,527.4379846214447,440.87030,4408703000
1342.453196273327,557.308779822077,441.09050,4410905000
1354.7490680874348,587.9527153789144,441.30620,4413062000
1322.6260421069173,553.5756989252085,441.52940,4415294000
1330.2950290855904,588.0636842653442,441.74700,4417470000
1376.8372985773985,558.0188079409031,441.96580,4419658000
1332.461703916136,569.665202781434,442.18910,4421891000
1262.607347669174,576.547070434759,442.41760,4424176000
1282.142098317671,568.2101860102307,442.63700,4426370000
1300.0461824126085,574.0871062766547,442.85890,4428589000
1286.4617020168068,590.6757182450485,443.08510,4430851000
1272.3859854107093,597.9776727137305,443.30700,4433070000
1330.0442778778468,605.518548640119,443.52890,4435289000
1323.7346392344098,636.2463053225208,443.74470,4437447000
1389.9519610759098,664.3928920940008,443.96550,4439655000
1429.0017612494526,712.4231362599608,444.19700,4441970000
1431.3077969544192,716.837071505796,444.41970,4444197000
1416.3118850965418,712.616081672795,444.63860,4446386000
1449.128907434208,713.5770252052752,444.85800,4448580000
1452.9356045204745,676.8770801124767,445.08190,4450819000
1476.96482455886,630.0815422798654,445.30570,4453057000
1467.565336416435,672.86976712554,445.52090,4455209000
1438.437524521148,642.4322336454443,445.74190,4457419000
1470.3977797254588,707.0374311275305,445.95990,4459599000
1520.4021068429024,747.7883524026116,446.17360,4461736000
1465.926156819115,700.654852528395,446.38900,4463890000
1354.3829177475804,672.7432383805257,446.60840,4466084000
1354.8897608406614,640.9899483524616,446.82960,4468296000
1373.5645088255867,612.7910074140916,447.05020,4470502000
1428.6483704126167,590.4911359784479,447.27530,4472753000
1333.3228060881736,665.1930002049985,447.49810,4474981000
1309.8364385303844,666.8509327826612,447.73140,4477314000
1203.5569306432924,727.1913941321501,447.95500,4479550000
1082.3127823126545,835.3274288665721,448.20190,4482019000
894.6871304659533,748.5970337273329,448.42600,4484260000
849.2928663960953,599.2585524951407,448.65050,4486505000
743.7998505645586,438.3813241716388,448.87780,4488778000
631.9192871848281,406.4653987394427,449.09840,4490984000
659.0456898011619,387.9677518505923,449.32090,4493209000
611.1422122657858,378.4278141704369,449.54680,4495468000
752.9191475989272,354.99643816587206,449.78080,4497808000
609.7646995909691,379.5418995498805,450.01060,4500106000
657.3231085293895,390.5796188696372,450.27120,4502712000
640.9982536206688,392.62825008681415,450.50520,4505052000
613.0354052371835,396.9619092658315,450.73260,4507326000
569.6988357318534,393.7692609626684,450.95570,4509557000
558.036954626943,408.74242310534174,451.18320,4511832000
588.2077310698604,401.3417728447591,451.40790,4514079000
711.195161441703,348.8569545187652,451.62870,4516287000
746.4274051893829,329.7865280144737,451.84950,4518495000
833.1637589731687,260.8646557368238,452.07230,4520723000
881.9914389726034,295.4479298519541,452.29360,4522936000
934.677571920081,329.6985852097859,452.52090,4525209000
871.5833875693359,361.132552585898,452.74600,4527460000
727.9005696923111,249.07472324335566,452.96950,4529695000
676.6490841250186,273.24485269179246,453.21000,4532100000
654.3015892537463,333.1829224986858,453.43330,4534333000
753.2842194730483,363.93107859384713,453.66220,4536622000
785.6553628394548,426.50206391840607,453.89200,4538920000
786.6607683039742,491.255572386469,454.11320,4541132000
833.7502805608912,591.6867359097995,454.33190,4543319000
861.7255120409322,700.8953169738451,454.55640,4545564000
886.0846123051766,789.7846952232768,454.77870,4547787000
984.5570516077825,819.2810080957101,455.00360,4550036000
907.1569741709654,852.7618184099658,455.22250,4552225000
908.6416633391432,895.2320491199038,455.44020,4554402000
925.8369205475212,904.7592314548326,455.66240,4556624000
965.463864725466,937.3745713880319,455.88410,4558841000
957.827517477961,977.3965965897146,456.10430,4561043000
955.07710119653,997.6644612364739,456.33200,4563320000
958.4455034873268,961.0741255922753,456.56170,4565617000
988.4677076099249,922.5302500782036,456.77980,4567798000
988.9129312512181,919.151312526149,457.00050,4570005000
993.1717106414711,832.3680660225082,457.21740,4572174000
895.1323253325379,766.6085447440335,457.43740,4574374000
798.1754506795027,712.8132773180353,457.67830,4576783000
812.836290492041,698.7885998294352,457.89760,4578976000
788.0694864025771,626.6276326973818,458.12240,4581224000
766.3564202390633,554.4397404873782,458.35090,4583509000
693.7477849044861,504.3508246652017,458.57670,4585767000
779.2281413740392,497.6475566882381,458.81290,4588129000
866.287790783077,467.6565161412533,459.03540,4590354000
956.7326932164892,416.8575274141019,459.25440,4592544000
1013.097503193562,352.79960207105404,459.47470,4594747000
986.7105434466882,301.622993411847,459.70390,4597039000
1041.4002347625487,211.39214327018817,459.92940,4599294000
1118.756522681558,176.11632642271604,460.15240,4601524000
1199.2933737003257,213.52448062054643,460.37980,4603798000
1281.8639340685622,253.61530962672737,460.60700,4606070000
1330.2474713172344,276.7759565912909,460.82110,4608211000
1327.8804924436447,264.9323463923207,461.03620,4610362000
1336.4908491191964,254.4937245317819,461.26700,4612670000
1311.0104500932318,245.18901891078133,461.49610,4614961000
1373.7815934070452,229.44482264115118,461.74690,4617469000
1363.9144710894968,202.38573537039989,461.97010,4619701000
1349.759496521231,189.30225532038295,462.18910,4621891000
1381.3243431085757,198.53073309080713,462.41860,4624186000
1315.0006035724007,207.31198778505782,462.65940,4626594000
1438.4869829128393,199.06909985257482,462.88410,4628841000
1318.596270904529,212.64997248133835,463.10390,4631039000
1242.6800404287367,310.99378313223406,463.35310,4633531000
1201.8863952128959,326.86096850047056,463.59600,4635960000
1096.493987203094,351.999897057318,463.81920,4638192000
1003.9912530853012,354.0458785319171,464.06750,4640675000
889.7108776005897,387.7872763391067,464.32530,4643253000
808.0059800965438,342.4033958745329,464.55070,4645507000
722.5773501370445,342.1881841942255,464.78470,4647847000
719.8582990962564,303.65946592880397,465.04310,4650431000
666.5387456606913,269.30643299201364,465.27700,4652770000
659.0282656165436,284.5178642215009,465.49810,4654981000
681.611268040441,310.7476683868615,465.72200,4657220000
636.3926490863821,313.5207890726802,465.96420,4659642000
614.8510689012645,344.79727291535966,466.20410,4662041000
826.6703799847717,426.4493835373353,466.42990,4664299000
940.3475590339608,439.1852210429654,466.68370,4666837000
1064.8510370547867,426.60361043290845,466.91280,4669128000
1160.5749478848115,406.189296690878,467.13470,4671347000
1180.3407915577188,415.2071913832768,467.37720,4673772000
1170.1209011484418,385.6748418246371,467.60970,4676097000
1226.9669029055517,345.3283298668884,467.84420,4678442000
1245.1175366632995,345.36008957197373,468.06740,4680674000
1191.5042877687465,363.42017017803585,468.29160,4682916000
1213.041513583015,412.1715922374145,468.51370,4685137000
1223.7849697242305,403.1524930847,468.74180,4687418000
1223.2473964366595,404.12654295806175,468.97080,4689708000
1212.7694593337178,382.98274106047586,469.18710,4691871000
1153.3497647569309,436.27260317415914,469.40760,4694076000
1086.5435887577107,460.6111660561083,469.62290,4696229000
1012.8407344071211,436.1468194246688,469.84120,4698412000
950.6578407744523,447.3951882709288,470.06770,4700677000
908.002046268459,410.5555345068991,470.28760,4702876000
879.8028202238045,429.3150836846349,470.51700,4705170000
822.0488291168881,409.17421966700283,470.73350,4707335000
806.4397255947187,433.1140993623844,470.96260,4709626000
963.782384079886,468.7382192113136,471.20320,4712032000
1136.4740868529047,507.0704455587987,471.42830,4714283000
1279.5226767107258,545.84239628492,471.64980,4716498000
1350.1907898068575,566.9367506977189,471.86590,4718659000
1434.8000165388673,596.6376692386143,472.08440,4720844000
1523.982296285702,591.961865195644,472.30660,4723066000
1592.5975085917455,569.6288859882145,472.52580,4725258000
1630.0246659940865,557.0285087013021,472.75700,4727570000
1686.8271746619748,563.8105369375552,472.97700,4729770000
1712.0589538689203,584.044805645128,473.21010,4732101000
1662.812138195005,551.0608520361259,473.43060,4734306000
1663.847605979512,511.07765815306243,473.65890,4736589000
1661.1782318903006,435.7486354311792,473.91270,4739127000
1293.9910463242447,307.00900195382485,474.15950,4741595000
1133.1104199417448,261.27047506289074,474.38740,4743874000
1164.4680090152178,223.89233559412548,474.61240,4746124000
1064.3373403899327,188.35454467764137,474.83570,4748357000
936.0679121682462,152.60246315037702,475.05270,4750527000
812.1144160953787,99.67013114570383,475.30740,4753074000
692.906818650572,71.40796489461636,475.52870,4755287000
579.843456329084,81.69522641362661,475.74880,4757488000
731.9339855559722,93.18544253593481,475.96620,4759662000
911.8902762572066,131.08285279991784,476.18750,4761875000
1024.1322862745976,175.29729646414012,476.41170,4764117000
1087.2598089962796,267.5581916229089,476.64250,4766425000
1186.6010614926142,296.0357856915163,476.85960,4768596000
1352.6592516190135,294.033444469597,477.08760,4770876000
1407.798441155007,337.2544625431418,477.30820,4773082000
1403.203410257535,328.8691597313654,477.53240,4775324000
1388.2824486228656,320.0282701447156,477.75060,4777506000
1378.5835161773539,307.27552928765016,477.97450,4779745000
1419.028858129668,308.5579255072844,478.20780,4782078000
1415.6631519974808,296.4837366814269,478.42440,4784244000
1487.6191813543712,325.4701686793378,478.65980,4786598000
1566.3005668136705,370.01651456627155,478.88560,4788856000
1611.6684035630972,365.83086022105806,479.10040,4791004000
1445.4856200397683,459.0716968644038,479.32560,4793256000
1378.3483033823409,510.8251741503961,479.55310,4795531000
1310.1592127446586,559.6582269842575,479.77090,4797709000
1250.2022774773613,598.181185303284,479.99210,4799921000
1167.720518636428,623.9015130561279,480.22180,4802218000
1078.138746527877,621.5835319665068,480.44960,4804496000
1033.5658323951143,637.1409576625625,480.66680,4806668000
965.4543791767816,645.1557376815449,480.90770,4809077000
975.0569020003466,669.4361059763802,481.13140,4811314000
905.4229968519887,692.3725174702015,481.35090,4813509000
850.4939294822501,731.1332947373099,481.56880,4815688000
934.0046776583382,768.1499925593494,481.82050,4818205000
920.5586186990297,756.2920599425214,482.05600,4820560000
866.2582036462802,737.225986873399,482.28420,4822842000
834.1083814887239,761.1018142453976,482.54430,4825443000
853.2604487779412,781.8489469587871,482.76480,4827648000
958.2453644369714,689.8559257478357,482.98600,4829860000
1113.936012135729,673.1160152935496,483.22160,4832216000
1245.4310932866724,622.7321372457701,483.44030,4834403000
1413.1050221373814,644.8019811710931,483.68270,4836827000
1485.6232496787827,639.7667575471074,483.91740,4839174000
1485.275792130005,686.5322018646739,484.14870,4841487000
1448.6559671282098,670.8137929710437,484.38700,4843870000
1381.44483862326,668.8938155474873,484.60920,4846092000
1374.77639619013,696.2943924247614,484.84980,4848498000
1245.7342079797925,738.7092707016888,485.06140,4850614000
1196.8824907096111,662.5577708957021,485.28050,4852805000
1157.9608724573145,541.4994975733666,485.49900,4854990000
1052.5910945110554,508.3048506890197,485.72610,4857261000
1082.5256396287032,462.0238447292643,485.94890,4859489000
1115.149339708715,404.3009462243704,486.17560,4861756000
1215.2766802911458,377.2920347492409,486.40030,4864003000
1247.5734463935466,337.92488410333385,486.63510,4866351000
1282.0760278116436,309.70538917477165,486.85690,4868569000
1262.2412842107403,318.85478094580856,487.07710,4870771000
1242.6333632699236,289.3041542621075,487.30080,4873008000
1205.4510070833526,289.50852980557096,487.52430,4875243000
1188.0812396256313,305.65844367335325,487.74690,4877469000
1152.9133934515028,308.48774373757993,487.96610,4879661000
1173.2729021342648,342.0107688958092,488.19880,4881988000
1179.8444755989403,330.11486136994347,488.42390,4884239000
1167.9113970918634,345.0343034768768,488.65150,4886515000
1159.684559935099,274.2289165453166,488.87850,4888785000
1080.1657588955468,202.67772445054814,489.09520,4890952000
990.359377390628,191.5635924464056,489.31460,4893146000
931.0195093853437,251.12240273400556,489.54140,4895414000
847.2627114026421,400.40032947867314,489.75490,4897549000
940.8935456415837,475.4000944139623,489.98630,4899863000
1024.4412163215786,551.3241016473326,490.21390,4902139000
1103.6973829583783,620.4787381563127,490.43140,4904314000
1145.1015503669992,605.271878079544,490.65480,4906548000
1078.586334453195,595.1955396935335,490.88310,4908831000
1098.0102205106482,579.6456010055189,491.10400,4911040000
1055.4828002133338,563.5185210458311,491.34400,4913440000
1043.7388529499642,524.5329603099622,491.56410,4915641000
1051.1003457157308,520.86672916957,491.79220,4917922000
1107.5670878560854,548.0978532692765,492.01650,4920165000
1097.4862680792853,603.8309548551857,492.23660,4922366000
1110.4482121546923,642.8236176722695,492.45960,4924596000
1059.0012032135621,633.7849536520883,492.68730,4926873000
1015.2013222166987,660.1869603820644,492.90970,4929097000
995.6128048846266,652.2687074617047,493.14670,4931467000
945.7309366041924,669.6677121193941,493.36840,4933684000
1015.0040428535976,648.0096272001371,493.62190,4936219000
924.7611004134062,662.4217612764309,493.85940,4938594000
1021.2155381955351,676.677165640495,494.07920,4940792000
999.8853616288362,665.5620986613089,494.30230,4943023000
972.0408927579656,643.2574417887272,494.54690,4945469000
954.4660915719375,629.3279889152558,494.77070,4947707000
912.2788797876057,590.5516482836387,494.98270,4949827000
861.9151045572639,575.4192457742971,495.20970,4952097000
839.1969463062877,583.1311564968412,495.44010,4954401000
811.813261176935,607.5359074762035,495.67020,4956702000
917.4076845763689,652.4166239749018,495.89720,4958972000
931.5036838998286,686.9828768060921,496.11550,4961155000
934.7752215945189,643.4370641728453,496.33480,4963348000
962.0791395664456,656.2834246323654,496.57050,4965705000
1054.262408186787,651.241729973882,496.79260,4967926000
1021.3479665039384,658.8203116880273,497.01970,4970197000
1026.1367439334585,656.6021186977898,497.25320,4972532000
1024.844996681559,644.1387910273613,497.47790,4974779000
1023.192299198323,631.1735369018646,497.69830,4976983000
1035.2893921064958,672.9970684711874,497.93950,4979395000
996.4236241075137,645.1497531883557,498.15610,4981561000
919.6378046256436,670.928375392855,498.38670,4983867000
781.8249431780819,700.7079100587245,498.62210,4986221000
810.6739496032819,626.9272831376525,498.84910,4988491000
853.7842179947495,567.5318551445583,499.08830,4990883000
999.0941336494557,554.4606119352874,499.30980,4993098000
1027.349338767754,554.9995350673505,499.52650,4995265000
1043.7372585222747,523.4025035795256,499.77900,4997790000
1058.6618702515018,530.9998296865808,500.00750,5000075000
1169.934949695499,510.4981861816941,500.22800,5002280000
1245.8555240359633,483.8034643721226,500.45200,5004520000
1317.57241604445,513.2532156878466,500.67380,5006738000
1438.0592673351705,551.4156396731684,500.89800,5008980000
1496.025334314374,530.2866948748176,501.12230,5011223000
1506.317209708605,518.437004264403,501.34750,5013475000
1549.294207629012,494.6662111256844,501.56310,5015631000
1575.7850193491918,497.5380052418694,501.78370,5017837000
1575.254877575128,446.4263801893993,502.00300,5020030000
1547.9142074059362,476.70301174031175,502.24110,5022411000
1580.9782731311145,461.50278967060024,502.46890,5024689000
1615.4457436872813,480.9786436164145,502.69780,5026978000
1616.2004315203314,468.5729424215947,502.93860,5029386000
1603.109935356695,491.41776909346106,503.17400,5031740000
1546.015588066344,502.76099672408554,503.40910,5034091000
1553.7075740575128,510.1368665980449,503.63670,5036367000
1524.588335104413,487.50034024420745,503.86820,5038682000
1449.25680215353,505.72247660331124,504.08250,5040825000
1450.1611844055144,472.2012856240382,504.30480,5043048000
1430.8116323846275,472.35135073310875,504.53660,5045366000
1430.7074323744214,426.3365047174162,504.78050,5047805000
1385.6483414384704,433.92121656729074,505.01680,5050168000
1390.9358978140606,446.43876317846707,505.23500,5052350000
1386.7749653231788,477.51169339203375,505.45970,5054597000
1439.4275651569476,471.94098058757356,505.68340,5056834000
1440.8042294041566,513.9266134525275,505.90790,5059079000
1426.322922192974,500.1368279306093,506.15110,5061511000
1380.7943678067236,487.16822279716826,506.37330,5063733000
1374.0236345663566,485.9713795808113,506.61180,5066118000
1344.6595573733719,472.5499733129736,506.85350,5068535000
1399.4356298497014,513.6808274616104,507.07160,5070716000
1455.9461142884513,531.5413431928405,507.29360,5072936000
1434.8107886272487,505.3429376675753,507.51580,5075158000
1422.325410533814,490.6771102016171,507.74000,5077400000
1480.7481697787687,493.1798864180363,507.96240,5079624000
1515.693667037445,492.7599251348732,508.18680,5081868000
1535.1983124758817,506.02953618241577,508.42490,5084249000
1618.0907668377615,536.1753367442885,508.65350,5086535000
1591.9666236013397,552.1727425221312,508.88610,5088861000
1591.3541876513684,562.2070977400381,509.11990,5091199000
1556.4918949490211,530.1020004006051,509.35050,5093505000
1609.8027471129174,554.5240735783866,509.58610,5095861000
1537.3687875300745,528.482692614197,509.80690,5098069000
1489.9508018753756,553.9078407064894,510.03360,5100336000
1500.5918436429542,530.7013114342379,510.25500,5102550000
1536.015608586827,581.6785847844118,510.49040,5104904000
1562.9025392513704,510.6195902458927,510.71210,5107121000
1547.5803033238617,517.9078070063516,510.93240,5109324000
1529.4575908929046,530.0566782030988,511.16630,5111663000
1521.8747273306817,519.7104690609381,511.40040,5114004000
1491.9334187151042,524.5440229220908,511.62610,5116261000
1466.1370683099497,530.6760634676864,511.86510,5118651000
1497.9978809511608,513.9840350359898,512.08530,5120853000
1516.1321788867817,519.9119256436979,512.30980,5123098000
1501.49310580668,504.78872247172825,512.53000,5125300000
1513.6036121637028,456.97536016712456,512.76010,5127601000
1484.323464491996,474.0012999421669,513.01000,5130100000
1458.8808731773288,490.89180887123314,513.23600,5132360000
1454.4745003888663,508.5197055106892,513.47110,5134711000
1437.6877831029553,512.7799019702936,513.70750,5137075000
1460.0537612289563,528.6312914317073,513.93810,5139381000
1419.5531224059016,557.1536638215268,514.17670,5141767000
1402.2989181810444,533.9080857000738,514.39680,5143968000
1400.7162339144616,514.6503056774549,514.63410,5146341000
1385.8931764208282,504.5325553365269,514.85890,5148589000
1387.144403221429,496.27304289000296,515.07620,5150762000
1389.330691807124,507.02634895246564,515.31000,5153100000
1437.922791661406,519.9123268432714,515.52890,5155289000
1416.6450989305658,536.209404177099,515.75500,5157550000
1430.8283261156864,518.5298611662114,515.97550,5159755000
1448.8477099373983,556.2486305576628,516.21660,5162166000
1466.9780004836316,580.4348773261889,516.43920,5164392000
1490.1421030177096,595.8852873091595,516.67090,5166709000
1479.3827619128906,608.311220966595,516.89500,5168950000
1446.5534908999166,644.7475152477499,517.13170,5171317000
1510.9667053605963,676.1606936696235,517.35630,5173563000
1580.432163976372,715.6828278917383,517.58820,5175882000
1472.502626933846,699.7758580085805,517.81360,5178136000
1421.6148846640951,659.9196207327276,518.04590,5180459000
1410.1020532189525,621.7772152629078,518.26830,5182683000
1364.0765337473786,602.2425017719181,518.51560,5185156000
1315.2018007809472,587.2410915026572,518.75230,5187523000
1370.0114315061396,602.591498785706,518.97620,5189762000
1430.5761525075422,579.0344274600254,519.19260,5191926000
1391.9143270752024,548.2313608623268,519.41680,5194168000
1419.2757066066563,513.9905348435062,519.63590,5196359000
1485.1302809246224,548.1887492580299,519.86240,5198624000
1412.7903632014907,528.186922396682,520.08250,5200825000
1391.9940757794354,514.4446288427688,520.32590,5203259000
1414.0610940057359,499.19795318707196,520.54660,5205466000
1422.3697845770716,445.6059854706096,520.76400,5207640000
1259.920937024123,329.16677101692545,520.98850,5209885000
1260.2143820820056,262.90331392502384,521.21630,5212163000
1235.4142184052505,249.36149794525863,521.43730,5214373000
1173.9514856265066,193.80773312779738,521.66180,5216618000
1199.1744004786638,151.8749421620916,521.90210,5219021000
1261.8666831156434,155.13714808102557,522.12340,5221234000
1300.0373561583356,164.19174856782686,522.33970,5223397000
1294.7759080199553,185.59444358210732,522.55690,5225569000
1149.2353435164766,281.19555648751515,522.78580,5227858000
1035.5525054785091,398.77601843001213,523.00400,5230040000
983.8551488702925,383.6693064700195,523.22430,5232243000
914.4147797514958,354.0044931436436,523.44670,5234467000
906.8346553027166,340.774893468287,523.68640,5236864000
872.0087019170247,285.1682380566152,523.91680,5239168000
833.8293799539298,296.9810660801001,524.14550,5241455000
866.2906298543423,214.77168607238417,524.36870,5243687000
983.938054694257,239.99448566829346,524.60640,5246064000
996.4095051656034,185.13973720221756,524.82880,5248288000
980.8861813591412,196.3183403870014,525.06020,5250602000
1063.493958751345,217.03250341568366,525.28620,5252862000
1098.6165006874292,222.36041742750984,525.50780,5255078000
1157.069693722966,269.2812610868882,525.75020,5257502000
1173.1417133050604,279.3763508558716,525.97050,5259705000
1126.7637645365016,346.53512324762545,526.19070,5261907000
1052.485555914158,320.745978593618,526.41870,5264187000
1045.3712279843533,305.4308320156563,526.65100,5266510000
1036.0436920065679,322.45418265162016,526.87970,5268797000
1085.61755567899,354.79135356208457,527.09740,5270974000
1039.5704048055247,395.739390024952,527.31990,5273199000
1030.141924589118,414.771982457107,527.53780,5275378000
1036.1907789992604,425.1202547817893,527.75850,5277585000
1001.0482308767515,416.4968915417466,527.97970,5279797000
952.6902081808511,465.3761822394436,528.21020,5282102000
996.7587650015631,524.0091700991514,528.42880,5284288000
965.6601392276133,472.25493502244507,528.65910,5286591000
948.4580618341927,433.78695214988,528.87820,5288782000
954.2358947865899,394.79477721368556,529.09490,5290949000
963.9794667519732,387.61513467611894,529.31970,5293197000
940.9630106776127,321.83962425740026,529.53990,5295399000
990.0392516851355,446.0766499237265,529.76040,5297604000
1061.1785238307236,546.026342936958,529.99480,5299948000
1074.991399434941,519.1085087962431,530.21960,5302196000
1077.8767865226334,477.2733277690412,530.44680,5304468000
1047.6138688960702,370.4557631811999,530.67380,5306738000
1078.3088569982165,357.7534060809953,530.88860,5308886000
1011.8026955295306,324.6318179794952,531.11230,5311123000
964.5554910256612,303.2326118082661,531.33970,5313397000
1029.9516254197913,297.1409512283003,531.57690,5315769000
1029.3179347196585,289.5205275839108,531.80050,5318005000
1050.3229930944526,234.89894557489805,532.02210,5320221000
1202.041077871967,220.30045983146945,532.24470,5322447000
1330.2746050843652,135.73542814613086,532.46110,5324611000
1434.7395273204122,121.42801157819487,532.69800,5326980000
1440.0693288277612,196.74914282661896,532.92590,5329259000
1506.6362614457805,168.2112713637845,533.15290,5331529000
1420.32270285832,184.45108128720608,533.37110,5333711000
1375.368239109334,185.3964970285821,533.59160,5335916000
1329.6304198462271,173.09489377324286,533.81020,5338102000
1317.9542294400794,187.57278614188667,534.03090,5340309000
1281.0626130646735,195.58036206013978,534.25290,5342529000
1273.0436771070222,184.61472041266987,534.47960,5344796000
1217.5051653773282,204.15096592630806,534.69830,5346983000
1196.5277276249426,198.71502873945593,534.92770,5349277000
1179.3865407213877,195.990334097017,535.14800,5351480000
1191.850296325978,229.67713853221008,535.37080,5353708000
1149.4723822173405,246.70601272885548,535.59240,5355924000
1032.299167865375,241.12657797596208,535.81050,5358105000
941.8778502292331,250.12910311841247,536.03430,5360343000
887.9792224919647,272.7670388839102,536.26380,5362638000
898.8688093499856,319.47565433317186,536.48410,5364841000
888.13730424173,315.67841668574283,536.70760,5367076000
930.6415455859857,366.1700145599097,536.92500,5369250000
907.3063437423715,396.36284765120996,537.15180,5371518000
890.8994733878477,423.28581782876785,537.38230,5373823000
873.6511429714852,455.5785354213453,537.63030,5376303000
855.6328939809085,421.10999741339594,537.87790,5378779000
776.9926997942953,374.17660642890917,538.10580,5381058000
755.9453123324791,312.6293358851316,538.33360,5383336000
721.7940245749649,278.4160980649967,538.56840,5385684000
680.5767630610893,265.9355318517984,538.79260,5387926000
648.3961334586173,234.4615600808383,539.00670,5390067000
621.2438089227305,230.33007359309045,539.23030,5392303000
553.9107875676816,199.80873877809015,539.46790,5394679000
461.7909476853174,179.67164558615556,539.70900,5397090000
419.64062576460293,166.57901545578616,539.93680,5399368000
486.3585353159043,189.39954471765887,540.17100,5401710000
552.6770442529853,217.05505524185457,540.39410,5403941000
655.7829083632327,263.8784452992154,540.60810,5406081000
757.4347879282484,332.90919836104604,540.82400,5408240000
812.1785126498551,366.82833422202435,541.06180,5410618000
942.658610357489,368.4866414300123,541.29110,5412911000
987.2133259927477,382.42199696763254,541.51980,5415198000
1061.1020053571167,337.16773448247267,541.75130,5417513000
1120.0794584846326,252.33745145249054,541.97480,5419748000
1182.5802722897588,265.99900714530526,542.20920,5422092000
1030.1041969267687,299.2186633018176,542.43230,5424323000
912.3964660991033,318.85515572473093,542.66710,5426671000
868.245453070915,327.60676802992845,542.90930,5429093000
971.653409170517,398.49955749342416,543.12650,5431265000
976.6632467579768,468.99986569581347,543.35280,5433528000
985.919333363493,507.4192269440949,543.57980,5435798000
1028.1683922435286,485.68863471004124,543.80140,5438014000
1157.0780371928468,511.75911940935646,544.02310,5440231000
1254.1338211435968,550.2085988734805,544.23980,5442398000
1308.0282805188676,551.9368505684158,544.46050,5444605000
1305.7962188490897,562.9559641214894,544.68220,5446822000
1305.103075303872,599.4946275602244,544.90290,5449029000
1288.1642588127372,617.2968773161407,545.12140,5451214000
1273.7438565582872,605.2469618898579,545.34410,5453441000
1242.3782820841466,599.5393019754957,545.56450,5455645000
1250.902683308777,584.3287783991087,545.80130,5458013000
1267.732498583804,551.9753347728692,546.02010,5460201000
1258.6743910633418,533.5180352149558,546.24980,5462498000
1293.97261029892,575.9768718303678,546.47570,5464757000
1304.5026195009673,566.6585113074054,546.70100,5467010000
1310.2661080792852,587.4413128707896,546.92640,5469264000
1270.1285092071598,586.1662991601996,547.15200,5471520000
1294.9807847106927,576.5739405739403,547.38220,5473822000
1314.1765935420763,614.7331141653311,547.60380,5476038000
1282.1339347202975,570.716527028672,547.82150,5478215000
1218.8828432754606,550.9879702090572,548.04850,5480485000
1231.3372467483596,581.5764015647328,548.27900,5482790000
1204.0422172755368,589.057040866676,548.51300,5485130000
1179.782458948187,590.9844137699376,548.73370,5487337000
1082.8483091532198,694.3623776057547,548.96800,5489680000
1084.5871751411776,704.9774974526068,549.19540,5491954000
1054.1533644278616,743.6518541912541,549.42740,5494274000
979.9766053611871,756.8381363144905,549.65200,5496520000
872.9838564028489,794.0534268159302,549.87940,5498794000
814.6282606171476,790.8318628388573,550.10530,5501053000
780.8728094310987,772.5598474624835,550.32180,5503218000
961.4751862209322,701.3513982021991,550.54010,5505401000
1001.1575423001726,676.5778656746938,550.76450,5507645000
1066.4598497804373,637.9949523271097,550.99480,5509948000
1084.676759062524,609.813972612291,551.22670,5512267000
1103.094993761174,573.0043758883867,551.44290,5514429000
1153.980466342678,554.8320137272166,551.66490,5516649000
1201.444185442435,519.683495254143,551.89480,5518948000
1240.3600685390982,495.53251917099385,552.11330,5521133000
1153.7253091621913,477.9117007918474,552.33750,5523375000
1146.1652612079479,511.73132483025796,552.55690,5525569000
1190.433209696273,508.63065589915976,552.78640,5527864000
1237.9266115233063,519.830587030858,553.01020,5530102000
1271.0155256645269,491.2249412388592,553.22490,5532249000
1311.6616649567761,466.10924737048936,553.44050,5534405000
1252.980232499122,471.54726113673996,553.67120,5536712000
1290.0924993469187,519.176115362769,553.89280,5538928000
1371.0131711753768,525.6815004817382,554.11890,5541189000
1361.2577142987348,548.0796688271645,554.35190,5543519000
1230.36979580761,567.6328343143723,554.57370,5545737000
1215.891785791089,545.392678609632,554.80930,5548093000
1175.4505284448944,538.6513661577598,555.03550,5550355000
1084.3341763839073,561.78868942843,555.25880,5552588000
1030.0404133309341,518.3391905992839,555.47850,5554785000
1058.6643047133887,482.0238149567984,555.69490,5556949000
959.1345945546415,407.0328000653165,555.92160,5559216000
920.6224040876599,347.09555704411906,556.14090,5561409000
929.3228757075151,356.56959773032963,556.35690,5563569000
957.8665369985591,327.6034607490811,556.57340,5565734000
938.461068623628,341.8058501077037,556.79590,5567959000
757.2379662160981,324.55358427688606,557.01510,5570151000
672.206988482805,363.98151045592886,557.24580,5572458000
550.2672036968809,396.91808752904984,557.46700,5574670000
573.2862280492484,445.9086654261565,557.69330,5576933000
589.899156332208,579.0511876989626,557.91530,5579153000
532.3940796603978,564.5961349422357,558.13800,5581380000
613.3728536355788,549.4618007495949,558.36550,5583655000
661.9123887226775,549.0824754237484,558.58850,5585885000
667.989356854397,553.7173587852967,558.81250,5588125000
842.4862902424443,532.5009668224984,559.03590,5590359000
1005.6950139726828,514.0357975273732,559.25830,5592583000
1111.4467970656858,483.79583616050684,559.47320,5594732000
1137.1217197387746,434.27692409602787,559.68630,5596863000
1094.9326845727473,437.4928067400246,559.91170,5599117000
1131.5731144653755,387.3982569389201,560.13030,5601303000
1248.2461138208819,383.6329706654825,560.34960,5603496000
1375.5777571795606,422.58467085604497,560.56350,5605635000
1424.459081375139,380.4191119265569,560.78490,5607849000
1287.2425697757137,316.32138283269495,561.00620,5610062000
1217.0793565198878,341.52030292245615,561.22940,5612294000
1159.310591881963,322.3564889549996,561.44760,5614476000
1015.8492225098445,329.9100333225701,561.66560,5616656000
1005.409393685981,342.76171231524944,561.89020,5618902000
975.9856149071496,383.5856493062696,562.12780,5621278000
1087.0387016550146,417.7038944869221,562.35410,5623541000
1317.4312460763606,401.3510770437626,562.60080,5626008000
1341.0921155185656,545.6750066662785,562.82460,5628246000
1400.5128928560828,492.735002905006,563.06740,5630674000
1444.9783090889248,459.1941139271922,563.31560,5633156000
1431.2666192166557,457.05438408683534,563.53110,5635311000
1372.6852071803003,443.64771330344445,563.75630,5637563000
1256.1628279962842,462.9276706751039,563.98140,5639814000
1232.1764591115561,481.2398941091693,564.19670,5641967000
1193.5796568728404,456.55272541905043,564.41610,5644161000
1059.6831013793665,395.59787427414466,564.63680,5646368000
923.051436870502,414.00178831403514,564.86480,5648648000
892.9538054294251,456.95607300281296,565.08670,5650867000
815.9859333404574,482.1237249820984,565.30900,5653090000
713.8231149059137,479.0778608605024,565.53440,5655344000
659.6409493515928,461.8844941229457,565.79840,5657984000
633.0176757778829,479.1528496347109,566.02700,5660270000
618.7847215946853,503.32330373123233,566.24580,5662458000
693.0983132295707,589.8925119900131,566.46650,5664665000
698.8808589225472,613.4818035937444,566.68830,5666883000
687.8138092414446,626.158761282035,566.91410,5669141000
634.8947198744905,658.2742474273155,567.13280,5671328000
676.5390544531347,634.7983349225387,567.35860,5673586000
685.2574624832596,582.1602569641713,567.58500,5675850000
805.3905398029107,630.5865300963701,567.80040,5678004000
1021.915166379933,608.7562875322556,568.04970,5680497000
1140.4308508963989,611.7731983510016,568.27900,5682790000
1169.2235595547777,584.1173372447894,568.50780,5685078000
1244.4679803086192,585.1349432769816,568.72630,5687263000
1308.5484140479966,558.4788553840128,568.94750,5689475000
1346.1905871067331,535.5065385668784,569.18460,5691846000
1319.804833415695,529.2110096299874,569.40420,5694042000
1287.1639990996691,534.0166097979893,569.61840,5696184000
1256.806536305528,515.2766821321007,569.84080,5698408000
1167.5862542623202,570.0275165352921,570.06030,5700603000
1151.8175326678925,603.4722025556753,570.28900,5702890000
1206.6152699664522,585.3069583146914,570.50570,5705057000
1252.6266727079062,620.1065710215963,570.73130,5707313000
1281.611535982217,568.186139218771,570.95490,5709549000
1414.0523114033826,575.2328253796863,571.18350,5711835000
1464.852474590278,546.0044731332647,571.39840,5713984000
1433.29763168112,458.321867394022,571.61580,5716158000
1468.335211826825,456.4980495823895,571.83410,5718341000
1568.2017570664184,447.9373642439709,572.05090,5720509000
1655.7657548686832,461.66124216576753,572.27260,5722726000
1609.1606118967045,416.7551317564317,572.49030,5724903000
1513.627690799732,418.384033349166,572.71830,5727183000
1367.3393301504807,389.50352321625155,572.93760,5729376000
1267.4802762885831,356.91656831869096,573.16330,5731633000
1164.239779454323,326.69250232312976,573.37930,5733793000
1055.6962186727665,395.353702588904,573.59690,5735969000
962.5550660177367,444.90660092398514,573.82440,5738244000
833.4720795506711,475.15344750226893,574.04340,5740434000
738.9922581853526,482.8114406103667,574.26560,5742656000
674.1438389421575,501.15437715087603,574.49120,5744912000
645.1776164214609,523.5883280251195,574.72050,5747205000
659.7109466042043,554.7990559975891,574.94570,5749457000
619.7197531473132,623.0709421584295,575.16110,5751611000
524.9961646261255,683.7626022181073,575.38110,5753811000
495.3096506636525,630.5640388213955,575.60260,5756026000
524.5504052715685,657.8691558440084,575.83290,5758329000
511.82495649928984,661.8052120454905,576.04840,5760484000
513.8640389377682,661.6423959314031,576.27250,5762725000
538.7216174660289,648.276538945302,576.49200,5764920000
557.4695155633835,637.8205975292842,576.73400,5767340000
599.1434629597159,632.1161572383768,576.96650,5769665000
590.5230073704971,615.5997077216307,577.18990,5771899000
673.228212709301,597.9428354594626,577.41280,5774128000
681.0072773019823,552.7103946445133,577.62830,5776283000
631.1608645783892,469.69784424595963,577.85760,5778576000
634.6398228535144,444.29300421436534,578.08520,5780852000
668.7007411918587,510.2143624575278,578.30180,5783018000
854.2949888797023,509.1324699764641,578.53090,5785309000
938.834891959144,456.6965947311139,578.75500,5787550000
1003.496194061226,403.945577751237,578.98180,5789818000
1126.7881724792896,353.27542250347494,579.20080,5792008000
1052.4274368853448,367.3309007135899,579.44010,5794401000
936.4188525568301,322.03960694896864,579.65610,5796561000
890.3260650699186,264.91215598765643,579.87220,5798722000
967.2201146444586,338.98833578649726,580.09690,5800969000
770.1565021387567,299.5762643196391,580.32700,5803270000
717.95448747332,336.0167393123522,580.55550,5805555000
693.2906317070839,340.03455924771345,580.78780,5807878000
839.1968549951027,224.25416075906674,581.03680,5810368000
897.7243080369351,177.3343725139789,581.28690,5812869000
744.5906494877171,214.87981998495198,581.50670,5815067000
678.0706756642229,210.5180443381626,581.73960,5817396000
651.8424929543294,210.2744848391602,581.96660,5819666000
609.7231810753151,245.77282836658785,582.18770,5821877000
671.4258195761831,241.26119151596976,582.44260,5824426000
796.3313859875393,335.92461143278604,582.66990,5826699000
957.5247197334247,358.6266759407107,582.90170,5829017000
976.598904177274,429.6973466580762,583.12700,5831270000
1124.0590938625794,460.7929604527303,583.36390,5833639000
1161.0198510419104,447.7424428785796,583.58650,5835865000
1158.8507587713652,452.7370517919123,583.81000,5838100000
1083.0311101252266,457.1811419368307,584.02840,5840284000
1085.1805647820024,468.426345199523,584.25590,5842559000
1150.575164888612,457.62937955139466,584.48900,5844890000
1202.794062909581,451.6889692977533,584.70720,5847072000
1194.0750704789475,486.92456545381134,584.93420,5849342000
1235.438266909835,494.0870684587295,585.17850,5851785000
1266.3695545704588,520.6192008584193,585.40320,5854032000
1265.8887842066088,464.7568235464836,585.63050,5856305000
1263.232037607596,485.15377223780536,585.85460,5858546000
1346.609656550056,485.69910137000943,586.08790,5860879000
1337.8832056427548,468.5465439125622,586.31140,5863114000
1293.7432156378966,445.3304546360707,586.54310,5865431000
1286.089768205088,401.36400476881437,586.75670,5867567000
1310.0677714387452,378.64817564259124,586.97330,5869733000
1429.593973275477,436.7304186027259,587.20010,5872001000
1408.420898871421,454.8564571517852,587.44020,5874402000
1495.6184267112492,436.54233744596974,587.66430,5876643000
1499.8951707065614,364.6918227078315,587.89940,5878994000
1336.766930477132,343.99829267587654,588.14040,5881404000
1331.4589627761163,333.4483919871036,588.38610,5883861000
1300.469242769123,369.62765892605364,588.61630,5886163000
1159.503180698218,351.26916158380965,588.85210,5888521000
1166.0590522270847,399.57627264571227,589.06930,5890693000
1292.177075664755,380.98090490942957,589.28620,5892862000
1314.4297218065276,444.59857376861686,589.50200,5895020000
1231.4869012165539,429.7784600295594,589.75500,5897550000
1169.7230256345956,395.33166460174635,589.97950,5899795000
1236.0465508779753,386.9892733101095,590.21820,5902182000
1303.523483746743,430.28954593608603,590.44640,5904464000
1303.301081514725,434.11894597146755,590.67070,5906707000
1326.4903902859096,444.9756300922479,590.91170,5909117000
1389.5823480757028,425.438740049241,591.13940,5911394000
1357.521807191568,423.4035889313989,591.38040,5913804000
1383.927563088598,430.9109150031714,591.60850,5916085000
1446.981640771798,426.70124632702937,591.82920,5918292000
1473.1077021169049,432.8374066172994,592.04980,5920498000
1410.177359049013,410.44760330876153,592.27670,5922767000
1410.1444426202734,370.26688624227035,592.50670,5925067000
1318.423405111927,378.9729690318209,592.72130,5927213000
1282.3744096367077,349.2743046485172,592.93920,5929392000
1389.7988195163332,356.01017493593037,593.16870,5931687000
1405.0404018440606,316.13924067242374,593.39380,5933938000
1462.116579246261,331.6536609314677,593.63410,5936341000
1366.6737085243194,336.97297485539605,593.86730,5938673000
1356.919433123225,328.4564497074296,594.08590,5940859000
1251.4871299480612,347.48296046756815,594.30760,5943076000
1144.1564407995381,387.87993066133083,594.52730,5945273000
1107.3478098115722,365.67005347594545,594.75130,5947513000
1076.241510280841,347.88403028904094,594.97120,5949712000
1044.042994303554,324.3611336723759,595.19350,5951935000
1019.2627051976278,321.6543461164677,595.41480,5954148000
1025.646700428036,341.9717841044782,595.63350,5956335000
1072.2635720075336,354.3300680535509,595.87630,5958763000
1035.7129231283395,341.1693699657204,596.11160,5961116000
982.72728113836,390.3595762645583,596.34930,5963493000
987.3307148417539,399.0894485307383,596.57920,5965792000
956.6820712710087,422.5588630319257,596.79700,5967970000
943.7522028272258,427.894455366301,597.02070,5970207000
944.772054431598,436.6363284227859,597.24900,5972490000
981.8571859595393,484.45741540701215,597.47360,5974736000
997.6907664493849,513.4128364374219,597.71420,5977142000
1015.751767581974,517.0307014409749,597.93590,5979359000
1040.2690664061088,500.43662935029766,598.17840,5981784000
1106.792506210524,464.0042436363151,598.40370,5984037000
1312.231290543542,469.3419357543948,598.62190,5986219000
1489.6798897370516,491.86734523193627,598.84240,5988424000
1529.35505202423,486.30215205302284,599.06780,5990678000
1533.8884592312108,498.40931700707756,599.28590,5992859000
1570.4348550363288,486.48012984630617,599.50030,5995003000
1610.5098421004652,497.17363733360696,599.72110,5997211000
1600.9523109124157,421.65750227847377,599.93840,5999384000
1575.7791175334012,410.39422663689356,600.15560,6001556000
1523.373085086179,378.1511434882739,600.37830,6003783000
1415.9186643887733,340.16954588347556,600.60410,6006041000
1365.9043582584625,303.7325344648225,600.82580,6008258000
1307.4063803429767,291.817870733169,601.05480,6010548000
1259.2568285728921,294.81398425453654,601.27920,6012792000
1193.5152846363128,298.3247641463778,601.49500,6014950000
1240.5480548150247,324.42630708839465,601.71730,6017173000
1210.9313120898364,270.2271240342948,601.93340,6019334000
1166.4421367956727,199.72807047008553,602.15790,6021579000
1189.0908375274116,177.95201162050023,602.39630,6023963000
1238.1007816746373,188.35123059747858,602.62050,6026205000
1260.3325750999716,199.92276421552745,602.85490,6028549000
1214.4715855431425,161.68932309492092,603.07720,6030772000
1212.322120006266,205.73679644583132,603.29200,6032920000
1221.3814636509037,227.76965266652712,603.51760,6035176000
1221.2804086503863,202.31766672954805,603.73990,6037399000
1205.522514249729,177.35348334272328,603.96010,6039601000
1240.2341194432,222.27976204391405,604.20110,6042011000
1240.3107821700391,278.7743910069063,604.42160,6044216000
1164.7161174391508,349.1591583513984,604.64480,6046448000
1165.6061985670856,361.8055654180399,604.87420,6048742000
1168.6733659849144,353.098874492859,605.11130,6051113000
1271.0087575086925,370.0257207040703,605.33550,6053355000
1302.5750434450308,403.93505950587695,605.57340,6055734000
1261.3913621714926,413.47333083647214,605.80000,6058000000
1233.6233805915247,427.3334599632665,606.01550,6060155000
1167.6550821885592,442.8905330657178,606.23840,6062384000
1144.3497578700092,458.6075036390418,606.45240,6064524000
1136.434178955442,506.1226407130442,606.67750,6066775000
1127.6858969045152,499.263171649884,606.89650,6068965000
1094.5989617951604,500.59860187777406,607.12180,6071218000
1138.919981405518,448.1139886726253,607.34030,6073403000
1131.1125472436229,408.7549389196095,607.56140,6075614000
1127.9852560179993,408.11090916079525,607.78510,6077851000
1136.4631682165293,412.0564661367673,608.02160,6080216000
1144.0274333283523,379.0388234020038,608.24800,6082480000
1152.148106006832,367.3609132074197,608.48820,6084882000
1160.0324243509883,372.263846651799,608.70690,6087069000
1206.8076353612107,374.86508812720723,608.96390,6089639000
1151.977599697932,390.2256643028526,609.18730,6091873000
1141.6489934413391,384.10737233486435,609.41600,6094160000
1181.2044045953753,368.5622199725863,609.63590,6096359000
1201.8069582012636,370.21398047155344,609.88360,6098836000
1220.7594107120794,355.30858974524125,610.09960,6100996000
1177.2993851060464,371.51238990660283,610.33110,6103311000
1121.9196381001639,387.1415466957617,610.56120,6105612000
1088.6865022849436,360.57241153592116,610.78680,6107868000
1088.5693725522203,361.17632938026753,611.00780,6110078000
1084.5733341995037,350.5351992101761,611.22980,6112298000
1094.3532571891835,376.0721566558699,611.46020,6114602000
1107.6256073824165,372.5629244027215,611.68140,6116814000
1098.9425098036886,337.05979433779083,611.90080,6119008000
1072.5720306270246,353.7321128979499,612.12700,6121270000
1105.062572967362,383.9505844177892,612.35510,6123551000
1114.15780083964,420.86117818236136,612.57830,6125783000
1194.030085521686,415.5416101383822,612.79660,6127966000
1193.3416387148152,421.1189287407147,613.02260,6130226000
1256.8246530150345,402.4219671485564,613.25260,6132526000
1357.2786354203613,395.55095544943015,613.47840,6134784000
1454.4965268019166,406.4778213647631,613.69670,6136967000
1596.5156459753266,357.04853822148294,613.92510,6139251000
1628.6650862560246,323.6665268687682,614.14270,6141427000
1652.335644541268,308.98998336035555,614.36090,6143609000
1627.3284270621575,362.7700982865211,614.58490,6145849000
1608.0171338639911,409.1338120973211,614.80370,6148037000
1581.9614950565249,440.7770411004119,615.01960,6150196000
1482.81645097479,467.22292398717804,615.25100,6152510000
1346.01967669688,523.6328591175599,615.48070,6154807000
1260.6346701505422,584.3014916278789,615.70510,6157051000
1176.2891041291823,641.5684732286481,615.92420,6159242000
1086.8866420266588,709.900108239833,616.14290,6161429000
1065.0513267868064,736.8492595823182,616.36700,6163670000
870.6916712936652,690.5507275369978,616.59380,6165938000
739.1830037683986,604.9118515455732,616.81700,6168170000
777.5379733263056,576.9747746406917,617.06720,6170672000
799.1479944651546,564.8469206544479,617.28470,6172847000
847.7911920455475,530.6157761523241,617.50870,6175087000
902.367419217274,522.0481934572757,617.73090,6177309000
916.4193981575135,536.3817473685641,617.95640,6179564000
970.9908401855492,529.6575789666239,618.18150,6181815000
985.3884536032664,583.7224473260545,618.41280,6184128000
1020.4925728192575,601.0566934731037,618.63590,6186359000
1089.6514199352346,568.1282638553931,618.85820,6188582000
1128.7909701844237,496.4509288776095,619.07430,6190743000
1191.0516389466823,439.6180164883356,619.30990,6193099000
1242.976426214419,375.9545639190953,619.52680,6195268000
1302.1215834891625,297.8524466416939,619.74430,6197443000
1285.2896412014097,264.01012901076666,619.97760,6199776000
1252.5669806118851,241.48357129159365,620.21050,6202105000
1233.1009854385363,261.31607993307244,620.44680,6204468000
1232.9643805382618,360.43222055623073,620.67170,6206717000
1222.3966171827067,379.25414214914554,620.89670,6208967000
1168.8733108683275,386.89652495794326,621.12490,6211249000
1169.4748732338828,391.7015412099909,621.34260,6213426000
1218.676263492539,441.0546954889659,621.56590,6215659000
1275.900501910979,461.45684230813947,621.79520,6217952000
1274.170382005111,495.6856642271103,622.01100,6220110000
1288.9794964963853,511.6240003809558,622.23450,6222345000
1308.4233392093936,580.4381946517562,622.45030,6224503000
1262.127650245987,594.9679953004085,622.67810,6226781000
1271.8381611281766,560.3308022646241,622.90920,6229092000
1280.1711735869278,584.5330087781243,623.12990,6231299000
1237.2464646149176,571.233549653426,623.35980,6233598000
1275.010163013564,613.2768162621404,623.59680,6235968000
1274.8745436777251,622.4848032930518,623.83520,6238352000
1232.1658334613448,583.6125198801384,624.08440,6240844000
1149.1506445727161,594.001460740474,624.31620,6243162000
1091.803503773084,560.2706492909747,624.53910,6245391000
1092.169179067671,574.2857574680268,624.75420,6247542000
1123.1957944487933,554.9820310566485,624.98170,6249817000
1078.8828648035376,533.8247012477707,625.21310,6252131000
995.8596087868252,582.3915428894944,625.43620,6254362000
932.0534171556926,603.1592442296272,625.65990,6256599000
976.7973608798617,611.9726937050813,625.88370,6258837000
971.0269564691582,577.627258621281,626.09970,6260997000
997.1806246126316,595.0211031586834,626.31890,6263189000
1046.3001970668765,620.9786825145595,626.53830,6265383000
1031.4877199538532,623.5738185336861,626.75870,6267587000
1056.5724492269683,597.8114794028033,626.97800,6269780000
1071.0303725031308,599.3111386980736,627.19650,6271965000
1080.4094101450905,568.253245335928,627.43370,6274337000
1046.233911531646,526.2655004613334,627.65050,6276505000
1160.480473256439,611.1085880182998,627.87410,6278741000
1173.3083400913306,606.0279267186557,628.11120,6281112000
1211.0173451112323,592.5291979534592,628.32960,6283296000
1247.1507287119146,657.6272846275305,628.55530,6285553000
1228.1685239145759,648.752889176165,628.78040,6287804000
1206.0050571292745,619.6164591666216,629.00150,6290015000
1189.406560720377,571.7523976370187,629.22940,6292294000
1186.2824060391206,621.3945052254725,629.45790,6294579000
1195.8381308285482,648.5075246876421,629.68670,6296867000
1227.8343441593358,673.3327409536884,629.90660,6299066000
1194.8013630100238,656.8048527935716,630.12830,6301283000
1128.2786193267825,612.4038940723929,630.35270,6303527000
998.6671560342661,537.6792005190723,630.57940,6305794000
1003.7322548857499,488.00960914225243,630.79780,6307978000
986.1060080598374,444.3782668876698,631.01560,6310156000
1027.702156851564,411.994346029678,631.23880,6312388000
956.2588184533814,415.24310410170887,631.45760,6314576000
946.0103876336347,407.0739260890914,631.68060,6316806000
891.1738007658653,347.3852499660562,631.89970,6318997000
833.3315032929374,373.5200862072909,632.13120,6321312000
813.5854993158878,368.1014181624011,632.35270,6323527000
819.461830480086,342.0715489811824,632.56270,6325627000
848.0013222917815,358.5263487594596,632.78150,6327815000
820.3789407910721,368.8829014779876,633.00310,6330031000
832.6083238979106,371.4007058812156,633.22170,6332217000
826.058099338793,369.4994811975981,633.44220,6334422000
818.2295341055567,377.006173352467,633.66410,6336641000
775.4498970422424,369.3973030628761,633.89940,6338994000
852.3405550203395,425.3969663005171,634.11860,6341186000
914.7662325689852,406.761343451857,634.34760,6343476000
845.2866352872007,440.1248465609588,634.57470,6345747000
902.8554554401934,409.7311903492381,634.79330,6347933000
857.2125708376902,366.47029361213964,635.01850,6350185000
845.0195745668741,342.9864377834745,635.23540,6352354000
865.2675698620994,280.7842977723732,635.45570,6354557000
915.3546661128562,229.4094839822891,635.68030,6356803000
888.3272726147794,293.6193775775714,635.89670,6358967000
862.1607284490184,326.0675224674553,636.11280,6361128000
884.9443073708524,342.6181270116553,636.33280,6363328000
935.16335120066,427.9202003506403,636.55420,6365542000
1049.636799412042,458.7971016340547,636.78760,6367876000
1154.8336883908069,492.742831121404,637.01120,6370112000
1167.916341440933,532.3984233709431,637.24300,6372430000
1240.5765127117363,583.4050600997357,637.47000,6374700000
1285.5097142454035,590.3109776562676,637.69120,6376912000
1415.8737005350736,611.5777649991853,637.91360,6379136000
1626.6186903970672,690.9186615205501,638.13880,6381388000
1710.4904305684368,670.2143066895856,638.36400,6383640000
1807.3908443160824,617.4253462757885,638.60460,6386046000
1643.065947469609,551.8555205976912,638.84490,6388449000
1511.0312581225605,433.79083262954725,639.06850,6390685000
1470.2786989904962,357.21468764318547,639.29440,6392944000
1404.8913533358989,273.4165268392367,639.51840,6395184000
1387.8592566151865,266.6588163981266,639.74540,6397454000
1336.5003683125226,228.9974357137336,639.95690,6399569000
1301.7469189131427,245.4570547554051,640.19450,6401945000
1182.70415570389,252.55133900811774,640.42900,6404290000
1235.8037381645797,262.64263511685857,640.64870,6406487000
1128.4176475428246,233.65370773430095,640.87770,6408777000
1109.8389812340429,231.13464084205384,641.09630,6410963000
1132.143547526039,233.81313179101045,641.32040,6413204000
1126.164360613686,249.8190765938135,641.54410,6415441000
1097.6161483117955,246.75454766906634,641.76750,6417675000
1037.0507182334704,274.37004361457247,641.98660,6419866000
1084.4729908343186,274.5880259033681,642.20960,6422096000
1073.6104610152954,268.1981960256215,642.43880,6424388000
1034.9761654684512,254.05896675296592,642.66430,6426643000
1111.6303032425712,290.4677811406331,642.88660,6428866000
1058.4642201955053,311.15594541023285,643.10030,6431003000
1087.2704539059673,318.83997275929323,643.32220,6433222000
986.6309283590155,336.09053286154636,643.54560,6435456000
965.8076928698451,371.36995037881735,643.77210,6437721000
917.6073641122734,396.64591212797615,644.01520,6440152000
903.9929773695438,400.9009027973987,644.23680,6442368000
923.9210217842215,404.5860715284179,644.46380,6444638000
817.2403390597203,402.1843180819662,644.70320,6447032000
758.4633505183973,407.0509516529424,644.95420,6449542000
769.9444702087908,338.4928246433748,645.20900,6452090000
828.2907914604299,310.4433063335612,645.42830,6454283000
987.9921792880922,286.19764549135834,645.68360,6456836000
1083.4794936210988,272.6689209309182,645.90710,6459071000
1255.6991341977487,228.23373829720745,646.12980,6461298000
1259.8434959864471,264.8977697433294,646.34840,6463484000
1154.4700715884976,290.72937990057363,646.60320,6466032000
996.2447809169503,273.7540045267409,646.87460,6468746000
901.2986793314363,231.60158950046076,647.10030,6471003000
821.5201328586975,177.71366376640367,647.32130,6473213000
902.4063627450189,200.3297909926367,647.54340,6475434000
978.7388858032839,294.73594049872804,647.77110,6477711000
1037.017210019259,348.7337671988606,648.00060,6480006000
1065.8653365662085,364.2420589186422,648.22790,6482279000
1068.1881017087705,430.47762875548824,648.45640,6484564000
1040.558927703362,441.3732445566666,648.69450,6486945000
1002.0266271115346,484.14918979814917,648.91680,6489168000
1015.3302457031655,506.5617299088417,649.14370,6491437000
1047.7812129453664,524.3550511871388,649.37910,6493791000
1063.7986036030525,524.6213088001618,649.59610,6495961000
1127.8574577017114,495.41780194264805,649.82810,6498281000
1167.403789655322,476.08064453961396,650.05150,6500515000
1160.0198898295237,494.4714943252528,650.27490,6502749000
1151.8569960787659,511.69372079615357,650.49050,6504905000
1092.707214747932,525.6334983645385,650.72450,6507245000
1071.2219916661813,523.0273096034149,650.94410,6509441000
1055.209864733067,523.2998870122767,651.16060,6511606000
1056.5308352446843,521.0073146457919,651.38350,6513835000
1073.600660250606,495.4741797898481,651.59710,6515971000
1173.3167877120256,422.34228995157434,651.83470,6518347000
1224.6372357843559,428.6263655579015,652.05740,6520574000
1240.187995592076,384.32873807527324,652.30590,6523059000
1310.55793226941,383.6479683208701,652.55220,6525522000
1376.0470643544145,350.522050905665,652.78010,6527801000
1426.3189460211229,354.51146507472515,653.01530,6530153000
1421.916143339238,347.4976184937793,653.23340,6532334000
1371.529024311371,309.3536381863669,653.46450,6534645000
1420.9212544115449,310.09743103734866,653.68290,6536829000
1485.0351788333319,337.55192819396984,653.90750,6539075000
1465.5928005481087,325.1520167114667,654.13500,6541350000
1404.5122432967298,295.7278490090786,654.35390,6543539000
1388.4149295255056,329.66156192964,654.57310,6545731000
1380.2830972498496,334.3336616645674,654.78760,6547876000
1349.5082756744223,345.04199145602576,655.00270,6550027000
1342.8939459361536,373.8198250920619,655.22630,6552263000
1317.6085216678905,360.15037687536216,655.44390,6554439000
1318.9284243239283,345.4933309897077,655.66510,6556651000
1333.8243313839878,323.74858037752506,655.88330,6558833000
1283.7102079039576,291.01128711326487,656.11780,6561178000
1255.466867812807,280.4215950595428,656.34710,6563471000
1251.8642487461052,283.90459413385236,656.56990,6565699000
1201.4799881183735,298.5977299760174,656.79570,6567957000
1226.0810998971908,268.4322636657515,657.02010,6570201000
1253.064949578742,273.3104474680217,657.24130,6572413000
1241.3284383107,270.9980338579176,657.46760,6574676000
1265.9220727824677,258.6947394145933,657.69290,6576929000
1207.9256084824685,270.8159982293135,657.92320,6579232000
1223.6781418468267,246.49995329081062,658.14450,6581445000
1216.450875266709,262.87122081444,658.36790,6583679000
1281.644548974866,266.284722372611,658.60050,6586005000
1236.2058206678646,266.66757660533347,658.82450,6588245000
1227.4234323401267,295.24556623302374,659.04240,6590424000
1251.9576143706101,288.85894546463794,659.27210,6592721000
1153.6339021467616,289.66215954458164,659.49170,6594917000
1210.54804482459,293.59171837491954,659.71650,6597165000
1201.1385418157702,303.06785692527404,659.93420,6599342000
1223.912400531022,322.4490455291481,660.16440,6601644000
1199.5491994146691,329.18047774335736,660.38730,6603873000
1264.993301703606,338.75084589527273,660.61000,6606100000
1285.4825363720513,323.23030805634454,660.82640,6608264000
1329.6566797077712,307.5130640642215,661.05180,6610518000
1303.9553170670076,317.383555995126,661.28750,6612875000
1334.9826301381488,304.8270921906115,661.50790,6615079000
1347.1180752451476,326.6943167776886,661.72910,6617291000
1364.5271866845183,275.46635690348205,661.96870,6619687000
1402.63503105432,279.76103931509914,662.19300,6621930000
1278.6950422231996,292.3865049145883,662.41520,6624152000
1263.1150046504808,322.3993013815659,662.63310,6626331000
1222.4143887873802,295.98492442867945,662.85680,6628568000
1184.880814555409,326.2857632808107,663.08950,6630895000
1170.5093060646377,348.7696609089374,663.31000,6633100000
1133.3414506943914,349.1577673881481,663.52930,6635293000
1157.647621266596,365.25304465431594,663.74940,6637494000
1141.928024680422,366.01358729613486,663.97210,6639721000
1113.702142256178,345.18474879574234,664.19220,6641922000
1075.9515275100143,339.8742416497249,664.41890,6644189000
1003.6704074430434,362.34587192043665,664.65110,6646511000
999.7819854507582,357.78462154517683,664.87830,6648783000
1005.4761436709427,340.0868266709052,665.09950,6650995000
957.1633107958154,344.3483271105266,665.31820,6653182000
956.6729807066533,365.7933060428271,665.54150,6655415000
953.8876693865319,360.67846607603116,665.76650,6657665000
927.5655504193303,365.8698324302079,665.98710,6659871000
985.113863978247,361.9111857597312,666.20490,6662049000
1060.7191848923883,341.7503431681658,666.42140,6664214000
1084.4294909654316,313.6879747840237,666.64230,6666423000
1085.3955114346986,288.4397844331892,666.85960,6668596000
1046.3031165276916,337.48341788743835,667.08210,6670821000
1029.813571599891,345.58420384718204,667.29980,6672998000
924.180143424849,386.73937634546735,667.52470,6675247000
1028.854391102423,427.59211365286376,667.75120,6677512000
1079.5456215817658,396.5861397017005,667.97640,6679764000
1043.2727973820279,408.35745655501967,668.20820,6682082000
996.6101544133141,479.9984028021122,668.44170,6684417000
999.4471001116323,566.5763387871783,668.67080,6686708000
1051.719226906691,646.1708741534973,668.89680,6688968000
1128.8551577214278,672.056847816052,669.13410,6691341000
1217.0046936258243,636.2194099824815,669.36100,6693610000
1231.8824287141845,664.5373868435524,669.58180,6695818000
1254.1655324014712,640.4765972570007,669.80310,6698031000
1313.0336104065238,655.8175634012291,670.02290,6700229000
1382.6238304622068,638.9873597215467,670.24750,6702475000
1501.8317174834756,595.6174894246061,670.47100,6704710000
1727.4458271552176,626.0429985927033,670.68780,6706878000
1678.2955366244632,644.7505156157492,670.91210,6709121000
1712.6634705743263,637.8549102971474,671.13240,6711324000
1632.2105333388931,607.1692138844821,671.35670,6713567000
1538.797779538033,640.5436625486595,671.57800,6715780000
1427.2040074840152,637.4006726805114,671.79530,6717953000
1363.0110078094363,703.1693592224844,672.01580,6720158000
1167.968898803063,684.767620871954,672.23510,6722351000
1116.566845044417,708.9374680295849,672.45230,6724523000
1043.239339237718,772.9816323604603,672.68180,6726818000
974.7327581353941,725.4051421662534,672.89820,6728982000
933.606081833176,731.2329635141394,673.11210,6731121000
985.4642558648045,716.0635262450862,673.33880,6733388000
957.8571801385842,643.5796603727514,673.57710,6735771000
803.1438146884817,605.2208240874612,673.79350,6737935000
809.8505219996676,582.7875508871883,674.01510,6740151000
879.6726838998368,512.1367040450743,674.24000,6742400000
988.2907501682788,453.02759489731216,674.45980,6744598000
1006.8042233726629,278.02726094436036,674.69180,6746918000
1012.6663599112843,291.20858831732767,674.91780,6749178000
1068.8764005177195,265.3250535207103,675.13680,6751368000
1098.4001538118025,229.76887959736266,675.36900,6753690000
1181.748707702671,209.56327186387364,675.58320,6755832000
1331.9499981625142,230.3680572781688,675.80860,6758086000
1354.8141796668372,218.73588691180788,676.02660,6760266000
1285.0633572790132,179.89260005762068,676.25850,6762585000
1332.6716271251655,157.4467158389726,676.47580,6764758000
1313.32843511776,166.9826001512415,676.70600,6767060000
1335.8380275869083,212.53459827777476,676.93420,6769342000
1346.27622161665,230.78446235638762,677.15420,6771542000
1355.558316526143,275.21969441767175,677.37520,6773752000
1359.042544309729,300.07412309217415,677.60070,6776007000
1361.677466437647,283.0860112756654,677.82420,6778242000
1381.8778630451532,272.7945433121503,678.05070,6780507000
1387.1197290142482,307.8272815103029,678.27170,6782717000
1338.4339717714474,327.4142310726106,678.49140,6784914000
1333.8288750495155,360.2337969454026,678.72170,6787217000
1336.8526121163409,381.5499602921364,678.94510,6789451000
1316.6615900409245,441.86127893072774,679.16250,6791625000
1302.896147033788,429.6747140460311,679.38760,6793876000
1358.8362289152838,420.4864055808199,679.60330,6796033000
1371.9113038133846,417.79346927827856,679.82410,6798241000
1412.7207348730071,445.89710204630336,680.05020,6800502000
1459.9735346759567,435.51065146937276,680.26930,6802693000
1483.6036333066045,416.6885030231539,680.49300,6804930000
1505.6644814263852,387.1506907980581,680.71770,6807177000
1504.5636532632996,386.92040689101117,680.96210,6809621000
1471.4105970274927,390.98080544134484,681.18400,6811840000
1414.2293590870036,385.8575102967002,681.40560,6814056000
1383.5170264713968,348.5087322313738,681.63530,6816353000
1411.4881552966547,358.97068888042287,681.85530,6818553000
1354.5270173840254,359.3979733856242,682.10380,6821038000
1384.970837659347,339.49686235060847,682.33320,6823332000
1354.5686913220447,375.52896082288396,682.56030,6825603000
1381.4342156152068,357.58169182839885,682.78480,6827848000
1424.4632953460919,358.2130281596816,683.01870,6830187000
1453.9568803753536,378.09378131200907,683.23490,6832349000
1448.4087083398367,376.079095807225,683.45100,6834510000
1444.3211031079327,402.4586965755579,683.69370,6836937000
1491.4396267662023,401.47581806790106,683.92800,6839280000
1447.2120872460093,399.573741684993,684.14900,6841490000
1493.6916959345278,397.25089125157166,684.36880,6843688000
1487.8765204222304,384.2007651359996,684.59470,6845947000
1457.805160325134,362.6466836492327,684.82570,6848257000
1470.9711959234219,332.2908331894205,685.04980,6850498000
1415.5218510990794,303.715540472931,685.28250,6852825000
1309.136444887076,305.63990280190313,685.50970,6855097000
1352.2907013003705,284.90666334661273,685.73530,6857353000
1415.9147313635208,268.25602977289213,685.95870,6859587000
1449.7910962253457,264.7015472751801,686.18830,6861883000
1501.606486852975,229.19841441779724,686.42050,6864205000
1538.0013570991048,295.43399546970585,686.65070,6866507000
1585.8865862707428,348.6024443847417,686.87500,6868750000
1569.5861899308215,417.56959529875706,687.10330,6871033000
1595.2831803644717,493.0144017182055,687.31980,6873198000
1521.2108390438877,471.0952036960324,687.55300,6875530000
1368.9540839564193,447.8453917994844,687.77340,6877734000
1278.710099126995,372.1736912552986,687.99630,6879963000
1274.6935077062383,356.8020916986709,688.22650,6882265000
1318.4607570452795,312.7703451265601,688.45200,6884520000
1386.6860794359227,270.5192534713376,688.67790,6886779000
1358.8218236515504,257.42248025014715,688.89820,6888982000
1261.1924347656359,312.8430618877769,689.12650,6891265000
1176.9073216557308,316.81735825353667,689.34360,6893436000
1142.9242446092455,331.88488394594987,689.56770,6895677000
1135.501233138142,324.0569482511416,689.78660,6897866000
1054.4003725885425,283.3791626500068,690.01270,6900127000
933.3009814326023,282.6962237818979,690.23430,6902343000
928.2927590081345,316.68017897485583,690.45050,6904505000
905.6415006612186,413.2628397051995,690.67420,6906742000
830.6142689444117,446.1721504885325,690.89080,6908908000
906.5089217566707,501.57396682039285,691.11090,6911109000
957.6742202276142,525.2717360545995,691.33750,6913375000
1011.1677817544056,563.5120588218363,691.56010,6915601000
1070.8264678175228,590.8105482647486,691.77320,6917732000
1140.8560654875682,596.7750206723526,691.99840,6919984000
1193.232860157954,599.229613787111,692.22550,6922255000
1187.6341304712637,630.7042066671848,692.45430,6924543000
1234.9818456841929,603.9623013726504,692.67520,6926752000
1261.3071736238928,655.516683109401,692.89810,6928981000
1260.0853152115528,629.4479615596722,693.11740,6931174000
1222.801360734057,710.8091580281831,693.34830,6933483000
1222.7841348598545,652.3806072772712,693.56820,6935682000
1108.3030535404935,650.8885532555778,693.78730,6937873000
1009.4964969511565,685.8311454312604,694.01030,6940103000
940.493741114189,745.9354311810798,694.22610,6942261000
914.0332963521975,752.9212049108686,694.44480,6944448000
842.0641522361124,727.040219965062,694.66650,6946665000
837.3428077160469,672.6565872118258,694.88840,6948884000
818.0031792616378,628.5508592118149,695.11970,6951197000
790.1542398816591,558.4397978485478,695.33830,6953383000
787.0601039468107,531.1168743388419,695.55580,6955558000
787.1828109695778,468.76359303722245,695.78740,6957874000
768.6581818637372,427.8734598892492,696.01280,6960128000
773.1099505932933,405.2101277441556,696.24910,6962491000
811.1764377274419,405.6565200385231,696.48170,6964817000
791.5400631400679,375.4315674058176,696.71030,6967103000
793.368317682754,350.3565300434235,696.93470,6969347000
809.4386850901742,361.7305389266133,697.16230,6971623000
820.6575095135183,389.46426808328476,697.38450,6973845000
805.8731279859161,385.2364532485289,697.61100,6976110000
824.4597963915168,375.5701223205335,697.84190,6978419000
900.4134119435785,363.5175939789162,698.05710,6980571000
918.2229526479922,313.30979752326607,698.28410,6982841000
968.011618459348,290.3740852815255,698.50360,6985036000
980.4813873175497,297.0535912305787,698.71730,6987173000
1005.8640364026991,357.54657490776185,698.93950,6989395000
986.3009932418397,385.3825254162858,699.18110,6991811000
1000.3608686827648,375.5636576541831,699.40520,6994052000
1017.991380918515,402.31748181429367,699.62040,6996204000
987.0692314932586,389.6959621689111,699.84410,6998441000
950.3846266013205,480.0373464881002,700.06680,7000668000
937.2951571364322,493.82648455270385,700.28920,7002892000
893.6993392819331,501.7611727228839,700.51740,7005174000
817.0664713897363,432.50563030994306,700.73590,7007359000
830.0479041727083,394.0668966422802,700.98190,7009819000
823.7894558616077,362.0322001211487,701.21540,7012154000
751.437320710195,359.1459018495365,701.43550,7014355000
664.3881095225317,317.1154064157914,701.65960,7016596000
778.1164092310594,382.7789959997525,701.87540,7018754000
876.4919392683707,406.03958928258174,702.10740,7021074000
956.2158330685834,407.36281707631866,702.33000,7023300000
1003.6002866836027,376.01408780813864,702.56230,7025623000
1007.6022116057512,301.47021809444203,702.78100,7027810000
1078.3925268515939,307.245955333028,703.00000,7030000000
974.901185757156,374.1389213648082,703.22460,7032246000
968.1514308044683,358.6532712824463,703.46120,7034612000
882.2738176001493,346.94196330518906,703.68800,7036880000
837.4659592959035,357.56341376913247,703.91180,7039118000
780.6949594460497,310.6571288012997,704.13960,7041396000
775.0899516474169,323.75746957362503,704.36750,7043675000
912.898334099573,365.6138946846404,704.60560,7046056000
944.9263684989792,370.57719670051415,704.84540,7048454000
962.1250788790976,363.8048764654462,705.07100,7050710000
943.4970520927949,373.96972734351596,705.29270,7052927000
959.9758323840874,311.2766032243097,705.51540,7055154000
997.6325624299311,327.56941039286784,705.73240,7057324000
1035.5821738779905,330.7148552739319,705.94790,7059479000
1167.4959337265109,325.1644140312378,706.16270,7061627000
1350.5847457306807,278.0816756485283,706.39510,7063951000
1485.7059364745319,280.0184813168688,706.61270,7066127000
1554.4901527725533,257.36807246001274,706.82640,7068264000
1622.8672326217902,215.1892161154982,707.04770,7070477000
1689.5805239721906,195.39359819165756,707.26570,7072657000
1685.7828971075144,165.59150382141067,707.48990,7074899000
1681.4854250832623,164.26701452925155,707.71290,7077129000
1620.923717551555,208.06449799502258,707.93220,7079322000
1569.5841143682326,227.9091872199984,708.15640,7081564000
1524.7792832205275,266.1728461856147,708.37980,7083798000
1480.1264740684992,346.3453553717792,708.59600,7085960000
1374.3909732448667,389.4794063577014,708.82090,7088209000
1382.5315660074918,480.44562304019814,709.03670,7090367000
1301.102376811777,506.64898292974806,709.28310,7092831000
1296.2496278322878,568.7174083042128,709.49880,7094988000
1282.29796411104,643.8079034163327,709.71730,7097173000
1245.400591327466,644.6208549209384,709.94340,7099434000
1137.8668544229388,616.6786707697323,710.15780,7101578000
1077.641847725487,582.7659099686973,710.38400,7103840000
1081.075218035142,593.5192259633092,710.60380,7106038000
1175.9620896871786,699.2521843356622,710.84440,7108444000
1220.6840693322185,698.6832468426294,711.06070,7110607000
1213.2851967608174,766.1361717646703,711.27990,7112799000
1300.6294202903032,833.5497047968709,711.50690,7115069000
1372.775785199254,849.429435354265,711.72520,7117252000
1414.7426581515058,796.808101881238,711.97350,7119735000
1422.1394054902028,813.2440492712732,712.19470,7121947000
1478.013671171346,815.2487573288674,712.41850,7124185000
1422.2401685169968,789.3497923882294,712.64470,7126447000
1457.0396311648756,806.5108380844567,712.86310,7128631000
1410.2934454451934,833.5229454250972,713.08710,7130871000
1357.1996598721241,795.2530486047365,713.31320,7133132000
1362.0709218431873,793.6173592348097,713.53260,7135326000
1270.6652173743978,727.4300253013271,713.75790,7137579000
1239.1534488767156,761.4410535298,713.98660,7139866000
1246.99783257457,756.725407559712,714.20580,7142058000
1232.3095259386605,720.2459079202224,714.42010,7144201000
1216.8850207133692,719.3998959952157,714.64560,7146456000
1291.9353638905393,774.5782393922473,714.86580,7148658000
1353.3676583271388,799.5608442803167,715.08600,7150860000
1275.0412429446271,746.0302944662404,715.30700,7153070000
1263.472969019996,766.2101382459914,715.52960,7155296000
1281.6022858218637,739.8886315750799,715.74720,7157472000
1317.7711752712119,792.4846722363419,715.96580,7159658000
1201.3715425428113,701.6821191514796,716.18470,7161847000
1258.2370683140812,758.9282008724679,716.40380,7164038000
1174.4340512760716,725.900172816835,716.61980,7166198000
1168.76006995261,704.5205054356177,716.83750,7168375000
1135.8535440843702,687.3368900283934,717.05990,7170599000
1068.373715240221,562.7776745170706,717.27720,7172772000
986.4780372930759,510.95847563373826,717.49170,7174917000
1039.4874412132872,486.29891688236654,717.71320,7177132000
1063.6717899520133,484.3796560748246,717.93090,7179309000
1040.1680370100075,417.1653724461684,718.14890,7181489000
980.346667169964,438.45887907523047,718.36990,7183699000
883.2786616517097,425.5185875337123,718.59200,7185920000
865.2317969427553,437.80994685746026,718.81490,7188149000
869.830357395401,427.6647289942649,719.04360,7190436000
870.9139668339665,531.6117599306658,719.26070,7192607000
964.7237713050826,665.1714880999132,719.48270,7194827000
1059.9591461625862,671.909942051561,719.70400,7197040000
1040.603148936958,684.8283493112749,719.91760,7199176000
1040.1943429799962,673.1651421544893,720.13600,7201360000
1015.0529642403844,682.0776163427748,720.35350,7203535000
1046.9968402152115,640.687396918239,720.57060,7205706000
923.8370251556298,690.1073317752202,720.79570,7207957000
845.7505314343754,709.2959163752427,721.02650,7210265000
775.7030781780902,680.3128665107187,721.24660,7212466000
720.1173405966582,639.8313686968966,721.46540,7214654000
720.532653619578,613.0556570588845,721.68080,7216808000
773.4229701538981,563.918418932021,721.90550,7219055000
735.0171861556573,560.3397488544466,722.14480,7221448000
814.4317397927791,542.3291374246065,722.36130,7223613000
801.7374034774574,577.0902501927393,722.58510,7225851000
781.2966550396692,549.2754802685783,722.81160,7228116000
811.9811920352571,556.997580253489,723.04090,7230409000
826.170580944342,586.1658571996321,723.26300,7232630000
682.7749929236116,613.1478685277145,723.48160,7234816000
681.7848961356074,673.5407567458341,723.70890,7237089000
713.7214566105265,689.8992249678155,723.92950,7239295000
721.4767665876017,682.0015456359398,724.16130,7241613000
740.7999374160386,709.427272583223,724.38430,7243843000
750.7970721501863,735.3038600796742,724.61020,7246102000
742.980938706924,730.5144145986446,724.83140,7248314000
728.1622377552851,709.8995021626578,725.05390,7250539000
723.981542348563,704.9489167862795,725.27780,7252778000
784.5349388771492,730.3484265777498,725.49760,7254976000
768.462348565861,768.1356252510062,725.72170,7257217000
767.0246570491865,763.5002080592251,725.94610,7259461000
860.3109143613277,808.6689869480573,726.17040,7261704000
801.2428121155106,765.3409645460133,726.38590,7263859000
796.1508236589045,745.644336257042,726.60610,7266061000
750.7875005486557,693.8979064224206,726.82550,7268255000
773.9444285882568,710.355582305344,727.04440,7270444000
783.9268404430222,694.8901087830619,727.26450,7272645000
893.7369930037431,697.9755975430537,727.48360,7274836000
899.7902134807923,648.2180538352751,727.70970,7277097000
853.7549896468437,578.8014994975048,727.92520,7279252000
836.9211268164399,552.0876558832352,728.15480,7281548000
896.9959550787489,534.6704769066231,728.37930,7283793000
935.9510351477168,488.64097430292395,728.59090,7285909000
1022.9885233550878,465.3497545012275,728.81470,7288147000
1101.7558984931045,455.54820842722717,729.03420,7290342000
1042.9938231792435,472.90751715076186,729.25090,7292509000
975.3165345685364,461.29684876743886,729.46690,7294669000
885.6737747784765,457.11473024300324,729.68410,7296841000
907.0950949725556,484.30290299880056,729.90400,7299040000
794.2459135253954,512.0617482537986,730.12280,7301228000
712.0239758277692,531.503811506253,730.34630,7303463000
746.6803354544141,547.4698538710202,730.57410,7305741000
740.6773485603476,568.231476112987,730.79270,7307927000
746.9247794253685,559.3194423356249,731.01420,7310142000
783.2471380740333,567.551433045601,731.22960,7312296000
814.8959222923801,597.9393786205628,731.45210,7314521000
880.9800543475247,574.0650515148003,731.67930,7316793000
874.9291666622071,553.353516052684,731.90290,7319029000
809.8324481977086,536.4005709399877,732.12000,7321200000
766.2575898506698,531.9516265013164,732.33740,7323374000
815.746294881795,565.6359960562879,732.55970,7325597000
853.4150495103088,561.3616669618311,732.78780,7327878000
800.9908244328645,592.7717484358569,733.00980,7330098000
879.402069287337,596.7907451476618,733.22740,7332274000
909.8282927806077,627.7948151640826,733.44250,7334425000
919.5354680472229,631.2596443087774,733.65920,7336592000
883.5198582676184,637.5829298819742,733.87660,7338766000
901.5887796250678,640.9434355902256,734.08980,7340898000
810.975186530096,633.9730848673822,734.31500,7343150000
771.4311023543263,568.314710305548,734.53430,7345343000
774.5884631854672,525.2497948826868,734.75970,7347597000
772.6995576417463,497.0968757094999,734.98460,7349846000
822.5196135936463,476.7616226994795,735.20180,7352018000
834.7531541178304,507.5923682077587,735.42200,7354220000
891.2456566982466,527.067857643117,735.65180,7356518000
934.1131923076408,545.0186202739287,735.86600,7358660000
952.9537995145417,549.695572805396,736.08470,7360847000
898.2053341396003,541.9376836452658,736.30620,7363062000
893.6387862644634,558.3330723213677,736.52570,7365257000
900.2041541179186,517.1419007212683,736.75220,7367522000
858.812490522274,518.5720044843191,736.96940,7369694000
792.0430473364914,499.3804240247394,737.19030,7371903000
763.8796992306799,491.08254773926274,737.41740,7374174000
696.069672435685,443.8860470668772,737.63830,7376383000
790.068466156233,480.3894833249557,737.85620,7378562000
791.4063478774337,490.5858416789624,738.08280,7380828000
765.9114461685776,477.58743897395465,738.30560,7383056000
747.5937401795875,495.6479589620601,738.51630,7385163000
755.3662081117911,525.8873655991481,738.73010,7387301000
683.4274554010143,557.9859448247386,738.94770,7389477000
490.83565757604435,560.7758601690928,739.16500,7391650000
363.2451803273664,577.1683733832547,739.38510,7393851000
403.0321720904924,506.0184051304128,739.62410,7396241000
356.47410229035376,488.2803723441903,739.84840,7398484000
386.1742896618957,478.29948598162963,740.07680,7400768000
459.58638658331955,391.1402771242842,740.30430,7403043000
350.6595263120587,446.7821398990963,740.53330,7405333000
382.280003131949,369.73916190236633,740.76420,7407642000
346.2532269493142,334.63804576677256,741.00370,7410037000
340.9336398596204,311.76893897337743,741.23120,7412312000
508.5497317453486,246.19761318664607,741.45200,7414520000
696.9884127409931,133.37451078358814,741.68140,7416814000
883.4614090757552,155.45128883981545,741.90050,7419005000
1061.8120753488838,91.33055388968134,742.13150,7421315000
904.5930862316185,87.66540644283053,742.35280,7423528000
885.6538061382531,189.08237084403083,742.60040,7426004000
968.3294541029996,103.68040646056772,742.82510,7428251000
1089.198571893145,156.37841843034516,743.05560,7430556000
1064.2280286626046,212.04646487392824,743.28520,7432852000
981.9592016823883,255.35939185640856,743.50500,7435050000
990.2163741983107,329.70297587480997,743.72520,7437252000
918.8971150397206,429.1532972914036,743.94890,7439489000
781.9937375326184,433.36464103148796,744.16990,7441699000
650.2929612889545,481.0971066564838,744.40170,7444017000
533.2851896214227,543.7334160546507,744.63670,7446367000
511.6052831920411,636.4529163188511,744.86240,7448624000
486.2708700318018,624.3511637424461,745.09200,7450920000
455.06384869702515,600.4006217095715,745.33980,7453398000
389.78833290720075,564.6868746163034,745.56560,7455656000
419.9903357515734,540.6366432031971,745.78780,7457878000
450.9363283452529,599.7741312158721,746.01150,7460115000
429.98597985510094,632.9468012690751,746.23190,7462319000
457.03803293449346,684.3090172535743,746.46220,7464622000
431.96452385622746,729.9311180039397,746.70100,7467010000
450.73961273516215,737.4256164347364,746.91870,7469187000
531.832945091795,700.3767682855799,747.14610,7471461000
509.5842020111889,704.3255276002697,747.36320,7473632000
481.42272929647334,713.0262405947983,747.58520,7475852000
448.4029184274977,711.3037740795102,747.82190,7478219000
557.499479105449,711.7975635883389,748.04950,7480495000
570.9102726935105,692.1764694263092,748.27340,7482734000
575.8336397427017,673.1648148225222,748.49440,7484944000
593.3547475145729,642.8572773961749,748.72170,7487217000
631.0839968015823,672.9697826689077,748.93870,7489387000
612.0368152256581,639.0320471850115,749.15740,7491574000
572.5245042697819,583.3160210160606,749.37420,7493742000
489.2219462348555,594.2249194685434,749.58950,7495895000
461.9094121114072,619.201239553247,749.81530,7498153000
393.60016882649455,646.5926750666814,750.03220,7500322000
462.670652342353,702.4320046341201,750.25060,7502506000
459.69974759253046,674.1041582181916,750.47370,7504737000
560.9316695406429,749.4485310839217,750.69370,7506937000
507.7753497253302,711.5115642552906,750.91080,7509108000
496.1127881293601,662.9610273268111,751.13030,7511303000
578.8810582241442,677.73084812353,751.35150,7513515000
570.9458075300802,559.3438591659476,751.58780,7515878000
606.1738723316512,489.4951974219525,751.80370,7518037000
713.2211735847275,443.03494161793174,752.02480,7520248000
764.3905213747362,390.65159650912824,752.24240,7522424000
751.2724240032238,355.05508775552454,752.46680,7524668000
715.0183300235838,267.1326207437232,752.69570,7526957000
609.0559172069103,205.4558979886137,752.91230,7529123000
630.6767037135927,177.23429193783912,753.13650,7531365000
638.211295127173,182.77552421128274,753.35960,7533596000
604.0302081290475,185.86515389713804,753.59500,7535950000
650.7313652098833,232.13503616545998,753.83840,7538384000
714.1814506069586,210.83050896647296,754.07020,7540702000
759.602278331831,214.04044950705773,754.30260,7543026000
797.5824755178201,199.6806245363445,754.52780,7545278000
850.4063687611007,206.1436563641353,754.75940,7547594000
934.8716048281386,252.5464116644917,754.98550,7549855000
1043.8584104874888,232.03854534600427,755.21990,7552199000
1084.229686565769,258.88498426399826,755.45210,7554521000
1027.0613995072588,265.0422383767093,755.68150,7556815000
985.7398984933368,248.35431175162452,755.90410,7559041000
876.1273896875491,236.21142995100283,756.12020,7561202000
805.9768273025345,367.19911003183233,756.33470,7563347000
796.1473501072967,469.01098859329323,756.55840,7565584000
725.70539808004,570.9614964402824,756.78280,7567828000
689.8234594779491,661.3821832895433,756.99560,7569956000
676.7364083229677,779.2509290434082,757.21700,7572170000
712.347267146857,865.1694121402111,757.43590,7574359000
725.597621685255,865.9524612022511,757.65630,7576563000
630.6799767197404,919.0085356554489,757.87670,7578767000
509.59418032932274,911.0276983842404,758.09360,7580936000
531.043407932512,900.3718183806642,758.32610,7583261000
529.036378084707,889.2655976808076,758.55490,7585549000
592.9990494989459,882.3672141753344,758.78910,7587891000
645.077279548979,873.2964408952671,759.01200,7590120000
581.397350361179,770.3301889128791,759.23220,7592322000
562.9877402782819,690.4291487463261,759.45730,7594573000
601.6554368554503,589.0048477544073,759.68040,7596804000
653.1182984576504,571.4018964410183,759.89850,7598985000
694.1889825048493,555.6375691674696,760.11610,7601161000
727.3161181026527,555.4338039799701,760.33350,7603335000
737.364052301221,503.1415088537474,760.56090,7605609000
862.9731325444707,470.3057753609071,760.79180,7607918000
907.0674424739457,470.78953087714007,761.01300,7610130000
934.6606007793238,421.4808596578201,761.22730,7612273000
949.0338632266405,376.2487716005663,761.44400,7614440000
904.8727804699387,395.92934428678575,761.66060,7616606000
895.7793143210054,470.06892266466144,761.88060,7618806000
880.3044860528297,606.4303281110351,762.10810,7621081000
812.2256383618676,652.7323422615179,762.32290,7623229000
781.8440176987557,714.7944224038723,762.54350,7625435000
746.605347140055,723.5011196473245,762.77330,7627733000
695.4098945369778,769.8830195153731,762.99830,7629983000
648.4077669741971,783.9361453636789,763.22050,7632205000
675.0084195920995,778.7537014781336,763.43870,7634387000
606.3386955915868,776.017925064281,763.66380,7636638000
540.6656441669207,747.0807414999409,763.88310,7638831000
558.5485581217724,733.6876174154573,764.11270,7641127000
615.9977637546647,684.2929840805828,764.32930,7643293000
514.7024066065375,616.2047341917574,764.55050,7645505000
510.84034044120983,624.5121478047137,764.77510,7647751000
526.7036358443938,594.1882067823059,764.99260,7649926000
522.0943946681291,578.5758148158674,765.21300,7652130000
473.02773484070156,549.657858584197,765.43130,7654313000
479.4260023671487,548.7456757142535,765.66100,7656610000
540.3785812157377,663.5186529795169,765.87990,7658799000
528.1910625645,682.7129855938449,766.10690,7661069000
549.6417440476307,691.5169381862393,766.32480,7663248000
487.5517997267502,706.4506886005782,766.55320,7665532000
469.4215392710682,733.1294589521972,766.77620,7667762000
691.7485243543671,634.8918714799871,766.99580,7669958000
711.8927408615206,670.6998989326178,767.21640,7672164000
694.9257936391064,650.6294444536677,767.43640,7674364000
664.0127934011809,625.8189495442707,767.65410,7676541000
681.8637696928892,613.3082782187224,767.87550,7678755000
717.9050262848336,595.1535773073183,768.08890,7680889000
756.9753032469234,611.8436323712946,768.30400,7683040000
743.760671371006,581.6673068781224,768.52390,7685239000
784.3628005372868,569.5952050397085,768.74730,7687473000
734.1070139875085,588.0057733996033,768.96990,7689699000
669.7611862012989,648.6193850979523,769.18310,7691831000
652.4323407622142,666.6519755741872,769.40790,7694079000
684.925116093312,625.1343627166603,769.62120,7696212000
643.5381615125086,634.5883297051522,769.83610,7698361000
656.2207893532456,642.9160835588023,770.04900,7700490000
631.2958725600063,698.8030819473337,770.27150,7702715000
606.8009406590925,739.7739652191968,770.49440,7704944000
522.5805924271958,783.9081609420103,770.71450,7707145000
518.7575561522964,813.7251282723339,770.93080,7709308000
597.8957765779817,760.9977929149786,771.14970,7711497000
602.0151859828478,759.1056435924494,771.36370,7713637000
593.5869900360815,745.9275772435524,771.58920,7715892000
573.3195970999094,728.588905528382,771.80790,7718079000
611.6659362293915,716.7100648555386,772.02980,7720298000
594.6523080620356,699.9024971100298,772.25500,7722550000
598.1432061120445,723.101532246893,772.48870,7724887000
507.34946953474577,698.1406526042005,772.71810,7727181000
476.07992165435974,696.1816511508412,772.94300,7729430000
484.1060445490623,700.3433280916199,773.16740,7731674000
488.3919271193064,630.1262551834143,773.38740,7733874000
471.0137350350277,626.1186344849045,773.61160,7736116000
440.94153271666914,634.2741088464455,773.83660,7738366000
454.63174534519186,621.2245688217398,774.06480,7740648000
452.18090200692626,553.4468526129792,774.31030,7743103000
521.902413888548,550.9889036809051,774.53840,7745384000
687.6541728965557,533.0815357518412,774.76750,7747675000
656.7988531844405,621.9153793397342,774.99720,7749972000
621.9914166515363,690.2955200463978,775.21620,7752162000
562.5667217819492,718.3177321037319,775.43890,7754389000
565.8273852294077,777.6165635483815,775.67180,7756718000
573.3092635470585,748.830084708769,775.89100,7758910000
486.4387263557061,752.2136765718714,776.11480,7761148000
445.13424552097285,713.3668855800037,776.33220,7763322000
436.2093726306238,758.12588727995,776.55150,7765515000
449.02695358885853,813.2984146941678,776.80050,7768005000
505.851564172859,813.551658224986,777.02920,7770292000
536.5352005141901,832.3082910441168,777.24880,7772488000
500.9268219349454,806.8764094107562,777.47610,7774761000
465.490997760706,824.1550319275906,777.69200,7776920000
520.645778430573,858.2710989762239,777.91310,7779131000
429.33820459543466,863.633930309768,778.13710,7781371000
419.7622600668792,826.3506031955778,778.35960,7783596000
423.408873678968,833.3069057022143,778.58790,7785879000
423.0780207512526,844.9496305823699,778.81290,7788129000
422.5128676318853,884.882536450095,779.02740,7790274000
417.67307264461857,907.14124785746,779.24980,7792498000
424.25670879271433,915.11341954615,779.46820,7794682000
447.32398248078044,922.7952403615767,779.68620,7796862000
502.765565108282,894.4584222076744,779.90500,7799050000
448.90191944404586,843.6935397358429,780.12520,7801252000
489.09706576320644,810.6564133673481,780.34190,7803419000
459.54406753555435,793.9032789895709,780.57000,7805700000
413.7069449869379,772.3947317574899,780.79180,7807918000
483.1202874176557,772.3866779983023,781.01550,7810155000
653.6326276147026,710.7796884777708,781.23170,7812317000
685.2761981564702,615.7315701023447,781.45450,7814545000
725.8768816196934,586.3176817871289,781.68090,7816809000
595.0364936907637,606.6879214209649,781.89950,7818995000
488.66226678982264,568.0979425408456,782.11980,7821198000
547.1672658081916,553.1435649276277,782.34210,7823421000
638.3480547759095,470.10623726129313,782.56150,7825615000
773.1544643096423,413.3143489488741,782.78910,7827891000
928.063520457147,332.48136303892636,783.00490,7830049000
1040.1740529048623,263.04093061852114,783.23170,7832317000
1186.063135507291,235.71897179499962,783.45370,7834537000
1230.074523373099,230.52382243726052,783.67680,7836768000
1216.914400625747,214.7606047313783,783.89600,7838960000
1189.933221089649,224.69581905253017,784.11800,7841180000
1186.6134811778534,247.20426905188148,784.33600,7843360000
1203.2472616300781,237.5108608586699,784.58800,7845880000
1190.528078135326,232.04667746308152,784.81540,7848154000
1075.199903885205,260.6226439548212,785.03190,7850319000
889.9190211305826,211.65241049597944,785.25470,7852547000
859.0502564759662,353.5368067245845,785.47160,7854716000
805.8909178562807,347.6558623542449,785.69250,7856925000
716.3676855944732,333.62890575955186,785.91890,7859189000
731.462914760933,327.83367484463696,786.13660,7861366000
717.4281494180609,335.9190190476512,786.35280,7863528000
701.2827469635666,333.96784986147554,786.56980,7865698000
722.5903421442985,340.38864174851255,786.79490,7867949000
723.7174241754913,316.57713519307583,787.02210,7870221000
778.0785657865515,293.94818369762726,787.25240,7872524000
635.2576432042067,262.04128960675064,787.46950,7874695000
700.2546038457135,220.2517424523979,787.69450,7876945000
821.4918713921979,260.8192479645153,787.92430,7879243000
906.5526231021308,287.41806325778134,788.14720,7881472000
967.2380881506713,288.1368466450345,788.37160,7883716000
985.7448610666297,324.15368616093326,788.58780,7885878000
985.4994128302367,308.756243896713,788.81210,7888121000
1074.1283430344554,246.9419840469621,789.03970,7890397000
1025.9462536302533,230.81616873484398,789.26020,7892602000
1082.2636582184462,236.2878454945551,789.47960,7894796000
1063.6076422050357,233.82747472603458,789.69770,7896977000
1102.5548794646345,273.5845382854491,789.91640,7899164000
1122.3707270952775,242.63366858839134,790.13820,7901382000
1244.9200429402104,402.5802223297485,790.38820,7903882000
1275.0201915659843,387.4521143850969,790.60950,7906095000
1287.8911631650212,361.2700440351052,790.82810,7908281000
1310.3031071774928,306.9324519914946,791.04890,7910489000
1343.8262669614674,263.6506668945478,791.27590,7912759000
1272.0606922709528,270.3616830438759,791.49720,7914972000
1169.6316821386333,256.69467390239436,791.71210,7917121000
1114.3287641960599,292.21326132876356,791.92790,7919279000
962.3676632648484,308.4472849677198,792.14600,7921460000
891.9303828600451,280.8850575638432,792.36470,7923647000
870.420755194699,290.6733094671619,792.58500,7925850000
963.655066422457,328.0104721174268,792.81140,7928114000
1084.537009984524,323.3962441267277,793.03230,7930323000
1165.5027224088844,353.1504117314833,793.24660,7932466000
1217.8134771542345,380.098204361685,793.46740,7934674000
1262.2755597908492,360.5148439441556,793.69810,7936981000
1226.4367502953344,386.89950643327137,793.91650,7939165000
1252.5555812134594,448.94755714049023,794.13640,7941364000
1281.6027409795688,463.759994588866,794.35750,7943575000
1190.7422179143714,568.1257755940288,794.57030,7945703000
1103.4947787275341,613.0844666208784,794.79010,7947901000
1027.2033945132655,633.2808463038044,795.00700,7950070000
879.041259063954,648.4029963899349,795.22570,7952257000
643.6699046064157,608.9042307085724,795.45000,7954500000
565.3300722970192,599.1350060515333,795.67590,7956759000
537.1515618907563,557.6804532948449,795.90370,7959037000
473.24178863340705,524.8314276399212,796.12490,7961249000
549.1400112396658,474.32112850323676,796.34820,7963482000
730.2645385345777,404.7335963926887,796.56990,7965699000
893.2489735646427,402.4827960808861,796.79890,7967989000
1016.339197066349,388.8964092148821,797.02320,7970232000
1112.5468238984183,379.02857787264844,797.25280,7972528000
1226.2418474465235,366.80089640533464,797.47020,7974702000
1317.089668450423,401.1644451208294,797.69120,7976912000
1415.5773336481814,380.0959109374285,797.92270,7979227000
1462.0822189168573,459.48986674735863,798.14230,7981423000
1563.4471417558161,548.1065260784844,798.35940,7983594000
1588.7481024060025,575.8079585032724,798.58180,7985818000
1626.4585995773025,577.0015053130644,798.81700,7988170000
1602.6828111576415,603.9056776975134,799.04920,7990492000
1539.345361545426,631.2424872414892,799.28630,7992863000
1537.1985422131047,644.6332241684457,799.51040,7995104000
1348.909488642277,592.354305284175,799.73580,7997358000
1229.5708883036905,595.8468557059948,799.95700,7999570000
1072.7277012197871,610.7803801460796,800.17150,8001715000
1041.618166925456,590.4936880379089,800.38920,8003892000
936.4195520851505,513.6996072888537,800.60720,8006072000
924.2603449842853,470.22684148956677,800.82510,8008251000
868.7151046522885,402.00701205474974,801.09400,8010940000
838.4264071233733,362.81226382695434,801.31600,8013160000
844.1628380369921,338.22266420309523,801.53970,8015397000
875.2588375136576,335.24012279915445,801.76040,8017604000
913.9686707249318,310.3205633176936,802.00770,8020077000
999.3468100700635,301.7214060409672,802.22580,8022258000
1066.7528824156193,317.7884640728787,802.44920,8024492000
1081.0307825706936,310.3680359247144,802.67360,8026736000
1147.1276128647798,303.31227064273423,802.89830,8028983000
1241.7424783622614,288.5968763114124,803.11830,8031183000
1327.1921007156695,243.9704480654468,803.34440,8033444000
1347.549256464004,203.79394474410074,803.57110,8035711000
1369.2119475273905,208.24603732670985,803.79500,8037950000
1413.487658066511,388.6865614951255,804.02390,8040239000
1400.7972382412197,385.12121351820167,804.25010,8042501000
1433.1965457993795,395.31775916274995,804.48140,8044814000
1414.1769484673955,373.5196422770978,804.69770,8046977000
1369.953400696386,362.21432788596525,804.91640,8049164000
1354.3145806207774,347.54730619610507,805.13210,8051321000
1380.0501324349686,304.133315924148,805.35650,8053565000
1478.579982442827,312.21869176190893,805.58470,8055847000
1539.7457215562824,347.80893745026407,805.80370,8058037000
1579.9535454268141,378.7924975716733,806.02560,8060256000
1590.9771795181634,386.86586572429263,806.25610,8062561000
1648.1954643698978,444.8515403790161,806.48560,8064856000
1620.960069032192,471.16678697897817,806.70700,8067070000
1576.9221471576031,501.88116296917724,806.92660,8069266000
1568.2900564670294,511.5297660251592,807.15350,8071535000
1606.3371233708774,543.8535254714149,807.37520,8073752000
1535.2485214175567,561.052090546821,807.59540,8075954000
1476.3845741684956,548.9071853492457,807.81050,8078105000
1404.2285951875806,561.059162147455,808.02630,8080263000
1160.043094563052,598.5804108749066,808.25630,8082563000
1070.908314918514,633.3631303292806,808.48160,8084816000
971.3695179222854,647.6218801046438,808.70820,8087082000
922.242924795889,642.8332771843719,808.92720,8089272000
822.4591421899106,698.9004211478774,809.15720,8091572000
751.0756212280593,672.5789462345336,809.37760,8093776000
780.3799265623534,655.8865830091968,809.60270,8096027000
708.731477834125,658.1389470119484,809.81860,8098186000
740.416493418751,677.808307282638,810.04320,8100432000
902.3906579016456,633.6305456928068,810.25660,8102566000
1050.6224179606754,570.8475608247705,810.47660,8104766000
1129.2664464191696,491.33878126133044,810.71190,8107119000
1201.5329981851473,422.00294396766697,810.93870,8109387000
1313.5831161831409,444.9730264179282,811.15230,8111523000
1398.150217281806,413.787398626133,811.37480,8113748000
1606.8882864976872,373.4198231036366,811.59200,8115920000
1356.1848809311339,296.66581832531574,811.80760,8118076000
1161.3390730979895,217.31813069823755,812.03160,8120316000
1089.337747311872,197.90786489516174,812.27920,8122792000
1005.5972204494769,199.10930890608535,812.50630,8125063000
878.917429561779,139.7687546548143,812.72940,8127294000
902.6639155307107,104.2343955469825,812.95750,8129575000
912.5191885383235,67.18097725936575,813.18800,8131880000
986.377199037509,59.99511003391255,813.41030,8134103000
1152.3867408765066,166.17594754508997,813.62900,8136290000
1099.8019170530827,345.48209734323143,813.84920,8138492000
1056.5189162286051,417.64684019972503,814.07710,8140771000
1059.7211334866302,543.6630248896964,814.29900,8142990000
1061.9056175972732,694.395415654012,814.51290,8145129000
1063.1332582766915,743.7999358237496,814.72980,8147298000
1031.5563041036914,750.7629003373867,814.95020,8149502000
945.1001012834716,717.6087742606898,815.17050,8151705000
947.0455576851566,731.2854059206064,815.39090,8153909000
875.8060938977636,744.0295573221358,815.61680,8156168000
857.4458475235751,740.9309952608534,815.83190,8158319000
827.9393918422904,737.2761560188899,816.05490,8160549000
791.232064666959,738.6849871457678,816.27160,8162716000
778.0982490933053,682.8569168542049,816.49030,8164903000
762.9802826192825,700.142729643513,816.71570,8167157000
767.6894753959743,692.626159385418,816.93460,8169346000
746.7093044301731,687.6637326250994,817.15040,8171504000
700.2926591885271,645.8813705924897,817.37020,8173702000
717.0988613330834,640.770658465701,817.59270,8175927000
741.793235604687,667.8746598245101,817.81380,8178138000
786.9164729085933,675.5550338738777,818.03380,8180338000
805.7791065712489,637.1614278144863,818.27000,8182700000
800.5904373637587,631.9952263361417,818.49240,8184924000
792.3984435225932,635.6128798325659,818.71150,8187115000
753.2308007858636,623.1660251045997,818.93450,8189345000
800.1527560499871,650.0653201880186,819.15610,8191561000
818.3037194761542,603.2668056463568,819.37800,8193780000
947.4454622744538,598.5062482983313,819.59580,8195958000
1007.5953375995773,523.2346148861316,819.82090,8198209000
1083.6612067572712,505.7675391509927,820.04800,8200480000
1000.1464530212849,396.48667047164935,820.26580,8202658000
1041.897141074534,552.0298825031408,820.51240,8205124000
1102.6392587341788,595.5815158651783,820.73040,8207304000
1136.717011363119,588.9333990172508,820.95810,8209581000
1238.2789076640834,678.8528879546777,821.17830,8211783000
1318.835133776625,767.8182749837752,821.39930,8213993000
1303.8702665846765,775.715652557423,821.61660,8216166000
1246.5292617543753,813.441590570473,821.83930,8218393000
1214.9116024267435,703.0599208270091,822.05560,8220556000
1219.5728090985779,628.0301725370472,822.27380,8222738000
1235.5706634535256,564.1632028318465,822.49480,8224948000
1310.8312470330807,522.9256300206988,822.71800,8227180000
1352.6602625088276,559.4717044536507,822.93450,8229345000
1383.601366996377,570.7110410232948,823.15520,8231552000
1375.3857627667664,584.356450977423,823.37290,8233729000
1306.5722325247311,585.5401264873864,823.59320,8235932000
1326.5926056395945,649.3176241692411,823.81770,8238177000
1251.9573478320247,669.1109746361578,824.05910,8240591000
1230.9113123741383,715.807908975268,824.29180,8242918000
1233.0249175984354,700.8774682719275,824.51190,8245119000
1235.7576401383144,668.7726162443628,824.73770,8247377000
1131.5709206455065,606.6003954354704,824.97970,8249797000
1199.1410244451197,538.9493870459572,825.19810,8251981000
1160.282022024803,503.6114596788357,825.41840,8254184000
1211.3871176675761,466.94309313393296,825.63350,8256335000
1208.141193153929,454.6032607719758,825.85240,8258524000
1278.0392787710725,458.0156084094257,826.07490,8260749000
1286.349161502477,466.81420087983366,826.29420,8262942000
1318.5636686689588,444.462392699684,826.51670,8265167000
1306.2047264436371,454.35349783878854,826.73940,8267394000
1264.9846416833411,458.84063450296026,826.95750,8269575000
1183.686586839304,434.24919220055654,827.18720,8271872000
1151.609413826981,441.7422527310764,827.41440,8274144000
1121.4171805620551,438.8366341806592,827.63080,8276308000
1233.2026862316147,446.15153260861194,827.85120,8278512000
1360.4700744384909,460.237500546632,828.07260,8280726000
1409.472042553997,434.0320654616543,828.29670,8282967000
1398.2083786441674,434.75915549334144,828.51580,8285158000
1334.7259377615014,400.4240929659935,828.74680,8287468000
1354.1548907402125,422.2822622257917,828.96380,8289638000
1297.6036629534808,379.6052133816221,829.18500,8291850000
1269.6971533822034,371.05268386519447,829.40640,8294064000
1223.0228298778145,371.2160907334346,829.62330,8296233000
1187.0275003359134,370.38371803198027,829.84740,8298474000
1255.0399243709667,380.8332546118469,830.06080,8300608000
1337.5562247743144,373.52392278698505,830.27530,8302753000
1374.2030495287281,366.25908020048973,830.49170,8304917000
1395.8079974350815,367.9759121373686,830.71520,8307152000
1359.689889767511,322.14108222741623,830.97650,8309765000
1318.3519825891033,314.80520580707577,831.22550,8312255000
1336.003883393388,306.3512980101296,831.46650,8314665000
1324.0198654211945,319.13854947316963,831.68820,8316882000
1317.694621293681,340.7939548283069,831.90580,8319058000
1258.0669227935211,326.94322764380706,832.12170,8321217000
1275.4728430419107,324.5723808181881,832.34530,8323453000
1349.9432863527086,310.9581113521012,832.59040,8325904000
1299.4681134811945,287.4978420745188,832.80840,8328084000
1317.8332918355309,258.19111359325126,833.03120,8330312000
1302.7737981101045,260.08008064713357,833.24900,8332490000
1329.624028905537,256.1330237412718,833.46700,8334670000
1288.9932434006764,260.3514040587665,833.68690,8336869000
1194.4483552313625,230.85415334134476,833.91440,8339144000
1279.8956023650276,230.5855662477196,834.13470,8341347000
1326.995547757916,270.47104049233513,834.35210,8343521000
1382.417891230891,261.8819262850377,834.57060,8345706000
1444.0866019519922,282.1944695857168,834.79450,8347945000
1303.9809909091123,236.11997513644678,835.00820,8350082000
1225.7764794278544,216.45790119645494,835.22220,8352222000
1188.2542167196887,221.87926972925717,835.44190,8354419000
1256.4546994789725,272.9329744225606,835.66120,8356612000
1315.712258161977,268.58879004696837,835.88230,8358823000
1351.2433415054643,274.5508314563488,836.12190,8361219000
1448.4785076312578,286.77419069412514,836.34890,8363489000
1452.1198901360067,280.95174035102224,836.57300,8365730000
1517.8727997260128,275.84672059496285,836.79090,8367909000
1567.1244479561244,271.513322656842,837.02120,8370212000
1542.4177042781755,291.77808000775605,837.25800,8372580000
1515.1783020259847,345.8707020096314,837.47930,8374793000
1514.7174559761663,394.35752455881754,837.69730,8376973000
1481.3166524284497,466.53337189163403,837.92440,8379244000
1447.3844931031347,478.12423083241407,838.15290,8381529000
1349.124323302248,516.5776426466259,838.37170,8383717000
1330.5855282121788,555.3247216123146,838.59850,8385985000
1218.411133212343,545.3797112060254,838.83080,8388308000
1250.205810659497,559.2484984502264,839.05850,8390585000
1206.054235881874,525.4208117274375,839.27590,8392759000
1191.032922267723,504.57349136294243,839.51470,8395147000
1180.4884239305832,495.15772319019896,839.73980,8397398000
1072.0378216191573,458.59429242166993,839.96270,8399627000
1007.346071331422,433.5226290049114,840.18410,8401841000
992.8450247340202,428.07996225885165,840.40800,8404080000
944.3125217959451,474.79391523153936,840.63560,8406356000
859.3692273664333,438.6520888539788,840.87360,8408736000
754.4289204707381,421.49516765791407,841.12140,8411214000
746.1002874273441,427.6780081234245,841.34770,8413477000
720.9417258489001,433.26193491239076,841.57000,8415700000
766.2934803745571,487.8707835830337,841.80960,8418096000
802.9069081589276,473.5512296881552,842.03400,8420340000
795.5161416658757,494.6833452923288,842.26940,8422694000
757.7033623454614,523.009624574402,842.49400,8424940000
668.6910298652375,513.9646002939184,842.74130,8427413000
580.4598325152735,460.995601091687,842.97690,8429769000
536.7045326859042,403.9775404786888,843.21950,8432195000
445.87362390751207,377.76500607346736,843.43710,8434371000
420.8268683991875,349.3500950581048,843.65550,8436555000
336.8696563679512,328.7478243075111,843.87240,8438724000
353.72115530268525,339.3875805382479,844.08950,8440895000
341.2494604168067,307.5779851115957,844.30950,8443095000
321.55330245482423,287.6490479706675,844.52430,8445243000
312.77888065154787,321.33793180058507,844.75160,8447516000
277.9386004387247,339.9671151625075,844.96250,8449625000
296.41973497193396,350.9759969879338,845.18520,8451852000
265.5665015441628,407.91950630864886,845.40630,8454063000
223.35104660196353,383.5200221602492,845.62560,8456256000
256.6674367983161,459.6221597327416,845.84450,8458445000
309.9999021565902,498.15412733167443,846.05960,8460596000
320.4367080869233,466.33303642618756,846.28210,8462821000
233.00576551585334,466.14768859390705,846.49730,8464973000
197.91891912701365,453.11757624395057,846.71520,8467152000
140.42205682257463,461.26807090535897,846.93630,8469363000
176.19962542791274,521.2853635197246,847.15210,8471521000
244.7949702919069,531.3808799784782,847.37740,8473774000
237.91559980761014,480.31943165380625,847.59940,8475994000
251.54978630518647,417.1149843522063,847.82420,8478242000
264.88405063027415,378.9625178870475,848.04860,8480486000
289.4442668132987,394.6421755508055,848.26870,8482687000
300.79209254264964,384.3803477842588,848.48160,8484816000
353.1160290057769,371.4993687286757,848.69890,8486989000
383.62434870963057,341.0003620151243,848.92100,8489210000
381.1865601425727,364.70759677272906,849.14270,8491427000
374.2570312191087,387.7552939831773,849.36000,8493600000
397.0496697350429,398.6479052582129,849.59340,8495934000
426.8572975947573,402.6341282278433,849.81680,8498168000
399.5920471952302,389.80047745924855,850.03330,8500333000
314.0817411675059,367.57333914447275,850.26230,8502623000
275.8183972488089,344.3928292164689,850.47980,8504798000
233.23936948211448,336.71873771707067,850.69770,8506977000
217.89703728553974,387.81931379468705,850.92130,8509213000
197.71521383759534,359.07048430939096,851.13980,8511398000
164.25243681040524,344.1582428203108,851.35670,8513567000
161.45246013365934,341.7803656798681,851.57930,8515793000
176.89409591472352,321.9901276426524,851.80260,8518026000
204.16658061863455,388.64296605102686,852.03310,8520331000
212.95060302916104,409.9509764387667,852.25970,8522597000
244.0944635838255,497.72914586390425,852.48460,8524846000
236.41957480188378,627.5900241552716,852.70780,8527078000
303.25144759549426,652.0922332866769,852.92460,8529246000
273.9247335165473,692.7267538705955,853.14750,8531475000
321.1210624126699,714.0282212486351,853.36280,8533628000
332.75095834442186,787.0961680685417,853.61080,8536108000
335.1447047609966,796.8339257547068,853.82720,8538272000
414.47294770146243,807.5449645002662,854.08810,8540881000
457.79596926890423,819.8422286347534,854.30750,8543075000
492.88791076695,788.6146015575594,854.52290,8545229000
451.23401173286726,805.5042676160159,854.74110,8547411000
358.5429778526509,719.3065288970356,854.96880,8549688000
391.1074392043806,621.6786783371301,855.18610,8551861000
349.5523098720185,621.5885227414482,855.40990,8554099000
348.58792946124106,628.9055105132134,855.63050,8556305000
348.6139037897408,607.2412201098681,855.86580,8558658000
433.46345992659155,638.3729110359245,856.08710,8560871000
388.06014971163773,629.297588882521,856.30280,8563028000
348.23601570044855,614.4011582130676,856.52050,8565205000
301.0228771307227,627.1022672019666,856.73920,8567392000
252.69352932043023,613.1882030785741,856.95410,8569541000
262.5126651413069,584.44541490164,857.17320,8571732000
229.22782399402723,588.557024240785,857.39400,8573940000
227.43285464333425,623.8809587697363,857.61880,8576188000
184.71307908857605,641.0313513754674,857.84330,8578433000
201.45612215060225,671.337406681812,858.06310,8580631000
318.186007844409,700.2316639790278,858.28820,8582882000
312.30069259755453,698.1403240714696,858.51760,8585176000
293.43068274922103,713.3023764210094,858.75470,8587547000
307.4489515771473,675.5487730224044,858.98290,8589829000
292.5111739048119,622.0082838043885,859.20230,8592023000
242.01456935810586,561.6013264473686,859.41890,8594189000
283.04068822817123,558.5905956554302,859.64340,8596434000
312.4362613843851,602.4075666954897,859.87190,8598719000
315.4254827453249,616.7410842789898,860.09740,8600974000
278.19798127213267,617.8783679498306,860.34260,8603426000
271.718157081493,637.3210996927187,860.56600,8605660000
363.5307271552365,713.8965148420103,860.78870,8607887000
443.1831952363327,791.8435254667211,861.00530,8610053000
442.32713032407065,812.6391506081617,861.22630,8612263000
522.1129130131717,835.5806730129738,861.44320,8614432000
569.5478715261978,859.3392992091135,861.65670,8616567000
605.4569624917499,862.8518880565439,861.87470,8618747000
622.336750525141,867.7205304317018,862.09260,8620926000
629.4961711972879,884.0167217118562,862.32310,8623231000
679.1538909255605,931.745097199762,862.54490,8625449000
715.8469359390278,904.9290095960879,862.77240,8627724000
704.4762036092228,933.5804758689281,862.99820,8629982000
823.5577550989764,952.3695226096492,863.22330,8632233000
927.0449231771222,924.5879000972571,863.45200,8634520000
947.0983379867989,922.8774802357982,863.68120,8636812000
877.8552113155473,907.9709043583077,863.90530,8639053000
973.4493511459597,952.9778580827791,864.12180,8641218000
901.4640324074604,930.2259254553614,864.35150,8643515000
851.2738771727553,946.5580924127934,864.57120,8645712000
838.2129355204457,912.1483629910842,864.78680,8647868000
842.7362801434703,921.8443872106994,865.01210,8650121000
843.4928602743968,921.0613714383543,865.23240,8652324000
818.3116512354547,874.5837568134576,865.46230,8654623000
837.3912726533744,871.4990085481979,865.68050,8656805000
887.8088397657809,837.2869219916053,865.90360,8659036000
883.9443789940744,858.7574980327626,866.11770,8661177000
864.0267300486429,794.0521684655924,866.33330,8663333000
775.2224677844832,698.4907945596559,866.55080,8665508000
879.597428222886,600.7461348133824,866.78850,8667885000
872.5937747711235,542.3112784291468,867.01030,8670103000
914.2336935152437,478.459185823096,867.22490,8672249000
963.9667149424351,460.8772352641931,867.43850,8674385000
989.3406787499937,415.2398747399259,867.65660,8676566000
973.7178626694437,369.3874157100993,867.87290,8678729000
868.9195262049086,320.3088566626161,868.09170,8680917000
893.2925498630835,442.8840531032712,868.31270,8683127000
879.754855262757,552.898675179013,868.53260,8685326000
948.6536406604604,646.0360091931797,868.75670,8687567000
971.3815517039462,687.5939081113492,868.97610,8689761000
900.2603608173049,669.3624896286979,869.19300,8691930000
780.5242268588751,618.1862379328885,869.41750,8694175000
717.4209787015857,540.42809170996,869.64580,8696458000
692.4159502602722,562.3522362678018,869.86600,8698660000
623.8459674671722,617.2658231377625,870.08990,8700899000
534.1865119869641,652.5979657451587,870.31420,8703142000
511.59471496510656,716.3536779884403,870.55380,8705538000
513.4815474943889,746.4407760092137,870.79380,8707938000
601.5557584903619,801.4301536032475,871.04200,8710420000
686.3133330333045,845.4501803840594,871.26220,8712622000
713.3455583720691,889.2317811032627,871.49340,8714934000
788.5671913470314,943.2200994156475,871.71580,8717158000
837.5709157556411,974.4707137261403,871.93550,8719355000
858.3855697080878,1000.648570761838,872.16190,8721619000
930.8331971244957,983.8235486186159,872.38530,8723853000
971.5298514837393,958.048257343583,872.60630,8726063000
858.7300022132026,894.614058509966,872.82720,8728272000
789.0268135333228,762.0753306924687,873.05100,8730510000
673.3207731600874,632.3560396621267,873.27230,8732723000
570.3488072895159,535.8907503844691,873.49300,8734930000
511.51332854433053,429.5782261708405,873.71500,8737150000
418.3140432583443,376.95076601754056,873.93330,8739333000
373.5536114420699,321.04740292070784,874.15340,8741534000
292.1460996832085,242.9972403613477,874.37390,8743739000
207.0585887326941,219.98790159918406,874.59260,8745926000
180.43813035136054,235.29453766769586,874.81970,8748197000
218.49624830756198,270.03934730390137,875.03700,8750370000
211.32241843941722,282.22508889194114,875.25350,8752535000
166.5383455724263,274.7290928325616,875.47720,8754772000
219.3407583440121,327.52214485747794,875.70080,8757008000
180.460561879585,311.42271209232507,875.92950,8759295000
171.03553452669897,303.8192106725313,876.15940,8761594000
187.4637702278681,300.139970004493,876.38450,8763845000
158.35354277315173,392.9161449998955,876.62490,8766249000
227.2874084734588,509.2080182802446,876.84840,8768484000
268.2883631628024,595.6032387243696,877.07120,8770712000
291.6597605768591,652.3633931297161,877.31430,8773143000
333.2907472158355,759.017375400363,877.53200,8775320000
451.84897073867876,785.7081595826775,877.75020,8777502000
476.5780994118017,744.8007311232619,877.99470,8779947000
448.2486668926895,654.883929649137,878.23910,8782391000
394.74641460825694,617.9135333107869,878.46990,8784699000
333.07838854856544,545.5533445221516,878.72750,8787275000
385.81813938584537,638.6735391321581,878.95140,8789514000
482.8059687988971,695.2779437463325,879.18480,8791848000
727.6981683593983,747.1576610449276,879.41130,8794113000
812.0115108652284,808.601458291572,879.63160,8796316000
908.5891796512136,886.4628721276213,879.85680,8798568000
903.8365693983144,942.7902164232335,880.08200,8800820000
855.7420389513262,961.3740480577009,880.30930,8803093000
864.3566080186004,1007.9706906047982,880.53200,8805320000
871.076993262522,1060.3916779387018,880.77610,8807761000
797.646078116589,1080.66810873884,881.00430,8810043000
842.6250168583217,1134.0782199519501,881.23180,8812318000
771.4634328179752,1119.3993267878761,881.45520,8814552000
847.0727056553826,1077.1743742764413,881.68130,8816813000
743.5339626953622,1015.8444254553023,881.90020,8819002000
619.2082199983678,968.3011854437225,882.11590,8821159000
653.0181956286323,911.6043170158239,882.33820,8823382000
630.9515357110776,860.0977032183267,882.56110,8825611000
595.7947284840457,827.8205616026851,882.79010,8827901000
461.9937668015574,810.7725236692197,883.01240,8830124000
454.07836578007436,827.104233701935,883.23500,8832350000
464.8534316349881,784.8985246225645,883.45660,8834566000
412.281390046154,813.2679771175002,883.67970,8836797000
457.7432990685702,858.4204934803687,883.90610,8839061000
432.3364487378386,878.331672942498,884.12410,8841241000
408.5063538632429,905.6830181677745,884.34760,8843476000
355.0052198222788,906.2731081624412,884.57400,8845740000
328.1905153866331,907.4913318100528,884.80240,8848024000
287.9956411863316,950.152500991803,885.03440,8850344000
315.24349768786203,954.5549195151466,885.26070,8852607000
411.0729767441827,931.5394239912414,885.49140,8854914000
500.41760977735464,936.8702396263063,885.72080,8857208000
654.0186143015271,924.7028421611953,885.97950,8859795000
734.0265292676871,808.9166804801694,886.21340,8862134000
812.1566631505506,757.9140973223417,886.44140,8864414000
758.8733496727966,735.9694360851116,886.67150,8866715000
714.4234727581736,768.6330651583534,886.89940,8868994000
626.5613289863584,683.6269155437878,887.11770,8871177000
485.0174751725983,611.7914544048895,887.34780,8873478000
428.69340711502826,535.6176110417398,887.58070,8875807000
350.42815046112037,491.37442937024105,887.81180,8878118000
371.9285827820263,388.6647430655399,888.03170,8880317000
340.43667137458755,325.08395822313923,888.25840,8882584000
337.0534444667065,370.17409349861947,888.50810,8885081000
489.59736432356704,483.55416986585965,888.73520,8887352000
507.3575624333792,544.7436151785216,888.95770,8889577000
496.57387298801484,540.7111216315812,889.18770,8891877000
511.55143295679727,527.863442414058,889.41190,8894119000
594.2597946643741,551.7822806605787,889.62980,8896298000
616.0550015449253,488.8281165223696,889.84820,8898482000
708.8212769930825,462.2606406437283,890.07540,8900754000
722.0783353165534,438.11658529370567,890.29420,8902942000
826.656131557241,413.9667140438236,890.51490,8905149000
914.3885482284961,447.07302240409655,890.74100,8907410000
951.4134335128539,417.7912168207289,890.95740,8909574000
1072.2239600186144,364.2284245478922,891.18230,8911823000
1034.8765981574297,339.32677931734173,891.40990,8914099000
1019.3542159593004,430.06204810612684,891.62200,8916220000
983.9241535587903,568.7056180703834,891.83860,8918386000
991.1722840971859,544.4293753832073,892.06150,8920615000
957.8692656444924,620.325466696442,892.28710,8922871000
1051.8452476234609,704.3771125399194,892.51300,8925130000
942.4274159474113,770.9955541395899,892.73880,8927388000
908.9397120709252,756.5766300949316,892.96600,8929660000
890.1855892495543,806.4182708124222,893.18870,8931887000
801.368850651063,731.6858122031593,893.40950,8934095000
780.7499385021166,681.3065179262618,893.63070,8936307000
777.4026294817423,651.6076589851117,893.85490,8938549000
664.4818496795406,587.7440322963993,894.07580,8940758000
614.1672277405702,570.5572555379972,894.29460,8942946000
543.0866491593058,594.9250314779163,894.51160,8945116000
438.9930577740326,556.6050612448162,894.73510,8947351000
507.96124571628803,525.1280207714813,894.95520,8949552000
577.2729395160895,520.4444018265714,895.18660,8951866000
524.4896824612575,450.95785563823546,895.41090,8954109000
519.5919965174284,384.0784341919389,895.63050,8956305000
515.4599266212637,313.8441077861812,895.86080,8958608000
455.4289710733727,258.8125094826082,896.08520,8960852000
487.6543737675786,279.4527337786177,896.30840,8963084000
424.9908568219795,361.3698602306704,896.52310,8965231000
314.48946081689223,402.5291228271447,896.74540,8967454000
321.95372440849803,351.94675164001944,896.96260,8969626000
406.59216367808034,320.3661572104371,897.18850,8971885000
572.0729162220916,370.3767445922828,897.41300,8974130000
778.4414227623454,419.1680016724087,897.63610,8976361000
763.4775194643323,383.1331419835236,897.85450,8978545000
775.6688356775444,383.7542581942405,898.07590,8980759000
814.298679525052,409.665357112473,898.29130,8982913000
872.9122616698312,422.2156138858883,898.51830,8985183000
1008.3305447458688,443.61446642309375,898.73860,8987386000
1003.4060382447834,451.6861036791311,898.95790,8989579000
963.3540831410127,433.7373198195026,899.19020,8991902000
947.5284975309875,420.07782875588174,899.40760,8994076000
912.6124919265243,342.43420015069603,899.62920,8996292000
874.2910916176396,327.4120974126799,899.84850,8998485000
830.9220979696736,338.15575974725067,900.07520,9000752000
733.9068107858124,445.4566647168221,900.29720,9002972000
638.4597497607264,514.0606780268398,900.50970,9005097000
612.7119295247188,615.3352322781566,900.72990,9007299000
535.8093054367602,685.270856106575,900.95070,9009507000
568.7614645041776,557.2973354134995,901.16930,9011693000
721.5861993311845,535.4970629929031,901.39860,9013986000
661.3532877467,604.6442672340336,901.62130,9016213000
687.6282251640671,687.2856570539645,901.86350,9018635000
705.7937741801098,720.927720496717,902.11660,9021166000
670.1738021212246,734.0370590920903,902.34730,9023473000
715.9498040249836,790.2862057746902,902.59010,9025901000
767.9377964817849,778.4952050082346,902.82530,9028253000
743.7421319803376,796.54067843321,903.04240,9030424000
787.6986144845753,804.5361702343903,903.27110,9032711000
817.9393307872821,776.8621892437372,903.50200,9035020000
734.8382788278952,751.5700135260166,903.72190,9037219000
707.3890925003337,694.5700472916684,903.94060,9039406000
805.5772444985842,638.749107081085,904.16510,9041651000
860.2639952660058,617.2124986877226,904.38850,9043885000
881.2012767422754,597.9817259510668,904.60850,9046085000
897.0470730431792,573.0466090919128,904.83210,9048321000
891.2319940459154,617.7126352615937,905.05550,9050555000
883.0052533805799,588.7858253171133,905.28130,9052813000
827.8472562273346,535.5488908037647,905.50560,9055056000
889.9466722697592,455.2305751494444,905.73860,9057386000
797.6552386372144,435.33823919203206,905.95330,9059533000
815.4408097769596,424.71505750886917,906.16170,9061617000
748.7259171182172,460.0833731826528,906.38710,9063871000
717.6175203607963,458.6669750416797,906.60660,9066066000
788.8016794086701,460.3302807720747,906.84850,9068485000
773.4831376067879,454.7156156130251,907.06830,9070683000
822.154368418081,447.91660952179495,907.30300,9073030000
793.2805110726708,399.46950302250843,907.53300,9075330000
702.3116292652809,430.73570910481226,907.75620,9077562000
638.4205623586248,449.55936718275126,907.98770,9079877000
629.1723789421198,454.6686432075395,908.20660,9082066000
611.7252380424426,452.3780363300306,908.42570,9084257000
617.9771027216184,477.93114363062693,908.65280,9086528000
660.0347160703478,405.4468325230386,908.87570,9088757000
731.5680229153331,383.9383978758788,909.09900,9090990000
777.4516533127979,364.62038881738675,909.31970,9093197000
804.6516431282587,457.5549200857592,909.53410,9095341000
722.8863027872789,545.2830829111256,909.74850,9097485000
671.7554867108514,540.6922965515637,909.96530,9099653000
615.8258568987537,554.8680843458646,910.19190,9101919000
695.3826880185196,508.66318073334077,910.41210,9104121000
700.640588292745,520.2515764076138,910.63840,9106384000
701.3241033599583,546.1180765565377,910.85910,9108591000
662.1523577863704,562.7976020699491,911.07760,9110776000
624.1561218162498,560.5893801742577,911.29240,9112924000
562.6945096991094,640.07168526508,911.52320,9115232000
559.821247487336,695.2384804639045,911.74550,9117455000
579.6038787350304,628.8056959080267,911.96410,9119641000
711.2933587520581,531.1479276951458,912.18760,9121876000
755.603101464546,549.2908196997964,912.41830,9124183000
713.2774055530145,576.8847360174806,912.63470,9126347000
660.8619344627787,596.6644591880925,912.85310,9128531000
742.1876684223531,657.9778573240264,913.08090,9130809000
784.5768581170668,685.9911010569044,913.30540,9133054000
923.8446610398105,706.7274951699363,913.52550,9135255000
983.9676433716307,651.6744228677413,913.74470,9137447000
919.7538907578182,685.7427422739823,913.96470,9139647000
860.1171404823953,567.2467962130421,914.18350,9141835000
916.8144590766141,538.6907623584558,914.39830,9143983000
880.6428865779548,533.8015102693771,914.62490,9146249000
782.27456362352,545.1652984808567,914.85170,9148517000
749.715640019494,569.1711823394126,915.06850,9150685000
745.3443990599876,559.8323043809363,915.29020,9152902000
800.6981562081162,572.9072955477111,915.51100,9155110000
817.1999513585354,643.8781912484354,915.74680,9157468000
904.5210357423201,611.7129723280335,915.96570,9159657000
816.4705371210177,510.27921312996517,916.21340,9162134000
768.9648942010842,498.0207894677794,916.44580,9164458000
676.0158859972715,473.30594157533017,916.67130,9166713000
672.1721617260065,456.57895813519,916.89110,9168911000
643.9708300469804,468.30968357006213,917.11100,9171110000
662.8316516594859,480.9772938816397,917.34500,9173450000
682.09006667527,522.2595130528545,917.56560,9175656000
695.5410181989541,526.225926213192,917.78940,9177894000
716.3221990774431,475.9273124466379,918.01780,9180178000
816.7665929696558,494.33285936499465,918.23830,9182383000
864.6174166234373,475.69024471776794,918.46020,9184602000
1106.301012078447,423.2918788222254,918.69200,9186920000
1226.3783572516256,357.90282461250035,918.92070,9189207000
1361.5408489618571,329.1137785037085,919.13970,9191397000
1536.6551878925409,346.46420783395774,919.35590,9193559000
1458.9667514887785,299.79320885437727,919.57860,9195786000
1364.3629112200272,290.68725779220773,919.79430,9197943000
1246.4286822837473,291.7883954954436,920.01320,9200132000
1163.168742467992,271.5355306055886,920.23080,9202308000
1150.531490957825,266.5556105837214,920.46510,9204651000
1049.6407136314622,256.3131504339808,920.70340,9207034000
1015.8152221003105,214.18288922773198,920.92130,9209213000
1016.8731479149282,172.612615679452,921.17470,9211747000
947.1187218279687,208.6794516004838,921.39350,9213935000
922.3077214177499,275.0188268782838,921.61700,9216170000
902.0668684965431,308.008522013689,921.84090,9218409000
876.5643867188476,315.7537322766283,922.07920,9220792000
931.0611781864995,309.0533127463752,922.30560,9223056000
913.5727223698727,431.3438825883957,922.56030,9225603000
880.1530498673525,375.84086770655693,922.81950,9228195000
792.1931312051909,349.34191237859835,923.04350,9230435000
649.3204818951617,337.53961546709604,923.26530,9232653000
557.8264338538667,325.2289568348975,923.49940,9234994000
534.2190284770073,339.18783882407934,923.72750,9237275000
526.4558132036398,283.585405459918,923.96430,9239643000
636.1173126718245,276.9607715189864,924.20040,9242004000
711.1864115298126,265.04455325650673,924.42910,9244291000
726.5505262649843,226.3771302617741,924.66010,9246601000
863.887701960817,257.18130405548806,924.89780,9248978000
975.0231763412282,254.6527395704429,925.13110,9251311000
949.5191130843492,285.6105100615371,925.35850,9253585000
976.1740082212389,261.2254564570448,925.59330,9255933000
1024.088245836504,274.5034255734789,925.84810,9258481000
1052.3508450671975,230.1791813117754,926.06670,9260667000
1145.9624237424873,200.20347310823556,926.29030,9262903000
1151.439514389769,186.29902613485737,926.52980,9265298000
1084.8174543469738,231.97601118808936,926.76140,9267614000
1068.6945782048767,226.80134871574464,926.98610,9269861000
1041.9666534483572,219.83248172604982,927.21780,9272178000
980.3696478759657,213.73477218535336,927.44900,9274490000
997.8964827917185,172.84782282794976,927.67840,9276784000
1064.7386576422396,213.1382823666409,927.91020,9279102000
1066.3632277730792,265.4786904862975,928.12900,9281290000
1110.344962175196,321.19728921123266,928.35190,9283519000
1105.6741130878067,373.6316748909463,928.57140,9285714000
1144.8933261004347,385.7934955473923,928.79480,9287948000
1212.5778862540828,402.8468315878426,929.04390,9290439000
1329.6344148788412,446.16811767599825,929.27900,9292790000
1304.3055669969067,400.08490048921453,929.50060,9295006000
1340.3461955821638,397.97062553097146,929.71600,9297160000
1374.3950435586153,374.18878964236126,929.93870,9299387000
1327.311661464025,340.85886425576643,930.16200,9301620000
1250.437491667165,320.130617741667,930.38730,9303873000
1177.0245662108207,281.7043795638524,930.60550,9306055000
1167.8386458667417,275.1517878867261,930.81850,9308185000
1180.2725435330694,251.5192017670812,931.03730,9310373000
1159.80946064723,235.82879150337203,931.25820,9312582000
1186.1506615163444,208.2946691071753,931.47390,9314739000
1144.9721532093508,208.19643532771872,931.69120,9316912000
1063.1018337909925,208.6545508729306,931.91620,9319162000
975.0436324576241,233.4255486401383,932.13970,9321397000
929.0381099369079,248.03007999318675,932.35710,9323571000
920.7300874278835,329.3014606452815,932.57830,9325783000
864.6556022420623,327.93769479547876,932.79560,9327956000
857.3447057202113,356.99297588468073,933.01490,9330149000
879.1277569766851,335.42441838051,933.23770,9332377000
962.3778161811579,310.78577342356033,933.46490,9334649000
999.3977174032663,329.64444512809195,933.68510,9336851000
1053.4537809083024,316.6542482027135,933.90490,9339049000
1168.90818276323,306.1428758854027,934.12150,9341215000
1246.147517774673,315.8340860332956,934.34440,9343444000
1303.495261538657,281.92756440776355,934.56650,9345665000
1251.4481344940446,262.3569743825339,934.78840,9347884000
1226.3906976111111,229.13829472670528,935.00710,9350071000
1262.9446588689452,241.1169087060404,935.22570,9352257000
1188.850453767185,202.4629111075186,935.45390,9354539000
1141.5284425923248,186.34529479613226,935.67670,9356767000
1203.0798653843815,188.6134823454031,935.89580,9358958000
1188.4680403617865,171.2519176081816,936.11060,9361106000
1211.4022221209407,156.846504914605,936.32760,9363276000
1317.6527188616112,151.8804625107375,936.54500,9365450000
1330.8212329938754,206.81348080277414,936.76170,9367617000
1357.3964845788555,272.50601813969513,936.98280,9369828000
1376.4053420895752,277.92287125079423,937.21160,9372116000
1348.3089813700196,295.88403669888146,937.44360,9374436000
1312.924120706301,279.29562889286603,937.66010,9376601000
1253.5910283283836,273.2250614379772,937.88680,9378868000
1296.4308302091504,283.35218530239865,938.10920,9381092000
1291.6583305209958,278.14053079425014,938.32970,9383297000
1334.6093852509878,261.8837325396801,938.55080,9385508000
1357.0208160527964,267.81985136005454,938.77070,9387707000
1337.9859310436846,275.6829605279496,938.98950,9389895000
1346.5548956150988,245.83407263518365,939.21750,9392175000
1240.8955599944256,242.18240075260704,939.43580,9394358000
1141.7331259224597,296.94015920381617,939.65570,9396557000
926.7162546155374,291.70575785468935,939.87480,9398748000
705.5328555233293,267.4787042660115,940.09330,9400933000
694.6008240024643,300.8419812794598,940.31650,9403165000
667.1183082688275,293.3484703610855,940.54150,9405415000
686.7149005740132,295.5756605306488,940.76420,9407642000
637.5495394692988,378.25305534586914,940.99560,9409956000
592.1491145796397,445.320050318427,941.21550,9412155000
645.9940541445576,554.5628917921318,941.42780,9414278000
775.7581641948075,672.3434740094069,941.66520,9416652000
845.5686841632177,759.5407310577039,941.90160,9419016000
903.5284495818958,798.9410231247483,942.11920,9421192000
1028.3414931112081,832.3866656904563,942.36420,9423642000
1134.465400110201,858.40488871077,942.60300,9426030000
1266.4920605759355,889.1544744944673,942.85060,9428506000
1323.4344296475156,912.0174464136273,943.09500,9430950000
1340.909309269732,888.6468176156378,943.32560,9433256000
1196.804403656225,774.762465195857,943.56230,9435623000
1074.3194486921038,684.7310392365189,943.79010,9437901000
1004.6281550605003,615.5914478739797,944.01630,9440163000
967.0436387285258,595.9827786779614,944.25150,9442515000
839.6018724888983,567.9846109582826,944.48180,9444818000
818.3691165223964,502.03697254189814,944.69900,9446990000
751.1180586750204,456.3728677467936,944.91480,9449148000
672.8188241256767,420.64812026707705,945.13760,9451376000
694.8806723017182,429.04992999215733,945.36830,9453683000
607.715675434319,423.7879557724797,945.58740,9455874000
592.5357271265918,419.6169744971958,945.80600,9458060000
600.205714773144,438.04507694492696,946.03200,9460320000
591.2640496594101,439.80481552396117,946.27350,9462735000
555.924370027871,408.97397045830485,946.50080,9465008000
498.5651833229698,421.11946597112984,946.74180,9467418000
405.08977837425533,436.90055349863286,946.95890,9469589000
308.88385175804484,459.78409512562575,947.18730,9471873000
271.58069797635153,440.11483791012216,947.41490,9474149000
129.01590935915027,434.2984829866996,947.64500,9476450000
123.40785906160609,406.2786782056393,947.89230,9478923000
76.68952582795791,395.79015424250974,948.11930,9481193000
78.33665792403178,422.84898353582787,948.35580,9483558000
93.23293734766817,429.52116595062455,948.60310,9486031000
129.20047272290918,469.56057645439836,948.82370,9488237000
177.10037357844618,474.9852103765606,949.05020,9490502000
284.4456970214251,474.8823034810408,949.27490,9492749000
311.5394775523158,522.9372498144436,949.49030,9494903000
354.47190940897923,577.2034579317318,949.71920,9497192000
393.9986736805845,590.2029627388935,949.93790,9499379000
445.74263550504025,614.2349180549678,950.16050,9501605000
544.069647227164,648.7653764082501,950.38070,9503807000
530.9191108412859,694.4512139630538,950.60320,9506032000
487.9376702387638,587.5894730593542,950.83090,9508309000
487.1358444571086,522.3147006632652,951.05980,9510598000
545.0949086702326,481.52360715179657,951.29920,9512992000
603.5657322654351,401.7413144833756,951.52720,9515272000
707.785804769056,334.41601371785697,951.75380,9517538000
769.9011512191474,312.8612406172336,951.98790,9519879000
916.3439413328595,275.4993377498358,952.21000,9522100000
978.3350440852358,236.09536039517045,952.43610,9524361000
1048.4204960840632,248.25098825792927,952.68230,9526823000
1168.757295101444,223.27532757973938,952.90980,9529098000
1324.0196743085953,254.99775875042118,953.13260,9531326000
1379.7035510389464,282.8476481514877,953.35130,9533513000
1397.961528766623,293.10927871039235,953.58160,9535816000
1223.3679823286823,267.0041426177216,953.81060,9538106000
1146.7923987335612,321.15073035957397,954.02650,9540265000
1121.284355353024,323.197151816506,954.24900,9542490000
1018.5405985600777,372.794264398326,954.49460,9544946000
895.070722276462,379.0315191402231,954.72180,9547218000
766.351015418583,361.451881619385,954.94330,9549433000
653.7141307750583,306.90591443978036,955.16440,9551644000
538.9676971839302,276.5890786483031,955.38680,9553868000
458.715966052192,278.06575112481374,955.61250,9556125000
411.47252608750915,319.03821310222673,955.84920,9558492000
313.04599886144615,307.56494391650835,956.08680,9560868000
281.0118400401371,346.2232722957146,956.31900,9563190000
250.03085331068007,333.4709056964476,956.55950,9565595000
172.76373409204388,324.75237566034787,956.78080,9567808000
155.08423895345348,362.9386617579705,957.00770,9570077000
146.5228606947555,350.8802783725364,957.22270,9572227000
177.70863580062348,372.4154223723041,957.43980,9574398000
268.61331082878564,367.3267860763884,957.68350,9576835000
302.70019634187497,356.83214251310574,957.89820,9578982000
315.4066876826208,375.1692851269707,958.12410,9581241000
304.37922935676323,352.8349232320048,958.34040,9583404000
329.35149914866645,363.70073874539673,958.55900,9585590000
368.2738801144524,494.5867094901835,958.79530,9587953000
477.94070527149887,578.1383323744828,959.03190,9590319000
588.9594659557556,535.7806050749332,959.26420,9592642000
670.5607078907781,535.572595703722,959.48770,9594877000
721.69842431041,508.3128586437994,959.72210,9597221000
627.5770586411907,477.24108443364975,959.95420,9599542000
801.6159017761897,461.21056719842363,960.18790,9601879000
808.1056834094056,468.871148518069,960.41120,9604112000
772.1927270616749,551.7090165147576,960.64310,9606431000
827.0414273944025,593.3857537942263,960.86140,9608614000
871.8538894618368,626.9689650048633,961.08480,9610848000
982.532731048559,706.0750387622145,961.30950,9613095000
1152.1264097694798,739.6062984566756,961.52630,9615263000
1184.1534447590072,691.5297024905873,961.73900,9617390000
1181.6769747141911,717.1766774443344,961.97050,9619705000
1380.474724378458,631.1989687759846,962.18890,9621889000
1452.7881890039587,593.1100955632255,962.41690,9624169000
1575.7633054133557,534.9611678828078,962.64130,9626413000
1658.5801078596571,513.3313821854726,962.87770,9628777000
1604.8559964699866,428.1513072256262,963.10080,9631008000
1414.341580454816,347.7517784447103,963.32870,9633287000
1243.5617674109183,293.5794146117862,963.55880,9635588000
1072.6031403921538,307.6777132501694,963.78310,9637831000
940.6173111113617,372.32866353999736,964.00650,9640065000
916.7739929312803,347.724076421308,964.23010,9642301000
850.1961091323394,382.03502207989897,964.44960,9644496000
758.9387902240227,387.30359367119144,964.68830,9646883000
746.5495533359016,436.1338634467564,964.91580,9649158000
702.7592493167147,409.2260245437661,965.14240,9651424000
689.941931810046,430.59529140361957,965.36860,9653686000
723.2835809263103,479.8872121332097,965.58890,9655889000
712.0580780175259,499.64807033631183,965.80530,9658053000
707.4788387839849,467.58362688939496,966.02530,9660253000
751.6722413892677,430.7965618079777,966.25320,9662532000
831.7040573494866,404.3224127324101,966.47900,9664790000
908.0692257359857,412.69140457571666,966.69930,9666993000
993.6027718508959,404.76398333165884,966.91700,9669170000
1031.9922197363949,392.68715100494853,967.14040,9671404000
1093.1841199139906,438.13589483666453,967.36840,9673684000
1055.724685715506,478.1764819654991,967.59750,9675975000
1043.4629981626917,500.4551877132408,967.83390,9678339000
1058.488913413337,543.8973557364152,968.07540,9680754000
1037.069058234239,566.612830326046,968.29900,9682990000
968.711356289963,531.6236899456716,968.54230,9685423000
902.4305499446048,465.512333829565,968.76330,9687633000
868.8149762394416,453.11600370744145,968.98070,9689807000
792.0812588645716,470.89415635758763,969.19520,9691952000
746.3287776041626,478.8906855846517,969.41730,9694173000
707.0191878790714,477.15250237258965,969.64210,9696421000
667.0054210442181,489.75863257322806,969.85640,9698564000
689.9290263649699,496.53623822719015,970.08560,9700856000
753.9710385958208,547.8757074817535,970.30720,9703072000
758.3558394707442,578.1266385355037,970.52190,9705219000
802.6849437178586,604.2845357226818,970.74410,9707441000
735.7351290115678,631.8562603389518,970.96620,9709662000
798.3970214382186,643.1355377555084,971.18390,9711839000
821.8839989122456,621.2481366110188,971.41790,9714179000
777.8640504881005,654.7543045226054,971.64510,9716451000
757.7383184535047,659.0449930334811,971.86710,9718671000
739.3780060615996,649.101396859907,972.08550,9720855000
745.0576843533611,714.6366082400863,972.34640,9723464000
733.1793122556187,693.9583917311917,972.57640,9725764000
740.7015386610313,650.8580882788573,972.80610,9728061000
755.6643189421783,658.7028742194418,973.01770,9730177000
806.8147795712433,645.0906366707196,973.25190,9732519000
853.3298648689394,642.7397057364316,973.47580,9734758000
885.331317978562,689.2595467662235,973.69750,9736975000
923.9484382340968,677.6696590075024,973.91260,9739126000
972.048861109819,673.4895764096791,974.13740,9741374000
997.4600718762393,662.8501357960587,974.35840,9743584000
1002.0451068844083,617.8211298507123,974.57970,9745797000
979.9944790246458,628.0736596339378,974.85350,9748535000
988.4947683860813,595.8089018357492,975.08500,9750850000
1014.2695028436702,607.7435735680756,975.30750,9753075000
1070.0078614397223,555.1450893715596,975.53710,9755371000
1085.8390804839544,526.9220941578856,975.76880,9757688000
1077.5313387316014,507.66820534927,975.98690,9759869000
1184.6348730276131,465.692301839877,976.20430,9762043000
1276.7461540279028,464.15675098518955,976.44400,9764440000
1373.680378297012,468.66271490114855,976.66800,9766680000
1397.5002302070002,485.0718631664124,976.89870,9768987000
1395.8821430726834,533.2284552142763,977.13060,9771306000
1384.5670976123324,514.4325549670219,977.36190,9773619000
1384.1093164494907,518.107450443458,977.57990,9775799000
1243.4756204190635,454.829055742181,977.80220,9778022000
1229.9604753807005,376.398499975608,978.02310,9780231000
1200.117619099763,318.0554310681051,978.24430,9782443000
1092.5059058369036,291.27289497583706,978.46500,9784650000
939.4129673446917,247.97349370067158,978.69830,9786983000
899.3465590802339,178.85154067644362,978.91360,9789136000
917.5456023679444,311.56891204195347,979.13230,9791323000
1082.352966746661,348.26558860690886,979.36990,9793699000
1234.4232301340915,386.33681942561645,979.58710,9795871000
1305.5910076255675,373.74923340367997,979.82450,9798245000
1288.0978479514736,395.3984008109044,980.04890,9800489000
1093.6232793199324,385.17579681971637,980.27240,9802724000
1008.3303295121232,374.4660624651599,980.49290,9804929000
878.9610860904214,363.58335474556185,980.73710,9807371000
845.2903561839468,311.67540952914646,980.95870,9809587000
932.4709746557079,302.2859814452405,981.20360,9812036000
859.2663736864737,296.9130394426142,981.41950,9814195000
925.2990596812534,292.0771185456736,981.64780,9816478000
1033.9272377888133,280.82627530636734,981.87750,9818775000
1154.6794625186242,335.2463370245804,982.09620,9820962000
1329.7428277811146,403.668027733595,982.32290,9823229000
1423.9167728093464,464.34269173094424,982.54630,9825463000
1487.582088520962,496.0896862018826,982.77020,9827702000
1365.1047857491858,490.63025939847233,983.00440,9830044000
1415.3005704304258,495.9826456717953,983.22630,9832263000
1314.820119306767,517.77262577183,983.44050,9834405000
1324.8342194115814,458.9826895363672,983.66220,9836622000
1362.9591236927904,411.6670542323376,983.88970,9838897000
1389.1466766071158,415.41577723658423,984.11430,9841143000
1430.902914570132,411.63120598301515,984.33310,9843331000
1529.678503235995,387.9772174444443,984.56990,9845699000
1527.058046458789,426.7637371261326,984.80060,9848006000
1571.7106456943256,428.95514445883657,985.02370,9850237000
1705.3008494195972,415.5135456621602,985.25430,9852543000
1803.7498918428112,401.5891138973269,985.47150,9854715000
1576.9127098106278,445.34493712525506,985.70980,9857098000
1317.9012907828808,457.74088264968515,985.92960,9859296000
1053.2985202449595,444.7823877512071,986.14390,9861439000
946.8598899072882,383.69686929898603,986.35690,9863569000
877.8203891497511,352.1534654237631,986.57750,9865775000
777.6686035256832,342.6137946653064,986.79250,9867925000
737.1341009470256,307.17693085875965,987.01500,9870150000
634.1793495035774,256.2484694892411,987.24390,9872439000
578.3343200604738,264.5470139131091,987.46180,9874618000
736.8754644476589,284.5533747097524,987.68600,9876860000
754.8848618542561,343.3487157835947,987.90930,9879093000
839.0145087312629,332.1795280633264,988.13180,9881318000
995.4262881360628,352.75677518049156,988.36500,9883650000
1213.9857856904032,374.34121068416425,988.58440,9885844000
1435.1544947369944,364.4776366215244,988.80240,9888024000
1493.848672579949,327.80872292159967,989.01670,9890167000
1557.2218011110244,346.3350767138587,989.24600,9892460000
1594.4272498948183,353.5578756674542,989.47610,9894761000
1670.2122269421322,362.3177294997741,989.69780,9896978000
1643.2254714797768,405.500761094487,989.91430,9899143000
1727.3231093653283,413.95453083907586,990.13200,9901320000
1773.9375928426796,435.9011147861105,990.36250,9903625000
1812.740830666607,456.75439735036207,990.60500,9906050000
1820.9927983775074,444.25728607453095,990.84710,9908471000
1888.6096561407921,474.6857935647442,991.06800,9910680000
1949.8611919502803,498.04971166512433,991.29200,9912920000
2010.8295674851474,487.5529649334414,991.50940,9915094000
1993.0961371050057,500.9432581360489,991.72990,9917299000
2011.9352413442336,498.141216018286,991.95640,9919564000
2085.03750211232,483.08455120533495,992.17470,9921747000
2070.129585343084,478.5098940562776,992.39230,9923923000
2039.7542457843492,506.5359527721833,992.61610,9926161000
2054.801381375925,486.27161870153304,992.83960,9928396000
2090.7193433599514,454.9004220999572,993.05780,9930578000
2028.077558271072,431.56358895692154,993.28170,9932817000
1999.2182161080902,440.763833653213,993.50960,9935096000
1968.8963047700386,470.6520236585161,993.72440,9937244000
1893.7908371009091,494.8470089211445,993.95200,9939520000
1903.7157243618938,517.8297495123431,994.18130,9941813000
1830.948801469662,502.2378170792469,994.40020,9944002000
1808.449840013489,478.9410597338032,994.64170,9946417000
1844.436861420294,499.48194930321927,994.89990,9948999000
1837.3089129217892,504.363502304837,995.11780,9951178000
1868.5092439571174,530.6596583599146,995.34180,9953418000
1861.8347317580065,542.6778264880439,995.56460,9955646000
1926.9613831988972,539.0318336607692,995.78340,9957834000
1913.676897849355,529.8360387306808,996.00710,9960071000
2003.4742481365133,631.274406115915,996.22570,9962257000
2001.4264905253053,647.2106080683639,996.47660,9964766000
2096.245999937033,696.1169875815707,996.68770,9966877000
1995.5089259816573,673.3758339264177,996.90980,9969098000
1921.886575346114,631.0840263528261,997.12790,9971279000
1823.4695434448408,647.7970224841456,997.35400,9973540000
1897.4442034613323,676.6557887308645,997.57650,9975765000
1871.6842317552812,648.6740784219884,997.79500,9977950000
1892.2563451431454,654.4736365917327,998.01290,9980129000
1903.0938920172061,634.435598143742,998.23040,9982304000
1910.1385770152417,695.2891225355067,998.45480,9984548000
1880.206569874458,739.232896976358,998.67730,9986773000
1769.4879894633425,715.7180867390339,998.88940,9988894000
1593.4735071583048,589.2790244475757,999.10380,9991038000
1376.3072094798092,531.7388404576409,999.33880,9993388000
1278.3241608540086,593.700590623641,999.55710,9995571000
1120.739153269605,649.1598395272592,999.79580,9997958000
1016.8577637427618,685.1764632278683,1000.01250,10000125000
923.3893484755941,737.9143243174292,1000.23220,10002322000
892.1843889318951,755.110745858381,1000.45870,10004587000
894.3406165175262,733.4919271974886,1000.69840,10006984000
874.6504551363104,718.6244993736536,1000.91340,10009134000
839.1626005115957,773.9846094120257,1001.13590,10011359000
824.7483388534672,755.7187119310577,1001.35900,10013590000
855.2922458543547,853.0520994187189,1001.59380,10015938000
914.6890742141975,810.4969468254783,1001.81340,10018134000
953.7876948975243,747.2443689522042,1002.03860,10020386000
916.1315385468312,702.8258805917844,1002.26180,10022618000
933.0824748282524,726.7341735780307,1002.48350,10024835000
949.4776927377692,712.3916912293489,1002.71010,10027101000
1059.5578193466345,662.9338117600363,1002.92390,10029239000
1067.1492800535434,629.9076410790022,1003.15060,10031506000
1040.5795111809077,635.4465056530106,1003.38050,10033805000
981.0813028851785,619.1893601767565,1003.60630,10036063000
991.5634919808031,562.0916386483,1003.83970,10038397000
940.3824739686122,578.1990150886819,1004.05550,10040555000
965.2801127543697,574.8608050016315,1004.27770,10042777000
1155.9037149097774,590.0003073159388,1004.49580,10044958000
1124.8398727436136,676.6877444654513,1004.72280,10047228000
1168.7118663782558,698.1111367538009,1004.94400,10049440000
1126.4714549609464,621.1044022145356,1005.16450,10051645000
1069.7097604816868,552.3014440930207,1005.38640,10053864000
1024.1715516340514,553.169293326908,1005.61660,10056166000
1094.7944328359142,528.2483391391012,1005.84350,10058435000
1134.6038845915596,430.90255441041745,1006.05930,10060593000
1146.130978826864,373.76398496033295,1006.28330,10062833000
1179.61884941699,387.55325700817565,1006.50220,10065022000
1142.247258432821,343.0713758430011,1006.78990,10067899000
1128.0062112839705,321.84115755689237,1007.01010,10070101000
1046.3593903922933,280.15141138528213,1007.22900,10072290000
1102.2238094982429,289.27725020455046,1007.45340,10074534000
1171.466703759363,308.3579054733694,1007.68390,10076839000
1194.1786374169546,290.5051169835035,1007.90900,10079090000
1262.5381871808536,299.1709785639326,1008.12880,10081288000
1222.6698963704846,337.46720922452835,1008.35660,10083566000
1150.5758311415536,369.11306982534427,1008.58040,10085804000
1074.8880974120877,386.9098697135943,1008.81370,10088137000
1115.6039729499237,328.97269689557345,1009.04820,10090482000
1101.594724423676,322.56824252219883,1009.29060,10092906000
1135.1753483991604,345.29875975962835,1009.51590,10095159000
1154.1520444643347,375.0020640939071,1009.73690,10097369000
1174.182470380371,383.44628605873817,1009.95610,10099561000
1163.384290427713,425.36822099561226,1010.17640,10101764000
1054.6413195193513,418.18418838476305,1010.39420,10103942000
979.1233145108787,462.83218234933383,1010.61350,10106135000
958.3455285838385,525.3898572859882,1010.83350,10108335000
1038.7997333245642,491.30109392089537,1011.07080,10110708000
1031.4819482012908,491.2038887816972,1011.29540,10112954000
1037.3145574249327,492.3937779566176,1011.52200,10115220000
1032.6055237569847,471.8511401314967,1011.75260,10117526000
1022.3793485784521,441.3619769185506,1011.97840,10119784000
1014.5214600660104,451.33420639055436,1012.20660,10122066000
1053.7800321407249,472.21296814763997,1012.41660,10124166000
1070.0479728611779,478.88534932170353,1012.64020,10126402000
1139.809586320139,519.4660732522013,1012.88050,10128805000
1173.6455986754713,514.2305330262593,1013.10020,10131002000
1226.326072374506,574.1231525077754,1013.32670,10133267000
1229.505553084523,584.4187084303275,1013.56980,10135698000
1252.542115270447,580.4556735655243,1013.78900,10137890000
1274.714589139373,544.3054326219618,1014.01380,10140138000
1271.743200437108,539.2118964481508,1014.23140,10142314000
1246.3071291536578,522.333560523898,1014.45660,10144566000
1189.8619208785008,498.21789696772464,1014.68380,10146838000
1167.4404361535555,500.74217138208445,1014.90290,10149029000
1108.5904751026076,479.73437935066335,1015.12740,10151274000
1056.843104109818,504.05071328171454,1015.34970,10153497000
1006.3152560899255,505.1770656576723,1015.56810,10155681000
1060.6215582782743,452.84720683837094,1015.79010,10157901000
1021.3897905123717,473.07949152441057,1016.02060,10160206000
995.8226999337614,455.1053442975238,1016.23630,10162363000
1017.9428152150945,409.4019131986402,1016.44770,10164477000
1038.111982525734,439.55566359023146,1016.66190,10166619000
1067.7398708092594,443.5194194052903,1016.88000,10168800000
1105.40431575927,431.5695865243665,1017.09820,10170982000
1127.307647584339,452.5144633830826,1017.31760,10173176000
1164.7362587759244,456.2729345425587,1017.53820,10175382000
1154.8791314811845,452.3030551476992,1017.75780,10177578000
1227.5932371846898,427.54191856394834,1018.00210,10180021000
1184.7825685586963,438.81650771866856,1018.22560,10182256000
1108.6400396254191,482.95544656843305,1018.44850,10184485000
1118.527622674072,500.5828423900523,1018.69860,10186986000
1010.6221502281026,585.1827027605639,1018.92010,10189201000
881.9182373413574,567.8890744543203,1019.14970,10191497000
852.2303326397595,564.2094066713732,1019.37920,10193792000
781.1302482633578,505.44436673609664,1019.61310,10196131000
782.0521032398791,519.4834835495049,1019.84010,10198401000
742.2318599960423,545.0241358575249,1020.06450,10200645000
735.9281473268086,564.662876737821,1020.29180,10202918000
619.2485176174853,533.8716623234526,1020.51420,10205142000
598.8038893931642,528.8094073359902,1020.73340,10207334000
661.6316809879173,570.3508232137004,1020.94980,10209498000
590.4532430355357,565.5195238474345,1021.17300,10211730000
497.3214609504185,535.4984758771737,1021.39800,10213980000
504.8848160763388,493.9494212141483,1021.61340,10216134000
537.5866244185427,502.60981172146967,1021.83430,10218343000
530.6438840674844,446.2989020753359,1022.05890,10220589000
466.3732222192518,398.3646595624634,1022.27170,10222717000
474.5326550242993,430.4099873797597,1022.49650,10224965000
478.7804141413338,425.5761723485484,1022.72240,10227224000
476.22101296427223,442.20864192855606,1022.94760,10229476000
447.5383948803691,450.0445718102024,1023.17060,10231706000
375.7100677490626,436.87963190581473,1023.40860,10234086000
401.16636218352824,450.65763130278424,1023.62790,10236279000
367.5970261877013,474.420026142787,1023.85280,10238528000
433.21349365883,472.069552534757,1024.07380,10240738000
410.6670667142105,449.7029673849038,1024.29810,10242981000
477.39169936251983,415.1047928227397,1024.51630,10245163000
443.0702767190266,491.4268578470839,1024.73420,10247342000
427.5578033228314,519.4213398834963,1024.95380,10249538000
456.38985601285043,520.3620058541825,1025.17050,10251705000
402.4633826824121,527.4985363491307,1025.39440,10253944000
396.43032857090753,573.0137302109248,1025.61990,10256199000
411.8661458998029,577.6173478983312,1025.83590,10258359000
424.05101609412065,554.9146717837579,1026.06070,10260607000
408.9966053434594,534.7966625164967,1026.27600,10262760000
394.060498220221,494.1697985796937,1026.49690,10264969000
354.3212590964905,491.0029741811272,1026.72260,10267226000
331.89608993383837,464.40357982432386,1026.94050,10269405000
220.33833085105337,445.09241826109553,1027.16780,10271678000
233.4297688921232,428.6991257375594,1027.39530,10273953000
343.4275047861546,478.8520935025934,1027.62980,10276298000
354.0000925042936,421.595806288212,1027.84740,10278474000
438.53030029970716,410.2044929743692,1028.06710,10280671000
402.25538735759625,376.9860299556917,1028.28530,10282853000
364.1974527175239,361.36244047347964,1028.50990,10285099000
346.6594313729587,362.662116213009,1028.73160,10287316000
308.0452017119911,414.24246758488033,1028.95130,10289513000
329.5275036352027,447.5902953022607,1029.17220,10291722000
371.5450735225375,464.8958067454376,1029.39450,10293945000
405.1186224082433,478.1749286083787,1029.61830,10296183000
647.9641700920592,484.91765474192573,1029.84130,10298413000
899.3706434220865,448.8078412483673,1030.05780,10300578000
1033.4132888174297,483.8394330043153,1030.28330,10302833000
1240.0418460304936,506.5261387816162,1030.50440,10305044000
1314.4753382182078,499.2853912651175,1030.71680,10307168000
1354.539692924453,438.0468218678276,1030.94400,10309440000
1348.3231730526406,404.97294966932236,1031.17430,10311743000
1407.6515669852283,424.19519879806273,1031.39760,10313976000
1531.1190245732116,359.8511135128594,1031.64700,10316470000
1600.2312491178,326.3318485377288,1031.87370,10318737000
1667.291126154358,312.4391702772782,1032.10990,10321099000
1689.8706643307298,307.7167628277441,1032.33210,10323321000
1713.306374538868,347.9095097636325,1032.55190,10325519000
1726.0862265004282,357.2554870260927,1032.78230,10327823000
1762.5025271202853,370.33846189432285,1033.00990,10330099000
1755.717237969151,359.1160563658632,1033.24960,10332496000
1732.140141529884,391.33102680522086,1033.47040,10334704000
1649.4752757580127,375.5784681294057,1033.69170,10336917000
1653.279105294074,375.5143239523682,1033.93980,10339398000
1672.3437185328648,358.99745026234035,1034.19380,10341938000
1695.937826973234,455.1672883085766,1034.41680,10344168000
1720.671096680856,514.1860550553945,1034.64430,10346443000
1758.5174605349243,522.676390624397,1034.87140,10348714000
1670.7376518611693,525.3732375051068,1035.10360,10351036000
1626.0467507073713,527.7786705916043,1035.31730,10353173000
1618.5047537667713,462.4035396349496,1035.53570,10355357000
1582.64391026098,528.5973943882198,1035.77160,10357716000
1553.9245506599796,564.0193849466112,1035.99140,10359914000
1544.115111005851,586.8450879681003,1036.21670,10362167000
1530.0396842303537,636.7671258596608,1036.45160,10364516000
1547.112167644373,645.4670068778719,1036.68580,10366858000
1570.2901524478125,658.597746110887,1036.91970,10369197000
1611.5148287598272,660.0043003880643,1037.14580,10371458000
1519.9463383632858,630.3502455516359,1037.37630,10373763000
1466.0250862720927,548.4079480113634,1037.60400,10376040000
1358.8275784331354,481.15228025026624,1037.84010,10378401000
1324.3273106492463,433.4164114939147,1038.06750,10380675000
1275.1537162356665,386.31873277419896,1038.28520,10382852000
1201.7910524548188,363.3621442925168,1038.51410,10385141000
1187.2083731681287,339.1504751435252,1038.74030,10387403000
1195.5147427827008,320.1435041835307,1038.96310,10389631000
1251.375728523569,306.3589786543808,1039.18490,10391849000
1335.1306725518325,313.42550543028347,1039.41080,10394108000
1343.5293293562677,301.4213010792447,1039.67450,10396745000
1298.211570091644,302.2971417704162,1039.89380,10398938000
1271.7126425860547,326.33557381217463,1040.11370,10401137000
1268.7854169122481,333.1298360985987,1040.33810,10403381000
1310.8324516023586,321.74618562659555,1040.55750,10405575000
1372.4128739102089,319.26102644605334,1040.78500,10407850000
1399.7490532342547,301.9262391286246,1041.01260,10410126000
1420.9942336996335,282.1051015079818,1041.23820,10412382000
1408.9990379832955,246.75222617165213,1041.46700,10414670000
1410.193609000262,230.0698695367089,1041.71150,10417115000
1432.4426729221425,210.06591778741105,1041.94220,10419422000
1437.1279378362092,230.2159494458041,1042.17400,10421740000
1465.8982946214944,208.70144399531583,1042.40130,10424013000
1509.2137583478777,228.90903897656298,1042.63410,10426341000
1466.677190089894,290.02014855528523,1042.86210,10428621000
1382.8258448616812,350.5578105643252,1043.10490,10431049000
1383.684185599015,402.1334637668627,1043.32260,10433226000
1364.1453080278134,454.811737364146,1043.53920,10435392000
1504.0785163576516,505.92984676048263,1043.76170,10437617000
1623.047011084904,506.71902115781506,1043.98450,10439845000
1691.0818088882236,498.2809481192657,1044.20580,10442058000
1710.9204574491305,485.59422332338903,1044.42470,10444247000
1765.8451557198896,475.33393727861494,1044.64980,10446498000
1885.6866841168226,529.4354511958421,1044.87580,10448758000
1929.232103725081,593.1187375012934,1045.10170,10451017000
1938.7125484780768,579.6679663425931,1045.31320,10453132000
1821.7148216237592,531.0017604917249,1045.53580,10455358000
1825.5682262140276,480.25369276540266,1045.75950,10457595000
1832.0001379369069,447.4527997277024,1045.99590,10459959000
1710.2719397139883,435.35541670837324,1046.22330,10462233000
1588.9066106511716,414.70424287041783,1046.46240,10464624000
1502.6160998366076,408.8769303410615,1046.69060,10466906000
1537.0846295153053,465.3555344377481,1046.91460,10469146000
1440.5042019113407,438.3903161516658,1047.12710,10471271000
1418.5175474626217,414.51129971754847,1047.34300,10473430000
1376.916302259248,434.5675747897372,1047.56450,10475645000
1308.2329927062322,396.53722309705233,1047.78690,10477869000
1265.1089599489248,406.05067637923696,1048.02230,10480223000
1226.510275011553,425.44365315245153,1048.24110,10482411000
1282.3884814500614,434.62629228270737,1048.46020,10484602000
1186.9358372472645,436.8117854187309,1048.69970,10486997000
1177.6769848882564,423.7124950740792,1048.91920,10489192000
1147.876162985363,412.245606971154,1049.13960,10491396000
1137.5940429036589,407.37151773122685,1049.37040,10493704000
1073.7307511001143,388.64180793264035,1049.59220,10495922000
999.8196832951498,402.39785480501166,1049.81490,10498149000
901.483084652307,424.40151978669604,1050.02980,10500298000
857.6582137555704,465.12795350266254,1050.25920,10502592000
818.503908614252,479.47611823568604,1050.48480,10504848000
748.9536744121931,492.9762285247181,1050.70090,10507009000
769.6242906770561,476.0571659767943,1050.92830,10509283000
907.9464080238855,512.7543410560482,1051.15130,10511513000
868.4391292271283,501.50775761733405,1051.38380,10513838000
793.0575540057939,484.56478163520296,1051.60690,10516069000
828.9713507294091,489.0475359565981,1051.83300,10518330000
835.9088731059496,471.8372939476289,1052.05830,10520583000
827.6451217192231,483.53524584727876,1052.27340,10522734000
860.2459391347521,453.6757969394112,1052.49280,10524928000
777.8028329259723,436.7141851696338,1052.71970,10527197000
891.513552245704,434.1338375722399,1052.94360,10529436000
959.7072160956692,420.7232730860973,1053.16170,10531617000
840.1681066502016,400.9440448855417,1053.38660,10533866000
779.7870905702816,387.9388022233546,1053.61740,10536174000
793.3958155235803,371.7652270739936,1053.84030,10538403000
804.0597519120565,418.93706909314125,1054.05620,10540562000
823.7700667083548,397.3318908914603,1054.27950,10542795000
804.2173875991683,410.5162846247364,1054.49730,10544973000
774.6420004933005,422.7346272668839,1054.71870,10547187000
731.3217305573222,417.60773357386876,1054.97680,10549768000
794.755937428823,422.62625071088917,1055.19710,10551971000
805.0380462490475,455.2070579864885,1055.42190,10554219000
831.8913765958484,461.13572999118867,1055.65220,10556522000
889.6217973632238,458.7817109459932,1055.87580,10558758000
975.4866735389558,414.5660145508014,1056.10760,10561076000
1060.00673112294,389.858229367078,1056.33110,10563311000
1223.7848232237884,398.25675208372434,1056.55460,10565546000
1276.1813083728316,397.99805984204676,1056.77440,10567744000
1274.3290941039054,422.0602242881131,1056.99610,10569961000
1198.3520245181553,405.4868075568737,1057.21840,10572184000
1080.9542312219417,372.4850977443257,1057.44190,10574419000
1048.9386686110743,394.64324229820414,1057.66330,10576633000
1028.8523318137989,394.596963102249,1057.88900,10578890000
1020.0419309831092,399.2659193146582,1058.11280,10581128000
995.2231520351688,418.63551312468593,1058.33570,10583357000
995.0864611726324,421.86106385498437,1058.56130,10585613000
950.5753740533381,431.4334231631427,1058.77940,10587794000
1006.6647051326047,420.2095319430649,1059.00580,10590058000
995.539396521116,411.5985944349652,1059.22520,10592252000
1023.740549178708,434.50781376371003,1059.44220,10594422000
1126.0928401399894,392.5110358283451,1059.67560,10596756000
1299.0566301823424,469.5180770509943,1059.90720,10599072000
1396.8547525900985,435.6684077251964,1060.14430,10601443000
1412.9302400619567,424.25609587178985,1060.37230,10603723000
1502.7738733809106,461.94868920422005,1060.60120,10606012000
1567.6815415005483,504.710076835196,1060.82460,10608246000
1586.7992053966618,543.8154709405726,1061.07270,10610727000
1615.960741466691,504.8567868343117,1061.31330,10613133000
1628.3243113077344,504.28294158704665,1061.54730,10615473000
1637.4570653861829,524.4377106584868,1061.77470,10617747000
1682.3478344195328,533.5570849704516,1061.98780,10619878000
1641.9537739800508,500.6040772876738,1062.21380,10622138000
1674.1598334642179,523.2144561697736,1062.43560,10624356000
1680.140467216678,505.293899693877,1062.65870,10626587000
1641.9852742159678,480.8388442481826,1062.90800,10629080000
1735.9914777057593,526.3363697056261,1063.14760,10631476000
1676.6831085377403,491.19456014555277,1063.38010,10633801000
1574.153680413503,435.37655700292504,1063.61660,10636166000
1543.3739311200227,442.7499858284644,1063.85790,10638579000
1413.0117936471179,394.3185301443105,1064.09000,10640900000
1386.363582359345,358.10077590865313,1064.32200,10643220000
1321.6981859904229,340.2979745650828,1064.54900,10645490000
1258.2126743088008,318.64868128498995,1064.77200,10647720000
1186.1631827567828,242.71273386588234,1064.99570,10649957000
1115.2089207988727,228.28079896046788,1065.21580,10652158000
1029.28605702725,224.98219332033256,1065.44060,10654406000
1076.1166718199304,171.0099712593526,1065.67900,10656790000
1019.4877520540992,185.88205249465886,1065.90020,10659002000
1020.0537224195749,205.65147194984598,1066.12140,10661214000
1039.200120138371,193.2922744218057,1066.33770,10663377000
1068.472514834969,222.3047243001247,1066.56160,10665616000
1136.0696640809956,272.06277591734914,1066.78180,10667818000
1135.8500724165497,309.41831285625204,1067.00280,10670028000
1212.1098000528184,327.4131546298659,1067.23470,10672347000
1248.3510998097913,301.1208327308029,1067.46390,10674639000
1212.5704975070958,307.65787507207307,1067.68810,10676881000
1191.2505837163642,297.15067200211604,1067.91930,10679193000
1074.682169023555,323.396978060359,1068.14340,10681434000
1085.663986350739,354.6929516091872,1068.37310,10683731000
1040.8668212777025,361.8590330150584,1068.59890,10685989000
1019.6347724996872,399.6331556691734,1068.83330,10688333000
1123.6706647763974,403.00261964637906,1069.05970,10690597000
1148.169436929374,438.92826289647934,1069.28820,10692882000
1188.0506094041143,458.2035140149397,1069.51290,10695129000
1163.6532302194692,469.9828308500188,1069.73420,10697342000
1210.1608466319865,437.37494330127635,1069.95130,10699513000
1212.564468058157,475.7232049665218,1070.18700,10701870000
1199.0101066119207,439.10390413396993,1070.41710,10704171000
1165.2268752537925,429.3259043895633,1070.64630,10706463000
1102.8601597630184,443.98493350706275,1070.86380,10708638000
914.0105232192527,428.37279717086113,1071.09070,10710907000
893.7714633124198,387.35334800612014,1071.31890,10713189000
816.0152537397702,374.5465277866873,1071.54390,10715439000
678.3571874937061,355.82275241422565,1071.76680,10717668000
775.2750082114007,399.7298909915301,1071.99740,10719974000
815.9623295310574,381.6713423214389,1072.22630,10722263000
976.6546266120207,434.641528171678,1072.45830,10724583000
1058.0552256202368,427.1158993488031,1072.68270,10726827000
1079.9638863877522,410.92847691048036,1072.91680,10729168000
1195.5481013580709,387.60067773934975,1073.14940,10731494000
1182.356632968306,384.7113655281102,1073.39760,10733976000
1224.245904094442,405.6216303194892,1073.64990,10736499000
1213.4988036876487,432.1047961941288,1073.87240,10738724000
1188.098753933969,452.45187939390695,1074.09420,10740942000
1180.2192062148592,458.24666848363916,1074.33180,10743318000
1205.8415344049688,437.532118710973,1074.54850,10745485000
1141.7721539059662,422.5687084220466,1074.77100,10747710000
1187.0492778387395,408.51014345979064,1074.99320,10749932000
1256.9783855606906,397.08861424855695,1075.21500,10752150000
1416.750743384076,405.6815501209214,1075.44630,10754463000
1514.7131042807955,424.63987673428267,1075.67470,10756747000
1511.1431478502293,416.6087489740982,1075.93120,10759312000
1578.8778134416905,412.76570598029696,1076.15190,10761519000
1627.2300521042876,380.1884460958672,1076.37900,10763790000
1617.0284962970893,353.08650832377947,1076.62700,10766270000
1549.920843778657,361.01707635875863,1076.84710,10768471000
1553.6757940533646,370.56617623992975,1077.06900,10770690000
1615.239331975325,388.79923343740063,1077.30720,10773072000
1621.8075167946545,378.2910640037875,1077.53070,10775307000
1628.5292302679677,396.63144491162154,1077.75660,10777566000
1619.2036186497894,436.0007463709084,1077.97210,10779721000
1630.5223387581414,404.43826108114456,1078.19400,10781940000
1625.5973863123857,395.42133039701974,1078.42590,10784259000
1538.6227178701126,376.3837016617859,1078.65630,10786563000
1519.6400841031534,345.85763246016603,1078.89320,10788932000
1478.207283425224,307.7120552717788,1079.11740,10791174000
1441.251830781428,297.8367996746866,1079.35450,10793545000
1414.2061068365535,304.4002030555786,1079.60320,10796032000
1403.0905967847389,305.7946024114872,1079.83650,10798365000
1366.2014882270125,355.6157702950445,1080.05330,10800533000
1385.3020083171323,366.07779572913705,1080.28700,10802870000
1332.4822430421857,346.3008300342475,1080.50840,10805084000
1312.3620581865837,318.7221434235497,1080.72980,10807298000
1305.5277620398008,343.2563550512815,1080.95170,10809517000
1327.798981233913,348.42167408547107,1081.16920,10811692000
1384.2829224668392,374.57580798117186,1081.41190,10814119000
1311.3556390474926,381.57498509755345,1081.63250,10816325000
1301.840633657935,379.4465027028077,1081.86960,10818696000
1248.5123968943933,394.3783183177733,1082.10550,10821055000
1240.0789697580262,383.6234248521867,1082.33600,10823360000
1225.2358827894118,351.62841809562946,1082.55990,10825599000
1232.5255672113242,374.34986529899163,1082.79040,10827904000
1285.5588966666805,384.50245098805107,1083.01840,10830184000
1288.3533170719936,373.3392698615914,1083.25070,10832507000
1226.1283318487588,372.69907122957744,1083.47610,10834761000
1184.4390432368934,348.0009894315584,1083.71050,10837105000
1222.4715854084377,338.46901283835456,1083.94950,10839495000
1298.6935284496044,331.2629057848315,1084.17390,10841739000
1251.004211818911,366.44466872045575,1084.41360,10844136000
1343.1096948603545,379.3436950490384,1084.65120,10846512000
1350.5365049436673,381.00055463015104,1084.87520,10848752000
1386.7077412692336,348.0407760855161,1085.10600,10851060000
1398.7018798139047,361.8408281012121,1085.35720,10853572000
1227.445509880001,312.61448911969865,1085.58400,10855840000
1101.465456847062,304.27922839163404,1085.82930,10858293000
993.559622746358,339.91142546344514,1086.05200,10860520000
998.9710752910364,353.5208288444753,1086.28540,10862854000
937.913426750856,363.3801606416655,1086.53980,10865398000
913.2400382836523,352.7905040540513,1086.75890,10867589000
867.3264152477777,380.9411964341029,1086.98680,10869868000
851.270138527674,326.29989574591553,1087.21220,10872122000
690.8862381742043,320.6818097011845,1087.44140,10874414000
581.4853125716958,281.055131883147,1087.66710,10876671000
602.3467807940264,413.80849927721783,1087.88490,10878849000
588.0510796056587,426.73054449255363,1088.11320,10881132000
582.5051483215195,456.55306481389607,1088.33080,10883308000
561.2888018693396,379.5432071625372,1088.55670,10885567000
521.3832723246417,328.66899831022306,1088.79770,10887977000
579.9344612233601,313.6030366010442,1089.02460,10890246000
593.2179639291444,364.137026500149,1089.24690,10892469000
489.46433100433114,342.0635569776387,1089.49010,10894901000
465.9515677706992,336.8380268516799,1089.73060,10897306000
654.5015754872966,337.158492684247,1089.94890,10899489000
739.500060141639,335.42959698929553,1090.18140,10901814000
763.4124474937329,381.8892872735243,1090.39630,10903963000
880.3310624812046,447.5739434400625,1090.62120,10906212000
878.0550266337087,452.08642748123157,1090.84350,10908435000
948.1273953457631,445.4456523577172,1091.06680,10910668000
1033.702182476828,450.1627759015163,1091.28840,10912884000
1118.643356167218,437.3803992380895,1091.51530,10915153000
1144.849789574732,465.29322494180656,1091.74550,10917455000
1158.0818273154275,497.0227722469312,1091.96670,10919667000
1177.4064108374937,530.0500975829422,1092.20570,10922057000
1254.7900172803118,548.6165212059001,1092.42980,10924298000
1286.8717105132341,550.8781946586714,1092.66690,10926669000
1315.0912115899532,625.5990986605624,1092.89220,10928922000
1144.441470994181,564.0218539608422,1093.12140,10931214000
971.681244597008,473.49299163651006,1093.35040,10933504000
789.1666286262682,490.12752138484734,1093.57870,10935787000
487.56202229748783,351.1874999376693,1093.81140,10938114000
440.02384530253755,261.53271458722475,1094.03170,10940317000
427.7739851342255,223.16423168930922,1094.26720,10942672000
413.7702036453331,219.0611679337249,1094.48920,10944892000
476.4669168102698,181.36878428881388,1094.70930,10947093000
566.023931162846,216.69866185823352,1094.92080,10949208000
664.3009001564727,235.2074627775251,1095.14500,10951450000
581.4267370005393,274.68502560520216,1095.37440,10953744000
503.4963793849627,279.5067350669346,1095.59630,10955963000
676.0915004707475,331.9488709585039,1095.82230,10958223000
758.3223091372527,367.3646139093871,1096.05720,10960572000
850.9520693403435,322.6937155159659,1096.28880,10962888000
890.3947036006173,339.227899236415,1096.51490,10965149000
878.3670920383253,340.90797029819623,1096.73880,10967388000
977.8619802023923,381.25240498476717,1096.96040,10969604000
879.7356093880696,404.23624392635946,1097.18660,10971866000
882.4337816286109,365.5021108172558,1097.41200,10974120000
924.4138279050501,391.57388718479655,1097.64010,10976401000
839.8163003693434,344.0178958387559,1097.86730,10978673000
768.0468990832906,290.5428250931117,1098.08830,10980883000
679.8580484346913,271.4282716157345,1098.30860,10983086000
608.0117751633809,269.83920647673847,1098.52720,10985272000
620.2294196669466,351.8849859423418,1098.76150,10987615000
874.8878131602085,379.76401355248106,1098.98100,10989810000
1014.5899027458225,393.02590444594495,1099.21560,10992156000
1275.6531892123808,418.3286877066594,1099.44120,10994412000
1376.1185502592327,445.9254134354308,1099.66200,10996620000
1500.3837321994004,471.0044227406912,1099.89490,10998949000
1538.6515233899747,514.343061615282,1100.13140,11001314000
1551.4149511315698,571.1795583086516,1100.36060,11003606000
1583.3021433628526,549.5076635023934,1100.58460,11005846000
1392.5195102593711,638.4430046296569,1100.80970,11008097000
1339.6764523292743,608.8904839146167,1101.05270,11010527000
1129.6233658477527,581.3226727110091,1101.28510,11012851000
965.193100484794,450.6941340354791,1101.50630,11015063000
927.8378702866811,435.8391622358957,1101.73100,11017310000
799.6515450266799,402.21971654253684,1101.95140,11019514000
711.4028490818242,357.7230135550364,1102.18290,11021829000
673.4726676338053,474.5055026269443,1102.40400,11024040000
635.9481960467238,449.9127348319934,1102.63690,11026369000
640.5252958011802,447.33045461509806,1102.85640,11028564000
648.3689367092707,441.40576512225124,1103.07620,11030762000
627.6359747234551,456.9943395150434,1103.28850,11032885000
645.5741091385743,488.84534370958005,1103.51070,11035107000
640.8828527691138,508.30351938143514,1103.73480,11037348000
740.38428564389,555.6890842402871,1103.97780,11039778000
710.8510707593433,580.7685184083984,1104.20490,11042049000
693.083942150383,632.0082475066109,1104.44320,11044432000
751.9548305735773,641.1636420569167,1104.66800,11046680000
749.7160946305422,613.4088180903635,1104.88450,11048845000
720.0144769490635,613.8826523165083,1105.09870,11050987000
748.9341674924593,613.4923112613698,1105.32200,11053220000
745.7464877926845,605.2303687115076,1105.54270,11055427000
780.9175258964722,625.0019061506084,1105.77160,11057716000
807.1461633159422,581.7324252454209,1105.98690,11059869000
771.7862742862094,498.5110921336711,1106.20790,11062079000
832.9026630299677,508.0869343920171,1106.44170,11064417000
800.3699686099789,466.83540935839824,1106.69810,11066981000
765.7440389848508,463.92584507628027,1106.94030,11069403000
732.6904004024061,430.2935537252376,1107.16920,11071692000
741.6761145051917,463.7946306199052,1107.39530,11073953000
777.5083738150166,412.6081903552397,1107.61940,11076194000
881.1807465313141,374.44821715155814,1107.84230,11078423000
868.8456645646359,355.68157635491997,1108.07280,11080728000
870.5491519691793,311.1380203526534,1108.29040,11082904000
854.0676294561362,305.6746291819721,1108.51190,11085119000
934.0741128687823,297.4971019650813,1108.73030,11087303000
964.1371392685583,339.33535453592066,1108.95770,11089577000
968.8296669264048,430.5620814843336,1109.18720,11091872000
1009.8555251574024,477.175666684285,1109.40710,11094071000
1052.9726834291146,464.80208695066875,1109.62790,11096279000
1029.9451914369392,463.10784831833195,1109.84810,11098481000
1129.8621740436786,448.1405281897671,1110.07200,11100720000
1166.5426670105112,432.0104558477315,1110.30910,11103091000
1206.4334789244285,486.4545047687369,1110.52660,11105266000
1258.8821166764544,497.0605489132435,1110.74930,11107493000
1244.9047704032748,507.7037417889327,1110.97690,11109769000
1237.193937557343,504.7390931055545,1111.19780,11111978000
1264.9571049989477,478.92679945945537,1111.43100,11114310000
1265.3737259747486,495.9300624330039,1111.65340,11116534000
1251.352275550811,501.4738838952389,1111.87510,11118751000
1176.762677641328,499.64715035469715,1112.09050,11120905000
1203.8446889138534,476.6213576749493,1112.30930,11123093000
1183.2914128414043,480.7037375103489,1112.52970,11125297000
1169.9634051575224,480.2790946064661,1112.75100,11127510000
1212.415826382186,482.23080214504114,1112.97900,11129790000
1214.3295699125474,497.7322171288665,1113.22560,11132256000
1242.8143194424745,465.31130830775993,1113.44780,11134478000
1221.4500600532822,469.63213273052304,1113.66450,11136645000
1180.8687925982786,477.77731796575404,1113.90110,11139011000
1150.8929293019855,488.7955130246637,1114.12450,11141245000
1125.4532990326004,508.8974749444601,1114.34850,11143485000
1146.4692309107547,530.5142904018682,1114.58180,11145818000
1130.6046148299354,541.066719058609,1114.81730,11148173000
1141.4963354219913,555.008968221848,1115.04830,11150483000
1104.3886339843586,602.9186352094428,1115.27330,11152733000
1037.9586328781506,668.0790569105302,1115.49870,11154987000
1012.8564417006793,698.817766355033,1115.72580,11157258000
1011.5566747853609,753.3534846267988,1115.97470,11159747000
934.8239339700017,773.0106453844126,1116.20350,11162035000
937.6206662295818,809.8650416409898,1116.42690,11164269000
867.7159883454494,840.5442854446914,1116.64830,11166483000
909.5816813010233,869.7312554167677,1116.86310,11168631000
920.6109741362732,907.2948214354079,1117.09230,11170923000
890.3648148048613,944.9048545557887,1117.30910,11173091000
934.4682585696921,919.8534930134397,1117.52440,11175244000
1027.4016820852394,923.0675854558749,1117.74720,11177472000
1089.8986815848764,938.4380916959001,1117.98380,11179838000
1124.3090673733316,940.3940683175443,1118.20830,11182083000
1141.5150597105014,1001.1640902006541,1118.43280,11184328000
1087.2589628933208,1007.0065985025572,1118.66650,11186665000
1032.7469732907152,996.0296276774523,1118.88420,11188842000
981.8726187802098,1009.261099938915,1119.10480,11191048000
988.7992079299659,976.3420791527263,1119.32650,11193265000
985.7587746146946,961.5535647361324,1119.54850,11195485000
952.5128216175665,931.8500877737009,1119.77510,11197751000
962.1009185966533,916.0279177530966,1119.99150,11199915000
1036.8266331445172,898.9773214638827,1120.22460,11202246000
1083.3594050236907,885.0666124388508,1120.45230,11204523000
1101.1363228865691,910.183209810277,1120.69340,11206934000
1057.6504530612058,933.8165862741994,1120.91540,11209154000
1055.1543097589176,910.9008481032454,1121.13400,11211340000
1060.9672053938325,910.2787647787511,1121.35360,11213536000
1044.900688303022,924.0605770908355,1121.57880,11215788000
1001.2882214703184,922.850830804973,1121.79170,11217917000
1026.4552406776138,898.9556180837669,1122.02130,11220213000
960.6046131819891,869.9445061785954,1122.24070,11222407000
971.7932277932304,876.5190633341564,1122.45950,11224595000
1017.8916474075809,884.7300948519056,1122.68410,11226841000
1012.1513103430493,862.9558468382519,1122.91500,11229150000
1032.882801706199,926.9637899286463,1123.15070,11231507000
1080.4077693498302,947.4804549752965,1123.37110,11233711000
1109.518946539427,945.5475156640194,1123.59720,11235972000
1076.4152124472232,933.4240677099984,1123.82610,11238261000
1054.4761558612702,902.0605134695007,1124.04440,11240444000
1069.23293780734,884.4809595469279,1124.26600,11242660000
1060.686194677388,871.3495067935418,1124.48420,11244842000
1031.841423985606,850.2207942457785,1124.69950,11246995000
1000.0773036764436,847.565725517957,1124.91830,11249183000
903.5323731714934,834.9630314642787,1125.13710,11251371000
898.187430723842,827.6830267800188,1125.35340,11253534000
831.3314013992466,814.2867009967287,1125.57840,11255784000
809.0241870580996,812.4276593896376,1125.79070,11257907000
783.5285823902348,805.0260058582975,1126.01800,11260180000
776.4625929830287,812.424759716647,1126.23760,11262376000
793.9649449895301,808.0584952254966,1126.45300,11264530000
792.260384219773,796.5763325062801,1126.67250,11266725000
822.7547711886576,809.9112234176748,1126.89610,11268961000
876.1823985480905,814.6110273072704,1127.12720,11271272000
873.7551723179339,829.1754477580672,1127.35230,11273523000
792.1942038258851,831.5764516771976,1127.57220,11275722000
806.7518455490533,849.7910424252879,1127.80310,11278031000
846.0516225660264,860.2159013499278,1128.01720,11280172000
847.3176184187082,822.8942774809293,1128.23640,11282364000
864.1414349787134,674.4616301391882,1128.45320,11284532000
850.9775265357159,560.0068678393267,1128.67070,11286707000
771.4671104375811,500.7342643339215,1128.88070,11288807000
795.2128445888395,455.35295209592704,1129.09970,11290997000
744.763439676043,400.68315220843124,1129.32310,11293231000
758.884018715377,357.29765384172265,1129.54840,11295484000
724.9927375406095,359.8430164784555,1129.77520,11297752000
676.5212713950879,323.43414356343857,1130.00250,11300025000
609.7942603659617,230.88352242061802,1130.21990,11302199000
593.5836606767033,172.78717626248084,1130.44300,11304430000
630.2969840518559,99.12482239511509,1130.66220,11306622000
532.8199282005459,70.81605064721126,1130.90400,11309040000
576.9947573314539,222.0589949222645,1131.12790,11311279000
628.083048208717,358.82856756605395,1131.35550,11313555000
615.5252952091549,447.474095065993,1131.58360,11315836000
637.4902814242236,428.47606339686865,1131.80720,11318072000
660.3790221643319,400.58608082370597,1132.02810,11320281000
628.3335414665585,322.8472078904117,1132.26060,11322606000
527.1692386272565,271.7315832155211,1132.48850,11324885000
517.7784896202174,230.01839064617104,1132.71190,11327119000
558.7338272653338,242.07547775940063,1132.93200,11329320000
546.5376253501098,341.156657859048,1133.14870,11331487000
578.2069051801125,469.74670977200304,1133.38620,11333862000
684.9167834318321,555.0472729729668,1133.61120,11336112000
770.7133078895733,650.6451937676499,1133.83870,11338387000
898.3827129557783,764.6713681250512,1134.05640,11340564000
950.240116088714,835.4508819817935,1134.27530,11342753000
958.6779975758474,874.2670897540337,1134.49860,11344986000
963.510603277389,923.8209221062638,1134.72130,11347213000
1023.9499696409158,949.546912293567,1134.94860,11349486000
1110.4789133803044,954.0295963300339,1135.16840,11351684000
1169.5008263143407,931.4852305445813,1135.39070,11353907000
1129.1749729573526,923.613785314445,1135.62800,11356280000
1148.6144660285406,918.5737839472331,1135.88290,11358829000
1173.7368559575107,925.5152788669741,1136.11190,11361119000
1160.736994090328,927.4638898846734,1136.34010,11363401000
1179.8156930831087,854.7452146481475,1136.55370,11365537000
1109.378872166958,881.3770855653831,1136.78070,11367807000
1103.7333098301071,889.5459456014596,1137.00360,11370036000
1027.2848040777133,881.3583725027036,1137.22570,11372257000
988.7789770275073,886.7212265223609,1137.45230,11374523000
993.8788007368881,902.2867589962271,1137.67490,11376749000
1015.1357528888991,906.0969460312069,1137.90020,11379002000
938.3611287514334,918.0507836390125,1138.11840,11381184000
890.0300918253763,915.7700478202614,1138.34720,11383472000
876.2710399872052,885.0601593846761,1138.57270,11385727000
856.8701470866595,874.0464723188068,1138.78620,11387862000
916.5810811038696,886.9316344917977,1139.01550,11390155000
1002.9802556518173,883.4154003071538,1139.23350,11392335000
950.2931113098612,867.0189789739015,1139.45190,11394519000
969.6337437813057,865.652922852962,1139.67860,11396786000
952.0187666092241,850.3821002914353,1139.89920,11398992000
943.9794030377839,737.424882730151,1140.11650,11401165000
856.9815496822404,661.2546999202166,1140.34020,11403402000
912.0907688511451,552.7635308370826,1140.56350,11405635000
958.3043293219911,433.1768988783094,1140.78030,11407803000
957.5501048508481,341.881274088915,1141.00440,11410044000
967.5676570062435,261.82919709545536,1141.22240,11412224000
984.9732101536675,368.124298329771,1141.44450,11414445000
999.1083017762618,456.2596026411745,1141.67230,11416723000
984.8415791213994,506.73999891291413,1141.88810,11418881000
949.1669171584729,605.2821526370193,1142.11260,11421126000
918.9468043135097,682.8057636636343,1142.33640,11423364000
889.8430054005573,736.4817066178674,1142.55620,11425562000
887.8111568082628,788.3494490993338,1142.77730,11427773000
920.69149902617,801.9765709495226,1142.99930,11429993000
862.7223203356251,816.393154896549,1143.21520,11432152000
833.0815515102246,831.2093136181808,1143.43500,11434350000
852.0179000636662,817.5139170723103,1143.65820,11436582000
898.1718387085047,805.9176393555917,1143.87620,11438762000
873.7359799852197,860.8499977529417,1144.09050,11440905000
799.6188378659472,893.7866303211631,1144.30810,11443081000
779.9909737387196,888.995399742114,1144.53200,11445320000
834.0415172116285,848.2393169268514,1144.75400,11447540000
699.0270101934495,710.0909761886143,1144.97530,11449753000
785.0236350090905,579.1250684946848,1145.19730,11451973000
774.7693027231915,499.9348350207801,1145.41810,11454181000
932.8650834333896,392.67628258589195,1145.64800,11456480000
1004.315103937592,321.7794234084889,1145.87320,11458732000
1032.7955275242043,249.19222937002732,1146.11000,11461100000
1116.215843826972,242.01743080686384,1146.33980,11463398000
1150.4918094952106,211.74962968610782,1146.58420,11465842000
1159.2885895052389,181.9731461346275,1146.81290,11468129000
1186.4733684279122,204.65802213561045,1147.03610,11470361000
1110.8992815144081,215.14159587928734,1147.25840,11472584000
1040.1574972786073,235.3406864910031,1147.49200,11474920000
917.9933086545138,293.1598371760461,1147.71900,11477190000
898.0248050969682,317.2603495847892,1147.94040,11479404000
863.1129607284005,300.92118510937564,1148.17100,11481710000
955.3023128323848,306.4615035024051,1148.39800,11483980000
827.096954507217,311.7224807203771,1148.63470,11486347000
742.5704161548149,269.9814091112994,1148.86310,11488631000
823.9627203005516,196.51483021014042,1149.12400,11491240000
778.658359387246,219.23939403726607,1149.34680,11493468000
841.2328484192712,216.74756711000592,1149.57120,11495712000
746.0832796591108,267.24677170999104,1149.78990,11497899000
834.5167264755779,272.0771694888395,1150.01530,11500153000
848.0904749928976,294.11143014894867,1150.25380,11502538000
653.2861586053975,302.40216230611804,1150.50440,11505044000
518.9616357354543,318.2619762512668,1150.74690,11507469000
464.7152855728277,377.89531394539097,1150.97930,11509793000
474.0178390172408,434.492594509947,1151.20320,11512032000
449.27594568520436,438.12983139774445,1151.42930,11514293000
388.3522830062259,420.8880732248555,1151.64870,11516487000
375.21282328525916,405.02486259450774,1151.88410,11518841000
393.94309954320903,372.6061557049195,1152.11950,11521195000
433.28433409352493,314.81670427528115,1152.34860,11523486000
601.2346562490985,302.1032295761188,1152.58250,11525825000
696.5201605890896,442.3099693127414,1152.81520,11528152000
749.6621944261617,446.6922178374254,1153.06110,11530611000
780.7221697399672,449.0520765051893,1153.31580,11533158000
811.3489791604884,470.8030790180215,1153.53530,11535353000
836.8408084685291,425.465814982412,1153.76360,11537636000
907.3939261971356,375.007138817917,1153.98260,11539826000
959.2490017249978,410.1689656171459,1154.20640,11542064000
980.3583616194179,388.6987685270657,1154.42130,11544213000
995.9772293260309,425.4683160644571,1154.63900,11546390000
1043.3192689186292,442.5208089844824,1154.86750,11548675000
1115.596651677798,461.5288050506529,1155.08480,11550848000
1051.5110738356186,478.0542836222271,1155.30510,11553051000
948.0720909812342,505.075156029413,1155.52670,11555267000
875.4941233760833,476.48942947573875,1155.74190,11557419000
869.2615583413359,483.3018356392012,1155.95860,11559586000
796.4185158108784,516.4429226010681,1156.18160,11561816000
768.2295856174551,529.5493613851138,1156.40620,11564062000
707.1438390683671,533.0172633365752,1156.62460,11566246000
624.5683503210354,484.79442143478906,1156.85200,11568520000
521.5671410088222,428.08401895412715,1157.08410,11570841000
521.0021236865124,362.78009250305956,1157.31270,11573127000
478.8724833628893,337.7311492242408,1157.53600,11575360000
443.5949356854004,298.4064238418025,1157.76560,11577656000
501.8977675899161,344.45094699220874,1157.98110,11579811000
507.78992820641065,361.0928327593369,1158.20030,11582003000
538.6918616138115,394.5259366558936,1158.41420,11584142000
530.425105849034,381.3063733955129,1158.62820,11586282000
543.7678609301873,365.43633692994626,1158.85280,11588528000
477.0196098285685,355.90035538958466,1159.07230,11590723000
509.54551986603155,340.1957560806473,1159.29360,11592936000
490.325186395808,336.8664954547969,1159.53200,11595320000
528.6269933922754,352.60761310165094,1159.75030,11597503000
457.3964349668751,341.57593743415924,1159.96930,11599693000
549.5082982101776,414.4571656866532,1160.18800,11601880000
632.9667844033605,543.6256247336678,1160.41420,11604142000
804.122633797609,544.5032986322318,1160.63880,11606388000
949.5262325947225,519.3250589139525,1160.87180,11608718000
882.211286770742,556.6965152345663,1161.09580,11610958000
887.444561126304,644.1138894673151,1161.32660,11613266000
883.6548134061079,706.1684631026825,1161.55430,11615543000
813.8312228005985,784.7521987479734,1161.77930,11617793000
769.3457894877653,818.1970135342207,1162.00690,11620069000
700.652522719509,833.7127155947512,1162.23100,11622310000
636.4100667991353,846.9332224761608,1162.46280,11624628000
608.574540591756,788.4663511535168,1162.71220,11627122000
563.7013449213533,694.0461574763204,1162.95670,11629567000
611.3248266787788,683.9298907265106,1163.18810,11631881000
606.6446455643156,694.2622311189691,1163.41040,11634104000
600.0306105044243,720.342875247038,1163.63630,11636363000
558.940692292131,747.3310659664367,1163.85900,11638590000
551.2923624615861,756.8752774001836,1164.08550,11640855000
566.5798177093503,687.3595078272166,1164.30890,11643089000
540.2637612330166,603.225456114663,1164.53540,11645354000
503.74232865889724,574.4658798644107,1164.77720,11647772000
531.8569523246093,548.346106926646,1165.01500,11650150000
475.0499615063622,477.84617478512246,1165.24780,11652478000
451.837227520538,495.6565270383052,1165.47670,11654767000
558.2337323548303,495.19063026033285,1165.69380,11656938000
543.2983524914076,469.27594040861493,1165.92010,11659201000
524.6790203067218,446.7865046170084,1166.14690,11661469000
572.3017208291534,458.76764810627765,1166.38470,11663847000
558.4943352475952,476.56656684699703,1166.61040,11666104000
519.8650810098327,447.4890792380194,1166.83760,11668376000
440.80905810958075,375.6650589268472,1167.06260,11670626000
417.8369902364229,291.1301598411762,1167.28790,11672879000
359.5235152699327,277.1464109004763,1167.52760,11675276000
400.3175551520263,263.7463697766458,1167.74980,11677498000
423.4625201489986,247.93805555308586,1167.97040,11679704000
533.6403573732171,264.1151131860587,1168.19030,11681903000
583.4386432416937,267.78687241280727,1168.41370,11684137000
677.533316967452,286.04966651372575,1168.64250,11686425000
816.7210012343484,302.99443517781805,1168.86200,11688620000
958.8933103873097,278.4725098111877,1169.08400,11690840000
951.2238514736887,294.93066845619404,1169.31130,11693113000
881.5292217215527,291.05369565359916,1169.53150,11695315000
803.1676300120439,277.83914262676007,1169.74950,11697495000
693.2795997216688,251.1730511835704,1169.97520,11699752000
619.6913899527215,239.3879257855724,1170.19540,11701954000
511.5434189296263,266.5127227298904,1170.42230,11704223000
466.7959530289239,256.8770675233166,1170.64290,11706429000
448.9968929614459,283.1584975002513,1170.86530,11708653000
333.1953754822706,305.7811000522681,1171.09100,11710910000
316.28013148738836,349.6302597391168,1171.31320,11713132000
498.21831109814906,318.74862737070885,1171.53650,11715365000
664.5100279235469,332.0089075108101,1171.76090,11717609000
624.5411976010874,343.6931789650039,1171.98480,11719848000
675.3894412956424,363.2918913471534,1172.20640,11722064000
670.987628201609,430.07016275887844,1172.43090,11724309000
714.7474146554639,433.8635686760626,1172.65560,11726556000
674.9764591129422,478.1262553655905,1172.88220,11728822000
671.0066884688276,459.91140592532406,1173.10750,11731075000
599.7897038366461,410.8590762696405,1173.32280,11733228000
533.9328575996954,399.8278923341269,1173.56670,11735667000
465.5943689469284,413.5418333008579,1173.78970,11737897000
437.0195235467428,409.550668271438,1174.03140,11740314000
403.130248609235,437.15714821543696,1174.25710,11742571000
402.5260930171442,489.1359247737397,1174.48310,11744831000
444.7984189910896,532.3560565051376,1174.71190,11747119000
470.24507107126726,515.5354866998184,1174.94300,11749430000
450.482394343898,527.5181134747911,1175.16600,11751660000
530.1191997143478,475.8455909492822,1175.37920,11753792000
513.6365377882559,486.53909679054016,1175.60230,11756023000
516.822366952164,482.23770517738484,1175.82150,11758215000
500.7177419760664,450.1363850028852,1176.04910,11760491000
484.4228429347785,458.9273425812965,1176.27520,11762752000
475.0814779963778,454.38747437282177,1176.51540,11765154000
488.1447575306209,453.50311137699424,1176.74340,11767434000
657.7684689745394,488.24260755966844,1176.97410,11769741000
608.6937219994836,495.15263349892814,1177.20190,11772019000
598.5177222615325,475.70112628871505,1177.42700,11774270000
599.6229746810061,426.7267497033787,1177.65890,11776589000
606.006226081575,365.36332002942515,1177.88300,11778830000
663.0877828899122,351.10755929249086,1178.11120,11781112000
641.0762590200007,374.15889809402984,1178.33160,11783316000
666.161989169665,401.9547135505012,1178.55340,11785534000
616.2372399050589,448.32257773192634,1178.77700,11787770000
654.877729657442,449.1330073338913,1178.99520,11789952000
655.743884524625,453.2952520994883,1179.21670,11792167000
658.4401871213232,453.5567009988002,1179.43810,11794381000
690.5597461402497,462.7931110308107,1179.66360,11796636000
651.450469584339,450.4028626221067,1179.90600,11799060000
608.1515500682586,421.6189746540879,1180.15130,11801513000
550.3503839517455,403.7801209532163,1180.37560,11803756000
600.3496775360849,394.97399353473173,1180.60400,11806040000
740.801488886148,409.01547721147335,1180.84610,11808461000
691.4377576721038,421.60078192230634,1181.06990,11810699000
631.1398462072759,464.80458561575824,1181.29740,11812974000
603.2696599403207,460.75411903104595,1181.53220,11815322000
586.3330850980448,445.89336276643036,1181.75070,11817507000
535.1605447860978,439.0278919186882,1181.97180,11819718000
520.242963185304,473.31286695297837,1182.20620,11822062000
502.59765003105537,552.9301552146632,1182.42890,11824289000
520.3356441806227,645.1213506832538,1182.65870,11826587000
554.3380386748106,678.6976062241689,1182.87980,11828798000
525.4537804816706,628.7153320512091,1183.10510,11831051000
521.1489283242004,617.5357001686561,1183.33860,11833386000
577.1703857420132,705.3241415783699,1183.57320,11835732000
647.7846272940498,760.7280294328169,1183.79380,11837938000
672.9478490031012,775.5546700958225,1184.02250,11840225000
682.6674556849339,784.4096534852359,1184.24300,11842430000
603.4155879488476,693.418998828941,1184.47700,11844770000
593.354466220461,601.6075347825574,1184.70130,11847013000
513.0897778087358,567.3165673134081,1184.92800,11849280000
513.3409460545554,599.0300372925973,1185.15110,11851511000
504.8512292640812,531.0412507199921,1185.37850,11853785000
474.304171481582,532.7582930999705,1185.59620,11855962000
412.133319538352,500.8269376407827,1185.81820,11858182000
531.2227401079213,558.5706318689697,1186.05940,11860594000
628.024361417817,608.5975618057043,1186.28110,11862811000
647.4950010165467,660.5096578943139,1186.49800,11864980000
680.9874844869745,710.7480695425743,1186.72400,11867240000
688.3681332780014,724.202671825353,1186.94980,11869498000
696.5393799279985,712.269914364346,1187.17180,11871718000
679.1305778224173,752.3624818920339,1187.40370,11874037000
601.9061476861996,763.0934023164355,1187.62490,11876249000
573.5814888443192,711.7511971745874,1187.84220,11878422000
499.31992945306325,614.0204903503079,1188.06320,11880632000
413.91965870958626,566.4526569055331,1188.30800,11883080000
398.9725992656655,516.9478202600432,1188.52980,11885298000
456.8512559336573,574.5223121491533,1188.76580,11887658000
565.6958874665539,618.4775769700144,1188.99050,11889905000
550.5193266170664,668.3706102546658,1189.21810,11892181000
573.3755391759486,676.6116512118326,1189.43530,11894353000
618.4444401486041,758.5086637591589,1189.66190,11896619000
690.4250928151326,795.1607973045171,1189.88760,11898876000
699.2902842380165,832.6499006865436,1190.12220,11901222000
716.0317822841034,860.0703075328984,1190.33940,11903394000
717.1600171312884,846.9845350821936,1190.55630,11905563000
699.29409853655,838.9207587906861,1190.78340,11907834000
737.8133567766314,848.3189845097208,1191.01560,11910156000
708.8910860571087,853.6430321666703,1191.23980,11912398000
701.4726366700407,854.8045002340381,1191.46750,11914675000
671.4629948808571,847.0731248248197,1191.68530,11916853000
571.4795013623792,732.2553074593593,1191.91150,11919115000
722.5063806211595,625.9133324024021,1192.13690,11921369000
934.1924772056786,466.30190560056644,1192.37550,11923755000
1031.0584012053648,411.1648002856455,1192.60970,11926097000
1114.0662188194515,341.1154475316695,1192.84370,11928437000
1091.4328667885186,286.81912651314445,1193.07490,11930749000
1096.2042321585861,247.61342420451075,1193.30220,11933022000
1088.934791109961,233.60188565323665,1193.53680,11935368000
1066.83869238601,226.1501022511444,1193.75450,11937545000
1100.4141337970427,218.18176238960314,1193.97690,11939769000
1067.8271186806892,236.37659377368286,1194.19900,11941990000
942.6895421125146,232.85031747503547,1194.41940,11944194000
987.6916588468085,299.7517608137665,1194.63820,11946382000
826.6362953094779,297.89675448141315,1194.86170,11948617000
734.5334496054625,293.3981125800669,1195.08670,11950867000
778.1339919046253,306.4227520661474,1195.31720,11953172000
784.3703322345827,303.1403381028147,1195.53550,11955355000
842.0805597656223,239.58636595219866,1195.75540,11957554000
793.3677715666054,203.55982920289546,1195.98220,11959822000
803.408774603987,275.1683592925152,1196.20870,11962087000
814.389014483367,369.04249827257115,1196.45230,11964523000
780.5073417503284,387.43767536435683,1196.67790,11966779000
706.3180416649168,398.9146755325502,1196.90680,11969068000
688.3694978802997,478.72364526507226,1197.13470,11971347000
795.9976136894919,471.90235987119775,1197.35820,11973582000
698.886451177198,455.4671749798965,1197.59860,11975986000
690.1833313932831,475.8505487612317,1197.82660,11978266000
602.8055268898152,478.12750028486056,1198.06020,11980602000
475.1378740028423,399.4541733440392,1198.29590,11982959000
452.9154878207474,359.47408125755993,1198.52740,11985274000
459.51168306283813,337.4363466636565,1198.76130,11987613000
403.1381966677002,329.2080918261798,1199.00390,11990039000
443.760802708833,316.7405132413027,1199.22770,11992277000
421.7439501272368,317.1352201139058,1199.46700,11994670000
397.5446513205507,306.2694835086786,1199.69920,11996992000
513.5820413357455,285.65834096015595,1199.93360,11999336000
559.879254731306,268.3225107618033,1200.15950,12001595000
573.3211583396705,204.7683590807199,1200.40140,12004014000
639.9311646088258,170.61368095073033,1200.65050,12006505000
704.48492433766,118.09970749860216,1200.87220,12008722000
801.3413784536137,101.52717796100316,1201.09860,12010986000
892.3719937827457,105.0376366253154,1201.32400,12013240000
1023.0000665279232,152.674716794552,1201.55330,12015533000
1171.1445938805364,180.54798160136633,1201.77890,12017789000
1281.1308155959139,193.6070582241118,1201.99760,12019976000
1405.8013481854118,216.72179601436605,1202.22920,12022292000
1563.7387442750733,244.6856693977388,1202.45350,12024535000
1663.5473435351887,242.8488766456082,1202.68210,12026821000
1707.9693818657308,258.686004476693,1202.92120,12029212000
1546.877701464014,323.44105058735084,1203.16280,12031628000
1380.5007945639272,312.8618337510102,1203.38310,12033831000
1233.211266536075,313.67969033041663,1203.60460,12036046000
980.1826769264331,415.9656863204083,1203.83050,12038305000
833.2086105595456,442.15273856006974,1204.06070,12040607000
680.5630937839007,447.3623706756963,1204.28940,12042894000
543.4087552844707,438.62452168724207,1204.51730,12045173000
565.7215504553129,516.7597426939401,1204.73450,12047345000
468.68890355042174,569.795020300311,1204.95460,12049546000
543.7442957627417,644.1621679438407,1205.19020,12051902000
499.66882125492293,659.5196977585041,1205.43380,12054338000
488.19098567431905,701.1749700904412,1205.67110,12056711000
470.0392566765702,685.1983710549606,1205.90240,12059024000
570.9461902999426,659.0908803041787,1206.12920,12061292000
514.3114696757646,592.2533143207638,1206.36050,12063605000
565.8307854853772,629.8846824253447,1206.58470,12065847000
572.5323017510364,618.799170220729,1206.80650,12068065000
646.1171055711441,614.7088890265874,1207.02080,12070208000
699.0212081732677,630.5457199737938,1207.25780,12072578000
773.5031715977083,678.9601668659702,1207.48270,12074827000
682.2732087069421,702.8135416543666,1207.70510,12077051000
624.9733459936866,712.1584591416262,1207.93130,12079313000
604.6840533150004,765.5279140910288,1208.16160,12081616000
619.2380120287934,772.404108819314,1208.39520,12083952000
542.7377356967974,779.1388924135164,1208.61600,12086160000
533.4487314345465,768.4422810817774,1208.83930,12088393000
514.7236493645066,693.1308916940138,1209.06260,12090626000
510.3803755661052,612.0322967128748,1209.28790,12092879000
532.9896935236395,555.5020975856598,1209.50830,12095083000
513.1569546510633,593.9732882608015,1209.73170,12097317000
502.69710578387895,627.3061040864043,1209.96210,12099621000
532.596223771848,663.9234792527014,1210.18950,12101895000
532.9522334541011,732.1596792314069,1210.41280,12104128000
548.872692557038,748.0655174766406,1210.64480,12106448000
582.662798207853,791.6489207775905,1210.86460,12108646000
550.1833055638234,817.0800701528075,1211.09640,12110964000
549.2553501002482,825.5093687807286,1211.32350,12113235000
522.1257728236078,724.8650901164494,1211.54360,12115436000
433.4655378963076,685.5668562157621,1211.77410,12117741000
352.09497199032825,668.4781922429046,1211.99790,12119979000
302.6808851107676,690.5502913787534,1212.22640,12122264000
250.8909283180485,627.5266284409444,1212.45860,12124586000
274.1433559919709,589.0149815414276,1212.68680,12126868000
302.9198094370454,502.203021739937,1212.91360,12129136000
372.0683692629205,437.3232321208939,1213.13680,12131368000
441.90751846810895,421.85196793015757,1213.35230,12133523000
422.41218093424385,358.46218955681957,1213.56740,12135674000
397.96384461945945,300.3689153203332,1213.79430,12137943000
406.13768684309406,267.7536345673142,1214.01550,12140155000
395.3998269916903,245.4050710151791,1214.24550,12142455000
355.3441501464966,209.95713670103748,1214.46710,12144671000
309.3990222620496,185.35892211263678,1214.69200,12146920000
260.67405244989686,152.97125578889467,1214.91900,12149190000
198.4649073492733,123.98544169766495,1215.14150,12151415000
215.69310359235632,159.3729790781495,1215.37160,12153716000
224.50377255343946,175.3356983480222,1215.59610,12155961000
225.18118451406198,184.09893075777228,1215.83400,12158340000
257.2151646752359,159.6555540225626,1216.04750,12160475000
228.492540133955,200.51249442197343,1216.28860,12162886000
259.91598584902135,285.2975957844228,1216.52800,12165280000
473.4623881849264,318.5454498730504,1216.76510,12167651000
618.1504829527373,339.6816356032103,1216.99520,12169952000
680.4869919423465,365.5290639537,1217.22840,12172284000
826.6024633087211,409.3506528548667,1217.45860,12174586000
816.2405086424384,400.44550456448496,1217.71590,12177159000
774.6088436925068,464.52924565233604,1217.93920,12179392000
706.0871596416008,552.1382413732007,1218.15760,12181576000
725.4470964973792,613.3739002410907,1218.38380,12183838000
712.9708678436822,706.5728988927337,1218.61790,12186179000
651.4973331383374,783.0065009958555,1218.85740,12188574000
847.0610601016236,805.7577194201837,1219.08150,12190815000
944.450251669787,860.603237384236,1219.31030,12193103000
1078.6905380518597,879.5923135623498,1219.54600,12195460000
1221.7176807155124,774.5121242651145,1219.77640,12197764000
1294.7753136754452,669.3943254643164,1220.00410,12200041000
1317.892354288799,594.2316020487384,1220.23450,12202345000
1381.2125758330646,536.1906983611963,1220.46080,12204608000
1261.7554962888266,513.8935064724327,1220.68650,12206865000
1038.7479655865438,497.40488761945494,1220.93960,12209396000
901.7180335459135,471.8041201213527,1221.16620,12211662000
750.8122800405707,406.4991793623131,1221.39080,12213908000
581.2116119747379,350.7586240984832,1221.61590,12216159000
492.87912589840806,341.8820178622663,1221.84310,12218431000
487.02841442425535,436.68355876056114,1222.07650,12220765000
459.6086999823633,538.3785345992221,1222.29520,12222952000
454.44820919771405,645.4373015555841,1222.51190,12225119000
471.3733081846638,721.4227076693486,1222.73080,12227308000
460.99250233159825,763.034294057124,1222.96180,12229618000
438.6468469146024,819.0214997285921,1223.18830,12231883000
504.8923890716318,907.2020860471341,1223.41430,12234143000
574.0460158562382,940.1712230666105,1223.63290,12236329000
607.6526412555194,967.7253974818801,1223.85860,12238586000
692.0455242380926,976.4685969666886,1224.08630,12240863000
714.8229137756845,997.4762969146939,1224.31640,12243164000
716.8142206766181,982.0681557388468,1224.54120,12245412000
703.3583335804931,983.3194011710892,1224.76680,12247668000
754.4812271404653,983.0661679083131,1224.99170,12249917000
751.0397954350232,1011.7868696707908,1225.21930,12252193000
691.6168422010586,978.3610472129218,1225.44710,12254471000
688.317937323598,957.8920477729008,1225.67620,12256762000
683.9667111583333,939.1383461763609,1225.91050,12259105000
626.2058535592104,918.7301034379168,1226.14030,12261403000
602.1802679250275,932.6874076742292,1226.36290,12263629000
596.3015815508365,943.2808030647087,1226.57870,12265787000
631.2399311462121,949.2023378254133,1226.80320,12268032000
599.2435550999146,946.8164827221717,1227.02670,12270267000
557.2213963318875,954.8576352944885,1227.25030,12272503000
501.4062315722293,835.2421953938008,1227.47550,12274755000
426.07428511951684,711.1859203922038,1227.69690,12276969000
484.58787304117516,608.7323093080321,1227.92800,12279280000
487.182642188298,546.3773202728423,1228.15690,12281569000
456.7469167178457,509.10037595444396,1228.39130,12283913000
534.2994445523183,500.28477966529545,1228.62050,12286205000
517.6109168843506,478.62246552609804,1228.86220,12288622000
528.6478823042025,482.3445100943479,1229.10780,12291078000
447.0529348142711,418.10597850709553,1229.33480,12293348000
466.8016918576499,348.2887991604395,1229.55710,12295571000
495.8062135486452,365.125252598848,1229.77910,12297791000
483.17659417088976,445.2147741129832,1230.00100,12300010000
473.7826560230354,463.4661481518348,1230.21460,12302146000
428.0494128272147,449.5022574777912,1230.44300,12304430000
403.8592152809905,487.15660869081137,1230.66290,12306629000
386.3714669481647,422.4540414422637,1230.89920,12308992000
392.5998876296458,405.4999092809872,1231.12200,12311220000
335.8339572356056,355.5842798046983,1231.35130,12313513000
342.6950801600775,351.2692127622462,1231.59370,12315937000
307.060653631169,452.2945768794711,1231.82460,12318246000
398.4651097030065,551.2797332434913,1232.05240,12320524000
498.7719664506245,633.7151880136182,1232.27540,12322754000
512.1556049930252,559.3568919012725,1232.51020,12325102000
476.6326476634663,514.429616375076,1232.74810,12327481000
475.71698034785004,487.06096645054015,1233.01270,12330127000
462.14083587854464,466.14107121158395,1233.24410,12332441000
476.144795601272,399.12401246066923,1233.47430,12334743000
472.30421313589227,344.014988827984,1233.69630,12336963000
407.82465336683947,304.26729194235594,1233.93170,12339317000
426.72668510397955,224.614161807783,1234.15270,12341527000
457.4571170543479,245.6299714636004,1234.37200,12343720000
425.0428049154104,288.7887037165664,1234.58810,12345881000
525.2502901819065,371.3355783012204,1234.81090,12348109000
660.2601157416943,459.53346356557154,1235.02790,12350279000
676.0131270195114,443.8585462635518,1235.24660,12352466000
650.8670633713757,439.43164068206914,1235.46390,12354639000
680.1990537327015,448.2103448552682,1235.68340,12356834000
674.5705712916489,491.4833299641349,1235.90380,12359038000
720.9947607650515,472.71360365296346,1236.14120,12361412000
748.0099546791314,474.9302534036402,1236.35740,12363574000
797.8223916277094,469.61431133034364,1236.58580,12365858000
846.5154619669047,511.12721634347815,1236.80060,12368006000
755.346504693315,509.956121412916,1237.02360,12370236000
684.6779013756974,459.8498001828518,1237.24730,12372473000
622.2364530315184,403.9436849825734,1237.47090,12374709000
618.1748731863016,387.29357871774266,1237.68850,12376885000
592.8112227132655,323.30311316842653,1237.90900,12379090000
553.1642315516804,288.82904894236054,1238.13590,12381359000
522.5884559708009,269.3735654193487,1238.35530,12383553000
552.5442601039277,390.4267679938182,1238.57910,12385791000
510.9326053707943,518.887553398717,1238.80070,12388007000
512.6229238676423,630.0533590795136,1239.02510,12390251000
453.2355594774806,650.8168084015217,1239.25200,12392520000
424.6048107399272,637.6892857270581,1239.47930,12394793000
354.8581028690804,676.8524909276528,1239.70720,12397072000
333.2748931418498,684.023537921703,1239.93150,12399315000
339.0604669395582,766.6225461882407,1240.15420,12401542000
357.0005376259474,795.382506785722,1240.38110,12403811000
483.11813914815116,856.1686134315856,1240.63180,12406318000
578.2838114378357,926.7178405756944,1240.86400,12408640000
553.3836727858701,933.374237035767,1241.08590,12410859000
587.1668299628765,943.5103800514662,1241.30950,12413095000
509.043296267027,949.6108962434181,1241.53470,12415347000
654.9941033831665,921.0591310790412,1241.75280,12417528000
786.768117899751,912.7028520491066,1241.97250,12419725000
911.6322133717916,875.1082918363722,1242.19200,12421920000
837.9859043567574,899.5072156260512,1242.41360,12424136000
841.4806782762303,893.2299436492527,1242.63750,12426375000
769.522937524561,906.3928408640908,1242.85070,12428507000
885.713125407833,895.005926384723,1243.07650,12430765000
996.0449700746419,857.1600202750367,1243.30660,12433066000
1058.5695542081894,894.5204798962769,1243.54300,12435430000
1124.3591685349395,915.6713305224221,1243.77070,12437707000
1008.8356351588436,893.8636316476008,1244.00250,12440025000
908.1622421299031,900.4299814730398,1244.22580,12442258000
773.150268301742,904.3880357846917,1244.45150,12444515000
708.6676078095611,766.5652171867217,1244.69490,12446949000
602.332253213752,691.1557993064662,1244.92090,12449209000
546.8119449056387,576.9726946132263,1245.14060,12451406000
462.5989741903746,516.1252575158511,1245.37670,12453767000
440.4261867901954,494.2473442409615,1245.60510,12456051000
534.0426210330377,498.784503645511,1245.83150,12458315000
524.6765670397389,417.0629653939417,1246.05050,12460505000
591.136614841281,338.734994563019,1246.27520,12462752000
594.9048537355732,269.6106564900156,1246.50430,12465043000
658.81497156868,212.6148119359251,1246.73030,12467303000
653.536853877994,235.93604876585266,1246.95540,12469554000
630.6721186666452,239.97781620781032,1247.18560,12471856000
680.9748804745809,231.0870224540225,1247.41760,12474176000
732.67932903595,252.6022630126655,1247.64260,12476426000
789.4279971387136,245.11807828067336,1247.88080,12478808000
807.5745146681938,238.29436199265078,1248.11080,12481108000
909.6980337775492,263.9850863343856,1248.33550,12483355000
948.9816989962047,375.4660788769554,1248.55650,12485565000
951.7797220607558,504.17998677715974,1248.77660,12487766000
796.7726366858371,596.5264588578552,1249.00210,12490021000
772.7463757897374,679.9853961868224,1249.22800,12492280000
668.1903218994091,763.1393966762456,1249.45590,12494559000
605.2662591182741,825.6003843793457,1249.68640,12496864000
540.7204228265695,862.7268894421923,1249.92860,12499286000
520.8324495812467,907.4062048303975,1250.15500,12501550000
458.1803829603148,895.6682922422193,1250.38610,12503861000
341.191372175786,813.5377494640416,1250.61290,12506129000
265.9940111926042,737.7566983314441,1250.84410,12508441000
256.7736659935308,664.9796092542072,1251.06920,12510692000
255.43740267849893,601.8893494329506,1251.29710,12512971000
250.67145628937232,532.6682378376054,1251.52020,12515202000
267.11847143883404,489.82907194592053,1251.74700,12517470000
292.3948948827456,441.03132013362426,1251.97720,12519772000
258.6440741452707,439.33125827278855,1252.20680,12522068000
281.6853726110932,428.5915426612906,1252.43620,12524362000
257.74175071666446,423.0493927390688,1252.65460,12526546000
258.81688958734736,415.13985988225227,1252.87670,12528767000
302.0086236114294,354.67262042507934,1253.11830,12531183000
389.62395045289895,386.7248026481177,1253.35310,12533531000
462.2324070074773,459.13999406224605,1253.56880,12535688000
490.95219018436376,519.8877145270079,1253.78670,12537867000
609.0191215417914,452.4876886029958,1254.01940,12540194000
857.0524590439861,364.85026446667877,1254.24570,12542457000
923.6614034751893,356.53533282136334,1254.47050,12544705000
1091.031902578068,249.2929356758206,1254.70640,12547064000
1286.2312384435984,185.26918771289536,1254.92800,12549280000
1376.9808873251607,168.95667248204649,1255.15740,12551574000
1490.361366826472,200.06727385235106,1255.38350,12553835000
1515.2982720220803,166.22620562927844,1255.60790,12556079000
1568.7014164784032,144.93781349443185,1255.85280,12558528000
1490.0236861273506,136.60730172999692,1256.08070,12560807000
1525.0187737622527,123.01647316099904,1256.30030,12563003000
1449.7497688037206,142.38218625512675,1256.51840,12565184000
1386.1090620204475,146.9699284433464,1256.74280,12567428000
1337.7070572086104,174.9671665244067,1256.97620,12569762000
1294.2562633884372,205.53363471504542,1257.20300,12572030000
1198.6030938892986,252.01270229174446,1257.42730,12574273000
1025.9810357574872,300.4171205151905,1257.64930,12576493000
816.2801833498734,320.09699081693657,1257.86730,12578673000
631.9437609094496,310.20993325348496,1258.09400,12580940000
546.9471474809991,371.3967943968238,1258.31880,12583188000
390.6275405841685,373.2784171898937,1258.54790,12585479000
461.6371712980298,370.7395936436406,1258.77130,12587713000
513.5819747544157,372.3108945115112,1258.99300,12589930000
591.0328821449006,402.2889008243607,1259.21990,12592199000
677.6596405030515,396.14971339346164,1259.43430,12594343000
862.8390068285192,343.02670212223677,1259.65220,12596522000
911.7882923313958,275.956321164781,1259.87130,12598713000
938.9387684995025,282.9155279398183,1260.10110,12601011000
987.5849030758227,302.4030403411388,1260.31650,12603165000
1064.359072413123,329.12919453746247,1260.54100,12605410000
925.3854574847189,362.0904520638569,1260.76700,12607670000
831.1716137488019,344.8920676436672,1260.98720,12609872000
781.0785684326353,330.32898450511783,1261.21960,12612196000
605.0714225544205,313.4347540664886,1261.44910,12614491000
541.5524204489687,327.83247383408406,1261.67620,12616762000
467.52123931662476,316.51422456302305,1261.90750,12619075000
408.53277944985564,342.98786683370906,1262.13110,12621311000
381.71327231490056,469.3078406268496,1262.36600,12623660000
508.8547685112534,578.4801518453627,1262.58890,12625889000
556.3337818441789,655.5411487331919,1262.82190,12628219000
582.3749707052023,685.4988859638512,1263.05410,12630541000
522.0582164210167,673.3899541745774,1263.28690,12632869000
432.4884424756485,629.3746103210858,1263.50520,12635052000
368.2107315793031,560.156059237797,1263.72740,12637274000
329.35561122305376,481.26267021253614,1263.95250,12639525000
298.13425293335797,423.1396225016281,1264.17570,12641757000
332.96020898870836,414.48107293662025,1264.40150,12644015000
337.55610287023586,446.91582284873164,1264.61970,12646197000
348.04757360532733,481.2120956535108,1264.85370,12648537000
299.77211159839646,512.9136298458116,1265.07630,12650763000
332.45345656554514,537.7946381752274,1265.29820,12652982000
339.01642426575387,533.5668497788929,1265.53120,12655312000
412.8050406378086,562.3544817689046,1265.75970,12657597000
389.5510493946517,581.982117818328,1265.99510,12659951000
389.4625794822153,610.7090780917295,1266.22370,12662237000
401.68007433994154,580.518428930221,1266.45140,12664514000
369.92217864131396,545.4822405020467,1266.67980,12666798000
386.16068116436367,485.6067498468158,1266.90760,12669076000
434.6087642095757,457.1490336755023,1267.12250,12671225000
509.0612236760259,425.80056568922885,1267.35410,12673541000
443.0477071302389,400.9687160466387,1267.58690,12675869000
416.40314350343255,415.7740595176416,1267.81240,12678124000
355.5398533539405,407.6530256041832,1268.04360,12680436000
349.34781705755944,404.12174375224015,1268.27180,12682718000
445.6222733366307,406.7915147361753,1268.48960,12684896000
543.1022524969887,450.7255633638167,1268.71600,12687160000
585.1274216944778,461.4769632363348,1268.95410,12689541000
569.5835903285615,460.6785592967407,1269.20750,12692075000
513.9031489746279,456.9454347521606,1269.44590,12694459000
459.0596184027965,475.0982340183024,1269.69620,12696962000
403.55802159505856,479.22349725846595,1269.92680,12699268000
450.353260872164,499.91478429454986,1270.15380,12701538000
472.20150302772777,540.1679489563163,1270.38190,12703819000
522.6478250262621,520.0696414798962,1270.63940,12706394000
589.1518309625412,531.8396486719444,1270.87200,12708720000
627.6523291101903,521.5005035302688,1271.10850,12711085000
485.9110025666999,521.3276725718911,1271.34370,12713437000
427.9871557116032,495.8078438011384,1271.57540,12715754000
504.52710516885895,488.60369302050276,1271.80350,12718035000
514.1273067257375,492.4933394934502,1272.03120,12720312000
576.2987769893002,498.0733536292511,1272.27830,12722783000
591.4179907508387,514.9428386936955,1272.51490,12725149000
739.8428084413342,381.6484410329268,1272.74550,12727455000
835.5946875934196,317.24005118500736,1272.97520,12729752000
823.2830160545869,312.64523838858776,1273.19660,12731966000
839.747797839639,323.82730884186503,1273.43290,12734329000
988.6466647099877,443.60677196317806,1273.67740,12736774000
921.4322369537952,449.9489270493042,1273.91110,12739111000
1024.2038845575646,425.85899282767434,1274.13010,12741301000
1181.057357427809,429.51124675655615,1274.35670,12743567000
1333.9979547996204,415.0876401445531,1274.58520,12745852000
1381.9563594776635,406.95862613071904,1274.80880,12748088000
1138.3498730393326,448.6648255255062,1275.04040,12750404000
946.7456405653347,509.2868631568269,1275.26590,12752659000
784.7633445541911,570.8415192117355,1275.49580,12754958000
640.0692942495127,585.9048391013994,1275.71620,12757162000
589.0688883484357,641.7532723737468,1275.93490,12759349000
532.1889766435002,725.5504857912347,1276.16120,12761612000
414.3200284381895,792.1806021983663,1276.38990,12763899000
451.2234471796774,852.3789298986694,1276.61240,12766124000
410.3964308163981,886.9232295454942,1276.83760,12768376000
362.81421953174544,757.9636873817842,1277.06930,12770693000
352.58083496682417,717.5802401224454,1277.30480,12773048000
323.0948170406489,626.8595959281549,1277.53110,12775311000
311.97309538442926,565.4781309737194,1277.75470,12777547000
307.116409049609,569.4221633414899,1277.98100,12779810000
289.5814796021869,579.0256515720598,1278.20730,12782073000
331.69357954009195,519.0319274151012,1278.43540,12784354000
302.8562056304712,498.68605004031,1278.65780,12786578000
288.4172903980013,446.15581399621885,1278.88850,12788885000
249.7675646432678,392.4913850511417,1279.11190,12791119000
276.30170495802247,318.037247273248,1279.33810,12793381000
277.9756692166022,320.389284088661,1279.55520,12795552000
230.48276764739734,309.52130054270475,1279.77920,12797792000
279.90109762636564,350.38705958331946,1280.01010,12800101000
288.50724333480633,312.6949270694338,1280.22600,12802260000
342.1647289005993,358.8864102031,1280.44510,12804451000
424.16811338936543,383.57452090455547,1280.66730,12806673000
468.29595595560454,406.9313876362676,1280.89270,12808927000
407.19451696001875,403.9756030450456,1281.13030,12811303000
365.30235999640814,407.49703484411185,1281.34880,12813488000
415.7070328257141,514.4581173370566,1281.58990,12815899000
413.2406925868178,503.56414975983216,1281.82070,12818207000
422.3003719844045,521.5385718481432,1282.04550,12820455000
353.6551094330048,490.18235540748447,1282.27190,12822719000
359.9795279980054,463.9035915061954,1282.50640,12825064000
341.53756082838476,471.4822322204762,1282.73600,12827360000
368.5964948717575,490.5962245902892,1282.96550,12829655000
417.5834744468179,507.8949776156028,1283.19520,12831952000
450.6378229924411,625.4394652967458,1283.42530,12834253000
640.2189579043848,639.8078703878572,1283.65520,12836552000
818.9924809144555,596.0006370703298,1283.88050,12838805000
826.9490161662908,489.5468592289816,1284.10860,12841086000
833.0980230263665,495.58136498487704,1284.34530,12843453000
811.8843407677589,450.8477643636572,1284.58500,12845850000
756.401558763086,442.3219764025336,1284.80590,12848059000
752.2063625943881,401.40339948439197,1285.02010,12850201000
732.9389712296613,461.166559987053,1285.24800,12852480000
638.4721611742998,519.6242107220196,1285.47260,12854726000
523.6214985898553,591.6780498284481,1285.69420,12856942000
625.9152776344374,619.2805048018064,1285.92710,12859271000
629.3855213084682,726.016544995884,1286.15550,12861555000
732.3237755947241,668.7208687775212,1286.38030,12863803000
790.1625271186274,592.4449024472001,1286.61120,12866112000
710.5327388246283,564.3474446310647,1286.84250,12868425000
553.6136647907686,476.2014499152498,1287.06550,12870655000
566.9401062684136,447.47131878669217,1287.29200,12872920000
523.8547510325635,448.73544685240796,1287.53670,12875367000
430.4368035346055,497.20127009808897,1287.76650,12877665000
438.1499737130772,506.7105210709317,1288.00050,12880005000
447.25440475563687,611.8651812552714,1288.22140,12882214000
352.7390998284585,695.7543220887945,1288.45440,12884544000
326.35124602762374,782.2554365383014,1288.68210,12886821000
284.5612680923483,856.183333979309,1288.92170,12889217000
332.72871236673006,937.4803850865286,1289.15590,12891559000
272.26538779558496,804.2526986793082,1289.37870,12893787000
245.82877407703867,696.5605654911834,1289.60290,12896029000
223.35985027730098,596.3398626708926,1289.83450,12898345000
201.13400028331912,467.7129302616819,1290.06820,12900682000
200.5184924735481,385.4672714302826,1290.29700,12902970000
205.91894174282822,312.8988674362172,1290.52020,12905202000
250.30854023888867,269.0293326633403,1290.74590,12907459000
347.80571067252407,230.21619154482826,1290.97880,12909788000
404.8679704965276,178.40956578925358,1291.20620,12912062000
384.9447236936128,174.34528550212852,1291.43860,12914386000
380.66973810889647,150.541041363663,1291.67620,12916762000
351.56119499735956,263.15747371317997,1291.90420,12919042000
439.254582345186,358.00576230273776,1292.12460,12921246000
448.106200704277,392.56271017721474,1292.35510,12923551000
453.1383293636311,461.70366222616957,1292.58000,12925800000
428.85964493477155,525.41451093677,1292.81460,12928146000
469.8554812785746,602.3076261261853,1293.05300,12930530000
457.5669270005439,608.4756603816004,1293.29670,12932967000
456.9916863864864,654.3886815719782,1293.52010,12935201000
424.1296917696712,712.5376903707593,1293.74740,12937474000
483.06321517780145,731.3180972682472,1293.97440,12939744000
523.346112476138,731.8711071935105,1294.20360,12942036000
468.54056323047485,794.6725620766397,1294.43670,12944367000
721.0528641622046,792.1051404218599,1294.66750,12946675000
782.1468550484959,794.3557086401734,1294.90660,12949066000
737.2972287266498,847.6282873666985,1295.13210,12951321000
710.4136163132586,868.8007458237358,1295.36930,12953693000
628.865261207824,894.116102007419,1295.58770,12955877000
513.3447468976174,839.8430375126715,1295.80730,12958073000
440.58415015282344,739.9299434255373,1296.03830,12960383000
378.49612961964687,631.3829627566488,1296.26740,12962674000
361.8434119130428,529.7358321226413,1296.49390,12964939000
321.69271817394264,440.19420407982483,1296.72900,12967290000
293.8401822744782,372.0297881506659,1296.95440,12969544000
300.50327727082333,307.8428108823824,1297.18090,12971809000
224.74893139984255,280.7505064813607,1297.41440,12974144000
200.0516211797933,237.89221887606365,1297.64430,12976443000
176.7319877944261,247.24321065681426,1297.91710,12979171000
234.30832689906748,259.59832963527435,1298.16030,12981603000
243.81229655661295,274.1258290913017,1298.38740,12983874000
244.75152674966162,336.53040295527705,1298.61240,12986124000
290.58989845982023,421.1050114021252,1298.83350,12988335000
272.56655708334404,500.3242925319847,1299.06640,12990664000
277.30602737170915,486.24644791196755,1299.29400,12992940000
281.7837553782057,529.2691943125301,1299.54070,12995407000
305.2585367211217,509.84761123457906,1299.76960,12997696000
295.2945187822519,502.76648887617955,1300.00030,13000003000
353.5811170535173,489.7686604416749,1300.22760,13002276000
418.5312534316673,484.34704247391466,1300.44940,13004494000
419.85447570106834,468.71222838685674,1300.67360,13006736000
441.7842152229972,480.42813453726893,1300.89970,13008997000
451.1458786351863,498.1807674980513,1301.12000,13011200000
398.14835478743686,470.8858062643938,1301.34820,13013482000
438.82285649786076,476.22382803568695,1301.57100,13015710000
427.8447941824618,441.2693146136672,1301.79440,13017944000
395.12138863336435,408.0868790037728,1302.01560,13020156000
346.3658915710899,398.73591290974497,1302.24600,13022460000
294.86223567415186,459.85205369063124,1302.47340,13024734000
257.3067414713558,512.8257313744253,1302.69500,13026950000
252.26076136756882,514.2419332454473,1302.91190,13029119000
234.95423560997634,505.2455315205286,1303.13180,13031318000
242.87941615523266,483.0818230910994,1303.35500,13033550000
234.60044802931617,442.9479168733499,1303.57600,13035760000
208.48580947305572,424.6484029805502,1303.80500,13038050000
163.48301123171174,396.82163099695333,1304.03780,13040378000
181.19086886331425,367.6651338707021,1304.25730,13042573000
206.6743853457083,361.81013846380495,1304.48900,13044890000
227.16422338688452,328.7126507361,1304.71610,13047161000
310.0226481912356,346.6662683200517,1304.95640,13049564000
297.03271532407524,354.98309564632444,1305.17550,13051755000
277.79851916534585,383.59945187973494,1305.39450,13053945000
320.1250841002297,354.04415517456084,1305.62290,13056229000
346.12375530319997,348.49887538910644,1305.85120,13058512000
379.2944279791422,374.5629787970385,1306.07910,13060791000
351.528221571943,364.1504704171908,1306.30720,13063072000
313.99073025571016,364.32546219069786,1306.52780,13065278000
300.2715023815602,392.7635515710379,1306.75970,13067597000
295.2724900466043,376.08541821662254,1307.00270,13070027000
276.478404555561,383.09038180131785,1307.23490,13072349000
262.51395672605247,388.8289508418368,1307.48510,13074851000
299.0098479620046,366.9311309266643,1307.71220,13077122000
322.817972165115,391.3363496386813,1307.94020,13079402000
291.94159753015725,352.1161557081085,1308.19460,13081946000
338.50841695273306,478.47372705767077,1308.41830,13084183000
256.77673169778507,590.8154241016032,1308.63920,13086392000
255.18852388549718,680.1321708258517,1308.87190,13088719000
359.07150784534764,750.0686124724234,1309.10270,13091027000
381.0867019355042,727.9369066705649,1309.32370,13093237000
458.8414830465535,761.0230099562364,1309.55300,13095530000
576.9764121792718,656.8617368651454,1309.77670,13097767000
505.596835277495,631.2906147790914,1310.00180,13100018000
462.8120406489846,571.4785187521904,1310.23540,13102354000
419.9902656974219,531.6285041581249,1310.46330,13104633000
392.33745192372135,502.28878112677666,1310.69100,13106910000
340.0117266191381,442.4613414296949,1310.91820,13109182000
335.7967887623488,393.447004670708,1311.13730,13111373000
340.09245220165093,352.3437482477264,1311.36590,13113659000
332.16372323383865,351.44982273299,1311.60200,13116020000
356.02157961274185,302.58896876352003,1311.82730,13118273000
324.7371506023464,328.729976675609,1312.06040,13120604000
307.2998745577313,347.62417974741504,1312.29070,13122907000
414.14313454442487,435.1071671845241,1312.52220,13125222000
560.0751975097413,457.5133089702098,1312.77160,13127716000
483.9346022373375,422.37827231405777,1313.00410,13130041000
463.2467525471937,445.036291553006,1313.23920,13132392000
493.585555218142,438.9909979815682,1313.46890,13134689000
507.6871602181206,393.49329549962187,1313.69940,13136994000
478.5657793559804,352.2968669457132,1313.95610,13139561000
453.2315325622045,390.1440440205469,1314.17840,13141784000
406.4287389144299,400.77909206574145,1314.39810,13143981000
377.7622305644653,375.676860068948,1314.61770,13146177000
329.2073879567499,374.65486240453424,1314.84890,13148489000
315.9505797021906,389.79185412228037,1315.07430,13150743000
264.7886807442107,367.56037521977265,1315.29690,13152969000
240.7803865884162,347.7796184677621,1315.51290,13155129000
251.4579796580043,363.93459401299623,1315.74520,13157452000
224.67774330467307,411.94112503885583,1315.96580,13159658000
227.0240322460233,416.4905283408263,1316.19500,13161950000
198.03684494341866,408.8769133551153,1316.41480,13164148000
236.2935714535154,359.77537128729557,1316.63630,13166363000
217.31645608391224,404.90235902971403,1316.86410,13168641000
342.9530800844585,403.80606445197407,1317.09670,13170967000
450.36521861018934,445.26946508982826,1317.33810,13173381000
487.3793251762045,350.75444626398985,1317.56630,13175663000
514.9914517525003,328.4206824792183,1317.78790,13177879000
544.3550590964608,318.404139214355,1318.02880,13180288000
603.2002243623966,291.8871417447292,1318.25240,13182524000
688.3755395680225,304.7382196489795,1318.47100,13184710000
683.3814653315953,271.2480370714194,1318.69380,13186938000
764.6798310530864,337.69876033376573,1318.91500,13189150000
705.7433761590145,391.9039223644216,1319.13940,13191394000
636.4486958212007,399.5556995116888,1319.37010,13193701000
549.5646649010691,391.04955140420606,1319.59310,13195931000
544.8637423219933,391.8432932145155,1319.81320,13198132000
450.98404915577686,349.5205845952584,1320.03230,13200323000
368.72995008585144,319.8275143840215,1320.26170,13202617000
359.91192117538014,302.4510490230865,1320.49170,13204917000
349.18478882045787,304.64263040604874,1320.73620,13207362000
305.1149943747214,306.9006921218081,1320.97060,13209706000
277.48558567965296,337.04380435096,1321.20280,13212028000
285.3982961592002,324.785467027604,1321.42500,13214250000
285.606895152658,280.8558134098455,1321.65920,13216592000
309.31468309920996,295.01145490162384,1321.88540,13218854000
396.35029531838575,330.728833080564,1322.11350,13221135000
431.828125248215,320.2741867203376,1322.34670,13223467000
553.4602589774529,454.1396780273242,1322.57810,13225781000
621.6362794687109,437.3829949750848,1322.83050,13228305000
663.3911884381105,400.7616377034654,1323.05640,13230564000
640.6111310426054,394.985141889049,1323.28340,13232834000
601.0181754983766,390.9042915816465,1323.50900,13235090000
557.7688835446645,412.81538870069306,1323.73760,13237376000
546.5282998531367,456.18575764743287,1323.96510,13239651000
590.705809256568,521.4107196096774,1324.19460,13241946000
632.823549005123,538.8912229188471,1324.41920,13244192000
657.0625232276051,558.0666558557276,1324.66690,13246669000
697.2249793505543,541.8208268895494,1324.89370,13248937000
825.3538852965958,499.3967318128688,1325.12350,13251235000
936.5111665659279,490.54864372589765,1325.35640,13253564000
986.3900366759727,485.288250699173,1325.59990,13255999000
972.4396025672786,495.6221536840678,1325.83100,13258310000
944.4959724943944,542.1282769524422,1326.05720,13260572000
898.1140024185726,601.7073538152506,1326.28200,13262820000
907.3261242701815,681.0900799660182,1326.52280,13265228000
916.6447771003265,633.824393711291,1326.76400,13267640000
968.064215493702,561.3396348890153,1326.98810,13269881000
1011.6758653231213,563.9386140003343,1327.21520,13272152000
969.5146228711837,520.359034538335,1327.44460,13274446000
947.4846782913135,571.260279843762,1327.66720,13276672000
861.2433183847567,619.762503901351,1327.88720,13278872000
787.7670610806042,634.6626964305829,1328.11400,13281140000
623.6257209567484,621.0263421928547,1328.35640,13283564000
518.8701791894705,542.7519971004455,1328.59410,13285941000
597.9664216480411,543.1698525345237,1328.82420,13288242000
722.452225100787,484.99519882417843,1329.05050,13290505000
783.120315185514,423.23736372476856,1329.28220,13292822000
830.9068945490477,365.0977771196223,1329.54100,13295410000
910.0622839334712,364.77926050769497,1329.77310,13297731000
1029.0161071612963,305.11555470776784,1330.00620,13300062000
1174.1002900248534,283.0343599422177,1330.26380,13302638000
1288.4423686247885,244.33324022541132,1330.48520,13304852000
1374.0184051706276,227.00299245659693,1330.71130,13307113000
1388.8149688449548,169.4128184344557,1330.94630,13309463000
1419.466124642494,187.5936768352541,1331.18210,13311821000
1430.9509406925044,172.29471740563787,1331.41110,13314111000
1410.6366299177892,197.31212253866218,1331.63580,13316358000
1196.2380703316403,273.9886735971507,1331.85490,13318549000
1013.7697703438693,398.22013119722914,1332.07940,13320794000
837.575307802629,463.95386264289624,1332.30530,13323053000
820.2782313381902,465.79172408577534,1332.53610,13325361000
794.250169666999,500.4371860787657,1332.76900,13327690000
658.420076905316,630.8857003589624,1332.99560,13329956000
613.6948180411979,672.6876404787473,1333.21750,13332175000
510.0601934813097,629.9922260440874,1333.45190,13334519000
399.58916684585404,593.9481673224418,1333.68750,13336875000
365.526234481007,502.40394770034277,1333.92830,13339283000
295.15600132686706,467.8748970469995,1334.15970,13341597000
297.2244007712363,466.651469192591,1334.38650,13343865000
262.041098889324,443.0471961734935,1334.61490,13346149000
319.94268514157966,410.31313037597135,1334.84430,13348443000
305.09751114538994,359.4236902990715,1335.05970,13350597000
368.14562458801856,357.40216071725996,1335.28050,13352805000
434.770104779578,326.9363813813765,1335.50250,13355025000
455.71041225083263,299.7843364731737,1335.72450,13357245000
415.7097926283652,322.0444746464744,1335.96080,13359608000
384.70922836690136,337.27662522770436,1336.21750,13362175000
293.9689075980079,338.25450004147945,1336.46090,13364609000
267.48814631541853,352.2979604545831,1336.69340,13366934000
296.72699498114576,382.2663745957075,1336.92140,13369214000
306.91585899372046,422.0173658390041,1337.15260,13371526000
342.1589699980947,470.5625821005676,1337.38990,13373899000
400.6228667671013,530.1230559081758,1337.62720,13376272000
377.7935670277215,544.6945318329208,1337.86860,13378686000
399.43095990839794,573.1114602570776,1338.09530,13380953000
506.9752774080002,540.8999643684182,1338.32380,13383238000
488.80636005071665,514.5804897469737,1338.55080,13385508000
475.60899522361314,517.4629517479785,1338.77930,13387793000
474.60715665917576,469.9321095824921,1339.00460,13390046000
441.24728995825916,437.1950289957881,1339.22120,13392212000
419.3000320904878,397.26914239239306,1339.44700,13394470000
434.19234568443085,406.97986235559557,1339.66820,13396682000
452.53834201497375,398.7304243954586,1339.89510,13398951000
506.2550946137858,417.77650642319463,1340.12580,13401258000
563.0465277573048,455.8364596090872,1340.35250,13403525000
550.1496278889982,464.84084756416763,1340.58600,13405860000
503.1497254699665,407.0780012376056,1340.80500,13408050000
455.425918786738,416.7633877003942,1341.02540,13410254000
449.46070426329,435.35097199879345,1341.26730,13412673000
387.4825918230416,381.4139886244772,1341.51270,13415127000
358.0166456279685,388.72318207615956,1341.74340,13417434000
352.19669337941025,394.5655683076418,1341.96060,13419606000
335.090776731479,385.02382841833787,1342.17830,13421783000
307.44495247063014,352.2582314085907,1342.40310,13424031000
259.1163345459636,352.4479074030055,1342.62660,13426266000
231.11922850341236,320.66275266068345,1342.85150,13428515000
246.8571051515757,326.445546272335,1343.07300,13430730000
243.87807988196786,321.90841612781554,1343.30150,13433015000
210.21210673047437,322.1787192392085,1343.53230,13435323000
168.29039928732445,278.3054414783287,1343.75800,13437580000
202.11993314642072,320.2989336685198,1344.01250,13440125000
229.0461606952486,269.19147600502254,1344.24540,13442454000
251.79181831680452,326.72397249706205,1344.46650,13444665000
409.02680895722995,402.02422334515927,1344.68710,13446871000
558.6467317114457,491.78578850278154,1344.91400,13449140000
530.2791587378333,558.0023833617638,1345.15320,13451532000
543.6949076849836,638.7209641602218,1345.37500,13453750000
517.3832970022237,598.8572029036085,1345.59590,13455959000
455.4990745869998,564.4962564532211,1345.81750,13458175000
445.954838796007,644.7310730551505,1346.04410,13460441000
503.2247688319202,596.213045877733,1346.27670,13462767000
461.06682932576433,545.5188816617881,1346.49640,13464964000
462.7941767216487,490.572305992182,1346.72000,13467200000
449.10384154774175,359.3114418177097,1346.95920,13469592000
442.2453801161713,250.82123467231514,1347.21230,13472123000
485.98869588437714,215.1365387956621,1347.44320,13474432000
536.5066160809438,213.46761366444582,1347.68910,13476891000
436.5796396455753,187.5728325843201,1347.91730,13479173000
381.8091167132495,177.1407164447471,1348.17000,13481700000
542.4377648419052,234.46719541331413,1348.41980,13484198000
498.6318976997723,319.74463559468575,1348.66470,13486647000
409.5148077952471,309.8355867575191,1348.89300,13488930000
424.2003420659899,328.8187945452492,1349.12810,13491281000
500.20276076775434,453.1532645094541,1349.34820,13493482000
597.050215869123,391.63203420949003,1349.57940,13495794000
673.0790972169433,346.9778115978536,1349.80700,13498070000
806.8401838340076,295.8051616251819,1350.03180,13500318000
970.6827960450819,280.814831845312,1350.25880,13502588000
1090.2764924319192,245.89098039498535,1350.48120,13504812000
1191.9663311637275,215.34699964232374,1350.71060,13507106000
1234.554885513817,212.78679351411097,1350.94000,13509400000
1228.748384536208,238.76628020131187,1351.16690,13511669000
1235.7623654000024,232.77971273036752,1351.39340,13513934000
1284.8123250870042,212.8236647578504,1351.61600,13516160000
1282.8042821320591,228.60146159853755,1351.84280,13518428000
1273.2907544242332,228.12150678466693,1352.06400,13520640000
1307.2389589867637,231.45793614107373,1352.29090,13522909000
1292.914681589235,207.33327122776535,1352.51430,13525143000
1217.6836269331507,198.72669603664448,1352.73900,13527390000
1106.4296540282876,141.63251585576734,1352.95760,13529576000
1009.7388421641444,109.83334941243578,1353.18030,13531803000
924.6339075135309,138.59881773880505,1353.40710,13534071000
936.4851901743472,153.1865013905484,1353.62740,13536274000
870.6286902743553,180.33291405476524,1353.84460,13538446000
826.9908165189714,220.09167072811115,1354.07420,13540742000
795.1005142899224,280.4727051026603,1354.30330,13543033000
821.0586973449954,271.3187531614744,1354.52320,13545232000
734.9632680948672,305.23596949007424,1354.75390,13547539000
763.5819867133288,410.17116623591,1354.97980,13549798000
763.0553660388708,407.0415615701797,1355.21140,13552114000
770.475072162054,416.76281106774394,1355.44930,13554493000
723.8011280180342,421.6975432240734,1355.67810,13556781000
840.3213871408751,417.0260549948785,1355.90540,13559054000
917.3299830552977,362.05717762395386,1356.13850,13561385000
782.811718254273,345.3339936528374,1356.36630,13563663000
679.7022404219939,327.4953926717665,1356.59600,13565960000
613.8835194234067,328.9559221503702,1356.82660,13568266000
586.0462909281151,329.3457328356614,1357.04750,13570475000
582.8222525031456,340.81049461081176,1357.29300,13572930000
488.4544990442722,385.2171915699897,1357.53950,13575395000
414.5601291435052,357.1744231226372,1357.75890,13577589000
360.53325555889586,325.1726100115581,1357.98490,13579849000
334.2360199881016,299.0435168487328,1358.21540,13582154000
280.9372507591969,268.799965865368,1358.44840,13584484000
238.14932415522514,277.5871649816571,1358.68170,13586817000
233.81339626462037,279.91001113110906,1358.90770,13589077000
228.9200072815023,275.1085041923739,1359.13330,13591333000
206.4086689554553,260.16231401076726,1359.36910,13593691000
150.57680355660005,260.91563587280007,1359.59800,13595980000
178.79692759277395,270.46058877849094,1359.81990,13598199000
236.75277520299164,267.97874595246674,1360.04920,13600492000
300.33998791547185,268.62174727310014,1360.28120,13602812000
345.8468142328411,344.13945497698046,1360.50990,13605099000
338.3157451405482,335.6239217718607,1360.73960,13607396000
329.14336678701943,353.5430169140989,1360.96580,13609658000
301.00831945732773,340.31558241792175,1361.18320,13611832000
299.8997300948028,369.512394582392,1361.43830,13614383000
320.9670906946612,343.79226232564787,1361.67540,13616754000
331.02414461379163,328.8193704928991,1361.90720,13619072000
272.9603563075106,325.91884206104237,1362.12810,13621281000
322.7737352377689,284.91055379197917,1362.35740,13623574000
331.5741243924477,276.2139525800537,1362.58140,13625814000
346.69292319121746,241.50283888133924,1362.80630,13628063000
317.3382006515503,247.79693072354027,1363.02450,13630245000
277.71496069004496,213.2630832510681,1363.24510,13632451000
336.2018889119754,234.29066964447787,1363.47190,13634719000
409.13459973711224,228.14131990062674,1363.69130,13636913000
345.37470182244624,265.85267570812016,1363.91300,13639130000
402.67375135255304,272.52095542333507,1364.13450,13641345000
365.285931122386,296.79856614071304,1364.37090,13643709000
289.13680587807835,310.8027007007037,1364.59600,13645960000
250.4690223563429,342.11071080039983,1364.83830,13648383000
313.3188152660872,342.4246002348909,1365.06940,13650694000
284.47520289176146,280.8885060704315,1365.29800,13652980000
398.34133405869164,332.60701206937443,1365.52170,13655217000
356.5497238087275,354.5824980749199,1365.78310,13657831000
286.41078191314415,354.54733600282907,1366.00610,13660061000
340.9656133221647,481.8340821739396,1366.22720,13662272000
334.22390133296705,558.3650465919407,1366.45630,13664563000
246.85004095456014,593.1169089878872,1366.67870,13666787000
268.0116506360223,510.6120700626026,1366.90320,13669032000
266.1995617041239,447.48701585764866,1367.12660,13671266000
268.62868461919186,381.5965158285013,1367.35300,13673530000
267.5016927526028,345.5742067420812,1367.59730,13675973000
256.13286868845233,331.6725182037982,1367.83350,13678335000
250.90716563488002,316.394106276947,1368.05380,13680538000
239.24068624855525,328.7813405500638,1368.27900,13682790000
246.69482178463036,294.606012507198,1368.50730,13685073000
262.9162308647874,242.41882556983003,1368.73900,13687390000
279.02620197832647,279.78490393619035,1368.96780,13689678000
362.2182689769254,268.3235601101558,1369.22070,13692207000
451.1042538766702,267.54239006835957,1369.44850,13694485000
565.9538698319724,263.56492431720005,1369.68160,13696816000
743.21717766754,249.90670477251345,1369.90520,13699052000
843.7718533580531,244.95075015836875,1370.12770,13701277000
903.7312718290799,212.4164547391196,1370.35230,13703523000
1020.8797433711142,221.803929221484,1370.57840,13705784000
883.1406612497377,269.07055538478056,1370.80640,13708064000
754.7630959482847,293.99847253707725,1371.04070,13710407000
708.8371816904655,312.5988512848733,1371.28440,13712844000
672.5305440745484,301.5771423626148,1371.50510,13715051000
834.9282327995093,389.1784370067337,1371.72980,13717298000
666.5349790806151,409.3621479047757,1371.96390,13719639000
539.5169398869639,458.48720633350763,1372.18790,13721879000
536.5174101541533,532.6680527128982,1372.41870,13724187000
477.16925347794825,507.204683115898,1372.65020,13726502000
399.9360770138888,475.1878701529997,1372.87590,13728759000
336.16530519515635,453.71179033180135,1373.10950,13731095000
281.82338972056783,407.5495606487596,1373.33380,13733338000
248.56466738923663,365.0676342030101,1373.55210,13735521000
230.3564400742381,373.4788113899874,1373.78090,13737809000
332.3831176702671,376.662737844215,1374.02330,13740233000
357.75651877279347,378.026926448244,1374.27540,13742754000
294.4250470566749,362.53601634388554,1374.49850,13744985000
298.94609004089307,379.226535441921,1374.73600,13747360000
289.82484687809176,373.24133107109384,1374.97130,13749713000
281.03541723946233,359.6608429786211,1375.20540,13752054000
226.11739537651616,348.60199887959425,1375.42820,13754282000
248.11556169841288,275.4980411331367,1375.65210,13756521000
288.8403138212624,263.364299433402,1375.87880,13758788000
300.2949843239053,268.62004195649996,1376.10830,13761083000
303.75821516279206,332.3145588785312,1376.33830,13763383000
259.32452684191526,338.56337813863837,1376.55720,13765572000
237.41541182599843,333.70008764879213,1376.77980,13767798000
221.77214244884235,345.1909906838533,1377.01060,13770106000
267.43957573894704,323.8293000427794,1377.22660,13772266000
315.0685995311962,344.74810113272133,1377.44850,13774485000
308.9683822432753,376.0864595650864,1377.68040,13776804000
282.7830787183352,382.13384366646204,1377.92210,13779221000
336.8164171714207,335.03305107668405,1378.14680,13781468000
337.0561021467852,293.7900311129162,1378.37570,13783757000
345.8603190230513,270.72812165040034,1378.60750,13786075000
292.44612357058935,277.1344091995888,1378.85620,13788562000
295.2389820611398,296.8077604042622,1379.08880,13790888000
359.91507259165337,364.1194811785343,1379.31730,13793173000
433.6610818682137,367.55848297482504,1379.54580,13795458000
399.35815165342365,363.92095798159664,1379.77530,13797753000
366.0594778975734,351.97571774888115,1380.00860,13800086000
340.00114442025586,401.7142402138569,1380.23930,13802393000
309.8436603478707,381.164801076529,1380.46640,13804664000
295.55006145124526,412.34636209638865,1380.69330,13806933000
322.98208525226033,439.3329228063974,1380.92040,13809204000
378.9705525653229,414.41545232137656,1381.14650,13811465000
490.3266395182121,433.5353585635094,1381.37920,13813792000
503.30364872778864,447.52593317070944,1381.60530,13816053000
551.8066132480943,523.9393388903018,1381.83430,13818343000
566.2943003032386,583.6984338864278,1382.06170,13820617000
538.8464512998771,597.2757907676776,1382.28690,13822869000
531.4242727039275,617.4967303348768,1382.52080,13825208000
480.65065240706286,624.982314468911,1382.75140,13827514000
436.0853251758198,593.955942478207,1382.97740,13829774000
384.5216361793202,688.0149913622896,1383.20350,13832035000
419.15611544533857,762.8675493315748,1383.42570,13834257000
325.0284517957203,810.596794839709,1383.66410,13836641000
332.4013301640142,794.6458671953278,1383.89450,13838945000
332.3069728812777,740.5348625440403,1384.11760,13841176000
469.9082317813684,657.4644867931505,1384.35470,13843547000
471.7561985465193,664.7434812435915,1384.57570,13845757000
456.4357475325887,568.5851581299286,1384.79530,13847953000
365.9489744222536,545.5997612504174,1385.01490,13850149000
294.6878292115061,481.77388611439244,1385.24260,13852426000
279.0845750901676,387.31627087510293,1385.47030,13854703000
357.12754054112884,318.6830530528588,1385.69290,13856929000
366.0682488622218,219.04525006653316,1385.92250,13859225000
375.62375496459595,199.38712059328603,1386.15160,13861516000
494.63216545133525,238.28084043707946,1386.39890,13863989000
518.0518878005037,268.8901215532736,1386.62630,13866263000
562.3688635135452,327.1785950156485,1386.87110,13868711000
663.3575030052712,285.9868519564113,1387.10020,13871002000
859.9870788902875,389.1939017301109,1387.32900,13873290000
1076.135145759212,433.522541163659,1387.54830,13875483000
1100.1537441817666,434.7076995496601,1387.77420,13877742000
1285.348919089185,430.97888699891837,1387.99570,13879957000
1359.6508640457105,463.7827396493217,1388.21140,13882114000
1481.7528829459313,433.62433408609724,1388.43820,13884382000
1663.8743417467329,387.710214604846,1388.66840,13886684000
1714.8067459393267,420.17137311666283,1388.88850,13888885000
1643.0341745293688,457.81663304211247,1389.11520,13891152000
1570.7593412539932,396.4051073437858,1389.36300,13893630000
1589.9255495492062,383.14411683008115,1389.59910,13895991000
1394.0488722822772,382.9295868385004,1389.82460,13898246000
1103.5826770119957,339.80300324027246,1390.05670,13900567000
879.4430841938998,299.6464071504101,1390.29960,13902996000
719.6396656476853,309.26682099921885,1390.55350,13905535000
487.8937421248325,328.21423020820197,1390.77900,13907790000
376.9334409552129,387.1378101610404,1391.01050,13910105000
305.018703777408,386.10474909962966,1391.23540,13912354000
241.31934551566107,380.8967867810065,1391.46300,13914630000
251.07157376564618,334.7916319398338,1391.68490,13916849000
265.3524761973622,302.73952566244463,1391.91580,13919158000
217.61403357128984,278.9931239788233,1392.15680,13921568000
256.9287522894403,344.9378240726825,1392.38440,13923844000
278.8915849516507,400.47311313563193,1392.60850,13926085000
238.59706331095214,413.3908520400293,1392.83560,13928356000
156.52758328782573,394.6375084449133,1393.06730,13930673000
122.77451855821192,333.70570625272353,1393.29690,13932969000
149.44776401867978,325.06956530508273,1393.53350,13935335000
126.82126742227368,292.1219957819844,1393.77660,13937766000
129.1737640501538,306.8790404765624,1393.99670,13939967000
136.3820077400852,368.1474794868907,1394.22050,13942205000
185.11720362259769,468.53903501564344,1394.45020,13944502000
264.6774730412009,590.3177759764882,1394.68010,13946801000
342.05205085712896,686.5099519254043,1394.91080,13949108000
391.1902682753334,753.4491878536511,1395.14850,13951485000
411.15166184377847,786.8840685112162,1395.38710,13953871000
433.734413434076,714.2351717227472,1395.60760,13956076000
386.57163887390834,628.3268211794225,1395.84090,13958409000
386.5993217522796,558.2667063124652,1396.07880,13960788000
379.99001956806933,504.9038319714819,1396.30300,13963030000
315.8268921814921,462.9051407241498,1396.52200,13965220000
252.98672886679174,483.7817600237578,1396.74920,13967492000
263.3923399919097,498.4553144752723,1396.98260,13969826000
282.6131051431901,448.1041721650311,1397.21090,13972109000
326.9867398602234,410.6444134118484,1397.43640,13974364000
313.2122369516034,398.7715748842567,1397.66120,13976612000
509.84696242219803,348.3528653167226,1397.89100,13978910000
696.9109098747272,311.4196451120951,1398.12390,13981239000
830.8926731961348,297.7945582402249,1398.36500,13983650000
839.0910874674993,307.3963355242868,1398.61000,13986100000
771.717590216936,307.26594051287475,1398.83360,13988336000
646.0482706013191,328.69101352450525,1399.05490,13990549000
561.3918322574256,335.69918657072213,1399.28810,13992881000
474.85159313194845,328.53532538031294,1399.51560,13995156000
532.0566260595626,275.8130978942155,1399.74260,13997426000
668.6629915678081,257.39394928670754,1399.97660,13999766000
675.7826909709331,223.11179632890978,1400.20840,14002084000
703.4139726971032,181.706794576376,1400.44720,14004472000
833.1979331903606,196.87453077164812,1400.67210,14006721000
947.2882431458737,230.4408855929329,1400.89940,14008994000
952.1827101591731,228.25950543971658,1401.12510,14011251000
1035.6498453248923,208.20649923162316,1401.34720,14013472000
1136.6288165858994,220.4950974817216,1401.56370,14015637000
1101.2730658482762,208.93352257286745,1401.77820,14017782000
961.933325046761,253.15861715403278,1401.99500,14019950000
833.094181933031,288.6307454838841,1402.21400,14022140000
795.0213980785501,283.86832124476433,1402.43470,14024347000
775.8051044868846,295.3559776282126,1402.65890,14026589000
753.2432153753854,271.8997600765014,1402.88580,14028858000
729.0031041386899,240.08246368178953,1403.11270,14031127000
813.4190001265401,225.20457799048694,1403.33910,14033391000
840.9164044735256,201.72965206762288,1403.56560,14035656000
857.8478227220961,190.2399477798678,1403.79400,14037940000
715.8709686450792,185.5788171514931,1404.01800,14040180000
689.0541440257659,182.85201280778148,1404.24560,14042456000
708.7117153677872,190.59967523738234,1404.46980,14044698000
567.0382471281893,225.74303648793085,1404.70400,14047040000
446.70782111594576,262.4586272384255,1404.93720,14049372000
513.4250703659354,220.52787734980936,1405.16970,14051697000
590.407679285313,244.35755466417385,1405.39570,14053957000
617.4219484011026,400.5465618247726,1405.61560,14056156000
685.7581142573117,379.10115502333366,1405.84810,14058481000
789.3363246678985,346.6994758948024,1406.07710,14060771000
899.3582004464831,343.47763433334273,1406.29220,14062922000
834.9494829763303,382.1561857624902,1406.51190,14065119000
885.601386729953,337.8721417847757,1406.73260,14067326000
893.0781521895731,271.24197300697,1406.96310,14069631000
810.4417263622322,256.736220141927,1407.18700,14071870000
780.7661608809046,260.26639731085305,1407.40720,14074072000
716.992715698388,296.8065132587344,1407.63240,14076324000
632.154776098323,333.74166896087917,1407.85720,14078572000
521.0686380611281,360.8751243663635,1408.08010,14080801000
397.84166626892045,363.88259018941676,1408.30550,14083055000
302.19894398541607,370.10525360479005,1408.53450,14085345000
340.1207195035898,321.58856641733104,1408.76390,14087639000
381.41511529679144,259.5537551009168,1408.98170,14089817000
304.38977203082766,251.63181887634852,1409.21160,14092116000
272.2169707228966,202.5494298946477,1409.44320,14094432000
232.6649689716664,182.56852370096064,1409.67550,14096755000
216.35050095757074,171.76836750186195,1409.89600,14098960000
194.47211459124392,177.74662625196945,1410.11450,14101145000
150.7795233547994,206.53327598094853,1410.34070,14103407000
159.80542562768667,253.56186271296025,1410.56090,14105609000
138.47727239732487,291.84900562851635,1410.78980,14107898000
179.87939157269,253.49782376388447,1411.00880,14110088000
190.499301350804,239.41949837345817,1411.22920,14112292000
171.71731544887757,219.00900714482304,1411.45040,14114504000
167.2769425180726,212.0468937595931,1411.67650,14116765000
176.45491862081485,229.65958634066712,1411.90830,14119083000
162.78090603907756,272.1307828579824,1412.13010,14121301000
150.7912966258725,291.6449906286572,1412.35020,14123502000
137.70499392267442,296.65870318258874,1412.57810,14125781000
164.8242389563651,330.1948307740903,1412.80350,14128035000
165.19701031509356,332.26924622003173,1413.03950,14130395000
209.98931937020404,353.2138933134393,1413.26110,14132611000
218.91338578191053,355.2798775159409,1413.49050,14134905000
244.15884492507928,376.17824543909995,1413.70980,14137098000
235.81560299698913,382.62119227677954,1413.93270,14139327000
202.75408037407033,372.66513549205627,1414.16160,14141616000
251.5460187588132,399.89318212353123,1414.38990,14143899000
263.2580151918706,396.529798525768,1414.61000,14146100000
248.89393093727102,367.09254073931123,1414.83800,14148380000
226.93755021458855,452.6108360867256,1415.06610,14150661000
216.1725960763908,529.1843263163946,1415.29100,14152910000
268.2336342849159,466.93705740964634,1415.51610,14155161000
239.6226021650072,477.75241261859577,1415.73850,14157385000
226.0674302353662,435.41617008239837,1415.96190,14159619000
191.8842611509143,485.5759627400656,1416.19550,14161955000
264.4766575433664,532.0436293906715,1416.41700,14164170000
183.4232968185288,529.8227405324732,1416.64550,14166455000
185.04641689241697,506.80108881940953,1416.88150,14168815000
266.2751045864969,491.0046331444099,1417.12230,14171223000
323.9435559318481,494.5239483997218,1417.35080,14173508000
354.87486096302376,525.0664973977066,1417.57270,14175727000
329.5093283532332,599.5279588979381,1417.79190,14177919000
281.6658896096977,603.0425605946291,1418.01350,14180135000
228.52422873238277,679.6495933290653,1418.25380,14182538000
248.55882893901148,693.0079601528796,1418.48340,14184834000
262.37429322992136,739.512212104359,1418.70630,14187063000
210.52092521515888,754.1938164730664,1418.93210,14189321000
249.92259356311325,784.3540343258461,1419.16350,14191635000
285.59472578321186,828.4008354004656,1419.40260,14194026000
275.6832974158812,732.6246915703936,1419.63370,14196337000
247.6078761563212,669.7425968412891,1419.85410,14198541000
250.66753478743172,537.9944904047275,1420.08310,14200831000
257.94379177195844,479.7974531872716,1420.31220,14203122000
215.58796498363904,436.34282655991314,1420.54110,14205411000
193.71134703385684,434.83915548490216,1420.77090,14207709000
167.97620220339863,354.3829701533445,1421.00420,14210042000
162.2553070055118,371.2301644167564,1421.22830,14212283000
204.19613799875978,326.7341793333226,1421.45170,14214517000
184.48497762404136,322.6776652787462,1421.68620,14216862000
251.76359756172397,295.2107666103008,1421.92360,14219236000
242.0027505219724,363.89561696266037,1422.15150,14221515000
300.8397550492769,421.1848772935531,1422.37920,14223792000
289.22270706074136,502.2673613729022,1422.60750,14226075000
359.68018047806584,458.2072709274421,1422.83320,14228332000
513.6522671416885,411.59644250263227,1423.05390,14230539000
683.3880634716547,393.07417583615546,1423.28620,14232862000
711.1074191672176,395.0853524235641,1423.50950,14235095000
863.4717462154043,398.56487200015624,1423.74440,14237444000
923.921203301655,335.62363331169905,1423.97640,14239764000
861.3800557042302,321.02573409175125,1424.21210,14242121000
821.624863758612,370.5081161891339,1424.44820,14244482000
824.3763443371441,349.91161592756845,1424.68030,14246803000
833.3344725517509,399.02366455504955,1424.91340,14249134000
752.3132123725494,388.8566229809296,1425.15390,14251539000
828.6132434967742,377.3518192338625,1425.38610,14253861000
898.3503599798698,304.4602102358111,1425.60420,14256042000
1000.9106009234458,259.935686119148,1425.82540,14258254000
1022.4416504950491,256.6995905465677,1426.06570,14260657000
1134.0018890297135,213.4683841788423,1426.29440,14262944000
1130.0210599759903,194.62937779660626,1426.52280,14265228000
972.1107501923576,169.78284887840695,1426.74080,14267408000
849.6370414002356,196.61591786216397,1426.97450,14269745000
780.0042885635119,177.17937735666447,1427.19900,14271990000
608.0867048213356,228.58790538634793,1427.44320,14274432000
513.0219792791263,240.872779573449,1427.67550,14276755000
435.09989629079087,190.26483208930017,1427.90170,14279017000
404.83699964105364,173.5950836607637,1428.15200,14281520000
321.33497010361305,155.72128978085726,1428.37380,14283738000
291.36116689047134,136.69185258307925,1428.60170,14286017000
368.1648231878977,187.7382704842341,1428.85320,14288532000
419.61778518388843,240.90446250272964,1429.08980,14290898000
472.99245052717697,181.73091407549492,1429.34370,14293437000
485.22923191926736,152.00227093303414,1429.57950,14295795000
502.61230910668263,129.5562540152215,1429.79980,14297998000
666.1348423071237,161.1056036840375,1430.02660,14300266000
765.3184400836772,93.54003633051978,1430.26790,14302679000
793.9211247337568,202.21525563352355,1430.50960,14305096000
738.4664189626341,207.3869679605977,1430.74230,14307423000
689.6530560745663,186.62711604145912,1430.97610,14309761000
645.1155283449056,182.03199333380428,1431.20430,14312043000
657.4645684970329,190.5670055863563,1431.43750,14314375000
653.92025452969,203.29316069924542,1431.66280,14316628000
702.3755481332529,215.25382182107063,1431.90220,14319022000
792.2687286001196,337.0837557852942,1432.13120,14321312000
891.2155977557986,354.03485670780174,1432.36500,14323650000
996.7536986777942,356.26964695825166,1432.58940,14325894000
1028.5872558237481,351.3193010734967,1432.82230,14328223000
1074.0119779258023,329.33255470389906,1433.05680,14330568000
1107.3806201908972,254.0027273942294,1433.29160,14332916000
916.0928366754631,304.33761971718735,1433.52350,14335235000
795.7160683940567,278.67535500700205,1433.75060,14337506000
696.3714369671817,223.87991039306397,1433.99060,14339906000
701.3224107760881,219.94890066762343,1434.22010,14342201000
649.3023530517621,188.21100149957678,1434.45650,14344565000
595.9609135750001,209.18708815449554,1434.67960,14346796000
537.8265412661428,246.8549674617997,1434.92140,14349214000
536.5385436465663,264.66602985418615,1435.14910,14351491000
585.0939602818869,352.53068624928784,1435.37630,14353763000
600.3433686962438,375.5914004338684,1435.61900,14356190000
473.94160157323455,320.9271468185686,1435.84380,14358438000
438.0452509638814,311.0407336133254,1436.07710,14360771000
401.18448736092614,308.76163330824977,1436.30760,14363076000
451.0228407259201,319.5010385342511,1436.54100,14365410000
402.97212424445115,310.7856918606602,1436.77390,14367739000
377.89813838445036,296.12819075228356,1437.01060,14370106000
388.8072714603113,313.7993706965477,1437.23610,14372361000
408.60468675270573,283.5961061660549,1437.48250,14374825000
490.0692763797399,276.51188805921754,1437.71360,14377136000
493.48842859323145,276.28216596779095,1437.94820,14379482000
460.636341849671,247.92990075903737,1438.18000,14381800000
494.28031280047344,209.49067595023044,1438.40570,14384057000
577.1847981273913,180.18247109331253,1438.63940,14386394000
617.8449546263143,331.91282902893204,1438.86700,14388670000
651.8491840319119,326.64712561304486,1439.09040,14390904000
635.780308884654,310.743120244065,1439.34070,14393407000
765.3238411446741,297.062279679463,1439.56430,14395643000
878.723912563288,305.3133429800741,1439.79110,14397911000
875.6996268016586,369.1622316759669,1440.04410,14400441000
895.8712964131141,370.5036494506391,1440.27300,14402730000
973.7347388025312,365.3122211932245,1440.49950,14404995000
753.8842768173636,381.184858864983,1440.72390,14407239000
667.3216840278529,408.4244938430941,1440.96770,14409677000
545.8991674916726,433.9417114907272,1441.20220,14412022000
457.84532563506184,491.9773815313123,1441.43530,14414353000
403.4195601019467,539.7390012581329,1441.66070,14416607000
369.69467910362147,538.7636448145053,1441.92740,14419274000
300.98886047736744,527.3079113314768,1442.15290,14421529000
334.87650927296374,473.3553839782042,1442.38930,14423893000
342.62888842524376,418.3734836595023,1442.62500,14426250000
421.07686909958295,349.044323527381,1442.84580,14428458000
422.5931895342636,303.8745793374912,1443.09720,14430972000
470.7991657479559,248.6837115930024,1443.32860,14433286000
497.2561488645584,208.8012338371068,1443.56830,14435683000
536.9852943489865,233.85262476329848,1443.79320,14437932000
621.5785647752673,247.1075555477884,1444.02980,14440298000
727.7439291600776,235.59203709687296,1444.25430,14442543000
778.4799822201535,232.84065843918043,1444.49630,14444963000
901.8346329254385,265.7674138816624,1444.71900,14447190000
953.6779622421775,257.65249136382323,1444.95090,14449509000
1123.589764081239,266.49866675406645,1445.19570,14451957000
1113.2593716767628,289.5531715569202,1445.44420,14454442000
1080.8981737524866,281.51954188322844,1445.67380,14456738000
1106.5143850673946,296.8634850795528,1445.90160,14459016000
1131.6168933912454,266.01037491775287,1446.12670,14461267000
1048.742585722481,271.25457044793563,1446.34820,14463482000
969.6045898223005,279.4697738144291,1446.57410,14465741000
856.4287767503233,293.47047464066844,1446.79980,14467998000
726.9830271977106,246.52468625456152,1447.01970,14470197000
578.6351991966283,295.92574949529205,1447.24720,14472472000
501.5105435918217,277.2993541893037,1447.46850,14474685000
446.8768114661631,273.72098954833433,1447.69320,14476932000
451.36583872100226,275.7063390549574,1447.91210,14479121000
459.0318780751883,268.34034891550743,1448.14290,14481429000
553.2218967161067,254.54564511872942,1448.35590,14483559000
626.3832605994825,318.63116942195086,1448.57750,14485775000
716.0972091641332,341.0346723242534,1448.79710,14487971000
783.2885513116798,331.0506176701133,1449.02600,14490260000
934.4528223490437,438.26745133450373,1449.24760,14492476000
1007.910284156129,442.86140324011893,1449.46370,14494637000
1065.1651535877716,416.6130890490128,1449.68700,14496870000
1091.5812145347618,388.25103435749384,1449.90570,14499057000
1083.4535297496132,382.67515007526714,1450.15720,14501572000
1107.0213499055126,383.5450346352713,1450.38400,14503840000
1154.2179193992934,335.65127890259936,1450.61610,14506161000
1229.2948401831804,293.21131975035024,1450.84760,14508476000
1272.6209836314617,340.5575402219546,1451.08210,14510821000
1091.4740230148823,369.87107524610127,1451.31310,14513131000
922.8443054642504,338.65486434946666,1451.53630,14515363000
841.6546989616693,357.54051130108945,1451.75600,14517560000
879.6654683391957,353.64728752425054,1451.98630,14519863000
827.1727686422511,386.3107545320148,1452.21200,14522120000
741.3826591139298,418.46898769545703,1452.42970,14524297000
577.6191277728508,376.3700425904165,1452.66710,14526671000
441.2824570177138,345.8094523271014,1452.89630,14528963000
395.3870387505677,326.97664371716144,1453.11950,14531195000
400.3098586343369,382.78126408279184,1453.36290,14533629000
360.42562504694433,410.43089755962774,1453.59970,14535997000
259.5904910089568,472.25738918095726,1453.83510,14538351000
318.21027520598403,460.3960436262353,1454.06330,14540633000
319.8178884907572,515.5736414555204,1454.33440,14543344000
312.078912766432,469.8590575747362,1454.58470,14545847000
365.8280791798318,457.7707001109828,1454.81070,14548107000
391.83800036189575,430.8529574968072,1455.05020,14550502000
470.3212172021355,391.15246173635455,1455.28920,14552892000
516.7765795961604,397.1404569556158,1455.53040,14555304000
519.3153860293487,393.1796871767442,1455.76500,14557650000
433.53100501643485,382.9200933045458,1455.98800,14559880000
466.197475496479,363.64296385804914,1456.21620,14562162000
445.6836174090396,378.1606250533815,1456.44150,14564415000
459.13631093568233,359.09753865387154,1456.67930,14566793000
399.9975698446348,330.49107431379457,1456.90840,14569084000
448.4684848338127,261.8383703820473,1457.13690,14571369000
564.2796989023855,361.053967931051,1457.37700,14573770000
596.0680634484827,328.6345095118333,1457.60860,14576086000
563.3569245527354,305.3351970654326,1457.86980,14578698000
566.3840883233757,286.1389834475525,1458.10660,14581066000
605.3807852684685,260.00200289279695,1458.32740,14583274000
626.6750653344507,219.51479489613018,1458.56190,14585619000
737.1217763338129,233.8452186522287,1458.79260,14587926000
808.8638832373981,227.20282899399749,1459.02340,14590234000
672.8337248072842,249.8432133235219,1459.26530,14592653000
609.9457271042262,265.3565805200069,1459.50990,14595099000
549.3351744426081,275.8107412134948,1459.74110,14597411000
485.3534663960829,291.8075906361577,1459.96860,14599686000
415.06698086333927,313.60155019258974,1460.19190,14601919000
409.95460254727914,432.16794028075077,1460.42440,14604244000
377.37498194378094,611.1976506861546,1460.66010,14606601000
360.0891439972744,768.7720410277668,1460.90230,14609023000
302.83792243009805,811.2288242355723,1461.14690,14611469000
209.40000311025352,836.3794827667185,1461.38120,14613812000
146.2348431213283,909.9765352496066,1461.60380,14616038000
128.22521579343953,944.990848451901,1461.82620,14618262000
239.8415740489619,880.6660949128176,1462.05000,14620500000
397.6428495871507,750.8567740754397,1462.27860,14622786000
561.0194504162607,679.1407126708966,1462.51320,14625132000
457.9288954568366,664.0652787282132,1462.74380,14627438000
447.6594493115478,701.1548602738501,1462.98290,14629829000
373.3525098394027,744.3430412157585,1463.20720,14632072000
397.85151152966284,744.9154366366449,1463.44480,14634448000
458.2947234503132,653.8724543071032,1463.67510,14636751000
575.7818466202182,630.0839422254382,1463.91330,14639133000
703.8503664093862,583.7372316574158,1464.14040,14641404000
792.7684211459838,573.1918748343021,1464.36960,14643696000
751.6757468361551,583.4894502756123,1464.60690,14646069000
815.4512464145713,634.1923143528703,1464.83280,14648328000
845.8362091605975,705.9947393816781,1465.05320,14650532000
863.057027018246,767.732315112977,1465.28150,14652815000
800.9318511224282,808.9408997418661,1465.53100,14655310000
841.8336345053857,811.9233355950612,1465.76640,14657664000
893.1799661834987,827.810518918622,1466.00720,14660072000
904.1129565495469,852.3560057976265,1466.23580,14662358000
865.3003041042527,748.2047777227828,1466.46330,14664633000
756.2166545562469,652.0555708539578,1466.69350,14666935000
646.8448152907866,561.128281738944,1466.92250,14669225000
619.1624483236408,521.5514534878171,1467.14190,14671419000
699.3571504709093,463.8471838062885,1467.36640,14673664000
719.8543468089264,449.32968597666866,1467.59630,14675963000
785.2583731711834,440.3583043305863,1467.81560,14678156000
736.3342983132562,449.1454545326998,1468.04120,14680412000
818.3629043109629,487.5950662502924,1468.27860,14682786000
831.0466185871111,491.77211112856116,1468.50340,14685034000
797.2635898275138,522.598993535068,1468.72420,14687242000
850.3887162357134,482.8897769007908,1468.94470,14689447000
813.5477472672787,474.1375761838035,1469.16880,14691688000
787.0997381920627,422.69328834095074,1469.40500,14694050000
818.7433893577364,433.0999675123358,1469.63190,14696319000
850.8374855965327,439.48458561866056,1469.85610,14698561000
843.7875633450836,497.7603821100218,1470.10790,14701079000
749.0897197367651,494.10666653008303,1470.33880,14703388000
700.5539475367483,479.0724414133187,1470.56350,14705635000
634.8729256757605,476.6953946988494,1470.81340,14708134000
695.8398528869986,512.0384465918349,1471.04690,14710469000
774.7725708407595,540.1974430110113,1471.29150,14712915000
847.674911645511,540.1579733520217,1471.53870,14715387000
890.6555716560295,596.6083682650421,1471.77800,14717780000
916.4505743088716,627.1375186901269,1472.00380,14720038000
835.5440977952281,640.8029107452948,1472.22940,14722294000
705.1633062021381,595.6198979000475,1472.46710,14724671000
632.5750236678998,517.4706507024546,1472.69910,14726991000
591.2431159436102,467.5580739740899,1472.91680,14729168000
514.8864190839992,434.97235647704395,1473.13980,14731398000
439.6617199589573,419.95105427786916,1473.37950,14733795000
363.09213099422897,396.3795607989015,1473.60650,14736065000
290.25507567759706,404.26302143860323,1473.83770,14738377000
446.02068258705793,397.1434879182545,1474.06670,14740667000
575.669163354246,410.61452847505376,1474.30980,14743098000
597.7090252103684,411.3892961506007,1474.52880,14745288000
598.517261127549,383.4012327336497,1474.77220,14747722000
633.8320322012564,404.6158927152553,1475.01760,14750176000
635.4968396049775,430.0624995880832,1475.24100,14752410000
666.6783883562042,387.1247849518683,1475.47040,14754704000
690.1147307339014,352.27406209096483,1475.69180,14756918000
594.5681448952128,314.54374016952954,1475.91650,14759165000
512.8459745881481,284.2574836142697,1476.14520,14761452000
510.42079323987736,240.07020303199192,1476.38450,14763845000
400.3374478419065,235.618074511171,1476.61350,14766135000
409.21935221022545,236.08080410378597,1476.84120,14768412000
438.43273699807247,250.63846845759076,1477.06980,14770698000
366.27382423110924,269.51987158225364,1477.29800,14772980000
315.951887423114,320.6100802850202,1477.53400,14775340000
276.2741319974905,307.4862102370412,1477.76750,14777675000
252.1262276020141,337.46611731978896,1477.99950,14779995000
216.00402659856044,394.39665024585474,1478.21890,14782189000
144.75555206739583,386.3071294667153,1478.43510,14784351000
131.1959705398827,359.74273045084834,1478.65650,14786565000
146.70634626890995,364.92808529792455,1478.89120,14788912000
140.2257195155583,389.59406877282464,1479.11530,14791153000
236.72718709337423,338.1443537921673,1479.34660,14793466000
291.6845306104517,377.3676478871963,1479.57020,14795702000
461.63904721340424,398.3451847430326,1479.80400,14798040000
403.28082281767615,382.44216757917275,1480.04160,14800416000
394.0646308206329,383.8509252603101,1480.27030,14802703000
351.16514452650324,410.8317280807843,1480.51580,14805158000
321.67950251058227,409.0724778577134,1480.74380,14807438000
558.1467577573187,441.10576494423526,1480.97490,14809749000
716.3496012620225,409.88184901059515,1481.19820,14811982000
709.5187028675758,431.4814900030664,1481.45050,14814505000
689.0804473166074,328.813883952706,1481.67850,14816785000
623.5504851023568,327.48853065247033,1481.89820,14818982000
614.2245319662131,306.84476996045214,1482.12760,14821276000
610.4016699434433,319.0921925265607,1482.35480,14823548000
581.9074891807522,322.5931280805173,1482.58890,14825889000
520.1985809122353,416.41679995205965,1482.81770,14828177000
444.03077659675455,470.10866145895307,1483.05280,14830528000
505.90348276060195,506.8459988144262,1483.28870,14832887000
513.0759442712603,508.53003113878765,1483.51910,14835191000
594.4109366620004,511.7361682013194,1483.75500,14837550000
626.3290545661043,499.25951805558424,1483.98100,14839810000
572.9551944691057,440.7003419883803,1484.21370,14842137000
526.8073225672398,418.0175006204765,1484.44170,14844417000
445.80413739900007,384.07745560880085,1484.67510,14846751000
405.112346378914,390.94196006811313,1484.89550,14848955000
334.0401974982407,398.200191975093,1485.13640,14851364000
281.8011704982697,361.3089307134831,1485.37940,14853794000
304.8131060350459,324.6169699745332,1485.61860,14856186000
483.29938524806244,343.87871974024426,1485.84600,14858460000
638.0943585835546,326.1157949402855,1486.07710,14860771000
707.8371887255832,297.7939817372856,1486.30340,14863034000
728.1770544231898,313.0044014700964,1486.53820,14865382000
678.3664831368662,311.0980310819064,1486.77150,14867715000
541.1835102918662,340.49866384934194,1487.00410,14870041000
481.63315175368956,392.479113410462,1487.23100,14872310000
404.38409142840607,426.6528381332831,1487.46170,14874617000
379.7882002909586,443.2098574788699,1487.69010,14876901000
361.28139957843416,448.24712117080054,1487.93050,14879305000
319.21358791619474,450.19590109648857,1488.15770,14881577000
270.9304336530331,481.5593931669504,1488.38620,14883862000
232.6315873513087,469.7620709764432,1488.61940,14886194000
215.78466920257225,450.73708832221223,1488.84860,14888486000
235.14263537740186,438.28191614825374,1489.08010,14890801000
225.909769244356,439.7358924534987,1489.30640,14893064000
189.74323345019369,419.2789563219415,1489.53230,14895323000
273.9146860248628,412.1372488502009,1489.74940,14897494000
409.11432395963925,405.9634170293001,1489.97440,14899744000
629.087366054126,400.44747152903966,1490.19810,14901981000
791.5427334397895,362.0555882181777,1490.42700,14904270000
899.8155102387402,339.7315864839974,1490.65660,14906566000
986.7660839899512,354.43111467279056,1490.88120,14908812000
880.7978786589081,371.2606126878179,1491.10360,14911036000
739.3330754745496,344.4542521042043,1491.31950,14913195000
678.8223226381547,336.9484349653444,1491.54630,14915463000
606.2908963424774,361.1666817873684,1491.77390,14917739000
686.8750293626165,407.65323255944327,1491.99220,14919922000
658.4196620455137,422.0290563028917,1492.21370,14922137000
797.0108935813438,406.9755612471959,1492.43200,14924320000
848.410344363196,378.7886227377875,1492.65040,14926504000
902.415458896362,346.86990254098356,1492.87360,14928736000
991.9086097624439,311.0031527509242,1493.09240,14930924000
1018.981741250997,302.917657755813,1493.31190,14933119000
1049.8441879241482,279.6933744846012,1493.53550,14935355000
1115.5509440885191,344.5839618678416,1493.75760,14937576000
1165.4565097836014,322.32820784632236,1493.98200,14939820000
1127.1108086583076,351.1009518281164,1494.20830,14942083000
1178.74741315316,358.973146220282,1494.43040,14944304000
1116.6605879036408,376.7933127626002,1494.65880,14946588000
917.4950829519456,351.9191039720151,1494.88320,14948832000
824.0568705417106,343.87855546549827,1495.10970,14951097000
641.5032255065155,355.61825793159846,1495.33340,14953334000
508.33652081799744,340.86328327026354,1495.56370,14955637000
417.1846803615932,372.20167563295723,1495.79340,14957934000
342.2227252265271,340.6508817071285,1496.02910,14960291000
300.3548597355495,387.2547701328161,1496.26340,14962634000
336.2249737758088,398.8143892660374,1496.48890,14964889000
413.9187386608274,405.9358602884126,1496.71860,14967186000
477.316761907701,439.01826674475,1496.94960,14969496000
541.8611773618636,478.4533192019638,1497.17650,14971765000
556.8607226972603,568.9024084464513,1497.40500,14974050000
565.8133161169137,682.3363914824395,1497.63200,14976320000
570.8830111803998,734.9888213432295,1497.86050,14978605000
665.6634220343581,771.1399675347576,1498.08470,14980847000
792.1380333587035,813.9798493383971,1498.31270,14983127000
877.4959671397669,875.1593618594765,1498.53590,14985359000
790.1881091153014,885.9376531723848,1498.75600,14987560000
743.3862281608517,860.5968362842019,1498.98650,14989865000
776.3638712881444,894.8881927758251,1499.22980,14992298000
643.0162759091708,774.4588026021886,1499.46300,14994630000
613.6657462313638,636.272206086682,1499.69550,14996955000
538.5956202780566,537.3600329536428,1499.93620,14999362000
526.0451264315371,437.91622233707903,1500.17150,15001715000
505.1659685839183,358.8127957733707,1500.41460,15004146000
440.1596610784618,320.988163666017,1500.65050,15006505000
387.3891993695358,269.99963195595524,1500.88370,15008837000
421.9456356441527,243.03982817786041,1501.10370,15011037000
368.6444079377307,234.01490188883915,1501.33980,15013398000
357.3302566109934,230.77561306655292,1501.56460,15015646000
366.81623245619556,202.58309467216426,1501.79290,15017929000
335.63642055049627,214.11278752843606,1502.01960,15020196000
345.2292421404795,266.1515236088519,1502.24460,15022446000
443.8729247953712,316.5672003071265,1502.46730,15024673000
472.18742970479065,376.60285358853486,1502.69810,15026981000
535.3549466761306,398.19886486528884,1502.93900,15029390000
585.5570149727657,446.50060538918615,1503.16940,15031694000
629.7811068949911,492.90065453245643,1503.39010,15033901000
619.3718243269174,467.65143784798454,1503.63290,15036329000
673.8620973531627,460.7811269760975,1503.85810,15038581000
701.9118415615003,466.624126673503,1504.08520,15040852000
690.1217853763727,458.73909959539304,1504.30160,15043016000
611.4150135491856,423.0210061879599,1504.51810,15045181000
539.7750285168551,391.41064013573634,1504.73890,15047389000
590.431445646758,483.61544558166094,1504.96920,15049692000
513.1331436163839,478.2470149942906,1505.20020,15052002000
437.05466123371764,491.6756560209566,1505.42420,15054242000
360.99074222066804,458.00488240908146,1505.65870,15056587000
315.6249287836252,431.3090813525275,1505.90480,15059048000
326.87196024013093,397.3852231337896,1506.15530,15061553000
339.674684612323,321.163294060954,1506.39480,15063948000
390.50577209572924,277.04691456078075,1506.64390,15066439000
498.93643368060407,231.29527354626669,1506.87560,15068756000
636.0394600023013,253.1762829172223,1507.11280,15071128000
760.9871902147747,280.3526713230398,1507.35330,15073533000
814.8089730324724,282.4434308213444,1507.60990,15076099000
750.5267051593161,272.65087597842864,1507.83480,15078348000
733.541935694448,270.3286648579775,1508.06260,15080626000
800.7469992803292,328.0206027452006,1508.28330,15082833000
727.5012002719485,334.79913776176664,1508.51200,15085120000
693.739690954734,379.62534545551813,1508.73430,15087343000
652.8624045747005,347.8313176342116,1508.97350,15089735000
682.6275366373051,353.83192843706246,1509.20110,15092011000
772.9733620177801,396.3139906657402,1509.43640,15094364000
695.2276156625414,368.72641790357756,1509.67330,15096733000
807.3463223480223,478.51389875260395,1509.91020,15099102000
880.4081578588358,497.6298396850629,1510.14260,15101426000
872.08488457102,573.7072071418456,1510.37660,15103766000
876.6300239789764,665.2380430396347,1510.61610,15106161000
906.0629447796532,738.0656704950393,1510.84810,15108481000
991.4919839397652,807.7928874745845,1511.09450,15110945000
1083.7803921982156,858.5871793195272,1511.32830,15113283000
927.4531862044477,913.5121747610383,1511.56650,15115665000
772.5701227825178,791.294810671825,1511.80590,15118059000
625.9004937101118,675.9303431022855,1512.04350,15120435000
534.5474612429019,612.7324836148132,1512.28470,15122847000
480.93348618231965,566.6450534169026,1512.51570,15125157000
424.50139126281965,546.9361775644047,1512.73910,15127391000
353.8079283900265,523.3391535438416,1512.97250,15129725000
313.3243211576948,497.32375468005273,1513.19870,15131987000
357.81662951449067,451.6072452565831,1513.43480,15134348000
272.84897401628575,375.96534631752036,1513.66090,15136609000
196.12241888497073,288.4488597662989,1513.87560,15138756000
209.4348158902993,262.6780528736885,1514.12420,15141242000
197.79623570375242,306.5974217631691,1514.34800,15143480000
244.7913671471763,366.35548578816673,1514.57430,15145743000
268.67970269163845,323.8382998429323,1514.80530,15148053000
277.3079844063495,284.29622571666425,1515.03710,15150371000
280.56325608125826,285.4929899381623,1515.27340,15152734000
363.3884729584814,268.3203222251562,1515.50230,15155023000
527.7382803959042,261.0861228439675,1515.72990,15157299000
677.6495168503131,290.05124911601183,1515.95500,15159550000
835.8782861772589,308.7974938854681,1516.19150,15161915000
781.6341879377819,300.57139728013186,1516.42660,15164266000
700.0977397767987,272.3560131478472,1516.65020,15166502000
860.6600487274859,353.3639255803065,1516.88570,15168857000
862.2440303660699,326.6056519452071,1517.11660,15171166000
844.982664747211,323.4522999307096,1517.37430,15173743000
750.9653890374715,328.8631582656539,1517.60070,15176007000
691.6049554962017,365.689761329079,1517.83320,15178332000
609.3905554694546,322.34071607532087,1518.06990,15180699000
585.6504946470889,298.9479654183054,1518.29920,15182992000
553.8862944021738,294.6643778934549,1518.52480,15185248000
709.1925501560186,332.6459070252864,1518.76350,15187635000
827.8061457818998,341.37785559325596,1518.98710,15189871000
836.4300778050715,408.7991962819344,1519.23330,15192333000
1009.3500276171259,426.2751044101104,1519.46240,15194624000
1126.4644276118247,425.8495652083889,1519.68310,15196831000
1239.4177130797698,412.7414286466303,1519.91140,15199114000
1283.2515046580877,403.2185827410293,1520.14490,15201449000
1280.7311565364412,361.82297781023993,1520.37750,15203775000
1295.4453273611996,355.65184698775977,1520.59890,15205989000
1099.5133596389583,349.5871579342385,1520.83910,15208391000
960.1865602072694,353.8902141110362,1521.07300,15210730000
805.5609314293022,384.86152100455286,1521.29940,15212994000
686.2601720665597,385.76900589354545,1521.52180,15215218000
659.8508809914911,373.38573721365526,1521.74200,15217420000
607.3251673969554,313.35903934804935,1521.96500,15219650000
613.64659316642,292.38957566051704,1522.18620,15221862000
649.4618291192334,310.355023109948,1522.41840,15224184000
676.4989828057102,307.1851763701519,1522.64870,15226487000
780.1574001851126,351.7816315032764,1522.87270,15228727000
858.273851422919,356.0564255692443,1523.09880,15230988000
909.4734885451369,364.7221184830103,1523.32400,15233240000
907.421580496444,396.96992189761323,1523.55400,15235540000
911.2606074631199,354.4095038962854,1523.77990,15237799000
917.8287025780063,344.07985292307256,1523.99710,15239971000
880.0552779069992,312.5310141176655,1524.22200,15242220000
872.488597233311,309.18275643881395,1524.45050,15244505000
911.5992778281769,294.1960528742828,1524.67900,15246790000
908.9373345363094,284.4490693978698,1524.90730,15249073000
830.3687259751914,294.49357098096914,1525.13250,15251325000
676.4672760344693,278.74552194320563,1525.35320,15253532000
633.4948634128145,271.6585908993115,1525.57990,15255799000
555.4093010247767,252.22753327247455,1525.81630,15258163000
552.1469831610602,306.58897239878735,1526.03740,15260374000
547.59702513685,266.0755985781185,1526.25400,15262540000
761.4771498847418,225.24412467931816,1526.48600,15264860000
905.9018216116156,202.90401737135815,1526.70520,15267052000
1019.6362763359265,196.8845043671966,1526.93540,15269354000
1023.8414573934017,238.17538344583542,1527.16510,15271651000
949.7295090811493,245.24438790747487,1527.38620,15273862000
784.2902498251981,247.19320887151608,1527.60470,15276047000
702.4726568372614,256.12689440883946,1527.82250,15278225000
603.2637140520843,266.48399776128053,1528.04550,15280455000
576.8798104591368,224.22389639422556,1528.27290,15282729000
498.58862944806145,223.1723293434861,1528.49250,15284925000
530.23874639134,196.1290226175293,1528.71930,15287193000
454.0956325187744,289.56684243699704,1528.94950,15289495000
564.4019208772254,268.57401951118686,1529.17350,15291735000
651.3410552396638,316.3606827367855,1529.42050,15294205000
766.2096732032845,334.8965111399959,1529.66010,15296601000
782.4739985169093,332.78582944975693,1529.90760,15299076000
699.9241437048979,327.3744555468914,1530.12360,15301236000
639.4253561780113,320.69267125044536,1530.35490,15303549000
591.5357548000294,288.83870409378034,1530.57650,15305765000
527.1812443526348,279.7888754661662,1530.79520,15307952000
486.17751686653634,256.19948212039174,1531.01230,15310123000
498.09328269089815,258.6052711579787,1531.23640,15312364000
626.0096457988548,265.6786940038516,1531.46760,15314676000
815.03164080816,320.2998479357378,1531.68540,15316854000
892.5633236404018,323.2859527547262,1531.90470,15319047000
940.4983222967345,319.10277396226104,1532.12380,15321238000
1026.364478129731,307.31057216933925,1532.34820,15323482000
1010.0560622226699,318.53219192080826,1532.56580,15325658000
973.9071963337451,427.3218751483236,1532.78700,15327870000
834.5505508329586,460.54792043998145,1533.00890,15330089000
734.3365195196487,501.29812643018965,1533.23140,15332314000
586.7118072361942,480.15874187185534,1533.46180,15334618000
504.14685292648295,431.72974137303044,1533.69340,15336934000
511.8639754440819,416.88127472131833,1533.92360,15339236000
665.9783805757518,415.4662720401325,1534.14660,15341466000
818.3387556899581,383.710091994011,1534.38020,15343802000
998.4751478820613,332.27430842655815,1534.61000,15346100000
1156.101807265921,283.80793354551014,1534.82860,15348286000
1233.4887009523982,241.84236030466485,1535.05020,15350502000
1165.3450007882652,208.41749445622682,1535.27590,15352759000
1156.145700588726,184.01064189185132,1535.49990,15354999000
1039.093382245588,180.0691755490895,1535.72140,15357214000
921.0137039904762,165.8298002886274,1535.94340,15359434000
919.0104335322883,249.3152017754727,1536.16500,15361650000
779.4501693567771,260.84643268554004,1536.39320,15363932000
742.4493145077067,259.73644760703866,1536.60920,15366092000
681.5509429215995,236.64103850135348,1536.84820,15368482000
731.6336980449373,222.0804434378649,1537.07870,15370787000
808.5587987379594,241.58536331426734,1537.29580,15372958000
814.7614795433004,282.8945579076504,1537.52570,15375257000
828.287805842205,263.2689238298882,1537.74970,15377497000
740.7881378117871,277.7430188779326,1537.97420,15379742000
631.7573454018426,253.56513172766498,1538.21060,15382106000
660.2993242195905,273.77176543076183,1538.44170,15384417000
723.112907385599,271.97079819905815,1538.67800,15386780000
722.2233062461735,257.1200605628193,1538.90680,15389068000
779.3670859040766,241.18754833411572,1539.13710,15391371000
779.20796350687,283.5007011634489,1539.37530,15393753000
792.0735953027626,286.06951508861914,1539.59660,15395966000
776.8074793839573,270.57040155446964,1539.81770,15398177000
728.293366180359,242.60969173692666,1540.03980,15400398000
702.6199846044484,207.77970392894474,1540.26980,15402698000
708.4590633454009,249.25279294665762,1540.49620,15404962000
636.7231793051349,220.2796598377364,1540.73800,15407380000
578.6143714572622,227.41635234831435,1540.97260,15409726000
613.536202268028,237.19656355908617,1541.21820,15412182000
735.5688422739864,324.1318847191995,1541.46960,15414696000
684.1244229923514,295.0571622847174,1541.71850,15417185000
661.1407869089745,292.54772190515365,1541.94410,15419441000
597.1130440789652,234.53751363228616,1542.17350,15421735000
531.2596713519596,228.94512639607464,1542.39450,15423945000
550.4298888957658,156.16699195722254,1542.61190,15426119000
621.8098235638847,144.85000370508592,1542.83070,15428307000
660.9714041357007,167.03542361909555,1543.05970,15430597000
711.3117134221559,117.13037024331933,1543.28920,15432892000
667.8495900223049,95.61500900982323,1543.51850,15435185000
573.9569926607226,87.93134635210512,1543.73980,15437398000
613.4690214647173,110.17044539407794,1543.96300,15439630000
617.5238515079333,112.16114188308396,1544.18830,15441883000
649.9760449923763,90.5521376575198,1544.42240,15444224000
664.8125929287748,118.57160477247362,1544.65010,15446501000
692.6024760345423,172.5273761498661,1544.87440,15448744000
667.0694408209937,155.24091813093332,1545.10940,15451094000
764.8849676961672,133.99226494260398,1545.33960,15453396000
805.5878952529009,143.51172899919825,1545.57730,15455773000
788.8036176622467,124.3460355812818,1545.81840,15458184000
820.114829211987,77.98369189025043,1546.04850,15460485000
862.8470459019208,54.36285032668938,1546.29820,15462982000
855.3389012713317,92.15877079442933,1546.54740,15465474000
889.4952500458933,119.06170048743932,1546.77990,15467799000
896.219716300644,76.71536247683673,1547.03610,15470361000
930.1089754222304,88.56378010082403,1547.25870,15472587000
941.2437422012348,107.9470778818487,1547.48140,15474814000
855.0274098890851,245.97522819346395,1547.70890,15477089000
807.3866474643338,366.4367948656794,1547.93520,15479352000
826.7685714607843,472.7714502616581,1548.15810,15481581000
802.9526397228428,572.2182783559406,1548.37720,15483772000
839.8916833762232,698.382979792702,1548.60590,15486059000
846.1549930879066,734.6096188042767,1548.83390,15488339000
784.2861458949355,733.7401397430233,1549.07160,15490716000
673.3217799861652,603.9464516433834,1549.30990,15493099000
695.4971541034232,527.0920701967129,1549.56440,15495644000
724.5120659626573,449.89296136474053,1549.80280,15498028000
724.2896709908563,360.5020617401026,1550.03150,15500315000
745.2974036842311,332.6094610235475,1550.25960,15502596000
658.5692353259858,283.0609350600339,1550.52150,15505215000
597.2827979981791,368.65875942778996,1550.75160,15507516000
670.5268980051419,490.62161092908434,1550.99560,15509956000
719.9185807750798,592.186434446077,1551.24700,15512470000
754.4713541660914,662.7146593362226,1551.50240,15515024000
846.620846142941,726.030682526314,1551.72460,15517246000
763.6378758432688,792.6712378329671,1551.96560,15519656000
688.9195409699262,728.6648810765298,1552.19270,15521927000
612.7397007212714,677.4254138989256,1552.44600,15524460000
509.94126331478776,627.838676831478,1552.68520,15526852000
461.2988470676164,539.0855585621283,1552.92220,15529222000
466.65806260969714,463.39626914598693,1553.14840,15531484000
441.52648665163196,394.6331230017705,1553.37490,15533749000
442.4143730913036,354.33794338690564,1553.60620,15536062000
410.9306753134381,288.56136205680167,1553.83750,15538375000
446.9753615208768,288.5027959195428,1554.06820,15540682000
487.1693504539177,247.83019214243456,1554.30810,15543081000
460.7683217478554,205.28691313101186,1554.53960,15545396000
439.1064939172872,141.45325216656224,1554.77370,15547737000
394.0590172031298,89.02840690360823,1554.99460,15549946000
494.4801808670642,69.85865089420909,1555.22830,15552283000
543.5059826884394,40.47478550823628,1555.45420,15554542000
770.6345604939025,90.7845318214795,1555.69490,15556949000
790.8315008119987,98.52943182435891,1555.92530,15559253000
773.2725081840472,81.98557070710038,1556.15190,15561519000
640.2249393658217,166.24611603293664,1556.37590,15563759000
539.7641744306426,192.48558179389286,1556.60660,15566066000
493.05425462565245,217.92752454637952,1556.83430,15568343000
527.8478550510547,186.46056107517103,1557.07020,15570702000
632.008222754255,211.69623996075188,1557.30730,15573073000
713.1348688045798,167.19800741264928,1557.54540,15575454000
770.940665298682,110.88904398582784,1557.78120,15577812000
787.8013562752417,63.940121637742465,1558.00610,15580061000
840.1351601640823,40.23643006576576,1558.23910,15582391000
891.3592789015449,55.475205586653786,1558.46650,15584665000
871.5415280711527,101.57773043155967,1558.68850,15586885000
838.8411792623662,73.11407675701452,1558.92670,15589267000
915.1487444853999,80.50634667619818,1559.16180,15591618000
1040.8482482729605,91.05046964077658,1559.40080,15594008000
1024.5561888975935,23.145382138671977,1559.62820,15596282000
942.1211133837974,50.55357652904381,1559.86710,15598671000
829.7988881487395,66.64759920169226,1560.08850,15600885000
705.7754351228323,60.92694835063319,1560.31970,15603197000
677.0667262731288,94.37934163775127,1560.55030,15605503000
535.1026265534144,167.19286011999714,1560.78590,15607859000
478.3363370351406,248.23591921378795,1561.02200,15610220000
461.18373241120776,275.6635858054005,1561.25060,15612506000
550.981316423175,287.2412127581909,1561.47550,15614755000
558.4996009589903,385.774110572565,1561.71160,15617116000
569.7786422942589,427.8291095709497,1561.93930,15619393000
604.7215747118611,465.0697028929488,1562.15790,15621579000
710.8771342286772,469.5444634733547,1562.39570,15623957000
676.2920814396081,416.28755181894695,1562.62060,15626206000
691.8809021053002,383.8315786410402,1562.85490,15628549000
759.5459893837863,427.79407921199845,1563.10180,15631018000
804.8202827313524,370.0639534095195,1563.32170,15633217000
861.956442081279,386.80176927341194,1563.54140,15635414000
921.0867379852281,409.9760287044996,1563.76300,15637630000
946.4781370567846,370.88504459009397,1563.99730,15639973000
1027.4248355263546,365.4691820606851,1564.23300,15642330000
1108.579579740642,375.61757493832,1564.45180,15644518000
1290.5993518131738,354.09657719498574,1564.67650,15646765000
1285.6929806398023,331.9244011346569,1564.90900,15649090000
1264.8133682204916,313.5212640990919,1565.13910,15651391000
1223.9517970140334,398.6492241104263,1565.36210,15653621000
1124.1965247219723,450.0525641926824,1565.59760,15655976000
1112.9442310522252,578.5389144635401,1565.84190,15658419000
973.6742195188406,652.4540902502046,1566.07100,15660710000
804.4698463130262,726.1962907230212,1566.30280,15663028000
693.9605481465702,808.2283996405394,1566.53590,15665359000
741.4354991404963,846.4450427463327,1566.75920,15667592000
751.6928195714153,888.8946040798107,1567.00410,15670041000
742.0247437069925,861.3183043882303,1567.23030,15672303000
663.3622404699728,797.3304150321816,1567.45830,15674583000
516.3215310846509,754.159577125868,1567.68250,15676825000
445.0200005304949,676.4514973247234,1567.91700,15679170000
359.9422698429063,570.1978615726266,1568.15130,15681513000
277.90297318635356,485.40739043610404,1568.38220,15683822000
214.945674775828,451.23778845767015,1568.61140,15686114000
180.38863714620115,404.4296024903936,1568.86000,15688600000
215.79362782954536,385.4489736206132,1569.08780,15690878000
231.42580426585283,406.9091526949546,1569.31910,15693191000
198.8332048826508,368.8294257648884,1569.55230,15695523000
186.26959871144066,442.84483740027537,1569.78380,15697838000
207.18380150953706,439.6785941284822,1570.01310,15700131000
242.3145098650372,433.61782767125703,1570.24190,15702419000
229.49892751799516,487.539176642664,1570.48210,15704821000
365.9975496700163,449.2408675138514,1570.71390,15707139000
524.1827016763085,380.96260369617505,1570.94530,15709453000
647.4772747573045,364.55275102362873,1571.17270,15711727000
646.1913558998425,371.32374854170274,1571.40290,15714029000
725.8887330006264,308.06125129228656,1571.62620,15716262000
676.0411436452176,284.8807035493151,1571.85380,15718538000
630.5279962589502,221.01029818096654,1572.10250,15721025000
579.8270613905443,279.65182646357044,1572.33280,15723328000
521.5483161697947,298.70838281499323,1572.55600,15725560000
453.030384999593,292.87977033408384,1572.81060,15728106000
325.3739161356168,297.0120111593401,1573.04350,15730435000
284.93350820971955,280.7730331283116,1573.26830,15732683000
276.62163089978213,400.9022551676814,1573.48740,15734874000
216.50380171672128,426.1692030898738,1573.71750,15737175000
250.41418588842794,426.47090254149526,1573.94460,15739446000
243.3632668329726,451.1194645306153,1574.19180,15741918000
255.8525392831928,420.00360911519135,1574.41800,15744180000
278.9324741362286,434.9608018736095,1574.65880,15746588000
289.5240624447021,408.70435754784626,1574.87800,15748780000
262.94017334259905,389.9365607404216,1575.10230,15751023000
288.4297553236047,388.5840866376966,1575.34080,15753408000
360.8827253048278,418.1051702578953,1575.56600,15755660000
507.2141855169066,439.6002932470805,1575.80510,15758051000
620.5672461256241,432.30170531699895,1576.04710,15760471000
700.1325353746442,442.6296425132814,1576.28120,15762812000
844.8072760411139,477.5993942535544,1576.51940,15765194000
892.6426292014797,428.46586414753637,1576.73670,15767367000
924.5549534029292,429.0408864411673,1576.95550,15769555000
932.7004463622903,439.89321467093987,1577.17500,15771750000
1010.3626424127106,478.5942542620523,1577.41730,15774173000
961.8338428198277,609.110574987658,1577.64970,15776497000
901.8531924862781,658.9789603688218,1577.87410,15778741000
887.7687923298452,728.510640945223,1578.09650,15780965000
856.5074643352862,772.7467632589702,1578.32080,15783208000
852.0966518235414,812.8698848968221,1578.56220,15785622000
854.0559927001437,825.2782745756058,1578.79640,15787964000
897.0041302571517,887.8852583102375,1579.01780,15790178000
901.3468575811946,894.3980406347105,1579.23470,15792347000
836.6653271365824,888.3347795906067,1579.45990,15794599000
749.2989641584957,842.5424446807605,1579.68880,15796888000
733.7034195484783,836.6674769849501,1579.90470,15799047000
658.6257943681511,863.3474139964572,1580.12660,15801266000
588.5044543695606,835.1101334228314,1580.36770,15803677000
527.0347917525775,843.4481134742645,1580.59120,15805912000
509.3097089501312,825.768955968354,1580.83060,15808306000
476.1684816606095,824.7116058899638,1581.05360,15810536000
484.5927796455005,835.3477071698635,1581.28560,15812856000
566.0523224351689,699.5059405272723,1581.50420,15815042000
548.9894620548556,588.9989930353165,1581.72540,15817254000
365.21623403452736,504.7636585616301,1581.95330,15819533000
326.9613559432643,424.29854189293525,1582.17930,15821793000
330.00859790551607,378.5652039694968,1582.40380,15824038000
418.1730736532664,290.8238066057678,1582.63530,15826353000
576.7004158600937,225.48527011441064,1582.86560,15828656000
579.4508348920207,180.95678978763206,1583.10200,15831020000
558.8922280444525,166.65044039487339,1583.32810,15833281000
646.4125717482282,183.11325499471408,1583.56060,15835606000
850.9494171130367,185.04359990760662,1583.78260,15837826000
787.1695791164734,157.06393966885338,1584.01240,15840124000
840.7761445237439,126.55413011553779,1584.24560,15842456000
792.9432199418634,143.56791083249348,1584.47480,15844748000
652.7241567153386,216.94272454761935,1584.70270,15847027000
522.7670542741733,233.77788886747953,1584.92730,15849273000
526.7564255909743,294.6096457084473,1585.16050,15851605000
454.1262508047133,324.09754379315416,1585.38880,15853888000
405.16720733913525,346.50469571609824,1585.61600,15856160000
303.9658960849257,356.1977507915617,1585.84740,15858474000
365.2362632068854,435.7253676827213,1586.07870,15860787000
361.9402092654578,486.43465177068276,1586.30780,15863078000
308.83598089255673,527.4456677788636,1586.53930,15865393000
271.3838373646805,582.481143876196,1586.76530,15867653000
330.46978913607984,620.6488155790104,1586.99070,15869907000
369.4672235116923,698.4575288408479,1587.23060,15872306000
441.4685244261346,737.6232787508989,1587.47280,15874728000
488.2646920765035,769.8764238773297,1587.69990,15876999000
567.7851720220629,826.6233797610025,1587.93250,15879325000
572.0819678153365,856.4211500926435,1588.17110,15881711000
510.49455121702323,707.0129042430312,1588.40890,15884089000
432.7161871434086,613.2723229276886,1588.64290,15886429000
367.4037381611804,547.0202103221787,1588.87030,15888703000
341.0787137296871,501.71973263917096,1589.09990,15890999000
382.1397042011729,411.40677318152416,1589.32190,15893219000
456.59724008985944,360.04235325035415,1589.56540,15895654000
560.2988412439092,360.7931072333179,1589.81740,15898174000
583.821475393437,371.40216286534604,1590.04470,15900447000
735.8963265922526,386.15589812596335,1590.28160,15902816000
843.0256347063842,296.21156172323845,1590.51250,15905125000
912.0703652115185,273.15568092273224,1590.73980,15907398000
874.5846833777645,187.28568565699666,1590.98040,15909804000
694.9246050435814,200.79043625493347,1591.22280,15912228000
584.3832686288326,267.3146229906637,1591.44470,15914447000
479.51166201960353,316.5678543476737,1591.70170,15917017000
458.12242431657864,383.8191659148858,1591.92310,15919231000
358.5261444396782,342.287787915172,1592.15170,15921517000
328.21312141725286,388.9699348357426,1592.37560,15923756000
243.16133496078194,366.9787330988691,1592.60590,15926059000
225.06628070766627,322.1859271041131,1592.84320,15928432000
178.88408380045342,331.25011343195075,1593.06880,15930688000
118.35172605328987,380.0849802527206,1593.30950,15933095000
151.47754743728194,344.97397969681236,1593.53800,15935380000
203.3196257603508,421.6210505611002,1593.75960,15937596000
411.37235759904,353.94521765931995,1593.99910,15939991000
506.08642468717613,372.9579199116461,1594.22150,15942215000
564.209348292997,356.5394513489884,1594.44220,15944422000
621.2905456983968,352.3210595115254,1594.67380,15946738000
553.4304272923057,355.64219633072463,1594.90930,15949093000
483.88933422863846,318.31764293679714,1595.14800,15951480000
421.21752558149217,290.33126863014695,1595.37920,15953792000
399.9272884454073,273.78207252013993,1595.60010,15956001000
355.5740235715948,238.79518872995556,1595.83980,15958398000
315.9880416455342,223.06331714889112,1596.06150,15960615000
287.6373686950229,253.16408286318898,1596.29900,15962990000
271.6550934331156,280.37396866852754,1596.52330,15965233000
226.08283256198192,276.62817378904253,1596.74870,15967487000
365.22353902070586,292.03980804086467,1596.98060,15969806000
613.4324959328683,293.9215640784096,1597.21580,15972158000
595.6797439276903,332.4155198673584,1597.44090,15974409000
548.1607318252646,317.4642972311587,1597.67990,15976799000
454.84708298414336,314.27677327506035,1597.92380,15979238000
389.62544412687305,303.91043319154187,1598.15000,15981500000
306.4772825413254,338.05848957295507,1598.37030,15983703000
244.82318189701354,342.4692836430001,1598.59090,15985909000
297.19301151532585,379.6522296188397,1598.81710,15988171000
263.21064311718044,302.8528915921934,1599.04110,15990411000
222.28477320940522,296.1232870804593,1599.26450,15992645000
236.77606003016268,312.215348605912,1599.48570,15994857000
184.14346235502938,304.58332337857985,1599.71420,15997142000
189.27669811008292,307.5948026187617,1599.94660,15999466000
259.06440022230703,273.9694124177305,1600.17560,16001756000
412.1603948514643,317.2126780226409,1600.40340,16004034000
588.2786949962763,318.7821057925118,1600.63620,16006362000
682.9006520548608,349.00104515354286,1600.89490,16008949000
780.4536879224767,337.6177105965762,1601.12270,16011227000
982.7537340851021,298.2351812927765,1601.34500,16013450000
1010.015799311247,366.72983425325265,1601.56330,16015633000
1025.5453121877974,403.85267994125127,1601.78450,16017845000
990.3811668569284,385.35032010231254,1602.01080,16020108000
969.0908445900473,355.4435768996303,1602.22990,16022299000
950.2724876941646,353.26398142718426,1602.44250,16024425000
924.7927434165446,316.6605234649195,1602.66600,16026660000
895.397432520306,264.73346529584256,1602.88430,16028843000
893.9628976498865,266.8989292766529,1603.11580,16031158000
886.0061632494844,306.1655874768481,1603.34130,16033413000
870.6631360434183,295.6009983751014,1603.56230,16035623000
751.7413995500507,220.64926427088676,1603.80530,16038053000
614.0046205156991,205.21830669355714,1604.03270,16040327000
527.2749218532821,208.87862136301413,1604.25530,16042553000
381.0471307993679,241.8734985411269,1604.48510,16044851000
325.70278482488317,296.88073966543124,1604.71370,16047137000
275.5916785639943,295.5127564519313,1604.93970,16049397000
308.4213402790838,358.27269754956455,1605.16240,16051624000
282.61486709722027,360.47934816964136,1605.38680,16053868000
287.3860466009521,395.00416986805317,1605.62060,16056206000
230.45535811354932,404.5656167860139,1605.84890,16058489000
285.20751448764025,364.76134804071785,1606.07460,16060746000
238.74622318745085,342.4860694821826,1606.30600,16063060000
253.62154905752067,398.04565490800536,1606.53080,16065308000
274.97404726926067,452.1925196057405,1606.76120,16067612000
275.22321402819273,484.85273372771354,1607.00530,16070053000
340.0597263403516,533.564073670032,1607.23600,16072360000
452.75641154011817,632.0230165811205,1607.46350,16074635000
584.4269459572679,693.4845027848231,1607.68730,16076873000
638.9740625755651,744.9935343853027,1607.90750,16079075000
704.7985336542155,774.7644642888864,1608.14610,16081461000
647.6954390413887,802.8525991773133,1608.38390,16083839000
632.1807375019295,658.5257764034662,1608.61060,16086106000
595.0650070266815,566.7313822959259,1608.84150,16088415000
544.4897885003128,534.1852209901127,1609.06500,16090650000
548.353879081709,419.72114697626614,1609.28190,16092819000
599.0249906253573,397.0400919611147,1609.50670,16095067000
479.2911352462078,355.7467329006222,1609.72730,16097273000
414.89091011981134,298.84555969561285,1609.96020,16099602000
373.02442064851675,342.27875800872766,1610.17910,16101791000
283.1879153816287,348.48900859046154,1610.40050,16104005000
244.0565863208972,333.81986988931556,1610.62800,16106280000
237.14225510712413,280.01047319769145,1610.86620,16108662000
226.85128990679945,235.03597337678366,1611.08550,16110855000
184.45676869225846,295.046785261623,1611.30820,16113082000
276.7233875212414,345.4984959996968,1611.53760,16115376000
250.79772076956166,397.63241507878286,1611.76190,16117619000
210.0304301254715,507.7108449419977,1611.98560,16119856000
209.25486529113152,455.6856514516114,1612.21340,16122134000
279.0676460095237,397.5692386015991,1612.43830,16124383000
331.6633618427024,369.0163052450433,1612.66360,16126636000
370.2891823438753,358.63662552454866,1612.89320,16128932000
346.1295807812609,357.90428617956945,1613.12350,16131235000
266.22145203638837,341.9173314067526,1613.34980,16133498000
230.6049036844721,341.67419424159556,1613.57010,16135701000
203.20932533597193,324.38397161731217,1613.79040,16137904000
214.16963526826265,315.26874490317044,1614.01660,16140166000
262.19410328380053,276.6614956101666,1614.24900,16142490000
222.7445306554401,270.8571200366588,1614.48200,16144820000
306.34141390327335,231.957893044099,1614.71340,16147134000
396.2504881768905,230.51016667833292,1614.94860,16149486000
342.6389973100772,266.0778041391936,1615.17760,16151776000
312.968034792614,332.08892087737564,1615.41350,16154135000
457.20717906311904,339.6606347300545,1615.63460,16156346000
582.6809310835654,354.1784866956482,1615.86740,16158674000
544.2834475115434,383.97914870576454,1616.09560,16160956000
515.3582048523976,381.5993521076235,1616.31410,16163141000
428.2756740184608,409.5769412340705,1616.54320,16165432000
331.18556024102634,388.9820597487721,1616.76660,16167666000
290.9839780940179,428.0526683555345,1616.99490,16169949000
246.91958394289765,459.7564576097109,1617.22320,16172232000
241.39834316764285,446.695758980453,1617.45290,16174529000
321.19270628854895,414.6062973299142,1617.68300,16176830000
347.6269557191284,405.80459414878715,1617.90900,16179090000
361.0644886235219,417.2552346529925,1618.14750,16181475000
389.90534413588847,489.8449973206676,1618.36840,16183684000
394.2035532188032,528.6622512886534,1618.59230,16185923000
411.74798850365204,587.0655416653333,1618.81670,16188167000
434.57617284243656,641.0198073264054,1619.04570,16190457000
347.3338906535429,677.1542415334635,1619.26900,16192690000
320.9556909206161,680.0948700878148,1619.49130,16194913000
370.4771804991522,707.2943350199998,1619.71550,16197155000
361.879149375496,748.4995976285145,1619.94000,16199400000
435.8630698133914,780.9061418545475,1620.16100,16201610000
454.8418068030465,808.18934609191,1620.38540,16203854000
595.9232920745294,688.9273025462454,1620.62180,16206218000
479.47920821351147,572.0539620468738,1620.85360,16208536000
381.153185646038,526.4536916414615,1621.08580,16210858000
352.55619872729835,449.30192335592227,1621.32030,16213203000
327.99685482735333,404.2550394014051,1621.53700,16215370000
327.9096195818128,374.16160857188623,1621.77260,16217726000
306.465760465419,339.55760974739604,1621.99320,16219932000
257.49624186522027,338.8208935584277,1622.22260,16222226000
306.75189658657933,332.4132281669257,1622.44490,16224449000
312.9279519372321,430.8724813017169,1622.67350,16226735000
356.7247321130602,517.1219698054035,1622.89400,16228940000
389.3441391624737,587.2747938861031,1623.12080,16231208000
400.11014501673293,659.7442987400257,1623.35050,16233505000
543.0570338133864,601.765827507766,1623.57390,16235739000
658.2719602267389,522.2792381492711,1623.80090,16238009000
752.0638214969476,497.9170030745486,1624.02690,16240269000
806.2725803208054,421.2297762636528,1624.24360,16242436000
935.602436659754,404.637369449167,1624.47780,16244778000
1008.5696790763736,424.3961943719842,1624.70830,16247083000
954.5452179595142,373.2723646888262,1624.93050,16249305000
749.1953750977832,337.98735590162477,1625.16480,16251648000
871.2935344411824,376.5379188364666,1625.41070,16254107000
697.5804196111798,327.94694129678993,1625.64550,16256455000
621.1835834298062,306.3777978742808,1625.87910,16258791000
544.5071170233858,271.78527234349554,1626.10280,16261028000
557.787376621946,253.69552595167838,1626.36520,16263652000
592.2953227677693,278.19955458031006,1626.59980,16265998000
655.1913510144719,271.36002922415,1626.83550,16268355000
632.1688337329776,315.38947894069753,1627.06600,16270660000
636.6678992385295,274.83875873656444,1627.29290,16272929000
656.0546684756255,305.9160209713781,1627.51630,16275163000
671.2125103663083,378.0966513293693,1627.75150,16277515000
683.4565987836598,447.1124610439915,1627.97760,16279776000
718.8959195706651,532.3191144546572,1628.20370,16282037000
866.5506818454045,645.1819220924082,1628.43550,16284355000
931.3614316726018,741.936214670445,1628.66620,16286662000
805.8904178131195,693.2180535605706,1628.92340,16289234000
689.5113516487697,634.7873399159613,1629.15420,16291542000
656.8685867782037,613.204633335669,1629.38370,16293837000
720.5971643036951,598.8672927680152,1629.60950,16296095000
782.3855707402828,567.5813403837362,1629.87040,16298704000
809.5750216494279,505.61671925250215,1630.10240,16301024000
814.9359200408171,474.79966619580244,1630.33340,16303334000
796.197848419249,442.51660875346147,1630.55400,16305540000
782.4690683602756,434.5259967410094,1630.79790,16307979000
792.0804425576771,391.81314131588255,1631.03100,16310310000
810.3555344190038,373.40671606249555,1631.25980,16312598000
593.5291513234686,341.36186815056055,1631.48530,16314853000
478.90609681525626,287.01306277888386,1631.70820,16317082000
416.46749687433356,200.3427888535922,1631.93380,16319338000
342.54710733652524,172.36978515579645,1632.17410,16321741000
299.01771739441983,151.3698935035106,1632.40100,16324010000
260.106942979563,199.26790266202298,1632.62710,16326271000
188.92014892508203,243.23524014054502,1632.85350,16328535000
145.1096231559869,276.4987563573607,1633.07760,16330776000
202.72324596971475,394.8588146639833,1633.30180,16333018000
201.18897610570863,528.2947964735473,1633.52690,16335269000
168.50479010508175,650.5019328967069,1633.75310,16337531000
150.94592900879724,634.2236428999585,1633.98120,16339812000
379.2562527041025,616.4904947607257,1634.20990,16342099000
435.568311561488,624.2334445511397,1634.43200,16344320000
539.4710076682516,603.5234115661007,1634.65940,16346594000
547.4959891876907,646.1367502957047,1634.88830,16348883000
600.5528280491458,724.780189663153,1635.11960,16351196000
581.3109819734029,778.4201748774726,1635.35500,16353550000
582.3634719890156,831.3114501457214,1635.58100,16355810000
562.2687118799133,754.9327198077948,1635.81730,16358173000
532.9588359928999,706.2790127220004,1636.05070,16360507000
510.63449458964215,639.1436108737314,1636.28450,16362845000
416.73009679347996,558.7660965768931,1636.53090,16365309000
449.8817048441595,475.23396466076645,1636.75990,16367599000
519.6610124610413,486.13703273076226,1636.98610,16369861000
577.943288932762,531.9070864263621,1637.20640,16372064000
687.4807919919402,623.9911327862449,1637.43570,16374357000
804.6409150954282,653.8435100592316,1637.67190,16376719000
851.8154727863467,756.2771177660856,1637.90580,16379058000
827.7934744123444,700.9417840935098,1638.13630,16381363000
847.5931191528872,680.0431729569466,1638.36010,16383601000
887.7181935626735,670.3884632063122,1638.58520,16385852000
882.5265836562673,602.5336683268168,1638.82250,16388225000
888.9063485968178,525.265535694724,1639.05230,16390523000
922.2446982269228,510.57445537795695,1639.28070,16392807000
980.1499066637675,469.13899623780156,1639.51170,16395117000
1033.9080821906632,412.77616153211954,1639.73400,16397340000
1004.8040697863587,416.637184585929,1639.97480,16399748000
990.704981893588,407.1276613078339,1640.19650,16401965000
872.9070761942123,311.9390552303036,1640.43260,16404326000
751.0950281929584,294.46834849802644,1640.66680,16406668000
637.3351848096297,280.21833160859467,1640.89510,16408951000
561.7567765962672,238.63805770363766,1641.11840,16411184000
408.1968016064093,411.4837304857253,1641.35030,16413503000
378.793421902811,471.36727374704594,1641.57640,16415764000
271.8009903898872,451.95995014935306,1641.81390,16418139000
216.67139068327523,440.585865495083,1642.03550,16420355000
250.7656748452178,457.48261509264864,1642.26410,16422641000
266.1132851227989,521.2116340384451,1642.50830,16425083000
257.3778911457225,550.7133479888959,1642.74370,16427437000
263.24489000892527,574.4710002354738,1642.97140,16429714000
200.69706314231905,567.175084844564,1643.20490,16432049000
201.30363730884625,482.5833117528306,1643.42500,16434250000
324.2491239578346,418.55206619069304,1643.65390,16436539000
397.78671094343696,394.6027942782437,1643.88400,16438840000
507.6543705112399,503.6773222614414,1644.13100,16441310000
451.0503863531032,453.86160516815914,1644.36680,16443668000
455.8673250175078,367.42045183728277,1644.60260,16446026000
497.49055176967994,307.3194461979502,1644.82920,16448292000
640.9073613062158,269.45797710005706,1645.05790,16450579000
714.8531577352173,248.11908837499746,1645.29180,16452918000
831.2082208626861,232.19367785998716,1645.51220,16455122000
930.595785459815,227.09823933720023,1645.73410,16457341000
937.5848227417347,187.3638450317119,1645.94850,16459485000
1086.6425428861514,133.32626846043638,1646.17330,16461733000
899.3270955327507,151.99990093925678,1646.40370,16464037000
725.1358821795628,142.44992632075835,1646.63640,16466364000
582.0919310387864,138.48194995450922,1646.86230,16468623000
548.2442234664817,179.1138594231159,1647.08020,16470802000
434.49721677896997,193.01892257547917,1647.31410,16473141000
439.60465772567534,175.64263227048033,1647.54720,16475472000
504.57672620202266,183.64829202235742,1647.78030,16477803000
435.95938911000417,208.7332340321342,1648.00490,16480049000
388.2324184674729,235.00226566815786,1648.22570,16482257000
482.6626119504415,257.5904941909235,1648.46080,16484608000
508.0407633714105,295.71170263136173,1648.69910,16486991000
556.9111364410486,281.8143316269853,1648.92560,16489256000
502.66364780474,299.8534828054647,1649.16620,16491662000
429.47117407774385,313.8030292877361,1649.38850,16493885000
332.25168358918313,354.98491808160776,1649.63660,16496366000
306.31403791689513,366.89171894183676,1649.86020,16498602000
291.83966320722675,432.164061254043,1650.08140,16500814000
344.1321172407471,550.4382989386318,1650.31360,16503136000
337.7984089066301,582.3031202907815,1650.54490,16505449000
475.0332468615936,474.17587503597747,1650.77620,16507762000
521.1388705800874,404.9464173852704,1651.00300,16510030000
620.9819641768958,376.71680332535044,1651.23080,16512308000
649.1643524229061,305.18516844765486,1651.45600,16514560000
579.9302497708613,319.5724641670006,1651.71440,16517144000
460.340343013965,290.9028766792703,1651.94530,16519453000
417.3714043113625,244.00551811810743,1652.17350,16521735000
422.1588623189483,248.94475294887553,1652.39950,16523995000
408.22165817995847,274.19637515558424,1652.63130,16526313000
374.15415050448445,260.06533133795926,1652.86890,16528689000
346.3414733773187,278.26976387840875,1653.09440,16530944000
362.7226679336741,307.57528001194225,1653.31960,16533196000
387.3327876128498,280.68710166669183,1653.54590,16535459000
336.731602570856,289.72753909184473,1653.77260,16537726000
411.3430259563134,294.43700659913287,1653.99590,16539959000
435.3335241308716,251.2771053435984,1654.22580,16542258000
614.5156085096837,196.62682690436986,1654.45350,16544535000
720.8189899329512,135.0185924565811,1654.68330,16546833000
679.7647847027129,237.3728793789432,1654.91340,16549134000
638.5807001328258,391.441636285439,1655.13230,16551323000
647.8997623563642,427.1963953449085,1655.35220,16553522000
588.020314165357,431.95634643263566,1655.57650,16555765000
535.6955002226484,442.3099928202878,1655.80450,16558045000
589.2485626185249,394.1309698350175,1656.03800,16560380000
561.571707197105,347.13989925788525,1656.26210,16562621000
668.0315668740695,323.4936155761422,1656.49180,16564918000
738.585945978687,290.53660203180823,1656.71180,16567118000
675.2739672809171,289.85230835216595,1656.93480,16569348000
614.2431535273575,246.17558656588483,1657.15540,16571554000
581.5055611256323,222.1025442982094,1657.37400,16573740000
541.3291897436291,232.8549083827566,1657.58680,16575868000
441.7365987626165,274.1951677563392,1657.81530,16578153000
440.8988096623632,294.00554079991844,1658.03610,16580361000
416.64818535780114,293.85374447293685,1658.25970,16582597000
406.39645560502225,251.22888837792604,1658.48250,16584825000
364.6680880942975,266.99932079225977,1658.73270,16587327000
362.7449394095581,194.6901390761802,1658.96290,16589629000
487.43058039128937,278.5071690767631,1659.20360,16592036000
445.36537426267046,281.0837856948037,1659.46430,16594643000
405.4152109387855,250.9092586792236,1659.69580,16596958000
357.0228728015179,232.39714795476942,1659.92450,16599245000
353.61686232155085,252.343247602145,1660.14770,16601477000
438.8347406382288,245.83008166846497,1660.36520,16603652000
432.7247780137075,241.78208470846772,1660.58090,16605809000
430.0098284174615,201.17714300710153,1660.80550,16608055000
486.8381762175054,177.42086808041807,1661.02300,16610230000
556.1185258072,142.71946766210536,1661.24970,16612497000
632.1377225175441,110.49050210983577,1661.47550,16614755000
544.8254540901612,119.50522510401794,1661.70080,16617008000
529.4172030000685,138.23381956878086,1661.93740,16619374000
468.70316026266073,179.43547857736235,1662.16780,16621678000
528.498857758536,189.47405043912266,1662.40410,16624041000
568.0602296195106,185.27050887601928,1662.62020,16626202000
605.8204585450651,190.50025811869858,1662.85770,16628577000
656.647923518023,219.0147494332086,1663.07720,16630772000
736.1793780241651,218.81649290758534,1663.29630,16632963000
791.8627452901464,212.32491753210655,1663.51980,16635198000
892.2214239161124,210.2563808498156,1663.74090,16637409000
912.3294068424912,235.42339275527678,1663.98740,16639874000
834.0280283252063,247.70384667708734,1664.21680,16642168000
802.5419024837009,240.5227306903729,1664.44350,16644435000
745.063606231404,233.95604804064848,1664.68670,16646867000
657.2332127751337,234.94776534896175,1664.93450,16649345000
665.7257401144795,242.02698933808006,1665.15750,16651575000
570.7646641638049,268.1822192352304,1665.38700,16653870000
509.76126552267635,280.9004471398815,1665.61720,16656172000
454.49699232712317,289.13560406869067,1665.85520,16658552000
385.68210377645937,296.5979269196813,1666.09220,16660922000
354.7682003111479,308.62662605010576,1666.32640,16663264000
313.52220428036156,290.777942148095,1666.57050,16665705000
425.92191169182513,371.5154594694516,1666.79630,16667963000
464.34834626442506,450.6546971110332,1667.01770,16670177000
461.44395839780594,521.3840363209166,1667.23990,16672399000
499.72261029985054,518.4623875037395,1667.47120,16674712000
588.6559785270313,546.126106155192,1667.71010,16677101000
551.6134374623771,601.1716583580866,1667.94830,16679483000
580.8253046208207,653.0480770661744,1668.18330,16681833000
502.60006141789063,615.6494042770208,1668.40910,16684091000
438.1363220325708,558.022276125056,1668.65130,16686513000
423.7662737665372,485.9861305382818,1668.89210,16688921000
416.63251472436,394.7005750572021,1669.14810,16691481000
429.288491866492,348.3973333588995,1669.37650,16693765000
383.81513875245645,301.81070158021885,1669.60660,16696066000
342.6867562734091,266.76793713284735,1669.83020,16698302000
338.8585033050674,300.358262045887,1670.05410,16700541000
377.92901759095935,276.79910898585496,1670.27780,16702778000
357.1719773149926,259.9299387091592,1670.50520,16705052000
510.4965529376453,336.0214616098446,1670.74200,16707420000
507.37624963499115,339.8457990860699,1670.98810,16709881000
550.9323455915871,333.52237753559626,1671.23120,16712312000
565.9026766841387,320.8072261878732,1671.46050,16714605000
558.4000819615738,373.1322246764558,1671.71170,16717117000
601.7103086049834,414.1725700330677,1671.93410,16719341000
541.7969815103405,423.98430336579884,1672.15940,16721594000
402.52319076654913,371.0315839825129,1672.39650,16723965000
394.9657689588827,359.20782009362836,1672.61760,16726176000
542.1402230201738,374.5103469408398,1672.84320,16728432000
674.136597376137,376.95918248516756,1673.07760,16730776000
715.6348502136698,395.67773684616714,1673.30750,16733075000
814.7547873708538,403.60015843797004,1673.53210,16735321000
882.0212088388143,424.557566999532,1673.75530,16737553000
910.0515949419583,513.3218542355606,1673.97920,16739792000
899.5675167164914,638.7716369188144,1674.21210,16742121000
997.9581078044782,717.8598201166645,1674.43970,16744397000
998.207715167927,778.5117149021982,1674.66750,16746675000
934.0969658049005,827.2017709681148,1674.89470,16748947000
863.6490515759431,847.0875535525288,1675.11680,16751168000
775.1362047864156,827.2427354274686,1675.34540,16753454000
693.7693393377199,724.067004013607,1675.57360,16755736000
578.4958250564135,623.8538331589056,1675.81810,16758181000
521.7722446673921,520.3385656668449,1676.04510,16760451000
455.74712203157253,454.38572182150557,1676.27190,16762719000
436.92260955213595,404.75412816838104,1676.50340,16765034000
490.39345976955644,372.39053988732513,1676.72570,16767257000
472.5143005721945,315.82963378773593,1676.94550,16769455000
408.66958705902437,257.31423568565714,1677.16800,16771680000
400.6586800046445,251.7518571930503,1677.40840,16774084000
419.8665304104809,239.5237038523839,1677.63160,16776316000
384.6467886073201,316.86741289852324,1677.86140,16778614000
392.43065210599786,412.6784562131526,1678.08090,16780809000
403.0201232248408,428.67066147597245,1678.30640,16783064000
441.40992359722253,495.3489634952714,1678.53100,16785310000
429.41881667714017,528.989303566542,1678.76700,16787670000
424.50754496930665,556.2670560146036,1679.00320,16790032000
385.4253024747051,553.7271716634344,1679.23230,16792323000
377.9949077483917,483.5297934572012,1679.45640,16794564000
316.63459043157,458.25056546973076,1679.68090,16796809000
314.06057948818346,442.505964180439,1679.90880,16799088000
350.5434211877334,491.0838350537362,1680.13180,16801318000
335.16425430471605,525.2199236497194,1680.34630,16803463000
426.35336370804737,554.0435314969693,1680.57100,16805710000
372.9679432367135,601.659442650069,1680.78800,16807880000
397.5639263926345,662.8144883854658,1681.01000,16810100000
419.8384394197356,721.7842161189966,1681.23220,16812322000
468.4647041055962,777.6274969272362,1681.44760,16814476000
462.189165964786,818.4399274164224,1681.67140,16816714000
457.4386606791429,752.3246461827384,1681.89920,16818992000
502.1756988185608,642.0329262694783,1682.12150,16821215000
582.4004370282031,597.1766834663969,1682.35250,16823525000
626.4517513578804,578.4671045247609,1682.57680,16825768000
532.8657060451276,501.3383705447891,1682.80210,16828021000
443.35590642611845,442.2695268575877,1683.03810,16830381000
334.7306711284873,457.28703126541626,1683.27150,16832715000
313.0524277093343,452.98966181164394,1683.49850,16834985000
286.39435806268847,471.1115181329114,1683.72670,16837267000
282.71094840977656,437.6347452403389,1683.95390,16839539000
248.64225001133534,497.89357992210347,1684.17920,16841792000
237.62266722724604,564.397326579438,1684.40470,16844047000
267.89594316721644,620.8034673043578,1684.63610,16846361000
232.84150561800362,666.393081504697,1684.86330,16848633000
260.7423162398836,697.2413998799337,1685.08290,16850829000
257.9990257404051,718.6969625956991,1685.30760,16853076000
260.3909677359002,706.8456763276872,1685.53650,16855365000
263.10828431012874,663.5326872964213,1685.75350,16857535000
231.89404783250637,554.5115715004035,1685.96820,16859682000
210.40972427655282,468.1104310310443,1686.19320,16861932000
180.62177740147357,414.41944009156305,1686.42260,16864226000
129.32500070700536,350.56042860210465,1686.65040,16866504000
65.81800577621814,326.75221761452934,1686.87340,16868734000
102.48870287226464,315.37079289134414,1687.10670,16871067000
148.63647556868017,429.56712386121194,1687.34250,16873425000
163.56300332719826,507.80032265003206,1687.57110,16875711000
288.02946210849973,643.086963380998,1687.79890,16877989000
367.83145397786,729.3838381507703,1688.03130,16880313000
475.2802321969986,751.1754907685655,1688.25700,16882570000
544.6845996694866,778.0914491356361,1688.48950,16884895000
475.14380187039933,737.3500412148678,1688.71090,16887109000
457.5994456672963,694.1602446918896,1688.93620,16889362000
425.9560278587727,602.4873731676995,1689.17800,16891780000
424.4099949078017,492.93448887189726,1689.40600,16894060000
420.25519439534077,396.09838948814325,1689.63410,16896341000
416.19509018792854,310.54592132036464,1689.87210,16898721000
403.2846534793015,393.1798833362818,1690.09470,16900947000
414.4512102633113,492.75634095728014,1690.31250,16903125000
411.5890819489371,544.9859832331806,1690.54070,16905407000
436.4426735093105,606.217856118552,1690.77250,16907725000
483.92723818470586,608.734300597412,1691.00410,16910041000
572.7887507999749,610.6430236808455,1691.23490,16912349000
622.8435428568682,601.7565412980264,1691.46290,16914629000
575.542190535814,603.2330383124328,1691.69190,16916919000
547.1155229060475,651.2743104268708,1691.95630,16919563000
517.1649676640717,540.0902385631787,1692.18400,16921840000
397.4331845132846,479.72556240781614,1692.40930,16924093000
356.7345527289171,441.1066917042595,1692.63240,16926324000
278.2647194384979,488.63614104454155,1692.85870,16928587000
292.1815756600042,570.2917838910192,1693.09100,16930910000
249.28400336006263,612.3251764411773,1693.31520,16933152000
230.4047437906239,684.0683591663146,1693.54100,16935410000
265.8055305195031,718.6832903705815,1693.76450,16937645000
224.76059531342275,768.0832093838399,1694.00210,16940021000
362.18048176527554,784.0073111723877,1694.23820,16942382000
418.5524374357001,819.9618330149424,1694.47740,16944774000
453.3720512569719,822.087056266644,1694.71690,16947169000
546.7304876400093,743.7086033462931,1694.94960,16949496000
635.2977934331152,659.601895640727,1695.17710,16951771000
719.7909527041209,623.1154282475322,1695.42050,16954205000
805.2865570506722,557.2102354062038,1695.66030,16956603000
806.5529138566263,649.2312296944656,1695.88210,16958821000
857.7442637460534,659.9843355327014,1696.11320,16961132000
894.1036454976595,707.863909190525,1696.34190,16963419000
973.4629725883976,744.1582982217878,1696.57420,16965742000
999.9974895379889,737.8567943966018,1696.80110,16968011000
918.982638605153,736.7248294158164,1697.03720,16970372000
774.65835089149,607.5912473123069,1697.25660,16972566000
709.5163042347939,551.1901136802518,1697.48200,16974820000
526.3881630490125,487.73527074947236,1697.71930,16977193000
409.74379194379696,447.01635192887693,1697.95320,16979532000
448.34432964704854,392.3367451272359,1698.17450,16981745000
508.26188140344954,368.42942183571586,1698.40200,16984020000
604.1998108827482,324.7952646064888,1698.62800,16986280000
626.2922240301779,394.32249438142435,1698.86150,16988615000
554.0623146231206,344.85282159308014,1699.08400,16990840000
467.1824972801574,313.6682107121815,1699.30890,16993089000
494.71464309126503,296.73437032420486,1699.52680,16995268000
348.86867537123646,293.10964363717306,1699.75240,16997524000
568.0487472893417,367.68494654235883,1699.98210,16999821000
517.6728280518232,354.2554623932846,1700.21300,17002130000
534.8498765314889,331.6810826680483,1700.43800,17004380000
603.5691053607153,304.60718563499535,1700.65270,17006527000
707.3665661764919,288.8949512006073,1700.87370,17008737000
771.7552011558168,293.87544139527364,1701.09920,17010992000
901.8140036065604,252.38860973354224,1701.32220,17013222000
902.2325322346903,190.47421380149396,1701.54130,17015413000
995.1624826114921,212.49611682335126,1701.75850,17017585000
985.8530957836391,221.6097490074925,1701.98130,17019813000
1084.4811862907738,188.91067144754993,1702.20460,17022046000
1169.2884407652825,273.367369620077,1702.42380,17024238000
1097.3740650546931,410.4017950430822,1702.64460,17026446000
1199.6528697047424,441.0069202378603,1702.86730,17028673000
1030.4816453667768,386.15376159224843,1703.09060,17030906000
846.8990796147983,326.80365064123987,1703.30760,17033076000
714.6171115829796,279.8585078074582,1703.53180,17035318000
569.8446695050454,322.37836919117757,1703.75570,17037557000
684.1428509924065,377.1007164037876,1703.98110,17039811000
639.7168814344433,344.5192843274157,1704.21060,17042106000
555.4419883940052,301.1905551639029,1704.43010,17044301000
481.82886353428097,261.9880470305496,1704.66200,17046620000
613.7215644903079,260.0460089627729,1704.88800,17048880000
630.1417269229465,265.7637966434598,1705.12410,17051241000
701.6923088291248,243.05159607710308,1705.35420,17053542000
755.1656136707138,249.06089143866535,1705.58590,17055859000
814.3741998115955,266.4138161098085,1705.81900,17058190000
875.7388407563947,263.3211033746163,1706.04250,17060425000
863.7559760056276,289.55329259983444,1706.26290,17062629000
848.8618784494872,322.39478692487495,1706.47900,17064790000
826.3337482359765,337.58963639013,1706.71140,17067114000
865.1371780873943,313.95816282103607,1706.94500,17069450000
946.4715868241268,317.3661632093167,1707.16060,17071606000
996.4310240544006,344.2875143169614,1707.38140,17073814000
1029.282818229903,369.4637662907321,1707.62970,17076297000
1087.4382448589313,340.1431560516666,1707.85580,17078558000
1102.6185004227336,351.0742569754393,1708.09330,17080933000
1153.7750049589056,325.94931573611564,1708.31180,17083118000
1177.4406447420772,242.56733487632474,1708.53470,17085347000
1198.837234390991,179.00066513352124,1708.76040,17087604000
1156.957942791254,234.4568855640855,1708.99100,17089910000
1125.847479787187,240.41556286150538,1709.21460,17092146000
922.6860254010705,278.9169036249466,1709.43770,17094377000
808.627348707108,291.70175158053735,1709.66170,17096617000
681.5579884402038,355.4081949316735,1709.89840,17098984000
606.5105503391742,353.0497968899538,1710.12160,17101216000
658.1166609822392,348.45235123611434,1710.36210,17103621000
606.6151352644449,351.3463473496106,1710.58850,17105885000
515.9465526309477,378.6427747930912,1710.82390,17108239000
425.46623431644605,318.92578488436567,1711.05760,17110576000
450.91378845142617,325.6998606745321,1711.28350,17112835000
318.6278128270035,304.325624125649,1711.50980,17115098000
333.8446485921687,265.4386667918101,1711.73840,17117384000
328.6314500770825,271.18289943802097,1711.96230,17119623000
372.90489947002965,309.19414963521797,1712.18350,17121835000
397.33309386511587,307.65541990959747,1712.41140,17124114000
429.1356572894216,317.5495113333283,1712.64950,17126495000
478.91358391815083,314.1643189839177,1712.86950,17128695000
444.71126443480847,322.0962540923062,1713.08750,17130875000
630.7032005246804,375.06662467849856,1713.32370,17133237000
738.7738140016149,424.58887208201435,1713.55830,17135583000
870.7814796480004,540.45882207122,1713.78980,17137898000
921.1866059913044,651.0720690322686,1714.01270,17140127000
968.3772200442331,750.5482281519944,1714.24430,17142443000
976.4504135367174,803.6123388668649,1714.46680,17144668000
1014.3974004075462,847.1496885634344,1714.69720,17146972000
1093.8859723940836,888.0585434256083,1714.91900,17149190000
1068.2331180859933,804.1222220733737,1715.14000,17151400000
1026.9081098879528,701.8994763288665,1715.35970,17153597000
991.5695393098249,593.4499559120543,1715.58030,17155803000
1046.6598706244472,528.7762875094774,1715.81710,17158171000
1000.623936802521,477.3935060307445,1716.03770,17160377000
929.7287817359298,394.0240632024445,1716.25950,17162595000
941.1866464303889,358.1108162228381,1716.48100,17164810000
948.4081867316326,320.9096932693604,1716.70410,17167041000
923.0297050877591,279.0222998356938,1716.92100,17169210000
946.780908818643,251.0321270671981,1717.13990,17171399000
976.901583825608,149.94464721287505,1717.35720,17173572000
1053.6118273421325,69.84048914991341,1717.58260,17175826000
1122.3349960188154,46.408226391570366,1717.80590,17178059000
1123.9217491111983,5.289756449820487,1718.02440,17180244000
1188.2134870035497,25.91039873848905,1718.24450,17182445000
1194.703042367157,34.03518821741852,1718.46260,17184626000
1316.2134206130868,17.869909527358846,1718.68000,17186800000
1308.155892391513,43.92990214275698,1718.89890,17188989000
1329.9073645654885,83.43276000997173,1719.13460,17191346000
1289.8576525884237,102.85233659232699,1719.36960,17193696000
1258.1666160192747,177.5014425833632,1719.60350,17196035000
1255.4509087764454,250.7105700927209,1719.82310,17198231000
1300.222533759897,337.0458348481254,1720.06090,17200609000
1264.6928843791115,409.3363572715486,1720.28690,17202869000
1197.4738295085724,413.0258006966133,1720.51090,17205109000
1156.2565100702143,408.41423998904713,1720.73180,17207318000
1098.8849940118323,447.25229278475575,1720.96190,17209619000
1080.2348268186054,433.3085930213243,1721.20240,17212024000
1068.3522401912305,403.04204608772653,1721.43480,17214348000
1111.4585643877742,380.0006361691996,1721.67150,17216715000
1131.3404570390212,341.4511164944054,1721.88970,17218897000
1134.1385915687392,279.85572635775407,1722.11520,17221152000
1156.5021368633845,304.9224086794549,1722.36780,17223678000
1180.4780533388262,335.8733176380296,1722.59060,17225906000
1218.2320920831235,330.68200708020686,1722.81790,17228179000
1144.0441063031906,309.8819309023477,1723.06920,17230692000
1024.1305149977259,318.5868411345052,1723.29080,17232908000
929.8456772234683,338.5992283937119,1723.50780,17235078000
748.0946727773879,282.7064093787324,1723.72710,17237271000
572.541809257884,285.2054814869418,1723.95400,17239540000
476.5101231808577,276.2951105271202,1724.18170,17241817000
413.2234222953937,308.82948534658146,1724.41380,17244138000
366.64946842850395,298.1386612097179,1724.67930,17246793000
362.0665352810215,276.2268190840146,1724.90210,17249021000
343.50411672548114,271.12984989980885,1725.11930,17251193000
344.40232358049246,275.95908577777135,1725.35010,17253501000
509.5371600823279,378.7435228879501,1725.56740,17255674000
666.7900280918004,526.9458725398994,1725.79380,17257938000
751.7457310884113,613.8131851382183,1726.01510,17260151000
841.1837518684852,716.3911297207837,1726.26270,17262627000
933.7236434483119,658.6773837459002,1726.50750,17265075000
981.715278630706,633.0054991944386,1726.72240,17267224000
1082.6998105894902,589.8187157171869,1726.94980,17269498000
1165.5582219674218,558.1448166057164,1727.17200,17271720000
1126.0288681425557,525.6372222478975,1727.40460,17274046000
1164.0981197263477,517.0251230710492,1727.62400,17276240000
1099.1126213998969,516.5832923074693,1727.85030,17278503000
1071.9569144670643,517.5029815929121,1728.07890,17280789000
1060.439515578744,502.57734152729984,1728.30440,17283044000
1084.8270624980235,435.95500803423937,1728.52650,17285265000
982.6657862973138,377.72594757869945,1728.75080,17287508000
808.5925403250088,320.9189050693638,1728.97650,17289765000
678.7495544140469,227.36973600409436,1729.20190,17292019000
497.7975013558114,191.69240774898017,1729.42740,17294274000
467.47706162354626,131.78471827977756,1729.66630,17296663000
592.9069846583237,55.739024074833566,1729.88490,17298849000
630.5618778908347,-24.445859031974763,1730.11400,17301140000
666.8925173918466,-55.698897186725844,1730.33290,17303329000
750.1290672478028,-11.51367242430257,1730.55470,17305547000
866.2463174892421,53.55996340967721,1730.78350,17307835000
919.44607999296,133.53607490145728,1731.01290,17310129000
991.5608064797655,197.55741184457347,1731.23730,17312373000
1000.4014374348885,232.4793200081629,1731.45770,17314577000
1023.220107657609,242.30687299706696,1731.69270,17316927000
995.2315349425522,285.0260311211921,1731.91900,17319190000
980.677491510655,290.5553271288145,1732.14660,17321466000
1008.5799349620752,292.4588137574379,1732.37030,17323703000
1055.0824765434643,293.5452985003367,1732.60910,17326091000
1112.972200782648,279.2256765201648,1732.82980,17328298000
1160.9201519200958,315.8603593019293,1733.06750,17330675000
1121.5303446659143,270.864285102311,1733.29180,17332918000
1086.8338332178923,290.76047069706436,1733.51270,17335127000
940.3027341906406,300.2945733743543,1733.74020,17337402000
792.0050622676134,307.7972732964697,1733.96230,17339623000
692.2447240781239,274.24391765271497,1734.18640,17341864000
550.7143768509106,297.6307886490441,1734.41340,17344134000
507.4956762219398,267.23601197238935,1734.65020,17346502000
740.0463983196204,332.0630125227478,1734.87460,17348746000
694.3050356516289,290.7549311483232,1735.10470,17351047000
692.130853723882,280.85233711389634,1735.34010,17353401000
757.6563702045868,197.72669575000805,1735.56860,17355686000
664.5497816339454,178.43190288042263,1735.79280,17357928000
562.691086383332,206.15759688310567,1736.02930,17360293000
580.548905872752,210.09737825699676,1736.25730,17362573000
597.4516038767017,195.98920071658253,1736.47620,17364762000
642.8399948428604,148.02066595654276,1736.69980,17366998000
592.4324908912378,89.72727069910681,1736.92350,17369235000
652.7006102064098,86.42340889491484,1737.15310,17371531000
581.3922111542184,154.44220142195775,1737.38500,17373850000
553.4967912436844,231.50634398424023,1737.60010,17376001000
460.551911758125,307.481580477975,1737.82220,17378222000
334.0270359962601,280.64486554925156,1738.04200,17380420000
419.7541844582544,233.04247924897203,1738.26810,17382681000
595.7311310274046,251.51517774689594,1738.49220,17384922000
677.9745698062584,185.03541343569793,1738.73260,17387326000
768.7796450244527,154.94529953921307,1738.96770,17389677000
764.3080713316367,113.81063099910482,1739.18960,17391896000
820.2659002191514,108.45032277887324,1739.41080,17394108000
725.5947054904229,204.69989229130383,1739.62950,17396295000
667.7568104302492,245.31592732176938,1739.84800,17398480000
611.3973346264501,256.6804402882598,1740.06490,17400649000
536.2516383542572,249.61743697713405,1740.28940,17402894000
493.20374446127147,226.06664112760873,1740.50440,17405044000
505.0054362180231,226.73017989590736,1740.72380,17407238000
580.5989655490711,201.90684091926414,1740.95030,17409503000
639.1777746784859,236.31972629894753,1741.17440,17411744000
582.2679799829289,244.33383318455566,1741.40500,17414050000
594.1699080859267,324.8210244402218,1741.62790,17416279000
648.6243270605697,289.1271551603466,1741.84710,17418471000
657.5973776137399,257.02345443253813,1742.07100,17420710000
681.6703797319665,193.5095828550368,1742.29780,17422978000
636.3708730944676,184.32320692535907,1742.51730,17425173000
606.4138381338621,164.06138989618734,1742.73460,17427346000
592.0078279923813,189.89062196136302,1742.95190,17429519000
545.5557854015392,252.48764898659232,1743.17630,17431763000
447.7139006425525,225.86234739608065,1743.40410,17434041000
632.2185486457759,378.74632535546357,1743.62320,17436232000
723.7198953813086,331.440431398235,1743.85450,17438545000
761.679859738842,270.77423601446793,1744.08820,17440882000
854.7751237125855,230.83754268305483,1744.32440,17443244000
831.9051381408196,235.41856866395193,1744.54340,17445434000
818.9302369519207,259.1822519733157,1744.76340,17447634000
675.8203487215875,294.1262097376368,1744.99480,17449948000
590.4949831869061,364.29180005950445,1745.22290,17452229000
429.05397568001456,450.9982572756099,1745.46260,17454626000
369.6737825743061,503.3085764531173,1745.69040,17456904000
327.5146873428793,550.8286073092456,1745.92770,17459277000
294.05343907581897,658.7484472596769,1746.14810,17461481000
240.50178220128785,608.0803752718407,1746.38810,17463881000
238.03274838746125,556.1226838707759,1746.63870,17466387000
221.6207877930786,555.4525863865086,1746.86260,17468626000
307.0468259306042,517.8472927803073,1747.09760,17470976000
282.9265685223265,538.402006313606,1747.33360,17473336000
230.4082201339324,549.3487895969748,1747.56400,17475640000
290.77603171297596,591.9406515530217,1747.79200,17477920000
351.3923024412304,599.6316966908475,1748.03030,17480303000
371.56108031106595,610.0676126474722,1748.26390,17482639000
288.105788240583,564.8454101314887,1748.49400,17484940000
221.71178348282507,529.9381303487253,1748.73190,17487319000
227.04585293138092,443.01516264753496,1748.97600,17489760000
255.84458138970405,355.98160416878807,1749.19960,17491996000
243.99700143326174,348.81246308960306,1749.41550,17494155000
284.01897316791275,336.42761184212594,1749.64260,17496426000
378.6687716023525,331.85869767561894,1749.88480,17498848000
485.4329654083698,358.88213598995594,1750.10730,17501073000
517.6437971444476,423.4708813186734,1750.33740,17503374000
604.5061745883479,394.6360656175322,1750.56220,17505622000
705.0302445021019,377.2188286701704,1750.78290,17507829000
700.7531088584003,355.59633265001867,1751.00770,17510077000
777.2208336901032,345.79657826308886,1751.23120,17512312000
799.3935156069667,306.2584873954316,1751.45100,17514510000
876.8500573763831,255.06727809348655,1751.69300,17516930000
795.703516115214,296.0376574399353,1751.92330,17519233000
696.6353043455646,310.2509636538044,1752.16410,17521641000
584.4972338247417,324.2541989637564,1752.40140,17524014000
517.3049195659237,426.91497161307535,1752.62770,17526277000
435.6563801772519,497.0247444141352,1752.86800,17528680000
462.29612055194923,464.9089143101913,1753.10660,17531066000
604.0397737268152,464.00754536984806,1753.32570,17533257000
545.9035698572402,414.6456974484339,1753.54860,17535486000
443.8883199781559,375.36580364659324,1753.76830,17537683000
394.35977830339533,395.1467386289233,1753.98700,17539870000
357.8531577034683,356.6919902176978,1754.21170,17542117000
454.8869133934909,276.70082774954693,1754.43120,17544312000
499.19053569170376,230.3517255184828,1754.65030,17546503000
595.5191779813249,218.29664208343527,1754.87380,17548738000
647.2575588558232,213.89711101964465,1755.09410,17550941000
566.0314004341071,219.76496859271654,1755.31470,17553147000
506.46597874728093,235.39876865732805,1755.53450,17555345000
565.9689737920191,230.4026011173228,1755.75280,17557528000
673.8679501502487,202.1272322749126,1755.97030,17559703000
733.6186123926036,208.15867367018288,1756.19110,17561911000
823.9819519269809,204.68092917262229,1756.41330,17564133000
831.8744492137963,221.34275858603863,1756.63950,17566395000
762.2990853064832,232.7799524392028,1756.86430,17568643000
645.1473679126079,267.3565080069977,1757.10670,17571067000
552.8702029201697,290.4480316703892,1757.33400,17573340000
530.0655261192046,382.457552425229,1757.56480,17575648000
516.7803307454908,344.01404097569576,1757.82620,17578262000
508.01961387211355,394.23253456162183,1758.04680,17580468000
470.8333280384729,437.8310397690979,1758.27870,17582787000
442.5786462461486,489.0028002233307,1758.49680,17584968000
429.60389665561803,504.8024398998104,1758.72510,17587251000
381.87573767545257,563.5622957151313,1758.95580,17589558000
330.12551599053734,618.6963429025623,1759.18750,17591875000
368.0868105987651,669.6339545290825,1759.41730,17594173000
391.44155776441784,694.8410608608287,1759.66960,17596696000
482.13739768348614,755.9764202644748,1759.92370,17599237000
590.1193910727699,689.7496397591927,1760.14740,17601474000
622.0751795033345,645.1395863243658,1760.38810,17603881000
644.9576653339484,555.7660997955016,1760.61580,17606158000
645.2609170236125,452.245900061674,1760.84690,17608469000
671.1011942093335,403.0675075644759,1761.08180,17610818000
610.6566532430392,354.9343862456398,1761.31620,17613162000
489.56311500052533,312.92344526026955,1761.54550,17615455000
413.79813410551975,272.87834240608777,1761.77380,17617738000
390.2575627573789,318.25269158638497,1762.00390,17620039000
417.68675763329827,403.18564631954297,1762.24010,17622401000
523.5467388311843,484.3391064675479,1762.47180,17624718000
585.0554572302401,581.7161975390327,1762.69970,17626997000
647.9162502787832,627.5908983019234,1762.93260,17629326000
726.6520504725419,681.8487507028137,1763.16380,17631638000
822.7410605847668,592.3475965942716,1763.38200,17633820000
852.2391351480379,462.6099668724174,1763.61800,17636180000
931.3022071389099,403.81937461717047,1763.84620,17638462000
952.6829884370621,371.36310561398744,1764.06680,17640668000
979.2919388256665,334.9124619775108,1764.29970,17642997000
980.6288624719225,329.3570105723958,1764.53870,17645387000
994.2195887281669,325.23246275135114,1764.76640,17647664000
837.7401499611791,386.43505758892604,1764.99590,17649959000
700.5935480164616,438.2672088633144,1765.22410,17652241000
617.8461528290183,475.5755376363055,1765.45240,17654524000
604.6302406865547,534.906002359618,1765.69020,17656902000
589.5651860092432,625.4704489805682,1765.91840,17659184000
594.9086862771351,578.6715938212383,1766.15310,17661531000
548.5721734951659,585.5392961501109,1766.38050,17663805000
505.1658124231444,561.2912433083185,1766.61680,17666168000
446.8944431300758,535.0924497560953,1766.86060,17668606000
428.3954206908481,487.4826570795616,1767.08170,17670817000
453.65535669681395,449.4862799037648,1767.30050,17673005000
401.2516085994365,452.19801995387115,1767.52410,17675241000
374.5471034466997,490.6110533007371,1767.76910,17677691000
432.76504059647425,555.24393266058,1767.99690,17679969000
583.8587034827254,630.6581919030422,1768.23130,17682313000
678.7312422757897,664.1447871117924,1768.46380,17684638000
743.1791861804145,691.493552040018,1768.70790,17687079000
806.26299846418,537.243627537905,1768.93720,17689372000
958.0614418036436,523.4886893744386,1769.15940,17691594000
977.6913605832422,455.48930874817677,1769.38340,17693834000
924.6090618601102,384.72217704875305,1769.60860,17696086000
822.3179838454257,367.8797724374544,1769.83970,17698397000
718.1161723620144,374.2623928953621,1770.07250,17700725000
645.7180926716344,369.9128966403005,1770.30370,17703037000
506.0093307881175,354.90287849055994,1770.53230,17705323000
491.0673568108586,336.3540609877531,1770.76410,17707641000
535.0819959847927,410.30858323994863,1770.99750,17709975000
562.6674236885989,517.1394592683848,1771.23300,17712330000
595.9471194243137,559.0464433813454,1771.46520,17714652000
676.1842629552675,586.5712860477679,1771.69470,17716947000
717.3017967673544,610.5568696868884,1771.93220,17719322000
752.2357947232864,631.8986707464693,1772.16370,17721637000
785.264900332658,682.587292150985,1772.39550,17723955000
808.4402283161203,710.3082211152506,1772.61570,17726157000
772.6951809179427,737.3601347543055,1772.84580,17728458000
685.4736556615958,658.0596870041426,1773.07890,17730789000
656.9717959877037,580.4521149793313,1773.30430,17733043000
612.2579339396361,505.7987313362259,1773.53070,17735307000
699.4348574857943,487.4810299392177,1773.76070,17737607000
756.1895782740286,422.4658663042994,1773.99330,17739933000
1015.9624299324619,431.1510347192937,1774.22610,17742261000
996.9546265314019,385.5587966448757,1774.45140,17744514000
955.8032974104505,338.054928066232,1774.67970,17746797000
864.7701021449066,302.4838454783857,1774.90350,17749035000
864.3194090968211,301.04430106454015,1775.13160,17751316000
809.6306202254325,308.89270367549517,1775.36560,17753656000
825.4498634659842,318.1789504973234,1775.58810,17755881000
653.3461088513579,326.5883167585036,1775.80930,17758093000
561.9735367796386,352.8852464475511,1776.03620,17760362000
476.19196990965105,368.35209351432394,1776.26220,17762622000
457.2555642124736,405.9123722711083,1776.49270,17764927000
427.9407571002979,455.62020225914233,1776.74110,17767411000
402.2155937703361,456.87831991170543,1776.97420,17769742000
339.32332872003195,409.8928441874471,1777.20040,17772004000
334.1380955600316,372.04798755871934,1777.42270,17774227000
352.5490458531429,339.0010252033945,1777.65760,17776576000
469.9899183441738,336.3362727223006,1777.87720,17778772000
582.2466936995178,307.10393001292704,1778.10030,17781003000
684.2514392674691,362.22137309500596,1778.32770,17783277000
728.9688583738615,481.28327039546485,1778.55050,17785505000
840.2071077195014,618.7658494147585,1778.77240,17787724000
940.4167703167818,753.6413972974298,1778.99740,17789974000
948.4632872472909,727.4846670260615,1779.22000,17792200000
978.197282680286,689.6878813369989,1779.44470,17794447000
980.4968304125935,651.9264696399672,1779.67190,17796719000
919.6722705309082,627.2673054311451,1779.89030,17798903000
855.5849713244455,589.7180972875205,1780.11030,17801103000
863.382282987008,642.6859309654183,1780.33740,17803374000
825.3757295584212,648.0531828654816,1780.56110,17805611000
789.2702912901532,682.0014383192723,1780.78550,17807855000
745.3560745042015,736.1542801463816,1781.00910,17810091000
604.3548374026798,734.3203843922616,1781.23030,17812303000
530.9369303237144,696.2499757375135,1781.45720,17814572000
484.46454437326014,607.5910691675032,1781.68010,17816801000
495.9157374433842,605.1001000382489,1781.90070,17819007000
610.1630776766119,634.3150771572193,1782.11830,17821183000
664.3868213819478,598.8126624313305,1782.34860,17823486000
717.2161470004442,539.1108121518754,1782.57450,17825745000
825.1122377975026,502.35391833840407,1782.79910,17827991000
849.3834102923545,503.2887161154044,1783.03670,17830367000
970.7481952738085,546.0724866129693,1783.26690,17832669000
1007.9199277532398,596.9009229952313,1783.49310,17834931000
985.7411749870229,648.3615273969502,1783.72410,17837241000
1008.6640163746005,717.719509744926,1783.94820,17839482000
982.2258491509994,746.502906810468,1784.18340,17841834000
957.641683367189,749.474968995265,1784.41330,17844133000
955.1886454076769,780.5920315824712,1784.65800,17846580000
865.7800153662538,828.3411896740369,1784.89340,17848934000
805.053263760805,779.5557249499543,1785.11650,17851165000
702.3563996362616,741.4115732873701,1785.34790,17853479000
633.508902875739,624.0365156017477,1785.58210,17855821000
750.945277475343,559.261860625806,1785.81780,17858178000
800.2747381704355,459.61939025975687,1786.05450,17860545000
933.8982252180397,395.8550712724635,1786.28410,17862841000
811.0128653754252,407.6281086787177,1786.52400,17865240000
737.1122174845054,396.1943996420407,1786.74870,17867487000
619.5804039078815,405.02618686774235,1786.99570,17869957000
562.4873753286406,481.01962945170897,1787.21670,17872167000
522.1595620770544,439.4450988609942,1787.44550,17874455000
598.1102825633645,409.60073267040883,1787.67180,17876718000
683.2547542993741,354.4561400947865,1787.89050,17878905000
789.7905659989618,324.68957113520065,1788.12410,17881241000
868.016343634352,314.5597690096949,1788.35080,17883508000
935.7806946710475,298.7623036529197,1788.58150,17885815000
955.0981064165882,256.74038418934083,1788.81150,17888115000
932.4926902053829,253.06692305787777,1789.04490,17890449000
744.1027883313442,258.0283359997174,1789.27490,17892749000
606.9796471509221,266.59786550537115,1789.50660,17895066000
506.77712917233487,295.3442721930536,1789.74690,17897469000
462.348959728746,333.4915731718651,1789.97800,17899780000
396.3832145064311,349.09335110297417,1790.20900,17902090000
368.1865886454339,353.15183517028527,1790.42980,17904298000
428.004796453853,352.63645151247727,1790.64960,17906496000
437.51732760180437,339.049437174121,1790.89200,17908920000
470.8486480931757,356.0229582185575,1791.12390,17911239000
441.8921680956434,360.2482142832786,1791.34640,17913464000
382.09343858607923,366.4349287889994,1791.57280,17915728000
378.266435319225,329.767004990758,1791.79890,17917989000
373.565532705366,308.4340553567234,1792.02890,17920289000
309.70799358318556,300.02852317941444,1792.25250,17922525000
374.33537088154316,389.82008007512894,1792.47900,17924790000
260.02842768169404,391.96515421336767,1792.70430,17927043000
200.9680289738396,355.9333580417279,1792.93490,17929349000
146.65369256575292,350.63243271184484,1793.17480,17931748000
167.06849434471806,352.5632304766935,1793.40200,17934020000
215.01637371168619,368.0756663648518,1793.63550,17936355000
374.68217841395074,394.83909405124115,1793.87240,17938724000
495.6222416486838,387.2007208240969,1794.10380,17941038000
593.506567599245,344.9365148751397,1794.33550,17943355000
779.8602238937274,362.4601793684349,1794.56090,17945609000
841.3216397557721,330.305439219657,1794.78530,17947853000
952.7185626555897,334.6166146601999,1795.01550,17950155000
994.5351840196307,375.4471712751798,1795.24320,17952432000
1071.8798842137585,349.54546087069247,1795.48210,17954821000
1062.102383171682,356.46473109490415,1795.70420,17957042000
1061.277113485391,338.38735741880424,1795.93390,17959339000
1144.7300619761886,334.2589000744814,1796.17020,17961702000
1105.7831409928845,279.22033708593665,1796.40590,17964059000
1044.3440331422596,285.6207450499022,1796.63590,17966359000
972.1309985239207,304.5645675822859,1796.86930,17968693000
879.8850312544921,331.5252807517832,1797.09490,17970949000
819.0739316468548,409.3356723890261,1797.32670,17973267000
715.5048701888063,351.8728847756965,1797.55410,17975541000
619.6920966484546,392.9894487065899,1797.80350,17978035000
515.225666978987,364.66835378406523,1798.04060,17980406000
485.94441855533194,323.5031507981054,1798.27390,17982739000
572.4684602984692,397.13497730364077,1798.51430,17985143000
556.1048050936681,393.4691270312612,1798.74640,17987464000
566.2501050303483,365.1749425566281,1798.97700,17989770000
592.4930326188543,338.90401007990886,1799.21280,17992128000
702.5055585269641,331.6806871499931,1799.44740,17994474000
675.6755299681832,302.1074811410813,1799.68380,17996838000
727.008729772862,401.9983039936949,1799.91580,17999158000
800.8548846896707,332.3281179048426,1800.15940,18001594000
739.3590237453884,288.1254562584138,1800.39850,18003985000
707.7571135113066,354.3109538738323,1800.62250,18006225000
746.1105608770796,424.20601778478226,1800.86520,18008652000
705.3392320125204,495.9719837386357,1801.09220,18010922000
685.919484695776,532.8441932041266,1801.33130,18013313000
670.2702070176906,624.6303574722319,1801.56490,18015649000
723.8370390712444,665.2082706334338,1801.80560,18018056000
775.9893012713774,685.441589606493,1802.03680,18020368000
785.3742244556755,683.556714321413,1802.27400,18022740000
779.566630380018,700.0219665434862,1802.49850,18024985000
850.6427544661997,719.5852982236426,1802.72310,18027231000
860.9410476868217,721.0302824913839,1802.94380,18029438000
905.6643792509767,739.6330182623299,1803.17560,18031756000
955.6982626661745,753.3261310550715,1803.40420,18034042000
917.6426307243725,779.1185699388762,1803.62620,18036262000
918.0617736426206,809.8220223329928,1803.85090,18038509000
922.1607931375617,801.6757264004993,1804.08180,18040818000
955.8190544981803,826.5520894478382,1804.31030,18043103000
915.5674329685658,834.7355562945286,1804.54470,18045447000
959.733744120332,817.3519278636776,1804.77820,18047782000
932.9130788642279,803.8003987081435,1805.01220,18050122000
868.9338239282257,789.903074020335,1805.23770,18052377000
844.175506696662,767.2440213477088,1805.48170,18054817000
798.9891246984025,737.5084050419865,1805.70880,18057088000
793.3195146869562,706.4084278823651,1805.93590,18059359000
844.9159820632124,706.330741950339,1806.17230,18061723000
863.9333257139281,684.4016433488915,1806.39710,18063971000
939.2424175197397,724.6347279114508,1806.61580,18066158000
992.6854449249748,736.8293209886049,1806.85450,18068545000
984.4056514690411,764.1352210157028,1807.07830,18070783000
915.8924224306669,775.0000692567146,1807.31720,18073172000
920.4257082175241,740.549830030968,1807.55550,18075555000
893.7124382355402,591.3081503895229,1807.78440,18077844000
903.9914677151788,532.5572985999052,1808.00710,18080071000
935.9996333176282,520.7924839523572,1808.23860,18082386000
934.9705986645466,526.0172369111973,1808.47210,18084721000
925.46440271513,546.1861732395338,1808.70550,18087055000
898.9022681720019,567.0147096360075,1808.93990,18089399000
913.5522431562003,586.3942426439818,1809.16440,18091644000
971.0432981464345,582.7360979883572,1809.39040,18093904000
974.3658909651277,656.1050508146596,1809.62280,18096228000
976.2098730934379,702.0139736405134,1809.84540,18098454000
981.076776334116,732.1529007951966,1810.07030,18100703000
1001.179532944412,717.60412751566,1810.29670,18102967000
982.7101959766826,756.3787601678384,1810.52540,18105254000
950.0691847090624,767.1829447984135,1810.75200,18107520000
910.0292655093151,737.5113821428863,1810.98750,18109875000
926.3595140090133,749.1446501125313,1811.22840,18112284000
922.6963986283566,749.7881703709047,1811.45760,18114576000
824.4342608440936,724.0122621436716,1811.68340,18116834000
786.0458580057124,718.3084320164522,1811.90990,18119099000
776.0805594961437,649.8754872866053,1812.13290,18121329000
774.6599574486804,612.7899146097751,1812.37850,18123785000
845.7489941338268,631.5321235346369,1812.60590,18126059000
852.8072290361581,617.5869954910404,1812.83440,18128344000
891.36749558978,612.9949812046332,1813.05550,18130555000
899.9985858078483,627.1721025704999,1813.28840,18132884000
891.9279385375914,601.9959742819574,1813.51760,18135176000
876.6542251713112,559.4665063986762,1813.76010,18137601000
822.5014946872634,528.6941936159106,1813.99510,18139951000
765.9691445415989,522.8902046108822,1814.22730,18142273000
860.9217382213125,496.4653344783991,1814.45150,18144515000
917.9643036180629,515.4126330014888,1814.67560,18146756000
978.3405730704937,492.2568401747843,1814.89880,18148988000
968.1100216778632,492.64812564617904,1815.12330,18151233000
971.3328240630307,500.69881257945906,1815.34810,18153481000
1030.6924848113729,492.5278810223126,1815.57870,18155787000
1050.2641063584156,534.8939709419831,1815.80280,18158028000
1053.004425419079,595.0975130904213,1816.03080,18160308000
973.3776566704593,609.1524605443732,1816.24900,18162490000
1021.3509186677577,622.2111243601006,1816.47220,18164722000
1079.704122703189,632.7634082875987,1816.70210,18167021000
1071.7725840428395,676.982867744092,1816.94230,18169423000
993.0485676955794,707.1529612526379,1817.17660,18171766000
999.5551709100757,736.843259441999,1817.40970,18174097000
988.9817120692749,814.2939400720788,1817.63330,18176333000
990.1946660789242,832.9449821312477,1817.85800,18178580000
989.3056970731758,863.182308248416,1818.09080,18180908000
974.0202307795674,910.7588464803215,1818.31760,18183176000
929.7420688470299,895.8067081712635,1818.54520,18185452000
996.8942940554538,949.3217813835232,1818.77320,18187732000
1038.5472109632337,992.1866174942253,1819.00080,18190008000
1056.96520110408,995.9147029808457,1819.23160,18192316000
1047.6346256634124,956.1772417610672,1819.45750,18194575000
980.2553944869516,893.8121230051759,1819.68290,18196829000
1016.7008687886156,818.3020796697396,1819.90920,18199092000
1079.8461790391557,808.064660504427,1820.12940,18201294000
1112.3892239594604,756.7800577606215,1820.36320,18203632000
1099.558127100675,737.6468333436444,1820.58170,18205817000
1118.7199211343489,724.3286770493778,1820.80060,18208006000
1130.9895075123043,701.1112319101466,1821.01860,18210186000
1116.572119954867,638.2992092700744,1821.23680,18212368000
1054.5928474889774,567.3551821424699,1821.45500,18214550000
987.4338004836169,594.7152486182193,1821.67900,18216790000
961.5449626625136,582.6504524836308,1821.91520,18219152000
926.5489345445011,618.5356021984024,1822.14990,18221499000
898.9548942068185,653.9263830781754,1822.37390,18223739000
884.5416151026178,679.5706187134884,1822.59540,18225954000
875.4809778419436,695.3457624095058,1822.82030,18228203000
796.5593767860975,680.4954692476252,1823.04080,18230408000
805.443877333599,698.7553055888944,1823.29480,18232948000
792.1316946858054,706.7166197156901,1823.53870,18235387000
855.9303289775423,744.6071519991798,1823.76540,18237654000
868.9407904562593,774.6086398326507,1823.99680,18239968000
907.2418840381456,776.3812491114877,1824.22080,18242208000
1016.6890967849179,762.1701233861248,1824.44880,18244488000
1006.3524199151927,755.7418760178335,1824.68250,18246825000
1063.0222891453996,686.2020688595052,1824.90780,18249078000
1029.0035132877274,685.1980362093327,1825.14110,18251411000
1090.1741293712762,690.8410507100895,1825.38320,18253832000
1126.4023095944112,660.9486313966054,1825.62370,18256237000
1209.434537343636,682.8376928647518,1825.85720,18258572000
1229.3770642216857,661.7658333994934,1826.09370,18260937000
1240.9848106607885,621.4664535427155,1826.34040,18263404000
1233.138853829538,630.029167363132,1826.57100,18265710000
1255.1257304523895,640.6629102842037,1826.79940,18267994000
1213.812889854712,703.757914119238,1827.01530,18270153000
1193.5393552741366,680.0036152553372,1827.23320,18272332000
1134.11461158862,688.3076445133032,1827.45720,18274572000
1030.1802838837264,662.5822213830315,1827.71290,18277129000
923.8248450091338,682.3912190049441,1827.94380,18279438000
960.0254925425389,756.8151612241261,1828.17120,18281712000
956.10835155516,800.0805875241181,1828.40140,18284014000
934.4777751425542,810.6428263093015,1828.63650,18286365000
914.5083206331116,792.615665497714,1828.87950,18288795000
935.2607856282712,817.1316360166321,1829.12700,18291270000
983.8399134283854,817.6655769887341,1829.34690,18293469000
979.7580937316325,823.2290232594742,1829.56650,18295665000
1019.6376871275528,823.8538017175508,1829.79560,18297956000
1079.3564518588091,831.3642756998702,1830.02860,18300286000
1082.7013005616461,851.6941306934124,1830.25380,18302538000
1155.1988567690535,841.065319906491,1830.49070,18304907000
1142.4060484669437,825.1194172858741,1830.72030,18307203000
1196.3407099193794,774.647834076075,1830.96900,18309690000
1245.5178339614513,718.7731992859592,1831.20650,18312065000
1246.8017113197202,684.0857450697524,1831.43840,18314384000
1304.7756265872683,675.3443796234072,1831.67000,18316700000
1274.9815009765102,604.4999896636067,1831.88470,18318847000
1224.921403107692,563.9747058775969,1832.11460,18321146000
1118.2880845026398,476.1054726612468,1832.34210,18323421000
1057.372563007815,469.46383006886896,1832.56840,18325684000
1018.6780743047673,463.3030417452803,1832.79600,18327960000
1030.1057731654414,481.66994895101914,1833.02650,18330265000
959.9232347283432,505.5504171790771,1833.25570,18332557000
915.3568939110672,437.03227064026277,1833.47300,18334730000
867.3172736281743,360.9349447578165,1833.69420,18336942000
846.5121758948558,328.00635574499677,1833.92240,18339224000
746.6175705075796,276.1591803587772,1834.14500,18341450000
718.5708223144555,306.9488005517702,1834.37280,18343728000
714.3300583047852,333.4928000104678,1834.60480,18346048000
712.0723012115568,336.7525343443331,1834.83420,18348342000
682.1421520893858,365.68930708595616,1835.05410,18350541000
711.6635526602063,362.7295953063692,1835.27540,18352754000
780.761303498998,378.0034207768117,1835.49850,18354985000
778.8777694463917,476.23481988958605,1835.72800,18357280000
852.0362362754299,533.6478949964031,1835.95360,18359536000
877.155733512993,591.5508859366334,1836.19360,18361936000
991.4932548717256,694.9081446183004,1836.43040,18364304000
1028.2452437884226,718.7326734612595,1836.65890,18366589000
1103.5254779257261,679.1181225648007,1836.89320,18368932000
1094.3691226407504,608.5665495139523,1837.13720,18371372000
1122.0183095615782,587.0459766430953,1837.36930,18373693000
1066.529575198933,583.14985261015,1837.60230,18376023000
1078.0359838554987,564.397902146776,1837.82590,18378259000
972.5438208177791,555.4091420723109,1838.06030,18380603000
948.2461270660249,575.7706620212281,1838.29170,18382917000
945.0115186219078,589.5655810354934,1838.51990,18385199000
926.5306021298876,618.3490656272027,1838.74790,18387479000
912.5649761107717,608.6365645307305,1838.97180,18389718000
873.8549957584231,557.66222383283,1839.19670,18391967000
868.1256405348157,550.1605269885579,1839.41740,18394174000
822.6248019255098,530.5701190128445,1839.64460,18396446000
795.267686291075,529.5603478876858,1839.87250,18398725000
789.1304455634847,521.8367170302826,1840.10610,18401061000
809.3147647279312,553.5918461267258,1840.33310,18403331000
790.6767205351612,579.159307546426,1840.56410,18405641000
804.8871699180021,612.6996920230716,1840.79060,18407906000
842.4341684471025,659.3853443445227,1841.01560,18410156000
856.1832083804532,709.1493896674074,1841.24270,18412427000
845.2605280036014,698.0640675365067,1841.46810,18414681000
879.0632441748437,718.3996959760419,1841.69520,18416952000
962.8630030801894,730.3670729078419,1841.92150,18419215000
972.6311625525517,723.3495290291843,1842.15770,18421577000
970.4673496737864,698.4236013199929,1842.38960,18423896000
965.3389531335456,738.7367836982664,1842.61340,18426134000
967.1477643470477,768.3882673864493,1842.84260,18428426000
948.7214358458253,627.6987740682101,1843.06460,18430646000
913.4944665689864,566.7207345488016,1843.29280,18432928000
817.335465181568,497.08256958507724,1843.51580,18435158000
747.2644081192774,404.2067627847229,1843.74530,18437453000
702.0213031288413,307.38447562294107,1843.97030,18439703000
676.9714607553971,276.9272928393228,1844.19890,18441989000
712.1089522607688,359.1499955491261,1844.42520,18444252000
829.5191788483487,336.1738344504191,1844.64980,18446498000
910.6033459180802,412.98159030507617,1844.87950,18448795000
956.953929158664,480.3802119499851,1845.10650,18451065000
983.1865600352004,557.7113096900462,1845.36490,18453649000
864.3223076742439,500.0861712263592,1845.59740,18455974000
818.0356991930221,476.4519151410354,1845.82330,18458233000
885.5338097222675,554.1207516021417,1846.05990,18460599000
884.3350668972464,605.0356276737716,1846.28530,18462853000
894.92133837159,662.504106911577,1846.51450,18465145000
919.275905777738,760.9898879275634,1846.73950,18467395000
938.9809460858219,813.8355279765176,1846.95940,18469594000
911.7317100178248,783.6882847297459,1847.20000,18472000000
866.6046116116751,740.5257262687124,1847.43630,18474363000
861.3357364863256,769.887514912692,1847.66070,18476607000
841.0469858183108,730.9666321492757,1847.87490,18478749000
897.7884799259397,732.4548131735374,1848.10490,18481049000
982.5988505992223,719.5375845511844,1848.33060,18483306000
1032.6203549919612,660.4910730601158,1848.55440,18485544000
1007.1925874097499,661.2656256362186,1848.78380,18487838000
1006.0301850664637,666.6090517850135,1849.01810,18490181000
1006.3852121963348,664.2319470966086,1849.26620,18492662000
979.2307757687523,627.9199087176645,1849.50170,18495017000
982.271920290351,662.7416871078093,1849.72570,18497257000
918.9558262494487,678.5195983434069,1849.95860,18499586000
902.6329976140928,716.9138288177488,1850.19280,18501928000
871.1266143541877,677.9332248528233,1850.43580,18504358000
874.2574754771485,668.3457600597693,1850.65660,18506566000
829.7642720478743,587.4238325198462,1850.89280,18508928000
840.0728962400086,568.2529675650615,1851.11600,18511160000
852.5487310307409,486.19176822465846,1851.34730,18513473000
911.7258448877185,423.78858588535275,1851.58240,18515824000
907.351018115301,463.5194886602998,1851.80800,18518080000
882.8999586993659,550.4065846945376,1852.03100,18520310000
832.082676727431,653.1626225132222,1852.25570,18522557000
844.3568713488893,714.2121191872733,1852.49410,18524941000
867.6393927374577,747.6924766914898,1852.72120,18527212000
893.104917057569,786.4912605327022,1852.95870,18529587000
894.538378795083,831.9367100662237,1853.19660,18531966000
823.521286347684,826.7377001068828,1853.42730,18534273000
784.6294310324148,798.0240689712639,1853.66450,18536645000
736.858876150967,795.9417922663224,1853.90170,18539017000
756.117306323641,773.136655591751,1854.12780,18541278000
697.3621005083892,795.0325304594043,1854.36730,18543673000
683.6672640202437,815.4782475249189,1854.58150,18545815000
684.9744659086975,841.7676944364583,1854.79870,18547987000
772.2138379694683,838.5493742151882,1855.02500,18550250000
843.4340839086351,811.8199952643872,1855.25310,18552531000
915.2570579531566,829.7686440153606,1855.47120,18554712000
872.2699276124123,788.969614617755,1855.70400,18557040000
880.3569179792429,727.3268401136064,1855.93170,18559317000
947.3193741470753,721.2736864052124,1856.15670,18561567000
1071.434884756767,637.3637198448592,1856.39710,18563971000
1018.6088627742034,589.8083810784614,1856.63650,18566365000
1044.426936366799,481.51267657888917,1856.86820,18568682000
1059.5366987667253,410.7696343608952,1857.10200,18571020000
1000.8217495737865,389.33378091670767,1857.32880,18573288000
951.7043559710773,364.0557000582715,1857.55340,18575534000
958.9439003457682,406.3489562776854,1857.78610,18577861000
955.399674082126,477.3206886574239,1858.00790,18580079000
1031.8168352254313,536.5192460360622,1858.23690,18582369000
1079.1867068490897,592.460496101297,1858.46050,18584605000
1014.4708792756063,611.9995135007472,1858.68520,18586852000
910.1464634664299,667.6974508902417,1858.91340,18589134000
843.1604089686244,670.4562204965773,1859.13980,18591398000
820.4947653097753,685.2844904976056,1859.36060,18593606000
813.671610026176,703.0254225031274,1859.60190,18596019000
836.8494321863094,745.2290517642674,1859.82740,18598274000
830.3376061246369,724.4273684023569,1860.05840,18600584000
871.167799093423,721.5867598203002,1860.28150,18602815000
902.4200120402252,729.9840054312682,1860.50900,18605090000
931.1921916588976,719.1561777419478,1860.73540,18607354000
885.2957508523159,766.8813669742167,1860.95780,18609578000
917.064768431855,752.9845810504987,1861.18790,18611879000
893.7683799450978,775.2686001073437,1861.41220,18614122000
957.881876979754,775.1169613417112,1861.63120,18616312000
955.6781019676005,772.4234785098666,1861.85880,18618588000
1032.360449243779,791.5791120709041,1862.09070,18620907000
995.7004178856184,770.8879040492982,1862.32110,18623211000
1039.2294902663384,725.5516503320364,1862.54610,18625461000
1011.3002947153166,724.1595506673006,1862.76460,18627646000
1100.8109301695463,715.4322161654133,1863.01710,18630171000
1161.3210913320447,668.2540129330879,1863.24300,18632430000
1175.3886293007401,629.585541874719,1863.46670,18634667000
1278.331551246705,629.2509400583907,1863.70320,18637032000
1250.2732936282323,652.564319172393,1863.94930,18639493000
1239.8702131535017,678.4676391976567,1864.18060,18641806000
1184.8486812484462,713.8216034444952,1864.40580,18644058000
1171.569111935354,697.7654794758013,1864.64950,18646495000
1136.4358716634797,695.2174645523395,1864.86640,18648664000
1099.0783095814916,720.7140186600203,1865.11240,18651124000
1088.7951838241372,711.7407501798175,1865.33600,18653360000
1120.7404569641476,717.5313700989412,1865.57560,18655756000
1051.514970123751,671.7081316477452,1865.80380,18658038000
1042.4660231397124,722.4937594339965,1866.02630,18660263000
985.7532751246282,737.6621127992421,1866.25650,18662565000
966.2224869354159,756.4235974082242,1866.48560,18664856000
912.0757438534488,772.0257067020815,1866.71150,18667115000
932.9632028939949,757.2353259122917,1866.93300,18669330000
957.2653732176407,790.0164401261613,1867.16290,18671629000
910.6981783359008,796.6322217756442,1867.40320,18674032000
913.9027269537414,749.392150483887,1867.64090,18676409000
923.9088669083558,761.8923826120871,1867.86660,18678666000
975.7521414927104,765.1444284035201,1868.09580,18680958000
1034.7645380001895,754.8339070779241,1868.33110,18683311000
1015.6024040506364,754.4386806414011,1868.55960,18685596000
984.4687363768757,722.9047944300587,1868.79270,18687927000
938.9190919812,712.5497076297441,1869.01180,18690118000
902.6559493499963,705.0340815969352,1869.24410,18692441000
917.7041230595399,705.2660519017066,1869.48260,18694826000
906.1884528492702,715.7844090804358,1869.71180,18697118000
901.994012835379,771.8499173734635,1869.93550,18699355000
881.5758061309855,788.3798594160675,1870.16580,18701658000
930.2614866309186,757.486016722287,1870.39570,18703957000
953.6279286017569,780.3283758090665,1870.63410,18706341000
900.3051547921635,806.3225204082534,1870.86330,18708633000
889.2121052788365,752.7233965347414,1871.08940,18710894000
999.7667585308479,824.7898087888066,1871.31180,18713118000
953.1422663717445,823.6146924703622,1871.54300,18715430000
989.2023562337732,848.1902404682876,1871.77250,18717725000
948.1303834434107,700.6443760395154,1871.99980,18719998000
1004.2390949448236,592.5957762111544,1872.21850,18722185000
1040.6610126584555,525.5143166593689,1872.45040,18724504000
952.8782751685713,408.4940988908795,1872.67640,18726764000
948.5326314099873,461.4283969994559,1872.91060,18729106000
979.9146999147633,508.97145655902773,1873.13300,18731330000
874.4578377151107,546.0660653813388,1873.35460,18733546000
835.3101038366399,610.6348243321179,1873.57830,18735783000
852.2632367732892,644.2124785987688,1873.80630,18738063000
798.7719487550487,667.18318824371,1874.03230,18740323000
795.7833803673338,746.7971621090761,1874.26040,18742604000
805.5367796241642,808.3138467924557,1874.48970,18744897000
777.4369802746402,856.3797276735438,1874.73200,18747320000
761.473621067882,918.9892610894359,1874.96120,18749612000
754.2617005610149,902.4992884084677,1875.18150,18751815000
806.8552571553373,905.877310262448,1875.39130,18753913000
837.3972563494979,881.4593552409923,1875.60800,18756080000
887.3296683341855,878.5574600647294,1875.83520,18758352000
937.2002042261363,874.8554974017054,1876.05990,18760599000
958.7166136261809,841.9989433637966,1876.28580,18762858000
958.052293528032,846.6693163880975,1876.53040,18765304000
922.9812012298482,822.204971130124,1876.76250,18767625000
896.6329335729297,792.8512881792749,1876.99600,18769960000
885.8501367099091,776.3114543191539,1877.23900,18772390000
854.8245962356752,756.2371298559848,1877.45270,18774527000
881.6482228692386,731.7878052087985,1877.68190,18776819000
947.4320173792967,743.6313302449108,1877.90240,18779024000
1043.9603492131482,713.0499984649877,1878.12760,18781276000
1125.7215608947563,675.0698708724649,1878.35090,18783509000
1209.162622667414,691.9111922229906,1878.58460,18785846000
1249.848862470926,674.4142205526338,1878.82260,18788226000
1240.4906320969374,652.050614259767,1879.05920,18790592000
1256.8827739116682,674.8771190183093,1879.28490,18792849000
1233.9665484264453,667.4706952391808,1879.51760,18795176000
1190.467686491384,667.7816885787469,1879.74070,18797407000
1242.9085586126116,698.7286865674089,1879.96340,18799634000
1251.8599165870482,732.0297160429803,1880.19250,18801925000
1297.7494288091134,713.5695642729106,1880.41700,18804170000
1378.3348909336303,702.0928968691279,1880.64740,18806474000
1306.544277724077,708.4561714728749,1880.88450,18808845000
1232.986426057375,705.8547074308553,1881.11850,18811185000
1201.5282748911789,710.165969114308,1881.35940,18813594000
1178.038801456813,752.3313028395777,1881.59170,18815917000
1100.3728716112662,732.3767116326059,1881.81580,18818158000
1087.9614853601881,759.4125643278195,1882.04370,18820437000
1115.2114035726913,770.3130718860142,1882.27040,18822704000
1135.0009130066774,763.4215916376644,1882.50300,18825030000
1118.9157022471084,760.697284977097,1882.73710,18827371000
1151.1334367779523,735.0558658648765,1882.96700,18829670000
1132.7256314748179,687.9696970754942,1883.20640,18832064000
1137.3574175295687,685.4433521870872,1883.43610,18834361000
1161.6051856801023,718.9647644126924,1883.66530,18836653000
1202.124297336772,762.3655522100812,1883.89400,18838940000
1146.6210430557678,757.7323679888434,1884.11900,18841190000
1155.6611261275239,784.2788683148452,1884.35130,18843513000
1166.456232839029,822.590329933577,1884.58960,18845896000
1089.8298794284387,837.5488717520266,1884.81850,18848185000
1118.2441674105849,844.1766037135654,1885.05160,18850516000
1072.3820695050454,856.5024383004422,1885.28670,18852867000
1088.6115249355532,876.6541402473548,1885.52310,18855231000
999.4536972438779,859.2176212772101,1885.74730,18857473000
983.8298407127361,860.2015617985571,1885.96960,18859696000
1050.954447299932,848.0482752552003,1886.19070,18861907000
1045.1956604615316,754.1885233018919,1886.42880,18864288000
1005.0798214961043,714.2143425671742,1886.65450,18866545000
977.8972046030037,657.0638470072707,1886.89400,18868940000
936.1187315472549,687.6232910985286,1887.12100,18871210000
834.5739987656945,696.3564212981801,1887.34540,18873454000
842.6194502733342,725.7012926071806,1887.57120,18875712000
820.9240405664116,710.4241847676379,1887.80360,18878036000
810.4614991773261,704.4432189008502,1888.03810,18880381000
738.0478947188069,734.034502966365,1888.26800,18882680000
722.4036175619622,775.8082367856873,1888.49400,18884940000
736.5020289225654,789.3876144815663,1888.71920,18887192000
678.8073854402929,803.1484699493476,1888.95230,18889523000
498.3961468184072,719.0481898130187,1889.19430,18891943000
463.1860429846235,623.0972411031619,1889.43530,18894353000
529.9293842897309,587.7288968641469,1889.66620,18896662000
546.2064374481923,582.3531074034191,1889.91600,18899160000
579.9355295128671,594.8897538545992,1890.14780,18901478000
595.5167475599654,578.9266804477842,1890.37920,18903792000
658.5655957646129,595.2523956692778,1890.62060,18906206000
721.1463531456097,570.4770882955595,1890.85880,18908588000
643.3752289083527,579.8556252962562,1891.08590,18910859000
623.4874352749595,553.8698301322701,1891.32030,18913203000
524.7406149501483,585.3949853556372,1891.56540,18915654000
523.6072913318196,556.1706821848636,1891.79960,18917996000
436.1218137526039,570.8905681491063,1892.03270,18920327000
447.9176732747816,561.0843479163415,1892.25550,18922555000
378.06151208194984,561.4396197689002,1892.48360,18924836000
331.0416012154087,542.768398456258,1892.71360,18927136000
375.7020277116744,503.36857808999423,1892.95800,18929580000
374.2834595856906,499.71113552580636,1893.19230,18931923000
429.2411459953522,500.0277675454995,1893.42550,18934255000
486.5275512790984,541.0097536270426,1893.65930,18936593000
603.4590912137288,604.0731232548013,1893.90330,18939033000
594.921059805382,628.2664053102978,1894.12940,18941294000
620.9656568417555,642.1426213048437,1894.36230,18943623000
609.1124320906529,577.099165727742,1894.58710,18945871000
599.4230318448754,594.0993572976603,1894.81040,18948104000
613.7951434859565,558.3367612051629,1895.04070,18950407000
623.3586859916206,612.2177225046169,1895.27600,18952760000
709.1053769658113,588.2658788846162,1895.51640,18955164000
734.5220145034841,635.6330067059608,1895.75000,18957500000
788.7730672213487,663.5082620334606,1895.97500,18959750000
834.7567092199749,658.0603198333129,1896.20320,18962032000
827.6305553786542,601.9612485498201,1896.42880,18964288000
842.0397626049685,593.115493198886,1896.65490,18966549000
850.2577598130536,558.0050261179,1896.88410,18968841000
823.8059888085971,550.6841872744084,1897.10490,18971049000
842.4604041711184,563.6127741622952,1897.33300,18973330000
771.4858926981511,583.545570404967,1897.56300,18975630000
754.0495475211629,587.8881755569772,1897.78740,18977874000
753.7309104723599,573.3326517239018,1898.01660,18980166000
713.0576333025584,521.9513042934445,1898.25430,18982543000
604.0360137877506,540.8016188034496,1898.49900,18984990000
552.2162127981402,516.805776657745,1898.73010,18987301000
558.0730169706195,503.54057785664054,1898.95250,18989525000
531.5320471619114,472.75627861767964,1899.17960,18991796000
502.01871311276807,414.080456410647,1899.40470,18994047000
546.7397248085964,368.7072216543963,1899.62720,18996272000
491.62371559547137,359.7693835581152,1899.84890,18998489000
468.7796886843915,369.68369229166024,1900.06730,19000673000
520.4006379836986,374.7058114887643,1900.29440,19002944000
532.2545254777187,402.2647333923205,1900.51290,19005129000
554.3663556614177,430.82225863057323,1900.74290,19007429000
572.0149901403731,499.58421181584686,1900.96680,19009668000
613.6581168638968,557.4280266080827,1901.18600,19011860000
654.4301320415057,574.701288011802,1901.41080,19014108000
591.9638083396185,537.5550324786519,1901.64230,19016423000
502.4140470510564,581.5953463824412,1901.88380,19018838000
467.53171755866856,587.466512902785,1902.11340,19021134000
481.96209325616087,594.8365156484014,1902.34660,19023466000
611.7087131356934,607.2796415117913,1902.58230,19025823000
699.9891351654437,650.5586947039097,1902.80050,19028005000
740.6843551281141,624.5099744780545,1903.02540,19030254000
729.1333139208028,607.3075789243439,1903.26230,19032623000
693.2639557745232,559.8746534580192,1903.50970,19035097000
749.354210105446,548.1898890038555,1903.73720,19037372000
725.1570361099127,537.700533401149,1903.97500,19039750000
740.2985644442019,516.3511271290392,1904.21350,19042135000
682.0203234758923,554.4604809629454,1904.45210,19044521000
589.5323439155051,524.5743391488168,1904.68260,19046826000
656.8099998199592,492.392980492293,1904.92680,19049268000
669.9035557800008,526.5492631515164,1905.15610,19051561000
688.4480417763845,517.3204626219963,1905.41410,19054141000
697.2583294289227,581.9778521183018,1905.66680,19056668000
646.7275387463128,653.811921386516,1905.89150,19058915000
671.5606085145405,645.2713962461806,1906.13260,19061326000
650.1591431394752,663.6227129368987,1906.38030,19063803000
617.2387568775422,711.804895626989,1906.61760,19066176000
580.657517886665,766.6705454948974,1906.87840,19068784000
558.7498171006409,824.0170155661258,1907.11080,19071108000
575.1992050816506,848.0545932893236,1907.33420,19073342000
594.3288215713603,777.0024231741365,1907.56510,19075651000
569.4317468541537,797.1619110010638,1907.82270,19078227000
584.8929390497648,753.3798370228043,1908.06410,19080641000
660.6553762407772,680.517343174369,1908.29090,19082909000
699.6090008646876,652.7550570525893,1908.52250,19085225000
678.9622771196714,584.0488454672778,1908.76450,19087645000
760.2365486985162,556.017540804782,1908.98640,19089864000
702.3213835197145,546.2913940266876,1909.23230,19092323000
710.9259871862348,522.7129801383957,1909.46030,19094603000
745.1830090475202,492.6831207319555,1909.69830,19096983000
778.9751915896023,498.6101610277521,1909.92290,19099229000
838.0898452438513,449.4409683988739,1910.14940,19101494000
916.7817682999843,389.36361414434265,1910.38890,19103889000
921.0704516905647,387.3025992458973,1910.64620,19106462000
1017.3942624244116,408.77554475657865,1910.88080,19108808000
956.0539620581916,368.4267809746417,1911.13960,19111396000
841.1607652514958,287.5862524864857,1911.36960,19113696000
885.7680796715488,350.1740830612083,1911.60340,19116034000
1014.1022819158726,393.8541727332936,1911.81920,19118192000
1068.927083940219,404.72182963155655,1912.04370,19120437000
994.8390635789583,453.9571556754012,1912.28470,19122847000
1037.0728856287571,512.4800206555983,1912.54140,19125414000
992.038388370886,517.5386290069763,1912.78630,19127863000
1040.3803715937427,539.3035577967784,1913.03650,19130365000
963.4624693171618,572.7760357592927,1913.26640,19132664000
878.3335497347421,529.6527959243997,1913.49140,19134914000
871.534360444299,563.1858314001031,1913.71930,19137193000
848.2437144642563,575.2039259819733,1913.95560,19139556000
862.6691902029139,547.807407543178,1914.20150,19142015000
842.883022661359,553.629159972849,1914.42750,19144275000
822.8638006648489,512.9645863732544,1914.65100,19146510000
802.8318155736331,509.72271558324536,1914.89130,19148913000
814.8808360201394,561.3195277372205,1915.12160,19151216000
766.9213611758927,587.5866475634244,1915.35640,19153564000
662.5508073774834,582.7804399770381,1915.61320,19156132000
669.7485355190195,573.4678925258238,1915.84940,19158494000
709.6973479723441,595.1112801215397,1916.09640,19160964000
739.4523257262646,661.6691270031449,1916.34030,19163403000
821.7626101185976,718.7475237395172,1916.58280,19165828000
855.8854002693976,675.4209241331104,1916.82220,19168222000
854.0747469261578,629.2803195427576,1917.05440,19170544000
771.2595679101053,627.1391239122448,1917.30240,19173024000
831.0085991507647,579.1165602162564,1917.55080,19175508000
759.6225654410682,551.0769197235379,1917.80420,19178042000
701.8163986571392,431.4814494564223,1918.03620,19180362000
781.6856861407481,420.53516197734905,1918.25060,19182506000
788.3916216490073,431.06978026804506,1918.48170,19184817000
827.6205664935871,524.7917105746308,1918.71940,19187194000
805.6534062275216,598.6250686753106,1918.97110,19189711000
869.4680887349217,630.3663117807504,1919.20070,19192007000
960.1001185258567,620.6083443074159,1919.44670,19194467000
958.1128388176834,570.2364224122447,1919.68650,19196865000
966.3504862052731,510.59755449574607,1919.93030,19199303000
973.7672328764723,489.9049622683179,1920.15240,19201524000
953.7224881378767,424.04019809963364,1920.37060,19203706000
1002.9016352675715,435.93021721224994,1920.60400,19206040000
1092.9598884332358,525.0671070464097,1920.85030,19208503000
1093.3228742565154,541.1611413098576,1921.09820,19210982000
1091.8349322913175,586.0686924713252,1921.32140,19213214000
1157.024789390689,635.856901285148,1921.54970,19215497000
1197.1384874968473,677.0588145576522,1921.78280,19217828000
1138.2200440132744,670.5063059570396,1922.00490,19220049000
1208.1971415094376,685.2243100253854,1922.23810,19222381000
1193.9803139003802,663.5083527524662,1922.46760,19224676000
1168.25191718192,689.8817056943739,1922.68790,19226879000
1093.0740628868227,667.7336809861755,1922.91590,19229159000
1112.9598905650548,692.5258267775155,1923.13950,19231395000
1140.7910738406572,710.6962229452018,1923.36500,19233650000
1159.3064387121306,720.8469269607567,1923.58420,19235842000
1145.901944395363,687.9222161562577,1923.80880,19238088000
1166.1253655835133,700.3178389339042,1924.03510,19240351000
1195.135453578202,712.4619787822338,1924.25780,19242578000
1174.5508632388223,706.4588107542392,1924.49220,19244922000
1119.020082309077,775.2135222458154,1924.72350,19247235000
1087.4325005060816,757.499517638681,1924.95100,19249510000
1040.327299398032,769.6248563900525,1925.17390,19251739000
1051.4296251239919,823.8859244048011,1925.39500,19253950000
949.3572835014219,847.4425440025068,1925.63460,19256346000
905.8587603082555,817.7129574127133,1925.85830,19258583000
893.8174689093357,811.4030269993794,1926.08100,19260810000
864.0910578389279,798.32267474809,1926.31580,19263158000
844.4653514952237,807.2527625167701,1926.55780,19265578000
941.6035505195487,827.1357876047571,1926.77830,19267783000
975.106193493692,846.3134717127565,1927.00330,19270033000
943.0310336172847,844.4933759758925,1927.22740,19272274000
935.4120529793363,825.9361487398353,1927.45060,19274506000
895.468958214401,829.9818986247783,1927.67800,19276780000
974.3976653020975,837.4584691389043,1927.91140,19279114000
920.1921131095789,691.8564010951428,1928.13010,19281301000
950.9943242790458,601.889236852116,1928.36650,19283665000
963.6840033953165,498.9391486914848,1928.58960,19285896000
965.5930794095715,506.82022931605877,1928.81910,19288191000
947.1274167357333,544.9936948712815,1929.05140,19290514000
957.6649330590918,633.4879794365659,1929.28360,19292836000
939.8078548852119,653.6270166327909,1929.50970,19295097000
1038.945593456668,740.9827488290177,1929.74860,19297486000
1103.5824193673388,807.8337380509101,1929.98330,19299833000
1124.8730958360848,824.0788303897268,1930.22340,19302234000
991.9754754857931,720.7351484770869,1930.45460,19304546000
962.2453689595442,735.1258555973122,1930.68950,19306895000
971.5210981373929,804.3075767045078,1930.91550,19309155000
918.1027973624491,773.0096652681591,1931.14340,19311434000
876.5548265749544,638.949491234693,1931.37430,19313743000
928.6378797073921,704.3514457929838,1931.60320,19316032000
956.6542312488743,653.0023194116502,1931.82230,19318223000
904.9544270403093,576.1617839635796,1932.06300,19320630000
869.717420035821,506.47873023398313,1932.29910,19322991000
840.7019422616698,445.3179559867599,1932.52630,19325263000
682.1170554936493,416.57938394708265,1932.74810,19327481000
533.0166082725874,369.9041736166613,1932.97260,19329726000
457.2243284017603,318.38207429891474,1933.19610,19331961000
420.0025835312933,202.5264604359176,1933.41420,19334142000
486.34637302973744,164.4450658961107,1933.64410,19336441000
455.61319799815533,129.95150400194066,1933.87010,19338701000
563.3102253508141,147.0055923886665,1934.08790,19340879000
722.9029788792836,178.34909611014817,1934.31110,19343111000
915.8186946279993,199.32177921780027,1934.53160,19345316000
1040.957259385248,191.23428257232857,1934.75570,19347557000
1167.459712746269,225.44045176558035,1934.98030,19349803000
1169.3608449016065,254.3295151276164,1935.22800,19352280000
1127.172575976149,272.5965372223237,1935.45920,19354592000
1066.0933439740534,380.38220107598164,1935.69770,19356977000
1079.3202231071166,464.96388536987394,1935.92420,19359242000
975.2619468255389,496.58516564858553,1936.15870,19361587000
900.4664279837583,566.8272096504688,1936.39560,19363956000
895.0961659841656,629.5072328578875,1936.64050,19366405000
913.9531734036846,670.8985391820426,1936.86870,19368687000
977.1747355460554,738.4590698340078,1937.10980,19371098000
911.200859079737,730.8484170997456,1937.33580,19373358000
826.3962163433855,749.4049418762792,1937.55030,19375503000
732.0441719173328,755.7296655774812,1937.78770,19377877000
637.2163537590767,756.1286297170502,1938.01640,19380164000
706.3543058683111,851.133110256632,1938.24220,19382422000
705.570238601787,817.3969504657069,1938.46810,19384681000
673.885424293208,882.6715467368601,1938.69850,19386985000
673.4116683067458,905.0329941116785,1938.92490,19389249000
644.1988715980938,881.0686586910421,1939.14530,19391453000
636.5358249618761,789.8636560104288,1939.37150,19393715000
567.2965336539376,682.7118932083824,1939.59590,19395959000
619.8220804413464,650.5434304876702,1939.82720,19398272000
625.1887101065581,607.3189925924195,1940.05490,19400549000
664.5227270844098,565.7603357402353,1940.27930,19402793000
594.740340317802,603.0353321676201,1940.50090,19405009000
597.0250802360715,649.3301456023131,1940.73620,19407362000
664.5776938810914,711.4327928228199,1940.97310,19409731000
660.9347915221438,744.0786763086087,1941.19840,19411984000
656.4240529382254,740.6069155245121,1941.42750,19414275000
787.6127058441718,757.0076187104542,1941.66170,19416617000
786.6427288035673,816.1702094480078,1941.88510,19418851000
843.0539568142373,817.5736198176395,1942.12510,19421251000
810.1359038496437,830.0087122514742,1942.35190,19423519000
693.537198662451,820.9315750707096,1942.58200,19425820000
724.7592643517523,758.0027919875087,1942.81090,19428109000
850.8736889416664,752.0210627264362,1943.04700,19430470000
897.8979919567607,680.2693306571426,1943.27700,19432770000
928.9449729480892,587.7699653816962,1943.50380,19435038000
1017.3866845203429,532.2157953227227,1943.73560,19437356000
1013.9384818145564,477.2362840815548,1943.95890,19439589000
1052.2110285366075,408.35630707499746,1944.20050,19442005000
1133.1281162593507,411.06678215731836,1944.42930,19444293000
1069.2763035407218,422.8971939069815,1944.67170,19446717000
1000.0593534680996,471.88294331320236,1944.90340,19449034000
1067.4999944520082,539.6691032310629,1945.13860,19451386000
1035.4250306859376,591.5538871342605,1945.38550,19453855000
1024.8016442079381,624.6071150868565,1945.61960,19456196000
1107.3189768579405,621.6372353998509,1945.84750,19458475000
1116.5111300589406,655.3798487666675,1946.08780,19460878000
1083.2891227163655,632.0930084408906,1946.31710,19463171000
1081.4289031127764,691.2839603867506,1946.55470,19465547000
1079.0716489646761,776.9557923313673,1946.78590,19467859000
1128.5640708043022,813.3238236777153,1947.01550,19470155000
1151.8964253449176,768.6292212949306,1947.26020,19472602000
1126.0834171592942,711.6362097190535,1947.49570,19474957000
1058.0509950238288,656.1355826559145,1947.72680,19477268000
1094.8314430356736,660.4618425843157,1947.97130,19479713000
1081.453762620289,674.5343048850401,1948.21470,19482147000
1123.6915443061055,723.9700080437244,1948.44090,19484409000
1094.9170957549993,734.871475882415,1948.66540,19486654000
1136.7156145113302,747.2470643773781,1948.88000,19488800000
1136.2472928122313,738.8299489040729,1949.11040,19491104000
1130.047008052907,811.5936333234998,1949.34300,19493430000
1117.2755870625028,858.3853388227502,1949.56840,19495684000
1122.4222328996846,865.4795162500329,1949.80760,19498076000
1162.9814406780463,838.0464432082545,1950.04830,19500483000
1128.6340265226008,834.3624632447651,1950.29390,19502939000
1166.5836319119585,781.2429621787021,1950.52970,19505297000
1185.311866282839,731.3769874631964,1950.76410,19507641000
1206.7153982706905,678.0061497063554,1951.01880,19510188000
1223.1303239048514,665.4215661961583,1951.24010,19512401000
1225.670664394891,628.6087883694424,1951.47450,19514745000
1175.7537863630137,621.4183402787838,1951.72950,19517295000
1186.3509572056869,637.9586300352412,1951.95430,19519543000
1224.544119313816,667.1658365338862,1952.19230,19521923000
1244.1596440377573,686.4354748355258,1952.42940,19524294000
1200.5309318861025,646.8462599445544,1952.66220,19526622000
1193.500425470757,669.3537531340967,1952.89200,19528920000
1151.7441591290099,653.9525414000614,1953.12340,19531234000
1147.3558431397173,696.6433264839977,1953.35800,19533580000
1118.6509359965657,741.2979562138933,1953.58550,19535855000
1091.4940915953775,702.5457113391761,1953.81730,19538173000
1067.6115814942166,720.1635814919616,1954.04000,19540400000
1047.6007139504684,721.0758999695104,1954.26850,19542685000
993.1324044832855,761.9573336425268,1954.49160,19544916000
960.2534110310252,832.4204480074684,1954.71960,19547196000
942.4739395070291,833.9632967251848,1954.95600,19549560000
950.5602977618948,839.744560997666,1955.18610,19551861000
996.5185659500431,819.0563675944023,1955.41660,19554166000
936.7574542730275,815.0370299785944,1955.65450,19556545000
944.4007512164017,779.4563132121284,1955.88300,19558830000
980.6482374792198,741.8707743483678,1956.10420,19561042000
973.8156198291686,748.5826109282071,1956.34050,19563405000
994.7134325370392,757.2177602581125,1956.58100,19565810000
958.3454908207343,738.4973906829005,1956.80090,19568009000
939.859759933897,730.8680478011128,1957.03690,19570369000
898.4358894616624,735.0517346899585,1957.26010,19572601000
901.3157300789046,735.9885035025146,1957.48510,19574851000
919.647411490815,781.6496471636887,1957.72790,19577279000
963.9263856949375,785.1692717770375,1957.96110,19579611000
928.7417199187598,803.3456962640505,1958.21850,19582185000
1020.6583513777045,822.7462151562872,1958.44340,19584434000
1035.4108660436882,826.2048170730314,1958.66840,19586684000
1085.5367210158593,834.2149367203654,1958.88700,19588870000
1085.045099998826,811.8932536240027,1959.12390,19591239000
1096.871560898723,821.3625126351282,1959.34880,19593488000
1113.7056283569398,867.5262359407008,1959.57760,19595776000
1052.6556476491999,856.8368923232362,1959.82300,19598230000
1034.4888982139641,884.7857644245759,1960.05740,19600574000
1001.9686360101931,874.4876370808979,1960.29140,19602914000
990.3197174963343,889.4307599791852,1960.52570,19605257000
918.9643892959815,755.0126431243655,1960.75370,19607537000
903.7487547266517,675.9208520463071,1960.98960,19609896000
925.8439382084827,577.4450199479775,1961.22330,19612233000
857.9396292193644,451.8295336268233,1961.44930,19614493000
845.3198911164022,382.9363923831932,1961.67950,19616795000
880.1503840901648,279.26499523857996,1961.91050,19619105000
1015.1461598740092,244.5247692779256,1962.13060,19621306000
1066.891196216978,239.68963432107347,1962.35650,19623565000
1111.8919623614227,235.7801296722089,1962.58260,19625826000
992.6657324046424,313.45602890178867,1962.81350,19628135000
988.8232467486671,435.3991748033221,1963.04610,19630461000
1031.0186174179137,553.1763507451833,1963.27750,19632775000
1042.2836758271196,672.2822125047696,1963.50990,19635099000
935.7226263453194,604.152813359955,1963.73090,19637309000
1077.2766863751926,562.0001707913977,1963.95620,19639562000
1267.0449753162611,494.68614042833644,1964.17580,19641758000
1288.2060725335746,651.9614013371465,1964.40140,19644014000
1358.0308421081247,531.3691186611607,1964.63530,19646353000
1339.1967057123202,494.8213338846961,1964.86730,19648673000
1368.2349050893206,435.27537693383056,1965.08650,19650865000
1379.0600651538957,444.20708922069736,1965.31370,19653137000
1406.3949144299147,445.51729631766744,1965.53400,19655340000
1281.1431432437432,396.5132308625511,1965.75970,19657597000
1323.0061863176509,371.8012408456591,1965.97810,19659781000
1195.2006884625143,369.205671865137,1966.20320,19662032000
1126.1700414372126,334.80253824501625,1966.42870,19664287000
1076.7342016827938,329.39909410608374,1966.65060,19666506000
896.2919973562056,276.49010811099834,1966.87620,19668762000
776.4305423636689,279.83519625237903,1967.10110,19671011000
749.7187170574367,307.03103474488665,1967.34350,19673435000
619.4238564411762,300.43266171089886,1967.56700,19675670000
533.4973310035801,268.0149780279731,1967.78810,19677881000
390.2705802420716,289.7420388941292,1968.01950,19680195000
488.41687374521905,399.22691666816553,1968.24920,19682492000
539.1405505959767,500.7960193936152,1968.47710,19684771000
610.9260404251221,601.7584852774525,1968.71050,19687105000
696.5083720292018,668.1955310226728,1968.93960,19689396000
768.6823799586655,751.6079427630287,1969.17400,19691740000
789.1871318215163,786.3710140483864,1969.40390,19694039000
820.2188496795752,831.1277315532268,1969.62790,19696279000
863.3747329561066,835.11373313119,1969.85030,19698503000
901.2860856027062,872.7531291344011,1970.07110,19700711000
927.4144344872253,867.4546506640474,1970.29990,19702999000
927.9938854975717,876.4474136625598,1970.52350,19705235000
953.34274380499,891.263056656803,1970.75190,19707519000
983.8683606685049,903.8252819706013,1970.97420,19709742000
1008.7250032689457,894.2869223192407,1971.21680,19712168000
1009.4637443292095,893.1523518195116,1971.45600,19714560000
1083.8544273111759,903.3976439946904,1971.68080,19716808000
1087.724830475538,912.9288447384935,1971.91420,19719142000
1078.5948387527685,933.4673947280548,1972.13760,19721376000
1076.3377260451934,956.9154042205885,1972.35210,19723521000
1065.5543577355838,912.3270177551218,1972.57450,19725745000
1054.4163572309953,801.9125684050141,1972.79030,19727903000
1064.6181859541466,719.2811434520174,1973.01050,19730105000
1070.5707730799952,732.140235751591,1973.23520,19732352000
1031.2583980403233,633.9771611761782,1973.45850,19734585000
1086.2023688400188,524.8703059833517,1973.69170,19736917000
1178.1005928875677,418.0540468543803,1973.92210,19739221000
1241.8687658109627,339.67229502027493,1974.14800,19741480000
1171.1806983656393,317.20050435572807,1974.37520,19743752000
1163.716097014337,355.8086001018121,1974.60420,19746042000
1128.9598777514486,323.8234185847909,1974.83050,19748305000
969.0152120348405,279.00854026586825,1975.05690,19750569000
951.2624812915521,285.49933188502035,1975.30780,19753078000
932.8236906224893,276.865193053021,1975.54030,19755403000
905.3620111890765,361.9404360079803,1975.76690,19757669000
954.4630901962247,361.1529408724137,1975.99870,19759987000
941.041594679929,308.76684644161213,1976.21800,19762180000
940.7993835877899,303.1762652293784,1976.44250,19764425000
821.986431108335,288.6356681317338,1976.66940,19766694000
721.0165613915536,289.61359358950557,1976.89370,19768937000
653.2900392688521,306.9338892039555,1977.12100,19771210000
906.9141496244636,306.74651200667637,1977.35030,19773503000
993.2117116214323,285.42586578402523,1977.60130,19776013000
1141.121741752038,227.1745946497773,1977.82970,19778297000
1146.0522787898603,214.2084448495335,1978.05170,19780517000
1094.198267536571,198.44115603013768,1978.27600,19782760000
1043.0092464204745,209.5533009512851,1978.49300,19784930000
898.7783886756488,219.17694298844825,1978.71670,19787167000
772.4236884811414,229.69971151012734,1978.95560,19789556000
699.9566153443516,263.9214172832168,1979.18030,19791803000
646.1272442261265,258.5570912275774,1979.40850,19794085000
586.5784119379057,281.16009113782667,1979.62960,19796296000
536.8274272741891,345.69578125893116,1979.85850,19798585000
522.6846870067183,378.74781469862285,1980.09150,19800915000
483.9558983824329,417.2356706925367,1980.31510,19803151000
532.6934101761018,476.22178833538953,1980.54860,19805486000
563.3757226498051,534.18505124723,1980.78680,19807868000
530.3645551120111,529.8814209603004,1981.03260,19810326000
545.62738491081,556.3654248990268,1981.25840,19812584000
650.0827095542462,559.8745074550445,1981.48550,19814855000
679.5305434694203,608.9953625715493,1981.70860,19817086000
802.0686279545383,633.6552532450265,1981.93190,19819319000
871.6506287105785,655.6420253989896,1982.15780,19821578000
989.7962591032527,644.7564011247371,1982.39160,19823916000
1025.7163772251636,644.9880388524448,1982.63470,19826347000
1146.5240893348682,673.0782383011469,1982.87720,19828772000
1239.1376092556566,696.9137378846187,1983.11070,19831107000
1290.5075490332451,724.7926531431035,1983.35780,19833578000
1350.4139642096964,781.9291325307944,1983.58980,19835898000
1287.3962989341137,730.3108233719778,1983.83770,19838377000
1100.2455140863199,671.4709729117246,1984.06460,19840646000
892.6130837954208,555.9866965179352,1984.29470,19842947000
698.649909985091,477.6040347861317,1984.51610,19845161000
558.141312442747,392.98841289178625,1984.74590,19847459000
549.4062931890704,344.7198603014282,1984.98850,19849885000
813.8484901033738,330.7246255630338,1985.22410,19852241000
835.5721034772367,297.95684322074965,1985.47080,19854708000
899.4100888432904,250.95713199605447,1985.70650,19857065000
981.5353273735692,256.51145697765605,1985.94680,19859468000
984.631817921304,236.84353122152575,1986.17070,19861707000
1003.5490891794033,204.9994028046584,1986.40580,19864058000
1000.0527482458876,159.51294729688357,1986.63720,19866372000
980.8549844309404,110.35936569209215,1986.87340,19868734000
967.2288946861943,93.19524759260482,1987.10410,19871041000
1118.0200874517395,112.17564050219556,1987.34780,19873478000
1067.9214439964285,149.04363601721292,1987.61710,19876171000
984.8711220154437,146.09479525807234,1987.84960,19878496000
956.5143742279193,167.16727341928157,1988.08220,19880822000
867.9639497401471,182.8188856895427,1988.30740,19883074000
922.4114639148248,176.8044595549934,1988.53100,19885310000
819.5424349905985,212.7017187546963,1988.76420,19887642000
716.0050825675779,241.07683050401585,1988.99630,19889963000
674.261856046391,283.0539992022968,1989.24760,19892476000
607.4110149667591,321.4875279469782,1989.48900,19894890000
499.47133606980265,313.37372895607984,1989.71510,19897151000
370.7616483040413,293.76040788260923,1989.94460,19899446000
606.1074076150138,262.67622531618656,1990.16340,19901634000
581.6991789118953,259.2771439351521,1990.39110,19903911000
583.4956102648499,275.08578042147616,1990.61310,19906131000
534.1529436491477,377.444703351078,1990.83600,19908360000
497.53824137877785,404.4592756860077,1991.06010,19910601000
498.76065574023556,365.74205003802837,1991.29180,19912918000
436.6347056984705,344.0165656436889,1991.53760,19915376000
468.65354097658167,367.554797720312,1991.76920,19917692000
564.6815850092316,405.5143375477747,1991.99450,19919945000
657.8764227432016,384.5023790075042,1992.21780,19922178000
627.1434050544431,369.13063272297046,1992.44260,19924426000
709.8634883387106,363.5759867869659,1992.68070,19926807000
812.0570044676302,306.56037448425946,1992.90990,19929099000
886.6079974370067,289.97901418974766,1993.13990,19931399000
950.9075330374286,358.50928233511416,1993.36810,19933681000
961.7940099487344,394.0885836167075,1993.59080,19935908000
984.6724974535924,396.17631822802986,1993.84060,19938406000
975.0870829081084,377.89121962144145,1994.06880,19940688000
924.0159418309978,364.38188987715796,1994.30860,19943086000
906.7463518227028,346.73279540410385,1994.53740,19945374000
900.448895957309,316.95628213889927,1994.76790,19947679000
906.1409736495091,318.01642128946753,1994.98640,19949864000
982.257132325122,320.3762875825631,1995.21450,19952145000
944.5012077636696,310.37302941885275,1995.44700,19954470000
918.9820619709108,347.3162891291644,1995.67450,19956745000
922.875435747365,420.34576220677263,1995.91270,19959127000
947.9222296594035,499.0041968152632,1996.14280,19961428000
970.2857847123405,530.2007246358406,1996.37150,19963715000
970.6520769087639,569.6570326308594,1996.59200,19965920000
1014.8831424831831,595.0477815170834,1996.81640,19968164000
1098.1326670885528,625.2279034830934,1997.03930,19970393000
1049.317817193093,590.1341090532696,1997.26210,19972621000
1066.346049038927,642.6466120769929,1997.48690,19974869000
1070.4410933988763,619.3978351928529,1997.71560,19977156000
1077.6113056061017,588.4684480567882,1997.93770,19979377000
1046.9927185925199,566.1815594608404,1998.15740,19981574000
1036.9457032708062,584.7462392498501,1998.38450,19983845000
1041.6976818244646,576.5316910173856,1998.61750,19986175000
1100.1169190852893,578.8063098800723,1998.86660,19988666000
1194.703126835074,544.7003132384043,1999.09830,19990983000
1184.8325744025933,535.444814668763,1999.33600,19993360000
1132.3944700748234,562.6110489184402,1999.57390,19995739000
1094.0741333870135,537.8937352066873,1999.80310,19998031000
1088.0696259998454,516.716947255414,2000.02990,20000299000
1145.6555816637563,486.9539238836196,2000.24950,20002495000
924.7640316980146,457.7984530339945,2000.46390,20004639000
720.5707871691959,438.21025600924463,2000.69720,20006972000
653.283751001717,425.787167904098,2000.92020,20009202000
655.1414065217592,402.04655086552964,2001.15270,20011527000
684.349783155427,439.07637370634154,2001.37980,20013798000
758.8747054493026,470.6275816180477,2001.60440,20016044000
814.6301611434535,512.6111102777705,2001.82640,20018264000
856.5008797615878,530.3583500503928,2002.05180,20020518000
881.9095832511289,521.5399744711455,2002.28440,20022844000
877.0513294021133,497.25938996886634,2002.52840,20025284000
929.7898370614266,480.26109280354973,2002.75580,20027558000
964.8997478652393,431.2114302652917,2002.97780,20029778000
993.075314327897,400.22845109844656,2003.21240,20032124000
955.5235766610823,373.35749578454954,2003.44300,20034430000
991.6757133349462,360.29512804765545,2003.67900,20036790000
957.9102304364287,388.52660640967883,2003.91020,20039102000
981.487225860698,452.09424853031277,2004.13340,20041334000
868.2398040173006,523.7772319609738,2004.36080,20043608000
847.4922763944646,489.65158574441324,2004.59480,20045948000
855.0848846183832,451.5704095737157,2004.82250,20048225000
836.9558520506718,482.3802090438463,2005.05240,20050524000
934.300148317795,501.3102188143377,2005.29100,20052910000
952.2484135453199,565.6191665217531,2005.51860,20055186000
975.9972540451747,478.23978961802896,2005.74810,20057481000
1084.562721090244,553.544284358432,2005.97420,20059742000
1111.5864938300367,580.1726620590405,2006.19720,20061972000
1155.0456396848062,606.2797850432958,2006.41320,20064132000
1215.060783476087,667.013839221063,2006.64690,20066469000
1246.444193536506,611.7106577507393,2006.87080,20068708000
1208.1936066260432,565.6160109052976,2007.11580,20071158000
1161.8125545398464,479.980774052239,2007.34600,20073460000
1048.2158132961586,456.1744660869054,2007.57460,20075746000
947.9957144989247,453.69358684578265,2007.79490,20077949000
973.5472354148118,443.3792822526535,2008.01220,20080122000
1039.798740577077,531.1764344682136,2008.22800,20082280000
1024.95524476821,598.7098210048883,2008.46990,20084699000
988.231100857092,672.2021867076006,2008.69530,20086953000
848.3232866287525,724.2905963633165,2008.92360,20089236000
833.5157884847255,788.8339688050886,2009.14880,20091488000
906.069072502658,839.9071590401105,2009.38550,20093855000
815.2623018375184,757.1897720935808,2009.61290,20096129000
836.4739687504917,680.0373279176858,2009.87420,20098742000
823.6476333033538,619.2990491871417,2010.10880,20101088000
832.9490722369202,557.3661416329517,2010.33980,20103398000
868.0591573433135,491.83563984276645,2010.56180,20105618000
874.1627760246924,440.67415387166454,2010.78820,20107882000
839.6248549271926,371.96259884326224,2011.01510,20110151000
962.9783601901116,333.30992707156446,2011.24100,20112410000
970.6043638750687,340.0234241687065,2011.47030,20114703000
896.4714061007153,354.7712463368266,2011.69150,20116915000
902.8764832237072,347.65402837057985,2011.91240,20119124000
939.1436376490212,328.2950294519104,2012.14770,20121477000
995.9458028849492,299.5961446917107,2012.36880,20123688000
764.6695407915984,302.21843878062,2012.59460,20125946000
600.392893151818,296.0307617662862,2012.84220,20128422000
524.1616209502439,306.0380243918649,2013.07460,20130746000
448.2005505600281,347.16193054853875,2013.29730,20132973000
551.7514544022991,353.8464700462753,2013.52390,20135239000
615.9705465962437,343.44817129600017,2013.75680,20137568000
734.9076802003756,313.38048579280576,2013.98710,20139871000
666.0875602375802,370.6385684437144,2014.21390,20142139000
766.9867965329192,364.3905380271186,2014.43610,20144361000
836.9986658235212,381.3195812144758,2014.66400,20146640000
838.6296419903846,358.6852461527004,2014.89310,20148931000
835.8125859824859,387.99737641193883,2015.11710,20151171000
905.6686469552385,374.49325511934705,2015.35190,20153519000
964.3415279895245,343.717636139745,2015.58470,20155847000
1096.0424048577509,300.65088263439384,2015.81640,20158164000
1162.7862147205362,334.57344005609974,2016.04570,20160457000
1134.0739234389473,349.2895952679238,2016.27590,20162759000
1148.925082908003,378.87482153167184,2016.49830,20164983000
1165.9687881257435,389.9177373550342,2016.71880,20167188000
1127.3824119396081,294.13614013183366,2016.95370,20169537000
880.8026672697247,315.7659240668461,2017.16980,20171698000
635.5016264227729,336.05643744091554,2017.39420,20173942000
478.4992004281712,353.3642912170449,2017.61970,20176197000
551.8984918480837,318.7620461776151,2017.84070,20178407000
663.4955175458388,309.8593530439521,2018.05860,20180586000
763.2557879863491,321.05829082009177,2018.27400,20182740000
794.2347432119698,287.9224913921705,2018.49240,20184924000
838.7142802556676,235.41189938485425,2018.71810,20187181000
918.917512135567,258.0338566830064,2018.94300,20189430000
975.082551615453,285.88254682898554,2019.16900,20191690000
1011.4026816206434,308.6576597429566,2019.39580,20193958000
1062.1361854232098,339.5933229604785,2019.62430,20196243000
1021.7882045190339,399.802055079208,2019.85310,20198531000
1009.0650140640678,446.9614914957761,2020.07980,20200798000
979.391389751585,432.89809039119586,2020.31160,20203116000
967.2504171947052,422.4977702133159,2020.53870,20205387000
984.1020352402269,423.09721058915557,2020.76920,20207692000
892.1887711086854,436.8607659693955,2020.99030,20209903000
930.8609252324206,421.14804668604324,2021.22830,20212283000
935.8983781954115,425.31051145662605,2021.45170,20214517000
919.3967062192618,400.4697052594321,2021.67650,20216765000
959.3303889116606,425.33026170261166,2021.91680,20219168000
971.8716039132989,430.4008109732283,2022.17300,20221730000
916.9564839749089,453.0519491801083,2022.39210,20223921000
915.7816646299483,406.1005820957891,2022.62290,20226229000
923.3535660597651,461.1616382233037,2022.83920,20228392000
989.6098569847309,471.9491563300709,2023.06980,20230698000
1000.871494350984,499.11631470332986,2023.29510,20232951000
1016.5744367006695,534.133291071989,2023.52160,20235216000
1020.3004288757747,546.1864101628174,2023.76490,20237649000
995.4077331841294,567.1012316909976,2023.98930,20239893000
1040.7742210044246,605.014406560328,2024.23460,20242346000
1113.4610298551715,652.2911509324891,2024.46160,20244616000
1144.5455022335354,709.7608325336461,2024.69360,20246936000
1148.3659596989523,760.492432402242,2024.92300,20249230000
1122.0104174679343,801.2484213680199,2025.15000,20251500000
1140.7038468808478,784.723893860978,2025.38200,20253820000
1138.5189874910502,724.5868741594442,2025.61840,20256184000
1115.0678607650761,704.3771423208981,2025.86740,20258674000
1140.2726149600244,686.319078170392,2026.09120,20260912000
1140.6746122775064,665.1482441369528,2026.31970,20263197000
1089.0360688889896,646.7381743069249,2026.56230,20265623000
1119.1859149266518,665.6438466710663,2026.79730,20267973000
1109.4095751619532,651.1494267162208,2027.02300,20270230000
1099.9637528622084,648.985392746122,2027.26480,20272648000
1103.3185551551721,589.2454163923175,2027.48590,20274859000
1055.9671779936225,533.4364962125173,2027.71420,20277142000
1116.2023125063508,540.0522678209134,2027.94340,20279434000
1140.1898879641058,546.3208743933142,2028.17350,20281735000
1096.8923143059867,579.367844435452,2028.40230,20284023000
1118.2709259332692,612.591389537932,2028.63980,20286398000
1082.4026036917464,591.0456607767195,2028.87190,20288719000
1085.9514212667111,613.3903750412899,2029.09480,20290948000
1122.8669960358982,622.1370509085056,2029.33100,20293310000
1070.2494322977077,593.2634728177992,2029.55910,20295591000
1096.0592064279633,553.7523906454804,2029.78710,20297871000
1059.9329004631572,546.3020116855446,2030.00310,20300031000
993.404980936594,526.1725760685463,2030.23750,20302375000
976.2313562322561,504.159560646033,2030.47520,20304752000
997.0682672107758,472.6429438227077,2030.70580,20307058000
1073.024407816512,441.63385969181047,2030.93700,20309370000
1123.249236131962,461.12419253259003,2031.16770,20311677000
1126.0695481471405,501.8374412731871,2031.40260,20314026000
1117.6327763217375,574.8926433400223,2031.65120,20316512000
1146.0787261710568,594.7309918258187,2031.87880,20318788000
1129.4896123359313,563.0614639180119,2032.10080,20321008000
1110.8875988584682,586.6012742433263,2032.32880,20323288000
1150.956899033549,573.7612780361612,2032.55600,20325560000
1169.6013352801804,548.5017052497798,2032.78150,20327815000
1136.4131595916433,515.3688156008368,2033.01100,20330110000
1077.8254792473585,441.22258020490733,2033.23550,20332355000
1100.9658829052375,425.9350985546399,2033.46020,20334602000
1063.237469949864,380.1827019886826,2033.69890,20336989000
1081.36096336542,356.9399857339311,2033.94100,20339410000
934.2630392919278,408.0381469429851,2034.16510,20341651000
688.4232920313575,392.0391627480437,2034.39390,20343939000
518.8993539390276,370.3917925904095,2034.64080,20346408000
640.4522862234617,317.6107883903363,2034.87070,20348707000
618.729271744085,327.79512740987786,2035.12150,20351215000
768.6752105558083,329.8953957620513,2035.36040,20353604000
824.6683945328368,268.6268094106481,2035.57850,20355785000
945.4217233932529,266.0176359581779,2035.80390,20358039000
972.9691504551129,283.4890886469619,2036.02850,20360285000
934.117362768475,310.68189956653407,2036.25140,20362514000
1015.8181426419671,306.82380732497404,2036.48810,20364881000
1038.1642022533733,317.5286784480981,2036.70930,20367093000
1035.263514428668,362.56704943226487,2036.93340,20369334000
969.5135106780871,346.2227801494436,2037.16040,20371604000
981.5980856537115,375.2952718490983,2037.38850,20373885000
1001.8370933548291,497.7637419530158,2037.60850,20376085000
1030.1881277023795,509.40132514162246,2037.83850,20378385000
1098.1654427203382,515.1385162776007,2038.05990,20380599000
1047.9412992012562,564.9972680639214,2038.28160,20382816000
1023.9948346964177,603.4227816344204,2038.52890,20385289000
1039.0100828455697,636.8416061043819,2038.75770,20387577000
1010.4943475913713,652.6685372700962,2038.98610,20389861000
1013.8840068407845,656.2931268565828,2039.21730,20392173000
1007.024286971154,644.2386760468122,2039.44670,20394467000
1077.7728944235125,621.8410632436919,2039.68110,20396811000
1091.0913358312837,577.3571253433212,2039.91070,20399107000
1123.222457092164,658.4513120697268,2040.13960,20401396000
1150.0983717631166,663.5021715224174,2040.39320,20403932000
1117.1856707151542,692.3533656525988,2040.61640,20406164000
1049.1982841041804,708.6180425658212,2040.83930,20408393000
1011.8979230977787,709.9894433183327,2041.07950,20410795000
977.1172294899839,736.3748253339984,2041.31170,20413117000
907.1096434440526,766.7281820596618,2041.54500,20415450000
971.7100362604245,738.2056145577316,2041.79270,20417927000
994.1562850454843,718.0073938803935,2042.01670,20420167000
999.9967938498145,719.0149534740581,2042.24350,20422435000
993.5615881751488,719.4650763193629,2042.46400,20424640000
994.5942243804036,721.3575369657165,2042.68860,20426886000
886.6290753932583,576.943178507101,2042.92910,20429291000
970.4423451148073,487.22278320758954,2043.16410,20431641000
904.4778362393872,407.51321979298496,2043.38570,20433857000
986.6341688797002,353.48655348077097,2043.62840,20436284000
991.6281672055393,398.5715982036586,2043.84990,20438499000
932.5708313771007,447.0643692794225,2044.07840,20440784000
1039.1270589288056,416.9346846404372,2044.31100,20443110000
1159.0004917158717,478.0898254321595,2044.53580,20445358000
1181.7520481331603,422.37068557537816,2044.76540,20447654000
1073.5013558781466,419.8635093489856,2044.99870,20449987000
944.5174209982401,432.29325738782666,2045.23300,20452330000
892.0523973126936,395.2104029456751,2045.46700,20454670000
811.1256875239696,382.63397219574347,2045.69330,20456933000
808.1968994170797,359.4524975881779,2045.93060,20459306000
829.4140063682078,328.04497384801584,2046.14780,20461478000
823.5971177578623,322.2815757457269,2046.37000,20463700000
767.8370502827875,305.89603328712803,2046.59930,20465993000
650.303259578532,339.9701908235113,2046.81570,20468157000
505.0014989148375,337.920636691061,2047.04320,20470432000
695.2236142428106,374.73339209208456,2047.26920,20472692000
849.7924294609767,390.04623911598634,2047.49990,20474999000
1023.847278442782,458.8410744247516,2047.73800,20477380000
1161.5828253460195,527.0334370374437,2047.96020,20479602000
1257.5452005415282,564.7944783918545,2048.18900,20481890000
1344.7766359038696,611.8569439386847,2048.41310,20484131000
1350.0023533765268,702.1317588755718,2048.63760,20486376000
1304.1119902500902,718.026850307779,2048.86750,20488675000
1063.137118169327,638.7367147107782,2049.09020,20490902000
882.5631238050264,585.6650908751578,2049.31630,20493163000
826.6305902594681,540.5609560580217,2049.54080,20495408000
822.5819079631215,530.1001623896648,2049.76680,20497668000
837.9363110063954,509.38265039232533,2049.98920,20499892000
758.5557586948502,459.41445739733973,2050.21200,20502120000
754.3876539199355,412.3587835975435,2050.43540,20504354000
656.762514509675,368.78737650008327,2050.66680,20506668000
569.2604177043195,368.80630374715065,2050.89200,20508920000
726.8426068931512,465.20537983744487,2051.11450,20511145000
708.0764082050872,433.2624821670649,2051.33910,20513391000
701.8963461834627,404.3893046107629,2051.57090,20515709000
687.3758315045181,413.98239681509517,2051.80630,20518063000
573.2192412660941,451.43244024382085,2052.03570,20520357000
665.9365051141325,412.0034258619466,2052.26870,20522687000
613.7578924682681,371.91180610179873,2052.49750,20524975000
496.5397212386141,330.0970471257795,2052.71990,20527199000
452.19487486281366,359.8973589079227,2052.94540,20529454000
483.79433398065464,393.5184265427812,2053.17300,20531730000
481.4861484550381,371.77702963966885,2053.40320,20534032000
497.1384781447049,342.03897555817576,2053.62740,20536274000
596.5233814250727,327.5552494786061,2053.84900,20538490000
665.9665639741952,292.16695867898204,2054.06820,20540682000
754.0796348177314,281.50136026350305,2054.29490,20542949000
804.3158895460464,303.8008757200662,2054.52880,20545288000
870.2748807313195,349.0992485556392,2054.76380,20547638000
1033.1652670183485,409.1592832654465,2054.98660,20549866000
1104.8064417359028,496.0482492499299,2055.21040,20552104000
1189.3409156978169,547.9357280184273,2055.45050,20554505000
1249.712734296611,611.940269939156,2055.69200,20556920000
1291.6777715583742,647.7723013691639,2055.91600,20559160000
1258.3203938865145,676.5428509020761,2056.13860,20561386000
1261.4850492622875,725.9333558615474,2056.35980,20563598000
1367.1153150815935,741.3494350068682,2056.60000,20566000000
1348.275504703709,727.3226522384681,2056.82040,20568204000
1371.921550571899,757.9450614771374,2057.04040,20570404000
1409.5198755125477,728.6217013553659,2057.26380,20572638000
1439.3270045011334,726.7557982936642,2057.48430,20574843000
1403.0662736336149,738.4278686371323,2057.71150,20577115000
1367.5418453685018,759.8369815357669,2057.94930,20579493000
1329.138982554252,794.8023743330781,2058.17390,20581739000
1240.3579326545657,778.0884697673046,2058.39890,20583989000
1141.5895926271653,779.6588699500725,2058.64500,20586450000
1188.017021703868,814.1114029000591,2058.86720,20588672000
1153.7000427373985,821.2200596053972,2059.10010,20591001000
1159.5235312682382,837.4048632652582,2059.32730,20593273000
1190.4413985532435,829.7634850403517,2059.55040,20595504000
1095.7794839186488,780.6227496181782,2059.77320,20597732000
1110.8813264292735,749.176340523062,2059.99370,20599937000
924.0093829510809,584.5992917724343,2060.22480,20602248000
746.512800940454,511.2959547315076,2060.45390,20604539000
553.22470837249,465.179576893266,2060.67850,20606785000
457.9843766388663,435.61567582586497,2060.90180,20609018000
684.4147737767094,388.1233216605255,2061.12900,20611290000
594.864192798036,298.0546314657534,2061.35590,20613559000
595.793810069796,276.42671254048565,2061.60140,20616014000
510.17918428712926,211.27607005324847,2061.83590,20618359000
621.381021444914,159.76515861801343,2062.05960,20620596000
787.9038988345251,158.19708099662364,2062.28340,20622834000
897.7886945694044,187.93630878379443,2062.51390,20625139000
1022.306744727899,180.19611955551105,2062.73920,20627392000
1061.4747320120914,218.4664713036592,2062.97900,20629790000
1071.3854742097126,246.2855234580284,2063.20550,20632055000
1129.6937512934007,374.32357125913234,2063.42680,20634268000
1112.3723329388242,423.2332888463053,2063.66350,20636635000
936.1288775241052,391.29741673158645,2063.88700,20638870000
767.3170147889512,404.37678989676954,2064.12690,20641269000
618.2498737462315,428.8092992381658,2064.35550,20643555000
486.9637374006228,426.4550405348754,2064.59130,20645913000
408.19185021071195,358.68924756709777,2064.83380,20648338000
425.24098138338894,314.0857843065295,2065.06660,20650666000
467.8167781293445,261.4387958562819,2065.29930,20652993000
503.27983517443937,275.7026424756254,2065.53510,20655351000
566.9915545871754,427.42481687934225,2065.77910,20657791000
651.1564309289608,516.2196977430551,2066.01000,20660100000
678.4475079455732,486.74656864238887,2066.24190,20662419000
724.3446744496758,439.4864694995589,2066.47960,20664796000
792.9752376076357,471.20954962950316,2066.71860,20667186000
891.5209085621938,559.9088725459628,2066.94950,20669495000
927.3932044391361,637.2172477536102,2067.17870,20671787000
933.5414968518702,747.7593751193708,2067.41770,20674177000
998.3848320474757,796.9043089933459,2067.66530,20676653000
892.6853315532518,734.6699449664089,2067.88910,20678891000
783.2643022970642,704.5900697686362,2068.12950,20681295000
698.9654020273807,590.3147362058189,2068.35760,20683576000
501.7407585062765,516.159442957647,2068.58170,20685817000
445.4132617887491,490.93039179593654,2068.80210,20688021000
532.0584800409343,513.240464884686,2069.02510,20690251000
572.1509894232601,519.3891413072294,2069.24650,20692465000
636.3752139582865,468.25962651675974,2069.47560,20694756000
773.3838855891014,555.5860267207802,2069.69350,20696935000
856.7915972848169,595.1711648146842,2069.94560,20699456000
928.3666136449357,629.8987983647809,2070.18350,20701835000
934.5880696664034,664.0496852607093,2070.41130,20704113000
978.7279173373915,627.1108729954426,2070.64550,20706455000
1006.3681514384091,561.2936357338817,2070.87270,20708727000
962.9462128713633,523.3707274701483,2071.10060,20711006000
971.2095802644055,496.5265647285924,2071.33650,20713365000
849.8418507988238,560.290248167858,2071.55800,20715580000
812.1554584150276,530.2111175099673,2071.77530,20717753000
890.1057563836362,556.4887686100845,2072.00950,20720095000
955.9724560379963,589.5645497974089,2072.23940,20722394000
956.1938271384636,634.9606209334416,2072.45600,20724560000
915.2831859820527,656.5063242490971,2072.67960,20726796000
931.5086545579736,654.4758461288994,2072.90840,20729084000
801.6901221310243,646.0984460292051,2073.15210,20731521000
745.1203820265722,662.4114557586636,2073.38560,20733856000
823.2567369874797,678.5701607465415,2073.63340,20736334000
886.5336208416604,755.4323876244944,2073.86580,20738658000
874.255992727003,677.2720928067939,2074.10000,20741000000
865.9361005085009,689.190967880245,2074.33250,20743325000
874.8739525895736,667.8520994839945,2074.55550,20745555000
906.7692863934335,629.6448878103974,2074.77760,20747776000
938.1440877568062,657.1304822062555,2075.01020,20750102000
965.4241561851316,590.9106570295747,2075.24040,20752404000
942.7343039410837,623.5221626899337,2075.47000,20754700000
880.677411461013,648.6298663639076,2075.70230,20757023000
870.5537085435379,698.8400999747345,2075.92660,20759266000
843.4603646581511,705.5281891392352,2076.15700,20761570000
856.2363630736025,741.6539029111528,2076.38220,20763822000
825.5582198712107,777.449380869035,2076.62090,20766209000
858.3590062225339,781.8719328101017,2076.84620,20768462000
802.6601761531688,746.930734115887,2077.07080,20770708000
837.2267044316166,778.9660965971942,2077.30090,20773009000
762.8183875115756,807.5260735574046,2077.52370,20775237000
778.7449057539417,791.6143531215833,2077.74920,20777492000
756.1933600771101,802.5037943161941,2077.97550,20779755000
726.3319994187214,789.5611703307445,2078.20300,20782030000
738.6316699248534,840.0790934581436,2078.44960,20784496000
775.0398437098164,864.5683959152099,2078.67620,20786762000
684.922791084176,862.2499075302333,2078.89990,20788999000
668.3582998594268,796.6363915047051,2079.12190,20791219000
588.589548230617,720.1626392475272,2079.35660,20793566000
595.6419852953841,686.282310546478,2079.58240,20795824000
639.0965869195619,670.0155138821609,2079.81220,20798122000
728.3771466759633,664.6519081923082,2080.03890,20800389000
748.9986041784781,646.3341330156132,2080.26650,20802665000
776.8164835979517,657.4078688026982,2080.49230,20804923000
911.7578793354727,643.5567308357407,2080.72280,20807228000
907.0813187801213,637.4013875054957,2080.96150,20809615000
878.9618726936766,659.5686631160512,2081.19200,20811920000
836.9752248138678,669.6122923212903,2081.41660,20814166000
932.9988470865767,691.5714303667768,2081.64490,20816449000
1016.7175304155522,656.6589446825478,2081.87350,20818735000
1128.5138724543388,638.1487762105213,2082.09680,20820968000
1179.3557423409948,615.0798214958684,2082.32020,20823202000
1237.4575328365815,628.4146832365348,2082.56410,20825641000
1325.4059690784247,641.0412783143936,2082.77890,20827789000
1327.7725412378672,622.3239102869519,2082.99860,20829986000
1280.493853529573,614.0770126097525,2083.21570,20832157000
1162.2829825569313,546.9478903860692,2083.44190,20834419000
1042.3885280736863,561.4616170749864,2083.66910,20836691000
973.0516072520726,542.771808559137,2083.89430,20838943000
1082.3415722602606,573.6114996749762,2084.12310,20841231000
1097.6534932768016,554.3019802659228,2084.35080,20843508000
1108.6216641864685,547.1255805890422,2084.59480,20845948000
1159.6012334158945,554.9484133934852,2084.81990,20848199000
1198.638864266028,575.2546746357256,2085.04910,20850491000
1235.6170902854913,561.6825761752158,2085.29020,20852902000
1253.0884305842535,548.9794393255885,2085.53240,20855324000
1258.3142204304534,576.4821024648855,2085.75770,20857577000
1256.2836823902878,608.4876299546285,2085.98540,20859854000
1282.3271401038435,624.4098930777876,2086.21040,20862104000
1270.775813490473,631.8810086241564,2086.44130,20864413000
1267.3580527265826,646.3794175750005,2086.67740,20866774000
1321.03720273441,616.5873234860113,2086.90410,20869041000
1383.4568135083425,640.3579590646057,2087.15080,20871508000
1338.9611627619342,648.0094884537514,2087.38590,20873859000
1273.7184088212318,650.4933897284553,2087.60810,20876081000
1265.7861012826918,635.9856206541237,2087.83570,20878357000
1220.4737457623205,557.1009596061131,2088.06250,20880625000
1249.2719653282647,549.456116587119,2088.29080,20882908000
1257.0290694731304,556.6343564583433,2088.52270,20885227000
1168.5564503658634,574.8036267176825,2088.76550,20887655000
1196.2468522347172,583.7109214485192,2088.98740,20889874000
1152.2214663674802,647.3936641538794,2089.22670,20892267000
1124.0029326958415,661.1182642866108,2089.45190,20894519000
1057.4955452426298,670.793679263753,2089.68030,20896803000
1064.4355153462313,710.1769465549945,2089.91360,20899136000
987.3261265534153,728.7428823728753,2090.15100,20901510000
839.3082475089794,642.472085621154,2090.37970,20903797000
720.9923899385484,563.8419140405292,2090.64450,20906445000
634.1553800107009,535.0286241998534,2090.87000,20908700000
751.1880788469872,543.3394450336801,2091.10010,20911001000
817.997601895309,592.383319672428,2091.33060,20913306000
911.5944109134402,646.3457201018705,2091.56340,20915634000
936.2179078774254,697.4455206911675,2091.78330,20917833000
1020.1749910726268,707.7328369566785,2092.02830,20920283000
1018.2849496524655,696.4386346154647,2092.26860,20922686000
1059.810382733208,701.9163779816039,2092.49420,20924942000
1086.1745194117661,707.922970768453,2092.71880,20927188000
1141.8126233484627,705.8016645446714,2092.94880,20929488000
1255.9313724459207,663.5733619088825,2093.17530,20931753000
1257.1168074839002,645.0039686975731,2093.40840,20934084000
1304.4579673109856,696.0531029955641,2093.63610,20936361000
1318.8876569462818,696.1344267473128,2093.85790,20938579000
1258.753374194858,698.2911704076784,2094.10540,20941054000
1231.6234970621406,670.3603679415685,2094.32870,20943287000
1252.4174882197217,677.6053278770103,2094.56570,20945657000
1242.9910406780377,694.0886288448198,2094.78870,20947887000
1231.520658823084,702.8429017926854,2095.00890,20950089000
1299.8140379001902,667.3245293776544,2095.22910,20952291000
1288.3819982023388,662.1172007615401,2095.45880,20954588000
1316.2133601346484,613.1958329297469,2095.69190,20956919000
1250.9364627119799,578.199831751171,2095.91440,20959144000
1249.3945673727753,584.8744003443855,2096.14040,20961404000
1253.3801451194831,591.8044046742249,2096.37970,20963797000
1285.6762278724048,602.5345954041499,2096.60580,20966058000
1242.7981733828046,600.2346426458932,2096.83510,20968351000
1252.4904523498367,591.5160740064807,2097.05450,20970545000
1210.8654452373064,653.7187500612672,2097.29240,20972924000
1181.7052142795424,671.0645544372263,2097.50840,20975084000
1180.6048038249178,661.6997273456059,2097.73520,20977352000
1131.7767805575588,610.5750086702604,2097.98400,20979840000
1258.4225702164272,641.4791704977135,2098.22110,20982211000
1244.9293859605273,621.3505611700481,2098.44590,20984459000
1275.07148065657,623.7277364427648,2098.69070,20986907000
1242.1513465019457,607.3865534874545,2098.92380,20989238000
1230.5574058869013,672.4220363461377,2099.15130,20991513000
1279.659562885384,705.3379357370518,2099.37800,20993780000
1372.9930128857768,682.045134920056,2099.60750,20996075000
1320.666559907315,678.0543146879525,2099.85980,20998598000
1332.0269953351765,670.6333032628996,2100.09130,21000913000
1316.3102735672385,693.6980187384942,2100.31110,21003111000
1318.1078157355391,693.145574618568,2100.53870,21005387000
1308.5255964898004,670.3348890735541,2100.77300,21007730000
1266.042790338104,638.1281867512804,2100.99860,21009986000
1257.8705632159035,636.0869568131562,2101.23320,21012332000
1253.4605667271442,630.6663338635647,2101.45820,21014582000
1240.0188307376936,640.6523511713706,2101.68720,21016872000
1245.0688887514582,609.3179980959584,2101.91480,21019148000
1263.1094363029383,583.7073234549872,2102.16440,21021644000
1303.5231397137557,553.7723444672222,2102.41540,21024154000
1314.9439366829672,587.4857084431975,2102.65090,21026509000
1338.708277706481,598.96552087028,2102.88900,21028890000
1338.8386956528877,627.1419243091524,2103.12920,21031292000
1343.9702499173245,622.3742824397557,2103.35520,21033552000
1323.4036531373079,661.5728175075842,2103.58360,21035836000
1308.5149308839796,682.2465111151377,2103.81210,21038121000
1402.5670301493349,654.3296884836393,2104.03680,21040368000
1442.177671733548,622.0340779498854,2104.26990,21042699000
1404.0853898697503,631.9150166253578,2104.49550,21044955000
1464.1410445707556,630.353419289742,2104.72450,21047245000
1407.0547575150258,590.3321110371935,2104.95420,21049542000
1356.3225821059602,597.2023111210663,2105.18800,21051880000
1322.72158533762,641.7227794443404,2105.42150,21054215000
1291.8209019650449,634.7927628350907,2105.64870,21056487000
1300.1221278570517,637.2119703070691,2105.89030,21058903000
1299.2256327609928,650.8861963444604,2106.11620,21061162000
1308.7696490351439,654.2200365980901,2106.33860,21063386000
1351.672442124932,605.6359431758667,2106.57230,21065723000
1339.949523536408,572.5929058103573,2106.80780,21068078000
1289.3659659632358,552.0705607001335,2107.03650,21070365000
1295.2426177579034,515.1940988228097,2107.26950,21072695000
1236.1298481248907,507.5371041906175,2107.49920,21074992000
1292.4582675693998,530.3985297276303,2107.72940,21077294000
1293.152517143967,556.5774745752728,2107.96260,21079626000
1298.5047007565452,579.2027824687966,2108.19500,21081950000
1243.6343732356224,582.263239389155,2108.42580,21084258000
1248.1519571965734,627.673198870878,2108.64990,21086499000
1300.3993325967638,591.0101536777495,2108.87600,21088760000
1364.4590521343373,584.8595240188419,2109.10420,21091042000
1377.6188538136867,602.2621476368536,2109.33160,21093316000
1288.3533331493804,663.3672664512401,2109.55190,21095519000
1206.731763311324,701.394714329691,2109.78760,21097876000
1117.6110959035911,737.399025921297,2110.00940,21100094000
1042.5404558441387,783.5369167072392,2110.23670,21102367000
1045.8292272579333,774.6055588347496,2110.46240,21104624000
1029.9170249497042,766.5542254148547,2110.68740,21106874000
1035.0017802262894,778.371335635121,2110.92670,21109267000
1082.3271571381629,781.6085496302869,2111.14860,21111486000
1083.890695606233,746.9684916011312,2111.37500,21113750000
1102.1797312037418,699.6755458257705,2111.60670,21116067000
1142.8451466409488,677.2284046091754,2111.83020,21118302000
1144.2234613988717,701.9139842560236,2112.05650,21120565000
1175.2910872869231,730.3554513601507,2112.28010,21122801000
1166.6958983740842,777.4383412806477,2112.50350,21125035000
1224.6528203300509,733.0813518212351,2112.73240,21127324000
1276.3578879460183,719.6541140872305,2112.95340,21129534000
1233.1088344012005,675.0730850464585,2113.17970,21131797000
1098.526453500293,602.1713257074531,2113.40890,21134089000
1057.4654558175496,583.6723554828461,2113.63090,21136309000
1079.749467855158,571.1781400350031,2113.85990,21138599000
1077.840183371201,560.9314378528474,2114.08860,21140886000
1051.2947622919148,554.8678639753483,2114.30980,21143098000
1097.8714131594122,554.607340075739,2114.53340,21145334000
1139.103665148669,528.494983674932,2114.76570,21147657000
1130.0405299938852,507.128154138999,2114.99650,21149965000
1091.3386916376728,534.7876158069666,2115.23090,21152309000
1146.2142560161142,528.3430047156382,2115.46700,21154670000
1145.7431135730494,540.0759974279689,2115.69110,21156911000
1199.8131528114673,532.9351135784407,2115.91590,21159159000
1249.5545829871894,524.0651494224973,2116.14480,21161448000
1337.1627186568962,519.2512198161581,2116.37340,21163734000
1297.4414067314376,527.885216223678,2116.59590,21165959000
1344.0591395627102,589.2811768172745,2116.82360,21168236000
1390.8837872524748,619.9045427554211,2117.07220,21170722000
1344.479653936515,677.4437954155277,2117.30310,21173031000
1286.1908354858585,715.0490718672783,2117.52690,21175269000
1278.9557736512697,699.5684332815898,2117.75680,21177568000
1314.0019472199517,671.0673104028881,2117.99610,21179961000
1155.6418307473532,588.1313935474637,2118.22450,21182245000
1081.2164762401987,560.1576380418592,2118.45310,21184531000
1092.981619912212,586.9919646216443,2118.68810,21186881000
1032.141773770093,526.006943688544,2118.92640,21189264000
1005.5113498694016,506.7548077962852,2119.16330,21191633000
932.2162559367083,505.1065670813199,2119.40680,21194068000
925.5109174295119,494.4626036746874,2119.65860,21196586000
945.315350354821,466.290348861425,2119.88210,21198821000
989.2897037782554,480.5206781984815,2120.10510,21201051000
1067.8902573921453,459.8904123870627,2120.34180,21203418000
1113.2992275002237,441.07980727440264,2120.56350,21205635000
1189.4147424182247,463.7838568702108,2120.78670,21207867000
1174.6840240239037,485.78654687077847,2121.02150,21210215000
1218.984174036093,507.6444755348769,2121.26170,21212617000
1236.817671265372,547.4685074913803,2121.48890,21214889000
1116.470771479455,489.8680933579635,2121.72360,21217236000
1004.0326919976034,504.5199151091429,2121.94920,21219492000
772.4151784269234,449.5108724018192,2122.18000,21221800000
871.3580376474596,463.4959204237232,2122.40920,21224092000
906.0105935885761,475.2906788635005,2122.62710,21226271000
904.6631522657732,497.1435501683339,2122.85530,21228553000
846.5132062037146,536.4206155489265,2123.09430,21230943000
960.4104314140409,636.9452537792297,2123.32210,21233221000
910.0723764862109,705.6599697294282,2123.54930,21235493000
763.0872757119383,823.2202760513673,2123.78090,21237809000
781.04664154106,821.319916237519,2124.00640,21240064000
725.1018004617596,835.4440248563543,2124.25260,21242526000
577.2507802581891,794.8343998714796,2124.47500,21244750000
419.3572331216745,752.2857846577292,2124.70180,21247018000
363.31165213702604,669.0123649302853,2124.92980,21249298000
344.43829142261177,617.8893498128703,2125.15630,21251563000
283.76236287500643,586.8002600996225,2125.40840,21254084000
280.5198087888071,540.841172073076,2125.63460,21256346000
395.2840465492231,560.5889224198653,2125.86740,21258674000
515.2437056608637,578.3783087128097,2126.09330,21260933000
655.1816286616549,621.0778536810208,2126.34460,21263446000
757.0662519654389,612.9875910510907,2126.58790,21265879000
761.6506942438264,607.4519566856544,2126.81520,21268152000
831.5769540747303,594.0125665083165,2127.05740,21270574000
950.7095015930345,595.6464544113492,2127.28480,21272848000
1025.6372956153937,583.3279930206953,2127.51430,21275143000
1135.8821107348283,594.6517041483381,2127.75160,21277516000
1267.0415986869898,590.897865640454,2127.97450,21279745000
1334.8947506644893,559.4042040361944,2128.22630,21282263000
1252.9880029609112,561.6772301824842,2128.44800,21284480000
1285.1399791139315,602.5710314321365,2128.67620,21286762000
1284.1352267663644,667.2445303714841,2128.90610,21289061000
1219.3473098999223,723.0831970975887,2129.13830,21291383000
1091.1746386701623,795.7322720423451,2129.36940,21293694000
1019.741239712771,766.7560258680087,2129.60170,21296017000
910.8901548913876,843.0959144601444,2129.83960,21298396000
847.3368584212126,852.5991232373995,2130.06340,21300634000
764.7954906838855,875.7480748960381,2130.28790,21302879000
751.5504962029327,888.0183421626753,2130.52810,21305281000
676.1107787697242,884.2525675351161,2130.75010,21307501000
670.8952385275977,907.3590682246215,2130.97750,21309775000
660.0989759220014,904.2822309655046,2131.21410,21312141000
677.4468942372664,898.4953301514305,2131.45130,21314513000
715.9382840295498,845.7615315478286,2131.68020,21316802000
752.1978033031256,844.0399931054002,2131.91310,21319131000
749.3731578753351,812.7167533073895,2132.14110,21321411000
744.9092487110839,781.689710906778,2132.36740,21323674000
740.5464266822046,731.5857032108911,2132.59290,21325929000
704.3023536691205,667.5692874224844,2132.81390,21328139000
689.605364442078,618.8844330326282,2133.04740,21330474000
649.7668241627363,591.9339297028612,2133.26950,21332695000
639.4007804639955,561.1503869826711,2133.49460,21334946000
626.0449842829562,482.900330353591,2133.71210,21337121000
611.3687007854627,471.69316987345576,2133.93970,21339397000
569.373527987106,469.14825938411144,2134.16640,21341664000
607.5395398191988,502.36483107321106,2134.39040,21343904000
609.0985334306456,524.9343345796708,2134.60970,21346097000
611.2917628783226,576.6999573448924,2134.84710,21348471000
630.8388933661352,613.3467849360645,2135.07960,21350796000
730.3913754794097,621.9382470814103,2135.30660,21353066000
917.4001555580436,644.764089812999,2135.53540,21355354000
920.5288833644366,613.6566985587436,2135.76520,21357652000
984.2464341114401,574.8685520524109,2135.98780,21359878000
991.4616106677885,464.5100042305448,2136.21540,21362154000
896.4832081241134,394.23621329640474,2136.44430,21364443000
806.7622482291614,378.67314795504063,2136.67150,21366715000
697.7750685867562,351.5712470406641,2136.90330,21369033000
604.5275767215203,312.35469247730884,2137.12420,21371242000
633.261475291462,303.1611358282183,2137.34760,21373476000
662.2730751705582,321.8012400090813,2137.56560,21375656000
688.9676780267898,305.15206531109493,2137.78370,21377837000
676.7358252782855,297.8032689518591,2138.00150,21380015000
655.343652816197,322.40418500589675,2138.22070,21382207000
558.7275782524978,312.4716551246661,2138.45230,21384523000
639.969538329035,396.2801106864233,2138.68550,21386855000
661.611959102086,409.5348411670992,2138.92530,21389253000
770.3261062583339,514.8526086174854,2139.15020,21391502000
901.0087712202042,559.8183047780489,2139.37800,21393780000
972.0535294190147,599.1596282607187,2139.60350,21396035000
1040.1554020586475,621.2652169103953,2139.82310,21398231000
1068.9715004787695,647.5681359564529,2140.04770,21400477000
1071.7285099393273,646.3672447333963,2140.27680,21402768000
1162.7481902276002,656.8489311726264,2140.49780,21404978000
1198.306943625875,680.3372257905776,2140.72200,21407220000
1237.8477956260608,735.226136109265,2140.94560,21409456000
1258.9165665374273,743.7281052547654,2141.17480,21411748000
1225.8500782396627,790.4733165160031,2141.40690,21414069000
1283.471889907227,734.9695731945072,2141.63500,21416350000
1239.06704612303,704.6901295472722,2141.86730,21418673000
1197.458958236136,663.2208800192218,2142.09350,21420935000
1151.6732782292504,660.6280732303301,2142.32830,21423283000
1175.3641721969,666.0016144053112,2142.57090,21425709000
1064.6165933190377,578.4751136201028,2142.82500,21428250000
1056.9853504400455,486.73479042654856,2143.05840,21430584000
1098.9383472516122,382.1729017240401,2143.28450,21432845000
1029.5976257278091,361.2231780857428,2143.52430,21435243000
1036.703074641975,327.6399919006129,2143.74710,21437471000
998.941026454483,302.1547694163934,2143.96850,21439685000
952.7931144300106,255.272764685668,2144.19510,21441951000
1000.7490893385005,305.73597001369023,2144.41560,21444156000
1106.2069689790837,370.6128233392764,2144.64400,21446440000
1039.297743743485,382.69477682890323,2144.87500,21448750000
1057.9105074054871,436.1029816513986,2145.10140,21451014000
1041.3571868875079,496.8041996609803,2145.32650,21453265000
1048.4592317297934,537.5775921285624,2145.54850,21455485000
1107.6231244506685,536.8821049081413,2145.76790,21457679000
1046.519748083816,527.1425807552018,2145.98700,21459870000
991.0423935258616,572.8167105199758,2146.21820,21462182000
977.1157954267971,573.0804188578334,2146.44060,21464406000
998.8873150101801,559.5282736607516,2146.67030,21466703000
968.0981715325128,554.6431722768999,2146.90710,21469071000
1040.2131105348317,591.8651289718447,2147.14480,21471448000
1132.6990397993434,590.2652063965081,2147.37750,21473775000
985.6716180836154,539.1876903472505,2147.61530,21476153000
834.2649604866142,491.55306892854367,2147.86850,21478685000
701.7916520770577,414.8950281892687,2148.08890,21480889000
733.8766460051579,385.5681791136127,2148.31120,21483112000
777.2412307425844,380.90737797992045,2148.52930,21485293000
804.2768692737106,315.75726400443125,2148.74550,21487455000
874.4898387690029,252.85600397372102,2148.96180,21489618000
987.9023481208044,335.84556864022187,2149.18260,21491826000
1049.7068625636277,379.14170197438546,2149.41070,21494107000
1070.6626256090353,476.0288889133937,2149.63020,21496302000
1084.116830874301,549.9934019307723,2149.86030,21498603000
1078.6592979447446,591.5014887420094,2150.09290,21500929000
1069.3156167913887,619.0076751601734,2150.32480,21503248000
1052.6671666801308,613.577781016787,2150.54780,21505478000
1061.138888234186,622.7453411059929,2150.77430,21507743000
1094.8691093173957,585.149738480654,2150.99540,21509954000
1112.644782538913,598.5380325917346,2151.23350,21512335000
1114.3372521199772,611.192435847334,2151.45340,21514534000
1009.876271597383,573.9556174752413,2151.68260,21516826000
945.4495156668842,531.4320505482788,2151.91140,21519114000
894.5079943014665,492.29094823592686,2152.13620,21521362000
753.681798238789,419.3751036981404,2152.36190,21523619000
701.9441886430419,371.4807352149656,2152.58770,21525877000
785.2948956389221,355.09935879893266,2152.81210,21528121000
831.3771056409101,336.1644486682286,2153.04250,21530425000
874.563379645066,328.5551955504377,2153.26520,21532652000
831.4322879229434,270.32343502877575,2153.49150,21534915000
866.8467352372502,274.03628206827676,2153.71530,21537153000
924.6882475201317,237.88790836863174,2153.94460,21539446000
1016.2790739394488,201.910665835141,2154.16620,21541662000
1120.6186295817804,258.98746079421994,2154.39650,21543965000
999.3264204869462,255.88205767760536,2154.62070,21546207000
832.9318237243244,250.47656971076853,2154.85060,21548506000
734.4413809371841,273.0516372886284,2155.07340,21550734000
714.1803343638081,283.97990609420265,2155.30470,21553047000
712.3245072172965,298.32123362499476,2155.52410,21555241000
709.2029556711962,306.65073094607686,2155.74400,21557440000
579.1903000382499,272.4124393278571,2155.97220,21559722000
414.49753058244977,272.77026540929427,2156.19860,21561986000
335.23370662786317,332.1855022752937,2156.42140,21564214000
390.67743726494405,361.37427111315077,2156.64030,21566403000
484.8491757227579,457.23757676306826,2156.86400,21568640000
464.9875104060439,495.0106049986192,2157.09960,21570996000
584.5664078093504,464.9276103146694,2157.32270,21573227000
632.3683760188707,438.40993112753534,2157.54910,21575491000
608.9118456065455,389.1567463180279,2157.77850,21577785000
713.5565157254048,405.58136255438217,2158.01080,21580108000
771.8845922363089,415.7638737004998,2158.24670,21582467000
825.7508678512156,386.8785859647985,2158.47000,21584700000
950.516635261775,388.0052738973127,2158.69340,21586934000
1029.047109348797,439.5482408454436,2158.91850,21589185000
1092.5558978211932,482.35850364028283,2159.14640,21591464000
1204.9862090972745,545.1328561105864,2159.37610,21593761000
1200.142289547564,607.2678548020401,2159.59870,21595987000
1142.7203181320115,669.5842789764416,2159.81790,21598179000
1096.9267444088166,609.9072634529157,2160.04410,21600441000
1004.2142288356241,554.0176057308313,2160.27760,21602776000
948.8679188957938,540.5899530419355,2160.50480,21605048000
961.2497756153698,477.6192628228457,2160.73950,21607395000
920.7233579852008,455.5847005842419,2160.96350,21609635000
893.2996034033216,380.2320358323825,2161.20080,21612008000
914.3082592188722,387.5453253065763,2161.42670,21614267000
907.2005240195539,355.02645421468776,2161.65740,21616574000
986.3638689316366,346.5715933184078,2161.89110,21618911000
998.5975300732177,359.91998198049964,2162.11650,21621165000
1011.3804859064537,345.0627449253733,2162.33940,21623394000
1042.3353393297748,327.45341886977087,2162.55880,21625588000
1067.9734527878006,373.2523553083265,2162.78830,21627883000
1130.3243755289277,353.9599851449065,2163.03260,21630326000
1118.173783401097,341.1550121137037,2163.25250,21632525000
1157.2927473370564,306.9030632269832,2163.46700,21634670000
1136.9159643794908,282.79509343733275,2163.68310,21636831000
1043.066784346946,291.0594188793311,2163.90210,21639021000
864.9301065008015,297.74394003105715,2164.12450,21641245000
718.7736221551181,316.5912734874639,2164.35240,21643524000
654.333069062435,293.9341263872474,2164.57160,21645716000
569.9934649480475,334.7430009106446,2164.79610,21647961000
524.5203565444485,365.4414455993432,2165.01750,21650175000
583.6024972577037,387.00727606762564,2165.24400,21652440000
699.2126796688553,367.848169311752,2165.46840,21654684000
753.9246406054463,324.7864788898972,2165.69980,21656998000
749.8460408179949,323.36684300738364,2165.91760,21659176000
856.6472317233533,296.36937823367543,2166.14450,21661445000
877.1298726204127,303.8663388892166,2166.36780,21663678000
940.149944215129,268.0686355562278,2166.58970,21665897000
957.813643220375,237.88796520621332,2166.81000,21668100000
974.8354215222442,257.7659504114369,2167.02830,21670283000
1011.0119077283794,214.02807339768862,2167.24730,21672473000
1038.6782622901842,231.60950111682544,2167.47180,21674718000
1060.6784895771825,230.477668138304,2167.69260,21676926000
1062.6020230366228,259.5070690736642,2167.90990,21679099000
1005.087347293029,304.3685937851378,2168.12850,21681285000
893.4838282865705,381.4411668851564,2168.35860,21683586000
826.988050282744,430.6662869198146,2168.57940,21685794000
842.2212724262135,534.8299909625672,2168.80830,21688083000
919.2531164963267,616.8245940420699,2169.03840,21690384000
1002.7089035532116,661.5562718527221,2169.26070,21692607000
1112.8667899618356,685.8339792057234,2169.49760,21694976000
1134.130364962288,721.7133293826213,2169.72570,21697257000
1209.8306720611683,649.7093462269676,2169.94640,21699464000
1163.886459595704,643.6085600912521,2170.16770,21701677000
1126.7724296970225,641.223527199603,2170.39720,21703972000
1088.574766024117,665.5008563464388,2170.62170,21706217000
1038.6791593593605,725.0816472487667,2170.85100,21708510000
1026.817929511368,795.9252454059061,2171.08810,21710881000
1040.6328629603952,798.6577294500768,2171.31630,21713163000
1079.3022815636398,773.2962946022614,2171.54040,21715404000
1168.890015081198,756.1820273175643,2171.75900,21717590000
1228.5812948246657,712.3965587986685,2171.99450,21719945000
1283.6641742529555,687.8867300933558,2172.21660,21722166000
1350.8633711241155,662.136617960378,2172.43990,21724399000
1398.2570387170288,665.1309957523516,2172.67070,21726707000
1366.1304415975053,672.3167622200268,2172.90600,21729060000
1400.189450859035,679.8055393556083,2173.13220,21731322000
1407.1323414290082,665.1330009906209,2173.36910,21733691000
1404.7592241971927,690.0973024853777,2173.61300,21736130000
1430.1428055688004,664.2032015994208,2173.85870,21738587000
1387.1807748434753,673.6557256866726,2174.09450,21740945000
1401.9758170755297,731.1603897618677,2174.32760,21743276000
1422.1945958041572,692.1679698884574,2174.55860,21745586000
1395.4036587099972,694.7447216364667,2174.78030,21747803000
1341.5946065044482,721.4180065768045,2175.01040,21750104000
1341.131810326892,751.0138287771529,2175.23970,21752397000
1278.1687331551607,764.343550194141,2175.46800,21754680000
1205.4933942656764,756.1035688588502,2175.70380,21757038000
1126.9038811328865,781.273700966429,2175.93460,21759346000
1102.9548791323537,793.5309785855727,2176.16580,21761658000
1120.156417214199,818.056358392522,2176.39770,21763977000
1061.0147703216749,815.8005049924101,2176.62050,21766205000
1116.2705700098597,763.3134378177806,2176.85060,21768506000
1161.3154869620325,757.3581706589824,2177.08000,21770800000
1181.8887158717448,748.308063607474,2177.30990,21773099000
1200.79983718174,708.4708473855649,2177.54700,21775470000
1150.5895599922362,714.3213599115014,2177.77760,21777776000
1116.6491521968403,711.4969926115225,2178.00420,21780042000
1093.2254346764032,696.3611563424093,2178.23160,21782316000
1053.2967490196193,706.57119907354,2178.46200,21784620000
978.0935229091921,721.746743211398,2178.68710,21786871000
963.4022654883038,743.4759256139763,2178.92310,21789231000
938.8503786240522,740.3520093665637,2179.14780,21791478000
931.6435446552242,717.022591079031,2179.38620,21793862000
921.1332059042413,755.1271486416717,2179.61280,21796128000
841.8370978468597,641.9902515942202,2179.85390,21798539000
848.8794503826878,588.5705513389432,2180.10280,21801028000
897.0836111137546,527.9598028035483,2180.32250,21803225000
906.1261790967624,516.6065955878169,2180.53950,21805395000
868.8891128591071,517.9788984401378,2180.77010,21807701000
924.6410698983265,542.2214941355155,2180.98890,21809889000
931.6677420540592,553.5485753261016,2181.21110,21812111000
892.4378446111118,606.8016048757495,2181.43530,21814353000
961.8537414327792,661.7768296986264,2181.66660,21816666000
971.9402146588045,671.0887000025247,2181.92780,21819278000
974.2653105372854,717.8612129482555,2182.15640,21821564000
1028.2613036153052,796.1987085426017,2182.37770,21823777000
924.1779769693503,671.1855462209221,2182.60230,21826023000
1039.7845166486852,557.0037863617263,2182.82540,21828254000
1027.6852293432096,482.0325717237896,2183.05660,21830566000
993.704411331998,380.0587487165212,2183.28770,21832877000
894.4362200127838,361.07958934129647,2183.51890,21835189000
847.1839910089496,365.796779471976,2183.74640,21837464000
872.0467312045571,370.2049911512576,2183.97420,21839742000
946.2326648207547,407.98131374950435,2184.19680,21841968000
867.6815586749788,453.1572917362693,2184.43880,21844388000
835.0310262679578,443.394014049051,2184.68550,21846855000
796.1663671931709,445.0773484454656,2184.91920,21849192000
789.8184358258403,441.653086894755,2185.15470,21851547000
809.9627670670686,441.0897794206374,2185.38660,21853866000
808.2024714735651,431.16070666311776,2185.61580,21856158000
848.1915726026629,390.9578463225294,2185.86740,21858674000
924.0452246106829,385.8436670352059,2186.09230,21860923000
915.9639048020281,411.942428251032,2186.31750,21863175000
867.9336672140784,404.0306121714495,2186.55060,21865506000
873.4048167859063,412.67075655228393,2186.77660,21867766000
992.5554702050583,410.05996774077903,2187.00350,21870035000
1162.4279680103718,422.2633432811348,2187.23880,21872388000
1355.8627018399122,347.86583423101223,2187.47020,21874702000
1474.365409175367,329.9407656533881,2187.69740,21876974000
1534.7026019073342,351.0674557835313,2187.92730,21879273000
1494.4214721860692,374.87656751791496,2188.15810,21881581000
1447.8513506333345,377.36424487129176,2188.38620,21883862000
1418.2248563950982,389.46477267566235,2188.61890,21886189000
1332.2009887468812,369.3431866869784,2188.85560,21888556000
1317.4276864988415,337.29684708441874,2189.07680,21890768000
1276.169125651147,356.17832016378134,2189.31350,21893135000
1296.3216575691986,397.384365886318,2189.54760,21895476000
1300.3993963637845,407.13506301226323,2189.77730,21897773000
1286.2786406479304,411.37761995140676,2190.00340,21900034000
1310.581924362862,377.5913910452763,2190.24160,21902416000
1210.5404977240032,386.85750407049954,2190.46260,21904626000
1201.7344453991839,431.7965055125612,2190.68820,21906882000
1131.9612321947345,466.3114661274185,2190.91580,21909158000
1190.1181104192829,477.5980517802004,2191.13600,21911360000
1178.2085344228265,471.28988841889475,2191.36160,21913616000
1158.542353901571,445.5731884401398,2191.59590,21915959000
1137.3165846843488,420.927634344468,2191.82610,21918261000
1169.9109159034597,391.49079471514887,2192.06800,21920680000
1178.5571054966447,366.30651624754563,2192.28900,21922890000
1195.6640346959568,384.21753461166355,2192.52890,21925289000
1047.7721838139894,423.65865927526346,2192.76420,21927642000
936.2027337705429,491.68985596059383,2192.99450,21929945000
917.1613861530341,516.0206728295138,2193.22860,21932286000
927.5081379782911,546.0609671913232,2193.45620,21934562000
877.7503591085547,569.7582754244428,2193.68650,21936865000
909.9005621238639,533.6165139480456,2193.90740,21939074000
921.7712953683599,506.1594809584937,2194.13050,21941305000
924.7683149273747,486.2098505067148,2194.36660,21943666000
939.8214646998586,489.75593747089175,2194.59130,21945913000
950.4087395317479,408.726099893329,2194.81270,21948127000
914.0630911856058,438.692088441364,2195.03480,21950348000
816.0319483950145,414.4278205055378,2195.25980,21952598000
753.4969533923033,377.1226890213153,2195.47410,21954741000
713.4583586391926,387.6792878918215,2195.70020,21957002000
730.1038811084408,376.3385221377364,2195.93210,21959321000
720.519650739579,402.52433705751463,2196.15950,21961595000
704.0557238409027,397.8340781983881,2196.38390,21963839000
733.5841858782883,390.63452330777,2196.62640,21966264000
707.6364734648257,441.7717088734626,2196.86060,21968606000
727.1117220619842,441.0011850517061,2197.08540,21970854000
758.1940101039735,412.1740442098535,2197.31520,21973152000
771.8595071163281,426.0533533364234,2197.54400,21975440000
902.9815166579685,498.5006397694933,2197.76740,21977674000
1028.7025921230284,541.6914113661821,2198.00740,21980074000
1138.9567882674946,568.4806323375792,2198.24270,21982427000
1229.543686221337,611.6751027243747,2198.46870,21984687000
1192.7377263196202,642.9888313169698,2198.70190,21987019000
1206.0216140238201,627.1333216168404,2198.93200,21989320000
1242.2084024601622,648.7512859318463,2199.15690,21991569000
1237.0645303757487,668.5991573863865,2199.37640,21993764000
1238.6521692934916,711.7328259069244,2199.61320,21996132000
1304.755918039326,664.4418085890918,2199.83710,21998371000
1318.3436437163914,661.8262544669118,2200.06230,22000623000
1234.252107582998,622.7220181413127,2200.28800,22002880000
1203.002776187748,559.9054729788836,2200.53030,22005303000
1217.5361735301542,552.3443966068103,2200.76350,22007635000
1154.9843306377854,543.9092466401223,2200.99310,22009931000
1117.826589566068,575.5564648856359,2201.22380,22012238000
1029.6189921549833,501.7877742321589,2201.45410,22014541000
955.634908329833,475.14568655482896,2201.69210,22016921000
951.355086063826,477.7421745246855,2201.92120,22019212000
960.9012663195981,467.7398386695574,2202.14320,22021432000
989.1108766585312,485.4675025015203,2202.37040,22023704000
933.6643598001413,515.2140815693932,2202.59310,22025931000
924.0655928740978,538.9726627157514,2202.82000,22028200000
848.4273383497493,586.3254972170039,2203.04570,22030457000
923.776574238074,646.2362087131901,2203.27810,22032781000
866.991907354839,693.285537842994,2203.50160,22035016000
855.0282660436951,764.9189420873056,2203.72900,22037290000
819.3871934227362,682.8880176386344,2203.96220,22039622000
782.8845373732123,616.4691475225688,2204.18630,22041863000
751.1984143325773,581.6882380135045,2204.41430,22044143000
823.3441214354415,505.2500412648868,2204.65590,22046559000
885.5022762172083,468.5845531156139,2204.88740,22048874000
889.38825495219,474.7882946346818,2205.11220,22051122000
855.3540586104842,471.45991979000394,2205.33550,22053355000
876.9854529985015,539.6894817592093,2205.56180,22055618000
1095.2054354401268,446.86472069414845,2205.80130,22058013000
1289.838210176697,426.96345656661373,2206.02790,22060279000
1292.1785702493025,426.37414401397655,2206.25690,22062569000
1249.7661953530378,386.7991445242814,2206.49520,22064952000
1265.5166084259158,420.0886829010114,2206.72240,22067224000
1225.73984437637,462.36892578658694,2206.94600,22069460000
1198.7678970863105,441.0297776524706,2207.17400,22071740000
1197.251772621085,448.2203796650046,2207.39740,22073974000
1215.8401856261542,447.5394664178122,2207.62750,22076275000
1088.2054199233523,479.22344565162956,2207.85290,22078529000
1103.378384638534,457.24588549112525,2208.08600,22080860000
1058.5938885397138,477.79668921232064,2208.31960,22083196000
1104.8206833137538,464.77249502428845,2208.55710,22085571000
1162.0872567892998,463.1457427089675,2208.78210,22087821000
1192.4380030024522,436.6547055620014,2209.00920,22090092000
1254.9101075590838,424.123503333539,2209.24880,22092488000
1151.657472842918,451.3824716335279,2209.46860,22094686000
1261.2837124044916,404.51163792607076,2209.69260,22096926000
1215.516181441312,379.91567493411105,2209.91070,22099107000
1007.7894685422954,481.56087361479354,2210.12900,22101290000
875.9613274505997,528.7988395500687,2210.34670,22103467000
798.6782825906361,576.8365166681486,2210.56490,22105649000
771.1330334389089,611.7822845797327,2210.78630,22107863000
749.3074907194202,635.5273153963788,2211.01960,22110196000
678.8843373036322,723.2744070065665,2211.25100,22112510000
705.2268309303729,767.2294822600503,2211.48870,22114887000
709.3780697362411,746.6589508510209,2211.72500,22117250000
677.4888917697871,682.2766690023782,2211.95860,22119586000
570.3408669725736,596.7416577086304,2212.18860,22121886000
541.3919418103299,470.92231112125944,2212.40990,22124099000
576.8377213461304,359.8738397276882,2212.64140,22126414000
597.7260418514334,293.55630394842046,2212.86860,22128686000
713.8563794599901,292.162339246487,2213.08810,22130881000
800.2001487299798,245.98050258585266,2213.31960,22133196000
741.6582840927614,252.93860215262293,2213.53860,22135386000
743.7985638363612,372.79875113295077,2213.76000,22137600000
739.327317602888,451.2858056594089,2214.00580,22140058000
719.2949965659051,425.0729374317407,2214.22810,22142281000
713.1084881284511,390.85691590728453,2214.46890,22144689000
689.4786755317602,360.3298456707598,2214.68940,22146894000
700.298071828248,334.06140433272213,2214.93350,22149335000
680.2998793753594,319.9727201847732,2215.15240,22151524000
642.7229784355194,289.06286226859845,2215.37900,22153790000
551.4895748378967,294.42088029021863,2215.60390,22156039000
628.7516436341776,372.0306667917429,2215.85920,22158592000
476.0814777039916,411.2699195037131,2216.09880,22160988000
456.29583492791835,416.64701130232623,2216.33390,22163339000
456.13467369329175,419.8298803330896,2216.56110,22165611000
400.5146561682217,440.2934299933014,2216.78510,22167851000
426.30852798862287,392.0270338111544,2217.01080,22170108000
498.55351613041967,359.9568104460184,2217.23780,22172378000
440.8109792829836,367.22319068920893,2217.46980,22174698000
439.0291706496425,345.39826824262764,2217.69300,22176930000
591.6862394611272,337.63821647915057,2217.91930,22179193000
657.6609257314132,339.01405543061355,2218.15920,22181592000
792.4150130959874,364.6786495920929,2218.41120,22184112000
888.6805364113877,305.9121354219942,2218.64780,22186478000
1114.400514027558,324.0392465126268,2218.86750,22188675000
1257.072476955733,320.31928109261446,2219.11250,22191125000
1370.6128443794046,383.1504216415893,2219.33720,22193372000
1421.0602612634914,421.1356664643519,2219.56640,22195664000
1278.6647500169775,419.5807904490604,2219.78740,22197874000
1179.2281706906888,405.84771307966145,2220.01870,22200187000
1063.59183910232,373.588601904047,2220.24400,22202440000
887.4900706481938,316.01264430798875,2220.47170,22204717000
857.1171278014841,316.8524094929324,2220.73510,22207351000
802.1481128308584,313.8768903113408,2220.96640,22209664000
834.7581980925652,272.6795600487484,2221.20660,22212066000
808.865223599223,235.55394448129542,2221.45750,22214575000
729.0660771533692,229.68936261530914,2221.69430,22216943000
622.4004195592025,151.10452060639219,2221.92730,22219273000
638.1162904754871,112.8674742115077,2222.16090,22221609000
662.5987751616481,101.64057501199021,2222.39520,22223952000
721.5786603706947,43.20905608202575,2222.63740,22226374000
690.6207308273268,64.79023150690104,2222.89700,22228970000
768.6811031732221,78.0236648817796,2223.13720,22231372000
732.7228931776511,110.52098432895858,2223.36620,22233662000
700.8752897858285,127.39876639091378,2223.59840,22235984000
566.3421027459539,152.15876185514657,2223.82110,22238211000
662.4365099504403,219.56344213922503,2224.06420,22240642000
809.3432433367441,296.80499859343763,2224.30180,22243018000
877.9867987068037,349.0672996072825,2224.53690,22245369000
973.5040792455544,404.6031818105153,2224.77660,22247766000
912.182412310871,477.5562250226393,2225.02820,22250282000
813.3978010045448,464.8170498131614,2225.24430,22252443000
766.5526977822855,474.8139289314804,2225.47510,22254751000
912.6833124175959,525.9033021072194,2225.71550,22257155000
942.0527403356888,557.0168758212831,2225.94230,22259423000
960.9328623195079,584.5944180902266,2226.17120,22261712000
975.3976707017943,620.1346905841457,2226.42810,22264281000
1042.9033896774636,664.0537802046166,2226.65930,22266593000
1099.8242860722232,696.6733820639895,2226.90290,22269029000
1183.2925044258668,697.4748616056246,2227.13070,22271307000
1117.3677849651385,663.3749447422621,2227.35600,22273560000
1153.869343941156,610.6124419167237,2227.58970,22275897000
1147.0352830731213,642.4880211062921,2227.81900,22278190000
1149.1919034453874,630.7859346061273,2228.04760,22280476000
1102.207501799871,648.1070999484806,2228.27080,22282708000
1084.6788785072638,645.2102180949287,2228.49950,22284995000
1106.8870617163886,648.2588259902288,2228.72800,22287280000
1054.4203118562996,653.6878457609428,2228.96250,22289625000
1035.0006390884237,682.4137993293807,2229.19340,22291934000
943.9074208167862,701.9142823771099,2229.41570,22294157000
766.0020846507532,603.795186781491,2229.63410,22296341000
566.5331221715244,526.1845106321739,2229.84680,22298468000
408.7584177708143,474.4038808229563,2230.06470,22300647000
299.5577619730791,399.7421988207239,2230.28280,22302828000
415.36305913521085,451.4907857480995,2230.50890,22305089000
538.679306215415,480.73246992738746,2230.74160,22307416000
645.6238691310684,533.1725836411455,2230.96700,22309670000
720.468456587062,566.5948347152539,2231.18710,22311871000
802.3966230589415,606.3446864090428,2231.41790,22314179000
870.9036313247897,632.0505474377152,2231.64970,22316497000
856.8267679407038,686.0492574127989,2231.87810,22318781000
878.7231036764797,698.6592206193692,2232.10590,22321059000
941.280485487098,671.9754923254659,2232.33750,22323375000
757.5204557837505,577.1797263533985,2232.56210,22325621000
643.4283573463817,507.15437796929996,2232.78510,22327851000
655.4468122407688,444.271615074036,2233.01660,22330166000
787.7554264204284,412.900344076542,2233.25230,22332523000
864.9655123804412,421.95250950540594,2233.47260,22334726000
894.6418888813058,394.8567422239588,2233.70010,22337001000
1005.1867055536486,512.3604284249691,2233.92480,22339248000
1017.5314230740564,536.4792251867254,2234.15590,22341559000
1044.0341613459163,588.8129237524033,2234.39470,22343947000
1021.1440526806119,615.0100136314531,2234.61980,22346198000
1011.2773230277412,667.6440996144596,2234.85880,22348588000
990.5882879988939,697.4885337723438,2235.08860,22350886000
1004.9316593325575,691.8619820975815,2235.33060,22353306000
1006.7596061081279,710.0888568167275,2235.56370,22355637000
1049.4482463086276,699.0583675391163,2235.78920,22357892000
989.6255639975448,674.1320998893152,2236.02350,22360235000
985.2699516136419,690.4809440328148,2236.23820,22362382000
929.3498494987394,710.1054277421948,2236.46630,22364663000
890.1887712509387,695.1961220802052,2236.68740,22366874000
902.902118961458,665.9253813431523,2236.92260,22369226000
931.7374809394105,689.5201401319921,2237.13990,22371399000
962.0912980802863,663.9150365561682,2237.35980,22373598000
973.7484041176689,678.2877105006971,2237.58880,22375888000
1013.1921558818317,700.7195676760845,2237.81930,22378193000
938.1751180039865,735.7776644929,2238.05810,22380581000
889.3176824548137,752.9587181502578,2238.28880,22382888000
833.2434751505668,723.2921049275346,2238.51850,22385185000
787.5082113005108,662.5740956552668,2238.74860,22387486000
785.8853450046026,618.0223909886377,2238.98910,22389891000
768.0669273355916,524.7214061268189,2239.21540,22392154000
696.1002225473985,484.86794649112926,2239.45060,22394506000
562.6502016563587,404.42272208309925,2239.69230,22396923000
460.0239964109487,408.30901001997887,2239.93210,22399321000
406.61044966865876,409.95004233479256,2240.16420,22401642000
459.38335264574715,352.2414833227049,2240.40050,22404005000
589.6252826181308,310.3114007719139,2240.63570,22406357000
676.1158439573214,300.4248662619598,2240.86320,22408632000
759.501063720627,335.00775045422154,2241.09840,22410984000
858.4879723441588,334.2752646097083,2241.34260,22413426000
880.9265047201827,342.2484041017446,2241.57170,22415717000
938.697659906413,309.68929154616745,2241.79830,22417983000
938.4038021794744,289.38505424940314,2242.02900,22420290000
968.5886638840547,290.3136131635323,2242.25680,22422568000
1046.4309993549716,260.4350298830952,2242.49200,22424920000
1145.3673007262216,258.7828396493641,2242.70910,22427091000
1130.52207981181,247.11759128796638,2242.92980,22429298000
1121.7818671133418,246.8521061256943,2243.14530,22431453000
1170.8028657825466,257.5505497245518,2243.37510,22433751000
1206.3420565084002,209.82072949262772,2243.60090,22436009000
1175.6443829172943,298.13548307554237,2243.81830,22438183000
1182.5425482060773,356.72544449252905,2244.03830,22440383000
1166.2007976710645,407.41960415970476,2244.25650,22442565000
1256.2672396675132,406.9872692902974,2244.48780,22444878000
1272.0023904137627,362.6678702926078,2244.71620,22447162000
1282.9535965042783,364.29066727568653,2244.93650,22449365000
1137.9551070592609,390.7697085734518,2245.15970,22451597000
1101.9339826715686,385.5653218553614,2245.38830,22453883000
980.013370895316,392.0515486293128,2245.62190,22456219000
926.4447446271356,375.979265333186,2245.85140,22458514000
982.1173051270991,401.70123144760777,2246.07380,22460738000
923.062830734243,402.60269125577474,2246.29100,22462910000
938.567248989325,383.05997889836385,2246.53110,22465311000
1012.6762929756965,383.39107895120895,2246.75450,22467545000
868.206451316315,330.63237796618245,2246.98440,22469844000
735.8203666767976,357.8692086135118,2247.20550,22472055000
599.6074611185754,381.2639632375413,2247.42340,22474234000
499.39179998444337,355.7987877756608,2247.66040,22476604000
395.79362356521256,357.7322107428498,2247.88570,22478857000
467.5291690214321,385.25537750477656,2248.10650,22481065000
728.794090990519,364.84476430524495,2248.33210,22483321000
922.6671762090639,372.2922459888767,2248.56210,22485621000
1062.405020206866,434.6999682253097,2248.80890,22488089000
1199.1587725747188,486.8968365237926,2249.05390,22490539000
1285.6976168202586,503.71847743164136,2249.27750,22492775000
1363.0801260322698,560.420011696109,2249.50190,22495019000
1367.3130040266406,612.8025073304898,2249.72600,22497260000
1369.327049668918,666.5898291179856,2249.95420,22499542000
1455.032743433068,728.9178203874221,2250.17900,22501790000
1448.438230175886,734.7155928235607,2250.40230,22504023000
1410.3802819750179,713.9150845119965,2250.62480,22506248000
1455.2155926409823,729.9010533319582,2250.86490,22508649000
1432.9399281464769,748.7264881090166,2251.08870,22510887000
1345.5486535244652,766.1652130350549,2251.32250,22513225000
1287.7726255601167,768.873736502142,2251.54070,22515407000
1295.0337994139898,824.5651776873523,2251.76800,22517680000
1307.142005740229,825.6276495417278,2251.99770,22519977000
1364.5734717629898,831.4407075859662,2252.23580,22522358000
1365.5787144647024,828.8553753907604,2252.46070,22524607000
1326.0481226401039,804.4611259854494,2252.70880,22527088000
1297.4914112188233,818.9373600962632,2252.92930,22529293000
1257.0947633776973,801.4318521500766,2253.16370,22531637000
1195.8861882619244,798.7871717253124,2253.38810,22533881000
1126.7771803553358,703.7641989790754,2253.60230,22536023000
959.9738265695016,579.8222412210646,2253.82880,22538288000
786.9109868176594,521.9691592822112,2254.05950,22540595000
664.3258514257791,550.2204683760725,2254.29050,22542905000
745.928062886484,600.3546860756153,2254.53160,22545316000
874.8730513509531,673.0387565705062,2254.76500,22547650000
887.0089594603646,675.9732098381836,2255.00700,22550070000
949.3978496007321,740.1459437288809,2255.23850,22552385000
975.9107135562351,750.0784130123997,2255.46840,22554684000
995.9539069315192,748.1684921277915,2255.69800,22556980000
985.6101773569737,753.2163999536881,2255.93950,22559395000
977.870960546423,771.7183619789993,2256.17690,22561769000
999.5173080770711,744.1387119490579,2256.40960,22564096000
1015.3969948726395,728.5090962046246,2256.65530,22566553000
948.2608552938788,627.3535223454578,2256.88100,22568810000
842.2603696234884,544.6470939214792,2257.10730,22571073000
798.9196078602856,512.0701455033197,2257.33170,22573317000
674.9577469201798,440.0339727444564,2257.56420,22575642000
556.6407607664072,423.574135510901,2257.79400,22577940000
581.6854641711477,415.356092818103,2258.02540,22580254000
621.3114247934511,459.1441995036781,2258.25160,22582516000
746.3645455082719,549.6442151989613,2258.49090,22584909000
757.3859265411772,616.1005494170406,2258.72430,22587243000
798.6980960630523,641.9885741814184,2258.96360,22589636000
794.040485904915,653.9862677755018,2259.19600,22591960000
897.44075906491,644.2221802540713,2259.41730,22594173000
895.2446464899867,642.6610654112309,2259.64980,22596498000
799.4885373992602,559.7212229699729,2259.88150,22598815000
829.9986793443927,508.0229848074734,2260.11260,22601126000
828.9106370842122,472.8950959507938,2260.36720,22603672000
961.9009783678264,509.4161617236181,2260.59390,22605939000
951.4000306009503,536.8109370357563,2260.83010,22608301000
1082.102809885208,569.4214732555848,2261.07360,22610736000
1129.508337125016,653.4926850380726,2261.31200,22613120000
1146.5851094293807,683.604937995184,2261.54570,22615457000
1204.6632679852796,747.3383263793805,2261.79130,22617913000
1268.3480016553206,786.7845851416756,2262.03460,22620346000
1342.1405647170998,806.1035179065824,2262.27390,22622739000
1367.2828167975217,820.092859975288,2262.50010,22625001000
1397.3666075827064,813.7070158415902,2262.73820,22627382000
1364.481424211094,753.8134633461721,2262.96280,22629628000
1347.6439534831538,723.2732906897207,2263.20590,22632059000
1312.4601436270245,702.7957678142387,2263.43100,22634310000
1261.4238319976475,662.7201119542175,2263.66650,22636665000
1206.2680583250499,606.0938153552537,2263.89780,22638978000
1196.8689683922912,565.6198992724694,2264.12620,22641262000
1162.985457910323,558.5497407336567,2264.35330,22643533000
1233.9944010178974,557.273036877407,2264.58650,22645865000
1271.1144685486913,645.5197912186687,2264.85110,22648511000
1219.95492115604,695.4866127053579,2265.08870,22650887000
1177.963385388396,707.2435360879381,2265.32730,22653273000
1149.4723867128191,725.208741467869,2265.56120,22655612000
1119.5379905708057,718.8177788739796,2265.78840,22657884000
1144.219546890158,712.2439593689355,2266.04180,22660418000
1101.8048161509673,659.4701007690594,2266.26970,22662697000
1046.461882429839,642.518255503065,2266.50700,22665070000
1059.4957214112696,613.034691978975,2266.73590,22667359000
1022.2316663751573,601.6576435756352,2266.96740,22669674000
989.0341729906959,569.4390246968352,2267.19790,22671979000
933.2446681683921,560.8963414629285,2267.42750,22674275000
981.2583482983626,598.7775297733606,2267.66030,22676603000
1056.6079567168242,606.9538487766612,2267.88560,22678856000
1130.3928504108328,669.6431170368674,2268.12420,22681242000
1173.0603949474755,677.6912052487924,2268.34810,22683481000
1261.0336906267255,759.8867993066517,2268.58740,22685874000
1245.9037138541314,776.8531703627898,2268.81380,22688138000
1316.7318343431457,782.381758508723,2269.04100,22690410000
1241.4817798828349,715.1404779471775,2269.26820,22692682000
1202.4186480979554,711.1015595123172,2269.48450,22694845000
1202.1417560370787,703.5796058026423,2269.70860,22697086000
1178.6462818241603,678.8345182196715,2269.93970,22699397000
1227.0965109298663,662.3902819587165,2270.17110,22701711000
1297.9066866705155,687.9873738303116,2270.40780,22704078000
1211.5400146487361,641.7216585978142,2270.63140,22706314000
1256.1334558682038,611.3223130992303,2270.86360,22708636000
1190.2815385159654,590.7396944767008,2271.09180,22710918000
1236.308065101877,583.0816503331092,2271.32400,22713240000
1296.2393413940117,592.8583230944458,2271.56020,22715602000
1370.55469276482,591.9907340758095,2271.80480,22718048000
1312.9863222763065,642.1726345146557,2272.02970,22720297000
1260.822631275661,649.2543717942939,2272.25520,22722552000
1296.7796960444666,631.027847696684,2272.48590,22724859000
1277.569875981069,637.7803298714994,2272.71000,22727100000
1253.7859724156892,645.4385985729363,2272.94000,22729400000
1248.522335113667,612.3867162893561,2273.17230,22731723000
1185.108750999653,628.8808573787751,2273.41640,22734164000
1163.139850759388,653.0057416815652,2273.65350,22736535000
1128.2302133259643,659.4573771489587,2273.88150,22738815000
1189.5410465792188,624.8162329714758,2274.10800,22741080000
1157.395081426079,614.0745157840068,2274.32880,22743288000
1141.0642050970198,579.279119729493,2274.55620,22745562000
1220.03869385083,593.2766756791339,2274.78520,22747852000
1248.5074615205217,630.1754641970101,2275.02060,22750206000
1236.9859767719668,621.7807592251742,2275.23980,22752398000
1281.6042447355555,672.0619488483047,2275.48040,22754804000
1292.6046023517456,705.1248088773166,2275.70740,22757074000
1334.8056186600215,710.659595661976,2275.93160,22759316000
1386.7705221210535,703.0929972371199,2276.16470,22761647000
1354.6341160080947,725.8420648628545,2276.41230,22764123000
1393.8122283587709,720.49084839005,2276.65420,22766542000
1337.4748796818112,701.2067273604436,2276.88230,22768823000
1271.2104676620663,710.6455488339236,2277.11130,22771113000
1205.3366138593706,689.9957039952448,2277.33380,22773338000
1212.4656855873825,667.487329379188,2277.60190,22776019000
1213.5849010943675,612.4179916068732,2277.83540,22778354000
1157.4101711731018,596.2793705432363,2278.06330,22780633000
1128.487407241121,566.4851363659719,2278.28820,22782882000
1115.6736196652482,634.8377566248165,2278.51200,22785120000
1092.426018578939,689.3071370759557,2278.74090,22787409000
1060.7404110411585,691.0547303302208,2278.97210,22789721000
1072.7554201131115,684.4595567693134,2279.21260,22792126000
1065.8743453445688,748.0661004810145,2279.44280,22794428000
1074.5750043598355,744.1010756990415,2279.66720,22796672000
1072.5593318053377,735.6032303046095,2279.89660,22798966000
1029.9019180295124,715.9507878857332,2280.12410,22801241000
1024.0008023817165,724.8264714271198,2280.35240,22803524000
973.2228427448047,734.5977946326873,2280.60220,22806022000
943.0408256471659,685.8892292909755,2280.84620,22808462000
957.9621476057524,705.4148366836799,2281.07150,22810715000
932.3753899003385,677.3332127095429,2281.30540,22813054000
959.431883205113,709.9503403234045,2281.53800,22815380000
893.4853030473754,721.8878558245402,2281.76600,22817660000
968.1116278146314,739.183157439238,2281.99070,22819907000
959.0333509637292,739.1349370631424,2282.22770,22822277000
950.2441864987617,616.5349624243358,2282.45850,22824585000
990.7218568007949,542.173006277244,2282.68130,22826813000
940.9694252045193,521.6993513505766,2282.90740,22829074000
823.940504776416,486.27641857057745,2283.14380,22831438000
696.3880216963936,477.87214964068403,2283.36670,22833667000
601.5443538760303,461.4959133323516,2283.60180,22836018000
563.2301236785222,487.5263982617896,2283.83520,22838352000
712.3687158121023,563.8954810690726,2284.06140,22840614000
731.4930000642199,646.3923236179437,2284.29110,22842911000
729.965888471666,592.2757594034933,2284.51950,22845195000
652.9623344154255,549.1278405968969,2284.75010,22847501000
555.0828360062326,525.0589799890168,2284.97580,22849758000
477.2391103763841,494.4162590359434,2285.19860,22851986000
438.6861812872836,500.3859710308038,2285.43670,22854367000
544.2399562570116,511.6927862423606,2285.65640,22856564000
630.6986725963243,559.1753770142325,2285.88240,22858824000
630.4351294522553,586.2970527688426,2286.10480,22861048000
790.780533580273,633.4233833591173,2286.33040,22863304000
889.512522474724,700.8009145266446,2286.57100,22865710000
910.8899497818713,700.9472730944001,2286.80830,22868083000
873.3487987583283,754.5064217015045,2287.03440,22870344000
1001.8744391651818,794.1443480973287,2287.26990,22872699000
1069.1357770463635,784.9591483964128,2287.49630,22874963000
1176.4766915350851,708.6021785014166,2287.72400,22877240000
1000.7077336641546,665.2428438276471,2287.95410,22879541000
992.5201979847551,707.3176227548407,2288.18770,22881877000
1048.7315996422276,723.9144962832905,2288.41820,22884182000
1023.7683894004925,639.8548473901999,2288.65920,22886592000
1036.3930855091958,635.4426242387767,2288.89150,22888915000
1086.9714987806951,625.4181057159228,2289.12150,22891215000
1071.6801837260787,613.4563754387567,2289.34770,22893477000
1003.167063316876,575.3021164380411,2289.56800,22895680000
905.1720405496599,525.9556370516519,2289.80470,22898047000
791.883962345133,451.9033504366573,2290.03650,22900365000
781.3899444772512,481.0081832845609,2290.26640,22902664000
797.4112588761246,508.9793343205114,2290.50390,22905039000
821.5294962772527,551.0098773551659,2290.73900,22907390000
895.5272758408422,558.6711489460004,2290.97880,22909788000
875.0873901587986,557.1540475636423,2291.20750,22912075000
910.8254413998982,481.43586667615415,2291.43740,22914374000
845.7449596122925,475.5995115273335,2291.67640,22916764000
970.9512654164457,415.0032222148206,2291.94910,22919491000
1045.4967300812923,379.7154761425235,2292.17900,22921790000
1110.5885243244693,319.3975332864057,2292.40950,22924095000
1091.742957135499,317.6413735187334,2292.63480,22926348000
1135.3434541175425,282.83267776144487,2292.89180,22928918000
1178.6528033649765,299.31929748652294,2293.11460,22931146000
1171.6105864471774,347.8239028329655,2293.34960,22933496000
1150.241735505778,411.06207780348154,2293.56950,22935695000
1080.1149072439655,413.9704014358548,2293.79180,22937918000
1076.3261437583783,400.23266567526895,2294.01380,22940138000
988.7884831643446,434.3615971672143,2294.24980,22942498000
1046.6161336055432,416.53914327843086,2294.49020,22944902000
1065.9466415010402,422.28497015100515,2294.71400,22947140000
1019.9660648244707,442.9565806251903,2294.94000,22949400000
932.5130095145439,464.46815707991266,2295.16710,22951671000
875.5236116886737,564.1141736156558,2295.39760,22953976000
735.8948186472147,652.1679355887724,2295.62040,22956204000
774.5350043162305,764.1407891034221,2295.85260,22958526000
819.0645567662431,800.3125447582564,2296.08320,22960832000
983.7155921734402,836.3798412918995,2296.31000,22963100000
1074.9205610320623,739.7909383311837,2296.53110,22965311000
1051.6557940848356,717.1562049587295,2296.76500,22967650000
1050.3587340761987,652.942720123359,2296.99030,22969903000
1078.9709761256784,628.9712781780065,2297.20950,22972095000
1091.1484995557068,632.6826346515631,2297.43520,22974352000
1089.3468332015443,615.8767709422913,2297.66140,22976614000
1100.313063378017,576.8268207069968,2297.88170,22978817000
1101.7346721514118,544.7863599417019,2298.10510,22981051000
1072.5540900021026,533.1810893910217,2298.32870,22983287000
1075.379496699886,496.6805838241368,2298.55310,22985531000
1086.1905454851412,502.34426262059736,2298.77800,22987780000
1077.1201377370724,457.3694794260072,2299.01180,22990118000
1137.6676617241822,431.27530172054674,2299.23390,22992339000
1167.863939204909,361.3205250125232,2299.45250,22994525000
1093.2907737596468,326.7250736608978,2299.69330,22996933000
1113.0752790328388,348.4411662600789,2299.92210,22999221000
1094.7078897902868,376.2861884713841,2300.14700,23001470000
956.1744336090717,368.4594989250117,2300.37640,23003764000
974.7151821342529,476.84682990743454,2300.60800,23006080000
1003.7667835189889,608.2980417506581,2300.84530,23008453000
978.8005603871943,688.2179051224321,2301.08850,23010885000
984.6468121028648,749.1675206841644,2301.32940,23013294000
977.1902970666156,793.062140530884,2301.56240,23015624000
1048.96637790749,782.9944477935702,2301.79880,23017988000
1087.8436460937871,662.3009014730789,2302.03480,23020348000
1136.401274101036,599.1442296149095,2302.27000,23022700000
1277.9216116721132,562.6044547561046,2302.49380,23024938000
1291.5625695451793,525.557555133737,2302.72090,23027209000
1238.3300387047116,564.8157481889149,2302.94830,23029483000
1189.322348173463,556.3682927224129,2303.17910,23031791000
1191.6620289686225,531.8837984644646,2303.40660,23034066000
1181.2130189683494,517.6520290613536,2303.63520,23036352000
1183.0246500261544,549.8920743954035,2303.84950,23038495000
1161.2738847392568,572.0143468765566,2304.07050,23040705000
1122.1588506683024,578.2957982380273,2304.30960,23043096000
1148.2875741797664,645.0217198746603,2304.53060,23045306000
1181.8640994748805,626.9436874678817,2304.74830,23047483000
1168.1028858914217,669.420371779845,2304.97710,23049771000
1088.9159998565865,696.0894757148985,2305.20920,23052092000
970.9081583940563,657.9484482654648,2305.43790,23054379000
964.1702937345716,648.7506383444096,2305.67210,23056721000
964.0655172063438,682.5862109219111,2305.90200,23059020000
946.7497842090185,729.1929307258857,2306.13320,23061332000
897.127862912123,694.8128696856952,2306.36890,23063689000
867.6281084531154,708.4625050987082,2306.60400,23066040000
920.3849531972509,600.1888340466335,2306.83670,23068367000
925.6383090913887,615.3390817572863,2307.06340,23070634000
974.5151255505708,531.9227564211778,2307.28980,23072898000
948.9269518344875,422.9265537818608,2307.51780,23075178000
904.8352388909101,362.85706762554315,2307.76000,23077600000
863.4810160776165,330.746587323663,2307.99630,23079963000
892.3767458184618,372.6165325883235,2308.22410,23082241000
837.8150823341452,390.1585973452353,2308.46190,23084619000
805.7763380115255,516.0553637048699,2308.68840,23086884000
733.9831329278242,596.2213458049828,2308.91570,23089157000
893.2760195744972,691.0980644951854,2309.15040,23091504000
891.6109755286546,746.6837103493172,2309.39000,23093900000
1004.636990605155,747.3784599970966,2309.61860,23096186000
1069.696247821187,688.3791880175601,2309.84000,23098400000
1080.5717187171365,640.933659312256,2310.09620,23100962000
995.1268162663216,629.372592617403,2310.33690,23103369000
1070.1432886923164,577.9084127794383,2310.55960,23105596000
1169.2877554246138,549.0732800560086,2310.78720,23107872000
1185.7119358075515,527.8232631491198,2311.04150,23110415000
1205.2811596965998,516.0289409747198,2311.26940,23112694000
1198.9543145644575,521.112593513198,2311.50030,23115003000
1108.4568166679892,583.7407540874145,2311.73190,23117319000
1024.9547048417692,605.4999464939067,2311.95410,23119541000
959.7614879915936,665.6400630890794,2312.18840,23121884000
974.9580634098436,629.0424304133625,2312.41940,23124194000
992.9659318739988,690.6549197986502,2312.65220,23126522000
994.752066855194,664.9068575231902,2312.88940,23128894000
1019.9208488813118,673.876958628194,2313.11190,23131119000
1043.0796972025005,691.576001115618,2313.33230,23133323000
1169.9945514130056,706.9986372754901,2313.55670,23135567000
1298.5816682948168,681.8537910055868,2313.77730,23137773000
1235.417394824864,641.2337269605598,2314.00640,23140064000
1148.7622192516199,630.7253419944276,2314.23080,23142308000
1190.6676420005638,642.9254500251163,2314.45920,23144592000
1134.5802649586399,663.8469833295484,2314.67970,23146797000
1126.488082568611,704.7484189339485,2314.90990,23149099000
1191.2167114138297,786.0842645791813,2315.13570,23151357000
1186.0909907049904,821.8393977911392,2315.36390,23153639000
1122.0515111458944,834.6241007429637,2315.58400,23155840000
1044.2960569308188,793.84256870117,2315.80710,23158071000
993.2528599157961,819.1752254238571,2316.03420,23160342000
958.3212922248716,788.6811088271696,2316.25790,23162579000
933.5118072154121,793.196852041245,2316.48560,23164856000
899.2339493634192,768.2803737035181,2316.71410,23167141000
1013.7205366743256,774.3910891698555,2316.93790,23169379000
1128.185221751762,757.1554522259529,2317.17540,23171754000
1196.3069136219492,762.1360580004061,2317.40640,23174064000
1225.9153487004478,727.9680582352673,2317.66880,23176688000
1286.5208290737708,701.5168328459492,2317.89700,23178970000
1286.9857072069312,671.4765938309647,2318.13410,23181341000
1240.6725958526224,658.639853130548,2318.36090,23183609000
1192.5078346414248,684.875092175945,2318.59100,23185910000
1202.861863052167,648.2924990877362,2318.81850,23188185000
1176.3359566730915,624.1459208366183,2319.05730,23190573000
1139.300771758367,624.4367780858239,2319.28600,23192860000
1081.8347100328233,663.5275127985745,2319.54710,23195471000
976.231772758802,691.1496619475637,2319.78800,23197880000
939.998017378941,673.3700190390989,2320.01340,23200134000
942.8392035647502,707.2934918304334,2320.23830,23202383000
989.7836552338927,706.9766246975221,2320.47510,23204751000
1009.043439372771,758.6133084676742,2320.70580,23207058000
1010.9020191501177,796.9062252576994,2320.92840,23209284000
1019.1457558359605,819.6350100369023,2321.14780,23211478000
1047.3053718964334,808.773284273663,2321.39160,23213916000
1047.3884675931154,758.4922494660971,2321.62380,23216238000
1081.6809510603919,746.0846639054552,2321.84710,23218471000
1031.4728725651103,747.819389417057,2322.07900,23220790000
869.3406036448616,681.2169042773974,2322.31270,23223127000
809.0431129039708,658.5712090924666,2322.54310,23225431000
743.5258901041335,599.3120020008718,2322.77200,23227720000
857.867914568821,560.1848807816059,2323.01850,23230185000
818.1416812750889,610.4288669150862,2323.25950,23232595000
705.8653494344499,531.270792871628,2323.49980,23234998000
698.2838723626207,478.2964866187721,2323.73480,23237348000
697.2818305471095,440.8823765614711,2323.96390,23239639000
681.5631480962454,501.76910063904535,2324.19520,23241952000
668.8331609845551,531.5118832403143,2324.43050,23244305000
692.5215524995383,508.93776188104135,2324.67220,23246722000
631.5717117603102,480.9258765008397,2324.91140,23249114000
738.696674462117,509.52546958270017,2325.15090,23251509000
775.6501789340196,509.08341163805153,2325.39410,23253941000
769.6168865897886,538.4791478870507,2325.62400,23256240000
807.7764373772154,558.5896886411022,2325.87490,23258749000
708.3120364749641,594.818157487741,2326.09840,23260984000
654.0439392038035,570.5965813579969,2326.32320,23263232000
602.8450990401925,648.8415745569228,2326.56440,23265644000
621.508341541999,623.6737789242437,2326.79590,23267959000
652.2685667379366,605.3781422307611,2327.02840,23270284000
785.555834108718,658.5027136783148,2327.25430,23272543000
900.5351154637391,605.0252235499489,2327.48630,23274863000
935.7925484725005,587.5640519690838,2327.71560,23277156000
878.5296070247138,571.201747751495,2327.94940,23279494000
902.9468799560882,533.5925581930322,2328.17820,23281782000
874.9985080594586,538.6401148499259,2328.41070,23284107000
866.2645534735585,563.7781300235876,2328.63990,23286399000
909.9714827997268,545.5671405193935,2328.87150,23288715000
935.5124566270663,534.7261911927602,2329.10780,23291078000
899.4643476465731,563.1455818260605,2329.32680,23293268000
965.7962638599677,542.3458521258091,2329.54990,23295499000
1032.8705216040207,545.8773688532997,2329.77110,23297711000
1039.1195114594798,524.3784730914671,2329.98840,23299884000
1049.59836970299,547.180538273324,2330.21340,23302134000
1008.7494322365911,556.669513271572,2330.43460,23304346000
1056.8854847075845,515.6328615618806,2330.66130,23306613000
1066.2684535091867,493.4990105084577,2330.88680,23308868000
1042.3334373271143,458.3030471858863,2331.11130,23311113000
977.1051099280791,427.46257538226706,2331.33870,23313387000
969.3027329798667,439.5180385384889,2331.57150,23315715000
964.466672872798,411.4053494105493,2331.81610,23318161000
865.4112459941928,461.23026129347386,2332.05950,23320595000
802.502083795005,453.53979034971604,2332.29420,23322942000
709.9135377746791,469.6911415933761,2332.52860,23325286000
635.7837909822028,470.83990394661686,2332.75300,23327530000
650.7336247181873,504.4258631188646,2332.98660,23329866000
691.2973240661913,563.9723904406726,2333.21250,23332125000
685.4270520334994,591.3476964690051,2333.44110,23334411000
717.8914681442311,559.2933272750502,2333.66250,23336625000
759.6496278586766,524.1037846115388,2333.88540,23338854000
796.9212665225137,486.25792493150215,2334.12040,23341204000
885.4921569547117,485.0928958014034,2334.34370,23343437000
882.4589601869714,522.052319447121,2334.56450,23345645000
815.2865295476906,527.7612224745344,2334.78960,23347896000
834.7209132602292,541.5421765390606,2335.01410,23350141000
807.4324769330349,554.2716985143229,2335.23970,23352397000
802.9269440045155,550.4767690473602,2335.48170,23354817000
800.254096969565,560.2354881775259,2335.70780,23357078000
858.6106453612998,524.6182997122951,2335.94230,23359423000
894.5356903241614,501.89389570486225,2336.16270,23361627000
956.1778905070079,491.3406192132401,2336.39430,23363943000
994.181611763963,459.83022117321013,2336.61840,23366184000
1088.1933733589585,412.96440609857376,2336.84440,23368444000
1163.2821182007265,441.16687297373176,2337.07960,23370796000
1167.9373194889497,429.1280418554614,2337.30520,23373052000
1189.477579061491,439.7298946557183,2337.53920,23375392000
1196.3840237813154,445.8215993736419,2337.76390,23377639000
1161.2268050432194,424.19226725300814,2337.99050,23379905000
1091.0026625426556,491.85880473151553,2338.22540,23382254000
1032.6124276927585,571.8670942442332,2338.45190,23384519000
897.5864657413181,658.2265529984276,2338.67900,23386790000
731.993704162435,692.434612097917,2338.90090,23389009000
807.7580441578409,782.9289315637318,2339.13240,23391324000
857.6275300776897,877.1710596172431,2339.36290,23393629000
925.3067790959037,903.1319508395128,2339.58850,23395885000
1057.857641484622,917.7179601070967,2339.82020,23398202000
1205.6716000057465,859.8953290201141,2340.05290,23400529000
1322.028813994789,803.0278697910181,2340.27900,23402790000
1422.265595931273,670.0862623139459,2340.50820,23405082000
1383.4023382357484,603.3994190319272,2340.74610,23407461000
1288.2459639006508,535.0241729721536,2340.98820,23409882000
1151.3086942376221,419.32129240625227,2341.22050,23412205000
1040.5967519846015,418.64557957321387,2341.45350,23414535000
945.702354564341,430.3722170243646,2341.69210,23416921000
944.082556309112,457.21394349464254,2341.92880,23419288000
929.3432305430014,424.157802926175,2342.16270,23421627000
858.7339730172719,432.1861836091449,2342.40210,23424021000
768.7078065975052,475.1185850858824,2342.63950,23426395000
795.6558358739322,483.8930385714265,2342.86830,23428683000
765.4753581271559,391.4336691763122,2343.09490,23430949000
676.9582767344551,342.98148411104125,2343.32360,23433236000
674.1664081844572,323.47190910505645,2343.55980,23435598000
743.6666674254129,296.09808604102926,2343.79880,23437988000
777.1703617858633,282.9200308236909,2344.04510,23440451000
813.665031211384,248.65472922936357,2344.28190,23442819000
828.8010927110289,221.94445063052493,2344.51390,23445139000
921.0462151596988,213.909877810489,2344.74800,23447480000
1079.0556385173993,217.61702714031253,2344.98690,23449869000
1128.0858790653474,186.8030796308082,2345.22070,23452207000
1306.5951013040162,186.15071253190155,2345.45390,23454539000
1262.5504216517065,260.039811188774,2345.68540,23456854000
1207.7871567186535,304.5817759896222,2345.91580,23459158000
1205.591484987102,342.79336178236326,2346.15200,23461520000
1076.218510256214,395.7550631574484,2346.38150,23463815000
998.3852583309578,465.38907658401433,2346.61500,23466150000
949.6844819465441,436.1754040862005,2346.85840,23468584000
917.9166138227537,432.99634299213164,2347.08440,23470844000
800.4125068233179,516.7110908666914,2347.31440,23473144000
725.1760481352487,546.108068326143,2347.53880,23475388000
786.9910543214751,628.376286231222,2347.76810,23477681000
838.8076405068134,703.4098356164789,2348.01350,23480135000
863.3841131804517,759.0162511678192,2348.24950,23482495000
911.1412733783666,776.4643828889208,2348.47260,23484726000
977.1785965152308,784.7606922733784,2348.69910,23486991000
947.3713682111057,763.9709150693517,2348.92510,23489251000
990.9752606142858,726.0312375932865,2349.14630,23491463000
1046.3718039722066,736.7279166152182,2349.37420,23493742000
1125.0041006738227,709.2316579946286,2349.60520,23496052000
1111.1329724873362,673.17421478862,2349.83370,23498337000
1114.166223423073,609.0991833223692,2350.06160,23500616000
1106.3434548477544,572.7394184474883,2350.28750,23502875000
1137.4833264354156,527.8172254247174,2350.51350,23505135000
1186.2130508448033,506.9786571205477,2350.74720,23507472000
1120.0496115893866,494.0775977834057,2350.97960,23509796000
1007.7575916069902,478.29998923801656,2351.20950,23512095000
1044.3467043294072,519.9289120675853,2351.43620,23514362000
1067.9403537055882,563.747910135414,2351.66450,23516645000
1107.4398100666174,558.7098982499916,2351.88650,23518865000
1172.5727083111374,607.8392962970111,2352.11480,23521148000
1169.3338459693423,668.0257409490412,2352.34040,23523404000
1128.972361422721,681.0165188138063,2352.57100,23525710000
1097.6800022718537,755.5783327661417,2352.80090,23528009000
1087.559991624163,840.1102809312974,2353.02800,23530280000
1080.3446288834803,887.6072350056181,2353.26420,23532642000
1055.8666148397951,938.9701910912725,2353.50080,23535008000
1002.405269339769,952.2800418936768,2353.73130,23537313000
1000.8337524974877,857.5886014433028,2353.95900,23539590000
971.9363929781689,715.7300299967084,2354.19190,23541919000
894.4853522811845,593.2703081378362,2354.42980,23544298000
903.7764765463554,520.8298093565456,2354.67050,23546705000
787.1315622106767,466.9144039710237,2354.90000,23549000000
758.6440468130103,445.75286665328,2355.12850,23551285000
706.2508134559547,400.436713478934,2355.36620,23553662000
611.9883090250433,277.00978896179305,2355.59750,23555975000
589.773421975435,243.88430611932517,2355.83360,23558336000
539.2369298551541,197.39961279708075,2356.06240,23560624000
463.46043671377316,133.7916258101466,2356.28710,23562871000
397.26935394491386,101.94961372066695,2356.52310,23565231000
365.96010819111245,113.10133183504334,2356.75850,23567585000
321.95516902589975,97.69201217651779,2357.00120,23570012000
282.5372551819218,133.05659154004596,2357.23250,23572325000
174.98357473995475,143.4154519852337,2357.45630,23574563000
175.57718573920604,178.96991833351876,2357.69310,23576931000
219.68149438800418,208.66665570414142,2357.93180,23579318000
235.4434501129559,245.02834572284272,2358.16250,23581625000
340.7337139678641,237.69440489130085,2358.39620,23583962000
459.2746001120149,252.984893296272,2358.62850,23586285000
517.7674503970293,240.28945916097885,2358.86330,23588633000
612.3590300003319,238.09975335971882,2359.10030,23591003000
613.3325735336808,227.0413392472677,2359.32610,23593261000
617.4741952865817,231.25671105142987,2359.54840,23595484000
539.7599461576764,258.84950695291445,2359.77890,23597789000
531.8201463961108,235.80985401900796,2360.00950,23600095000
408.76066741833955,260.067100757951,2360.24390,23602439000
415.0271939768661,259.0239568564416,2360.47450,23604745000
430.2868689723921,252.28102722678088,2360.70700,23607070000
326.9589962495574,245.737845143029,2360.93480,23609348000
426.50710392708004,301.0279093922414,2361.16280,23611628000
437.37291437928246,315.05124919827193,2361.40520,23614052000
450.89130193269995,285.7305368073925,2361.63380,23616338000
505.16225344280537,293.013745388718,2361.85730,23618573000
593.0438513824238,314.2680274634748,2362.08350,23620835000
590.8206825823124,299.69855429418106,2362.30910,23623091000
718.4808213814088,337.35118202069054,2362.54190,23625419000
749.6585908794798,326.84166881816765,2362.77850,23627785000
802.9551403976046,372.95831410770273,2363.00650,23630065000
821.9757046912957,381.9497669367761,2363.24760,23632476000
718.3542912565731,367.85818007681945,2363.48990,23634899000
719.8979433998949,353.0364020994827,2363.72010,23637201000
613.4727876956185,356.60775740222437,2363.94490,23639449000
490.57948432201533,354.9930506061168,2364.16530,23641653000
387.8748414286577,394.5198785527387,2364.38250,23643825000
332.57046176686475,356.8352412725506,2364.61010,23646101000
283.2964614784373,395.017839991846,2364.83320,23648332000
277.9500104864176,380.43952511314916,2365.07070,23650707000
262.7484061067561,364.10097517861965,2365.29240,23652924000
301.3891122312718,331.1929802753,2365.50990,23655099000
378.133626289688,361.49007016470216,2365.73160,23657316000
478.74271922405643,374.6359231333174,2365.95020,23659502000
532.0216570084738,335.71336587522296,2366.17930,23661793000
708.9254317834688,354.91952533426627,2366.39900,23663990000
718.7706067640726,345.7277234145254,2366.62980,23666298000
656.6449708994548,392.8845413870841,2366.85410,23668541000
552.1807024291771,351.4748503334361,2367.11280,23671128000
559.1675836931314,397.7952352117405,2367.34550,23673455000
556.7605168495168,413.75594046913614,2367.57260,23675726000
666.6790849537393,388.44664846453804,2367.79460,23677946000
753.3471224658824,421.32178828565714,2368.01940,23680194000
882.547122171213,495.5756495664546,2368.23910,23682391000
957.235596205582,577.7940248287895,2368.47350,23684735000
1048.0072302684205,616.703088541251,2368.69980,23686998000
1167.6335381933402,658.5259763456334,2368.92890,23689289000
1246.4277597024875,683.5199514721531,2369.15660,23691566000
1255.131166853675,700.0089703952524,2369.39460,23693946000
1334.8781787399648,696.8044555805511,2369.62250,23696225000
1348.2798032835497,683.3686036347024,2369.85470,23698547000
1299.943545515017,720.65082069812,2370.07490,23700749000
1309.862759557941,730.7394791835484,2370.29960,23702996000
1261.8974340930795,728.3720235192314,2370.52750,23705275000
1236.924537573122,701.461252343463,2370.74460,23707446000
1243.3576524208427,700.6365779685319,2370.97710,23709771000
1156.8856842037185,721.1395306147471,2371.20850,23712085000
1136.8362264676316,721.7322714664258,2371.43860,23714386000
1108.2021134553675,717.2241258956685,2371.66840,23716684000
1102.4183590792968,734.968676449248,2371.90570,23719057000
1082.967357231946,718.4547925690027,2372.14270,23721427000
1046.8859300324589,736.7495693601671,2372.37800,23723780000
1074.3363610043023,782.1720101179505,2372.60520,23726052000
1059.6657196063418,825.5552925901753,2372.83950,23728395000
1060.3168668547507,845.3461532871037,2373.07850,23730785000
1025.6972469812772,860.5222954744551,2373.30870,23733087000
924.0374218741117,831.9472452775772,2373.54200,23735420000
911.636654112927,817.5181332928405,2373.77700,23737770000
760.9804153740221,707.7949364141984,2374.00660,23740066000
647.2653953636442,603.5902913538005,2374.23780,23742378000
512.1509369283688,524.6266976322207,2374.46010,23744601000
416.32456580093117,489.37214253568806,2374.68530,23746853000
428.04307817090813,474.38595924307464,2374.90910,23749091000
540.8548232058602,472.73566292698143,2375.13120,23751312000
585.8920052201214,495.4540860764032,2375.36300,23753630000
722.4914381188325,538.917365041681,2375.59240,23755924000
851.3462978667505,577.7221553213527,2375.81950,23758195000
922.2808163419792,577.7474006133567,2376.04180,23760418000
956.7748663231256,563.8806208323804,2376.27430,23762743000
1036.41898922804,558.3200533980511,2376.50760,23765076000
1091.2884021264133,551.9101709016437,2376.74270,23767427000
1071.6588341231625,479.11689983676916,2376.97050,23769705000
1076.353630839914,423.4796845314983,2377.20630,23772063000
947.8020232091978,343.8029256046765,2377.42860,23774286000
800.131915662888,311.38590629260847,2377.65920,23776592000
670.5181840424481,286.89882457488943,2377.88450,23778845000
748.8305517175439,275.7402368328361,2378.12160,23781216000
846.8964021805109,302.77299766763645,2378.34160,23783416000
897.267926576736,374.00286465789145,2378.56580,23785658000
919.5157034630514,377.9903647399553,2378.81030,23788103000
902.8544542078295,421.70786492856985,2379.03590,23790359000
920.120516025019,443.8242788979315,2379.26080,23792608000
952.2694722584083,489.43968713590533,2379.47400,23794740000
976.7136654367256,524.0957572672568,2379.69780,23796978000
901.5326018921244,536.7326559704061,2379.91970,23799197000
883.2890178898339,585.498461562099,2380.17100,23801710000
892.691158285957,604.3082527567948,2380.41070,23804107000
861.7729458336548,627.1846998339723,2380.65780,23806578000
867.0338277244922,636.793454093385,2380.89700,23808970000
864.0315676973061,652.6125036828173,2381.11860,23811186000
890.4609107650551,703.2089162062846,2381.36020,23813602000
931.4223133582813,743.3760757133152,2381.60550,23816055000
888.170002917642,705.5604074502985,2381.83850,23818385000
844.623231392567,712.9252225559462,2382.07770,23820777000
893.8011145900601,719.468414690128,2382.30140,23823014000
893.7560023655011,691.1765967551219,2382.53150,23825315000
885.7220409609391,734.7015571366159,2382.77280,23827728000
870.6578115222665,762.2523310314525,2383.01750,23830175000
870.4481246888206,727.1905673042895,2383.24650,23832465000
903.5305239073892,733.9216155930272,2383.47640,23834764000
905.4623110585424,730.9630169481527,2383.70020,23837002000
928.7362979725093,761.9170288484474,2383.93140,23839314000
870.4556564875265,655.9383995081084,2384.16150,23841615000
958.6902173511402,581.5296750581256,2384.38850,23843885000
1003.2250280382634,515.237374317179,2384.61770,23846177000
999.8952599801302,459.32563332936417,2384.84800,23848480000
946.1359955343776,401.53978565057645,2385.08310,23850831000
1012.8811523693076,344.7727246951555,2385.31560,23853156000
1016.4669212035587,374.1424451040937,2385.54400,23855440000
1039.3443386363558,383.419161463022,2385.79190,23857919000
990.3043151349596,387.8299999846217,2386.02930,23860293000
988.8056223818926,388.5297482290028,2386.26830,23862683000
1091.0574180616366,438.4984089805218,2386.50290,23865029000
1195.4792812283367,453.34835139764755,2386.73190,23867319000
1151.1373780023764,534.3441120116855,2386.95800,23869580000
1149.2521976970575,608.6758447073586,2387.17710,23871771000
1060.6730569202255,684.3096051158069,2387.39810,23873981000
1007.6377693054945,743.740895115996,2387.62960,23876296000
1028.7297477274824,746.0588562330489,2387.86960,23878696000
1023.9670209656346,685.4312675250274,2388.09970,23880997000
1012.1800797439073,697.1850031008437,2388.34280,23883428000
1036.0603771240517,695.8145647424362,2388.57390,23885739000
1162.6359573192237,561.6399789624763,2388.80650,23888065000
1261.3877930758595,475.80325641916954,2389.04010,23890401000
1158.456529503325,430.6546547360527,2389.27060,23892706000
1116.7098438958426,396.2512544251973,2389.50710,23895071000
1050.4600592319737,373.4758818668263,2389.74010,23897401000
984.9438115739948,341.1132181167141,2389.97110,23899711000
940.3242375246482,315.7176544944365,2390.19330,23901933000
812.896376021678,326.71359440685,2390.42770,23904277000
738.3014292459065,348.4662343737625,2390.66570,23906657000
662.2663888460962,410.3938317045474,2390.89030,23908903000
635.3731796711294,471.72512671242737,2391.11130,23911113000
662.0739773129725,438.34263506184504,2391.34600,23913460000
745.4975567270772,496.3599967342799,2391.59460,23915946000
781.7120766505054,562.872945249737,2391.82750,23918275000
803.2932871392568,600.8280124517939,2392.05540,23920554000
827.7782223760079,602.2856030382446,2392.29170,23922917000
876.9993497835934,641.2147029019803,2392.50740,23925074000
924.787495958302,679.6132207796634,2392.73610,23927361000
970.2735486641241,697.8401392517649,2392.96590,23929659000
977.2726736544488,730.8217317464818,2393.20230,23932023000
991.8520228199236,732.7325844579768,2393.45940,23934594000
921.9939809808194,766.4270053030122,2393.69800,23936980000
878.8084868947376,795.3298428915165,2393.91730,23939173000
827.3068248945924,812.6176596313168,2394.14260,23941426000
880.237196062041,775.7000718805766,2394.37530,23943753000
932.4585820519724,778.9238174022678,2394.61460,23946146000
937.7197277359822,734.5774420341678,2394.83930,23948393000
941.4168342456162,710.4315210146494,2395.06720,23950672000
969.7236426919418,687.6646447722147,2395.30250,23953025000
997.2776484429249,658.165526848929,2395.56010,23955601000
1048.1585173533038,641.3787475195738,2395.79310,23957931000
1084.2782768732063,651.0115981395844,2396.01840,23960184000
1057.9922511431935,689.2750161762056,2396.25590,23962559000
1009.4979507481886,690.8378745492864,2396.48060,23964806000
975.6390363938422,686.0973083958556,2396.73150,23967315000
974.3805411366795,662.6313606991168,2396.95550,23969555000
999.3868975936261,657.8860223426857,2397.20710,23972071000
1004.3168223566579,692.7420709971869,2397.44380,23974438000
991.4708383435009,695.5860654749314,2397.66760,23976676000
995.1428721139238,716.1022352865405,2397.90120,23979012000
1009.7208383157315,738.0167341540895,2398.12790,23981279000
1040.8447975762863,736.7296041882836,2398.35360,23983536000
975.0939858187545,755.9990783680732,2398.57850,23985785000
988.7881421515672,749.4449396133172,2398.80120,23988012000
948.5033105335846,783.7929215404008,2399.03180,23990318000
969.0833084619113,805.2633811050003,2399.26170,23992617000
973.2318399023899,777.0936021512931,2399.49710,23994971000
1072.3464970224659,761.7599374748386,2399.72830,23997283000
1030.126366515573,758.5400759481798,2399.96570,23999657000
998.4869140006767,752.3666828831302,2400.18820,24001882000
995.8908333632245,788.0136191190788,2400.40820,24004082000
1009.7060565692757,783.9677958214562,2400.62950,24006295000
965.7943487977362,759.9812061960473,2400.85600,24008560000
952.6511511331738,735.9619087664254,2401.10640,24011064000
894.193829181606,724.4342448196851,2401.32980,24013298000
912.2441702624627,670.8027624921045,2401.55790,24015579000
821.8989950775201,648.2549612280809,2401.80150,24018015000
755.589316069829,595.6394282534162,2402.04370,24020437000
744.8419861577468,591.4466467457111,2402.26340,24022634000
859.0278849074895,623.5783744010863,2402.48830,24024883000
909.2543166578254,625.8682866432474,2402.72330,24027233000
998.0086405283523,644.6152064152416,2402.95800,24029580000
1098.1709878946717,652.5446064930463,2403.18520,24031852000
1135.6627405449644,662.8653363472087,2403.42760,24034276000
1188.0839486037135,665.0724713632051,2403.67240,24036724000
1230.2859800877843,666.9765012538684,2403.91440,24039144000
1302.6883613048474,623.564343495612,2404.17940,24041794000
1289.648823978161,617.7624870915303,2404.40320,24044032000
1219.5726396256432,630.8021226868598,2404.62570,24046257000
1260.0042169384915,611.6932572040251,2404.86400,24048640000
1235.4130412644224,624.6042581999017,2405.09140,24050914000
1187.3442202476595,663.6940001594988,2405.32570,24053257000
1139.1884706773728,655.3655414084928,2405.55500,24055550000
1190.4143285744653,684.7979058339495,2405.79910,24057991000
1161.338076436405,707.0091807234288,2406.03310,24060331000
1143.6833577442226,736.2224542797923,2406.26310,24062631000
1096.7892386279768,746.7713374718836,2406.49450,24064945000
1039.2032554088707,779.8369278737221,2406.73270,24067327000
946.8370052042371,761.3937933465145,2406.95820,24069582000
886.4370634677862,850.598882329645,2407.17920,24071792000
845.0659571363902,827.7264182698481,2407.40070,24074007000
834.5467012759842,810.8301387922638,2407.63370,24076337000
789.4098590331976,784.5884702452425,2407.85800,24078580000
754.2232218603237,772.9267162137614,2408.09790,24080979000
799.7122606288341,764.5907381809203,2408.31760,24083176000
895.7595241155507,706.2270701834948,2408.55670,24085567000
960.4290578767664,681.41461173392,2408.78100,24087810000
1026.274134971494,648.432071710734,2409.02770,24090277000
1065.2666617135876,640.1901271466377,2409.26450,24092645000
1072.8419313137108,616.1889691634295,2409.49490,24094949000
1075.3008346846402,599.6286002036294,2409.72670,24097267000
1086.693895855836,573.6092957614836,2409.95640,24099564000
1113.2638359336343,556.8509560253038,2410.20140,24102014000
1145.4710312896339,565.9461935443336,2410.43730,24104373000
1183.5764493205318,548.0750490434391,2410.66600,24106660000
1227.9988823194908,539.819671407639,2410.88710,24108871000
1198.423201092974,533.2796844851055,2411.10870,24111087000
1192.4529864214817,509.0007618783559,2411.33160,24113316000
1175.2835215831058,536.2763905346179,2411.55110,24115511000
1161.0201484184447,551.3158899025286,2411.77850,24117785000
1132.9945093952335,570.4394184450351,2411.99640,24119964000
1036.0803852848974,584.5389282491176,2412.21180,24122118000
1041.870369270638,558.117671619009,2412.44120,24124412000
1018.3106520847508,584.1569867170733,2412.67370,24126737000
1034.3669118994967,571.2521243968773,2412.90980,24129098000
1024.1083757426632,540.9838188306438,2413.14270,24131427000
999.8831749274265,521.0669596124925,2413.36950,24133695000
979.775297393135,532.9620760171002,2413.59870,24135987000
1011.3207460717155,537.8659160449777,2413.82900,24138290000
1017.3046120922724,586.4921146134033,2414.06830,24140683000
1032.7416787540915,588.6378068081076,2414.29180,24142918000
1060.2000258461903,573.4304367955123,2414.51000,24145100000
1061.1656878194235,576.2333894849429,2414.73320,24147332000
1128.1127638014998,616.4023543028402,2414.96050,24149605000
1044.1600622717492,622.6191121454813,2415.17360,24151736000
1007.5116657648981,630.991239632268,2415.40120,24154012000
995.9581772629015,699.8440295706838,2415.61730,24156173000
1045.057873881835,686.0876351351321,2415.83990,24158399000
1051.5672902496883,711.2552353238101,2416.06000,24160600000
1072.4661627406526,711.6626391828158,2416.28200,24162820000
1006.8275881342727,732.4161107146787,2416.50820,24165082000
1010.9866251321005,727.2506199210392,2416.75420,24167542000
969.4048969398754,731.8352708589791,2416.99300,24169930000
997.9061034221307,763.866123759638,2417.24380,24172438000
989.5088235284018,764.89011632062,2417.49550,24174955000
990.9667219171373,796.4952813310869,2417.72500,24177250000
944.8618259501563,807.9744090643475,2417.95730,24179573000
928.6213952185506,838.6415687417168,2418.20510,24182051000
885.0890331944527,839.0804562834818,2418.44160,24184416000
927.0728443481129,855.9386420443312,2418.68040,24186804000
988.1207288919531,774.2208422084502,2418.91160,24189116000
1040.83520006221,743.185535669225,2419.14710,24191471000
1055.2095442829077,715.7706376397111,2419.36740,24193674000
1043.4792016320591,712.1095370550084,2419.59000,24195900000
946.4172022109364,700.7571084083705,2419.82980,24198298000
972.9756620566226,700.0630915670484,2420.06190,24200619000
1077.6032948243726,721.5803579433881,2420.29480,24202948000
1121.854756424934,747.1964398982304,2420.52240,24205224000
1120.8131327713054,764.5599140648196,2420.76150,24207615000
1166.8541871343468,747.994764738668,2420.99270,24209927000
1193.3064405331904,733.7283584686887,2421.22630,24212263000
1203.8924471699513,740.0849625801217,2421.46300,24214630000
1210.3009876818323,706.6491976735117,2421.69210,24216921000
1224.3243020134819,722.4846054904799,2421.93410,24219341000
1159.7157519079212,729.2059161304707,2422.16860,24221686000
1146.359177496632,756.3505950255826,2422.40710,24224071000
1129.2679448134172,765.636423027693,2422.66190,24226619000
1078.158780675007,757.1751322253853,2422.88650,24228865000
1070.4264530314338,753.6822701656895,2423.12200,24231220000
1066.651963314621,795.4593601238131,2423.35830,24233583000
1020.1626126418679,759.3509431760267,2423.59850,24235985000
976.2797563242351,748.4806449423529,2423.82640,24238264000
918.2555415582352,757.9727492017769,2424.05760,24240576000
919.1264142127502,743.3607614680394,2424.29730,24242973000
868.4009310627761,727.7138719765173,2424.53510,24245351000
831.754555330486,752.5385334207667,2424.78920,24247892000
829.8357079656042,745.5266903335281,2425.01940,24250194000
841.1455181751513,708.3514111659241,2425.23720,24252372000
804.1293365414238,725.4908539810875,2425.47780,24254778000
867.3071122488639,727.1310161153406,2425.70930,24257093000
950.5500532072563,715.4642616714411,2425.94090,24259409000
984.2593573415774,703.4069693715898,2426.16350,24261635000
1036.3456265073362,649.5680174050813,2426.39790,24263979000
1035.0087026015092,673.9474791474258,2426.64260,24266426000
998.8004196858712,669.3343990618279,2426.89840,24268984000
1030.0879521401291,631.867064670579,2427.12900,24271290000
1084.2636419402868,642.5996980399867,2427.36010,24273601000
1107.4805324310657,660.546878246859,2427.59420,24275942000
1084.2638817998595,684.2584267311003,2427.83020,24278302000
1132.9597765831631,662.1837750037851,2428.05940,24280594000
1164.6985066884208,649.1404470602043,2428.28630,24282863000
1136.3750872158248,603.5859871199492,2428.53580,24285358000
1104.3809520200823,577.4127026969442,2428.76390,24287639000
1043.115099745918,574.4281979659089,2428.99160,24289916000
962.1620712411743,556.3449909757843,2429.23530,24292353000
997.2509687219406,528.9195167659645,2429.46860,24294686000
1000.8883178138424,565.3756073233075,2429.70420,24297042000
1024.8168439446163,565.5680293268828,2429.92920,24299292000
1109.2361627251307,545.8434849307622,2430.15920,24301592000
1082.289266430289,561.6725094392871,2430.40100,24304010000
1061.8070334589095,586.2343987168614,2430.62690,24306269000
1069.7108821468396,607.0849756732922,2430.85060,24308506000
1024.449103696295,589.7420541626964,2431.08940,24310894000
965.2902111787758,622.5456698111965,2431.32350,24313235000
914.7541967282705,674.5068111810492,2431.56790,24315679000
850.4832097267475,748.2180256742494,2431.79380,24317938000
834.3214099394684,786.7544087529885,2432.02010,24320201000
743.096918362255,815.0231190058347,2432.24510,24322451000
732.1150184972836,833.4888516926968,2432.47690,24324769000
778.9638995146797,855.3271730027742,2432.71480,24327148000
769.6252848145189,879.352214800281,2432.94530,24329453000
762.2454229285828,787.2294635798975,2433.17720,24331772000
844.306433711413,679.8537665033828,2433.40070,24334007000
792.3212865389889,654.3828041487617,2433.64300,24336430000
739.6247657631312,605.4495809737557,2433.87760,24338776000
721.7315859302895,515.6143066880243,2434.10850,24341085000
739.9236310231148,484.7868941399667,2434.33940,24343394000
823.9024017411592,538.3018689091984,2434.56700,24345670000
874.7643575441064,599.6752793896029,2434.79090,24347909000
865.7731178606125,555.6100428431507,2435.01600,24350160000
912.4106618040692,502.24487517696446,2435.24450,24352445000
1054.8289848826798,445.29612501244367,2435.47750,24354775000
1034.0809341541785,420.82636403323176,2435.70600,24357060000
1000.6963180581329,435.3647757179064,2435.93190,24359319000
920.8407676484944,391.4755822048012,2436.15710,24361571000
901.6644323849551,413.74109544429984,2436.37710,24363771000
1042.4795884889854,381.97344913123976,2436.59860,24365986000
1066.299644230107,383.87807697349103,2436.81560,24368156000
1040.862859612356,378.8319014529584,2437.03920,24370392000
1082.1065541203047,390.05470581047297,2437.26180,24372618000
1042.6211724194304,478.0203094457817,2437.50450,24375045000
988.7437349618901,532.6614843913693,2437.73210,24377321000
924.9106661483735,629.2989892871367,2437.96010,24379601000
794.0077370686965,566.8607628850349,2438.18350,24381835000
775.4545807388772,546.0120886708517,2438.42340,24384234000
724.6369284006519,568.0247457979212,2438.65010,24386501000
857.7018417230382,596.1470558416001,2438.87040,24388704000
977.3636112698921,607.2260570283705,2439.09770,24390977000
882.9041965559998,643.5439885106475,2439.32660,24393266000
810.5447499347105,600.8331894148915,2439.54950,24395495000
700.9542159629337,599.1480380275804,2439.77670,24397767000
748.546100881541,642.7489996474541,2439.99850,24399985000
854.4326992346548,657.7275729186327,2440.21800,24402180000
907.0429617321602,686.7286594956339,2440.43900,24404390000
950.764399892265,666.6059532392381,2440.66790,24406679000
974.5557675803159,594.2275268073664,2440.90330,24409033000
1007.2619712243492,582.1809892360131,2441.13770,24411377000
977.7744678189888,602.3878870312974,2441.36490,24413649000
1022.3364889156821,641.0031760125098,2441.59500,24415950000
1064.1821689749356,621.0422436517059,2441.82100,24418210000
1109.1763393972806,653.4797330080715,2442.04710,24420471000
1157.2011008646762,692.6738766617725,2442.28430,24422843000
1166.5536926672214,710.3902860053756,2442.51410,24425141000
1144.195671889726,731.2740201316687,2442.74660,24427466000
997.8285662475802,630.9419006694548,2442.97300,24429730000
843.1597452963283,578.4355450717419,2443.21720,24432172000
721.1150549119149,542.8614470150127,2443.45290,24434529000
640.2933336687696,491.36035322372703,2443.68090,24436809000
545.8296824030336,472.2738791015595,2443.91030,24439103000
501.3836302852203,458.853971392985,2444.13430,24441343000
446.307597724996,411.75489198849925,2444.36020,24443602000
607.0843326396762,426.99204543483546,2444.58420,24445842000
671.8411015528928,411.1543980179096,2444.80710,24448071000
663.1093292935826,391.0169558718492,2445.03180,24450318000
746.4307338114083,462.98718653110956,2445.25790,24452579000
638.6879489013853,475.6354190028565,2445.48470,24454847000
533.6890646000033,476.904881581221,2445.71620,24457162000
531.0827681136162,470.04940799501327,2445.93790,24459379000
443.3075809444226,447.86333629040564,2446.17800,24461780000
440.03483094062847,406.7217923380057,2446.40850,24464085000
416.2649057433662,402.15332912831053,2446.63840,24466384000
397.61094003759695,468.8057525413693,2446.86780,24468678000
456.5188771022395,421.85173961679453,2447.09210,24470921000
362.93364988108283,404.493522692949,2447.32490,24473249000
298.71953567577447,502.36987580224,2447.55030,24475503000
173.41827793193363,568.8501423887076,2447.79680,24477968000
124.56966048689083,611.5723278350094,2448.02110,24480211000
172.92611314591255,562.976611943549,2448.24330,24482433000
286.43547558842675,539.7075200073854,2448.47500,24484750000
417.8759841772445,493.87135139743424,2448.71090,24487109000
523.6273701416724,450.8875538092147,2448.94060,24489406000
495.4884025243767,353.61812164250193,2449.17590,24491759000
666.2740091472908,296.4761483736198,2449.40710,24494071000
792.1972639650785,272.0704735627485,2449.63470,24496347000
933.9262025546705,260.12466444127324,2449.85800,24498580000
983.2230128751887,260.55511257317517,2450.07980,24500798000
999.306190544826,322.5533134846123,2450.31020,24503102000
938.7757448741995,282.57049359084965,2450.53570,24505357000
925.693589790648,296.87475368506716,2450.75990,24507599000
954.4135741971853,338.4966656076712,2450.98880,24509888000
830.849951691527,340.5867272383114,2451.21450,24512145000
875.462022634392,271.5749737764864,2451.46070,24514607000
817.534411396532,287.84681528182733,2451.68410,24516841000
850.3108964808463,308.15224621563783,2451.90830,24519083000
808.0240827966564,311.53225371690775,2452.13320,24521332000
847.195542185369,344.5567433184773,2452.35660,24523566000
887.6125830665669,372.3160239591585,2452.57550,24525755000
958.2542586967091,361.5076967679198,2452.81050,24528105000
972.8633108304357,346.29188129155534,2453.03710,24530371000
874.7049538175755,356.16070460802325,2453.27050,24532705000
761.6490445975902,410.4552806930177,2453.50170,24535017000
634.2497782194439,383.2862596637725,2453.72630,24537263000
622.2227793415997,414.2399019271693,2453.94950,24539495000
680.3195311025145,428.2378193183412,2454.18180,24541818000
752.6566928935096,463.23601851876504,2454.41210,24544121000
872.5161397720533,448.73363810713687,2454.66510,24546651000
962.174611324738,423.6522065138519,2454.89150,24548915000
1036.1200656001606,442.9191140423715,2455.12350,24551235000
999.6631669537611,432.1546994293482,2455.34970,24553497000
1043.3922719981906,450.5655466233834,2455.58260,24555826000
1086.8581945521935,455.8543649506321,2455.80850,24558085000
1110.1251670060255,464.6582677344784,2456.03500,24560350000
1204.1344950815765,470.4416604218073,2456.25550,24562555000
1220.4467385471605,473.08388982075274,2456.49110,24564911000
1199.6940334210683,504.4717363914282,2456.73810,24567381000
1223.9646955218516,460.8998471805741,2456.97410,24569741000
1166.269463951567,422.5291289831811,2457.21450,24572145000
1185.2383425645378,400.733658456615,2457.44390,24574439000
1216.6177427047912,373.81246626072317,2457.67660,24576766000
1232.5414440279117,420.55929029879104,2457.90370,24579037000
1214.3599498923122,491.00511051818523,2458.16200,24581620000
1171.127789900608,576.446209973945,2458.39130,24583913000
1057.4630986423858,641.7471431737996,2458.61960,24586196000
995.8228410215928,609.5984485181173,2458.85920,24588592000
867.3185110677205,593.31504127835,2459.08640,24590864000
887.180535135363,633.4063489072015,2459.31740,24593174000
902.539225158746,675.684601879856,2459.54270,24595427000
741.6617483601952,596.8802434819759,2459.76330,24597633000
638.5524153149563,551.8697996314207,2459.98580,24599858000
627.9857434618447,484.9330207765877,2460.21620,24602162000
731.1228788268702,454.65987568525685,2460.46500,24604650000
793.3250317483858,471.31398477111753,2460.68960,24606896000
832.8602872034573,544.4026486260706,2460.90810,24609081000
889.6269686242043,611.2844689868008,2461.12360,24611236000
934.5453084085465,603.1774576634906,2461.35070,24613507000
931.4777753680871,638.8565481857694,2461.58020,24615802000
1060.7483300181827,649.0299918317984,2461.81360,24618136000
1125.319970681387,634.9830453305553,2462.05150,24620515000
1186.7845604527763,657.1958989245046,2462.28350,24622835000
1164.8973902414969,698.3870151029261,2462.52240,24625224000
1159.6200241656527,676.4427126863128,2462.74650,24627465000
1188.314128995036,652.9220595351163,2462.97360,24629736000
1183.645904384525,652.5113367067996,2463.21670,24632167000
1187.9560959417438,625.1986074714665,2463.45550,24634555000
1104.8584282982602,618.5509638460168,2463.69510,24636951000
1007.1336459221079,572.9430682661133,2463.93370,24639337000
972.746997191372,499.2883535149921,2464.16670,24641667000
960.3945038399935,428.70837966117296,2464.40620,24644062000
882.5995309891102,375.7196911567713,2464.64340,24646434000
799.6234015819359,398.5066873713205,2464.89320,24648932000
750.4619709336978,388.5388233204251,2465.12270,24651227000
816.3502505639311,389.8739622787425,2465.36020,24653602000
804.6812710973091,412.38831500678754,2465.58710,24655871000
887.6271892770733,391.81909386565405,2465.85500,24658550000
873.1382095204625,378.1877186612195,2466.10310,24661031000
849.4692133025652,372.1853185833102,2466.32340,24663234000
789.3875266633472,387.60562364829394,2466.55540,24665554000
796.2853601176947,400.97087879206066,2466.77600,24667760000
918.0554341631994,489.0782811477884,2467.00210,24670021000
911.7401210566575,545.0990643671119,2467.23720,24672372000
937.171563223735,595.0482004594053,2467.45810,24674581000
916.5450804307526,602.9321348431722,2467.67950,24676795000
985.9856526352747,629.9798294451958,2467.92430,24679243000
978.3280842011841,646.5939012910575,2468.14850,24681485000
966.8416285895258,680.6468756543418,2468.38260,24683826000
965.5547429278045,726.7147357740708,2468.63880,24686388000
951.8537944656283,761.2983404655125,2468.87990,24688799000
917.0166039564386,807.1772657008746,2469.11290,24691129000
944.1121788182986,854.6579633100596,2469.35220,24693522000
856.7305817509305,792.472965266483,2469.58840,24695884000
844.5330546554114,789.616525765806,2469.82050,24698205000
806.677273095919,739.0810391015497,2470.05160,24700516000
775.0241016431852,673.7602725435885,2470.27420,24702742000
710.0885297577996,568.4535888671799,2470.49630,24704963000
560.5978813015502,510.9607033762149,2470.73200,24707320000
562.7514333874241,459.16039698864233,2470.95620,24709562000
557.9875543498887,434.2846900653129,2471.16910,24711691000
618.5364389049848,338.7700722123879,2471.38950,24713895000
603.7197666540513,336.75252302482346,2471.60580,24716058000
647.5879179789254,342.83676367520314,2471.83600,24718360000
764.0568027797384,374.805919595784,2472.05910,24720591000
815.5719590036687,404.28880091650757,2472.27400,24722740000
836.455729050359,457.0831011589484,2472.49310,24724931000
916.715908934392,453.24030875749804,2472.71300,24727130000
935.8854598768337,418.22532554405825,2472.94310,24729431000
910.4349248951481,442.5955165285707,2473.16690,24731669000
903.9801676228785,439.4888543498252,2473.40970,24734097000
853.0342911002481,471.3828120554246,2473.63170,24736317000
852.3601914273502,466.82790326442563,2473.85330,24738533000
834.0194343383018,469.9679977747837,2474.07100,24740710000
931.0867351712789,430.569815051926,2474.29200,24742920000
981.1113156347657,414.660536941941,2474.50620,24745062000
973.8047525662068,471.23993147656677,2474.72910,24747291000
973.4403749758083,529.9621835345613,2474.94960,24749496000
936.259436524476,563.27251484887,2475.18080,24751808000
1003.3731279861701,576.3999769298093,2475.40730,24754073000
1015.5313845780441,612.5737146501141,2475.63660,24756366000
1026.5249153412442,634.8698306853375,2475.86280,24758628000
999.6761195776136,678.5073197922508,2476.08410,24760841000
1033.8964689000923,638.402085254918,2476.31130,24763113000
931.4959105054751,599.4465249352118,2476.54070,24765407000
868.2404647749551,583.9885442965835,2476.78230,24767823000
849.0953310497279,479.9824244962225,2477.02090,24770209000
861.8836192482897,447.09554643586586,2477.24320,24772432000
821.2904100678142,422.2820438676115,2477.47030,24774703000
772.2772271407499,405.1735931102772,2477.69390,24776939000
776.0242623189139,338.4775200419728,2477.91260,24779126000
776.5118962568204,326.9737574162436,2478.14640,24781464000
827.4747654202388,368.70869138757405,2478.37950,24783795000
817.6721765455239,352.345817293085,2478.61260,24786126000
751.7107721591118,382.3344540413199,2478.84830,24788483000
560.3717256315172,374.0424677059012,2479.07460,24790746000
470.5090390466289,364.9211396604385,2479.30750,24793075000
398.1924113533953,335.22186211148863,2479.53990,24795399000
311.51790916325535,323.3924861995944,2479.76410,24797641000
328.72456302482806,334.97901238517704,2479.99520,24799952000
336.9370837576449,333.2458018797805,2480.22620,24802262000
366.34049792920825,317.1883809525626,2480.45000,24804500000
744.7081747809789,379.9346266270844,2480.68390,24806839000
630.2616706102745,349.91184300278684,2480.92520,24809252000
638.0699787386434,322.0102390989425,2481.15220,24811522000
608.625921531371,376.81343305286606,2481.38340,24813834000
701.7320515586673,415.1987957068319,2481.59890,24815989000
843.1634932004175,405.61690709739406,2481.82090,24818209000
982.0408673655522,480.5509315637076,2482.06910,24820691000
1029.242869977032,513.2587531339133,2482.29020,24822902000
997.5713018507136,548.6807325758856,2482.51770,24825177000
978.5019727802937,552.6284255710917,2482.74280,24827428000
965.0100907682934,499.69995043605365,2482.96680,24829668000
976.3467466021863,471.4745369720947,2483.19690,24831969000
952.2095782401616,480.37740756529166,2483.41790,24834179000
813.5856563323007,482.45370622506243,2483.63820,24836382000
778.6361500900678,419.2032666062209,2483.85930,24838593000
712.4488977083428,373.9863652863297,2484.07440,24840744000
680.8758422054989,381.86447543645875,2484.29690,24842969000
609.7552715290548,389.46132281295974,2484.51880,24845188000
563.3051101230768,383.645570746992,2484.74010,24847401000
708.2520362142137,363.78131449885444,2484.96050,24849605000
891.0786162390256,359.17426047899494,2485.18780,24851878000
1035.8425477853673,342.6319112486213,2485.41970,24854197000
1155.7949220776813,323.72454090254564,2485.64480,24856448000
1219.8804038118715,320.22251308632497,2485.88120,24858812000
1288.0162413080827,274.2287671104787,2486.10310,24861031000
1245.8251169476612,275.21838437593266,2486.32750,24863275000
1324.5037684186743,254.99326541459735,2486.55400,24865540000
1380.4105928136669,277.70335261217554,2486.77650,24867765000
1394.6153165228525,286.78590092538974,2486.99210,24869921000
1397.045852394933,292.3011034673815,2487.21360,24872136000
1303.1601717246572,297.62916199904834,2487.43710,24874371000
1184.8900399356858,338.7261395502219,2487.66340,24876634000
1088.4188609477594,416.61410716799116,2487.88660,24878866000
1061.9808771693172,470.0746006529069,2488.11040,24881104000
1037.2450831932817,516.4377679496877,2488.35390,24883539000
1030.0775126064614,504.55986482814245,2488.57570,24885757000
954.7186544469598,485.14314744197395,2488.80570,24888057000
983.19148683466,434.29024668178874,2489.02250,24890225000
1007.9922526778284,383.5420646087776,2489.25110,24892511000
942.8961173878929,380.8199797433417,2489.47160,24894716000
907.7011635165353,366.4527677169875,2489.69920,24896992000
758.2828393065387,341.8935631152308,2489.93380,24899338000
686.8621659377344,300.7276916820934,2490.15150,24901515000
761.8957624312512,290.7793848516779,2490.37290,24903729000
695.2358487283617,310.79771419280985,2490.59560,24905956000
703.4210359709504,322.465739144711,2490.83370,24908337000
726.6868498899581,324.64396370954603,2491.05660,24910566000
746.1012740387772,344.07108479869714,2491.27550,24912755000
807.4514859961123,382.749887521128,2491.50030,24915003000
818.2059417179348,368.5642330780359,2491.72440,24917244000
813.4707115366076,372.116188561007,2491.94500,24919450000
796.1325122901089,436.3585150740718,2492.16690,24921669000
788.8321376564877,439.6322434677614,2492.39230,24923923000
764.6922994911356,413.59161681523227,2492.61440,24926144000
759.5420032527046,397.3274525442636,2492.84200,24928420000
736.0647833815387,439.4619913889597,2493.08050,24930805000
799.834128777392,470.09588477388354,2493.31250,24933125000
815.3019525329619,566.1726751307692,2493.53660,24935366000
774.8629703197618,609.4039750277932,2493.78870,24937887000
851.5546836342227,630.8818150607622,2494.00960,24940096000
810.285251173436,687.7233945002495,2494.23480,24942348000
893.0017041064866,711.9076085759716,2494.49390,24944939000
939.3279131378355,704.1487907713511,2494.73640,24947364000
987.6316489561904,693.166733100718,2494.97100,24949710000
963.2593761192325,720.1259119787376,2495.21260,24952126000
957.4805084564164,793.2810260609157,2495.45620,24954562000
898.1704333202676,731.5205599478667,2495.68180,24956818000
817.5411585756896,676.138323543039,2495.93650,24959365000
850.8716528453157,641.832805427986,2496.18950,24961895000
800.8334429368489,583.9657269140137,2496.42860,24964286000
788.5826504405524,532.8894863925898,2496.66050,24966605000
728.097837168466,476.4945765381534,2496.89330,24968933000
745.7177516592255,450.03066458031526,2497.12720,24971272000
808.0585233716804,440.5249355577452,2497.37110,24973711000
784.2664193756186,464.3453622298454,2497.62930,24976293000
740.9398631439017,419.42566304731474,2497.85740,24978574000
681.1196239834861,423.6666342593312,2498.10230,24981023000
720.2070621280355,411.3278795588682,2498.33460,24983346000
737.9409916787373,396.80422572272295,2498.56800,24985680000
804.862514184222,437.1658474618365,2498.80170,24988017000
830.9523619551765,488.84356678353447,2499.03040,24990304000
760.9101638689833,542.4006128134763,2499.26500,24992650000
839.6433142673815,598.1403654029368,2499.49210,24994921000
850.1446937518325,612.9915021039707,2499.74240,24997424000
964.0495970027868,622.1478819929539,2500.00810,25000081000
1011.9364765318737,662.8792541775632,2500.26040,25002604000
1061.6068291764955,652.5840301873824,2500.51270,25005127000
1058.7548483024068,618.6387035878429,2500.76720,25007672000
1092.5573847513135,612.2015312191605,2500.99510,25009951000
1085.3455771914143,587.3128746306128,2501.22790,25012279000
1186.0486463606887,491.2266979089789,2501.46600,25014660000
1195.3452189235607,429.0894367552012,2501.73070,25017307000
1260.6646130800223,348.76983704849295,2501.97340,25019734000
