x,y,TIME(2025/05/06 13:26:52.472),TIMETICK(f=10000000)
647.9945054233053,669.1622849776331,0.00000,0
553.9409822874361,519.086379450349,0.21360,2136000
483.1068977742198,371.92147764880576,0.48610,4861000
402.1075121967546,224.05569458822532,0.69960,6996000
415.7245007207687,134.87193346490966,0.91480,9148000
421.2561912426801,88.12605748007176,1.13130,11313000
226.0424872992149,69.31942101061315,1.33820,13382000
146.8620666738634,78.98224614296026,1.54500,15450000
226.70695507593325,37.60546718851011,1.76140,17614000
179.38047223374505,64.39108125249753,1.97450,19745000
303.2306355085977,189.48670256973503,2.18270,21827000
482.7294205629345,208.90913083825592,2.42440,24244000
614.3906301177203,201.9308499012088,2.66750,26675000
591.3977108935587,173.7654886208357,2.87680,28768000
654.2924672278723,151.88775208534392,3.09740,30974000
773.3450398922421,140.12697118458425,3.30680,33068000
891.8490662558208,137.9188666818017,3.53240,35324000
914.6843714310841,156.88828564368245,3.75280,37528000
855.7124548896305,155.72321492274511,3.96830,39683000
827.1989546185938,178.8018304712913,4.18730,41873000
870.6558093308821,165.59695643457837,4.40050,44005000
969.0156740629502,124.71940796643192,4.61970,46197000
923.7073979717995,154.73529918115253,4.83770,48377000
823.8989113964237,164.77661976348637,5.05330,50533000
810.0332745017167,193.81808180115473,5.27010,52701000
804.8645681146951,219.41984084833223,5.48250,54825000
822.3495671234684,261.21586105333665,5.70210,57021000
859.4967631218395,200.98119071804723,5.91690,59169000
857.0867731931716,302.0605179567595,6.13510,61351000
914.7167424705942,270.60543832251255,6.36330,63633000
929.8854060130013,268.7442321295267,6.58560,65856000
854.7188406132396,199.67313933054578,6.81260,68126000
859.5344339328593,165.5194167353528,7.04490,70449000
1017.0982393287803,110.52047546485502,7.27030,72703000
1183.272613630452,95.88870918050146,7.49460,74946000
1371.144655071251,81.28387696866535,7.72020,77202000
1548.645842865541,113.53230312405317,7.94270,79427000
1683.0126530099608,165.4400569127704,8.16750,81675000
1723.8990132569313,164.15680798216033,8.40180,84018000
1758.0253909009957,267.3942604458675,8.61630,86163000
1277.6935354065185,255.89543169154754,8.83660,88366000
981.7035276656327,291.4296631329501,9.05340,90534000
731.9791230554899,309.57126052687704,9.27270,92727000
661.2564372166262,270.39040315822103,9.48670,94867000
669.3727622121048,276.6583653486137,9.71490,97149000
617.9154043815826,237.95597802450555,9.92510,99251000
510.40415209018806,195.072025199143,10.13860,101386000
469.3650290202043,161.4528168161503,10.35820,103582000
545.763605857932,149.78997775302264,10.58410,105841000
626.7455639731419,117.7357485719228,10.80090,108009000
689.5801460042061,103.96494722973776,11.01460,110146000
708.689419307038,152.9498969827974,11.23250,112325000
791.7289396173885,275.17265049126286,11.44710,114471000
857.6557877274042,359.6574942004542,11.66130,116613000
913.5233173311785,477.70805281567186,11.87370,118737000
925.5432071481374,515.5438754445344,12.08820,120882000
1005.0782288197158,554.8129377975305,12.30660,123066000
1058.4127004069187,582.2413028248668,12.52490,125249000
1093.7015798150887,620.5412357967477,12.74140,127414000
1115.59433631831,493.71072411568,12.95320,129532000
1136.0012484888496,399.49414693381283,13.19190,131919000
1083.0982055258507,437.85806294171846,13.41670,134167000
1077.7259868177525,372.97778238749015,13.64110,136411000
1021.5061252386815,332.95117765607205,13.86100,138610000
940.2420509098375,367.80514825050784,14.08660,140866000
910.0635953372911,452.7315077166087,14.34440,143444000
851.98140453385,442.2788670982625,14.55800,145580000
876.2650417580888,508.8744690627593,14.81920,148192000
874.2330144329757,599.4100270520606,15.03680,150368000
883.3743705308293,450.9391809293042,15.25150,152515000
903.9230470984005,360.2640884299035,15.47350,154735000
899.2750067774502,285.55965823308617,15.69070,156907000
882.928719358714,221.51407467085824,15.91530,159153000
849.8468648894377,160.23056367683256,16.14410,161441000
818.4518188189296,139.41516864824837,16.36900,163690000
897.0449136819431,138.885371518277,16.59360,165936000
917.43540774306,159.5618114498409,16.82240,168224000
924.4840439009209,140.9355678612807,17.05220,170522000
1150.9621417966985,134.9354588395182,17.30570,173057000
817.208032311752,117.92076337276809,17.53710,175371000
663.5279795495023,134.4933072463946,17.75620,177562000
477.3690470027467,132.49412678010177,17.97990,179799000
404.3438798140159,130.87896620596263,18.19830,181983000
482.06684344159515,84.91966781580338,18.43850,184385000
634.4825195691676,59.211235773070854,18.68030,186803000
705.8925309642177,54.21414533620957,18.89690,188969000
866.6412339049716,87.41913362655382,19.12710,191271000
876.5705940938573,59.7271887875749,19.35220,193522000
924.3915593995739,94.61449554618505,19.57010,195701000
745.0399043783734,72.8521889686121,19.78150,197815000
603.7736822625577,92.19709911143231,19.99830,199983000
531.079770248314,109.10262386658593,20.21770,202177000
655.3459123408945,244.15345646349027,20.44000,204400000
907.2730571818854,190.09890427139928,20.66250,206625000
1201.9882981764017,201.23722730721423,20.87620,208762000
1538.868175553716,206.77012971306394,21.09800,210980000
1763.693551557261,201.7514636389304,21.30870,213087000
1864.4161152292006,232.5890861982839,21.53250,215325000
1871.0622324855194,245.72625757209556,21.75610,217561000
1840.0776100929672,206.77051865204874,21.97580,219758000
1737.4766301417194,206.19404623110808,22.19420,221942000
1687.2918352175411,167.89791236191274,22.41190,224119000
1698.1962780375743,176.12253194758193,22.63080,226308000
1680.401292143259,204.17398197117822,22.85730,228573000
1606.7844631570183,194.70493700335675,23.07470,230747000
1604.930159553984,222.71869928413415,23.29310,232931000
1630.4671644646915,151.41709184229444,23.51460,235146000
1295.5816484137285,173.99178674712957,23.73950,237395000
1117.312189774351,180.5602898776187,23.96070,239607000
980.9620072969194,173.0302179907961,24.17890,241789000
908.2378747497959,171.42781186169768,24.39910,243991000
809.4815603467833,168.17366384593808,24.62420,246242000
738.8549685610809,182.09456324031413,24.84030,248403000
724.5182609976881,191.53447899161387,25.06550,250655000
595.1411631687672,192.70811267659366,25.28670,252867000
500.15522783816425,194.81550959002774,25.50990,255099000
407.7303397319722,168.1518330522423,25.71960,257196000
393.1847625689659,140.0555390402901,25.93800,259380000
357.6578894391765,127.18777767234346,26.15490,261549000
269.41152326114684,146.54209848024072,26.38410,263841000
270.80451155335925,156.4931829091961,26.59930,265993000
300.8878928307134,111.41067275099678,26.81730,268173000
296.3290769509905,125.31984622809,27.03900,270390000
276.0070029827143,111.59883425325657,27.25680,272568000
203.6524997410557,169.28846667229305,27.47790,274779000
138.3148379482812,167.44163722431435,27.69260,276926000
172.20923613038013,161.801999209811,27.91550,279155000
200.3045144278702,197.78610642339208,28.13590,281359000
304.0533974748736,155.96862212995893,28.36060,283606000
487.8271995841159,115.21801791036327,28.58470,285847000
484.37805172036514,85.61852911973806,28.81060,288106000
559.9000942064707,253.5739114597224,29.05070,290507000
665.0672656889836,190.9815345101598,29.28750,292875000
692.9421567768627,144.26936812784578,29.51170,295117000
688.3591059345438,89.6305587522217,29.73870,297387000
754.5356510058575,36.453744133247376,29.95310,299531000
769.0428103515977,-6.230999547441478,30.17650,301765000
755.7929013238462,-1.5912137759478462,30.39320,303932000
739.4788302825849,-8.898532372866581,30.61630,306163000
852.475936872378,48.57982059772805,30.84380,308438000
848.9411528079338,114.37580567735577,31.08360,310836000
946.0381253108417,60.11307340888898,31.30950,313095000
1023.315779906188,80.3121716169687,31.53220,315322000
1015.056100132613,102.80085645081414,31.75070,317507000
935.5251934934454,88.36782570923273,31.98060,319806000
927.9517215810066,76.98505915893664,32.20620,322062000
884.3185020827119,226.58630310498447,32.42800,324280000
804.2003604696188,229.5337733089964,32.64070,326407000
803.4613128125645,198.44264684021047,32.85880,328588000
764.8752933776642,199.19642137271842,33.10400,331040000
758.9195847319785,175.7859291662018,33.31950,333195000
744.6116370648384,171.01258080400626,33.54070,335407000
737.7758741435347,118.52200626744929,33.76590,337659000
764.581234439164,211.71806235252933,33.98290,339829000
812.8499385197362,233.67028381742006,34.22930,342293000
813.0439680949145,203.07995880700585,34.44580,344458000
743.4712625515039,159.54936472523877,34.66450,346645000
791.5732862180907,178.23153770310267,34.87770,348777000
793.5822826945129,173.93861364827686,35.10290,351029000
833.4526225798274,180.12280081604675,35.32000,353200000
911.2392364073281,243.98404682445982,35.53700,355370000
982.6435462383948,194.76488372490658,35.75380,357538000
951.8873935313726,159.85249639873825,35.97680,359768000
781.2897031704745,108.27792962494954,36.20120,362012000
715.4996696346938,120.88938152873718,36.41720,364172000
589.3936148358345,103.28480557152689,36.67890,366789000
588.2926770687383,103.56174902683296,36.90310,369031000
623.0212439823251,118.68554506741825,37.12900,371290000
652.2879324831625,103.87185108415991,37.34620,373462000
850.1172800237844,167.65204600842762,37.57110,375711000
961.6433183375209,206.29414462916785,37.79080,377908000
921.9048713908858,192.81358856586823,38.01200,380120000
846.4956446244012,194.3860725861062,38.23740,382374000
794.0770805734202,195.80164169603057,38.46160,384616000
718.3561311612979,191.40617882056543,38.69640,386964000
757.5774757696141,228.99079487912283,38.95600,389560000
869.3239689175484,250.07462157391092,39.17710,391771000
1015.4027880539605,261.5282038703769,39.40100,394010000
955.751349338305,248.09702378088397,39.62330,396233000
906.0889220928245,256.1586221839767,39.86140,398614000
823.8213877232048,249.1365773143477,40.08520,400852000
867.0591439587726,232.15431247123186,40.30400,403040000
903.6226678202249,242.01739120736747,40.52770,405277000
977.6607957535485,258.06171051838106,40.74650,407465000
1077.99774476653,286.28919953482057,40.96980,409698000
1176.266538427807,275.44697512494713,41.19080,411908000
1323.979868596774,294.859626322026,41.40960,414096000
1394.2674539049158,293.20706100592076,41.62490,416249000
1402.6770652428058,270.2719547189533,41.84100,418410000
1260.6296178299024,286.4588445044518,42.06460,420646000
1145.1668127105563,306.0356833633929,42.29280,422928000
1121.5265756119645,330.86816750493807,42.51330,425133000
1114.9278252313961,375.6080480445657,42.74350,427435000
1029.2730154535113,422.82450967181484,42.96630,429663000
993.7340302559104,433.069931612126,43.18710,431871000
1007.4255759716559,436.19817546755513,43.40480,434048000
922.2304743409436,425.8427130576372,43.62190,436219000
894.8043577797341,362.4021782506078,43.83740,438374000
943.0811270462943,290.658753699314,44.05790,440579000
1001.0566853328623,175.70517260320696,44.26960,442696000
1031.7488730620055,72.09124569903653,44.49140,444914000
1090.8990222249936,11.8161721810894,44.70810,447081000
1127.3431927568759,-28.891494373848037,44.92620,449262000
1124.6745049694725,-68.29207397433288,45.14800,451480000
1173.382171833918,-85.1313205149018,45.36590,453659000
1200.8855955243416,-79.94461692914734,45.57520,455752000
1214.191390846171,-121.8748212953781,45.78520,457852000
1250.8542678028175,-92.2969306398933,45.99990,459999000
1254.0772859219092,-70.31765660439424,46.21170,462117000
1254.995482080794,-86.99526306612975,46.42740,464274000
1271.0054576841299,-67.94054510876353,46.64310,466431000
1361.6442790214421,-27.92695976429507,46.85890,468589000
1377.0018796316092,15.955278421686021,47.07470,470747000
1361.382825431717,14.366400892684133,47.28920,472892000
1429.8163391112168,22.5299594747404,47.52340,475234000
1514.1217502948355,53.470953904279014,47.73950,477395000
1565.543653994184,127.50463434048244,47.95960,479596000
1625.9850579538465,153.4349093513521,48.18710,481871000
1602.7400515565441,130.0262818388872,48.41300,484130000
1548.0156599831776,67.68140531076915,48.63360,486336000
1521.0145162164708,40.745487292252534,48.84370,488437000
1458.5797712649176,-10.567618635409495,49.06290,490629000
1331.7209278175574,-114.05507104304853,49.28330,492833000
1278.2862249407638,-148.53319140992463,49.49740,494974000
1242.5710950068149,-174.3305284332602,49.70760,497076000
1280.3442746983744,-192.57774060782657,49.92300,499230000
1286.8233712742685,-227.44072723737236,50.13400,501340000
1234.4766137293964,-265.5652824252836,50.35020,503502000
1246.6364885814746,-275.9307283587336,50.56800,505680000
1195.2150476714194,-296.26102714153325,50.77600,507760000
1200.4544319011306,-275.37206657219383,50.98580,509858000
1177.8051180920013,-251.19832658455204,51.20030,512003000
1182.8468960098103,-211.39296360797934,51.41170,514117000
1165.7387824956772,-193.8186267359812,51.62960,516296000
1093.3104299705801,-188.68048370293488,51.85170,518517000
1121.004698894377,-206.25068226393174,52.07510,520751000
1035.0990912705206,-177.525337633713,52.29070,522907000
905.1595831391706,-213.04634637658918,52.50690,525069000
775.3630651079056,-268.89695481441487,52.73710,527371000
818.3549197297434,-267.8421193062354,52.95070,529507000
800.8619285802941,-256.2603032332095,53.21500,532150000
807.7632624574488,-271.27199524900715,53.42910,534291000
794.1872265870459,-254.8065980179054,53.65050,536505000
834.1774086834373,-225.83000618269875,53.86640,538664000
870.7405693962548,-256.24420829854876,54.08940,540894000
969.9855133787224,-259.70741477179996,54.29710,542971000
1020.8358876420841,-270.0879649920779,54.51050,545105000
1023.7380734930568,-279.8098283535896,54.74300,547430000
1048.7412645301772,-276.0336615322019,54.95640,549564000
1131.1901334029994,-249.44381717924017,55.19520,551952000
1155.9933164349218,-235.8093411928537,55.40450,554045000
1182.4582685488278,-219.04996522465098,55.62440,556244000
1182.3250688345752,-212.41799163393011,55.89460,558946000
1165.5680176211686,-200.24043406097599,56.11460,561146000
1141.9064784845746,-175.26773682118332,56.33290,563329000
1133.1681615393286,-184.55669725462997,56.54980,565498000
1137.2518024356318,-221.19636068449304,56.76670,567667000
1079.782149310663,-193.0989379572644,57.00210,570021000
1039.650625661051,-192.99787996940992,57.22160,572216000
971.3666798590391,-222.67268429811242,57.43330,574333000
921.3877773701258,-248.27967244225547,57.65800,576580000
1018.051976568965,-243.95769221909242,57.86840,578684000
1088.1142625131565,-225.04178603267502,58.07880,580788000
1196.0934238657771,-196.7607981060867,58.33780,583378000
1219.8792909671151,-162.9970008809568,58.55100,585510000
1226.6502066438723,-180.01968489665506,58.76520,587652000
1311.3159223566893,-112.21088356110502,59.00640,590064000
1281.8684183512573,-103.76748292815898,59.22550,592255000
1241.475149935975,-97.91556461852916,59.44280,594428000
1289.6174885508192,-59.62127440290241,59.65760,596576000
1311.9831427938193,-50.940237512542645,59.86730,598673000
1362.0678138718636,27.65575639925983,60.09120,600912000
1398.460316637847,57.717750340385834,60.30800,603080000
1436.015817628782,92.55682738013502,60.55010,605501000
1382.724387385235,66.98033426019398,60.77350,607735000
1387.8267392244072,62.647607413529855,61.03090,610309000
1419.582076151952,72.81235529673208,61.28540,612854000
1425.997662966191,56.69772988249715,61.51240,615124000
1430.711021588783,89.5222828656203,61.72570,617257000
1413.4630075044013,141.96043625050805,61.96190,619619000
1415.6629298147768,172.21076726788343,62.21540,622154000
1448.7793888451201,243.1365521990332,62.43900,624390000
1475.5672793265128,249.7836744251664,62.66160,626616000
1446.552244412686,331.54549674464005,62.89100,628910000
1487.0935800910445,399.0129672581905,63.16390,631639000
1416.578863563787,442.90318219513034,63.38840,633884000
1421.2172901747235,438.17626000609107,63.62500,636250000
1427.8052360131471,393.60710518402294,63.84650,638465000
1439.6318614995664,341.04625534659306,64.06620,640662000
1472.2973026810073,329.0677654115042,64.31350,643135000
1559.6661021443583,270.9153802680931,64.55840,645584000
1603.2620750610422,230.94081285926,64.77040,647704000
1622.9523684925666,193.6449643208983,64.98520,649852000
1695.4597459420688,160.03521269284562,65.25970,652597000
1721.8442851666682,162.23526087509953,65.47710,654771000
1718.123296589761,119.32379428567133,65.73160,657316000
1725.5172788088369,112.60745780573218,65.97890,659789000
1693.720091246775,105.22898247380223,66.20060,662006000
1611.624890589552,69.87968366253023,66.42700,664270000
1513.0708795830421,70.53990784558243,66.64490,666449000
1377.285908829161,42.48450278936709,66.86220,668622000
1278.7725870900906,40.217150473724566,67.07700,670770000
1112.9526583252073,29.20670339708804,67.29550,672955000
1046.7415590297255,45.846315372867814,67.51520,675152000
1068.8456220537803,63.67889640326199,67.74010,677401000
1046.7469918308748,74.15072410195523,67.95460,679546000
1035.6273906992328,58.53358050057587,68.17590,681759000
1089.380549655725,71.24473771657219,68.41060,684106000
1178.3279631992,121.5982535250632,68.62980,686298000
1262.0978237297504,155.4941402480508,68.84300,688430000
1353.9127818230706,128.9688235008693,69.05720,690572000
1429.277495356559,76.25325789527204,69.27530,692753000
1347.0759486572806,31.467212072161324,69.50480,695048000
1207.700149660982,-45.13109056012725,69.72080,697208000
1076.795464728361,-121.12723076063276,69.92790,699279000
1141.9779637972576,-104.93261232312062,70.14480,701448000
1113.8695139462945,-135.8417428263048,70.36220,703622000
1124.1898771624985,-119.35236569401067,70.61080,706108000
1196.176620332952,-154.54764308475558,70.82800,708280000
1130.3594530557539,71.08195852344619,71.04700,710470000
1148.5302014783342,2.347559917323224,71.26640,712664000
1181.6232309125796,-10.8914885711962,71.48800,714880000
1267.7476231676173,-21.826678545320142,71.70530,717053000
1273.9698941760116,-11.4026625984644,71.93040,719304000
1223.6344174501073,-60.343477508223316,72.13930,721393000
1218.5093450207562,-59.16635666837298,72.35540,723554000
1269.0974363057444,-97.50257552515646,72.57880,725788000
1220.8696399742007,-92.60736869168745,72.80190,728019000
1203.2291069106261,-115.30942902963262,73.02070,730207000
1119.3807674498998,-111.99879679710509,73.24650,732465000
1132.1391161345412,-152.54212600378844,73.47120,734712000
1100.4123766990285,-159.6645945303211,73.68520,736852000
1103.948021477951,-171.85251971467193,73.90580,739058000
1008.2611517259767,-183.73537857527933,74.12310,741231000
935.7650697686029,-167.35329378914702,74.33330,743333000
865.306721653222,-168.03948527616603,74.54860,745486000
816.5074401537385,-130.84842214913417,74.76710,747671000
804.841038579183,-122.82328854201992,74.98560,749856000
799.8095565125197,-56.58207824832796,75.19980,751998000
875.5940859881234,-16.629030274884634,75.42260,754226000
842.6455445259046,-8.499814636246935,75.63750,756375000
843.7152715808414,8.990424553400196,75.86690,758669000
1002.5265705643361,6.033044022334874,76.08400,760840000
1026.8518932930901,38.770146050900635,76.30080,763008000
963.4981095888566,-42.584378468641574,76.53780,765378000
910.4610675012522,-38.065770023373986,76.76400,767640000
791.5986606901718,-12.306206263006523,76.97410,769741000
705.9149035157421,34.06051539618115,77.19220,771922000
731.2149284664221,59.316755936895994,77.41170,774117000
797.4756562525472,52.054268472030515,77.65190,776519000
795.2378360066995,96.9987040195071,77.86980,778698000
605.7830771032886,145.84179245326266,78.08730,780873000
663.2435960712863,132.76440469953207,78.30460,783046000
839.1697685952829,131.13158408967072,78.52030,785203000
967.1208339717657,109.43592625722042,78.73140,787314000
1077.6318690136711,95.05314883416757,78.94750,789475000
1081.2499112029575,79.88154494563184,79.21230,792123000
1207.4482027224783,78.28330745360941,79.43400,794340000
1256.2823823555518,87.76758767972308,79.64860,796486000
1266.0483346025746,104.62868967169462,79.87670,798767000
1373.4444605469819,138.60768541653536,80.09500,800950000
1494.8563341466179,154.95917087042702,80.30980,803098000
1382.6224296649575,292.18502262547366,80.52330,805233000
1307.981881761557,245.96929443037084,80.74350,807435000
1164.6112109348996,224.87034822993218,80.96860,809686000
1164.908249295045,176.41085147590263,81.19140,811914000
1179.113362495187,142.77925002359103,81.41030,814103000
1220.486601328201,176.95252797882063,81.63380,816338000
1196.6971615318737,157.88610069764397,81.85950,818595000
1079.096968087976,130.3646032169043,82.07850,820785000
1102.6090265723694,85.03460981832194,82.29780,822978000
1086.5903410626838,51.98228169699193,82.52250,825225000
1051.7170647661048,27.96342051643035,82.74610,827461000
980.4829610046264,48.90507054818648,82.96860,829686000
985.250673147561,53.79504274310561,83.18200,831820000
859.7990476692705,-5.830261214738229,83.41650,834165000
778.8944339663435,24.706793633917368,83.64140,836414000
759.6362286502346,33.832858736062015,83.86110,838611000
683.8860025879952,49.10183956847936,84.07230,840723000
615.46902782966,116.9258593266459,84.29470,842947000
584.2695904736544,147.1454904720766,84.52500,845250000
547.9474482823167,183.7246638656396,84.74160,847416000
480.28808619325764,176.91326964549873,84.96660,849666000
356.2584343642452,158.96171498336375,85.18970,851897000
137.85887389412272,186.0891991360826,85.43420,854342000
186.53253447469862,194.46112785563864,85.66610,856661000
241.94018406258,198.5933739011555,85.89470,858947000
276.2344859642184,140.26591489283362,86.16140,861614000
415.9370117332114,98.56213720471874,86.37970,863797000
613.0112544473361,84.43271404580045,86.61130,866113000
801.4871992026723,62.500368386925544,86.85350,868535000
1078.1296936515607,118.58926325014394,87.10250,871025000
1248.95811813527,106.18191725874372,87.32250,873225000
1425.1731722455113,148.2741788085139,87.53950,875395000
1308.733683523762,141.36993342602264,87.76110,877611000
1182.6945205368133,122.95036900855916,88.02040,880204000
1058.324127105756,122.41752456363008,88.24330,882433000
1074.6034449230406,121.48413883954746,88.45910,884591000
1157.8116407986695,122.56830878617734,88.69790,886979000
1249.2726027895474,140.2948582349474,88.91770,889177000
1221.020862855353,132.62130888883004,89.14040,891404000
1188.864841837301,135.50565365546373,89.36260,893626000
1152.9359835815515,125.28997807405227,89.58820,895882000
1015.6190921934767,110.44854969947397,89.81900,898190000
1091.6689970655755,98.93531395917442,90.05710,900571000
1251.093139929557,105.6741691850914,90.29360,902936000
1362.6473992305212,157.6533286793038,90.53590,905359000
1433.4499701525715,160.4912881727408,90.75770,907577000
1469.9823030506327,222.18529940007903,90.97510,909751000
1475.000984687964,222.20486096841387,91.20050,912005000
1325.3605346049815,157.06595800973966,91.42200,914220000
983.3734055884211,154.54997525839553,91.66450,916645000
723.389802887353,205.26200557394736,91.89360,918936000
620.7055078889365,198.14668097632705,92.12240,921224000
506.72141541490936,172.15681701444916,92.35310,923531000
332.5253938929883,201.03535817146863,92.62830,926283000
222.33766677232427,181.55483560660295,92.88830,928883000
163.86543627344935,156.8657627867269,93.12820,931282000
210.519356850076,148.05170961369862,93.35730,933573000
177.00333090736748,120.45404911573625,93.62120,936212000
258.77144542477146,95.57391785770295,93.84580,938458000
261.2016663324199,74.45562013856622,94.08740,940874000
390.2235921638252,185.86381398585303,94.32650,943265000
497.02921987281036,171.16138218370557,94.56520,945652000
606.4705503693602,137.20655123451363,94.80470,948047000
624.7934964625323,94.31951100041371,95.04220,950422000
615.72557928423,42.644795523989835,95.29120,952912000
584.9966356255964,53.54955760220944,95.50950,955095000
518.8271176666442,55.049549324573476,95.75440,957544000
451.3335502370926,75.33955253749548,95.99690,959969000
444.97402889720314,76.58300802746864,96.23310,962331000
489.856970985765,64.01844855516063,96.46890,964689000
649.1312988734887,75.9975528522038,96.70540,967054000
655.0101929036714,60.3095298488162,96.96690,969669000
632.7025112364887,79.17940694605304,97.20230,972023000
544.8281605379515,78.44527622190566,97.43030,974303000
597.9570542162471,111.1645322185726,97.68500,976850000
613.266658189251,117.87908860953209,97.90660,979066000
708.0330631594281,88.83232724463582,98.16690,981669000
585.1687867030038,100.79451470727325,98.39220,983922000
559.0149326941622,122.79887964556909,98.66510,986651000
604.6788331911865,145.53844318657954,98.93590,989359000
714.1746236935282,181.37826986994656,99.17190,991719000
802.2240812988261,195.85303284216135,99.41490,994149000
927.0318343877955,199.2721910350944,99.66820,996682000
1013.607139970075,192.1975061629479,99.90230,999023000
1080.9863261913154,178.96525453533832,100.12540,1001254000
929.010353001566,144.04941350591307,100.34840,1003484000
727.1618356983511,131.8902143629882,100.56990,1005699000
663.8377087370147,132.68163072154877,100.78140,1007814000
724.9360728797235,187.85223920487152,101.00580,1010058000
653.7153222613678,168.2694371899598,101.22900,1012290000
630.6539270071819,174.20172084470727,101.44880,1014488000
499.37897821421956,137.3552002697078,101.67820,1016782000
410.74224481156887,127.42268253958721,101.90060,1019006000
389.057710276276,152.8209696004712,102.12960,1021296000
381.7453682243532,166.23153560382397,102.35790,1023579000
369.7958789918158,191.4609576885577,102.57420,1025742000
425.3255820389761,203.74636532072535,102.79010,1027901000
435.75269516318457,254.6308611244214,103.00850,1030085000
356.37522499249474,202.1199886742599,103.23290,1032329000
417.1411528814046,199.9461044745059,103.44850,1034485000
496.3337963225349,201.89681055963436,103.67520,1036752000
537.935055262624,187.2964747298245,103.90170,1039017000
520.1416521222451,169.8922104264051,104.12700,1041270000
589.1278762843659,241.21334883851506,104.36580,1043658000
612.4571460136214,246.91847078796656,104.57940,1045794000
628.3373369900786,231.44881896742592,104.79980,1047998000
722.5313586837167,270.5248717541728,105.03450,1050345000
785.6697013981927,287.00990402290233,105.26070,1052607000
808.254754970231,259.8888589122811,105.47690,1054769000
842.0900932658366,264.15793915182246,105.69600,1056960000
824.4205518868152,222.46893820565,105.92430,1059243000
844.3236957490811,215.5321464448095,106.14680,1061468000
865.8575729079588,208.0424884262434,106.37360,1063736000
937.2710449728562,218.22319600872808,106.59940,1065994000
899.0577668004531,203.45908658399281,106.82660,1068266000
865.2485854467725,175.63264886520903,107.04180,1070418000
856.7625296314335,196.0773088590658,107.25630,1072563000
984.0442122741649,172.12143098518297,107.47100,1074710000
1005.402388473408,165.44031464938297,107.69180,1076918000
1025.0094679002589,162.02109758167393,107.90220,1079022000
1107.081686877629,193.8374490831464,108.12270,1081227000
1092.6542237199105,177.30241609092263,108.34020,1083402000
1145.1987223238136,171.3734433796024,108.55660,1085566000
1223.819350471328,202.48126395122634,108.77410,1087741000
1268.939310672496,167.50525307625662,108.99970,1089997000
1431.8543031231018,194.33614708544349,109.22180,1092218000
1409.2333987516001,196.33998066117854,109.44090,1094409000
1506.3163252441618,198.4482361092846,109.66300,1096630000
1560.9937979666274,202.1996516774789,109.89470,1098947000
1604.1367729569924,258.107486379673,110.11980,1101198000
1683.2526991088628,264.8747889188265,110.34330,1103433000
1777.1577200190177,288.10175089911326,110.57530,1105753000
1477.7596215330577,251.8287110817617,110.79410,1107941000
1110.084227016639,217.35004681736754,111.00980,1110098000
1028.1097092207933,180.4948487217648,111.22950,1112295000
973.13954309456,176.5618777340279,111.45210,1114521000
906.07698792557,163.26191488490508,111.66710,1116671000
813.8234825455213,157.12884154392813,111.88250,1118825000
758.4696905703514,177.35666911756766,112.10860,1121086000
754.1943911179063,165.2690545767002,112.33360,1123336000
698.2214880072866,147.4918000458833,112.54940,1125494000
735.2727265226099,116.65436110210744,112.79390,1127939000
703.5869289471867,125.45306564208703,113.01750,1130175000
701.9809289128951,145.58711967234746,113.26070,1132607000
688.9129287727644,171.63320352514162,113.47910,1134791000
712.5938979780312,181.82565892000616,113.70620,1137062000
684.2161761368995,148.47198734193023,113.93560,1139356000
710.1382700587081,149.6630048630059,114.15690,1141569000
706.43368472287,165.38657861496628,114.38450,1143845000
664.9452487904721,173.50459615131595,114.59990,1145999000
659.191307746645,181.39675234448765,114.82300,1148230000
733.2308515225255,194.20243136973332,115.04460,1150446000
801.3524288649569,144.07732920328806,115.27230,1152723000
818.1650569060703,113.04375667902625,115.49280,1154928000
762.1645211849095,89.73589414669614,115.70300,1157030000
794.8790622565434,65.07657131568449,115.92750,1159275000
755.1966028104109,35.07554898024031,116.16120,1161612000
713.0863504639511,3.6532234574952334,116.37260,1163726000
616.7949476432301,8.220655437189372,116.59320,1165932000
543.9585192209726,8.061110844899371,116.80790,1168079000
583.37273325202,28.370536165995205,117.02570,1170257000
632.184700229967,11.662949935703981,117.24210,1172421000
553.8193872483486,4.291150033037985,117.46280,1174628000
504.3907973809485,23.07457283323756,117.68610,1176861000
538.0597958469829,31.091982452263217,117.89660,1178966000
544.209204175471,-3.481690615194271,118.10870,1181087000
620.7380904463607,20.012963557867927,118.32910,1183291000
760.1380839761464,95.24512707627738,118.53720,1185372000
628.7782362015172,108.19825853284726,118.75930,1187593000
542.3496971729595,99.08328975691208,118.97560,1189756000
432.33461586600447,106.21539972352248,119.19980,1191998000
393.48998854849043,178.51391656531237,119.41610,1194161000
375.94438702726416,192.35274715286084,119.65010,1196501000
437.4019825210303,237.04816163580398,119.90180,1199018000
429.18625209856793,245.209624522652,120.12560,1201256000
453.4019018707679,263.71104680250284,120.34300,1203430000
512.1462086060242,233.3719318846036,120.58230,1205823000
542.2844431678101,236.63468425947684,120.80710,1208071000
620.261475499203,236.31431665972812,121.03170,1210317000
499.4761737191944,216.07167123750122,121.24460,1212446000
415.28203637951583,179.5930757017405,121.47410,1214741000
403.0042579566943,138.17459195950198,121.69680,1216968000
423.91115214416004,152.65651034900807,121.94790,1219479000
453.3378774987599,145.4439726677237,122.17310,1221731000
468.71796563645984,121.50326620218713,122.39880,1223988000
684.5386011424796,203.5195584433003,122.61600,1226160000
869.4161036611499,251.6077967166935,122.83680,1228368000
934.2860785442281,306.7603802434204,123.05750,1230575000
871.7807879236773,256.4913116578243,123.26850,1232685000
840.3314310540201,253.02344462949057,123.48300,1234830000
808.7688633441957,278.4677465512916,123.70170,1237017000
741.6526721084606,204.36755574600284,123.92550,1239255000
642.703027673996,179.8536579088444,124.15130,1241513000
594.5731535601111,183.98578722491789,124.39430,1243943000
468.9303894905969,201.57403908807436,124.63610,1246361000
374.61889563763424,232.51461816731722,124.85800,1248580000
379.72915374045317,239.61533482436593,125.09750,1250975000
374.0875645977971,229.5655968516008,125.34160,1253416000
437.8154192692673,216.6521310205502,125.56410,1255641000
488.83097477195184,223.52677675130482,125.78500,1257850000
546.8163899942349,254.53930594798132,126.00110,1260011000
705.6449559944341,298.35779364607015,126.22000,1262200000
836.050064482067,320.35698651530754,126.43670,1264367000
927.628958534624,325.5117475582821,126.64670,1266467000
1037.587124746347,337.36349019367094,126.87480,1268748000
1139.312582198191,304.52403885860184,127.09690,1270969000
1160.5306721395598,282.8946818561692,127.31500,1273150000
1204.19777100435,272.3332264383229,127.55870,1275587000
1199.129168803629,293.3530546701816,127.77590,1277759000
1240.5694129519661,350.83540148176917,127.99410,1279941000
1303.7462089446635,420.6226181464149,128.21470,1282147000
1295.2044203791356,457.27718162247925,128.44040,1284404000
1351.8270655214767,526.2738343062364,128.66590,1286659000
1398.6007675527958,571.1787366218944,128.88630,1288863000
1374.434164211573,572.0431781347587,129.09980,1290998000
1384.116419766989,595.6659400491046,129.32290,1293229000
1319.8101064235877,582.1009123484122,129.53400,1295340000
1195.884103795741,556.0876901196445,129.74650,1297465000
1172.0505519429905,510.48754183197326,129.95670,1299567000
1208.9644859364405,509.4826840099547,130.17050,1301705000
1117.494917623102,420.9722854203946,130.38580,1303858000
1128.120342174834,414.41963632244807,130.60320,1306032000
1100.6412075486778,388.8014802261229,130.82150,1308215000
1107.0733634600288,357.6435866895987,131.03460,1310346000
1176.8925910113624,327.8033921175893,131.24680,1312468000
1241.103455510722,261.1932228382139,131.45840,1314584000
1181.4068892855132,192.62851464071787,131.66560,1316656000
1073.1601621174298,142.60545975920576,131.87430,1318743000
943.6834607601899,104.89846845537357,132.09230,1320923000
806.372505334128,75.62117998433807,132.29790,1322979000
745.1939907329592,53.83086574195887,132.50570,1325057000
689.5118668544937,26.273290862664002,132.71930,1327193000
636.6134710569697,-6.1302065859594475,132.92620,1329262000
669.9149992767472,-26.50242039892061,133.14030,1331403000
671.8236322856587,-15.43013027788735,133.37200,1333720000
612.6276524261342,-94.54686548643772,133.59240,1335924000
618.0506544012514,-175.90789790672997,133.83110,1338311000
606.3539993649815,-209.81836721917458,134.04490,1340449000
620.4815906134561,-265.8955373065335,134.26620,1342662000
754.9165178530031,-190.94164043118738,134.49430,1344943000
745.6781502437236,-183.06657822617578,134.73580,1347358000
751.6957949968178,-180.00406478783512,134.95520,1349552000
783.1793903083981,-152.51546774004476,135.19080,1351908000
662.694344857091,-110.39309084932006,135.40370,1354037000
649.6403663737455,-2.644617079152553,135.62350,1356235000
503.91945626980385,65.01735383809697,135.83770,1358377000
475.73944260105185,149.88706718955592,136.06040,1360604000
368.34516679199874,170.76367269737668,136.29740,1362974000
361.55599210446326,233.82063438975146,136.53690,1365369000
360.94490632815587,270.37788028301156,136.76010,1367601000
286.1791297796173,266.5873292543872,137.01980,1370198000
274.4157459409957,260.67492908487577,137.24030,1372403000
353.5658054113374,395.4842563416208,137.46710,1374671000
505.3514314279786,341.9456791525073,137.67830,1376783000
660.6820707082468,313.56293398609137,137.89790,1378979000
858.0357662701473,316.8035076850513,138.13930,1381393000
1035.488946293567,290.8033968437227,138.35320,1383532000
1239.7860269634882,283.65013082526195,138.59340,1385934000
1316.180046713489,264.70284357922816,138.83400,1388340000
1375.079914973464,251.4576495475214,139.05040,1390504000
1339.5771171335628,267.31908316881226,139.28140,1392814000
1207.0980967026314,232.82480233169636,139.49930,1394993000
987.1778852302709,178.03866644892577,139.71710,1397171000
772.7421644366794,145.8971195303942,139.93210,1399321000
636.160981385709,144.0948750850474,140.15380,1401538000
581.4065035747552,158.50305112055358,140.39110,1403911000
577.2755414247072,144.0880520922285,140.60550,1406055000
519.9552584177624,80.38366031206766,140.83380,1408338000
456.6858953300316,53.92976483193432,141.06260,1410626000
433.61614400361714,145.91424833104378,141.30250,1413025000
360.22371928765904,153.17125180083315,141.52990,1415299000
365.0721364925523,164.78711190103573,141.77150,1417715000
343.48790877167113,175.503941544981,141.99960,1419996000
384.63625827117096,173.4735072484932,142.22090,1422209000
439.0081290439027,196.30450561710836,142.44320,1424432000
516.372693058303,203.18517773938854,142.67230,1426723000
482.63346746637535,208.7175494651081,142.89270,1428927000
547.632495208649,183.7615110837714,143.11100,1431110000
565.4915382076915,166.3874701899688,143.33910,1433391000
592.6069496432654,138.69942650570644,143.55740,1435574000
654.3416420713712,132.9124340284986,143.80340,1438034000
715.5976189496616,170.7814803513191,144.03130,1440313000
792.0672294397061,169.0748541867124,144.27300,1442730000
873.4125415539951,177.4801030379807,144.48860,1444886000
1024.7669493376593,160.76090528557265,144.71960,1447196000
1201.5690001067355,141.91676107991617,144.95230,1449523000
1332.4240757327507,86.24384313729861,145.17890,1451789000
1399.1579120546476,45.36558981352522,145.40790,1454079000
1212.3115392948503,60.341234692170744,145.63350,1456335000
1108.8170595748202,77.22709728052838,145.86300,1458630000
961.3634172331358,152.79050077158726,146.08680,1460868000
777.6683401476712,192.95580050270883,146.31000,1463100000
640.0450413693661,173.6258454242034,146.53260,1465326000
593.2659586213096,188.71686025636845,146.75030,1467503000
533.0861722942734,162.6481479341701,146.97300,1469730000
712.4700999772011,229.68499374948837,147.19790,1471979000
866.9436876982035,238.7680455983903,147.41310,1474131000
1186.3628803369288,243.29423112862622,147.62540,1476254000
1344.224692509427,259.4412434185128,147.86410,1478641000
1489.0686837097685,274.0726112056902,148.09450,1480945000
1532.6739431561837,156.458968589247,148.31670,1483167000
1424.0810679023564,128.42700718460887,148.53360,1485336000
1342.5065408140924,100.48292989089833,148.75730,1487573000
1294.37321080384,102.27158094962385,148.98470,1489847000
1116.7023137857382,73.09320700708491,149.20320,1492032000
857.1837992620603,112.60267106395014,149.41960,1494196000
697.3287553705433,127.3175351195606,149.64010,1496401000
711.1843106536758,141.51417953894668,149.86340,1498634000
600.2852628943981,172.19805594591358,150.08770,1500877000
604.1865154690072,248.28114650101423,150.30930,1503093000
614.2486400105032,254.86623382976404,150.53470,1505347000
617.6899607005159,188.33788346317382,150.78190,1507819000
600.0473746582811,147.4855684733768,151.00850,1510085000
445.91700081632376,112.81187644925099,151.23920,1512392000
314.68907660968307,105.05167917920765,151.47200,1514720000
241.3558931002549,98.9555627202386,151.69330,1516933000
381.9031290138388,188.47185931070572,151.91330,1519133000
498.9726825785774,276.2498674641572,152.13980,1521398000
579.2549575023943,292.05652094293316,152.35950,1523595000
665.4910049186949,310.7351896446789,152.57650,1525765000
767.2806950855158,341.0640518158812,152.79780,1527978000
742.6870612915706,311.93129653890225,153.03030,1530303000
769.3725791150113,270.52209971708373,153.24980,1532498000
723.5556298919555,219.51088312902354,153.47340,1534734000
771.4662031935263,191.87465613601495,153.68920,1536892000
800.4716349971302,138.19910543737535,153.92700,1539270000
798.9134890883852,132.40889399072523,154.15000,1541500000
777.4483590558608,134.8667416051411,154.40520,1544052000
812.424148671475,89.22587655698656,154.64210,1546421000
814.0851746007502,145.07376668478446,154.88830,1548883000
783.076838053005,179.16727895452465,155.12870,1551287000
877.611788968113,223.1252334641594,155.34900,1553490000
1004.478536878466,196.28554041307092,155.56540,1555654000
1091.1040457122035,214.5306286475032,155.78440,1557844000
1094.8449986332892,162.5388948088912,156.00250,1560025000
1109.1790110399459,144.52782611376966,156.26440,1562644000
1048.383752528798,105.32355391693415,156.48270,1564827000
1070.9370503158034,288.8674126421326,156.70240,1567024000
1130.0847068564735,298.7849047417197,156.96980,1569698000
1120.3062443047324,311.7072150088929,157.19120,1571912000
1264.3153890870424,268.176402352169,157.40420,1574042000
1311.9548084447545,205.51663634478655,157.61820,1576182000
1428.952195212568,188.33179201100307,157.83700,1578370000
1444.8495586991578,105.77522443720142,158.05540,1580554000
1452.0260793164903,118.63858728464146,158.28670,1582867000
1328.8656502414347,210.25844796920046,158.52040,1585204000
1285.8511184050274,224.10928694208968,158.73650,1587365000
1232.0795472494115,228.45304685370468,158.94860,1589486000
1144.5099263093884,223.48882080425912,159.16080,1591608000
1120.8406067699875,234.96143284719616,159.40270,1594027000
942.5064295303974,172.8931299753001,159.61630,1596163000
854.5216326619421,218.55552792125027,159.83070,1598307000
776.4607276689142,161.15288435670752,160.07410,1600741000
935.8566482698076,201.0965800078398,160.29420,1602942000
1188.4745500373365,236.86062128931735,160.51320,1605132000
1350.0280858860283,220.64580722052344,160.72940,1607294000
1509.3726362943403,252.81892404019445,160.94460,1609446000
1422.8833828766187,309.4829443773909,161.16010,1611601000
1312.306474625967,338.56478777519254,161.37910,1613791000
1201.790478673389,338.12197471616014,161.59790,1615979000
1003.2794448042412,309.4534551785979,161.81970,1618197000
809.3050760803417,259.1737230023889,162.04630,1620463000
626.4096805178317,277.3538647423354,162.27750,1622775000
589.6567222175097,259.9640532351263,162.50840,1625084000
589.7457165832295,269.06567830577535,162.72920,1627292000
594.3060703642316,288.18616618007735,162.94830,1629483000
665.3327915722998,291.0474514023473,163.16120,1631612000
575.0606302722354,294.4269809547038,163.38690,1633869000
417.59727344277326,232.56000090498847,163.61660,1636166000
385.9071982213021,231.69373072799587,163.83000,1638300000
314.4507673695222,183.8045156168812,164.06010,1640601000
184.92234718702667,152.90099145690453,164.31030,1643103000
131.68640772752926,136.36434527966912,164.52320,1645232000
77.00889447897892,166.64421584060713,164.74120,1647412000
51.7417133915329,135.19774817669435,164.95440,1649544000
-12.31014304523333,160.172586403409,165.17560,1651756000
-63.13839849761396,160.21739182552722,165.39480,1653948000
58.074547518291666,175.61193457776042,165.62960,1656296000
94.29128990302677,181.7013600291568,165.84830,1658483000
145.52051239567336,219.5745030626058,166.07080,1660708000
290.03748646180884,205.2848220980436,166.31080,1663108000
434.38418823779796,192.06019165393386,166.53240,1665324000
409.77934793731424,158.605159148832,166.75760,1667576000
398.20945961027877,152.1813389253604,166.97610,1669761000
327.25182426710353,119.5697113579643,167.19700,1671970000
409.0001289783228,119.41652755154756,167.41390,1674139000
444.6346242905779,120.61875195504683,167.63970,1676397000
502.59312908743203,74.13250294772982,167.85470,1678547000
573.4563510245619,53.16615812961899,168.07580,1680758000
658.5707670850275,-9.29474587576636,168.29510,1682951000
680.4421867273513,-19.211546542578056,168.51330,1685133000
734.5549703750902,13.217579141095378,168.72770,1687277000
745.2003264784452,23.87057839282088,168.94160,1689416000
715.7375724973203,34.2374302804495,169.15860,1691586000
720.2048691314474,63.87336564865477,169.37900,1693790000
895.9501131368663,128.9404719783073,169.60120,1696012000
910.3881338942396,118.84105941002498,169.81830,1698183000
940.3144349342195,68.86589336670474,170.04120,1700412000
1038.1147161176057,108.86355758280237,170.26270,1702627000
1044.093062172578,123.70714882956317,170.48260,1704826000
1169.153643323603,117.24417225149861,170.70200,1707020000
911.7015908678948,89.35259064904777,170.91920,1709192000
768.1630428352325,112.29076859455537,171.13580,1711358000
772.0173397128084,180.28871658565424,171.35170,1713517000
758.9828814483698,141.7172695827687,171.57090,1715709000
787.5329933735752,155.13958925127258,171.79320,1717932000
796.2145325315297,123.07145986680737,172.00940,1720094000
787.3073909240285,115.0043953246807,172.23350,1722335000
759.2659523191254,132.96133592593264,172.45630,1724563000
685.9872451057691,189.9350712756507,172.67340,1726734000
517.3272877614843,179.77800100509126,172.89280,1728928000
479.6363083858743,257.40601053237407,173.11260,1731126000
458.7243303633509,304.52851683948336,173.33440,1733344000
453.06639203173745,299.66329119909386,173.57650,1735765000
616.8178610370312,324.701909221085,173.80110,1738011000
731.6705490368661,353.1125305571196,174.07280,1740728000
775.9806242437976,337.4247358090298,174.29850,1742985000
799.9444915771321,265.51223863786583,174.54860,1745486000
864.7411221240118,166.31071840703095,174.78820,1747882000
968.6194690860347,214.98383396572063,175.00540,1750054000
981.4273741942666,142.4330009575845,175.21820,1752182000
954.2498665362087,57.64888018376672,175.44170,1754417000
1000.0392969743417,-7.06011262308985,175.65760,1756576000
1030.6453377860544,5.900295224468778,175.88420,1758842000
1045.3793038694819,32.68823990334698,176.11770,1761177000
1012.8200385177793,64.98950317413045,176.37470,1763747000
1014.6248538167018,66.04001917698214,176.60890,1766089000
985.1370365640611,33.15374709889437,176.84560,1768456000
946.851776031309,-1.5354392557213572,177.07460,1770746000
949.2175904924383,-26.599403906460537,177.29360,1772936000
907.6278931381346,-77.37452210508718,177.50270,1775027000
788.0886186793778,-175.22294494220216,177.71830,1777183000
706.3986393203362,-177.71795036280164,177.93800,1779380000
648.091508984819,-187.1155434653585,178.15160,1781516000
641.8115642676098,-114.69945857652502,178.36540,1783654000
609.0254677241572,-50.531805560230524,178.58050,1785805000
516.3105796189456,-47.643575138621514,178.79320,1787932000
427.644719174431,-14.102516388215328,179.00770,1790077000
525.0991290743882,-49.289246224761996,179.21660,1792166000
643.129662711103,24.052730994836622,179.44090,1794409000
747.9248038644968,22.317817860032527,179.65950,1796595000
780.1445796557117,-29.30562971466979,179.88110,1798811000
710.3534372606812,-41.99067463641808,180.10800,1801080000
594.6016653753218,-102.73299408262329,180.33250,1803325000
585.6956491102029,-103.87603136751606,180.55050,1805505000
502.1132767623025,-105.18544647020461,180.76340,1807634000
520.3520108971932,-70.94707272367928,180.98130,1809813000
495.9770792243918,-146.3916557831621,181.19880,1811988000
588.01914557624,-143.57834367387875,181.41920,1814192000
695.8967287379697,-128.21860095924328,181.64180,1816418000
866.126139313295,-106.3869506935834,181.86420,1818642000
951.6558218283232,-123.72492816492316,182.08240,1820824000
1100.7363687331044,-114.38348948977506,182.30870,1823087000
1056.7487384146575,92.98604915116967,182.52310,1825231000
960.4687854051266,132.40027011493012,182.74240,1827424000
874.3804081941032,217.33307618096717,182.95720,1829572000
867.3959422995631,182.18200426357367,183.18220,1831822000
788.1798785126609,73.34829473586973,183.40620,1834062000
808.2366329148578,-4.475961498749925,183.61980,1836198000
861.7604504526604,-42.63475791038228,183.83190,1838319000
970.2187396356906,-104.2643054711694,184.05640,1840564000
1032.541502957997,-102.06828642113146,184.27560,1842756000
1073.2624074630653,14.658513550134785,184.49450,1844945000
1088.3721041479407,74.50087302672725,184.70620,1847062000
1127.803564768728,20.414984674701657,184.92880,1849288000
1160.4035298638046,97.5594646199671,185.17770,1851777000
1096.4276524698719,154.9622094750299,185.41510,1854151000
1105.2339793231026,253.73800372103003,185.63820,1856382000
1058.144041641025,247.18944369589167,185.85150,1858515000
901.0951580920494,120.99592355474121,186.07420,1860742000
822.2582358511718,7.346371504088523,186.30430,1863043000
760.8284776553946,-104.04574266118466,186.52260,1865226000
705.2542563479852,-99.51732447858583,186.73860,1867386000
633.7532095711174,-34.58653751213764,186.97220,1869722000
598.5531698733377,-25.399416115633773,187.19070,1871907000
650.2842306873245,-48.61350229630723,187.43070,1874307000
700.4189104817987,-75.10109650158162,187.65590,1876559000
692.6632679097654,-95.72976333748018,187.87210,1878721000
693.2793818385024,-112.66681688341488,188.10180,1881018000
720.2517795071323,-176.31583212248293,188.31810,1883181000
744.7761926421592,-144.0429828558033,188.56510,1885651000
735.6772528439155,-110.52666357956116,188.79240,1887924000
773.9027358668576,-126.33211850770842,189.00860,1890086000
740.4684846594697,-46.14491114040065,189.22960,1892296000
788.3302868735132,-78.39816521518365,189.45180,1894518000
821.3887940056048,-87.32883576029857,189.66940,1896694000
855.1524347741388,-85.73948614379388,189.88350,1898835000
945.3208800212212,-97.56778630234506,190.11970,1901197000
1031.7317937804473,-81.85724244294812,190.35330,1903533000
1005.0316268899829,-5.3889431099543685,190.56650,1905665000
1044.718220068663,-8.708460858996304,190.79050,1907905000
1083.2439803446646,60.971536017045814,191.03580,1910358000
1057.982568790233,152.130748856134,191.26190,1912619000
987.7291368473994,247.18030315236913,191.48150,1914815000
905.5349386227604,302.6928582214033,191.71010,1917101000
847.1851319353193,306.4747366878031,191.92580,1919258000
754.0814500305044,293.22953356114334,192.14580,1921458000
745.639438457373,269.0341316380636,192.37280,1923728000
726.4844696109424,207.8377159190539,192.58440,1925844000
695.3032215604933,178.6349111257716,192.80960,1928096000
654.8705818751969,180.10814902005103,193.03160,1930316000
706.4312459232541,244.93387053713766,193.28770,1932877000
821.0261293176385,242.19123920580876,193.50420,1935042000
941.8168977945973,201.89218053257852,193.72080,1937208000
1022.4992881425188,145.6183197310699,193.93720,1939372000
1091.7253783468527,135.7605198661542,194.15010,1941501000
1101.5444084720207,158.2341014309306,194.37710,1943771000
1162.031022530379,87.85004028463831,194.59870,1945987000
1172.8734236108762,80.40690647496686,194.81010,1948101000
1107.2840945331345,44.38439457734007,195.04140,1950414000
1038.9332245282721,60.92139385009095,195.26100,1952610000
1002.097372610453,101.34225117299408,195.47940,1954794000
1087.9987592690632,70.70036491380691,195.70550,1957055000
1120.3379830614426,101.26994048320859,195.92180,1959218000
1139.6936219551512,51.64458405495585,196.13810,1961381000
1187.9721061331136,48.10524894639724,196.35860,1963586000
1193.2377594896134,56.02818420063072,196.57620,1965762000
1175.7821148583248,95.85221103113707,196.79490,1967949000
1176.9598765098829,124.57416828293694,197.01030,1970103000
1041.4722288781309,148.32401418327964,197.23290,1972329000
937.3591767070075,183.0861189398136,197.44840,1974484000
900.0868697576313,194.44519605613863,197.67380,1976738000
905.5049036278522,170.54203715119792,197.89510,1978951000
931.9754477991798,122.6978805010389,198.10770,1981077000
900.6774912677198,142.52824877608884,198.32650,1983265000
831.2275597621119,71.36336197891231,198.54740,1985474000
830.9140461685619,39.21317414419104,198.76870,1987687000
915.6424286055084,-7.482099493226194,198.99900,1989990000
1029.318634607521,1.8925449492698192,199.21070,1992107000
1069.7522740936683,17.889324706106287,199.43520,1994352000
1107.4156485954916,69.4128809559896,199.65680,1996568000
1202.7132973393384,76.56330573872934,199.87200,1998720000
1135.7010075783423,36.85011825505297,200.08660,2000866000
1125.2111653460604,3.5024916147219294,200.31120,2003112000
1056.8664758120246,-18.51013931189052,200.52580,2005258000
1078.775237298524,-35.90633456911137,200.74680,2007468000
1078.7938545415113,-64.60709727373894,200.97440,2009744000
1057.4813204431164,-97.3186916052615,201.18210,2011821000
1121.4765361276377,-114.05530907652854,201.40260,2014026000
1192.445276237898,-142.8188190663423,201.62230,2016223000
987.1523452163965,-217.15144053690528,201.83490,2018349000
944.3176029044845,-149.96007102003705,202.05910,2020591000
865.6594532630702,-119.61078016965996,202.27670,2022767000
765.1264416050419,-163.011380342937,202.49810,2024981000
877.0560465445826,-114.11320474077934,202.72460,2027246000
931.0714875166441,-77.47300395210051,202.95150,2029515000
964.1771612791885,-1.5109778655757111,203.16600,2031660000
940.3638233585128,43.870540329937924,203.37860,2033786000
855.2050576383839,20.670287213558154,203.59650,2035965000
833.7240242002346,3.0264878125658967,203.81160,2038116000
850.7429374927625,19.346468012937052,204.03180,2040318000
833.0584590945257,-39.9039574930714,204.24630,2042463000
936.3181196734581,3.706699589864691,204.46500,2044650000
986.5022193086077,-29.49570801003909,204.69010,2046901000
1023.3704352038383,9.17724685404086,204.90980,2049098000
1010.4654044777592,38.15520252066661,205.13340,2051334000
1062.9187432144522,78.64727078629765,205.35410,2053541000
1155.7106334086989,73.83113725256567,205.56970,2055697000
1118.2556885765864,39.65345983264306,205.78590,2057859000
1058.8415812047092,51.76134854401592,206.01300,2060130000
1062.7579614496171,37.76456517269327,206.23090,2062309000
1123.6672143288151,81.00834731215465,206.45180,2064518000
1139.3789101088053,26.67250109146925,206.66570,2066657000
1163.121738699159,51.49081913417363,206.88590,2068859000
1227.1768505307368,-1.6430116928077112,207.11370,2071137000
1233.2232160857816,-46.09961016718194,207.33170,2073317000
1155.386189946478,-65.74077824138064,207.54490,2075449000
1120.6505349997394,-76.71382191997935,207.77020,2077702000
1124.7483117754657,-89.86263477698954,207.98950,2079895000
1160.9749730975534,-98.60786037557472,208.20620,2082062000
1179.4229658860631,-108.04624897641638,208.42210,2084221000
1136.0876650720822,-113.16473708701106,208.63500,2086350000
1173.4991885461254,-117.00883318624992,208.85450,2088545000
1184.6240770603672,-115.42927536845025,209.07360,2090736000
1195.278770977077,-128.19761957132297,209.30220,2093022000
1249.4115296857153,-72.47784335475941,209.52130,2095213000
1270.0289390375963,-53.20048578444897,209.74430,2097443000
1371.2853028618392,-11.028361802074095,209.96400,2099640000
1421.3736050392788,32.239510760838485,210.17950,2101795000
1445.0913406833154,67.67697645315623,210.40390,2104039000
1480.0468176013972,93.79551295456156,210.62670,2106267000
1445.9080871272183,66.10186554509633,210.84400,2108440000
1439.0646823207755,96.16848649079537,211.07320,2110732000
1441.8712981118447,76.14872469073138,211.29200,2112920000
1396.8227158749253,31.56779185560662,211.51010,2115101000
1379.6437474689615,59.08663013383182,211.72760,2117276000
1428.260182550397,66.36717399073152,211.94470,2119447000
1465.6698843723732,42.913817633077784,212.16400,2121640000
1525.4842246329767,75.22105790249,212.38200,2123820000
1575.0780609163905,109.6182180476333,212.60290,2126029000
1308.1953059920215,37.43383777918824,212.82700,2128270000
1056.5518980119718,47.42813829217701,213.05000,2130500000
683.5650763546685,60.88793750770586,213.26570,2132657000
336.72919156303186,55.62459635663051,213.48740,2134874000
154.66099283850536,71.37568771307433,213.75080,2137508000
179.0813382291805,118.4563546284196,213.97710,2139771000
127.1836096992989,10.537114751943562,214.19510,2141951000
108.28852101225634,-11.610556694938888,214.41010,2144101000
116.290778479666,-63.80889399753402,214.63270,2146327000
151.11323150457662,-120.37789278226938,214.84880,2148488000
230.26564749455514,-133.6273352442493,215.12910,2151291000
327.35438997454054,-123.2476889621253,215.35060,2153506000
393.05342722032566,-132.4621579188719,215.56630,2155663000
444.3811636104061,-138.1922482358757,215.80770,2158077000
515.7969116890165,-123.02405321447357,216.02740,2160274000
581.8333247227614,-21.68171296758932,216.28860,2162886000
601.5457769122081,-30.000906664706257,216.51710,2165171000
594.5761253960048,31.2092096076157,216.73200,2167320000
590.845004814182,-1.3217772681843414,216.95240,2169524000
570.4352371241839,-59.79147709332195,217.17220,2171722000
565.2342455519479,-89.54286953492233,217.38140,2173814000
584.782789998236,-94.56730324560446,217.62940,2176294000
599.4210033010052,-96.70779386431677,217.86450,2178645000
576.6781894127572,-120.51497857558772,218.08930,2180893000
592.7135104126328,-104.71937420368286,218.30360,2183036000
627.0710584225716,-46.84810021744785,218.52510,2185251000
685.4409870539013,14.703119683669257,218.74660,2187466000
663.5021895151889,-7.792836076043393,218.97240,2189724000
649.9527754326809,-22.091106086770488,219.19790,2191979000
617.5080280127485,-63.89070150323544,219.41270,2194127000
572.0440173050249,-136.02514257739253,219.64630,2196463000
564.8750747455595,-146.2722810327598,219.85310,2198531000
531.9079412636644,-122.36416671502406,220.06510,2200651000
530.1702594190679,-107.94512092771879,220.27250,2202725000
583.44611504574,-96.71655264065369,220.48230,2204823000
566.6203325546883,-71.0302144716486,220.68230,2206823000
536.2663734991406,-78.06534902289218,220.88550,2208855000
591.0256526943197,14.605889381793773,221.08260,2210826000
591.1581208636367,24.167828238490735,221.28800,2212880000
557.6933259561563,14.660690602207719,221.49090,2214909000
550.6800115895264,3.1677571677843375,221.69210,2216921000
548.1800677299722,22.840913215086836,221.88970,2218897000
561.626322792775,41.11409096338532,222.09590,2220959000
570.8136455899336,60.07998720593767,222.29570,2222957000
620.8514791377852,76.3386668633683,222.49820,2224982000
602.8491853898864,64.7649958994786,222.70290,2227029000
647.8756751487815,117.657695019371,222.90440,2229044000
623.1276701679752,111.12185978045773,223.11270,2231127000
599.3577619957853,72.68908597617633,223.31380,2233138000
617.843563070591,129.7407594380208,223.52510,2235251000
615.1581518906363,94.24575757331199,223.73530,2237353000
632.386761054339,83.61862372917237,223.95510,2239551000
644.661643822641,64.32063189722032,224.16700,2241670000
690.6878243022688,60.689788406499844,224.37560,2243756000
685.4503479247924,-4.1026152471785835,224.58990,2245899000
707.1446905265178,33.845840090019806,224.81400,2248140000
712.5030621311636,10.241679134840489,225.03490,2250349000
672.8817974730669,17.766228890169245,225.25650,2252565000
706.8809196300671,71.98712879991925,225.46900,2254690000
663.2375163454456,48.6760182567985,225.68660,2256866000
636.2926553558164,77.29070254666883,225.90210,2259021000
581.2235304612351,91.10624754457247,226.11960,2261196000
576.2438178097626,90.81618856124682,226.33450,2263345000
596.9058104197169,69.21954222872614,226.55400,2265540000
656.520432520081,174.09072760014828,226.77050,2267705000
682.2342970293242,222.2939698433699,226.99970,2269997000
682.7280222981982,249.61916647592358,227.20940,2272094000
683.6589064237551,318.33780324783686,227.43870,2274387000
709.9378188907027,341.53371591268404,227.65550,2276555000
678.2874743354419,283.1099602592705,227.87720,2278772000
682.3615385854422,219.7936836894474,228.09640,2280964000
673.5137328302164,184.67320994274638,228.32810,2283281000
653.3918635131937,128.52670137514798,228.53690,2285369000
619.1703073692505,69.81548573462173,228.76610,2287661000
639.2745422342351,42.54930817330487,228.98330,2289833000
688.8267475406108,57.22369947715022,229.20060,2292006000
727.8799739665833,58.76701800814957,229.42560,2294256000
729.6377655494699,36.010313649178606,229.64460,2296446000
787.0550222033224,-25.204263840256324,229.86400,2298640000
682.8091684929547,-95.10751820981292,230.07630,2300763000
663.8307918358785,-146.20029408725983,230.28700,2302870000
548.467815640663,-172.35573345763825,230.51390,2305139000
540.6864401702774,-112.53906823778236,230.74960,2307496000
566.8204163188702,-29.198525602307043,230.96340,2309634000
579.9403758956332,-13.240969540309987,231.20830,2312083000
582.536847017796,2.363370206276313,231.43270,2314327000
582.0365697037314,32.807782556891965,231.67110,2316711000
614.8332577987286,111.47393586373656,231.89630,2318963000
662.2171229003077,127.02500350170169,232.12130,2321213000
703.2868070024799,107.60552636061371,232.40410,2324041000
758.0772834540962,51.43417327831314,232.62940,2326294000
800.401579149129,59.91737704548229,232.86320,2328632000
783.2513403452945,90.75371579739273,233.08120,2330812000
726.6598254801545,43.11502314224394,233.33750,2333375000
711.0150048009828,54.18184786037308,233.56720,2335672000
680.8988507279364,25.781812454421097,233.78080,2337808000
653.2301885264019,42.40286531291689,234.00310,2340031000
709.3228121919864,-10.83064107222151,234.21780,2342178000
762.4478802631346,38.217559490973265,234.44200,2344420000
811.7282333662654,30.628666761602027,234.69300,2346930000
808.2096390814027,103.99534235748676,234.95100,2349510000
782.446066737446,125.65385887782227,235.18960,2351896000
713.246036278851,140.57021336299837,235.46750,2354675000
675.0485198261637,150.8697573179298,235.68280,2356828000
639.9008711566808,140.4436016286979,235.92960,2359296000
625.4579482959816,195.40165765252203,236.14910,2361491000
699.7191685581654,394.2617498556251,236.37170,2363717000
723.5154797832017,388.29199992359014,236.59040,2365904000
752.9187238455538,384.64553126514716,236.81030,2368103000
738.0021151129938,366.7977796343162,237.03850,2370385000
736.5320156383477,295.4100383028763,237.25350,2372535000
701.0683830849698,221.45650947626314,237.47060,2374706000
665.0675309388023,130.68774297089874,237.68960,2376896000
632.1435873586704,26.758241302171328,237.91140,2379114000
853.9189176620392,-4.708170189401394,238.13430,2381343000
995.8357300142644,-63.66425315137684,238.36020,2383602000
1080.5742823313644,-93.36171696165147,238.57820,2385782000
1070.2142528663103,-117.8580847390643,238.79120,2387912000
1099.2026039036052,-66.04457408332581,239.00800,2390080000
1106.3602196391698,-45.838826732528176,239.22900,2392290000
1076.2911340058797,-61.78235961085619,239.44320,2394432000
1029.7517198350424,-72.22911473670307,239.65550,2396555000
963.9999765778515,-7.561489464968389,239.86820,2398682000
909.7993401199026,44.21140071053457,240.08580,2400858000
833.7727935031381,87.88674573557495,240.30570,2403057000
801.3717337809882,228.46420685874102,240.52000,2405200000
713.5202958655452,323.8470988151631,240.74420,2407442000
661.4859944257711,383.0849583346527,240.96430,2409643000
596.0312694727436,481.4436490798785,241.18060,2411806000
573.7146349350551,558.836573876603,241.39790,2413979000
547.7794228279691,559.9057085609337,241.62170,2416217000
548.8566463438136,615.53786921817,241.85670,2418567000
670.6126642517547,625.045788590135,242.07270,2420727000
773.9589513865953,602.5383883734848,242.29530,2422953000
746.8219902570714,547.4624653728246,242.51780,2425178000
873.0861316113748,526.7908084639064,242.74260,2427426000
940.111977951674,488.4369927846564,242.95790,2429579000
936.1404730540477,442.8016468539269,243.16770,2431677000
960.0596848062519,420.1218109873256,243.38460,2433846000
1023.4391036702993,377.5189507501859,243.60820,2436082000
1011.2349045843113,317.8054929216868,243.82800,2438280000
1083.3058440466928,243.91838638887324,244.04040,2440404000
1216.7456790085641,181.31821895787076,244.26300,2442630000
1280.0979265836233,104.6522288292179,244.47670,2444767000
1296.7974692423145,89.65905886963638,244.69910,2446991000
1273.8191663885427,21.585306985161367,244.92130,2449213000
1335.4397458405567,-45.9509757352939,245.13900,2451390000
1364.9005234754065,-35.78885445504682,245.35500,2453550000
1354.5182993210287,-6.225962757618817,245.57530,2455753000
1341.823339751,11.16295514570701,245.79050,2457905000
1297.3417293789992,25.99017393393481,246.02290,2460229000
1368.1523813115934,48.63332598143245,246.24350,2462435000
1428.7162784650739,105.86653419468365,246.46260,2464626000
1500.7921989849779,129.58645349437185,246.67640,2466764000
1545.8800140981664,132.07585507977657,246.89410,2468941000
1593.447230982182,156.7048365462302,247.11580,2471158000
1603.6823754657892,170.35366790778454,247.33740,2473374000
1600.04638649053,199.18874596711385,247.56070,2475607000
1642.4032754972352,226.4323397184362,247.78160,2477816000
1672.6659618213541,247.78847272100836,248.00260,2480026000
1630.6366336339518,219.6405987777084,248.21800,2482180000
1375.3506584083993,184.3548765851307,248.43660,2484366000
1270.825927876301,162.31410575754416,248.64610,2486461000
1109.3545761983146,90.50536682780529,248.85270,2488527000
1010.5293165501018,105.5637662589487,249.08710,2490871000
881.7795410392904,150.11030284144778,249.30110,2493011000
776.5088761502561,117.97094612618793,249.52070,2495207000
652.5656827442298,141.71412671925745,249.73200,2497320000
584.5183362061948,122.94401774123583,249.94330,2499433000
561.1298399245934,112.04026832437499,250.15270,2501527000
519.1723580495477,132.99324016796388,250.41920,2504192000
495.000331763454,97.40047740706244,250.66340,2506634000
525.7379592279156,89.47009988052608,250.88380,2508838000
575.7183541590115,72.14427653217611,251.12280,2511228000
518.0124701332928,16.76595061898321,251.37330,2513733000
543.2614301807112,-46.170475308700844,251.58790,2515879000
609.8789476196532,-20.769202095336205,251.81930,2518193000
666.9116104335053,-1.3858483212896857,252.03730,2520373000
688.8238400001272,-35.82293045823722,252.29840,2522984000
684.6711743912315,-23.42102897617654,252.56050,2525605000
689.8829710736593,-16.85137451039605,252.78840,2527884000
657.6088695225449,-3.117318988558125,253.01460,2530146000
748.3324545012142,-17.06918939745933,253.23100,2532310000
728.2562119084506,18.634286775164515,253.49190,2534919000
749.5365335129579,71.32846626305206,253.72560,2537256000
731.1133062346596,127.03676613091088,253.94030,2539403000
745.942114815796,190.1849888235015,254.20740,2542074000
713.0641734220385,175.63065574101296,254.42190,2544219000
707.762345543666,177.97303614052544,254.68170,2546817000
697.243358034494,157.62416215628252,254.95380,2549538000
653.0646535023817,177.1264860371664,255.17090,2551709000
651.8876491457413,145.7802184285687,255.39110,2553911000
689.2823321788467,149.03626670700842,255.63920,2556392000
736.8304787617702,155.20604745556705,255.90400,2559040000
743.8298724068302,137.18083171481845,256.12620,2561262000
782.2829753105086,99.08284794963842,256.34970,2563497000
713.2012498670296,30.43528896783061,256.56650,2565665000
682.7704042248159,0.6081053883613521,256.81290,2568129000
689.4381026903644,37.84141774411193,257.04350,2570435000
687.8390616060551,49.37530468366735,257.30140,2573014000
799.1437258362402,135.7736346673524,257.51970,2575197000
860.0884202626426,171.097704924605,257.73840,2577384000
846.1873794696039,167.99243243335422,257.95850,2579585000
822.5713378782649,169.45258423405528,258.17310,2581731000
781.8699992667957,182.90948941584273,258.39250,2583925000
758.4600182189009,210.89885851575082,258.60090,2586009000
763.9544148433997,243.31148584208148,258.82290,2588229000
787.1261061213507,271.5814330094904,259.03990,2590399000
777.570219812497,310.90799299026224,259.25630,2592563000
733.7725267947271,322.2497230579281,259.46490,2594649000
707.4059521336882,341.36035086914694,259.68610,2596861000
664.6872732887792,340.27480554572867,259.90130,2599013000
633.0209752370304,312.8628289567883,260.12260,2601226000
651.6301355628837,276.501600624566,260.33390,2603339000
621.672922542281,224.63328734861648,260.54920,2605492000
613.6957456067196,182.08338200501748,260.76440,2607644000
671.3065800028749,172.45566853210036,260.97990,2609799000
677.2601375214963,132.02690278078902,261.19950,2611995000
631.8214472584731,52.82493221544916,261.41300,2614130000
605.6293276483306,46.375344345401885,261.62790,2616279000
618.0088531159872,35.5859504543068,261.85040,2618504000
585.4923689738941,27.858194797721204,262.07130,2620713000
575.141600440086,25.155773288432254,262.29230,2622923000
558.151403902714,37.50083942070874,262.51370,2625137000
566.9132475541145,12.116709273931427,262.73780,2627378000
534.3312720228924,0.2408348836466554,262.95120,2629512000
525.1439765588963,-1.4936667231437095,263.17310,2631731000
552.7366715344903,-43.06124673181921,263.38860,2633886000
561.0285893016463,-51.427064676532034,263.60780,2636078000
641.2327179023891,-15.885142235007606,263.82740,2638274000
673.4491847032751,24.916221364236332,264.04650,2640465000
710.5625265850038,90.79250037205482,264.27180,2642718000
739.9291786798544,81.37560968843573,264.48690,2644869000
696.3387922669233,-9.913820758082068,264.70400,2647040000
629.7662718540698,-72.85035811591939,264.91580,2649158000
580.298441739428,-75.47407083929905,265.13530,2651353000
618.3608025320323,-36.10381477805413,265.35580,2653558000
753.6090169824549,-4.974957307524157,265.57650,2655765000
596.9186072693224,-16.306635144362637,265.79890,2657989000
547.2471724611744,23.839035423978153,266.01860,2660186000
448.8728121167102,140.64409197366527,266.23210,2662321000
476.782695260091,244.167098466965,266.45380,2664538000
479.19903009181405,198.9204601172569,266.67080,2666708000
610.2903838282159,198.03378081844076,266.89220,2668922000
636.5751372853492,329.8921526496075,267.10990,2671099000
498.52400550026005,318.2238141397668,267.33670,2673367000
403.91341297792394,328.66985562800596,267.56320,2675632000
336.6907560976539,333.3267746603532,267.78330,2677833000
322.14036723608484,328.91728613427165,268.00600,2680060000
316.17402402821335,326.31719873755003,268.22700,2682270000
503.8284484073549,278.8618243584622,268.45990,2684599000
543.183696153551,275.0292298048031,268.68050,2686805000
585.5614920950134,245.74100419058283,268.90390,2689039000
613.4688491953088,232.9262576487074,269.11390,2691139000
692.1560687260007,209.55799148512864,269.33530,2693353000
713.0498176267034,197.3133158060463,269.55990,2695599000
752.3620334673755,264.49515715870405,269.77730,2697773000
852.7182477077756,187.5683343035525,269.99510,2699951000
900.5791373647097,159.62709208570377,270.21280,2702128000
848.417902498835,147.22355444851686,270.43820,2704382000
918.6333377528573,144.18039246158148,270.66720,2706672000
989.7559132655012,169.53422016854302,270.88140,2708814000
972.9691274426865,206.06593500186477,271.10680,2711068000
1026.3294654724543,234.49046033648463,271.33010,2713301000
956.7916252615931,244.59672202901606,271.56060,2715606000
925.0344741664101,226.63857089310994,271.77220,2717722000
925.0509910929615,188.67515089992617,272.02240,2720224000
952.6620766037498,175.7322970459108,272.24290,2722429000
872.5241624203386,167.2112541846783,272.46200,2724620000
893.8937534003484,202.9153741439751,272.69900,2726990000
888.4732553111927,228.90279010896353,272.91740,2729174000
829.5222803302084,189.40070863948097,273.15860,2731586000
831.9678995063978,189.59312770636814,273.38350,2733835000
894.6769702809313,140.78453727243465,273.60400,2736040000
1016.5414904929169,142.4109015833307,273.82090,2738209000
1177.3067075487168,105.26362086463598,274.05650,2740565000
1401.5930275472876,107.73838458111199,274.27820,2742782000
1542.7308157090997,137.85723437684192,274.49860,2744986000
1660.1009593460092,185.47588343439725,274.71540,2747154000
1763.3933249631996,211.44102528783603,274.93910,2749391000
1810.654431632337,209.49480410926571,275.16790,2751679000
1891.91968720884,195.23019474124405,275.38350,2753835000
1989.9723880000324,168.82101654485072,275.59700,2755970000
1925.1303129295268,152.5845139733365,275.82100,2758210000
1805.0427181782431,159.6257940226736,276.03940,2760394000
1680.3084512703745,177.54397742775578,276.27120,2762712000
1471.7420126176053,116.32418275510553,276.50010,2765001000
1265.0133457077486,131.44225907668223,276.72530,2767253000
1141.0254260032352,119.33051564803083,276.98170,2769817000
994.1725719144497,132.61489944869842,277.20370,2772037000
926.4876536745617,131.7532707498352,277.43920,2774392000
632.5767715128118,139.73997783819033,277.66080,2776608000
422.88566041606316,159.66025181367706,277.88130,2778813000
330.3940089233785,181.69149302171746,278.11770,2781177000
342.6723843904349,228.71644848804922,278.36130,2783613000
364.46348746664603,210.54187094493076,278.58140,2785814000
437.4151773026481,144.08499856658966,278.80800,2788080000
502.09715570505455,151.19890349824774,279.04440,2790444000
658.7089341344049,152.47676312851974,279.26570,2792657000
659.25815630983,340.4482055931056,279.49400,2794940000
671.9777363437728,361.73318764114293,279.70940,2797094000
667.662929859844,350.3893974291403,279.93710,2799371000
679.1474630452674,308.78601601775875,280.18600,2801860000
718.9789314480666,316.94613128994115,280.41700,2804170000
709.6164182239581,285.7521673343229,280.63440,2806344000
733.6279085218538,276.37643934014716,280.86240,2808624000
749.5997089606074,261.39044287671385,281.08640,2810864000
762.0330429665397,247.3619016362904,281.30470,2813047000
761.8598284519618,214.54647739648294,281.52640,2815264000
764.4901097535953,170.96391884035205,281.74420,2817442000
803.665195938163,137.8479912045889,281.96350,2819635000
785.5113553712918,155.0767182511017,282.17760,2821776000
754.9671595692979,207.335607948817,282.40460,2824046000
779.555382991936,224.43019798791508,282.62330,2826233000
832.5339881694694,180.7295611512657,282.88630,2828863000
950.6004167006633,138.1696699079835,283.10070,2831007000
979.4892270693568,103.8892442188513,283.33550,2833355000
963.4896985515758,89.31755690963558,283.56500,2835650000
732.6514979798951,61.01140736647786,283.78510,2837851000
635.5745616758123,56.88842885028699,284.00930,2840093000
420.3979428951062,62.30274296651301,284.23520,2842352000
448.52631316640174,228.9854014941062,284.46600,2844660000
468.3544411750564,175.16060962211316,284.69840,2846984000
507.4265407713353,177.6780927160582,284.92470,2849247000
550.2572317743408,184.5065384427491,285.17090,2851709000
593.7285710492458,207.8642816766622,285.38480,2853848000
577.7352863295084,250.20692175158842,285.61290,2856129000
636.3831433382827,297.12092107223157,285.83140,2858314000
689.3141761477204,305.19601671900017,286.09490,2860949000
699.9035218924081,272.3515368172901,286.31110,2863111000
676.5400980616965,234.20512487337882,286.54790,2865479000
754.3979021319813,235.83463059188938,286.75970,2867597000
802.4120002103044,145.40031319108982,286.97770,2869777000
998.9298951460046,121.18328139094531,287.20410,2872041000
1056.549343694023,125.50507376662088,287.43440,2874344000
1182.6200503689777,149.0575020536653,287.65730,2876573000
1241.8708735847858,142.58441239446782,287.87530,2878753000
1326.2504672941452,179.35721246627799,288.10400,2881040000
1387.003566936321,164.1763022136322,288.33160,2883316000
1209.7771919202346,170.06209196142086,288.55140,2885514000
901.5011544410729,191.76565215556897,288.76730,2887673000
703.6598902127723,197.2086766645567,288.99010,2889901000
556.6954159945011,193.68411950772594,289.22020,2892202000
728.6495372158575,202.38093668598742,289.44590,2894459000
735.7428975579124,191.74210185169056,289.66240,2896624000
717.5116084739655,186.53987928231183,289.87820,2898782000
718.4976542577003,176.24607149413507,290.09140,2900914000
759.0264867011941,363.7821497887467,290.31050,2903105000
801.3631703350167,492.7462380872869,290.55770,2905577000
863.0728384974635,520.3004244790868,290.77270,2907727000
963.3967675675707,543.4157976383392,290.98910,2909891000
980.3060321587902,492.08387098638843,291.23180,2912318000
1046.177983251111,527.20288305975,291.45590,2914559000
1061.3620823511658,392.86568782678717,291.66860,2916686000
1009.4031432783634,233.11777099522413,291.90970,2919097000
968.3672812184541,101.32993544997726,292.14280,2921428000
885.3265700481256,136.32698083634727,292.38010,2923801000
876.3894497240193,157.12634829997603,292.60210,2926021000
822.808039860973,157.79341539710992,292.81970,2928197000
1093.2638725475833,196.0051476333761,293.03510,2930351000
1193.4418894021157,142.75971300880812,293.25550,2932555000
1392.420431339613,126.77184104585922,293.47760,2934776000
1534.670483984766,116.76991274724058,293.69910,2936991000
1605.31671161365,37.530776820279826,293.91660,2939166000
1694.8955038925524,5.075223533691842,294.15060,2941506000
1769.241055966593,4.57979453612505,294.36800,2943680000
1830.3845850217456,-23.577347714905954,294.58590,2945859000
1867.2626013462404,20.37607640594652,294.80420,2948042000
1874.3514520840909,-35.75210256004895,295.02560,2950256000
1886.8477095855583,-3.2554711757259014,295.28780,2952878000
1784.325145052318,-49.36815970927194,295.54050,2955405000
1818.0180670451505,-1.958580892763436,295.75930,2957593000
1770.163402108622,-40.658840361153956,295.99250,2959925000
1778.270608115257,16.21589575543298,296.24600,2962460000
1762.4987309693302,-3.995660152867414,296.47040,2964704000
1783.6479894187055,4.892867424298288,296.70900,2967090000
1802.4397882355984,-3.8247845400135843,296.92820,2969282000
1834.5052837180378,21.21121468059654,297.14480,2971448000
1523.3773463386005,-91.67047812581798,297.36640,2973664000
1202.0811838843397,-136.4449948415784,297.58930,2975893000
985.7821447700602,-130.29380725348653,297.81620,2978162000
797.6628225465669,-120.67459800308154,298.03640,2980364000
714.9029805634528,-127.66524584895176,298.28230,2982823000
573.7887046796194,-124.35359790856445,298.50020,2985002000
556.1069769244194,-102.6944124817511,298.71680,2987168000
673.2398538318837,-79.82595008618038,298.92420,2989242000
734.5592632107631,-123.1960757835673,299.14070,2991407000
885.0771065846434,-87.24299029245475,299.35700,2993570000
1067.1366951452062,-22.65526447155844,299.57300,2995730000
1228.1850269754318,-7.475420680412205,299.79020,2997902000
1368.0121997735785,85.51963197116282,300.00760,3000076000
1460.8699398453368,120.2441406878997,300.23020,3002302000
1507.0691400340472,111.09993057879743,300.44390,3004439000
1520.7601185150936,56.60983808167944,300.66420,3006642000
1407.2975120514523,10.992348750674246,300.87530,3008753000
1206.3553834274967,-53.57380131106238,301.09700,3010970000
1281.1230641155655,-8.230193316967593,301.31820,3013182000
1378.1643488362517,10.983407004167502,301.53750,3015375000
1441.4197225877463,7.053022671437979,301.74990,3017499000
1483.7933939503375,24.71493323341306,301.96880,3019688000
1516.5431527542532,41.19867432000745,302.18490,3021849000
1474.0703395028065,149.30999079741758,302.40140,3024014000
1459.4262666491024,110.00557219077945,302.61190,3026119000
1489.2628188171816,88.38351437335129,302.82580,3028258000
1519.7651303848481,92.75862921070554,303.04240,3030424000
1572.5259022130679,99.12323820189694,303.26030,3032603000
1561.2428902174927,127.89601017066094,303.47610,3034761000
1524.4962353280835,106.09879978891098,303.71460,3037146000
1491.8070498709174,42.50517626260651,303.94550,3039455000
1431.8193309824958,6.730751449062897,304.16420,3041642000
1375.7733503030668,-9.730299374300722,304.37570,3043757000
1337.7551123169587,-40.142817878237864,304.60410,3046041000
1306.2167180811814,-74.4536231622481,304.82590,3048259000
1328.4892317321548,-77.98629929185302,305.04460,3050446000
1279.4867167226375,-76.20986899054341,305.28850,3052885000
1277.8006296219758,-48.42501002594745,305.50730,3055073000
1338.139765714325,-10.068732330052043,305.72720,3057272000
1384.175182706109,1.5219110332839758,305.94180,3059418000
1487.4220539412072,85.39514223124309,306.18200,3061820000
1546.0560608822045,167.1869353826406,306.39720,3063972000
1269.8426148114563,125.16945067335874,306.61640,3066164000
1060.8469571732528,80.93330374992865,306.84470,3068447000
827.1864339270086,12.385087107491216,307.06190,3070619000
639.0768062320116,-49.66157747813886,307.27990,3072799000
537.036398924689,-111.72969386736392,307.49810,3074981000
680.4177872196855,-49.58658950995891,307.72030,3077203000
839.4030995380734,-45.40757527082339,307.93370,3079337000
956.0501179553488,-36.16829276722399,308.14790,3081479000
1131.94460085121,-17.61140323718174,308.37470,3083747000
1203.9838823496154,-32.49603064181182,308.58990,3085899000
1300.6285750736208,-19.924888434151956,308.80590,3088059000
1363.1778939394242,-31.411535603801163,309.03360,3090336000
1447.702770098255,-32.20544422254522,309.24880,3092488000
1467.0406395908192,-45.187760354743304,309.46650,3094665000
1554.0696049765772,-19.875199425237614,309.67980,3096798000
1604.4121747016993,10.956074662577088,309.90530,3099053000
1614.223975217482,46.51070850482703,310.12100,3101210000
1624.6735940997262,28.252031569443094,310.33500,3103350000
1548.952306658745,-13.232895652383291,310.54880,3105488000
1552.1055080885112,33.84517399423982,310.76800,3107680000
1500.9906707992125,16.981192159605175,310.98370,3109837000
1532.5765952011361,1.9951777041946848,311.20360,3112036000
1530.444226029584,3.3845164151614853,311.44420,3114442000
1519.6769508283242,-10.325252871993566,311.64720,3116472000
1487.155449260839,10.736187971802389,311.84680,3118468000
1450.3649863602866,29.918815588198715,312.05390,3120539000
1448.563059843133,32.45594669668447,312.25650,3122565000
1439.7153349037392,47.50048901302664,312.45280,3124528000
1486.0715403699896,24.52283328330466,312.64900,3126490000
1432.6027424588733,7.508373533157947,312.84840,3128484000
1463.7897785517202,-29.07941862214009,313.04370,3130437000
1466.0805191408065,-59.48830920184069,313.24840,3132484000
1445.014025817583,-28.82672843944045,313.45180,3134518000
1457.1811823376636,-26.463517654481777,313.65230,3136523000
1434.0982084755162,-26.342590471087124,313.84780,3138478000
1433.1384505482063,-45.2507935425378,314.04640,3140464000
1465.758632021814,-22.549620667430432,314.24690,3142469000
1468.2442144982735,-24.40006403282379,314.45130,3144513000
1496.0597608181279,3.1823951642127604,314.65920,3146592000
1493.8369092039554,24.393321614895434,314.86670,3148667000
1496.0018118422736,27.140086855134857,315.08220,3150822000
1447.8562976157832,70.15847947261412,315.29270,3152927000
1220.6259290105288,2.207261875421935,315.50960,3155096000
962.9658411515632,41.8651191181245,315.72320,3157232000
815.6567435083475,64.41276506758528,315.93690,3159369000
943.8545701676339,115.70057264079153,316.15870,3161587000
1099.4744335701635,111.8248193683438,316.40260,3164026000
1163.0818987358243,125.49204536340824,316.64380,3166438000
1159.377184733722,144.9609208353381,316.86190,3168619000
1234.4548732869707,99.70931260665611,317.08260,3170826000
1281.9681451735655,105.57541107327798,317.30900,3173090000
1362.2518905258635,55.3807281498256,317.57780,3175778000
1426.7673191365393,14.560249218882625,317.79940,3177994000
1407.1085240135028,-57.93255575157091,318.02470,3180247000
1471.4368172680695,-65.90245056186735,318.24120,3182412000
1482.3542256645806,-63.49503411846942,318.46390,3184639000
1527.23333951948,-56.90098894598325,318.68550,3186855000
1529.2977231560449,-13.056638323393443,318.89230,3188923000
1497.2551472601817,42.73183090938792,319.10950,3191095000
1427.766466851696,117.6886484062642,319.33290,3193329000
1287.6193381760197,102.7339912439866,319.54740,3195474000
1231.2317487943258,56.50764567306397,319.77600,3197760000
881.5275592475771,85.51885471866834,319.99490,3199949000
578.3486322285073,130.78747611636442,320.20900,3202090000
498.72358788024457,148.3439790642374,320.42860,3204286000
513.0407362306992,131.2247180412475,320.65520,3206552000
331.1296066269623,175.3657390586918,320.88160,3208816000
352.3196158418729,150.92045303248582,321.10970,3211097000
427.91039335429895,162.0572593766949,321.32720,3213272000
435.1406207083682,157.76946923536332,321.55050,3215505000
393.62770873681137,201.82773413892195,321.76480,3217648000
353.01682632624323,219.67879986527953,321.98410,3219841000
369.85110720922535,230.58600744469408,322.20890,3222089000
469.9517797791549,159.85954885853664,322.42410,3224241000
649.4494320856008,106.40971438302246,322.64340,3226434000
859.837004974102,244.1567744999401,322.86170,3228617000
1012.29948669083,317.1178883081617,323.08980,3230898000
1099.1033400036063,393.522909972451,323.32440,3233244000
1090.2956881302555,433.38613769067433,323.54030,3235403000
1136.3772332769452,442.33006226990926,323.77710,3237771000
1086.4010234963905,431.9092939850181,323.99450,3239945000
1105.6396977184709,388.6747721451191,324.21920,3242192000
1141.4707334192246,374.2213531088771,324.44520,3244452000
1189.8662777541147,345.0483818988737,324.68530,3246853000
1177.719757829707,293.618880789729,324.90420,3249042000
1203.1160758506999,329.1262669641572,325.13030,3251303000
1191.6277567227794,370.3623088014166,325.39050,3253905000
1183.3935063988122,387.25049361235597,325.65470,3256547000
1182.5272945024049,380.1420069584408,325.87080,3258708000
1176.6652481408005,379.42594288758926,326.09380,3260938000
1172.3678978404557,439.37136887245003,326.31810,3263181000
1044.6474930281383,361.7716902673616,326.53820,3265382000
1003.341403665287,321.5247542952667,326.77050,3267705000
890.723823469547,284.2110666358075,326.99780,3269978000
824.2535886676827,246.6637384900127,327.22760,3272276000
759.9131260783907,242.94219742604818,327.44820,3274482000
741.9608543669693,221.83575300274154,327.68540,3276854000
611.8583500584377,199.10656660371916,327.90680,3279068000
458.5401459443396,171.20308943160722,328.12840,3281284000
222.67984378782268,186.15054086017864,328.34940,3283494000
218.3231901109672,200.30268879621457,328.58160,3285816000
197.441747957552,198.83256800781854,328.80160,3288016000
138.51812438698448,176.29976899251665,329.02030,3290203000
205.14230634799702,179.44949142718696,329.29710,3292971000
296.6433581553732,282.9412430862783,329.56020,3295602000
315.1397331412869,257.41917494624005,329.77690,3297769000
365.26981042722934,250.4194556733252,329.99370,3299937000
389.70154752260936,223.36973617346837,330.21410,3302141000
348.439764749833,197.77952514354632,330.43810,3304381000
347.60070713508793,226.0079191822298,330.65450,3306545000
379.6568107571935,279.44258423151564,330.91200,3309120000
441.6174893051142,255.05736706914774,331.14510,3311451000
479.89351664352364,178.26085789882296,331.39610,3313961000
566.0431109989943,98.54261084594906,331.62440,3316244000
665.6697229891297,129.96726899273563,331.84950,3318495000
664.0031888510225,143.99697381331057,332.08480,3320848000
712.8678554763436,233.71183926807777,332.32090,3323209000
689.3609690159286,155.4306354703161,332.55320,3325532000
772.8158495342202,124.2665293664236,332.77580,3327758000
656.0534614196565,183.53510097430552,333.01160,3330116000
556.5259713410903,108.88627802796395,333.24970,3332497000
561.5990170238782,158.7048393262698,333.47400,3334740000
525.537415383739,82.66455977705645,333.69040,3336904000
729.9119667307891,184.93609621216143,333.91560,3339156000
808.9067496075265,203.9662954823417,334.14640,3341464000
964.0496112764838,190.8521773237513,334.38270,3343827000
1241.3398738110038,114.04860649104155,334.60880,3346088000
1357.5963761621908,47.03925474660714,334.82960,3348296000
1426.8158957338987,36.30565718555758,335.05740,3350574000
1499.7458708966371,-29.24275576817649,335.28560,3352856000
1469.386590762768,-50.942462034372696,335.49790,3354979000
1371.0801990422337,-134.25268738346074,335.76750,3357675000
1311.9615435905607,-105.86936591144901,335.99180,3359918000
1302.038801434902,-134.11242977713627,336.20910,3362091000
1273.0936679950214,-78.82809494451108,336.43080,3364308000
1256.8630252729386,-27.83346519852421,336.64590,3366459000
1243.650418238859,-38.09991586861666,336.86490,3368649000
1118.3470315559439,-46.809062838999715,337.07660,3370766000
819.8783929823162,9.274846991270053,337.29480,3372948000
497.6031536090295,18.972718295187796,337.51860,3375186000
275.58632808018797,36.11049931142298,337.73960,3377396000
55.08125704056222,41.95286746794747,337.96330,3379633000
-52.88868087834095,-2.8333787586945647,338.18900,3381890000
-184.34848304226057,23.21722256147189,338.40970,3384097000
205.58999416960188,59.84816539464513,338.63210,3386321000
503.8367409001621,59.73964325275307,338.85030,3388503000
691.277333843743,71.5432412225929,339.07160,3390716000
930.4256267420114,106.44005305754676,339.29010,3392901000
1069.065611558206,63.524717159293225,339.50720,3395072000
1190.970538079619,42.46763583245842,339.72480,3397248000
1297.6152480400378,47.4621758298787,339.93530,3399353000
1384.713314894012,15.345716608663693,340.15220,3401522000
1463.659630282976,-16.736052972511022,340.36740,3403674000
1500.5673078677548,-47.97237931277532,340.58680,3405868000
1415.7371692492416,-93.7238926428607,340.81020,3408102000
1425.5646955290922,-49.88019919267514,341.03950,3410395000
1413.6467720400017,-37.65721357097763,341.25980,3412598000
1385.7993605902075,-45.755554609190725,341.48000,3414800000
1341.2052936645498,-28.283625601251423,341.70190,3417019000
1318.8115651904548,-75.65114260188804,341.92860,3419286000
1245.581387298299,-115.70821008879865,342.14540,3421454000
1175.3361063560403,-161.34344402887243,342.36290,3423629000
1250.642092435987,-157.7984172503445,342.58830,3425883000
1311.331032187979,-131.79382903410695,342.80720,3428072000
1340.0507692462368,-52.52003488095583,343.03140,3430314000
1089.3247432669307,-61.61566299115207,343.24480,3432448000
829.4812966025065,-9.131483204029408,343.46750,3434675000
673.6564343133773,90.95743301293734,343.68330,3436833000
612.5502064718419,136.70690301863777,343.89940,3438994000
554.7641966744477,173.73658388701082,344.11350,3441135000
364.75071034704354,167.64689673080466,344.33450,3443345000
323.7835293455825,169.75003580071333,344.55080,3445508000
185.12587064179434,216.04540132088255,344.76640,3447664000
113.09361714314082,257.08100311759216,344.98670,3449867000
32.95932557394143,272.7869214127569,345.20710,3452071000
165.73215381953395,212.75758314598912,345.43200,3454320000
257.41469820894656,214.16141972364204,345.65140,3456514000
343.6902314307086,211.1234489344157,345.86950,3458695000
494.88600567430217,172.56002064665137,346.08610,3460861000
733.2985790818688,118.15948690195071,346.30380,3463038000
838.3900211858764,89.3039427136024,346.52450,3465245000
1064.2131936039214,70.80551221393794,346.74560,3467456000
1138.0479567754294,21.958588105761315,346.97050,3469705000
1194.9439940903098,-65.63614238960078,347.19480,3471948000
1272.3648607048453,-113.04107995983745,347.41790,3474179000
1316.0569350984872,-158.06888572654128,347.63980,3476398000
1297.030907109063,-126.1540774697083,347.86160,3478616000
1352.703358170967,-129.0959395623611,348.08820,3480882000
1287.5795990756847,-134.23946977590776,348.31600,3483160000
1287.3097236728195,-115.68632450828213,348.52820,3485282000
1245.8351184190324,-114.14627526598399,348.74430,3487443000
1237.259334920919,-104.39118912016326,348.98040,3489804000
1177.8209295652237,-96.00120661999271,349.20130,3492013000
1145.276652314845,-73.40651204590637,349.43020,3494302000
1099.9861310585527,-36.121902392677875,349.65400,3496540000
1092.923638457251,3.7634481595362956,349.89560,3498956000
1046.8832864892227,9.098450779330056,350.11210,3501121000
970.064091606991,20.8536211625843,350.33320,3503332000
974.524591246607,24.27949790966465,350.55500,3505550000
964.6215891757347,16.400377273746766,350.77340,3507734000
1008.7898662732384,25.71701935828836,351.02070,3510207000
976.0265163380096,-7.382342856245394,351.23960,3512396000
979.6848183971754,-26.07479873814004,351.46540,3514654000
941.1792289819921,-38.649364913628204,351.68760,3516876000
1019.1579254039758,-23.446903032898113,351.90370,3519037000
1135.6674082106229,85.6868295634097,352.12310,3521231000
1225.5357400048656,156.83280197120655,352.34690,3523469000
1270.1102866168687,210.8363291815029,352.55840,3525584000
1343.7948623389188,229.43909798673678,352.77670,3527767000
1325.225598829568,250.6828690963702,352.99710,3529971000
1317.8082774123254,269.36955729421436,353.22950,3532295000
1331.2895667597052,263.9976479075437,353.50720,3535072000
1308.4523374182527,195.37935228568648,353.72840,3537284000
1373.211954213262,214.32214065910028,353.93980,3539398000
1465.036310003425,227.28632522354977,354.18220,3541822000
1535.8437718169412,215.0749420890966,354.42130,3544213000
1332.9554474860668,165.95039279996465,354.64730,3546473000
911.1642901158348,177.4178659325511,354.87920,3548792000
935.7884111851475,169.6157345339355,355.11020,3551102000
1033.2658851492,180.53459792561878,355.33540,3553354000
1060.8683836301389,203.3097311274913,355.55780,3555578000
1078.4169827247672,225.4876197728733,355.80500,3558050000
1102.465328939684,245.7346566490304,356.03250,3560325000
1045.059520006234,183.94287835506856,356.26020,3562602000
768.3387605944538,177.2879250652361,356.47800,3564780000
555.9802202031101,201.42319481767046,356.70410,3567041000
461.915535611032,146.59803516510095,356.96720,3569672000
577.0787878394818,235.41061774474213,357.19370,3571937000
619.6301289207138,183.4569725551692,357.41250,3574125000
646.6040885106686,166.20711033994908,357.63840,3576384000
558.7700124261636,130.78180540654398,357.87330,3578733000
410.99386812608674,116.02793608983906,358.09430,3580943000
278.7192670009139,138.22338487093256,358.32050,3583205000
237.93067935657598,147.9605051210414,358.55050,3585505000
132.03704955798628,160.9633153867473,358.76740,3587674000
123.23327222880832,143.78007970664294,358.99160,3589916000
153.2196334337934,45.9714586989617,359.21910,3592191000
258.88177954333344,-19.584693371307857,359.47670,3594767000
426.3156594250212,-22.352989858351776,359.69850,3596985000
539.2675824545262,-43.950153541642734,359.92190,3599219000
634.0921835475183,-68.31162352644557,360.16590,3601659000
655.6869270971,-67.27364329335634,360.39850,3603985000
631.8604768261922,-73.64383518790149,360.62200,3606220000
656.7739017667881,-1.8978721188331917,360.84420,3608442000
626.4311045134144,45.75477243129316,361.09500,3610950000
633.8846370085762,20.39594055228,361.33370,3613337000
670.712377463185,23.193313365405345,361.56460,3615646000
619.31405056013,72.67870599277376,361.79550,3617955000
478.6600243866402,70.20108778950383,362.02210,3620221000
336.5819897615592,117.98952596645537,362.24120,3622412000
316.4499978264717,88.81218728979869,362.46950,3624695000
242.21194527697145,94.00922435157558,362.70510,3627051000
301.8043680705081,135.93885640071758,362.92450,3629245000
325.11714097958713,142.3715928193448,363.14790,3631479000
315.4025705455122,113.050132723334,363.37110,3633711000
312.409713995202,131.15410076275177,363.60250,3636025000
310.30209372971774,153.34807828083737,363.82910,3638291000
268.95096442041466,162.56467294838393,364.04640,3640464000
251.88539611769906,158.39378328546252,364.27130,3642713000
235.02399084724843,166.65708479217506,364.50490,3645049000
337.95644395575187,183.88266340342437,364.73460,3647346000
388.57136834629097,177.56129688435658,364.95360,3649536000
526.4321081996686,248.41686076486747,365.17190,3651719000
648.6401321874716,273.1147611597392,365.38890,3653889000
715.054359322846,197.55024066498606,365.61130,3656113000
844.2105304432991,177.94454300096828,365.84240,3658424000
870.3110155630322,366.61320515686145,366.06460,3660646000
690.4120655057291,317.62134398715716,366.29140,3662914000
739.2735896426409,444.4798282927815,366.52230,3665223000
647.3576964359021,507.78160371628974,366.74200,3667420000
452.00708605607826,470.6985694035746,366.96050,3669605000
361.2132348144176,382.84727861263747,367.18400,3671840000
277.6418741416148,322.99090565320364,367.40310,3674031000
225.93001499846582,303.5264854331791,367.62500,3676250000
251.0699012414839,288.6846153901121,367.85000,3678500000
237.533673774727,269.9679628664656,368.08020,3680802000
177.3932551066181,274.5760033934732,368.30630,3683063000
111.32754390246147,212.34036031865799,368.53100,3685310000
87.05699983666815,217.13462178068076,368.76260,3687626000
100.67748590368592,218.88306154709426,368.98750,3689875000
139.18366954158614,214.57833911549235,369.22110,3692211000
180.44860057614923,191.0337373687359,369.46280,3694628000
255.62325030133314,147.90661314846398,369.69020,3696902000
268.56605354920913,137.58981310365476,369.91470,3699147000
406.7090961600924,70.38686376125322,370.13330,3701333000
444.8700530099541,65.44448899997928,370.36740,3703674000
450.7373843552926,53.853738554590585,370.59060,3705906000
349.6209029710593,97.55197420625447,370.83970,3708397000
333.5316274688925,163.7642597358728,371.10240,3711024000
316.4545511776906,228.95005827968768,371.32470,3713247000
303.33841173532534,228.907425320008,371.57770,3715777000
324.7878836670575,213.4384936383926,371.83290,3718329000
308.0334912749864,221.9570522677513,372.07430,3720743000
243.46933046935533,235.3301015070607,372.33740,3723374000
230.4237712337074,273.2022033651655,372.56040,3725604000
171.6744044446379,283.62450368134284,372.79450,3727945000
158.11432782870887,323.32808211777615,373.01860,3730186000
172.7720834690195,335.86699720150585,373.23990,3732399000
173.90075987277822,397.07837628407975,373.46490,3734649000
66.92163697223378,352.37199834672475,373.69610,3736961000
21.174319203297394,324.1621772036338,373.94860,3739486000
84.59033334367973,334.9292448289371,374.18120,3741812000
62.91028502807477,325.59892362860114,374.42860,3744286000
83.28052613477641,349.6191674947665,374.65820,3746582000
123.02719987766307,369.5476006556932,374.87240,3748724000
150.10653466867151,363.68030736268753,375.09020,3750902000
169.2358388542582,359.7508921454945,375.31740,3753174000
132.6841629774806,361.6508594061372,375.57010,3755701000
185.12827994750373,429.9347589410848,375.79700,3757970000
196.92765439483753,448.97010471687895,376.02640,3760264000
211.7324420445561,511.6974817794466,376.26310,3762631000
162.52306361290744,474.60502231978455,376.49180,3764918000
222.0868074746683,477.2196121518203,376.71830,3767183000
231.40294329147673,480.5694576589238,376.95210,3769521000
239.91445519001763,486.03432251290087,377.17590,3771759000
246.68548932858982,475.1177067778461,377.40720,3774072000
253.29111545100446,460.5672410989673,377.63340,3776334000
254.81745288641076,443.0148239238867,377.85630,3778563000
237.6628380739981,427.9791156549904,378.07400,3780740000
258.1332324513281,415.69870073663844,378.30100,3783010000
231.95823373558406,402.8777078515967,378.51870,3785187000
179.97731741283806,408.09027752832856,378.74150,3787415000
135.13364010695608,407.3263841700493,378.97420,3789742000
112.6990927149769,387.96052106064235,379.19300,3791930000
136.65296105938512,398.5377500783678,379.41500,3794150000
193.92505217806035,422.2816838823277,379.63360,3796336000
209.25647862774406,428.94066316278366,379.85710,3798571000
337.79389007956934,312.5287671544132,380.07390,3800739000
395.0886228835337,256.5509789223514,380.29930,3802993000
392.06378127057997,200.81769200210167,380.52060,3805206000
438.7252908164342,205.37964706410924,380.74920,3807492000
522.1265137590378,258.3634200337442,380.97920,3809792000
616.9935615379156,362.4403316663495,381.19530,3811953000
663.853219093962,355.0404029656478,381.41480,3814148000
737.2055036558461,377.3432961427465,381.63980,3816398000
901.3460971907577,401.0511512338391,381.87890,3818789000
921.2811111017872,402.09391723030006,382.12600,3821260000
891.2748122465503,371.28684822052037,382.39990,3823999000
890.5306586481464,308.3152532356681,382.63060,3826306000
842.368596101608,269.9618382721996,382.86530,3828653000
875.3432737338106,399.42344232863036,383.13980,3831398000
837.1684970505463,300.9334217883158,383.37190,3833719000
802.7724116954312,346.77647587366573,383.60560,3836056000
813.7788493937938,284.72381269412415,383.85790,3838579000
647.8017233485601,298.60844617914995,384.09860,3840986000
556.4295322782013,316.86777283521053,384.32960,3843296000
487.476374961967,338.98889443819843,384.56240,3845624000
418.6849626860903,378.39086492027076,384.79070,3847907000
389.45360938111713,411.14247805351414,385.02010,3850201000
321.6714057885448,399.1331999208654,385.27300,3852730000
243.1876883456348,381.6262852443962,385.52660,3855266000
368.63098050296225,334.7171624278879,385.74580,3857458000
371.4977991489493,334.69529337737083,385.96580,3859658000
442.5856869599598,327.75921634583443,386.18710,3861871000
542.4592441455613,378.22153278206986,386.41750,3864175000
640.4297275217817,361.3345490939703,386.63460,3866346000
793.1180020218167,317.42444480606173,386.85000,3868500000
880.1421290459976,287.0231454218566,387.06610,3870661000
926.187435651183,256.04544327481665,387.28770,3872877000
961.0070719398492,257.9755470868744,387.50380,3875038000
964.6339478443715,229.61924961315714,387.72640,3877264000
979.6855048173786,214.5301334543871,387.94450,3879445000
991.8428049342132,252.37563452961447,388.17500,3881750000
969.5219368105486,280.02819243513983,388.41780,3884178000
1040.2759012085196,375.3573486039054,388.67840,3886784000
873.8769504149471,405.94958565403846,388.93400,3889340000
759.7626170024721,400.56297008056987,389.15360,3891536000
591.1130357210651,459.83957370766507,389.37390,3893739000
519.9215156688268,536.5036073919832,389.62900,3896290000
429.21129225607456,586.3376735161008,389.85880,3898588000
359.6196349450992,629.1576286516674,390.09070,3900907000
344.89198340589303,675.6026279057681,390.32200,3903220000
348.8519450179837,765.2499381494089,390.56000,3905600000
336.62968641812967,751.1184274577583,390.79860,3907986000
340.6579920208645,801.4842919163863,391.02540,3910254000
265.9023558909583,669.4853712116025,391.24750,3912475000
166.94717882836977,587.3959269614198,391.47230,3914723000
118.5867313829748,613.6748324163143,391.69210,3916921000
101.20501711664149,644.4125541863441,391.95780,3919578000
118.8339099081814,689.4450081321738,392.17220,3921722000
155.26431746757675,730.4357422190035,392.39950,3923995000
170.81153430001663,662.9043620681357,392.62230,3926223000
165.07629150379648,650.5074754641232,392.88640,3928864000
155.5245592743494,656.0403393989568,393.10440,3931044000
128.93317309171002,600.4020220872914,393.33400,3933340000
158.43014665405698,593.4568043485192,393.56360,3935636000
177.71255627947605,589.619861459818,393.78480,3937848000
194.08339597397304,601.514235208939,393.99930,3939993000
213.77877288117494,620.4496051501237,394.22180,3942218000
241.69862287550552,571.2544565503973,394.44170,3944417000
275.7249730153322,487.31754663262393,394.66150,3946615000
293.0347765367649,427.28446989571444,394.88670,3948867000
309.78578402048953,398.5474759356105,395.10300,3951030000
405.76251805387585,266.7664784566563,395.31870,3953187000
473.4592251336873,173.0768275688436,395.58230,3955823000
590.8075921248532,106.23225705313982,395.80330,3958033000
764.5523240286814,70.41293858855923,396.02980,3960298000
931.6479038476249,120.14519338673621,396.25850,3962585000
1077.0264395798629,186.57496946650065,396.48750,3964875000
1049.6088387290176,233.32086265794516,396.70620,3967062000
955.0596882553918,287.27023742714107,396.92930,3969293000
904.3547997768468,338.10917238858224,397.16190,3971619000
1024.598985701536,412.71261610645445,397.38440,3973844000
1015.9488141801584,432.5913944137358,397.60650,3976065000
1035.7327494875922,437.53612589267414,397.83530,3978353000
979.573210475055,433.9410295316738,398.05840,3980584000
1107.265532355182,542.1355685422901,398.27600,3982760000
1101.215464943964,596.7725489745658,398.49740,3984974000
762.1693637294486,548.0030159438271,398.72520,3987252000
532.8469304390077,546.4474833701298,398.93840,3989384000
395.4620196743562,509.7037178681084,399.16190,3991619000
266.6588295997807,474.02625791519813,399.38640,3993864000
144.4280469759512,421.30939965998454,399.59660,3995966000
36.392575910932905,407.7209621405531,399.81540,3998154000
-6.216086932825142,421.24793262336215,400.03680,4000368000
34.148931182969505,454.802548756314,400.25520,4002552000
95.07333198122494,505.28518721944516,400.47710,4004771000
93.16076684381855,524.4975220612522,400.69440,4006944000
92.00940630921306,518.9126434005701,400.90910,4009091000
114.08554434299069,515.1032526952434,401.13850,4011385000
94.82976406270744,527.467657374634,401.35720,4013572000
71.19010490256363,523.942784824505,401.57210,4015721000
106.03569319526142,509.68467649339254,401.78420,4017842000
117.059865263981,476.7983903827689,401.99940,4019994000
173.32861815859252,456.9392270148985,402.21300,4022130000
176.2841544481113,443.7801884554391,402.42780,4024278000
192.46099492928738,435.03408386509966,402.64300,4026430000
222.17410098022032,465.50307245430986,402.86160,4028616000
281.17980058918863,491.91698068313036,403.07650,4030765000
307.8305414583716,486.2458973053405,403.30460,4033046000
343.5170066853846,477.17224585903426,403.52940,4035294000
498.43659590847346,381.3374959040357,403.74900,4037490000
577.4586567742175,255.37738348887527,403.96870,4039687000
574.2246002031283,192.58597841366014,404.18880,4041888000
533.3811578589458,220.450551784483,404.41030,4044103000
550.9071171223508,230.9040451559519,404.64600,4046460000
568.3551746672806,258.45083142165805,404.86070,4048607000
514.17344580881,214.5805457536234,405.07040,4050704000
457.8562516002826,233.50126806232072,405.29130,4052913000
381.67741143070026,264.95961072403895,405.50700,4055070000
258.88851197655964,267.45140447749384,405.72380,4057238000
201.17816309562613,352.14471774409117,405.93980,4059398000
296.48890394721343,333.04913535835766,406.15820,4061582000
371.3793847654354,314.77149182180506,406.37670,4063767000
454.5025482632766,309.702997292072,406.60020,4066002000
411.75725627662814,315.99021914330564,406.82360,4068236000
385.72479518482197,305.0790214551766,407.04630,4070463000
374.32276962686,324.98627332008186,407.26640,4072664000
426.9147955599423,335.1776556284548,407.49380,4074938000
469.9772765036978,256.6733910296549,407.71440,4077144000
546.4198931962223,195.81523400592812,407.93320,4079332000
610.5755181123474,149.77757748996726,408.16200,4081620000
606.4019116902646,123.23923355640964,408.38960,4083896000
631.6287208583451,94.4057228818952,408.60500,4086050000
554.1505525322398,127.8356012607303,408.82510,4088251000
457.1208428366499,167.722898501072,409.04390,4090439000
368.21425387131376,238.05512355431983,409.26900,4092690000
354.7363551102109,285.1900934840615,409.53510,4095351000
312.7940198076589,314.45045296574176,409.77300,4097730000
327.41877314369117,365.49768981522885,410.02960,4100296000
391.82703589008844,299.455348170899,410.28150,4102815000
429.09306485332684,282.1797936555793,410.51520,4105152000
523.3077934331851,254.94583126753986,410.74780,4107478000
627.53667569561,279.85279856791726,410.98620,4109862000
701.0250960461691,288.35505214414786,411.21480,4112148000
551.3751036330341,388.9898053474083,411.43600,4114360000
479.56132038150065,496.915898414798,411.66140,4116614000
443.0304744509372,563.3317695878696,411.88380,4118838000
408.5269866353533,611.5246837828729,412.10890,4121089000
401.68069648934977,684.4699573606594,412.33300,4123330000
448.3493406566243,721.2112063235368,412.56590,4125659000
437.8087289603219,695.7134244986564,412.83150,4128315000
492.27823221532026,709.5571007946453,413.07000,4130700000
642.9651209213628,747.5313277414027,413.29640,4132964000
723.6945117776941,777.5437405441961,413.52310,4135231000
710.8133108753974,837.5506301957147,413.73930,4137393000
661.9359317609177,838.2708306738064,413.97550,4139755000
632.2112202372851,827.0955825024042,414.20560,4142056000
531.6000572034994,781.0046869951782,414.43250,4144325000
430.65608465143555,789.4205408443707,414.69400,4146940000
351.17852732127784,775.2106328262705,414.93660,4149366000
293.62512058858505,793.9313455494201,415.16060,4151606000
278.7200553798385,780.6379807090544,415.38920,4153892000
274.09458738288777,807.481362644583,415.60910,4156091000
383.0897633578177,628.0494017927965,415.83470,4158347000
536.9165362718622,536.7439462180132,416.06120,4160612000
619.497097891643,417.81391687215364,416.29280,4162928000
690.0924969867813,303.0582313945651,416.51780,4165178000
729.7688574726692,262.1903909107726,416.73210,4167321000
831.1554799736982,213.10259977027923,416.94970,4169497000
856.918516379331,340.79404945969463,417.16040,4171604000
801.3034903477333,417.17752144260305,417.37610,4173761000
703.7928117576068,472.03326326437457,417.59950,4175995000
606.0828732630168,550.8495549232903,417.84680,4178468000
439.38702350640017,538.4993337513265,418.07490,4180749000
381.7778637109278,608.8091143373415,418.33040,4183304000
304.9549469704716,679.6601337444982,418.57230,4185723000
430.51563693665946,705.1705849055568,418.79750,4187975000
616.2701783437815,575.5589820650455,419.03430,4190343000
834.9161741581136,510.12286008674005,419.25770,4192577000
881.8020492517202,300.8665789816743,419.47480,4194748000
875.5316087384783,224.63648763857378,419.69030,4196903000
879.2676458303005,171.1980912102218,419.91010,4199101000
696.3502102263665,151.38401119253476,420.13030,4201303000
560.0060433801866,226.00353812222545,420.35480,4203548000
489.14429340029506,333.8751488468014,420.57550,4205755000
432.54356276110155,368.327065647057,420.79410,4207941000
311.1800456693997,347.03240762489037,421.01220,4210122000
236.00568282971497,360.92603302564,421.23910,4212391000
209.18691497698092,320.5848328125104,421.50050,4215005000
149.11220947681943,283.8654508551946,421.76000,4217600000
122.91925019976775,233.12117185306258,422.03030,4220303000
41.21324906373491,245.5741224125276,422.28690,4222869000
84.14867288805928,245.17038251617583,422.52250,4225225000
-3.2109150003066915,261.6153174241086,422.74220,4227422000
-54.521078877051934,275.1735593151478,422.96120,4229612000
131.9107227959598,274.30951134330974,423.17500,4231750000
300.444878651164,209.29033903961675,423.39340,4233934000
485.43394886226497,265.3130946846681,423.60860,4236086000
524.0850831733505,295.2039908337567,423.84180,4238418000
625.5038958543607,316.9046598608504,424.07000,4240700000
703.3926006517669,358.58541173127344,424.29030,4242903000
769.4282268871034,351.76209191186706,424.50610,4245061000
876.2265155789048,343.66584272715244,424.72740,4247274000
927.9760043402725,350.75748490234,424.94240,4249424000
848.5885240127187,329.1637432720903,425.16720,4251672000
710.2805992321098,257.77848064940605,425.38350,4253835000
526.1164334333299,301.57190781129486,425.60610,4256061000
469.0593434541426,404.9956452638607,425.82210,4258221000
431.274126717357,478.64768188162793,426.04310,4260431000
336.49331908971516,582.0158013400072,426.26890,4262689000
260.00048575194427,651.0195648889846,426.51440,4265144000
152.08133842627637,704.1176096963861,426.73500,4267350000
71.7977326863471,728.7356803324694,426.96700,4269670000
247.23354101849696,767.408205663953,427.18650,4271865000
299.2424659425513,750.8070795026673,427.41360,4274136000
404.15911926765466,765.7578522489866,427.63170,4276317000
466.1847194083826,729.7034029819336,427.84990,4278499000
559.1638325324872,717.3057959435366,428.06900,4280690000
658.4264302391847,659.8979008568976,428.29790,4282979000
727.9603392903138,711.0631644959983,428.52160,4285216000
784.8784946491519,647.9241701459671,428.73950,4287395000
935.7580220549238,539.9391392714629,428.95460,4289546000
1099.5362860379955,463.1285919727576,429.16940,4291694000
1257.8327533612464,369.88146471012556,429.38760,4293876000
1364.1916401506799,206.62077424207882,429.60740,4296074000
1258.0370642498317,176.56699948530522,429.82700,4298270000
918.5928714078136,153.02259158648897,430.03670,4300367000
661.3535592017773,130.65698963946818,430.25090,4302509000
478.4300833967951,120.59715012874193,430.47430,4304743000
361.74299950049993,81.05520449273143,430.69960,4306996000
382.0689797223687,5.939214797378533,430.91410,4309141000
603.5768935949893,7.3855148167432105,431.13010,4311301000
727.1131638775619,-41.67359165407362,431.35450,4313545000
992.7403594667697,-6.453511611124227,431.57200,4315720000
1150.4454907739214,0.10686161743345224,431.78900,4317890000
1284.7984580134237,33.1309622377522,431.99900,4319990000
1347.1671140722956,61.37347430693896,432.21780,4322178000
1444.7664661459326,36.45215641280018,432.43860,4324386000
1479.8622813384952,-5.328479196962526,432.65320,4326532000
1489.4029036048812,-15.086071250535245,432.87620,4328762000
1372.9628722498646,13.902864633605454,433.09830,4330983000
1185.5244683513697,-27.643416033115322,433.30750,4333075000
1007.7350354305124,35.00528719129975,433.53010,4335301000
825.4073273151541,40.49426730857957,433.75460,4337546000
708.9792598044882,27.522312827518654,433.96820,4339682000
641.7855467706322,122.7985378970723,434.24000,4342400000
632.7468203407957,199.07278098126653,434.46800,4344680000
662.5318855543678,271.4138373551679,434.68820,4346882000
717.8929792943709,318.655155287119,434.90690,4349069000
750.4034322697072,343.1867239007938,435.13030,4351303000
685.6997407647597,310.1669206218169,435.36670,4353667000
738.8927020694052,284.6287473866503,435.58290,4355829000
510.2027303474142,290.09317035397385,435.81320,4358132000
401.49820651406316,275.3354863521001,436.03260,4360326000
402.37188301261347,270.2342879540609,436.25840,4362584000
433.8664971320221,266.7453108363521,436.48620,4364862000
307.23651274275153,276.116543890461,436.71140,4367114000
311.3058583013958,290.8343981052234,436.96020,4369602000
327.79344826701885,250.0905777406063,437.19090,4371909000
364.93751818047537,228.266189597861,437.41580,4374158000
212.1713684607494,295.3101935513754,437.64200,4376420000
123.9760341361264,394.2962378140863,437.87760,4378776000
77.71194625960038,523.9538699173404,438.12720,4381272000
62.649914880331295,596.9966549319712,438.34510,4383451000
57.32359479863922,719.7938295135882,438.57550,4385755000
203.66260846290254,579.3742289337907,438.80490,4388049000
226.24501379167307,602.5140244983014,439.04830,4390483000
290.2222395761609,551.552199580836,439.29750,4392975000
403.49997540117965,545.9926312597419,439.51530,4395153000
426.6603963640648,500.4892771638679,439.74170,4397417000
405.4176929298456,421.09321423837287,439.96100,4399610000
460.5219009978845,408.05868781867883,440.17720,4401772000
513.2121869770983,348.9116762406149,440.39830,4403983000
533.6063256192667,318.9247783767562,440.62500,4406250000
518.4295265295808,305.6490273913563,440.85410,4408541000
537.7610278052877,382.1597511705472,441.07840,4410784000
530.0574128112257,413.1823573739709,441.32600,4413260000
529.7308815025112,331.16341949160477,441.57050,4415705000
482.73966471244074,311.05837575867474,441.80090,4418009000
508.0998366304661,282.4372458522136,442.02600,4420260000
464.32809143133494,260.85446246200564,442.26930,4422693000
536.2571224471667,273.7879234326886,442.49040,4424904000
479.9598712377851,294.70820768182887,442.70720,4427072000
409.22434303997153,261.20390664268984,442.94150,4429415000
348.80490529404614,226.6831042213759,443.16220,4431622000
281.08260382335243,273.146480337597,443.38380,4433838000
289.91779882362715,298.5566885350118,443.60660,4436066000
250.29852014062402,285.4093312701468,443.83300,4438330000
207.64239024301912,277.178589219372,444.05500,4440550000
209.3179137267099,276.48054844502747,444.27470,4442747000
222.31030846761064,380.953805723885,444.49170,4444917000
284.2330375148202,489.98556492953685,444.71450,4447145000
283.5140144329409,493.24228998275424,444.94510,4449451000
304.3765220874511,440.2953292583196,445.16690,4451669000
306.6124840163472,404.10983203261924,445.39530,4453953000
349.9088067340837,383.73861847120236,445.62690,4456269000
324.9447642246282,351.1991740945537,445.84870,4458487000
365.0184715091208,316.3364958648147,446.07240,4460724000
352.0344532929106,357.0178368215905,446.28950,4462895000
289.373669677577,335.7654691927036,446.51840,4465184000
281.4095058011598,322.2749579113966,446.75330,4467533000
301.186663776925,338.75518602948256,446.97220,4469722000
300.35259386556487,317.79426907582626,447.19640,4471964000
321.86640290419086,285.04683557580364,447.41460,4474146000
354.76552360677374,291.2780079777898,447.63860,4476386000
345.64766328925555,262.27809108600263,447.87740,4478774000
391.62539196234934,263.52567594695404,448.09690,4480969000
354.09870514582616,264.94861859491897,448.31480,4483148000
281.2569226636713,290.1428350531306,448.54100,4485410000
253.27422837180106,339.0401220020827,448.76280,4487628000
227.0222040421355,414.08455348822554,448.99300,4489930000
194.45958829535536,506.82772790828477,449.22310,4492231000
224.57188093972292,570.2553948489133,449.45610,4494561000
201.49870811994086,646.9861188827468,449.72390,4497239000
197.33352099505043,721.3344191460495,449.94770,4499477000
242.18831522442088,788.7315800789322,450.18680,4501868000
277.0293974259477,693.9063866347,450.45610,4504561000
272.3244478800525,628.5677206750926,450.67430,4506743000
328.9087483532295,547.7956502039626,450.89740,4508974000
304.2527168037965,505.713418223413,451.14230,4511423000
298.3431531155932,477.1653679452095,451.36660,4513666000
268.13576068457894,467.3539572993654,451.62710,4516271000
288.9129377149205,445.8203686378076,451.87600,4518760000
319.83884613231993,440.21714233718865,452.10630,4521063000
315.30494477437077,378.7215813476115,452.35930,4523593000
320.44048062366585,366.70138997349943,452.60900,4526090000
379.7797281604556,286.61729226163663,452.85680,4528568000
353.7999039748978,252.20193794499778,453.08230,4530823000
344.40118822257523,242.4820904468674,453.31860,4533186000
335.09988206359617,260.41956783276686,453.55870,4535587000
407.556792842489,239.26162593876768,453.81280,4538128000
380.67331456679074,267.1014265429426,454.05330,4540533000
369.70839293078666,286.6405827497837,454.29700,4542970000
344.1616819329514,295.70872983003153,454.51930,4545193000
271.714140418646,318.8948580417917,454.75890,4547589000
190.78642529591627,362.7031381973826,454.98380,4549838000
404.85801344208096,402.3670928609204,455.20460,4552046000
595.8063060013757,445.6078830146401,455.43350,4554335000
622.2973776489501,349.7272677376149,455.65650,4556565000
655.43805323349,300.97573923887785,455.87890,4558789000
576.9580331138085,300.46357476439005,456.10190,4561019000
577.4715888142534,306.4352714356067,456.32630,4563263000
576.6991196845678,328.5202364683204,456.55150,4565515000
588.5144101263215,321.94520470276717,456.77740,4567774000
573.9075779284012,360.69084324313235,457.00550,4570055000
493.9620429485791,322.11311827988504,457.25380,4572538000
340.11528926626727,323.3799896583353,457.48280,4574828000
320.9986089090285,372.59250084876476,457.70980,4577098000
371.5788779996932,399.95182022334427,457.93530,4579353000
475.78415869451516,453.67583479529674,458.15410,4581541000
464.3727240390489,447.00747271239896,458.37550,4583755000
452.3968763739151,447.6610931150825,458.60430,4586043000
370.3205830705404,423.7776170959409,458.82500,4588250000
321.53558941095963,451.4744070442203,459.03730,4590373000
280.1861011763704,389.8626620618461,459.25550,4592555000
307.53414174213754,379.1561785563871,459.47020,4594702000
405.44883062162893,404.2792829698949,459.68890,4596889000
453.64090411250083,383.8486384586686,459.90860,4599086000
375.48331507210537,327.61808926462066,460.13120,4601312000
310.32860389122334,268.27812049014136,460.35410,4603541000
297.49498705884713,248.56366900030469,460.57610,4605761000
240.92952067620922,238.76130735146495,460.80080,4608008000
222.30136711916668,288.97842233507396,461.01910,4610191000
193.73724182291986,307.37128442810365,461.24410,4612441000
262.44813302578694,307.26072704889674,461.46540,4614654000
311.93078083842954,299.634044377765,461.69210,4616921000
355.0683010394451,286.35685725180974,461.91590,4619159000
362.79969786696404,323.5884544485577,462.14020,4621402000
362.4958137718276,392.93374909628074,462.36030,4623603000
382.3179982928911,444.1120555552622,462.58310,4625831000
412.0554287108794,483.93495720222654,462.81200,4628120000
343.9961466674033,477.8446555741291,463.04330,4630433000
625.3385678535828,492.28776550971946,463.26540,4632654000
613.807308575802,510.51368727486783,463.51550,4635155000
482.28574200797965,453.48106747594807,463.76010,4637601000
379.4913908704417,416.460659297234,463.97500,4639750000
377.2050942847201,405.5550663278229,464.20050,4642005000
374.57282677054104,413.1225184833067,464.42720,4644272000
420.75623741128993,407.5131001192139,464.66350,4646635000
469.3645833312943,377.4487806846545,464.89220,4648922000
489.5694958757875,404.67165953287775,465.12310,4651231000
510.482650864996,360.1578918287506,465.35310,4653531000
519.7638077761798,296.50248776376907,465.58380,4655838000
468.46658888217166,271.75360127036697,465.81570,4658157000
532.4398362145143,234.70368841329235,466.04500,4660450000
590.7756027976745,286.53992700059706,466.31040,4663104000
542.768503609977,301.2041342066608,466.54660,4665466000
558.2492550757042,342.1985789471523,466.80020,4668002000
510.7874388863954,365.9097216405715,467.01980,4670198000
450.7925279797887,356.0786881379365,467.25340,4672534000
458.57962799133,414.45631305202335,467.47780,4674778000
462.20289821212623,492.3271216089162,467.69580,4676958000
460.70538998938724,515.6802931597987,467.91200,4679120000
393.9734950139253,504.90533531471823,468.14080,4681408000
401.554321979073,473.4563842195774,468.36910,4683691000
420.2378562523015,438.3267170296727,468.58650,4685865000
437.7953680072025,408.73293983604026,468.82290,4688229000
411.2435601601,370.9874520548524,469.05060,4690506000
363.0254294979239,313.7706628237035,469.27540,4692754000
386.3094227853801,346.6012030321064,469.50140,4695014000
345.98435729872466,326.47739072636546,469.72480,4697248000
263.8074017739728,311.0392406768078,469.93990,4699399000
222.7798563873653,310.7836660940817,470.18260,4701826000
225.50944580613353,326.4096019847323,470.40210,4704021000
209.47525588934784,320.5509739168584,470.62060,4706206000
206.0650941709663,320.0901304863722,470.84850,4708485000
123.78862431065015,287.8471149407928,471.07050,4710705000
65.7868139066312,259.9107092970636,471.29830,4712983000
88.6613852969851,266.20097976471214,471.51480,4715148000
133.1672201982131,297.4605372514692,471.73280,4717328000
194.08195462242224,338.12490262203255,471.95910,4719591000
277.99542187158477,326.4289586899277,472.17500,4721750000
321.57284615936055,314.50256304533315,472.39830,4723983000
276.27289344295747,326.4580207404589,472.62430,4726243000
365.81772318164616,253.72577692199707,472.85540,4728554000
577.567190633716,243.57884191137083,473.07620,4730762000
828.9793647245783,218.52901435889646,473.29240,4732924000
999.350657837672,208.29543145422477,473.51080,4735108000
1122.2564352992076,152.8086708216806,473.73440,4737344000
1152.2302010393232,187.0652513941761,473.96440,4739644000
1228.063588026614,177.42942023382508,474.18400,4741840000
1195.3619512007317,195.54316111988842,474.43630,4744363000
1157.2217997954353,182.52973369108318,474.66110,4746611000
1133.7332015055804,146.76077147377293,474.89990,4748999000
1036.8109193944874,123.43411573243685,475.13140,4751314000
1084.4525852467166,153.0452278367688,475.35410,4753541000
1083.7806478444456,165.56693111169633,475.57600,4755760000
1063.2846273621797,208.63763404303592,475.80520,4758052000
1053.307364897182,201.44977488703162,476.02620,4760262000
1103.209164304885,149.43557507118686,476.24540,4762454000
1096.5850359192991,123.09210825020475,476.46030,4764603000
1191.208219514761,140.67927911574105,476.69940,4766994000
1247.9662931611317,98.06153465711671,476.91930,4769193000
1296.276963871993,117.65833294463215,477.13190,4771319000
1262.0186310831766,91.31636096932893,477.35370,4773537000
1245.7239536443415,80.3675639836196,477.57340,4775734000
1362.040619773693,99.06908091055755,477.78700,4777870000
1421.0991355704575,112.37966811253769,478.00570,4780057000
1478.2173650389643,109.6353559832016,478.22690,4782269000
1321.2262527915254,116.4828211829881,478.44990,4784499000
1201.1951104761547,111.5965745499463,478.66710,4786671000
1056.2291903685998,70.14232814144265,478.88080,4788808000
980.7222757463759,109.94695549901417,479.09660,4790966000
788.3066952966324,127.1109446486532,479.32150,4793215000
666.084632126756,111.1379341075406,479.53220,4795322000
527.6386292960807,120.35064832574633,479.75350,4797535000
716.4225974947396,124.06036199333023,479.98920,4799892000
859.2052322211981,118.73857257998876,480.20390,4802039000
795.2691857694092,139.71615823486684,480.41830,4804183000
624.4928656576949,194.67848963883404,480.63990,4806399000
526.8282365373881,226.09688120212883,480.85750,4808575000
370.07074134699894,226.94521748159602,481.07510,4810751000
313.7169121844392,186.8086610484182,481.29760,4812976000
265.4607945971443,175.39759898103523,481.51650,4815165000
315.2490853595071,197.14411995028655,481.73460,4817346000
269.8549891080939,212.79548677773178,481.96320,4819632000
318.83094256649304,193.8786789259874,482.18260,4821826000
229.2178892690004,156.38772429279214,482.42330,4824233000
189.78971328914616,151.69649766899497,482.65440,4826544000
271.47882533875725,317.42360129374174,482.87550,4828755000
339.64461544347023,252.98645042805703,483.10370,4831037000
328.82131736447224,198.62322081037087,483.32360,4833236000
359.25629380469246,259.5018930854095,483.54700,4835470000
368.8011858452802,238.30161978622957,483.78880,4837888000
383.74649877128167,197.84730209395713,484.02300,4840230000
403.3390259848584,172.9388168320163,484.27380,4842738000
443.36691067567386,168.28211124677864,484.48910,4844891000
449.42557796662413,130.7053751326413,484.70490,4847049000
506.87752898538025,83.70456178708326,484.92490,4849249000
550.2384111885102,58.54436443260782,485.15000,4851500000
590.7495372115562,27.96433896035899,485.37090,4853709000
642.2549763481263,27.74000553625092,485.60100,4856010000
692.0379739798423,171.8423512622739,485.82290,4858229000
706.3831875815777,116.38333825826047,486.08610,4860861000
765.6091352089654,112.86300141705365,486.31010,4863101000
787.3705704274055,86.51591234299985,486.53650,4865365000
859.4716049678235,150.98050156791825,486.75910,4867591000
943.4136697393415,111.67618264947521,486.98430,4869843000
917.3868186277188,37.41164697911255,487.20120,4872012000
848.3933018854483,18.97610369719269,487.41860,4874186000
725.227444818334,-4.689707541471254,487.64290,4876429000
698.0395107116276,-34.53781645971237,487.86540,4878654000
674.4855716810312,-58.74061978084867,488.08600,4880860000
754.9320932596659,-56.69583114301473,488.29860,4882986000
883.2419887790379,-62.84514957829186,488.52020,4885202000
939.7482735629108,-30.242450550658027,488.74060,4887406000
980.751521571664,1.1226365800054623,488.96360,4889636000
1062.972985777249,18.608576240196438,489.17760,4891776000
862.5410924819262,10.300770984196696,489.40020,4894002000
689.2211688021744,34.97631402399453,489.62180,4896218000
586.6930117479051,57.237880172712664,489.85210,4898521000
569.5557358910745,82.791121028102,490.09690,4900969000
575.5503084716777,93.29618552729914,490.31540,4903154000
546.180994264455,119.2180830928499,490.54160,4905416000
551.5126182074342,320.7612745447082,490.76260,4907626000
509.4259977670161,295.74269081742574,490.98260,4909826000
423.3287360305111,248.97242878390563,491.22350,4912235000
326.5803514791678,219.3743675265753,491.45330,4914533000
390.09012992007564,271.3814246494527,491.70100,4917010000
373.9071635160928,177.92044983051667,491.92560,4919256000
415.09312239812624,133.64415249214542,492.15520,4921552000
405.6537653247169,142.74621589101147,492.41120,4924112000
382.6615655655947,124.44458503051086,492.64530,4926453000
526.0123774301164,84.42637817196172,492.89090,4928909000
676.3750613765665,47.65785973159281,493.12870,4931287000
738.6551216898024,178.59473771409165,493.36500,4933650000
682.2955563045497,141.33631466519546,493.58680,4935868000
640.7362851813092,122.73342278993715,493.80680,4938068000
543.9389952118948,102.42041976032029,494.02210,4940221000
509.59496585550244,101.12912902749831,494.24390,4942439000
418.6752740566893,84.64133747166576,494.45750,4944575000
396.10281580631425,86.05392942969733,494.67680,4946768000
396.89049808475346,53.15698436809933,494.89360,4948936000
415.9782049618576,77.855989087165,495.11010,4951101000
392.1341834056635,77.392635682058,495.32850,4953285000
406.79781033837844,65.4315415507115,495.58550,4955855000
424.8074152160904,59.85993723906044,495.80360,4958036000
351.4699157818121,88.91211358926151,496.02480,4960248000
424.82868841256504,69.67534502255587,496.24570,4962457000
476.9424821108794,57.75573562716541,496.46190,4964619000
550.3124280238083,77.77183561254228,496.68070,4966807000
539.2771324751595,25.634059814782205,496.90710,4969071000
747.1719975959099,55.17702794792693,497.13830,4971383000
777.3074664730159,6.891248474145421,497.35850,4973585000
766.8680613100012,1.9912797034428884,497.57850,4975785000
763.7455635698615,50.18772547028851,497.79360,4977936000
728.4354283940403,51.837525909130775,498.01500,4980150000
667.670808703268,4.579014947744035,498.23420,4982342000
698.6016403822043,5.74791546107492,498.45140,4984514000
713.5360197634905,6.223807271084738,498.67010,4986701000
726.2214706396446,39.733754371907274,498.88700,4988870000
730.3592030459685,70.33456409152448,499.09910,4990991000
704.9433422445541,72.16343193099453,499.31320,4993132000
585.4192496953793,75.20463844063418,499.53200,4995320000
482.0205202243725,124.87781880142246,499.74660,4997466000
366.42185081788904,148.267627534505,499.95910,4999591000
353.19265884364546,134.15682134101536,500.17890,5001789000
369.0577628374912,83.51605397064208,500.39980,5003998000
452.3669550325178,122.4177618731297,500.61630,5006163000
602.3217973410216,72.25195160861477,500.83730,5008373000
846.2887734899437,51.97574935995503,501.05280,5010528000
1147.0171839909076,74.54635880682511,501.27050,5012705000
1275.6316740283592,116.04231146213246,501.49880,5014988000
1265.9532797216366,193.83167470767378,501.72240,5017224000
1134.8530763023507,202.82044438058745,501.93460,5019346000
1017.6853586806178,197.63892217541806,502.14970,5021497000
804.9113134664859,158.55159007304033,502.36610,5023661000
814.3417366030515,367.3710001537205,502.58390,5025839000
663.0237158176378,344.69324444605184,502.79650,5027965000
586.3888481592667,280.1103816212589,503.01390,5030139000
561.7452148952045,223.8108003532838,503.23210,5032321000
702.7062263924989,193.36962784495933,503.44890,5034489000
889.194537966498,194.19263149519168,503.67180,5036718000
772.4399006363768,145.72263125017218,503.89140,5038914000
741.6329462166077,109.46862535885921,504.10600,5041060000
693.2879590881561,107.15382927184748,504.33230,5043323000
599.3969008236178,90.9638233621434,504.55260,5045526000
507.5605551774664,62.00860514554806,504.76960,5047696000
442.67673413787065,70.69925709091038,504.98880,5049888000
364.1595265308116,86.54793748606524,505.21010,5052101000
516.1407022576855,46.839540280434136,505.43880,5054388000
644.6169140439183,21.997501437916164,505.66220,5056622000
800.8128296589866,97.49901286685999,505.88100,5058810000
830.0022963105573,138.64493020982135,506.10850,5061085000
1142.330107791253,149.07074892446212,506.33160,5063316000
1211.151504401708,92.37212251935156,506.55120,5065512000
1385.6561566127125,59.9323257327862,506.77300,5067730000
1575.4618959379945,102.83869400772342,506.99390,5069939000
1395.720097041949,89.1129869668882,507.21020,5072102000
1392.4066422741757,74.81222109761923,507.43340,5074334000
1411.9412071127267,38.53406208980578,507.64450,5076445000
1441.2381485003052,54.186920426675,507.86670,5078667000
1189.3626767640621,70.56410950202022,508.08930,5080893000
898.707389771863,72.4873560637055,508.30620,5083062000
743.3994022045648,33.75628788211114,508.52990,5085299000
636.5904225147675,-10.283538449216763,508.76150,5087615000
542.7733828529947,17.175750251565,508.98450,5089845000
444.0096665727471,17.57924843504703,509.20760,5092076000
375.75185095713647,127.5250533040898,509.43170,5094317000
311.1001768408712,149.88171480956518,509.64640,5096464000
244.92509934469484,142.93881216351494,509.86280,5098628000
168.9003264857611,111.69963978684964,510.08090,5100809000
293.4955726055781,240.74591212661386,510.29830,5102983000
349.4733879037736,209.43123029578973,510.51860,5105186000
421.5083612245875,177.35245929145424,510.73420,5107342000
481.1748628637436,112.8291948663782,510.95170,5109517000
490.943263410856,119.92931075973101,511.17210,5111721000
552.5956314888815,154.8514880756358,511.38890,5113889000
531.2172960635685,177.91683100677952,511.60370,5116037000
470.14093184339276,240.011994057036,511.83190,5118319000
558.7826896699358,206.4529716073329,512.05310,5120531000
613.0126835679329,207.89842572950963,512.26750,5122675000
808.614518762934,160.88370507666176,512.48270,5124827000
845.4090063828965,91.62615162644218,512.70280,5127028000
826.0812980147404,65.61617116199763,512.93260,5129326000
788.987073540919,16.27575608223981,513.16130,5131613000
644.1307657010182,87.63197474617336,513.38950,5133895000
501.76424764272855,149.90999600968973,513.61220,5136122000
574.5081389213591,342.70020414225615,513.84820,5138482000
550.5888598747075,401.62076521390935,514.07820,5140782000
431.8651674813474,414.2261685754785,514.33680,5143368000
385.1194514405657,382.83841014910183,514.58330,5145833000
349.288208628456,382.25599328690174,514.80430,5148043000
327.2414644255102,362.63203658304553,515.04550,5150455000
320.9241637168266,336.39150696493533,515.27400,5152740000
341.1654500175735,304.93467661495254,515.50410,5155041000
337.51698093782716,286.2129282744929,515.72220,5157222000
384.2206343077818,239.72372024314967,515.94690,5159469000
349.9252752669304,184.37454749892356,516.16430,5161643000
402.47022787886,311.75028992479105,516.38130,5163813000
390.3144855229096,235.11993314275907,516.60400,5166040000
542.4487961672851,218.994859786954,516.82930,5168293000
677.3812731063958,218.80521363764015,517.04760,5170476000
761.034504164395,162.97230696886982,517.26970,5172697000
858.5664222745197,67.3015772936944,517.48560,5174856000
1002.9727156286613,22.352426275208455,517.69830,5176983000
1054.680268465687,-40.65024399766767,517.92510,5179251000
1072.8818103132332,-3.787560265696797,518.14830,5181483000
1173.2996005837026,-59.43403168143924,518.35960,5183596000
1239.9576379789937,-61.44436121607835,518.60740,5186074000
1348.114974436461,-35.11404887264552,518.82940,5188294000
1388.9045968228718,-15.237529569426151,519.04840,5190484000
1326.6664558513992,-10.081357686919699,519.27330,5192733000
1227.0850630833197,-21.19883138316892,519.50360,5195036000
1102.385231725232,-10.046636417517888,519.73400,5197340000
1068.4755436076202,45.46462814691975,519.95880,5199588000
942.318597221519,121.06790182269316,520.20480,5202048000
878.3776670693487,182.6107531282563,520.43180,5204318000
785.6507508400892,150.10384927828878,520.66170,5206617000
642.2063595970559,220.0559975277474,520.88960,5208896000
504.1112419035537,224.64672236826144,521.10790,5211079000
425.2158602890347,277.6680168233817,521.33290,5213329000
326.61615956583665,277.40568742170296,521.54680,5215468000
331.86592277300565,268.17980844676424,521.77100,5217710000
386.3821797838542,275.30621241669235,522.00670,5220067000
430.4145910254898,286.1076417832709,522.23420,5222342000
605.9539362044837,283.1727611527752,522.46150,5224615000
708.8507103139611,208.1689038786427,522.68230,5226823000
927.1001978127385,268.74703061720925,522.90970,5229097000
964.7716420625902,234.04637420497042,523.13790,5231379000
936.3377767364523,376.9328823977431,523.35990,5233599000
825.9535012409411,349.5779131208388,523.59450,5235945000
839.0014768077617,326.3885342187707,523.81270,5238127000
865.725879533988,246.60763954742976,524.03330,5240333000
932.5923966605486,202.8612259487406,524.25230,5242523000
929.4354207451152,130.0127309973835,524.47480,5244748000
1046.983564937042,210.02385672543943,524.71090,5247109000
1259.1990399615229,222.9118592123773,524.94080,5249408000
1430.6048530418573,190.6639352410506,525.15920,5251592000
1349.4185177031784,201.41134160664674,525.37950,5253795000
1101.3642204238663,201.06426227181498,525.60370,5256037000
873.5370832547258,201.20180839217838,525.83040,5258304000
685.0202768786976,182.06220514258186,526.05240,5260524000
532.8614411435683,118.47213254745532,526.27170,5262717000
461.7008031445347,77.56956835237033,526.49590,5264959000
405.3382351047882,38.61923742049281,526.73780,5267378000
361.09583737166247,8.586873251098401,526.96420,5269642000
411.236330596593,242.4556942893922,527.19090,5271909000
449.6331340064741,204.83501931393639,527.41810,5274181000
498.1188839849373,108.49033169761103,527.67090,5276709000
478.3791326557654,71.23039084434751,527.89620,5278962000
536.1461715344725,10.325128729081733,528.12090,5281209000
625.4975398361253,10.954402046804223,528.34330,5283433000
683.3159521280929,3.7342752413057934,528.57700,5285770000
704.2944113560878,-65.72504453216631,528.79820,5287982000
690.4647070869647,-48.74949471925331,529.06670,5290667000
730.1563612669943,-22.286480450553334,529.28950,5292895000
669.5287712131378,11.297133152679685,529.51540,5295154000
762.8730002568866,94.94905666976007,529.73640,5297364000
721.4246523847967,91.9064517725959,529.97060,5299706000
725.8826228353801,49.80293193976271,530.21350,5302135000
778.7322636335952,43.538440840153775,530.44330,5304433000
895.8154706828545,98.67723841521331,530.69510,5306951000
952.1017224107682,80.2279863600877,530.94310,5309431000
889.5390820919982,82.81115951388904,531.16270,5311627000
845.8971785331204,100.31041981618901,531.38880,5313888000
861.5894272642896,128.15073714790884,531.60840,5316084000
895.8100259698305,152.76578641092692,531.84060,5318406000
965.5737454986687,121.6549131699206,532.06430,5320643000
1072.4827089499393,85.56901843763717,532.28940,5322894000
822.1503186532876,85.75455540875011,532.50610,5325061000
668.4622532055855,75.0672821188951,532.73770,5327377000
628.2012801429025,105.36335477391526,532.96290,5329629000
846.7456386810201,107.58452796773946,533.20190,5332019000
1010.3934892469322,89.04825759813052,533.43070,5334307000
1101.6811753866584,137.66957938014752,533.66140,5336614000
1110.4744009540625,170.9740127419226,533.89040,5338904000
1007.2780042019615,165.29605901050212,534.11840,5341184000
930.8426151338368,151.4175188925425,534.34850,5343485000
826.1000851074923,195.23046480855032,534.58380,5345838000
651.4514856641871,148.43618837983536,534.80660,5348066000
544.7836012501523,197.74696437855837,535.03250,5350325000
445.72681947934154,202.52962696288085,535.25390,5352539000
324.95966359955395,182.5320223059176,535.48500,5354850000
277.9122871390405,149.39643938707454,535.72420,5357242000
289.1097102521266,176.50384623503888,535.97670,5359767000
368.32699579704763,168.29967745079227,536.19800,5361980000
414.58380752756676,124.62227138959146,536.44320,5364432000
459.90460332148376,121.1206580990897,536.67340,5366734000
628.2000974818441,170.59036517277076,536.89570,5368957000
603.1180546679079,165.5980825693976,537.12780,5371278000
574.7243473629264,153.42670966667026,537.35940,5373594000
541.0776782433288,146.80419509462192,537.58450,5375845000
499.95397886790863,168.69060737990557,537.81280,5378128000
384.28286454444253,161.2645447775282,538.04030,5380403000
338.08497295319336,165.69400771050164,538.28130,5382813000
305.14219940456024,229.30798120424797,538.55560,5385556000
240.13750570386557,279.83329731936,538.79570,5387957000
220.99648521343258,276.30165620490106,539.04090,5390409000
197.75949419941432,225.35943186356792,539.25980,5392598000
200.89309299117267,226.06304089490948,539.47430,5394743000
185.47473966663742,259.72428526804254,539.72560,5397256000
170.20989027303568,240.32103069015173,539.94300,5399430000
188.4113188359474,222.66991068874003,540.18320,5401832000
241.98527214093582,251.46578069563742,540.40890,5404089000
267.6225434433032,260.173622299171,540.65490,5406549000
280.36866991122736,261.0117674961916,540.87760,5408776000
342.08481544312775,214.5275402592788,541.10660,5411066000
346.5261965546378,188.3528705129408,541.32320,5413232000
342.0835495124407,168.53246905021072,541.54750,5415475000
296.9487784439448,172.56499417346436,541.78040,5417804000
347.5354536274142,164.9070884290225,542.00030,5420003000
330.4107729807123,217.24151483782623,542.21980,5422198000
299.6148719468425,222.18194458737025,542.44650,5424465000
313.61751173396664,240.01069025723132,542.70360,5427036000
317.86251900527566,262.2053284728811,542.93000,5429300000
289.9911023294057,286.0211898455678,543.14970,5431497000
308.302757847912,283.44107786676125,543.40310,5434031000
329.46192696244077,318.86711956414456,543.62600,5436260000
317.6060534251661,316.14762844590456,543.84520,5438452000
248.53783321407212,329.4816720309647,544.07680,5440768000
266.9268306411795,388.1224801315816,544.30000,5443000000
251.444513960266,457.73882198803284,544.52340,5445234000
289.138459862415,559.9484820706392,544.74520,5447452000
356.5030973016559,550.2719238400996,544.97400,5449740000
340.76495807834607,554.8978297864604,545.25680,5452568000
342.48903442606877,525.1032000839964,545.48630,5454863000
364.72846262413253,520.3958499421927,545.70440,5457044000
347.6876975192364,487.4501292171335,545.92810,5459281000
370.7791569058736,459.67019757833685,546.15150,5461515000
343.3489766646633,476.6031679057597,546.39230,5463923000
323.95081978416,483.4563155888454,546.60690,5466069000
303.06600442416175,484.62717069998575,546.82340,5468234000
308.75850733487556,486.9421111423055,547.04030,5470403000
300.2089317613805,446.05561278118853,547.26380,5472638000
405.53524277493943,454.5825166252676,547.48220,5474822000
446.5378533541664,423.4269991530894,547.71510,5477151000
525.2370161267312,400.74375853817367,547.93360,5479336000
596.7684797670202,416.6529736508534,548.16220,5481622000
523.4959121560189,421.16153601784043,548.38520,5483852000
475.28848221175105,432.58076501462244,548.61490,5486149000
477.6729366012732,444.48494390903295,548.84030,5488403000
472.87170477083504,458.9083180132931,549.06390,5490639000
481.6736786330289,448.03448279285215,549.31930,5493193000
445.43597697503634,425.1115051645767,549.57080,5495708000
445.4354452681078,379.8790373298668,549.79340,5497934000
375.13227798439,347.7536151489361,550.02280,5500228000
293.73265340730273,318.59087838603585,550.25150,5502515000
205.6477386120328,303.327773347069,550.48580,5504858000
127.72326362319251,314.55491108478617,550.70340,5507034000
154.82450430041465,287.8437749676114,550.92630,5509263000
240.5763733893296,276.59331011405993,551.14560,5511456000
290.0069419236744,257.5487963985751,551.37410,5513741000
327.5588854364838,187.60857110488968,551.59830,5515983000
309.74914618617794,152.49721417927555,551.81670,5518167000
297.33371800749467,164.95097930061502,552.07020,5520702000
302.16957322249056,137.17801240141077,552.30550,5523055000
301.73535882898534,166.18928493518982,552.52570,5525257000
287.8155027616935,128.20089937036525,552.76420,5527642000
300.90410309425937,171.14001630158887,552.98470,5529847000
590.0065030382789,206.61467664736693,553.22260,5532226000
738.421392528966,225.314431798148,553.44020,5534402000
889.5437368506439,213.06050942450085,553.66780,5536678000
1015.5444515815842,243.51708782082852,553.89490,5538949000
950.3487350303753,282.25456939135574,554.12290,5541229000
870.392246241739,333.2703417072943,554.34240,5543424000
673.060997100388,366.66161344745177,554.56460,5545646000
559.422657924192,412.1132515434254,554.79190,5547919000
452.86577439814215,489.7676856907407,555.01420,5550142000
369.9972951288503,525.2455310467329,555.23200,5552320000
320.329214333006,606.3824894412563,555.45460,5554546000
292.2059778328352,622.3509555374433,555.67870,5556787000
248.84669620642438,645.4214827422059,555.92860,5559286000
217.2149020898425,657.9092565857985,556.15790,5561579000
213.71253107023966,679.1492059255909,556.40110,5564011000
269.6042046935647,688.2974649615037,556.65640,5566564000
251.87822456480143,608.2824859407121,556.87380,5568738000
266.1348798094825,497.30385750383067,557.09740,5570974000
285.3135407040635,389.54314640366994,557.32000,5573200000
374.07397389767306,315.61791970568504,557.55890,5575589000
434.7960791364526,259.5760916495294,557.78150,5577815000
522.640636257276,211.47883563013247,558.00220,5580022000
537.0855491543281,247.76790312271368,558.22120,5582212000
509.8761210637897,220.18018784816093,558.44230,5584423000
475.4488683479266,198.82242043040787,558.66430,5586643000
392.8263147124727,207.65564997243743,558.88230,5588823000
377.397141632394,206.2177392272417,559.10390,5591039000
343.41915090760943,209.86536503091156,559.31920,5593192000
324.2040591369373,213.85510281770962,559.54210,5595421000
334.48587899293244,223.01528262796782,559.75790,5597579000
322.60892362379957,300.6484552491149,559.98010,5599801000
418.4515904693946,262.6158445603354,560.21630,5602163000
481.071663575663,265.87522669179396,560.43870,5604387000
471.00899798062966,305.7447831629941,560.66660,5606666000
409.4672953936697,388.42848179865643,560.91520,5609152000
419.22714917159163,433.27035625625956,561.13970,5611397000
385.61745340614203,483.10601345845754,561.36240,5613624000
409.46315783838475,459.76665053688896,561.57940,5615794000
383.81526536899014,490.9913254836288,561.81520,5618152000
362.2162922093108,493.2637024527027,562.05070,5620507000
310.73948720147996,441.38911256764464,562.27770,5622777000
339.90929398429444,482.24075203123203,562.50910,5625091000
346.53505865473693,488.45268303397273,562.73980,5627398000
334.3289646385797,490.0311759060347,562.95770,5629577000
348.55102593453245,462.90565067299116,563.18920,5631892000
333.5450498130986,474.87972479886923,563.40940,5634094000
353.55148232751884,491.1397267992157,563.62830,5636283000
358.7730295005128,500.7029787770949,563.85010,5638501000
428.4806078167581,425.6086460935404,564.07910,5640791000
394.03450077008875,392.88007697902174,564.31420,5643142000
431.3562124825259,336.8408893613183,564.53790,5645379000
386.23676126008274,340.7565620874953,564.76020,5647602000
307.63365767219915,334.6619057900788,564.97750,5649775000
548.530047349333,373.3681328262077,565.20550,5652055000
686.5264695846618,333.044474800294,565.43640,5654364000
761.8323115115481,292.7267021901654,565.66670,5656667000
786.6764623866534,296.46695931504536,565.89480,5658948000
772.800547184334,281.3795036854408,566.12150,5661215000
738.9728914007229,271.7011792704961,566.35030,5663503000
726.0833621009223,297.2992848222613,566.57850,5665785000
738.979766736953,364.3569966198965,566.80770,5668077000
794.859373094916,461.0511075410956,567.05790,5670579000
828.2414563582453,528.8292965591235,567.28440,5672844000
871.7048591352982,567.8555282831543,567.50330,5675033000
897.9343059973835,622.70237250153,567.72370,5677237000
956.8460380180431,648.3812376313139,567.97150,5679715000
1005.6252915075328,686.5019667513844,568.19800,5681980000
988.7352421376927,704.1640255074469,568.42850,5684285000
847.9621895517143,689.9227993963553,568.65700,5686570000
769.2185498383716,734.3931401307476,568.88710,5688871000
670.9333452898198,765.1374802818831,569.10440,5691044000
628.0662684983396,792.7547132595892,569.35080,5693508000
668.3444043851182,769.4848225394919,569.57350,5695735000
632.7977671028377,640.9206529380856,569.80390,5698039000
528.2600462499914,581.7868635282649,570.03280,5700328000
568.7593823005662,544.9230339357996,570.27090,5702709000
557.3270241227036,521.4000613225373,570.51890,5705189000
526.1664791864732,512.2666783050395,570.74610,5707461000
549.7825522489995,549.7920637640896,570.98800,5709880000
542.1611732535862,515.6225072283161,571.20200,5712020000
474.5064388204913,414.63890711834085,571.44410,5714441000
383.9665197986751,340.0180901341081,571.67340,5716734000
315.1937505905215,309.2149584624719,571.90270,5719027000
270.0146092307446,317.5471896951427,572.17330,5721733000
298.9032426914315,346.81737112344695,572.43010,5724301000
298.2296533265015,377.4957884450042,572.64120,5726412000
357.12547304779457,359.4911022922501,572.86780,5728678000
408.3451815798819,341.1593332361509,573.10710,5731071000
376.51452450780255,310.11563328097503,573.37580,5733758000
378.4947502027762,291.6745401373324,573.62790,5736279000
347.68866144108154,309.90852264128466,573.90590,5739059000
333.35832375972893,305.4553116559476,574.13760,5741376000
314.8812067348611,312.80858216309167,574.40420,5744042000
291.3948506595407,363.85560790330356,574.66710,5746671000
275.83303292697735,432.65013961628864,574.90110,5749011000
255.95981915279833,470.52920993713167,575.12820,5751282000
219.11457579737163,534.9071981427825,575.35840,5753584000
244.8972798437109,610.1159461477439,575.58300,5755830000
226.14951730555688,670.6768887196545,575.80900,5758090000
216.96657157030424,707.6972853592607,576.03290,5760329000
373.8623777261902,672.90809912248,576.25100,5762510000
603.3102604822316,590.6596675469161,576.47550,5764755000
714.1243572157597,558.7717660651583,576.70290,5767029000
746.087429509423,522.8291998556099,576.93310,5769331000
822.9958552162999,400.8996924965577,577.17360,5771736000
919.9370531233656,348.90758364499015,577.40320,5774032000
1009.4145430981023,276.7184860664869,577.66870,5776687000
1230.5718079799872,203.06225181141681,577.89000,5778900000
1034.5190663704375,187.30837631859612,578.11940,5781194000
879.5368350255728,153.41726635757377,578.33930,5783393000
731.5920781036181,201.3379395862201,578.55880,5785588000
616.3354922636416,233.97750887108015,578.79120,5787912000
556.2447615215921,239.39410510363783,579.01370,5790137000
487.00985553166566,194.8219450667185,579.24290,5792429000
409.8122118011931,239.85568349103337,579.47130,5794713000
383.30056392224327,256.1480663760848,579.70030,5797003000
346.13154206822765,215.03849311118952,579.92660,5799266000
347.0072198073778,209.27564229874454,580.15540,5801554000
366.5665692848001,281.04543541856754,580.37810,5803781000
286.42629388363366,250.11323127099953,580.62250,5806225000
311.1743327317719,301.16064707911835,580.84020,5808402000
169.78143364165797,299.7296412514032,581.06380,5810638000
51.840665998630854,283.4169961043754,581.27690,5812769000
22.549342419961867,335.9812520969121,581.50760,5815076000
209.65560869402907,442.2237933622553,581.73990,5817399000
297.6336597746645,373.649807115003,581.96780,5819678000
411.70303318630624,396.9293325779024,582.18720,5821872000
623.9539448636928,347.27461677805354,582.41280,5824128000
785.3221732270619,326.2172587926087,582.64960,5826496000
885.758398215219,359.5672414402573,582.89140,5828914000
985.8657291109615,386.4402365845211,583.11890,5831189000
886.7032074067597,421.10008156955325,583.35750,5833575000
766.0412457190852,387.6675190714556,583.58290,5835829000
668.5220731285428,380.69546508171163,583.81600,5838160000
725.7108014624984,382.06451480886346,584.04430,5840443000
671.2121397035224,368.2178433272251,584.27550,5842755000
549.4095400484402,387.0075370211509,584.49880,5844988000
475.43484877153844,428.32756738763715,584.72410,5847241000
423.2821691430845,428.81429589456457,584.94230,5849423000
410.0223720661857,413.8348416274386,585.20520,5852052000
430.02035507942793,406.78908574191274,585.44780,5854478000
478.2815767420095,400.06575922069817,585.67670,5856767000
446.9179451351242,357.1656041243199,585.90350,5859035000
476.79500448584014,356.6907184699955,586.12040,5861204000
401.0197917103166,337.0160357581293,586.33630,5863363000
311.65886208191245,283.39862275183157,586.56820,5865682000
461.08914777407415,231.53993597748627,586.79520,5867952000
606.664528864114,193.21913844935312,587.01370,5870137000
673.4644438231996,152.65096131850834,587.23530,5872353000
882.5556710049661,174.87046316488323,587.46700,5874670000
1118.3967524419681,175.12895417907956,587.69140,5876914000
1178.9273666114248,149.10915242422814,587.91220,5879122000
1384.9622622587758,117.45185990973961,588.14270,5881427000
1136.124784631411,113.1136362127896,588.36160,5883616000
966.6995942720812,120.20790630963899,588.58900,5885890000
905.9958881234127,135.72230666661991,588.83470,5888347000
833.5290031230699,187.30090758487958,589.06740,5890674000
751.2700062158735,175.87419670298388,589.28820,5892882000
675.8220521548423,186.0264575607297,589.51270,5895127000
554.5331834856888,226.23562653398724,589.73760,5897376000
514.0353147789584,271.38272235366196,589.95860,5899586000
522.3235455337355,302.5149568023977,590.19160,5901916000
611.3065633273679,316.8880635112462,590.40350,5904035000
713.3287017903579,370.6093829242852,590.61680,5906168000
711.2764400741897,369.32724119022765,590.82860,5908286000
807.9852610571292,431.3420522637016,591.04240,5910424000
863.0869296208167,413.2721223099925,591.25910,5912591000
767.092320407219,387.8760880760216,591.47860,5914786000
790.6297138569568,341.00286747568396,591.69780,5916978000
741.1054692312593,300.15936798263726,591.91570,5919157000
755.816982296565,353.10420850041174,592.13290,5921329000
685.017747309919,316.12497396476203,592.35520,5923552000
627.3591890858822,273.9748078728342,592.58140,5925814000
637.0461292067404,204.05309728379171,592.80420,5928042000
623.1292059827022,174.02200795724357,593.01810,5930181000
678.9871154845287,130.008516321426,593.23250,5932325000
722.7199983234206,111.49034767113692,593.45770,5934577000
706.8176855335475,123.96386446189786,593.67520,5936752000
794.6371499486622,142.29275202549613,593.89690,5938969000
907.8923473629864,128.63075930929347,594.12100,5941210000
972.992518368637,120.93857075350745,594.34000,5943400000
1004.6428440286155,119.92528840077551,594.56800,5945680000
1048.343288069799,103.57904114113839,594.79170,5947917000
951.5846139122084,92.08332365776779,595.00240,5950024000
852.2575481037965,87.43966748864585,595.21580,5952158000
739.9029760376004,49.11255421978947,595.44350,5954435000
790.8979264524671,80.19416200953002,595.65790,5956579000
990.2134679718239,157.1490990222869,595.90900,5959090000
950.896961781358,318.13467491123714,596.12250,5961225000
820.1146465641802,324.8251321597605,596.34910,5963491000
653.9944150561414,324.91901727177253,596.57350,5965735000
516.555024167768,319.7824074342791,596.79480,5967948000
389.1608555819457,303.56452854265376,597.01700,5970170000
295.9087659612028,231.0091236948448,597.24450,5972445000
261.0299147707267,247.49588763401943,597.46300,5974630000
236.8153373919134,249.7726813438933,597.69740,5976974000
192.3662709066287,290.1981026204301,597.91570,5979157000
149.9943974604251,331.6440023528031,598.13630,5981363000
143.75832454651626,322.01200440728365,598.36220,5983622000
183.7577264115901,339.06004955233726,598.59430,5985943000
195.55062496707308,322.11581986396703,598.82990,5988299000
229.30264738755034,290.2833190513295,599.05500,5990550000
259.5189987776664,277.93246644704635,599.27220,5992722000
259.5566737062373,286.19470966621014,599.49920,5994992000
271.62503427020397,305.1345765958665,599.71350,5997135000
348.20072265160195,281.16846040944347,599.94400,5999440000
348.1488803744357,271.44861806641273,600.18380,6001838000
328.9515558095581,299.6837145674952,600.40210,6004021000
407.9806136754615,274.4836345817395,600.62180,6006218000
430.13200366921615,286.5708663610111,600.86430,6008643000
430.64162886320383,292.8696313825048,601.08160,6010816000
417.06633504878897,342.69227254926165,601.30940,6013094000
383.9159946467788,359.267769838165,601.53720,6015372000
389.8002925331909,372.4059732211356,601.76350,6017635000
394.509128331245,355.004525931142,601.99510,6019951000
351.5762160996283,347.9646240763907,602.22370,6022237000
333.02567437218596,366.1662356856771,602.45720,6024572000
337.032443633809,417.82444938492256,602.67110,6026711000
455.73516790532216,421.521661322488,602.90360,6029036000
614.9750306003607,428.9580573713316,603.12740,6031274000
679.1293617889023,439.732197135646,603.34990,6033499000
777.7763750102608,329.09535603938605,603.57580,6035758000
728.344155871064,309.97951635426136,603.81520,6038152000
624.8085103777066,303.7201380181515,604.05440,6040544000
561.4893197097663,309.6344941961782,604.27580,6042758000
500.14255181167704,314.0699977428897,604.51720,6045172000
471.6085945003906,327.73089521191764,604.74170,6047417000
358.4477053502127,317.64122041861185,604.96950,6049695000
290.95317132518244,369.2302934016094,605.19910,6051991000
255.8958986637483,371.836661861329,605.41700,6054170000
199.38046602132044,369.82574522211036,605.63560,6056356000
192.19089998869055,343.51617927792194,605.86210,6058621000
243.81895090103703,358.69320757883895,606.08740,6060874000
412.4745470929889,365.93567964202623,606.30480,6063048000
526.0843341981663,379.5093536407338,606.52140,6065214000
621.386175340064,389.99333546549985,606.74830,6067483000
668.9947202623904,406.0371117861243,606.97180,6069718000
651.0514867323539,397.6473980939617,607.20310,6072031000
619.0567741461048,351.2894504081022,607.43600,6074360000
556.1626741144371,359.8049710980751,607.65310,6076531000
494.99237301679915,378.66161930200786,607.87890,6078789000
457.6249031898479,409.5121718700267,608.10140,6081014000
403.437727914835,423.5181627485058,608.35220,6083522000
420.85535439380067,472.69977960943135,608.57380,6085738000
448.3588304397247,483.0758936230399,608.80140,6088014000
430.2290435394371,479.3840857989363,609.02720,6090272000
412.71189557359156,504.87907858972386,609.25630,6092563000
424.4731553474459,515.1634147067916,609.48390,6094839000
351.3823330094495,452.85292153856466,609.70390,6097039000
337.99387570225815,458.95275667820147,609.93210,6099321000
371.79416563446546,499.34591296584694,610.15950,6101595000
450.6449665323261,452.5999520351104,610.39070,6103907000
453.3731245189688,448.3809571589082,610.61750,6106175000
425.7816675183002,441.4523098347835,610.83210,6108321000
480.5536816028238,469.97117984818453,611.07390,6110739000
453.3047603857092,458.8407112682935,611.30100,6113010000
427.1183870930775,432.59523035629616,611.52170,6115217000
388.56574785166356,423.0473974936271,611.75130,6117513000
389.72178611561884,418.9870116232439,611.98210,6119821000
421.5963922542107,363.94591963910375,612.20720,6122072000
476.5652431918637,392.2371653446913,612.42780,6124278000
507.6040894488365,383.34646926014574,612.65410,6126541000
546.6812436090881,368.3383857086666,612.88810,6128881000
576.2397285122407,352.6295348827979,613.11250,6131125000
612.9462208133235,341.705582534204,613.36920,6133692000
679.3135034909001,298.3432417439545,613.59740,6135974000
695.4606411051357,306.4816210069344,613.82110,6138211000
708.9741158232691,354.78983228270937,614.03930,6140393000
721.2287890831082,435.0319255972712,614.26140,6142614000
759.8428468214148,451.1208987742326,614.50490,6145049000
817.6612200366063,478.02325750368374,614.73230,6147323000
731.3510022501017,503.81512191204484,614.96250,6149625000
688.9426321634759,497.7770590665295,615.18860,6151886000
616.4610621222618,454.00709426995934,615.41460,6154146000
543.1561760175338,425.11443081803276,615.64400,6156440000
494.2616460767791,435.46601858623586,615.87180,6158718000
568.2552933941959,435.4990500458418,616.09370,6160937000
597.2729952911978,463.7304812047162,616.32460,6163246000
557.8988747716935,470.6628560683531,616.57280,6165728000
500.0702327789824,537.2759971281381,616.80020,6168002000
449.6919923250812,537.3305029921378,617.01550,6170155000
410.68139705003887,550.6907221170547,617.23350,6172335000
404.9583443529437,577.9593219296262,617.46890,6174689000
404.2868382994757,597.4016785345499,617.69110,6176911000
407.8708954395754,535.6085504844202,617.91790,6179179000
393.7939908363667,479.0082458577365,618.16170,6181617000
332.9359768300197,425.2492293201172,618.38430,6183843000
363.1667180092835,368.3826788959434,618.60280,6186028000
333.68530179813143,389.51879717819173,618.83050,6188305000
344.69682030467453,368.56924324410215,619.04790,6190479000
352.4480324517504,354.3416941504872,619.28520,6192852000
327.39471920384335,336.0121681975628,619.51250,6195125000
356.0422274862027,352.6655112718,619.73350,6197335000
395.80203757421845,404.09564820631937,620.02910,6200291000
431.7672813268818,363.8964551036816,620.27660,6202766000
466.0990151345405,449.95570982572815,620.49590,6204959000
489.29816633535484,484.87940686193787,620.71190,6207119000
588.9360335417183,561.6547630026721,620.93690,6209369000
618.0313410922668,479.3370905199405,621.22730,6212273000
573.126848056143,483.4019854949754,621.45690,6214569000
551.1097686684557,437.02395137788636,621.68180,6216818000
505.5239263888031,426.571960859522,621.90450,6219045000
481.89259277277256,423.19546162128665,622.13210,6221321000
442.7921954776033,390.6360257111038,622.35880,6223588000
407.7179725281706,365.19483942697053,622.58360,6225836000
371.9781309357854,335.04038072235255,622.81030,6228103000
380.8881261177097,324.9916672616286,623.03790,6230379000
413.2371962959203,356.44341961986134,623.27560,6232756000
467.9753338732627,338.83750248039553,623.51110,6235111000
496.50347187517497,342.1133682990146,623.73460,6237346000
470.3296620633038,308.3687412645992,623.96890,6239689000
492.2449563058116,304.20670831076023,624.19280,6241928000
488.34781012722345,290.32323150753047,624.42510,6244251000
517.9273870024002,343.7079995802819,624.65280,6246528000
564.8684268904015,414.0435942469585,624.87320,6248732000
664.6091649150317,490.6459190836094,625.09670,6250967000
718.0150346880615,574.5160513442833,625.31450,6253145000
717.49193500926,508.75955972459616,625.53760,6255376000
682.9765258379704,508.410284922137,625.75260,6257526000
669.5626611310228,446.4569423112823,625.96540,6259654000
675.6361907168927,379.51310555986856,626.18490,6261849000
679.9445902290005,334.19837840404716,626.41420,6264142000
672.6510197775314,283.82903036729635,626.63670,6266367000
593.3237630990062,292.3348839088893,626.86320,6268632000
507.49989673753396,293.1349452774408,627.08440,6270844000
451.3885190713484,317.7901394293993,627.30780,6273078000
358.2946953718157,332.87351860007294,627.53090,6275309000
317.3809885973241,379.22689311721786,627.75410,6277541000
295.3060490927565,427.96599218835627,627.99070,6279907000
297.73695193145693,454.85032209766484,628.21530,6282153000
339.3618983110885,463.4410507768484,628.45470,6284547000
534.0969631148316,515.6158617041749,628.67840,6286784000
652.8804317073569,473.7899219530456,628.90260,6289026000
731.2542898916378,455.0259148913292,629.13190,6291319000
805.1868315409051,372.3475505704575,629.36290,6293629000
835.5380011281977,395.46491062435575,629.59070,6295907000
766.7251727833973,459.48737114149225,629.81440,6298144000
645.7658859928639,498.60050803046573,630.04160,6300416000
545.4193851728048,519.0597445580576,630.26640,6302664000
471.3419172086122,503.48382005122,630.48910,6304891000
356.6915410896585,512.6117988140898,630.70430,6307043000
314.5848914638311,536.6797090115682,630.92950,6309295000
282.57962631381577,559.306051925178,631.15740,6311574000
300.09011259641966,561.0792096405307,631.38740,6313874000
296.26812286187914,553.3047212321516,631.60560,6316056000
312.9210099740346,546.4992884088649,631.82940,6318294000
284.2755808415313,609.1481428915387,632.06450,6320645000
311.95688471109736,601.2767728477648,632.29370,6322937000
456.2679079075947,653.9399482147388,632.52810,6325281000
586.1138138026012,640.4028809005492,632.74850,6327485000
734.5072083852499,645.2656135444704,632.98720,6329872000
863.4181384116081,686.9704234979844,633.20880,6332088000
959.8765834210603,523.0030537308828,633.43960,6334396000
1056.9393470850632,450.91225272780605,633.66290,6336629000
1134.2614260258733,367.58242513654113,633.89350,6338935000
1053.9766402900616,384.6085994296102,634.11890,6341189000
1061.7962255680284,364.2136129875556,634.35010,6343501000
844.7792404231002,384.75857206291647,634.59840,6345984000
676.5362990353065,370.7071249247627,634.82330,6348233000
533.4642293010627,309.2447019188567,635.05710,6350571000
592.6591824422432,254.8203361511081,635.28140,6352814000
700.98316558567,254.7887125341375,635.50840,6355084000
652.0280166499732,252.59097107801767,635.73220,6357322000
764.9445135100295,259.86617117503044,635.95750,6359575000
704.4794611618483,227.46499655168978,636.18690,6361869000
623.5401150656336,271.583470992011,636.41950,6364195000
632.3325855429772,291.77917685261804,636.64770,6366477000
583.1407142196741,308.115725748213,636.87480,6368748000
650.7099810675787,292.1500742026623,637.09760,6370976000
653.8072373819813,258.57920768576815,637.31870,6373187000
684.1533492291851,180.19109652654123,637.53690,6375369000
746.4344129321,190.10321534383485,637.77320,6377732000
749.1851908587658,188.58785628053022,637.99690,6379969000
771.7586821926882,194.9319469567152,638.20940,6382094000
818.9120914978405,199.36334277030647,638.42680,6384268000
949.2952748263951,202.3737695629924,638.64990,6386499000
954.0575391105449,159.4448893929024,638.87900,6388790000
816.6134370372556,167.8439129651353,639.09920,6390992000
705.3492171581863,181.50486740050158,639.34310,6393431000
569.1804524558123,126.54184870635439,639.56630,6395663000
494.93491257151163,93.48029809175975,639.79130,6397913000
412.59778227223933,101.60331720493106,640.00470,6400047000
347.3956946279123,108.43939194610621,640.22970,6402297000
280.23344701088126,179.99377415363418,640.45210,6404521000
362.765559819187,370.8882523977579,640.66540,6406654000
405.89242336341033,337.8444398614537,640.88800,6408880000
278.9983478528155,276.9286175144824,641.10620,6411062000
227.74610120876588,237.90449286312858,641.32980,6413298000
266.6920595627525,195.0707037944726,641.54380,6415438000
308.50680070945384,155.31034087961737,641.76910,6417691000
383.91007978996333,124.15376978450772,641.99130,6419913000
437.76785222821627,73.1580486556473,642.21430,6422143000
464.1713915030977,81.02989443513266,642.43110,6424311000
413.68022711612355,108.4349906735793,642.64710,6426471000
417.6145312620378,105.40146785883792,642.87220,6428722000
479.0340068481608,166.59446798590466,643.09620,6430962000
484.0435574619186,156.4004891904264,643.31860,6433186000
534.0344197198667,129.37274912166535,643.53720,6435372000
555.3448737636598,165.2011689873055,643.75630,6437563000
526.9826912563216,188.19186803360623,643.98080,6439808000
560.9858964901181,236.50805376662325,644.20570,6442057000
648.236722092063,236.90995572038793,644.43170,6444317000
726.1601954137444,241.92204914968138,644.65240,6446524000
882.8419244735271,268.58631672530623,644.88820,6448882000
903.515598506499,266.11179799532067,645.10870,6451087000
896.5052257256381,245.381585943947,645.34220,6453422000
958.8701418008122,256.75197783816526,645.57250,6455725000
809.1844312942918,240.1808400168805,645.79260,6457926000
730.3570018036806,270.15833565460434,646.02350,6460235000
732.5477770501682,278.84664612357204,646.25130,6462513000
744.1840363856809,282.06279615941855,646.47890,6464789000
712.5005091320311,227.20409931615188,646.69730,6466973000
730.6823464833041,195.80404651317917,646.92570,6469257000
689.4793669179613,226.21433169114587,647.14280,6471428000
601.614730211121,276.4134518822901,647.37640,6473764000
585.749487597783,304.84924783625894,647.59750,6475975000
711.2465292875188,274.913683418491,647.82250,6478225000
783.5990280373596,228.2246077446494,648.04950,6480495000
821.4260522762349,242.55757704445233,648.26590,6482659000
849.1519279492111,260.4125887851514,648.47860,6484786000
835.9549329110833,251.11602828145848,648.70770,6487077000
826.532997519133,206.63941692704606,648.97850,6489785000
876.3520180023075,195.25838449242553,649.22770,6492277000
953.8973996158594,197.3231075268735,649.47910,6494791000
1015.8742777361773,167.71237599991903,649.72970,6497297000
1053.6383249588444,188.7479309245132,649.96070,6499607000
991.4271750232424,209.52845992687782,650.23420,6502342000
1024.7111271277288,232.4535338439867,650.49330,6504933000
1116.692807506181,247.60624591126683,650.71310,6507131000
1135.8239002582206,259.672409081395,650.94390,6509439000
1218.488292190253,230.4285781655667,651.16750,6511675000
1246.4852527381222,173.26868561175291,651.44030,6514403000
1320.020621041505,162.58814913357955,651.71150,6517115000
1413.5814906333082,160.19986383008154,651.95700,6519570000
1454.1718817896435,153.64587772594396,652.19930,6521993000
1562.9676189578454,149.9870837687045,652.45680,6524568000
1678.5953868137906,160.80869343159472,652.70330,6527033000
1711.8494726782505,172.09587860792823,652.95000,6529500000
1674.0934319430119,205.98607939283212,653.21300,6532130000
1589.3556355676578,398.32713628205397,653.47030,6534703000
1650.8722178653172,383.2032929721835,653.72780,6537278000
1222.8279858067945,363.3560357759462,653.94800,6539480000
895.4608885802256,322.23386075212306,654.18650,6541865000
729.7701722352981,310.89561742098294,654.41240,6544124000
596.229042276989,300.4920271002622,654.68200,6546820000
650.5680227233933,259.0380737950432,654.94100,6549410000
863.4477878575666,268.41573481439184,655.17340,6551734000
1059.8184285661268,280.15177797370654,655.43940,6554394000
1246.408902604895,279.02236551965603,655.67470,6556747000
1399.078083478337,270.39943030394403,655.91130,6559113000
1167.4975546985115,228.74051769499403,656.14590,6561459000
898.758900534039,169.88192363856365,656.36720,6563672000
636.934238921399,159.90537374495554,656.58990,6565899000
519.117293621387,166.4466159853562,656.80910,6568091000
402.96391440825363,174.90513546519082,657.04510,6570451000
317.5637958716207,163.44221477805297,657.27270,6572727000
322.3038813196288,159.05456772922423,657.49290,6574929000
321.0033158251956,102.63479706427185,657.71760,6577176000
345.00580850147196,83.04756919900561,657.93120,6579312000
327.3242076571771,94.80545108903505,658.15120,6581512000
375.91205960730775,72.03719655146631,658.37840,6583784000
450.7623268512947,64.2052232271475,658.60320,6586032000
516.034270025185,62.71325327649271,658.82350,6588235000
593.9185260739873,44.26918859085888,659.04270,6590427000
651.6228834649189,51.00929928145541,659.26020,6592602000
659.6885986114255,23.537646509744352,659.48380,6594838000
730.5009801319634,76.59066645579556,659.70870,6597087000
770.8044282307934,142.65690028457897,659.93580,6599358000
911.9743966629693,147.23319767147208,660.15630,6601563000
1065.862802204768,171.40602490214386,660.39020,6603902000
804.1097739990629,203.92345087149374,660.61420,6606142000
658.8080186739377,228.3363234339711,660.85800,6608580000
475.842747993858,306.98690794678015,661.07420,6610742000
377.37543490565395,300.69610283080243,661.30290,6613029000
463.0368496448184,312.99074945670213,661.53010,6615301000
523.3023833468915,331.9267815136674,661.75720,6617572000
587.2165072957417,281.5249469941293,661.97570,6619757000
609.3110030808631,266.4021320393032,662.20880,6622088000
596.8983453824549,318.5606919566922,662.43470,6624347000
624.3651697717847,329.3790774767438,662.65690,6626569000
622.6340140617315,319.958135444372,662.88100,6628810000
609.7438096487643,266.6565227614396,663.13630,6631363000
616.5130953865443,293.6665533727522,663.36290,6633629000
662.5096169525325,276.4060797001259,663.58860,6635886000
558.5385797292948,267.8914670290352,663.80590,6638059000
569.4752920024961,262.4509091117762,664.02540,6640254000
689.4135867978086,342.4784640494891,664.24240,6642424000
741.7627907016367,448.38561870206223,664.46270,6644627000
746.5678198746156,390.6533162764472,664.68020,6646802000
778.8676798865305,317.30907429803153,664.91660,6649166000
809.9195417695581,278.944929949034,665.13610,6651361000
842.0071897551276,217.33148508632544,665.36140,6653614000
967.4279559952159,171.92941827908288,665.59390,6655939000
1055.534158158462,178.67329578067026,665.81850,6658185000
1118.819413936405,145.20551809701718,666.03740,6660374000
914.400948745495,170.5512664853442,666.26280,6662628000
745.1554084757702,172.1313814686293,666.47170,6664717000
646.2091739799528,184.18131423921994,666.72740,6667274000
629.4278286274434,187.1126566496609,666.94980,6669498000
619.7570784611746,182.71272164805399,667.16260,6671626000
661.7194717887962,151.51065438416558,667.39670,6673967000
719.2673977701174,212.15335051931154,667.63340,6676334000
788.6723997053933,207.36819502791076,667.85250,6678525000
807.2603836223377,229.80354839797607,668.06780,6680678000
746.6023991775681,245.38994682474353,668.28380,6682838000
653.7223471924278,300.3273741968151,668.50750,6685075000
535.6781186071388,295.6073385150522,668.72780,6687278000
477.6159017336833,323.6179138031017,668.95700,6689570000
420.98278094697343,319.5584548494303,669.17360,6691736000
395.0759519336566,388.44379445077993,669.38700,6693870000
393.8225457478347,451.31817166976145,669.60620,6696062000
374.8428920803642,469.8831341523213,669.82550,6698255000
392.2830155192828,425.1816681768887,670.05120,6700512000
403.5740820728607,406.6511893240038,670.26420,6702642000
379.2724068987782,428.2958007340736,670.49400,6704940000
443.2332213473281,383.8834416826521,670.72600,6707260000
395.47234096924416,302.2157585612109,670.94710,6709471000
377.5013244029518,259.70095441737544,671.16520,6711652000
426.13241986002424,272.05148042948485,671.38670,6713867000
545.6122602725534,298.87594870606824,671.61930,6716193000
677.425987803796,335.71038170653776,671.86010,6718601000
782.8298634139751,360.7875837267222,672.09430,6720943000
880.0325539020528,358.67161079673406,672.30890,6723089000
772.7374561830511,317.3325522345264,672.53640,6725364000
725.2056986941673,283.8602272498757,672.76490,6727649000
640.6128039278216,258.88629253726504,672.98830,6729883000
532.5938106386948,273.5825193682608,673.21410,6732141000
428.0924322463146,294.551569443553,673.44030,6734403000
410.87118263687444,316.2427151134527,673.66310,6736631000
359.94949775184324,342.27049650504324,673.88860,6738886000
289.60339620075416,334.67463661394453,674.11100,6741110000
287.1611744684442,351.73174614795386,674.33220,6743322000
292.86035485511684,382.8931071007891,674.55010,6745501000
297.047311884025,414.29243508683146,674.77270,6747727000
262.6760559346085,414.8332934054564,674.99690,6749969000
454.9121183457796,334.8502819020585,675.22630,6752263000
633.2365621240131,339.46762169752975,675.46520,6754652000
733.0095352893613,377.2308659587465,675.69050,6756905000
790.8898613108526,390.17248691785716,675.94410,6759441000
880.1091205758672,410.91827016330615,676.17730,6761773000
825.1003066214157,401.76915672409046,676.40000,6764000000
783.6508743279041,380.8202178338451,676.63210,6766321000
746.6602810840625,350.38901812523943,676.90870,6769087000
689.1350950023491,316.52789717941414,677.15700,6771570000
874.5732298664628,328.4452526214867,677.40220,6774022000
791.1805604952144,327.70727903256665,677.62460,6776246000
696.049605344933,334.7162674643719,677.84190,6778419000
606.2399557766595,333.5802603599013,678.06080,6780608000
708.1109329664955,338.1512741282509,678.30370,6783037000
804.0238578741404,370.31733293142935,678.53440,6785344000
766.4722557428497,384.9926690388225,678.75750,6787575000
676.17301549142,416.685486979778,678.98880,6789888000
591.1542329205241,431.7745443968673,679.22440,6792244000
709.635459465388,467.1128448482044,679.44640,6794464000
802.7360195202909,475.8587287497453,679.66410,6796641000
861.7350647398762,518.8918403054741,679.87600,6798760000
848.3311795455941,544.573375756576,680.09590,6800959000
939.1099433745563,592.6886711943962,680.33850,6803385000
993.9541989705951,597.1870210807874,680.56220,6805622000
1023.8087955661973,644.4639151872688,680.78180,6807818000
1075.6783420314175,726.8544335335652,681.00480,6810048000
1116.989645887756,737.0907959874849,681.23510,6812351000
1176.7306811558394,707.7821059711965,681.46200,6814620000
1157.546942356576,674.561355376324,681.68720,6816872000
1171.3708236425712,620.1717438042346,681.90980,6819098000
1215.0322410481117,544.2533836573729,682.13290,6821329000
1175.72548839932,521.5738346038169,682.36190,6823619000
1160.6327774039055,512.763102594298,682.58900,6825890000
1139.037928916604,507.85382630298733,682.82900,6828290000
1059.1155702867447,481.3536151921336,683.05940,6830594000
867.1470463842201,511.2504509869115,683.27580,6832758000
715.4424558307264,484.93808779904487,683.49670,6834967000
578.1088771767345,457.236016022904,683.71860,6837186000
461.02459175630395,468.21501226307527,683.93320,6839332000
384.34198592501804,501.658356157148,684.16950,6841695000
360.17799369216027,479.7405713986019,684.39700,6843970000
344.8820677290749,463.443882193355,684.62200,6846220000
494.3862408110759,387.8753480478393,684.84190,6848419000
641.8028640536306,399.77840668072554,685.08090,6850809000
921.0809289225133,388.79290118188436,685.30710,6853071000
974.4986342998735,382.982779000056,685.54100,6855410000
904.9971770850512,386.77537457812076,685.78540,6857854000
774.5250411073193,378.9873367102959,685.99980,6859998000
694.6470135443673,417.1049872653277,686.25140,6862514000
644.2123866043333,421.9851183954852,686.47280,6864728000
600.0560559707703,394.41098422056797,686.69600,6866960000
551.7208534257569,377.3463827029744,686.91310,6869131000
530.4123277890722,375.16447042979564,687.12930,6871293000
534.3889220844455,407.0398694430212,687.37030,6873703000
480.2432645822668,444.7574165208203,687.59400,6875940000
463.8961688929547,462.9821540870951,687.81860,6878186000
511.4095797667135,381.0257117743189,688.03930,6880393000
522.7686239568241,318.38263331565264,688.26880,6882688000
518.417076354106,273.6698470622449,688.49190,6884919000
554.4782946692474,217.9360806734139,688.73770,6887377000
561.9973378530981,214.06240349689787,688.96280,6889628000
444.2589525087752,225.05442283221402,689.20750,6892075000
415.6582695677289,249.6382385681097,689.43090,6894309000
455.9203110058444,253.03185687356165,689.69460,6896946000
480.30647230223957,278.0198261796292,689.92060,6899206000
657.9489163518881,327.9355271344002,690.15110,6901511000
742.2867177181411,368.3789738188188,690.38160,6903816000
823.7766844890806,397.25243656153106,690.65040,6906504000
871.4369519479988,494.98982101768456,690.88630,6908863000
886.0955775096006,494.43739045629223,691.13190,6911319000
801.107745907613,446.585852283048,691.39540,6913954000
785.7472659495257,438.5383356238566,691.62580,6916258000
757.8272912618293,344.06580515511837,691.85630,6918563000
717.967418706207,302.08195185857426,692.09310,6920931000
684.3565369610918,250.7103101343119,692.31840,6923184000
674.6471603598519,238.27262542627864,692.57230,6925723000
690.5331173118497,169.5560874779722,692.82900,6928290000
714.3813104393503,141.0999880375334,693.05880,6930588000
697.2565724401887,124.96546959316345,693.28870,6932887000
621.8221958790244,133.49300552611658,693.53850,6935385000
564.9213025529564,134.55631339597036,693.76630,6937663000
538.8999570772969,175.0448887153732,693.99390,6939939000
501.92779974511893,194.00212818332022,694.22650,6942265000
395.56302848892756,209.66153395420514,694.48450,6944845000
383.07782157302256,195.633064934524,694.71230,6947123000
344.50277324694326,187.44886694999312,694.93350,6949335000
475.99055381817993,339.4006329418995,695.15350,6951535000
573.657308741113,379.97872707045593,695.42140,6954214000
649.2111350596876,415.1150232918374,695.64130,6956413000
650.2612134084447,415.7020947248851,695.87030,6958703000
716.1256820437483,434.08901644462554,696.08960,6960896000
839.2086752485658,368.8250637960919,696.31380,6963138000
917.9522454685416,379.8525244775623,696.57250,6965725000
1022.4828565554726,342.29249510890276,696.80510,6968051000
972.6313387840672,337.9668204428064,697.03810,6970381000
810.6797018226827,329.42939604207646,697.26030,6972603000
737.0852369556135,328.66175314082074,697.47270,6974727000
666.3446564932491,347.2144597308802,697.69810,6976981000
606.9950388382961,328.01141643072856,697.92370,6979237000
591.162726237727,314.07313445227607,698.14560,6981456000
436.15228114061983,334.5455278859269,698.36420,6983642000
339.6626652042401,317.7456692400342,698.58090,6985809000
327.1260441083613,311.26262222836874,698.80290,6988029000
369.8833924857642,297.353379500164,699.04760,6990476000
379.45624596721086,298.1430605106366,699.25990,6992599000
410.1297700334957,273.92742382570157,699.47350,6994735000
507.26347045590273,406.8637837723966,699.69210,6996921000
568.3532562199395,429.2855492502878,699.91040,6999104000
658.9133966445266,456.42307195219274,700.13100,7001310000
707.0287292270536,447.3888479095199,700.34960,7003496000
743.611010065356,480.1705329427586,700.58130,7005813000
827.7929828740452,509.94789784174276,700.79640,7007964000
846.000719069707,508.8375804285506,701.02000,7010200000
878.8832539017066,489.0939776158328,701.25020,7012502000
870.3691131117619,489.9581389158754,701.49540,7014954000
871.4314120792717,463.13294889268974,701.71310,7017131000
880.8213175585165,458.2043309765547,701.94310,7019431000
905.3210524599018,438.72759169233194,702.16770,7021677000
907.8268530256153,454.1339522651072,702.39450,7023945000
940.5210193114949,500.3430479737607,702.61760,7026176000
951.3045298705358,569.0529173637166,702.84380,7028438000
963.3784389329037,626.2930588095766,703.07470,7030747000
982.7388603078343,553.1481673404593,703.29930,7032993000
955.8086169206863,520.8151921464001,703.52590,7035259000
925.6267302636197,490.5223938834109,703.74900,7037490000
944.7461678702201,493.28096888339246,703.96800,7039680000
962.5111115673284,544.3203090871303,704.21130,7042113000
975.2248813864296,614.5900619905087,704.43670,7044367000
951.7989145273277,652.4187515153758,704.66320,7046632000
962.7568475378496,623.6371586393964,704.88630,7048863000
943.3033779360252,600.4151720681828,705.12300,7051230000
893.439237504975,590.846811029715,705.36410,7053641000
867.8738511945222,633.264070099202,705.57880,7055788000
867.5011635048406,607.0820923629809,705.79970,7057997000
893.8461792250794,624.0126594723462,706.02460,7060246000
874.1837575062855,641.5628817747636,706.24640,7062464000
834.9876310658984,699.4740198630146,706.46310,7064631000
792.8237133611461,736.8052717505803,706.68150,7066815000
763.8931843792802,745.0679978325431,706.90790,7069079000
775.2792423560352,717.7841033698189,707.13550,7071355000
831.3779913308654,705.2187624758609,707.36310,7073631000
851.194354042826,748.5815539666419,707.59020,7075902000
857.8443842755942,760.3137716776569,707.80850,7078085000
837.2215797855666,791.9155833761157,708.03370,7080337000
791.4859012314479,805.6122158448127,708.24760,7082476000
789.4283821154714,737.2850700979125,708.46270,7084627000
792.0082344829387,677.5158331762029,708.67510,7086751000
821.4566479240253,641.0902047327412,708.89360,7088936000
829.8689133820576,636.0307314276762,709.12430,7091243000
836.2903137832678,691.8960890774523,709.34390,7093439000
877.7719405819875,716.7384340295671,709.57640,7095764000
912.32123846224,720.6292617796865,709.81410,7098141000
959.4100449239058,720.9388192414666,710.03400,7100340000
920.1270553491541,627.3767384146274,710.27050,7102705000
907.065489137864,584.6723096279368,710.48940,7104894000
933.4760452213148,579.2451101448548,710.70000,7107000000
929.1607425749338,550.0228967347371,710.92110,7109211000
948.6205347749432,552.9956842811388,711.16390,7111639000
1017.8212179258954,522.6004294085299,711.38850,7113885000
1047.6898929630581,516.11088915108,711.61340,7116134000
1025.8222900259332,522.1090482913005,711.85230,7118523000
1005.0479698584509,495.89383719078876,712.07520,7120752000
967.3215670301988,510.7756088756207,712.29150,7122915000
982.2396686930332,524.4581611811469,712.51880,7125188000
984.8439012374016,544.4856046234552,712.73410,7127341000
988.2638161548016,571.8688297873248,712.95380,7129538000
937.9490823221219,563.1875452786836,713.19000,7131900000
912.6178411126374,553.971959973665,713.41000,7134100000
897.3908553757664,510.72664594211915,713.63210,7136321000
885.8644716070145,485.5705821647754,713.84950,7138495000
862.9495574896275,477.2953924657169,714.06760,7140676000
873.5796546822429,479.486017837403,714.29520,7142952000
899.8668093382257,475.10322600548557,714.51530,7145153000
910.560754717509,470.1659564546243,714.72720,7147272000
900.0880734551188,481.4484378184045,714.96220,7149622000
904.1073777470136,485.53971654054646,715.17450,7151745000
810.6833518144554,534.2452305454958,715.39380,7153938000
797.1121091032763,636.4387698449704,715.61600,7156160000
793.0445246642694,704.4464593494323,715.84730,7158473000
807.7571675424144,764.5161481858498,716.06880,7160688000
777.7897293829094,741.3794837507161,716.30160,7163016000
753.5972607891706,802.4160205215856,716.52720,7165272000
745.3975435949142,805.0750085315713,716.75760,7167576000
759.6314027982778,811.9143958462656,716.97650,7169765000
766.1396394273885,820.1407272575515,717.21240,7172124000
772.6828271411483,851.3192009019564,717.44590,7174459000
802.5478714462813,793.371316194232,717.68590,7176859000
848.6117255177668,724.6455078626825,717.91030,7179103000
763.1261028153757,600.2143682960929,718.16250,7181625000
758.7212029439435,518.4852886348401,718.37850,7183785000
744.9872464015905,407.6024001258305,718.61270,7186127000
716.7420907346843,335.78627129875866,718.83300,7188330000
657.4430485764914,288.08257376946125,719.08610,7190861000
653.2337695845848,264.7814403844276,719.31190,7193119000
631.5096650629267,212.77640393103673,719.53790,7195379000
626.0712392293234,227.316141536418,719.76430,7197643000
641.6424858244652,230.78516665246798,720.00510,7200051000
671.2176359710538,235.8823433586545,720.23180,7202318000
694.3814014699323,232.80339137219502,720.45040,7204504000
718.2230446962982,249.40483668187397,720.65660,7206566000
779.0785209259388,267.4563164142721,720.86850,7208685000
821.7870110970516,263.85393017782303,721.08150,7210815000
831.6087210991351,217.4597074133124,721.29550,7212955000
811.3865739414439,236.90954859554157,721.54060,7215406000
811.5448491053374,260.87484426993854,721.75910,7217591000
832.5153964504829,330.75730163783595,721.98050,7219805000
837.8481697932807,380.4749415746474,722.25790,7222579000
887.2605900718971,402.3671091764007,722.48540,7224854000
882.1052130361289,366.6370550613234,722.71030,7227103000
920.9735529235847,370.23976192416956,722.93550,7229355000
919.6253956127539,359.7087469722455,723.16750,7231675000
930.4951397150671,381.4502989678411,723.38260,7233826000
928.4994153681314,354.48801049112006,723.60440,7236044000
875.0505221730085,304.4032269785721,723.82410,7238241000
868.4195114451795,312.4390856232333,724.05480,7240548000
851.1194894507778,295.90047461368187,724.26910,7242691000
865.7139386668716,275.50234844974784,724.49690,7244969000
898.8170316203522,319.2965227918593,724.70970,7247097000
859.685614680351,372.62307361309814,724.92490,7249249000
846.792344606794,401.2417222998286,725.13640,7251364000
824.7593127883146,360.05246085357294,725.36220,7253622000
820.5351136340765,350.5114497479411,725.58980,7255898000
818.6799961956739,387.6005425328917,725.80510,7258051000
766.7224019288758,438.36898660731725,726.02320,7260232000
713.1972919926386,421.1158865952431,726.24540,7262454000
690.799138373731,464.6389582620979,726.47370,7264737000
693.2029267789916,526.8419042628874,726.70530,7267053000
724.0832643832708,584.9659698610776,726.92390,7269239000
709.1865514966414,612.8946056901915,727.14270,7271427000
737.2899646686113,631.0193910016623,727.36020,7273602000
805.9755549908775,630.8459708041128,727.58110,7275811000
806.1833691245073,647.198574106139,727.80540,7278054000
776.0014040604007,591.6669271056836,728.03180,7280318000
771.6612324373665,565.6771801838609,728.25100,7282510000
796.9671959613075,544.894644741651,728.46920,7284692000
772.1792312104476,528.6133816429722,728.69850,7286985000
790.7453164200548,526.0001534136584,728.92420,7289242000
818.6418725171758,426.6689955633484,729.15540,7291554000
737.4143678978882,360.80988871827975,729.42660,7294266000
666.3714147443345,313.5308860208437,729.65990,7296599000
730.0467361692612,325.27305366851834,729.88010,7298801000
724.2839942964403,276.0791914997756,730.13050,7301305000
766.4866680308512,220.47872514450674,730.35030,7303503000
774.629262909652,278.7186086211929,730.57690,7305769000
800.3955820809675,323.78324601967705,730.85350,7308535000
754.1518720555628,378.13091420965964,731.09280,7310928000
816.4350342685149,466.7994970008,731.32050,7313205000
926.8518826613457,521.0411432278006,731.58420,7315842000
969.2767623040436,555.5383708771387,731.81990,7318199000
984.8901230984208,592.7384526653177,732.03610,7320361000
1031.8344819404217,627.2942405855018,732.26870,7322687000
1088.5855660157856,658.837103409768,732.54110,7325411000
1104.0953862700117,690.0140269763282,732.75980,7327598000
1089.2991393075993,694.098777046378,732.98370,7329837000
1095.878290941726,705.4476082349252,733.20040,7332004000
1148.0821388909847,698.5101106614826,733.42020,7334202000
1128.9029724414438,662.1134649272265,733.68310,7336831000
999.82844573665,561.3872476597076,733.93590,7339359000
862.3666773234761,513.4179717967006,734.15920,7341592000
738.0742274469003,383.13350776354116,734.39400,7343940000
629.3352652533077,365.20620244692606,734.62440,7346244000
663.5010152980017,351.8588463708498,734.85290,7348529000
661.717931656076,301.09289185214874,735.07520,7350752000
663.5512201845112,291.79870948988406,735.29950,7352995000
722.3019242993796,279.69333308465343,735.53110,7355311000
718.6827484585256,271.6478254183229,735.75650,7357565000
676.0420580570672,264.18231677252993,735.98860,7359886000
627.0182091317415,219.76049955601962,736.21240,7362124000
590.0968416507575,226.3778040282924,736.43000,7364300000
708.4826988928512,267.1107514668593,736.64820,7366482000
861.263582336868,348.10821024846484,736.87110,7368711000
922.8342539414191,361.5550344136928,737.09660,7370966000
1069.1303473103092,374.6640138755157,737.31910,7373191000
1080.2616523062459,414.0171844594036,737.53680,7375368000
1126.017217730749,445.1854419768904,737.75110,7377511000
1104.6830559737182,420.41850157076465,737.97100,7379710000
1151.3272282303071,454.290394495389,738.19280,7381928000
1097.420746906299,426.9149199313842,738.42160,7384216000
1176.3246180642957,477.12254501552184,738.64710,7386471000
1232.9903597812634,493.9734332636679,738.86920,7388692000
1170.0460209406926,494.5498735979396,739.09620,7390962000
1109.6530944156234,448.50990358989463,739.32390,7393239000
1022.7015084500836,467.2291943491572,739.54640,7395464000
1014.23326397466,447.22876630915357,739.77000,7397700000
1014.9198526192145,450.3163415943533,739.99690,7399969000
1022.3611926461701,430.7964231489991,740.21670,7402167000
932.8092568885017,391.245255385172,740.46330,7404633000
888.820278558975,410.6639400685526,740.71240,7407124000
857.265272095254,418.30217557078225,740.93990,7409399000
769.9948184722757,426.72829615766244,741.16780,7411678000
828.9538055663446,482.75069830110164,741.38380,7413838000
904.693898415163,482.22482269663783,741.60060,7416006000
933.2150465049887,504.1304953515443,741.81790,7418179000
976.7931299467496,500.2390028848484,742.03740,7420374000
980.7919653662618,487.253141093628,742.26250,7422625000
976.0674048369264,470.6858184342452,742.48950,7424895000
1071.2879570012262,493.5555755489255,742.72500,7427250000
1001.7125798607206,489.31957370650423,742.94930,7429493000
1020.054473135809,445.4459606267506,743.17490,7431749000
1111.222477531007,437.6427843092181,743.39360,7433936000
1084.7934436245816,383.82588269511615,743.61280,7436128000
1097.0012475241892,374.71041735312036,743.83750,7438375000
1103.579092141232,389.2473699676222,744.06510,7440651000
1012.470194583567,375.42139641323246,744.29610,7442961000
1015.6150073714142,411.89606763377424,744.52350,7445235000
871.6147620906327,384.9734424542361,744.74580,7447458000
831.6868974983156,421.6961773679964,744.97410,7449741000
745.9990215938794,428.4102600156029,745.19980,7451998000
690.7758966179869,432.7159627076353,745.42620,7454262000
692.8124943831909,403.46763232297866,745.65800,7456580000
740.1944628674461,465.26128672135525,745.88410,7458841000
696.6684555753588,433.02370562988807,746.13620,7461362000
706.9486515835213,419.741729626459,746.36470,7463647000
669.6639551433514,394.4497687090475,746.59270,7465927000
701.294396708997,396.3581505239955,746.83030,7468303000
688.4416757985622,443.52284573064236,747.05440,7470544000
714.347684847246,410.48462503064434,747.30570,7473057000
713.7800833762708,388.2337500097408,747.53920,7475392000
712.2907008676204,449.3250934212077,747.76210,7477621000
672.7372314996733,465.1444130232135,747.98110,7479811000
636.3391295787072,483.76465423972934,748.20250,7482025000
601.8892625968538,523.1692709249797,748.44940,7484494000
564.818611487467,558.3193058156188,748.67160,7486716000
557.0009863173116,596.6598585548511,748.91300,7489130000
507.900974701985,610.3845641420238,749.13110,7491311000
569.53533803846,653.8525834998853,749.35370,7493537000
597.8330231807681,672.719095575274,749.58070,7495807000
591.3821969133694,681.5118335067987,749.83830,7498383000
568.3472831695892,679.9734019322428,750.07140,7500714000
592.7527473786892,706.2578601754885,750.29580,7502958000
576.6588386768602,711.0192710486322,750.52940,7505294000
553.6007105155534,728.731254627014,750.73740,7507374000
513.5942840621901,726.7965934120501,750.95510,7509551000
492.20610878181583,689.5527040146814,751.21400,7512140000
532.7348783365052,654.5349798763424,751.43380,7514338000
565.0664217492853,505.27948284634056,751.66140,7516614000
603.9048551806087,431.29979859078014,751.89290,7518929000
524.0979365441772,429.06675735169296,752.12530,7521253000
349.8459831260385,381.3816030086617,752.35060,7523506000
497.7270255255348,421.7782792726398,752.59290,7525929000
634.1148128290387,413.3547590289226,752.83610,7528361000
689.1097088522004,354.39518450181686,753.06170,7530617000
720.4168865436978,338.1447648103849,753.29200,7532920000
675.7100319655087,276.4608648692704,753.51370,7535137000
745.7767088664017,248.26664570019005,753.73290,7537329000
860.1264409299375,316.7293859254015,753.96110,7539611000
913.0108580765423,333.08726909968476,754.19370,7541937000
1003.1605635574514,368.42043985986726,754.41330,7544133000
1023.6739594661991,457.8481110833333,754.62650,7546265000
978.8817843490094,475.7762279715903,754.88930,7548893000
888.1718701060215,484.2380942032107,755.11390,7551139000
902.0218125089123,516.2125094448206,755.34100,7553410000
854.7215135641277,521.9161103073958,755.57080,7555708000
894.6297989315665,562.0032183185493,755.79500,7557950000
848.704351817839,575.4648049015353,756.02250,7560225000
894.8546425801973,630.7508802510957,756.24440,7562444000
830.4405891107131,630.0552622666389,756.46440,7564644000
822.7975928475158,636.8693262508681,756.68160,7566816000
813.3245832533863,646.5376930449394,756.90520,7569052000
830.8889207168229,585.0348317896546,757.13300,7571330000
773.8989090284825,490.9036857749211,757.35360,7573536000
804.6872994984892,403.0665829648267,757.58200,7575820000
868.6294748535734,399.4570490189142,757.80180,7578018000
892.5372061642388,428.7114895546774,758.05600,7580560000
945.6490093914109,455.75045940312276,758.27970,7582797000
966.2331020198185,492.1215804375903,758.51550,7585155000
1040.6021459249728,496.7667638210358,758.73680,7587368000
1047.8054559902046,545.9596994838026,758.97510,7589751000
1004.5225747514993,571.7039484388441,759.19200,7591920000
972.8051725539257,582.1949510845423,759.39750,7593975000
956.2203090358354,610.0457580320416,759.60950,7596095000
919.2237678509252,613.9252763310191,759.81790,7598179000
895.3538341078215,605.2532275597051,760.03760,7600376000
851.6410670597793,594.710033255424,760.27400,7602740000
860.5004983484035,603.6022399654283,760.54060,7605406000
883.2708430334194,592.7025525502354,760.76590,7607659000
909.395826552156,571.2093970564854,760.98830,7609883000
943.5919466670933,565.6056316250927,761.21740,7612174000
1039.359615063402,525.7786729359517,761.46330,7614633000
1025.67132777394,518.4589689437237,761.69330,7616933000
1074.183657455051,521.3724480018597,761.91280,7619128000
1023.5405467421645,485.35939403914006,762.15000,7621500000
985.1277911440282,500.88960843773975,762.36200,7623620000
946.5195797660596,512.8575862052235,762.57280,7625728000
902.5244973030319,462.9996302725708,762.79260,7627926000
883.421412082638,429.89757832242253,763.00710,7630071000
873.8464651762733,367.8553952011427,763.22630,7632263000
893.4557917369884,416.908133672526,763.45500,7634550000
840.7363577231042,467.2549328552024,763.68650,7636865000
864.9837250845212,497.0982299704402,763.90270,7639027000
903.3533582959163,540.9354317025361,764.13170,7641317000
942.354850441963,542.4869565506425,764.35800,7643580000
933.4751548194729,543.5263544177425,764.58260,7645826000
974.2978287175376,564.4183045567262,764.80010,7648001000
936.428581517973,601.0008808839005,765.02840,7650284000
890.1754531139155,608.5520796692826,765.24610,7652461000
813.2436659884447,621.5844373016324,765.46160,7654616000
814.9495411299404,615.5583982281322,765.67640,7656764000
768.5042129478933,597.2487822089793,765.89880,7658988000
727.1461690319503,586.3483720230787,766.12230,7661223000
715.2701408136644,623.0512597629685,766.35070,7663507000
760.5097850532574,638.2075709933507,766.58370,7665837000
805.4482215574636,630.2903023921456,766.80120,7668012000
843.2593779622437,630.1213578365597,767.02060,7670206000
881.1388876412702,629.5005153746866,767.24320,7672432000
923.8961264039824,639.0793461022769,767.47760,7674776000
930.7037569731984,584.1502414873636,767.69910,7676991000
980.4494964442201,572.1870004780244,767.91980,7679198000
982.8057143428152,530.7669788109557,768.13720,7681372000
1037.4306472871713,518.8848844471731,768.35970,7683597000
1019.7708505667362,520.4277361076906,768.58840,7685884000
1061.976879124389,580.2550876065142,768.80930,7688093000
1003.6808119546228,587.0858294448875,769.04790,7690479000
1004.5030866869564,597.169232272711,769.28310,7692831000
994.0902145943098,622.4909857469581,769.49810,7694981000
997.0199315234543,630.2751195970297,769.70800,7697080000
1004.7815230711527,641.1027382094585,769.92540,7699254000
867.2288684869043,644.817300335442,770.15290,7701529000
798.1947713030074,681.4171040796142,770.37270,7703727000
747.9380773479135,686.8864198110568,770.59300,7705930000
672.3889518144366,693.3957246288879,770.81980,7708198000
610.3191203855454,681.5226823223627,771.04410,7710441000
605.2574153442529,699.370421730181,771.26800,7712680000
566.9205601669406,716.9412361243595,771.54060,7715406000
525.3600605677989,721.0004918600124,771.76610,7717661000
510.43814092503953,733.570513177151,771.99610,7719961000
497.594689387103,712.3802601842646,772.25890,7722589000
511.2863512568661,697.7618759791228,772.48080,7724808000
553.4776354581766,637.1649035368795,772.69530,7726953000
586.4433104962288,486.25144717553036,772.92450,7729245000
629.5651582900625,469.7862516091669,773.14520,7731452000
704.0922907516045,486.28525329257707,773.37120,7733712000
777.2597319990964,533.206063529209,773.62640,7736264000
806.9384956529021,557.6108419358316,773.84710,7738471000
844.1584991770204,576.12528272661,774.07200,7740720000
951.5119347122551,574.9087946978185,774.31560,7743156000
876.141633735597,532.9628883547482,774.59520,7745952000
824.3775131129514,437.0198042471703,774.82240,7748224000
822.8561435575757,431.69531744385125,775.04510,7750451000
852.9641077213615,466.94721146783064,775.26080,7752608000
842.3572672309643,452.9352428649579,775.48460,7754846000
763.5223981778003,405.55510743797015,775.70710,7757071000
630.9830473789547,378.2887048030516,775.93500,7759350000
617.314231985669,360.09891861585476,776.15500,7761550000
620.2167744824927,365.51026497510617,776.37780,7763778000
663.7180697230705,393.86381911550325,776.60060,7766006000
708.0550806892544,434.254200478519,776.82890,7768289000
733.2002187860762,485.981798102127,777.05790,7770579000
783.2569513051982,527.4200933326838,777.28190,7772819000
835.4587901057077,573.6183568424265,777.50470,7775047000
905.4319321667331,591.6143868755194,777.74440,7777444000
943.7306297884855,621.1823363286356,777.96730,7779673000
967.0187565789031,647.4925926847106,778.18490,7781849000
956.6347705200319,659.5763808291497,778.40050,7784005000
931.0292963377801,665.4693016241022,778.61670,7786167000
917.9644791958222,625.6734466636037,778.83510,7788351000
806.1536576952033,483.6642675981409,779.06810,7790681000
808.978623486414,437.63076649157546,779.29640,7792964000
839.330790440947,339.6342804593473,779.52890,7795289000
863.3097423493891,362.8912019899968,779.75160,7797516000
888.8268889746053,340.32724206811787,779.97710,7799771000
950.5544197631139,336.25840081063956,780.20870,7802087000
1024.6130519980886,324.3522930091414,780.43120,7804312000
1100.0955321095191,344.46466158702265,780.65520,7806552000
1188.0789242453936,374.9085706253925,780.87470,7808747000
1283.1900349861767,401.4382044717386,781.10520,7811052000
1345.7118056003078,415.27070402028346,781.32510,7813251000
1299.7686561735854,453.87247192132907,781.53640,7815364000
1233.3556725922917,469.56509559650254,781.75630,7817563000
1223.6711825841555,505.190540557088,781.97230,7819723000
1157.4178504692736,515.2079484585311,782.22410,7822241000
1124.9821183717636,540.9400728101597,782.45140,7824514000
1110.1197483104231,531.3869491481308,782.67640,7826764000
1072.8516973175108,543.6880221138879,782.90710,7829071000
1060.724064303412,524.1901997793636,783.14340,7831434000
1081.2616065000975,541.49045355286,783.38140,7833814000
1090.360236429088,543.9956350571273,783.62680,7836268000
1083.9918855186675,487.4092719350828,783.85120,7838512000
1114.489087460641,502.6454653588729,784.08040,7840804000
1108.5974190920303,499.6626177149843,784.31760,7843176000
1118.571914603376,535.852647822593,784.55290,7845529000
1139.5461216088074,579.7451775418045,784.78120,7847812000
1096.9522902350889,596.3270580914575,785.00270,7850027000
1075.3775606732784,622.0147878000512,785.22960,7852296000
1102.0495727534008,641.215837595784,785.47420,7854742000
1093.1134877823104,648.6490684129237,785.69530,7856953000
1028.7658759520014,661.955409331957,785.91900,7859190000
1020.5795122231818,622.2749628447067,786.15200,7861520000
1008.3263064039794,617.6460484941038,786.40240,7864024000
1001.7258876574086,627.7499888655373,786.63010,7866301000
926.1498403645986,635.8931348051487,786.86160,7868616000
892.3689496760323,638.0783154423623,787.09420,7870942000
915.8984783457631,644.5663024207225,787.31890,7873189000
950.4258371428549,655.8133683463226,787.54720,7875472000
974.4212698593357,597.7959692346176,787.77350,7877735000
1029.9729251489437,543.6101025733412,787.99800,7879980000
1089.0417665293578,530.1463623280366,788.21900,7882190000
1074.7328071138609,534.8812466851011,788.48850,7884885000
1064.9347071947138,534.1850143180185,788.71900,7887190000
1066.2545727146614,565.7603178840253,788.94300,7889430000
1120.0166029781178,563.6435038286166,789.18110,7891811000
1049.112699280127,556.8206827620957,789.41310,7894131000
1026.3659170307394,544.4309280146954,789.65060,7896506000
982.3796187397636,536.290534573425,789.88510,7898851000
903.1948694488706,553.126871323653,790.11030,7901103000
864.4006674148724,566.1372082921481,790.33680,7903368000
836.5224831726908,582.8581768214729,790.57770,7905777000
751.7656554502505,576.0538264545123,790.81080,7908108000
723.4357202069456,583.789992287432,791.04950,7910495000
776.040122705228,604.8401689370579,791.26870,7912687000
847.1175203781823,567.2239392805508,791.49110,7914911000
910.217357547047,564.4851888214287,791.71900,7917190000
954.7986557676817,562.5472056407824,791.93830,7919383000
940.5986415287136,548.4922532961162,792.15940,7921594000
909.2579674334359,570.4718930247741,792.38710,7923871000
934.9598317656829,592.6744886158137,792.60320,7926032000
947.5106988201557,628.2471002234477,792.83080,7928308000
952.917286663772,645.2420214297409,793.05510,7930551000
961.0204624088599,663.4416043310993,793.29850,7932985000
996.0297212672795,683.3078263378321,793.53180,7935318000
996.8187893537223,678.0150472640295,793.77120,7937712000
975.3606719215047,701.9620853173541,793.99630,7939963000
923.3801502283994,506.8744161949722,794.22710,7942271000
860.36670047353,425.5517856464134,794.45810,7944581000
852.2688341920568,378.2248678670015,794.67610,7946761000
805.7435510896125,375.2392542252359,794.92140,7949214000
723.3291328333685,377.5444980363582,795.13710,7951371000
668.8285937829193,411.0821952070083,795.35470,7953547000
601.7302130826209,459.6762919025549,795.57400,7955740000
572.2798214918532,513.3107280517249,795.80260,7958026000
601.0866110190096,561.0051437439204,796.03530,7960353000
639.7710528339587,628.049180264255,796.26460,7962646000
587.3512635498951,637.7819008251481,796.50370,7965037000
608.1941348761402,624.7998258613762,796.73280,7967328000
621.2635573083928,642.6590655469224,796.95340,7969534000
629.3615045895933,608.2151466632511,797.18020,7971802000
726.9763205168086,524.7804456884181,797.40410,7974041000
710.8748989358442,431.6630991966189,797.62810,7976281000
809.6250972755723,449.6148330197894,797.85610,7978561000
860.1095269751289,463.7217028108269,798.07590,7980759000
847.5513009425407,480.45883913701533,798.30170,7983017000
829.0205573453936,486.6489401545342,798.52670,7985267000
793.1976343283459,510.37777117472024,798.75720,7987572000
750.360051493931,501.9605575896168,798.99030,7989903000
825.126634401269,568.8653033815038,799.21650,7992165000
897.5571946870339,575.3610245500316,799.43730,7994373000
977.4311545360408,548.719454152154,799.67000,7996700000
942.4351323985111,514.1059700233195,799.90050,7999005000
780.4953879527858,411.8085643109461,800.12470,8001247000
591.5420253781732,353.6442892941195,800.35080,8003508000
503.60063023871743,299.6162562382352,800.57910,8005791000
443.3346229628555,241.15540357444664,800.80780,8008078000
401.7165084617226,227.33612381363716,801.03120,8010312000
484.0597991536936,230.2531002678443,801.25410,8012541000
547.1174898037002,304.91654585284175,801.47890,8014789000
621.7133633729115,337.9395844988462,801.70310,8017031000
657.495027579763,383.86813155239133,801.92740,8019274000
697.0158153732767,427.7395611392651,802.14850,8021485000
635.7359759521365,470.33590541772776,802.36900,8023690000
569.5953758045448,524.2609105613699,802.58810,8025881000
527.7650936698834,562.9253768621902,802.80530,8028053000
535.2014530776406,611.2523486314049,803.02690,8030269000
639.7574931072055,572.485895527015,803.24270,8032427000
775.4585398042383,525.2203684449946,803.46670,8034667000
748.5366178042207,444.3679788322759,803.68540,8036854000
685.3470025342634,418.2401257531289,803.90760,8039076000
663.4083593312369,441.175507970926,804.12350,8041235000
679.7384921938439,428.9523238925762,804.34010,8043401000
792.1404318445851,344.9500084263503,804.55310,8045531000
828.9206538705397,273.3515409006631,804.76990,8047699000
899.8166592234817,237.44639401577433,804.98250,8049825000
965.9299398396138,182.55196622722343,805.19750,8051975000
1034.7503082077799,170.58049348810715,805.41110,8054111000
1031.9758938151847,167.30153787689332,805.63060,8056306000
1133.9715208217724,133.13488970387587,805.84990,8058499000
1212.9570105044259,134.5781175016456,806.07170,8060717000
1277.5112087220468,186.60803675250185,806.29510,8062951000
1403.016232914594,192.45027420084367,806.52040,8065204000
1412.3120861543398,228.70690295321097,806.73810,8067381000
1380.2004450978077,274.5732144284375,806.95690,8069569000
1383.6786087892494,303.7776311156774,807.17550,8071755000
1362.872760225261,275.094343378698,807.39580,8073958000
1194.8709867008968,264.5921415400544,807.61340,8076134000
1041.1551187225173,256.57811065372056,807.83270,8078327000
922.7806298007591,317.1336120478156,808.05550,8080555000
813.7187873646524,326.21244188329644,808.27400,8082740000
697.6617045428882,359.8645068693036,808.49010,8084901000
672.8924246883264,353.6862880130159,808.70680,8087068000
671.6201990387282,318.46912662657144,808.96400,8089640000
665.9102046054348,254.1779520641451,809.19710,8091971000
694.5225069364451,222.20803577363978,809.47310,8094731000
863.1159155294622,212.0499596734588,809.70860,8097086000
1074.9438840531477,197.5611929785933,809.97370,8099737000
1215.735177416542,182.25832211040702,810.22010,8102201000
1358.250307956505,213.1758256117255,810.43810,8104381000
1061.2157307555694,242.88386728775777,810.71180,8107118000
873.923159685866,276.3348905317625,810.96310,8109631000
738.1160591395793,251.65231196236434,811.18830,8111883000
693.3577336690588,308.89406684730255,811.41460,8114146000
661.4579877816673,318.5024173827165,811.62920,8116292000
697.9112081517352,340.0503174889955,811.84980,8118498000
677.7037835106536,323.0575661116908,812.06370,8120637000
740.4975260834059,322.5590931481145,812.28350,8122835000
714.0791532799709,291.01599122117744,812.50380,8125038000
738.8284631702367,299.94640538743835,812.77140,8127714000
532.4956655160838,327.6853864094098,812.99010,8129901000
444.1782562275546,315.25314784685975,813.20700,8132070000
329.7118110514215,309.31758836615944,813.45190,8134519000
246.20343975338545,281.4632615571334,813.68810,8136881000
200.1138064986964,269.14682563473747,813.90950,8139095000
238.37364527603938,268.7015218914098,814.16090,8141609000
352.54043406392645,291.59076294648685,814.40940,8144094000
445.05961343373576,317.23597949496923,814.65260,8146526000
543.7228535682422,312.0555811788633,814.87570,8148757000
622.1514263104235,289.1392373047465,815.10580,8151058000
662.554937137597,317.51926191392636,815.34130,8153413000
620.0527690573047,392.293302347188,815.56770,8155677000
648.8896517809015,448.4246766347859,815.82760,8158276000
652.0997456367317,524.9247799341542,816.05750,8160575000
666.5297985383703,576.1518536301214,816.28670,8162867000
680.7866643254619,664.3582647003519,816.50830,8165083000
732.5940997359743,682.3343825272261,816.73330,8167333000
838.3179063413229,722.6309832861564,816.95540,8169554000
934.2852568088376,715.547432336191,817.18460,8171846000
999.314596752484,695.6184687757061,817.41000,8174100000
1072.0552132286866,709.7612670859357,817.65540,8176554000
1108.5750547166065,624.9599943161065,817.90470,8179047000
1102.8623844955641,578.4301650024514,818.13460,8181346000
1139.4751062692867,583.5139625832818,818.36150,8183615000
1198.5838612944456,547.7732500930845,818.59060,8185906000
1152.2909011298032,482.70213707166704,818.81790,8188179000
1104.7917466911795,441.44259019461265,819.03740,8190374000
1049.3941581016043,404.4068190966848,819.26280,8192628000
933.6148992516295,355.4370187172945,819.48510,8194851000
909.0719654104132,415.1870628357216,819.72000,8197200000
888.7773711799963,440.35458955038837,819.95510,8199551000
792.4780859655062,420.80176084492535,820.18500,8201850000
757.3048584049778,416.2413552376749,820.40930,8204093000
726.2657576184796,430.13068814228143,820.64980,8206498000
726.8795524352252,471.1429876895642,820.87510,8208751000
696.0791426175765,426.2179176686609,821.10160,8211016000
692.5146902095562,406.3932790284985,821.31900,8213190000
761.9392491799833,394.8277986524111,821.56650,8215665000
807.979490735407,403.3562087965531,821.79310,8217931000
859.0269948134825,401.03209538572065,822.01280,8220128000
856.6180055952532,376.639763137965,822.23420,8222342000
902.124682085948,394.67806038373186,822.45850,8224585000
927.2908107409352,405.92844240741374,822.67710,8226771000
999.6704933519843,422.22280270349,822.89250,8228925000
1043.6540974499915,414.2799411544957,823.11090,8231109000
1120.092606305735,427.56694731926075,823.34050,8233405000
1110.4363382511754,435.4971754654284,823.56630,8235663000
1114.4201343339992,401.4779464722611,823.78820,8237882000
1067.3959644788636,412.0437031632625,824.01350,8240135000
1061.9417097118715,430.247152811786,824.23790,8242379000
992.5185566634001,431.1599968521346,824.46420,8244642000
975.8134700257226,412.3409268342498,824.69820,8246982000
974.6479389331273,420.9990777818133,824.93130,8249313000
1003.1701140157462,428.50092922157194,825.15840,8251584000
1058.1874339915635,452.6491914831162,825.38280,8253828000
1041.7460161022152,412.8305619286315,825.60500,8256050000
1041.119545963386,392.31794869343213,825.82840,8258284000
1034.482280775221,434.51240376094245,826.04750,8260475000
1053.983610850001,477.19580308034347,826.26810,8262681000
1017.1138690449202,468.20130793237826,826.48960,8264896000
1011.0839629420705,489.7094445290422,826.72750,8267275000
1054.7551701387472,518.0744962440643,826.95050,8269505000
1068.2621195314089,532.1113805213336,827.17270,8271727000
1069.4908735405938,540.6932808531253,827.38850,8273885000
1085.5272969536422,561.0794828542837,827.60550,8276055000
1034.9351346682424,559.6217184174549,827.82650,8278265000
972.0205989709692,617.1722365343134,828.04910,8280491000
985.1936119833746,615.7200844397718,828.28050,8282805000
907.5723862498827,608.8547268751146,828.51100,8285110000
936.6181428395022,615.2458463091394,828.73470,8287347000
951.0074368346993,625.4193399377149,828.96030,8289603000
983.8120958374975,653.0268451172807,829.18710,8291871000
1060.6349470833873,692.0605611584391,829.41910,8294191000
1123.6898384512874,724.8158541597511,829.64500,8296450000
1226.3314569508414,693.9547411637925,829.86990,8298699000
1255.7412579436646,631.2585040371761,830.10580,8301058000
1168.086259529023,588.9394456026959,830.32970,8303297000
1111.8156302303435,594.7794134084958,830.55600,8305560000
1076.1214784185222,624.4863809274844,830.77300,8307730000
1058.0470943075672,602.5695498156635,830.99120,8309912000
1096.9524412546425,628.0616027732285,831.21390,8312139000
1079.0711596227948,706.2814844001774,831.44950,8314495000
1059.800969646161,735.9370766017444,831.67590,8316759000
960.3715110485524,767.5084329517742,831.90630,8319063000
1014.7822307384725,821.1082592691057,832.13350,8321335000
1005.283760212884,852.0757578940932,832.37940,8323794000
995.7063400033347,881.263794229081,832.61810,8326181000
997.8712088457446,883.6878424350559,832.86140,8328614000
1030.1990324134865,813.032699968757,833.09440,8330944000
985.134171505378,740.3169705728347,833.31820,8333182000
927.275018433008,640.1966770903433,833.53990,8335399000
909.018856841978,563.9469862738375,833.76270,8337627000
867.1786383852144,523.7438459066283,833.97730,8339773000
862.9242606179927,523.0065548194334,834.20970,8342097000
902.8433776418705,557.0794406490367,834.43570,8344357000
863.3245479053926,580.7366355857667,834.65850,8346585000
958.6721219222843,590.61206220038,834.88200,8348820000
964.2579060631936,590.1920605557635,835.09930,8350993000
906.096331103127,592.9829423776812,835.32820,8353282000
965.6588331387952,592.8941665190824,835.57730,8355773000
989.195288623156,555.135990045672,835.82130,8358213000
1044.0767914862822,558.8226498643761,836.05560,8360556000
1083.6603639578468,524.7661769388549,836.29560,8362956000
1123.824810309635,568.0716460555471,836.51940,8365194000
1153.062372546858,571.8574441193718,836.78210,8367821000
1092.0264116816247,581.1690624543334,837.02040,8370204000
1068.4944035772564,572.8163808838978,837.25060,8372506000
1046.3293180686708,552.6592068963029,837.48880,8374888000
1051.2808029198306,532.0264725372718,837.70990,8377099000
989.4457564501156,452.15534255609236,837.92990,8379299000
908.4557344620594,456.73104200465605,838.14510,8381451000
843.1373291757607,410.53314996495163,838.42180,8384218000
875.8647164866924,480.9710043151124,838.68830,8386883000
903.7319715252704,544.0486768792078,838.94970,8389497000
939.2952800065091,544.126799577749,839.18160,8391816000
945.3038837375306,490.2720209117938,839.43140,8394314000
929.8598144585234,447.4439050824742,839.66510,8396651000
937.1102960937719,410.25805638866433,839.94210,8399421000
975.9193815511885,409.13536938398806,840.18870,8401887000
962.8461726902865,342.80524529836305,840.45320,8404532000
953.3920805919121,295.40900088382745,840.68620,8406862000
944.946111016346,272.08558493463414,840.93700,8409370000
972.0874116843291,262.611732157871,841.16340,8411634000
944.8187392542234,279.54417091688475,841.39600,8413960000
843.0691471680974,219.21336215603446,841.62690,8416269000
713.324205596763,238.58380009331748,841.85070,8418507000
538.9656570709109,216.526281061648,842.07040,8420704000
369.1604799797658,216.37693437741487,842.29850,8422985000
345.8878224559065,106.43656968232753,842.52000,8425200000
382.9008238937506,96.02841979800085,842.73750,8427375000
511.15529893308747,107.97946663067471,842.95630,8429563000
588.3050400413526,150.6589029275783,843.17380,8431738000
636.7976565204046,169.60675543546176,843.39130,8433913000
729.3817517757577,189.29577062069592,843.61520,8436152000
753.8066463863387,231.87852773767582,843.83800,8438380000
806.4176472284531,318.344241215739,844.06630,8440663000
858.2233291806003,400.2595608920009,844.28440,8442844000
929.9286112481791,478.48676392727737,844.51060,8445106000
1043.9520712070293,558.4957680543223,844.73260,8447326000
1112.3068433396777,566.3861521380773,844.95640,8449564000
1143.6120677921583,581.033453518643,845.18930,8451893000
1154.2885409725516,543.1026317744452,845.41510,8454151000
1095.1198618693088,506.38341185928977,845.62850,8456285000
1065.1198766343991,430.54230802485046,845.84560,8458456000
1062.3937018828735,381.8553334257856,846.05550,8460555000
1030.664695535113,339.96355307011135,846.27940,8462794000
979.0690477634845,328.22490684495097,846.51040,8465104000
979.4124395739502,312.6019465685812,846.73270,8467327000
941.6753474363633,281.8827004155455,846.96580,8469658000
740.9321291259696,308.7865915790802,847.19980,8471998000
671.2932542777874,304.6235611176234,847.42620,8474262000
603.5806969904952,241.13762689892735,847.65790,8476579000
623.6561125505181,271.08631852626127,847.88010,8478801000
495.8141500755999,288.74093479671893,848.10770,8481077000
468.56592860004616,279.7111593702657,848.33690,8483369000
506.14803490735846,258.78832810174436,848.55540,8485554000
666.5146507523345,309.4724997278342,848.78010,8487801000
770.7115487437638,314.7557940758574,849.04340,8490434000
873.0849857635312,307.66525747481114,849.27380,8492738000
846.1856884998633,296.2580416360766,849.52820,8495282000
809.9448765524627,239.97059583670963,849.77950,8497795000
814.554423849768,229.4778646468502,850.02110,8500211000
658.7744597950441,175.08547722601747,850.27440,8502744000
517.4939158899865,86.52488059941561,850.54510,8505451000
464.0882747779271,113.09572085842952,850.82540,8508254000
401.91948505247865,138.24891042526252,851.09990,8510999000
336.53991573690143,87.47245644596285,851.32460,8513246000
249.4768319437281,80.53567917108631,851.55000,8515500000
151.45320162405469,154.95731671095663,851.78520,8517852000
173.59280986057792,172.45406588724018,852.01560,8520156000
232.9752228610812,155.19810510223215,852.25720,8522572000
297.5260784062811,152.28629526674902,852.53020,8525302000
387.9754830433021,173.11753106787245,852.75840,8527584000
440.99364077681196,297.63048512893704,853.00610,8530061000
429.50823656124857,260.1977515258336,853.23640,8532364000
511.74178598168237,337.4071066124477,853.48630,8534863000
410.4176412481706,323.02435138686576,853.73170,8537317000
314.80821265395355,292.9997923893731,853.96030,8539603000
332.3186968830505,224.6297198874919,854.19990,8541999000
341.5911449847721,312.88052439381033,854.45160,8544516000
376.80542680521506,324.8864379226035,854.70810,8547081000
433.73954695644846,325.23651384580126,854.95180,8549518000
536.9438736709202,425.0612793852033,855.19050,8551905000
595.2722838647705,393.18022074731647,855.42060,8554206000
676.3908455338832,387.5718154096258,855.65420,8556542000
702.2035168016856,315.9796324821849,855.88020,8558802000
731.6584960151473,281.5550146994773,856.09900,8560990000
658.9031999708335,274.1160029951776,856.32960,8563296000
628.1133686249527,244.64373946090853,856.55360,8565536000
514.6646107343983,211.38477255093795,856.78160,8567816000
559.7305991481743,218.4856782331267,857.01630,8570163000
471.53614110450565,240.66425021209386,857.24070,8572407000
510.4648512120142,192.08570488704822,857.46340,8574634000
535.4079403865713,183.57515029757784,857.67840,8576784000
523.7537020625817,155.94227468504496,857.89750,8578975000
533.5999343289728,102.57536369074916,858.11900,8581190000
450.9296341198001,125.75586293052103,858.33300,8583330000
454.5507061048807,152.6475145344565,858.55580,8585558000
448.63555944699254,163.9071145297859,858.77350,8587735000
502.63978596147547,151.77591473804452,858.99330,8589933000
599.9094191406707,140.38636178522233,859.21820,8592182000
725.2851629162577,152.78988062843933,859.43720,8594372000
973.6667614429601,127.93770981580874,859.67040,8596704000
1150.9488143533242,179.18925824161272,859.89690,8598969000
1186.1217481645058,188.1862018068451,860.11890,8601189000
1179.1888422515012,196.66059833208337,860.33710,8603371000
1069.9802586066362,187.5596577374084,860.55450,8605545000
911.8473719671674,216.0333995767816,860.77230,8607723000
744.5991613864447,235.3149039880985,860.99920,8609992000
662.9241816319775,269.1026369565426,861.22160,8612216000
665.8355802994174,300.0771034765472,861.44630,8614463000
766.5652013631739,331.88676033198084,861.67130,8616713000
735.8138164741396,287.13518275435734,861.89810,8618981000
691.158636137454,271.4956601613673,862.11890,8621189000
625.6931016465378,227.47715915725064,862.33740,8623374000
559.1037344697509,196.63704482307972,862.55430,8625543000
464.4166977706973,174.93958563816167,862.76920,8627692000
490.28331980420523,200.74494807953647,862.98680,8629868000
481.2885476206342,125.32101804834159,863.22090,8632209000
488.93502156637015,144.36407868640072,863.44180,8634418000
519.8095146822357,126.095178491964,863.65750,8636575000
577.1872507645762,91.23809897875373,863.87550,8638755000
605.9657421543457,80.37484718352701,864.09100,8640910000
650.592435641722,76.44007551382316,864.35940,8643594000
569.1861160941932,100.31625299593556,864.58610,8645861000
517.5943395213823,26.48293809162908,864.84910,8648491000
578.7188394614058,242.980510989964,865.06410,8650641000
508.486147487432,204.37272967958478,865.28520,8652852000
469.0403940155757,193.59236692562126,865.50640,8655064000
503.78798226855304,199.57797763304498,865.72440,8657244000
541.0972408318062,252.09212299573133,865.96060,8659606000
689.1322485216001,304.6475720815122,866.17310,8661731000
799.6610758453634,344.4190516155155,866.41270,8664127000
896.1957669417477,292.83439044223417,866.63600,8666360000
783.8163435543509,344.88316051691754,866.86500,8668650000
710.558520468716,286.8454337694026,867.11880,8671188000
745.4449457192063,463.5257007583308,867.33550,8673355000
692.4729490382832,436.11937716495515,867.55720,8675572000
803.0261749152033,442.50178864358514,867.77620,8677762000
868.8856041264723,409.2524862325066,867.99160,8679916000
938.0826691379966,389.44156240798156,868.24730,8682473000
1023.9567277267997,380.3916140068931,868.46140,8684614000
907.0716402451725,339.67927196299524,868.67840,8686784000
784.4134302433037,342.99623756019434,868.90250,8689025000
618.6714993124498,309.6597361889922,869.13190,8691319000
417.8693278043794,291.66247058701754,869.35280,8693528000
298.3410223626946,270.2365244534807,869.60310,8696031000
250.02006377180393,224.63642024577067,869.83140,8698314000
149.72942653006425,206.8737314890809,870.06850,8700685000
176.409776272765,164.95939635789819,870.29490,8702949000
127.67125440968823,213.52773338889597,870.51060,8705106000
189.88075560208523,208.85508615011844,870.73320,8707332000
236.9162275135916,173.21056313936535,870.95800,8709580000
334.2713371403657,122.15138645074455,871.17620,8711762000
367.78875315730045,27.82406477000822,871.40660,8714066000
453.09372628742403,-10.769150047004418,871.63050,8716305000
538.3257271388171,-32.108326876967126,871.85230,8718523000
615.5247010414623,-24.23997703380271,872.07520,8720752000
688.8722785264093,-28.87702804655868,872.30420,8723042000
744.706749732003,-13.636718313801339,872.55320,8725532000
822.1280469510405,0.3739939723079928,872.77580,8727758000
888.034735630986,26.333246273074945,873.00210,8730021000
945.6356071518749,77.38956369720398,873.23400,8732340000
1096.616753407412,258.29190897653683,873.45980,8734598000
1105.946351259655,246.84398201585077,873.69180,8736918000
1073.7791453957686,255.48466900772596,873.91760,8739176000
1096.545402632936,244.73819312842215,874.13840,8741384000
967.5670527160071,224.83285792230507,874.36280,8743628000
723.5622581478231,236.68367004781868,874.58630,8745863000
574.6624989830239,225.1099513318036,874.80520,8748052000
448.70240534959294,248.83411354885922,875.02780,8750278000
388.06152017382243,207.15684190810248,875.25040,8752504000
448.4721429153735,159.86415901849838,875.46430,8754643000
544.8674839283902,144.26996393057618,875.68870,8756887000
601.825772702529,196.5052791748705,875.90380,8759038000
676.364559251499,209.99905694874184,876.11870,8761187000
732.3822529529073,165.21999622441226,876.33670,8763367000
814.4623845429348,132.7420338997893,876.55760,8765576000
918.1032043023926,162.3193515021842,876.77210,8767721000
957.7693750477554,155.10471076376155,876.99230,8769923000
806.3842589093593,154.71557234785936,877.20930,8772093000
595.9066549374236,207.06227831062657,877.43010,8774301000
559.794047341701,201.07422021698434,877.64500,8776450000
495.2708925341022,180.9476013656027,877.86650,8778665000
430.59869678921274,118.37871635810748,878.08900,8780890000
437.6272039198612,109.91089199748752,878.30670,8783067000
393.3459939613677,57.67826336072787,878.53070,8785307000
400.4873514954538,81.55748892973473,878.74970,8787497000
345.83416122772985,69.57927958050374,878.97050,8789705000
297.9113526768766,52.62353259715111,879.19810,8791981000
298.3209376530284,9.752719311363961,879.41670,8794167000
385.3826821549438,9.616484704404142,879.63130,8796313000
438.48450472428505,-12.542137994453608,879.84670,8798467000
563.622254835891,-22.542266831286383,880.06720,8800672000
674.8436309050222,-22.060032566153108,880.28140,8802814000
746.9705100770451,145.59617690462966,880.50250,8805025000
819.0945582967906,144.96974892921355,880.72270,8807227000
901.2686194103428,129.90037997815406,880.93980,8809398000
783.5995008663895,144.69962128797823,881.16050,8811605000
688.5451724995041,176.98756986974033,881.37860,8813786000
705.3115619221953,352.0225554177582,881.59130,8815913000
587.7810723835618,300.7073782514396,881.80610,8818061000
523.9329897291818,264.4023554528851,882.02370,8820237000
494.22622822531866,202.84098715035992,882.23920,8822392000
452.8153297409474,138.8917717056444,882.45820,8824582000
476.22253711663456,67.40323588889648,882.69640,8826964000
482.3167285106345,-6.475594663640905,882.94110,8829411000
522.8805035219664,-46.743728546376914,883.16310,8831631000
601.2563417582323,-60.08825462222282,883.38550,8833855000
668.9858907570663,-71.2303282450456,883.60060,8836006000
724.1566785467361,-87.28392002188923,883.82100,8838210000
794.3273662495641,-29.759613189520792,884.03630,8840363000
884.7093030203406,29.730535553306204,884.25820,8842582000
908.4966770451927,72.53063651437608,884.48910,8844891000
975.4106431412869,94.20709685948023,884.70350,8847035000
1068.7712392936137,74.70148619822433,884.92040,8849204000
1102.7027253903125,99.50223311810606,885.16910,8851691000
987.0842483944853,91.5229751871957,885.38630,8853863000
803.7442476421033,122.3412986693657,885.62700,8856270000
577.1014199082199,153.69170107738972,885.85730,8858573000
560.5331771929655,176.16563694314127,886.07690,8860769000
527.840090115979,209.0408499985054,886.30350,8863035000
633.3356276706385,235.14896704255776,886.55090,8865509000
742.6209521211204,295.7543337721162,886.78880,8867888000
780.2129769449452,360.14217435755495,887.02340,8870234000
808.9231679844784,314.74906198652,887.28740,8872874000
811.7048931070926,331.8755028234009,887.53590,8875359000
734.2614953953023,323.6102457790668,887.76320,8877632000
656.033068555595,300.8621362165061,887.98760,8879876000
669.4403725207914,318.8693896447934,888.24140,8882414000
717.7852753935484,321.38198584489055,888.46330,8884633000
781.4866045780607,267.64906914360574,888.68220,8886822000
861.4380361919447,257.58037136376834,888.90280,8889028000
831.8755575485768,255.59697968647936,889.11590,8891159000
871.8496036543642,293.6297285345341,889.34130,8893413000
861.3135070292867,282.9770352302377,889.59590,8895959000
856.8315012322412,349.872871955622,889.82430,8898243000
861.6120754559661,322.76575676721706,890.05100,8900510000
920.087964552319,337.1384320217846,890.28100,8902810000
953.6242012637657,304.72506506978544,890.50510,8905051000
1022.1766407132429,303.0632043330355,890.75980,8907598000
1064.4572457256702,325.85728580679756,890.99670,8909967000
1120.2074737246555,361.1137848350299,891.26070,8912607000
1141.076642095007,430.93181606075973,891.49780,8914978000
1122.679148401891,451.60763390533697,891.72370,8917237000
1126.3310280093722,423.1949823262335,892.00090,8920009000
1115.0168417311866,431.78897459636556,892.23990,8922399000
1143.925543992887,470.8025226574184,892.46680,8924668000
1104.1848326671325,512.427925612301,892.70530,8927053000
1182.5301386262072,527.5318150348315,892.92810,8929281000
1232.6756511020665,534.299676850411,893.17780,8931778000
1174.7089240936698,552.6331171320292,893.43110,8934311000
1152.3053339541993,552.9932356534267,893.66960,8936696000
1141.1088882579998,551.9200597231002,893.89410,8938941000
1104.6842248384544,536.0390182640168,894.12400,8941240000
1064.1267578323323,557.0384163767645,894.39080,8943908000
973.8893763305354,588.4015792987611,894.61890,8946189000
920.0639965944108,606.3678181430932,894.89190,8948919000
930.7754566473391,664.4038755932547,895.11670,8951167000
945.6139264701858,663.7691170715788,895.34220,8953422000
972.5075533028705,621.1492259289413,895.56840,8955684000
988.3820414244132,548.1705351584595,895.79230,8957923000
977.9572957650089,495.1551298038629,896.02540,8960254000
1006.2702459794176,444.2582863613492,896.24380,8962438000
1029.920123885626,403.5815977384464,896.48020,8964802000
961.6148882910007,377.756750374897,896.69920,8966992000
899.7938419887665,354.7432800734579,896.91840,8969184000
874.0082009587417,331.3232504835208,897.13890,8971389000
891.2881712784194,358.3550150757829,897.36430,8973643000
847.7210692518196,394.5375882263927,897.58150,8975815000
868.5732400433689,447.0890439292625,897.80120,8978012000
863.8453245313804,503.7954884652155,898.03130,8980313000
888.5556362108855,595.4803007626822,898.25660,8982566000
891.5942448186197,669.9098464732909,898.49110,8984911000
868.8146630988468,708.1407639899876,898.72040,8987204000
887.8145863381412,722.837036612062,898.94160,8989416000
839.009329619517,699.0751616337245,899.16450,8991645000
865.8738853092784,607.575186005707,899.38800,8993880000
881.157526497949,536.3353362703567,899.61390,8996139000
903.5133195786962,403.0887980952476,899.84600,8998460000
942.0208513102101,347.1759939446871,900.06850,9000685000
902.7786600547008,289.7759182718524,900.29710,9002971000
857.2905005553158,272.96353159253806,900.51360,9005136000
854.1387572334669,293.71958070548794,900.74350,9007435000
792.2277502109227,273.3451850137737,900.96670,9009667000
792.0712491411164,287.5155027074274,901.17580,9011758000
797.2023852125889,284.400001514112,901.39780,9013978000
815.4874453017113,360.9579569011409,901.61620,9016162000
806.972789735023,411.03448910132505,901.83390,9018339000
795.881674201175,435.20717783309016,902.06270,9020627000
767.474103730166,453.4959604991294,902.29100,9022910000
805.0473912481899,501.0260595523758,902.51590,9025159000
854.061046864606,551.269244169071,902.74160,9027416000
927.6994687160667,619.1540376107637,902.96500,9029650000
1024.0120620102898,672.4032575188452,903.19250,9031925000
1034.533768394752,644.1093100698542,903.41880,9034188000
1035.6670385353716,583.7628449176979,903.64600,9036460000
1070.7252671634685,546.1332710413167,903.88060,9038806000
1058.3423609264019,551.4703698410183,904.11850,9041185000
1051.727022742339,549.9114171696186,904.34160,9043416000
1095.11624352561,547.9474024772819,904.57020,9045702000
1099.5109553547113,526.8782434917587,904.80640,9048064000
1107.9547617054598,481.27082715934375,905.03180,9050318000
1013.2993228682831,418.0725342713739,905.25800,9052580000
991.3166294244191,411.85618647581373,905.47350,9054735000
878.8163133204607,448.2043066536654,905.69290,9056929000
830.2667529247966,534.9552627793859,905.91380,9059138000
768.2900027715542,591.970111448456,906.14040,9061404000
742.2179630192792,609.0301439765077,906.36960,9063696000
772.9425595047992,552.8055686281275,906.60760,9066076000
741.4230151530757,521.1352730158603,906.83080,9068308000
726.6310851711248,536.4070238564414,907.05950,9070595000
725.9796665810151,613.9130926413861,907.29240,9072924000
679.1171554232245,610.3008561452197,907.50970,9075097000
686.3218166583559,636.4209791676784,907.73320,9077332000
617.2245089700571,647.5259813292823,907.95820,9079582000
595.0436002130439,649.2636963585179,908.18430,9081843000
512.322380572244,639.139824902483,908.41190,9084119000
576.2048088471051,562.843215203945,908.63790,9086379000
626.9698355988362,524.871583745311,908.86440,9088644000
529.8780667975319,473.78957209598764,909.08310,9090831000
500.90131915395074,459.2309610404562,909.30230,9093023000
640.7284745468302,410.7214002051546,909.52930,9095293000
755.6184276333587,363.42106361189326,909.75200,9097520000
824.8303142460928,321.36330428053697,909.97240,9099724000
799.9036123684924,280.80631091400426,910.19560,9101956000
762.4098370135199,225.5882943954953,910.42310,9104231000
765.6160339562695,220.68089865871417,910.65860,9106586000
775.0574307433935,185.9550399084854,910.88700,9108870000
764.2677223679339,203.13209844916508,911.10870,9111087000
801.9678344747141,183.12911759456367,911.33560,9113356000
811.3444420494928,187.7794258974277,911.57090,9115709000
801.8677187834281,176.43609588515056,911.78740,9117874000
748.9091340130151,233.74515742602824,912.00560,9120056000
757.2149030526783,239.89450756645462,912.23060,9122306000
755.2876204705818,240.28986616460355,912.45210,9124521000
813.5905513117898,251.03109820247136,912.67920,9126792000
864.7601360774843,245.62675533782877,912.90190,9129019000
935.5692409548086,238.55880128214648,913.14150,9131415000
1013.4529806701271,266.2646913604121,913.36660,9133666000
1035.1618204244412,255.04584129555641,913.59090,9135909000
1101.1093966613448,295.80821967940966,913.81700,9138170000
1109.0401466065427,349.5734615067927,914.03680,9140368000
1099.2393547375284,374.44174122427,914.25650,9142565000
1146.546924399126,490.1453329440746,914.48650,9144865000
1192.5850431461556,582.6286944505359,914.70410,9147041000
1214.3990152196786,630.1142447754162,914.92490,9149249000
1319.753041817062,697.7078750857322,915.15400,9151540000
1446.0289508613105,784.0955222596316,915.38480,9153848000
1470.24801079753,808.7982235984787,915.63050,9156305000
1391.6146613036267,817.527916162364,915.87900,9158790000
1376.5478677408676,783.2915255936962,916.14400,9161440000
1368.4828357836186,786.7274236785432,916.36550,9163655000
1357.9748675759229,792.3220738821724,916.59390,9165939000
1303.2598639559046,767.7462238888039,916.82960,9168296000
1229.516881262561,778.8496180622919,917.07790,9170779000
1227.657843538897,778.9476208775886,917.33520,9173352000
1183.0026468156948,765.5797626013264,917.59120,9175912000
1107.3598777820953,708.0391973050614,917.81670,9178167000
1097.877670362147,575.7017149596543,918.04110,9180411000
1064.8275751485996,514.9080825974506,918.26830,9182683000
960.2279378812202,392.5687897848049,918.49100,9184910000
890.0278843613569,310.44897623454807,918.70760,9187076000
892.6016109554449,248.4268225481868,918.94580,9189458000
899.5352315313552,161.25283961755605,919.16160,9191616000
830.9345413150702,51.10857539919798,919.38710,9193871000
712.3558013992576,-0.982773812778456,919.60410,9196041000
665.5772849353292,-10.128493546545478,919.82780,9198278000
692.2630545362969,121.20177065902452,920.04420,9200442000
701.5755317097378,87.07828121431507,920.26990,9202699000
708.4884975914918,63.58840887488057,920.49100,9204910000
703.9659796080111,50.84672605951957,920.70500,9207050000
699.5883175343514,44.300282620885774,920.95330,9209533000
756.7829440683079,84.92320288784815,921.17220,9211722000
816.579502038031,128.6974143934254,921.39010,9213901000
848.7860452953917,153.41730108181883,921.60980,9216098000
952.4679087126867,161.51304478425013,921.88480,9218848000
1056.7477720785232,204.98321982381287,922.10330,9221033000
1155.4629844727708,228.1437133517323,922.32840,9223284000
938.9610100860955,251.91382972705298,922.55120,9225512000
747.5992626342343,279.60912966145077,922.77800,9227780000
616.835087505998,318.00259849297777,923.00370,9230037000
525.9872220996161,332.5140391628284,923.22930,9232293000
489.70884138533154,365.0574950032894,923.44740,9234474000
424.50212167178654,366.92867804184897,923.66310,9236631000
360.4093935423317,327.5561384388109,923.89080,9238908000
366.4127944902303,327.75950305517273,924.10620,9241062000
314.2127308620534,309.1705764279413,924.32670,9243267000
364.9315359949074,315.5788037071396,924.54260,9245426000
380.0227801021763,293.9474893780583,924.76160,9247616000
439.90508470251297,258.37565606724684,924.98430,9249843000
452.82494858699016,199.60751518001183,925.20210,9252021000
378.35461828694883,165.69334649915402,925.41830,9254183000
329.440546368597,152.5020665060619,925.63480,9256348000
253.4037840107485,133.19412217842267,925.84770,9258477000
291.99228128045485,116.48137305834888,926.06850,9260685000
346.4911568864278,99.67436440337465,926.28300,9262830000
363.09912454724747,110.79484823401381,926.50240,9265024000
434.96502080038834,157.43740327340538,926.72250,9267225000
471.9815931054837,126.76073667711752,926.93710,9269371000
563.4000427843336,108.39902828892278,927.16020,9271602000
678.0451884112512,99.91968727162042,927.37570,9273757000
886.7196295699697,109.44565097881873,927.59210,9275921000
965.1874456981059,93.69730458599665,927.80530,9278053000
876.4160593298612,114.25187580869594,928.02170,9280217000
649.9337144187181,126.56774112352022,928.23740,9282374000
623.5957868681149,152.86307448878466,928.45990,9284599000
647.6234939719614,163.817446768463,928.68450,9286845000
689.2880470372344,241.09454152514303,928.90920,9289092000
730.8360938988279,278.0404223008741,929.13090,9291309000
775.5285379486256,261.6687589926549,929.37000,9293700000
902.6668188548531,246.19488206413814,929.59140,9295914000
814.326772527888,229.98255202164995,929.84430,9298443000
775.4653774793226,232.4740942030869,930.05660,9300566000
703.7892752446734,226.9506969282258,930.28850,9302885000
703.0251053560382,236.64391646656927,930.51930,9305193000
696.3527483498535,187.47130814557175,930.76550,9307655000
742.9571484339798,202.26117197655552,930.98790,9309879000
731.7744457641376,145.91283794745496,931.21660,9312166000
875.7976837996603,149.95485869276007,931.49150,9314915000
952.5660467245369,141.36050565597165,931.72220,9317222000
879.18579508455,89.0802047807073,931.96040,9319604000
864.1264886653221,107.5152428380124,932.19240,9321924000
772.4254572161193,147.82274359260418,932.48610,9324861000
637.2843110433114,187.06228261755413,932.75080,9327508000
664.5505179388998,337.88023695820533,933.01410,9330141000
563.0239230300907,324.52786379810806,933.26300,9332630000
513.4058466873466,302.8819738487834,933.49220,9334922000
453.8621964095365,292.658764742553,933.72630,9337263000
411.60710516884023,287.36287233590343,933.96090,9339609000
382.67171981321087,255.78389107125332,934.22660,9342266000
336.886233051926,228.5630582512905,934.45710,9344571000
311.7023093753403,280.0481610163325,934.71200,9347120000
291.3679296228577,253.67617970700118,934.95410,9349541000
362.6225208538333,223.54603728260963,935.17400,9351740000
379.82390911331515,176.3704466337528,935.41490,9354149000
453.73237053084233,172.54854149432614,935.64100,9356410000
545.4197977287037,157.8953515307668,935.86550,9358655000
523.8232549327141,150.15110815786846,936.08580,9360858000
517.7150139687101,103.61412858554866,936.29870,9362987000
573.8034225670094,80.33067707352441,936.52210,9365221000
617.3263801321744,-13.382862083857425,936.73730,9367373000
685.7123861573648,-16.601924365120546,936.95680,9369568000
742.0217462623215,85.10784914540157,937.16850,9371685000
735.9247631125373,106.51549616808063,937.38690,9373869000
745.1020442132371,154.62525505230934,937.60820,9376082000
739.3590626634917,189.90930987204902,937.82610,9378261000
842.6445706716507,189.1135729110085,938.04470,9380447000
979.9440748359384,175.47564551693821,938.26250,9382625000
932.9846353355038,171.26662472698487,938.48190,9384819000
851.1321833092455,217.59175678820816,938.69380,9386938000
710.0691185829792,229.0436356512825,938.91240,9389124000
648.6024369507361,256.7214564068468,939.13730,9391373000
691.214144784532,289.0143002965757,939.36550,9393655000
749.9202641425272,353.4686704318167,939.58870,9395887000
783.1007118408731,437.0868027801415,939.81980,9398198000
762.3203062212438,449.28288276487666,940.04080,9400408000
776.5507675702797,493.9669549316882,940.27360,9402736000
786.4710909318721,531.5405538820562,940.49630,9404963000
785.4721316940404,565.9521978421795,940.72140,9407214000
767.5137491766136,593.3895502259344,940.95190,9409519000
772.6764103330064,598.3792022143193,941.18520,9411852000
780.3391011002104,591.9691597147632,941.41930,9414193000
792.4145706149845,535.7593768298732,941.63930,9416393000
838.7632146021239,548.2468515124157,941.86320,9418632000
827.7171811399319,526.5089583122682,942.07840,9420784000
815.3236822454019,499.72740156531285,942.30010,9423001000
824.1341693950774,482.2999065832532,942.56400,9425640000
810.2105173039902,488.82240193764585,942.79370,9427937000
817.7133579754744,481.9935214846472,943.01450,9430145000
807.631325905167,496.13000848458614,943.23450,9432345000
815.748429297634,453.0810313495481,943.45870,9434587000
807.1018467853312,449.0971823008056,943.67250,9436725000
820.463385936867,433.7874567186375,943.90770,9439077000
793.3021328174772,433.9462538640008,944.15960,9441596000
783.819665762354,456.5815805603524,944.38980,9443898000
801.1195997814731,481.4526896851198,944.61530,9446153000
773.0008068989471,485.75670445619795,944.84430,9448443000
782.0879203211556,485.47788319062005,945.06850,9450685000
783.7561134489035,483.3656720036883,945.35510,9453551000
796.9492921267862,482.10136991552287,945.59270,9455927000
822.7510283043864,485.03450876346227,945.81800,9458180000
833.8928114377112,467.7672820288027,946.04540,9460454000
802.3081746960692,494.8042390683199,946.26760,9462676000
811.4977043341172,496.22003234274086,946.49730,9464973000
818.2855573376567,513.5867881141294,946.72660,9467266000
776.8089022320517,483.5560474403955,946.96010,9469601000
776.130087197346,464.2839370880872,947.18680,9471868000
739.1563158736495,473.59322466296715,947.42560,9474256000
745.5943538308611,482.65449046722847,947.65160,9476516000
745.0010796269622,483.44062702696885,947.87730,9478773000
743.666444766484,469.9495853078,948.09990,9480999000
793.6831438855115,498.75168139142704,948.31820,9483182000
787.5602884399443,482.86620792003396,948.54090,9485409000
801.8784861792709,564.8350058078952,948.76890,9487689000
817.243656555094,557.3029173880292,948.99360,9489936000
863.1248556001817,513.1307307352293,949.24410,9492441000
893.3974534218304,440.76705866165196,949.48070,9494807000
931.9649501602761,438.25856828257093,949.70460,9497046000
944.8139112244631,382.0043846192153,949.93530,9499353000
881.4763341906796,299.8293078675527,950.16260,9501626000
723.6269320229098,282.7936280543191,950.40510,9504051000
701.6784857184344,267.2897500291769,950.63640,9506364000
732.3206002344075,270.2106770937105,950.86750,9508675000
773.945760757486,333.9183571195092,951.09670,9510967000
709.153055249682,297.840030367866,951.32090,9513209000
771.526687820128,292.26169657311675,951.54400,9515440000
814.7818949709656,236.4218294817856,951.77070,9517707000
883.427038542615,257.1089304091586,952.00090,9520009000
972.6301673214496,267.19595821789085,952.26370,9522637000
1087.1299923884644,256.3764160516052,952.49450,9524945000
1048.0848534468598,306.7230088468,952.71520,9527152000
1052.3727810748653,400.73414387203815,952.94030,9529403000
1111.574234519154,497.3642865637928,953.16510,9531651000
1086.9851664134346,554.3288605505991,953.38130,9533813000
1100.7583772876371,612.5646875496859,953.60550,9536055000
1207.4662937263597,637.6102884540238,953.82710,9538271000
1158.5312029714155,593.4215240377305,954.04570,9540457000
1125.2668021297077,536.620245316988,954.27890,9542789000
1094.6737462406234,493.7139929633354,954.50100,9545010000
1055.2259590681788,480.44434962241417,954.71870,9547187000
992.4925058664684,513.4193794179437,954.93590,9549359000
985.8496602583144,558.4850955862605,955.15030,9551503000
1050.4434981806814,581.3364786617562,955.37380,9553738000
1088.9011533505532,614.1979266041791,955.60380,9556038000
1160.6781669815382,661.1245787286672,955.82410,9558241000
1148.39701667291,694.5409972003781,956.04680,9560468000
1089.477197470467,673.8074083860772,956.28610,9562861000
1028.0474515607043,641.1098545474504,956.51530,9565153000
1014.6361372990207,670.4244583170293,956.73930,9567393000
986.0560823906814,671.3562660138667,956.96480,9569648000
989.168870968817,664.2979160275046,957.18770,9571877000
952.818990100141,665.5479659743552,957.41840,9574184000
897.8521417641581,669.7012586221219,957.64250,9576425000
880.9067983730918,728.7731198454759,957.86610,9578661000
918.7070124457512,672.2994447391063,958.09540,9580954000
932.5918128553691,645.7394670545598,958.32360,9583236000
936.9564929324725,620.4168993062299,958.55510,9585551000
989.6064769159594,593.514077582601,958.78390,9587839000
1058.7694915469815,591.5894632255881,959.00570,9590057000
1105.9177656628613,565.994594355699,959.23000,9592300000
1101.8330952661693,578.5388510816897,959.45670,9594567000
1119.5812324229105,577.228793013646,959.69890,9596989000
1115.1808435170306,561.9286348562379,959.92400,9599240000
1064.4268464821819,569.7186004767575,960.13980,9601398000
1021.9786883828272,513.5459468763536,960.36430,9603643000
985.5681244336461,501.94113450100366,960.59220,9605922000
948.7765907101406,522.8082042770311,960.81800,9608180000
946.2352063242171,551.369089543831,961.03780,9610378000
970.9261112068924,572.033449454017,961.26740,9612674000
1032.197515176914,577.0000059155575,961.49390,9614939000
1096.732752249291,537.8781503911973,961.72410,9617241000
1161.5947136801917,540.2594156551485,961.94570,9619457000
1161.3278187216818,556.8934197000355,962.18990,9621899000
1104.5624133286342,507.0128432279979,962.42610,9624261000
1033.3706263682989,490.28736129675144,962.65000,9626500000
947.5149550371657,501.2777203723289,962.87370,9628737000
884.534978711308,497.7681980980338,963.09990,9630999000
841.0577890424931,556.9695474019584,963.31820,9633182000
808.1258763200124,576.261528683696,963.54920,9635492000
816.9367081176199,607.9017400577688,963.79090,9637909000
882.0049815956,652.9230311861503,964.00910,9640091000
918.6325398309551,673.2976756312404,964.22850,9642285000
950.277497518535,697.2580508676016,964.46100,9644610000
1011.9818188674794,715.547339758513,964.69040,9646904000
1075.108838687409,696.9546908480839,964.91980,9649198000
1091.5998311813732,689.1330392144259,965.15480,9651548000
1008.4271522293532,635.8551090570913,965.39960,9653996000
958.8853117640814,581.6999189363208,965.61480,9656148000
932.8582056941575,565.5430292791641,965.84760,9658476000
891.3398625624944,559.0424396556223,966.06860,9660686000
850.889630796565,530.5194097116253,966.28830,9662883000
848.299544093356,538.1845513844954,966.51730,9665173000
884.903873234664,531.1372625871156,966.74490,9667449000
880.5133560304077,525.9050686064571,966.97140,9669714000
875.736588202437,504.9067006994384,967.20290,9672029000
854.6212340801449,479.3440888026017,967.42550,9674255000
835.0272037249939,429.1789320301601,967.65740,9676574000
833.7266954682557,433.9989634558226,967.87880,9678788000
840.0496628296914,502.6862904346878,968.11470,9681147000
833.595407662908,522.1549741867387,968.33940,9683394000
832.7723339555148,500.72761225970083,968.56560,9685656000
795.1192260972264,490.75787176152267,968.82740,9688274000
808.5044383506228,494.3128313289882,969.06430,9690643000
840.4292128191076,483.84612836311504,969.28620,9692862000
801.0773770895643,462.9122286811542,969.53650,9695365000
777.6871050355383,434.2644960333395,969.76040,9697604000
718.5241764916319,417.9355958295758,969.97130,9699713000
793.5963873118316,416.9076119950009,970.19310,9701931000
919.23658183476,356.24017419743086,970.42540,9704254000
901.7891155631706,439.9603405939415,970.65660,9706566000
839.5712753307155,477.9547954672529,970.89720,9708972000
775.9886125212698,496.5743102306648,971.13230,9711323000
704.3780078707167,471.8786593991824,971.36180,9713618000
671.5168167447589,494.9188203341183,971.59070,9715907000
648.0456267604969,523.208673714043,971.81430,9718143000
652.161522776045,574.4448525913548,972.04080,9720408000
622.4525746160352,593.2320533113875,972.26680,9722668000
640.2448299478525,595.2277719646796,972.49530,9724953000
705.166384371568,618.4797217678445,972.74450,9727445000
696.7183511235033,492.52546265243325,973.00420,9730042000
676.9149262218247,389.27779341535404,973.22940,9732294000
515.1373745955563,356.92271167891454,973.48500,9734850000
539.7028014039668,328.6298924040908,973.72430,9737243000
615.6570444362641,297.1769836437605,973.96120,9739612000
645.4003667231441,309.9806173291935,974.18680,9741868000
628.724386562348,326.2523589699514,974.45300,9744530000
631.3908717433491,328.0854503217136,974.68390,9746839000
663.0693775013393,369.6530385287474,974.91740,9749174000
685.8094731864358,437.92929625536266,975.17880,9751788000
676.8201669497895,472.2657366420919,975.40900,9754090000
700.9802111082047,505.85154656180714,975.64140,9756414000
686.3068270430924,521.8559693552351,975.87230,9758723000
633.3012788575456,531.7024078307116,976.08870,9760887000
615.8597876185593,521.3768490416455,976.29830,9762983000
663.3690326262766,469.3896255706639,976.51800,9765180000
699.0364908687549,454.90166075752023,976.76770,9767677000
702.2539861760324,420.4805917510022,977.02990,9770299000
637.2606397918166,296.6185104309055,977.29580,9772958000
648.3427633378273,221.34465505316626,977.52350,9775235000
634.7389326052665,185.17685037842946,977.76130,9777613000
673.6891464587711,174.7430019261438,977.99360,9779936000
769.0204460934427,149.35447799030902,978.23140,9782314000
750.3280717906896,121.34884025886444,978.45920,9784592000
651.7178171232567,146.01713635173542,978.68630,9786863000
504.35045381637906,106.57386704477865,978.91790,9789179000
580.9534809624097,40.259293170967126,979.14410,9791441000
679.704218304402,70.24756292349235,979.36950,9793695000
774.591185421413,71.33231302049634,979.59560,9795956000
909.3483346141084,94.99190987341532,979.81950,9798195000
1008.695918353119,97.42745822830801,980.05020,9800502000
1149.0041069783786,71.96440442308617,980.30400,9803040000
1015.2772605748631,100.54856006795617,980.55640,9805564000
974.1630051100656,265.3864096998857,980.77950,9807795000
980.7743773639024,294.3729172538133,981.00570,9810057000
890.9836391561248,248.1766091538643,981.22810,9812281000
836.2010328891384,223.76809203471498,981.46460,9814646000
845.9797433459257,209.08250298296807,981.69590,9816959000
851.9219548689539,213.4741950156361,981.91390,9819139000
895.1499994823029,170.83198136294732,982.14970,9821497000
981.4150727347836,156.229354772789,982.38420,9823842000
793.6012091407414,187.6971257193875,982.60710,9826071000
617.9573918463839,197.52713829643085,982.86070,9828607000
427.32962796834624,195.40415722079143,983.09150,9830915000
224.6011460014449,192.11583358145108,983.32300,9833230000
176.68902224123244,183.71170577398019,983.54530,9835453000
329.7699366834686,206.3645711135177,983.80000,9838000000
325.43152133283553,181.7595167182309,984.02300,9840230000
332.027761634864,223.3663757977051,984.24580,9842458000
508.49113304736073,294.49915327594175,984.47270,9844727000
582.8543372252814,342.6285459205999,984.70980,9847098000
526.8790431313093,452.26623413654494,984.94060,9849406000
387.6535466201969,402.4166675029186,985.16300,9851630000
340.0346112614493,358.6392608781932,985.40590,9854059000
321.1141699339352,338.97218216365957,985.64420,9856442000
274.1950630276499,298.49703257727157,985.86250,9858625000
256.52225280314735,275.1417024103613,986.08710,9860871000
289.5016008135842,282.0530340728409,986.30340,9863034000
354.9168797799471,282.62403433409656,986.52720,9865272000
382.79473613527244,304.8391247983683,986.78170,9867817000
391.50948721415705,305.62052378115845,987.02770,9870277000
497.24387664767505,273.37774322426475,987.25390,9872539000
598.6853472672883,334.78061574178463,987.48650,9874865000
652.8442775924079,427.9419129181898,987.71760,9877176000
730.8230542640779,476.5960674461927,987.95210,9879521000
772.899595026654,434.12342458213607,988.17100,9881710000
777.1682794659807,456.5946763229723,988.39710,9883971000
846.6352580807909,480.43330430430905,988.62060,9886206000
863.5280764575199,523.0852246259892,988.84170,9888417000
974.912737779554,589.1723931192496,989.08510,9890851000
1051.6000261467282,679.1869092604334,989.30120,9893012000
893.9080508495358,592.2116063348346,989.53630,9895363000
746.137568540462,553.4186172675888,989.77110,9897711000
640.4580317237338,496.69757223274405,989.99610,9899961000
571.0548387594147,406.3314396138341,990.21510,9902151000
600.9365583833163,288.74683841398274,990.43290,9904329000
561.8951175319486,265.2281277841026,990.65080,9906508000
465.6470286930902,240.1939964691137,990.86590,9908659000
444.38389012911585,292.8063795139019,991.08710,9910871000
374.5321847914463,324.9891783485639,991.31140,9913114000
296.41428640892576,347.072824411591,991.52940,9915294000
270.54764221842515,364.98971767221644,991.74900,9917490000
204.9915467730625,364.44791500190394,991.97510,9919751000
375.5015304367346,435.78284600941635,992.19940,9921994000
486.16307983767433,483.1536461691143,992.41360,9924136000
594.1310863499955,483.80786796544834,992.62950,9926295000
701.1362381206069,526.8260184202595,992.84280,9928428000
832.3033042755945,556.9088337028276,993.06310,9930631000
970.2689719686476,556.1287639073593,993.28930,9932893000
1079.6674895753615,583.3475693043654,993.51010,9935101000
1141.036368891265,602.5239039169194,993.73410,9937341000
1131.4750997557153,636.6706307731213,993.97310,9939731000
1143.4211264210644,631.444819024086,994.19280,9941928000
1122.6277945683323,666.0286632184791,994.42470,9944247000
1142.026140936181,680.4552043787874,994.64420,9946442000
1201.2376905291546,699.4317307542686,994.86200,9948620000
1222.6547389555037,668.1854438036186,995.07770,9950777000
1230.6611518527134,668.8348612502614,995.35870,9953587000
1172.8767664619666,690.6403314812871,995.58350,9955835000
1174.8153170240291,680.8809674231082,995.80690,9958069000
1163.3589099341111,683.6037529491415,996.03080,9960308000
1117.5091635226586,693.6324589907869,996.25560,9962556000
1082.1519112305828,719.6492388198454,996.48640,9964864000
1060.3595148931106,670.7492468945642,996.70990,9967099000
990.5562091362042,616.7449905270103,996.94950,9969495000
990.9767907159139,558.8850723262557,997.20840,9972084000
967.9063383028218,480.89090245470425,997.48780,9974878000
1048.3992549054994,534.520199345334,997.72850,9977285000
1052.999320199762,521.5679985760414,997.95870,9979587000
1073.137726157059,508.01768968868464,998.18330,9981833000
1067.9330002446807,513.8595680029451,998.40770,9984077000
1044.7814610295036,569.7052671592276,998.64750,9986475000
1041.8565788371598,607.8094443555872,998.86750,9988675000
1024.102506082766,607.2115274651476,999.09000,9990900000
1025.6963514610754,597.6730726006654,999.30750,9993075000
1007.3662749405015,605.7695706378661,999.53470,9995347000
941.379618792126,639.8319101842976,999.76450,9997645000
990.0778467003006,592.4936841532834,999.99260,9999926000
805.4197112776907,461.8323227643414,1000.22230,10002223000
691.1583935157612,404.9674808068609,1000.44230,10004423000
609.4184166746505,325.8875695070469,1000.67420,10006742000
652.764812077919,363.0746622978712,1000.89030,10008903000
726.1225309282441,429.8597752923321,1001.11770,10011177000
777.0805522438326,483.7019725405361,1001.33790,10013379000
846.4024435734775,520.5731679931893,1001.55860,10015586000
924.1213598292806,518.6540782321631,1001.77810,10017781000
1000.8494973449668,536.5319804933679,1001.99330,10019933000
1021.8158567846134,537.8676930824325,1002.20520,10022052000
1007.409908050629,513.6622725360872,1002.42770,10024277000
939.4265359987162,447.15793288846373,1002.65350,10026535000
903.7465256840521,432.62128674901015,1002.88610,10028861000
872.8967731041382,451.36868537549486,1003.10430,10031043000
843.4333041728568,492.22218254773554,1003.32590,10033259000
824.0210391805485,538.2971737665479,1003.56030,10035603000
790.2580606929221,551.1224873420451,1003.78270,10037827000
758.5973675907895,556.3903785947713,1004.00100,10040010000
745.0747341443234,549.6603870930733,1004.22930,10042293000
753.543827581273,522.3246525340089,1004.46210,10044621000
720.712509757929,509.6592475809497,1004.68800,10046880000
752.853041001696,502.17896632514237,1004.91480,10049148000
798.9500781900773,515.8271915627957,1005.12840,10051284000
796.6881151364273,503.05174053656646,1005.35620,10053562000
806.3086931639444,519.3710333122764,1005.57640,10055764000
803.0324772258198,521.3863091808759,1005.81440,10058144000
865.5684611935064,560.928059081436,1006.04170,10060417000
890.4235892684037,439.4618682388181,1006.28050,10062805000
755.2571266652424,384.1021704686359,1006.52730,10065273000
608.6490434378204,370.6242510929386,1006.74730,10067473000
471.8192318833251,404.4681157983098,1006.97030,10069703000
427.00710178821583,409.08903557594147,1007.19230,10071923000
469.7999551814744,348.72999253380544,1007.41540,10074154000
536.2523082689298,273.71120085353704,1007.63530,10076353000
572.0987066601377,206.48497520491475,1007.85020,10078502000
583.383653878525,140.34036250040936,1008.06230,10080623000
605.593785639322,154.87369521237207,1008.28000,10082800000
594.8570626975575,186.23387257005888,1008.49920,10084992000
624.7204065126876,187.84818869491596,1008.71990,10087199000
534.5595106882123,233.03851390412677,1008.95150,10089515000
533.3874973787424,276.43671262090805,1009.17250,10091725000
496.34825422526825,315.958786717462,1009.40600,10094060000
491.96741671770855,399.22620620421856,1009.63630,10096363000
549.5574477439635,407.52434650655823,1009.86610,10098661000
564.646129904032,365.7107291253122,1010.10440,10101044000
592.3984406911578,380.91983697056367,1010.33660,10103366000
601.8296112564842,347.44339121546795,1010.56160,10105616000
629.245224169193,326.6316597532636,1010.79020,10107902000
632.0814112598326,330.1272820923084,1011.00900,10110090000
640.3428223389463,311.2331730624539,1011.22890,10112289000
625.5695665281299,270.08824194697854,1011.45190,10114519000
719.9746932954398,245.93683055950567,1011.67070,10116707000
761.0038349238368,225.6195768054046,1011.88900,10118890000
721.8957991293302,248.60174046108864,1012.10940,10121094000
747.2324783960569,272.16523810861486,1012.33820,10123382000
833.0884351157732,252.6972151090094,1012.56180,10125618000
839.04441512316,235.12546066562288,1012.78260,10127826000
922.9582555465827,285.40699731307757,1013.00820,10130082000
989.9753793721426,297.52580745385217,1013.23100,10132310000
911.2447903359435,251.10804824769804,1013.44990,10134499000
942.7867071603898,268.8659269164534,1013.67460,10136746000
908.5408016493517,232.3551098795866,1013.91830,10139183000
959.4975676371406,332.2859675354324,1014.14180,10141418000
983.8425985686779,443.066657954276,1014.37820,10143782000
984.9205887611797,513.8991976719267,1014.60670,10146067000
977.1154971758355,446.989606578985,1014.85700,10148570000
1025.4085732548547,393.86310052604637,1015.07690,10150769000
923.6769203046691,311.4661767409256,1015.30180,10153018000
930.1549671821595,254.84114683055753,1015.52720,10155272000
888.0105797192361,206.7088462852367,1015.80840,10158084000
816.4660192822638,177.62775416882047,1016.03570,10160357000
675.9062863492729,219.48731659153785,1016.25770,10162577000
581.9650371495247,210.31576740761705,1016.47850,10164785000
623.9923283851138,400.88959375266177,1016.70030,10167003000
529.7827594909821,380.40893368681634,1016.93490,10169349000
468.0233593531399,303.51537878209206,1017.19760,10171976000
394.8837341316353,267.8050770468942,1017.42280,10174228000
346.7225243681617,240.6262235390448,1017.65480,10176548000
321.6067995103098,233.86156782647393,1017.88730,10178873000
309.28080668651546,191.16035154032943,1018.12070,10181207000
317.64785116036563,134.62418278163634,1018.36880,10183688000
337.0412584104594,84.17839942028954,1018.58900,10185890000
463.4046584422108,29.68821290274304,1018.80490,10188049000
527.7610121532056,-8.361030863012383,1019.02560,10190256000
660.1258932251251,16.749072726601746,1019.28970,10192897000
817.2544355151825,115.06469761679189,1019.51510,10195151000
966.1144532031517,258.43935816020416,1019.74090,10197409000
1050.5202768571369,391.22815549563484,1019.96950,10199695000
1070.8176408641136,518.543876618174,1020.19910,10201991000
1087.2799801666122,534.8410735567529,1020.43150,10204315000
948.9246006644175,556.7634115234937,1020.66380,10206638000
822.5817911412607,478.0315036383677,1020.89560,10208956000
713.0813989560795,383.47660261201383,1021.11130,10211113000
717.5349560186547,270.6949085706309,1021.33070,10213307000
700.8536773579549,205.65256046896917,1021.56030,10215603000
644.9232990105943,190.25535309166088,1021.78340,10217834000
604.8981382766356,191.77352392857307,1021.99980,10219998000
580.9453562866267,243.70071465196597,1022.22050,10222205000
629.3617100680265,284.72546274867994,1022.46230,10224623000
699.5321766075454,322.6505905641602,1022.68270,10226827000
803.9972233773732,405.0368950644218,1022.91460,10229146000
900.3633575343172,407.6003320938431,1023.13570,10231357000
993.3148687980007,494.91973632999856,1023.36350,10233635000
1019.7126166470375,558.2340148229773,1023.63960,10236396000
1139.978185544002,643.8994737547276,1023.87680,10238768000
1184.5070958091355,698.7376662325433,1024.09790,10240979000
1223.690803178418,751.5893981808998,1024.33730,10243373000
1166.0163368382803,719.7992964067151,1024.60400,10246040000
1113.0529791493082,719.7865710833851,1024.85150,10248515000
1070.314334524078,688.9198245649228,1025.07630,10250763000
1106.0007329142898,730.7850087391777,1025.30160,10253016000
1110.9789614100769,688.9004299178587,1025.53620,10255362000
1134.9433676610854,719.6425385028415,1025.78220,10257822000
1109.7536590693057,749.34688992057,1026.02910,10260291000
1065.8687526278547,778.1225708580765,1026.26070,10262607000
1022.7156312925327,801.1537539720432,1026.49130,10264913000
980.5365814105511,701.8569402780363,1026.72740,10267274000
889.4028515560569,579.6428285192087,1026.95510,10269551000
892.3084373138795,623.6950736601315,1027.17440,10271744000
927.55199961863,616.9828295839309,1027.39870,10273987000
956.8533082890767,538.601803788617,1027.62920,10276292000
950.5952469124564,480.9378172427057,1027.86230,10278623000
968.3807028035096,414.60143718250225,1028.09820,10280982000
946.6850575489643,365.6375580843684,1028.31590,10283159000
906.4757344003231,366.1777723936079,1028.55960,10285596000
957.1236263647756,448.63055499194644,1028.83400,10288340000
859.2101799398838,434.99029742427484,1029.04940,10290494000
851.9957363833385,406.36178929105114,1029.28680,10292868000
890.5440092411005,389.892178679308,1029.51520,10295152000
991.9285789271867,439.7904709390483,1029.77110,10297711000
1028.054532026546,458.7248768207272,1029.99720,10299972000
1070.2189367987867,547.606481350849,1030.22250,10302225000
1023.1128569853953,559.4466063965972,1030.45560,10304556000
1022.6531992699254,623.6165322228699,1030.66850,10306685000
959.0458633623646,633.8700053074506,1030.91150,10309115000
1007.3176381039691,652.1129847208529,1031.13200,10311320000
1009.2482168887365,661.0878328644116,1031.36010,10313601000
1024.5591035369814,635.232972278915,1031.58510,10315851000
1066.2001008724246,616.0512317743301,1031.80910,10318091000
1113.2783521776905,659.8026269052301,1032.05960,10320596000
1072.501697199227,658.3617359188389,1032.28730,10322873000
1000.401736005284,638.8049775015586,1032.51480,10325148000
923.0587035453669,542.3052465326068,1032.73830,10327383000
850.4632712314713,493.43791910143517,1032.96150,10329615000
788.6365841323648,446.7416483418101,1033.18820,10331882000
733.7924192629168,393.9107653243482,1033.41390,10334139000
651.2377211024404,387.16055696160686,1033.63720,10336372000
548.9544364692134,407.04145732259565,1033.86840,10338684000
523.6430134975456,401.60933421051607,1034.09590,10340959000
535.7494664878384,402.2058662969204,1034.31520,10343152000
550.9750302722907,389.94738587783377,1034.55090,10345509000
518.3939791699562,410.47444876224154,1034.77870,10347787000
604.9795872741549,415.68634920878014,1035.01240,10350124000
671.9979952272828,361.7835734762325,1035.24860,10352486000
785.5781230691402,340.1227830647974,1035.47250,10354725000
842.3879002444119,359.2537476971704,1035.69310,10356931000
914.7031587616611,333.90823668134186,1035.91410,10359141000
945.6076573551018,352.63579187962205,1036.14100,10361410000
939.6889041116533,467.4690794418394,1036.36210,10363621000
875.763341359312,520.3223026060347,1036.58600,10365860000
779.3712542262735,537.0089309255586,1036.80830,10368083000
648.7718149438393,470.42931050265724,1037.06770,10370677000
603.7245564192785,473.89441190078566,1037.29420,10372942000
603.6950765698972,441.22691141449866,1037.51980,10375198000
631.2998115114078,443.29914395260124,1037.74720,10377472000
807.0428620110387,494.1167087261906,1037.99270,10379927000
955.0092142912007,538.6848008957616,1038.21470,10382147000
1036.3463569739474,563.9845377987133,1038.43940,10384394000
1144.877411419337,636.9191848408617,1038.66500,10386650000
1031.5322770502473,604.8785231935799,1038.89740,10388974000
906.4097093920741,581.8110318972781,1039.11830,10391183000
883.2033941610767,643.2135711438826,1039.34110,10393411000
692.9680346408629,582.0824160200881,1039.56630,10395663000
562.9886787396947,525.0479685344217,1039.79190,10397919000
472.2617302674357,488.5264608875828,1040.01300,10400130000
428.6459118135873,448.2522277144153,1040.24790,10402479000
479.5135790059014,405.07549862153155,1040.46680,10404668000
567.3798294528958,391.8917316985709,1040.68790,10406879000
545.4838840115953,345.02905241311305,1040.92440,10409244000
736.2540888387736,412.0931730135946,1041.14420,10411442000
828.3745585175095,478.09225430679976,1041.36850,10413685000
968.4269371191557,527.5468897079109,1041.60990,10416099000
1026.4656168512258,623.1835028600989,1041.86020,10418602000
1014.688993601101,648.4109032561232,1042.08720,10420872000
1020.0010268345097,667.8202258294539,1042.30640,10423064000
1028.247153838899,704.2292495871644,1042.53110,10425311000
992.9343124302051,725.3173388652771,1042.74490,10427449000
1053.1687380379635,727.1291583854063,1042.96950,10429695000
1095.9871890579482,708.1673639352376,1043.20040,10432004000
1116.2330398922854,682.1327479719649,1043.43580,10434358000
1091.341239718925,652.8527388195496,1043.66500,10436650000
1130.0182851686207,551.1004890472615,1043.89020,10438902000
1105.30525366194,488.88598919289456,1044.12220,10441222000
1040.5034420044071,452.10684770493333,1044.34380,10443438000
1002.3467552794579,345.13193257565246,1044.56540,10445654000
994.4691289430154,334.4896299010247,1044.79450,10447945000
971.9320534658768,313.7236674469679,1045.02600,10450260000
937.7934297799939,323.1876704911606,1045.25980,10452598000
925.7732537933631,365.4899016458408,1045.48730,10454873000
885.9054410992823,389.23374711698744,1045.70760,10457076000
934.4007448785699,355.7704120448514,1045.93440,10459344000
926.8480749542123,369.08978233217294,1046.20050,10462005000
928.4083343105132,412.9186050732147,1046.42760,10464276000
902.4112497932118,468.6412520941807,1046.65540,10466554000
873.7970146429301,416.33830129353714,1046.89040,10468904000
899.3240451707093,405.52124738360294,1047.11790,10471179000
872.5509654401857,365.03737147865576,1047.34770,10473477000
874.2420178533878,436.3827189801524,1047.56260,10475626000
857.3021250934403,425.72091365196104,1047.78970,10477897000
851.565572019354,493.18326030593465,1048.01040,10480104000
807.3588364017522,521.5635380140166,1048.23050,10482305000
763.63837824942,524.5047969883235,1048.45520,10484552000
738.9987374332263,561.2841374056529,1048.70660,10487066000
762.7560060972265,594.3015020953169,1048.92490,10489249000
674.9138254489545,557.2299935255697,1049.18570,10491857000
684.6307192156653,560.0095205358498,1049.42800,10494280000
655.2783656324077,508.36015224025067,1049.66800,10496680000
660.4526332940836,548.2366010794472,1049.89650,10498965000
560.3635527666494,513.5731774918304,1050.12130,10501213000
456.46581919150987,493.9102392968244,1050.35840,10503584000
364.35281167170217,507.57760955660996,1050.62330,10506233000
334.29572822560914,484.21429964724837,1050.84100,10508410000
301.8534437991968,439.55675118376837,1051.06680,10510668000
332.504872700664,420.89131257413595,1051.29930,10512993000
412.3798323254671,390.984088208325,1051.55340,10515534000
509.28555540221396,397.98952525299677,1051.82890,10518289000
479.529903045922,406.8484967228182,1052.06080,10520608000
533.6182063234037,441.0017738863067,1052.29680,10522968000
676.5233171379364,489.51510004706375,1052.53160,10525316000
775.9217721612625,464.4601926664101,1052.76390,10527639000
891.4970116961584,438.30886211442777,1052.99570,10529957000
942.115812796412,407.03932540780255,1053.21380,10532138000
1012.3560843766722,423.96649989397804,1053.47950,10534795000
978.3350525258293,474.4928453806008,1053.70240,10537024000
984.1020321993548,490.8816394263675,1053.95760,10539576000
776.2561796302982,486.75796840002624,1054.24680,10542468000
736.5382526879068,458.97878512295136,1054.49740,10544974000
776.8395939492219,490.0490125048764,1054.76940,10547694000
854.6509000702354,513.0706792804814,1055.00660,10550066000
855.6998265688568,466.43175455473624,1055.24360,10552436000
872.8724262367529,440.6147853815526,1055.48850,10554885000
831.4253012130154,484.44944654057497,1055.72010,10557201000
838.6913589463135,537.9269472177077,1055.95440,10559544000
863.9112863051948,623.3842958455649,1056.18450,10561845000
851.7123761720594,666.3340308051818,1056.43580,10564358000
789.8025150622835,685.7507588915381,1056.66140,10566614000
780.4404622422228,685.589859636826,1056.88580,10568858000
717.6685416324909,663.3848750170501,1057.11110,10571111000
713.1948104690481,607.9341124442104,1057.33300,10573330000
779.1221280248584,616.2871422354649,1057.55670,10575567000
771.2359171646663,621.1653631333459,1057.78980,10577898000
781.96493361753,592.385456781024,1058.01070,10580107000
805.225204913528,582.0935252963818,1058.24530,10582453000
879.7449793255214,526.3106981057797,1058.47880,10584788000
932.00656393853,582.5127269926279,1058.70270,10587027000
1011.7734706493131,573.0709292434451,1058.93150,10589315000
1087.0541443999412,620.0295795451653,1059.18770,10591877000
1082.9135237297473,655.6771424238848,1059.41510,10594151000
1054.966819240948,599.7522334513133,1059.63620,10596362000
1080.482618848357,568.8601529911025,1059.86060,10598606000
1074.4288970863954,519.2775090351981,1060.08490,10600849000
1128.0951925691697,525.5234741984774,1060.31430,10603143000
1162.593991917807,530.0018090874265,1060.53110,10605311000
1139.3581454442385,497.347520877961,1060.75070,10607507000
1136.9919880479538,536.0260630750874,1060.97180,10609718000
1124.127272518208,513.03302961777,1061.19760,10611976000
1126.7529230289977,524.7208317195584,1061.42170,10614217000
1093.8047930828516,554.4483850417017,1061.64120,10616412000
1075.7639510221452,482.7409648337286,1061.89130,10618913000
1072.1552849642674,486.5156172918934,1062.11760,10621176000
1107.6020374319237,483.9830835534726,1062.34710,10623471000
1114.0126940342818,496.27869255247833,1062.57640,10625764000
1052.2029293546982,523.9741322515708,1062.80430,10628043000
952.0005589794424,515.7569735159292,1063.03080,10630308000
856.1478281474454,555.5186653864924,1063.25990,10632599000
882.331045711016,601.4107220219595,1063.49040,10634904000
944.9723193479111,630.6331000791408,1063.71600,10637160000
963.5666357909981,640.8157303735138,1063.94170,10639417000
978.0869922679051,661.73650321572,1064.16980,10641698000
931.0876435367086,534.820493782973,1064.40500,10644050000
911.8066676926883,512.4304841290183,1064.63540,10646354000
860.3120805583121,492.8309754165721,1064.88130,10648813000
797.8335856759384,451.5296854432979,1065.10800,10651080000
849.9832213327052,435.405981666523,1065.33230,10653323000
898.2747312211194,443.2981314165718,1065.55960,10655596000
931.2713208853485,386.5587883113998,1065.79480,10657948000
903.6542072672362,402.2063185417593,1066.02240,10660224000
914.4579932987738,418.903356937475,1066.24840,10662484000
944.8205377214944,413.9266055427277,1066.47410,10664741000
959.9211888431182,461.989661470084,1066.69780,10666978000
1034.029164596384,559.5231761060646,1066.92680,10669268000
1043.7425338913936,606.0280219948003,1067.14640,10671464000
931.8704722344382,623.7346313493874,1067.37530,10673753000
939.2222133906635,644.1697377046161,1067.59580,10675958000
923.40079133888,634.5045953975356,1067.82280,10678228000
928.5191575462796,637.1854737338793,1068.04620,10680462000
845.6690714367521,643.0047095891935,1068.28430,10682843000
796.2354351034535,666.3596230728152,1068.50820,10685082000
870.7840462534995,691.3991102955471,1068.73780,10687378000
773.6180963077084,596.2396336326676,1068.96760,10689676000
790.867129120705,576.4251861178241,1069.19970,10691997000
686.025956625156,564.9534521205093,1069.43670,10694367000
776.9747932079856,567.4314113902392,1069.66700,10696670000
845.6203616580111,593.9327639050441,1069.90470,10699047000
975.7397069780015,558.5441364959682,1070.13820,10701382000
985.0948864514133,537.29182405863,1070.36630,10703663000
1043.2572941390008,480.24641372113706,1070.59130,10705913000
958.5967549657116,420.2717313636895,1070.81690,10708169000
840.075840705311,399.2162743615281,1071.03870,10710387000
656.9467138872446,328.2562738754855,1071.26300,10712630000
688.5355512005237,278.72445012721596,1071.48540,10714854000
690.1713834245852,288.54972788009303,1071.70590,10717059000
731.1450133126132,314.89299519344803,1071.96220,10719622000
790.4287542795695,364.5124220539472,1072.18660,10721866000
692.2556707071628,431.9884291669478,1072.40110,10724011000
674.4183160209267,481.8316418988079,1072.61580,10726158000
785.1326963585818,541.8476881748268,1072.83150,10728315000
845.7602017854433,579.1081364180245,1073.08520,10730852000
825.8000136832643,473.7015987556339,1073.31210,10733121000
858.3194336711472,452.4116385082507,1073.54640,10735464000
891.2279369162897,396.93619143184924,1073.77490,10737749000
890.7917240361274,394.4519082221722,1073.99960,10739996000
872.3642042076034,401.8074619377776,1074.22060,10742206000
877.3614148965052,434.67819255557566,1074.44510,10744451000
783.1746320756338,492.3698320301629,1074.67730,10746773000
756.7757261983396,559.5063645308867,1074.91080,10749108000
705.436889281057,612.489824115774,1075.13150,10751315000
779.5071836325733,561.8915850455056,1075.39220,10753922000
1040.4297152404329,462.15908091587755,1075.63050,10756305000
1157.658985226108,423.71227987292923,1075.85370,10758537000
1144.6000392000167,394.492892239633,1076.08110,10760811000
984.0894469902385,346.4603336816568,1076.31260,10763126000
787.7460146069732,347.66446356132826,1076.53720,10765372000
666.6626674603352,273.537263919784,1076.76160,10767616000
675.849478777558,263.02526538927395,1076.98510,10769851000
708.2048106140817,331.66299662318283,1077.20950,10772095000
757.641809743388,335.96297292714905,1077.43750,10774375000
564.314164405197,304.1858190626916,1077.66500,10776650000
491.90171482640346,335.2223550590924,1077.88250,10778825000
386.40368778341997,309.1101632421852,1078.13010,10781301000
335.8119989029478,298.3631060898139,1078.35850,10783585000
326.14838853773347,290.58120066073883,1078.58860,10785886000
449.39280832970934,419.1182955309873,1078.81680,10788168000
427.36026334095146,409.92068289406023,1079.06910,10790691000
379.73632542952595,348.59264615120935,1079.30620,10793062000
358.02428838988226,277.607874191685,1079.54970,10795497000
322.68148511165464,227.87854345022663,1079.80050,10798005000
270.2074484390369,174.36587991545665,1080.02430,10800243000
283.44909504258857,186.58917140464362,1080.24280,10802428000
331.0200435681488,169.9781892954769,1080.47590,10804759000
359.67131764571207,152.5999757373623,1080.70170,10807017000
426.00187999634744,112.0429504439344,1080.92430,10809243000
482.8349953927665,179.24068720890511,1081.15800,10811580000
511.2582512263512,237.1397807032343,1081.38230,10813823000
584.0054030383163,261.5625690433966,1081.62610,10816261000
594.7064068762902,264.00874070214985,1081.85190,10818519000
619.2110059820224,230.1245674006094,1082.07920,10820792000
688.9091915807803,250.73393666792208,1082.31900,10823190000
734.4257355729393,248.7083448159328,1082.54080,10825408000
721.1545316112637,316.85192081912504,1082.77340,10827734000
645.3349410334126,281.4031895271903,1082.99860,10829986000
648.2329142715721,263.2931757951124,1083.21420,10832142000
698.8147218160055,277.21169989331617,1083.43710,10834371000
743.9827167264074,249.1233636335234,1083.65620,10836562000
756.0962772171011,295.0365623769981,1083.90590,10839059000
801.8918938776352,328.22276078524465,1084.12190,10841219000
663.400906419293,320.99619965175475,1084.34920,10843492000
599.1567492378247,312.1884164715316,1084.57760,10845776000
583.742564273703,250.24097592925452,1084.79390,10847939000
599.9020139522693,217.72260703373766,1085.05250,10850525000
589.5795525464863,190.67438902293523,1085.27320,10852732000
478.2764003320717,174.49462958591798,1085.49220,10854922000
390.84143110294417,273.85116793218685,1085.72160,10857216000
362.60939692051454,311.83753724012405,1085.94700,10859470000
353.0675640335333,304.91795143953516,1086.18400,10861840000
309.33759668672764,269.4613429030211,1086.40460,10864046000
265.46896993541384,272.8361907474333,1086.62730,10866273000
243.45386314751647,246.3379469941364,1086.84460,10868446000
269.54202168107867,279.4575750970306,1087.07150,10870715000
272.2090291527626,278.1361943929678,1087.29660,10872966000
439.29372203399873,329.88939397347616,1087.51870,10875187000
560.6735458717865,232.357798821242,1087.74560,10877456000
712.0266787657561,219.0751551457958,1087.99420,10879942000
894.2890881031462,224.77959371557588,1088.21630,10882163000
954.1413142337457,215.06396800594067,1088.48250,10884825000
952.6323130919658,200.1243367841843,1088.70880,10887088000
951.1483927390952,164.8450218351794,1088.93230,10889323000
919.1429982518872,158.74591348066315,1089.15400,10891540000
944.8529187145349,158.81320228887563,1089.40010,10894001000
958.6612475318893,158.00510245316656,1089.66960,10896696000
948.8917693853996,140.30037418524938,1089.91200,10899120000
916.790290528533,149.96454643651037,1090.14060,10901406000
883.6565246472944,154.79160023457035,1090.36240,10903624000
852.1686071937773,152.5651957401767,1090.59410,10905941000
847.2465054971111,171.89255562518557,1090.82380,10908238000
859.0372533532236,159.50775751658423,1091.05050,10910505000
881.2307150860149,153.00189734516215,1091.28740,10912874000
858.9569187297983,172.62676512921217,1091.51190,10915119000
836.2427271036563,140.72375949119973,1091.74640,10917464000
827.4995436855396,119.59464513472128,1091.96620,10919662000
873.441955923855,113.66484561526639,1092.19150,10921915000
858.6741533704719,101.30569441764868,1092.41780,10924178000
864.2267724070625,59.64401807777047,1092.63740,10926374000
861.2026682661407,79.79645007584892,1092.85630,10928563000
842.9652933877788,97.32151158203696,1093.11420,10931142000
849.0459643443583,95.82670653554129,1093.32760,10933276000
876.6520213785915,87.41736527841915,1093.56160,10935616000
828.2028863987529,86.6969057230661,1093.81840,10938184000
798.6394593910802,71.3932202514787,1094.03710,10940371000
779.99396694612,91.26514583490429,1094.25120,10942512000
747.2423357090798,57.48076326263464,1094.47070,10944707000
775.9629152382519,62.45358659001445,1094.68510,10946851000
790.3287889774364,56.945752548651015,1094.90410,10949041000
661.1822326915521,84.99470184258418,1095.12030,10951203000
674.8107864029577,77.1962476625959,1095.34710,10953471000
747.5492039770819,98.04042351232003,1095.57360,10955736000
830.9246171304612,120.3341364413669,1095.79480,10957948000
970.7639449254829,88.52564163947443,1096.01860,10960186000
1053.4870358619157,102.77581297066139,1096.24580,10962458000
1160.8304979792729,121.73507395738127,1096.47190,10964719000
1210.9903749827024,119.84769188463743,1096.71250,10967125000
1300.3438307261663,152.81827050112804,1096.93380,10969338000
1402.8255810312544,178.62425383849467,1097.16050,10971605000
1504.2572116205108,217.47008229164427,1097.38830,10973883000
1349.3250541682437,165.0250406570931,1097.61980,10976198000
1177.8478209833324,189.17935964377762,1097.85260,10978526000
1142.643921333962,217.5598212407731,1098.07360,10980736000
1114.2196199122423,219.3669703410348,1098.30050,10983005000
1119.9475010499432,205.82426303640256,1098.52120,10985212000
1145.7184257693666,183.04951231685502,1098.74090,10987409000
1222.3414133959184,158.83563722518733,1098.96540,10989654000
1246.667695795641,216.85212349922068,1099.19480,10991948000
1219.7415314310424,187.12455854431758,1099.41660,10994166000
1248.4851800301774,171.2976537609565,1099.63990,10996399000
1260.5882905556248,166.59757497742265,1099.86680,10998668000
1271.5306324523665,192.58406389692297,1100.09140,11000914000
1201.6331929781938,182.4229994463073,1100.31370,11003137000
1178.6965280400002,153.10276217165045,1100.53280,11005328000
1181.080689989588,121.84170565199007,1100.75970,11007597000
1301.930678390782,135.4994289954093,1100.98140,11009814000
1348.2704064084237,180.47411295726636,1101.20200,11012020000
1398.7834071965178,221.6027685104795,1101.42050,11014205000
1450.7471009937808,276.6777652812887,1101.64390,11016439000
1528.5522823906745,323.3280851631562,1101.86620,11018662000
1605.6141515281613,338.2115773807108,1102.08910,11020891000
1685.9243121743693,317.45133350029585,1102.31210,11023121000
1727.2121883753287,320.9218036955584,1102.53570,11025357000
1795.406282454622,323.9476868375349,1102.76990,11027699000
1840.262277301558,306.08682710433817,1102.99390,11029939000
1840.8427504231306,279.5191936138163,1103.21210,11032121000
1790.5294650034268,283.7194537784591,1103.43260,11034326000
1789.384449633657,289.24239136686293,1103.66460,11036646000
1769.5703640092618,263.385920332214,1103.88420,11038842000
1712.6574034148764,261.30338653337463,1104.15220,11041522000
1756.330095824211,261.5859679124631,1104.40730,11044073000
1755.6350080095501,266.75987541754165,1104.64320,11046432000
1712.6580915850207,294.63583767847445,1104.86080,11048608000
1680.5338228792668,238.83617405923556,1105.08060,11050806000
1671.090134320644,243.07242950631925,1105.32270,11053227000
1728.0872056426495,275.5336291947174,1105.54870,11055487000
1683.0599348091894,368.4681106377076,1105.79000,11057900000
1681.653710864393,337.62262171205384,1106.02320,11060232000
1598.566050393208,334.53722700779855,1106.28610,11062861000
1453.0899532280364,255.06913361760598,1106.50320,11065032000
1214.330564689902,213.98587333872425,1106.72370,11067237000
898.4889702645014,207.7764208629807,1106.94940,11069494000
710.8561541279573,214.5262909945518,1107.16760,11071676000
540.9197743429961,234.81839479506948,1107.39440,11073944000
445.29569022352945,249.57493216820126,1107.62440,11076244000
453.5364784970985,226.6905449955228,1107.84180,11078418000
458.5045489764948,236.92569975949567,1108.05900,11080590000
511.6516660983142,195.33501963791812,1108.32370,11083237000
733.7852157758973,200.78475225629114,1108.58240,11085824000
967.1603368816254,190.61915297625106,1108.80140,11088014000
1154.4780204360673,164.332803276258,1109.02520,11090252000
1276.1006624753693,194.5551057660668,1109.25000,11092500000
1392.665893133757,232.8399531718026,1109.46270,11094627000
1510.9405466616754,275.7333155559071,1109.68430,11096843000
1586.1874466122013,238.6060700794361,1109.90250,11099025000
1633.1115463773842,253.1700586180517,1110.12580,11101258000
1656.44183960062,199.91070947131112,1110.34770,11103477000
1469.3619444231479,369.0907455721241,1110.56800,11105680000
1505.4221080513105,349.60746065067366,1110.79760,11107976000
1546.4218634833924,295.3084956170386,1111.02200,11110220000
1662.614693592432,265.4997872474547,1111.24090,11112409000
1747.2089596170877,245.3865546794789,1111.46850,11114685000
1751.6356610068322,245.35455738463153,1111.69340,11116934000
1794.2354649396343,273.9796720363074,1111.91780,11119178000
1761.6723592584992,295.2385582103296,1112.15350,11121535000
