x,y,TIME(2025/03/08 12:41:03.128),TIMETICK(f=10000000)
827.5783406554553,459.7180597592529,0.00000,0
846.2384829629435,423.05494646102045,0.22430,2243000
766.726039285878,419.4397543690458,0.47570,4757000
691.0196677680538,459.40651633514744,0.70850,7085000
600.4876866667572,443.1710050501257,0.95920,9592000
558.856113405484,486.97430278068543,1.18540,11854000
539.7776319322112,489.6964748321726,1.41280,14128000
512.7884886234046,393.11089879796816,1.64160,16416000
383.0174358045755,300.33675218495017,1.88080,18808000
408.40365812072827,301.756448606311,2.10320,21032000
442.50352736384275,277.583822708214,2.32800,23280000
491.4316669642631,250.07864873543417,2.55200,25520000
575.6026807925555,213.53466342307794,2.77530,27753000
689.2660390772829,169.68928435421452,2.99920,29992000
758.2922423603789,160.72181272949587,3.23780,32378000
795.8420369227216,155.30887443582932,3.46470,34647000
838.749716936314,127.22832052848467,3.69530,36953000
854.6057989154435,81.1328227815633,3.91500,39150000
873.1174646621322,98.35669379500592,4.13600,41360000
847.5369552365567,118.5110066386476,4.35350,43535000
891.4161367782707,122.36721331381156,4.58660,45866000
924.0308125304016,117.19601895677509,4.81190,48119000
952.659951880956,87.83198065577226,5.03350,50335000
961.2384748399124,213.1641975492145,5.25530,52553000
940.3913573264842,258.85322249056685,5.47980,54798000
906.0561189799676,338.14394292068414,5.69630,56963000
891.3438481443025,354.8040576034908,5.91640,59164000
871.3888503852635,448.50098715695276,6.13200,61320000
873.5359816792575,492.382119902755,6.35800,63580000
867.6683750332368,539.0385750310745,6.58270,65827000
879.5691741546292,612.7405060364424,6.80520,68052000
884.7073890591026,728.0794755891244,7.03560,70356000
1004.8139131465625,871.1205122933619,7.26420,72642000
996.98761319787,879.438515830688,7.49980,74998000
965.047198862227,808.0947418703228,7.73190,77319000
681.1925089466617,760.3213861932377,7.95370,79537000
503.04801838794685,689.2353178811486,8.18210,81821000
348.52756853113914,653.184334199017,8.40750,84075000
300.778091756171,556.6835170817235,8.62460,86246000
179.24277775346053,503.02575930615586,8.85960,88596000
157.6304473084439,430.16609458114897,9.09080,90908000
143.3434533621178,348.7644251586578,9.34650,93465000
171.26046645514816,356.0394090121278,9.57440,95744000
220.2721606959073,354.8312615643123,9.80070,98007000
240.1885648990935,338.89900778547377,10.07680,100768000
230.87411818056452,386.6789396991394,10.30410,103041000
198.4475430147718,344.7922436450302,10.54310,105431000
231.70575793661177,351.1150453523274,10.77670,107767000
213.93127986202654,300.77478434125123,11.01030,110103000
248.65217821202737,285.6299813035987,11.26450,112645000
444.7754395942083,260.9884693418747,11.49100,114910000
542.485112338072,250.720324400771,11.71380,117138000
539.2125031206239,241.26254941895598,11.93960,119396000
659.5242059186409,273.17125271966864,12.16330,121633000
733.7273766801973,288.54179698071994,12.44090,124409000
803.825469588047,323.31870768618535,12.69980,126998000
871.9919846793625,322.87714507425017,12.92290,129229000
963.5188347642554,320.6050352747586,13.13890,131389000
990.8570177573906,314.4385611485963,13.36510,133651000
1005.1232109794283,291.3974705840712,13.58600,135860000
1094.4011358146845,336.56026258402187,13.87710,138771000
1116.2131043314391,303.7161589262607,14.14640,141464000
992.0403888269811,330.13771286989964,14.37200,143720000
879.1129778538892,379.8067075447216,14.60460,146046000
762.9823383473522,394.836704227071,14.82920,148292000
720.5026337978321,330.67288521658725,15.07640,150764000
761.2244360310567,309.5403085534083,15.31420,153142000
800.896014281875,271.2831463998176,15.53760,155376000
826.8782015498325,234.77353159799443,15.75790,157579000
846.3962928430907,284.60323278165913,15.97680,159768000
812.5600934904996,285.53848859234245,16.18770,161877000
713.6975291795633,294.09082744732575,16.40970,164097000
664.1089221675198,337.8273413332079,16.63620,166362000
734.4794131652297,369.1374102319285,16.86490,168649000
790.3966620329496,357.190251307903,17.08320,170832000
768.8765554621154,309.34274075708504,17.30740,173074000
811.8440115413594,245.7336023983835,17.52640,175264000
972.5844263240765,347.6142711398099,17.75390,177539000
1061.2581693615543,314.30902050277626,17.98130,179813000
1191.5147087241428,320.9435275581799,18.20690,182069000
1263.4556533087707,402.75927699853355,18.43360,184336000
1320.9025975619045,383.4823345590428,18.65040,186504000
1389.244642483204,406.19253589770506,18.87390,188739000
1387.5025773927973,443.9439669821769,19.09660,190966000
1429.8688973315968,386.9287422541654,19.31920,193192000
1417.5551226453404,378.70904995354005,19.54770,195477000
1387.3888456407228,392.5045121126543,19.77870,197787000
1390.954238483964,339.89389055915456,20.00710,200071000
1413.1003415617563,291.3529347324526,20.22390,202239000
1460.3538953476832,332.8096599322975,20.45100,204510000
1529.5106137693742,299.18627203559134,20.67410,206741000
1603.282801452784,315.21857603901526,20.89840,208984000
1667.710460827786,353.0348547957664,21.12320,211232000
1690.278862951601,305.3185670465999,21.35430,213543000
1670.8283903046986,202.23871652472758,21.58070,215807000
1659.461281367427,296.3436908926788,21.81420,218142000
1619.5988746571347,243.81769888292234,22.04610,220461000
1679.2478622959684,295.28960078103154,22.26680,222668000
1410.2714554143997,302.00222336711255,22.48360,224836000
1129.7169635212001,256.53143332262005,22.71410,227141000
924.0698489057021,298.7409076765398,22.96330,229633000
721.564630035695,303.1903496245207,23.18170,231817000
643.2588778927969,287.5359188500215,23.39390,233939000
463.95537430655475,326.1782281667765,23.61820,236182000
324.2985466366788,207.37697284775544,23.84920,238492000
290.1287145473408,177.31315828443357,24.07040,240704000
356.59923839728003,210.9017515367732,24.29220,242922000
429.00332952876,190.51657172470425,24.51810,245181000
497.8341900182704,216.3159544809037,24.74010,247401000
560.5774187405711,170.07514847995822,24.96210,249621000
582.0377197732223,139.71159549192356,25.19490,251949000
577.7321412718595,114.90449585695475,25.41920,254192000
652.6213715371944,95.9283109146965,25.64880,256488000
706.9837442689088,140.19156348971694,25.88290,258829000
714.6691558091544,168.9088612798217,26.12030,261203000
766.3011605776206,212.6992315451813,26.35770,263577000
827.0404236567202,172.9041760941569,26.58880,265888000
849.2506980764638,119.12715639276706,26.84490,268449000
940.7931459570704,106.83313732304451,27.08520,270852000
974.8000495591197,66.30088742405134,27.31860,273186000
1011.0654156457906,74.30939454610869,27.54710,275471000
1056.5537677755453,146.0839314980129,27.77090,277709000
1134.424969625813,157.83082234991613,27.98740,279874000
1185.1780345881891,162.68650786775257,28.21110,282111000
1201.68606606098,174.33371665780766,28.42850,284285000
1011.2161720548432,218.68013309682192,28.64870,286487000
847.824996624868,282.8293457814622,28.86900,288690000
696.4186044699906,349.79017294784285,29.08410,290841000
600.9609976170569,331.34061140137663,29.31250,293125000
496.90391879846345,331.07298382635685,29.53180,295318000
377.0385539134168,309.06319582067005,29.75140,297514000
292.8223829976945,216.03282755304323,29.97580,299758000
326.59851622643305,281.5583921316675,30.19920,301992000
399.20198148158516,309.3105191791592,30.41640,304164000
578.4397352609212,352.17497905436517,30.64400,306440000
683.912351810433,383.43090986200804,30.86750,308675000
742.9482554708466,413.6658168598363,31.08450,310845000
747.074877994423,388.0404572391232,31.31220,313122000
841.1686151779716,426.1953418468774,31.53730,315373000
915.7079216431213,455.9805702118987,31.75830,317583000
966.8449861490319,505.4276023374038,31.98100,319810000
1033.4487864544317,532.6188540252572,32.21300,322130000
1073.1709805330502,529.8904864067042,32.44550,324455000
1108.9382376055232,515.0020791109563,32.66470,326647000
1114.4407362777004,524.7681406600556,32.88130,328813000
1039.1054400403937,559.7385797228842,33.10160,331016000
1043.274864886335,518.8489017711336,33.32190,333219000
948.8856679967847,509.42645379793544,33.54900,335490000
895.2884943630786,519.3554833184752,33.78230,337823000
819.8862478778829,543.1522802283491,34.01090,340109000
712.7229098441921,536.2620812018754,34.24110,342411000
717.1064321756767,487.02129355476654,34.47990,344799000
662.6136009702946,537.6194759468071,34.70010,347001000
714.757795337475,477.47362863399735,34.92820,349282000
728.9976357356878,468.0786698442126,35.15260,351526000
762.4850106194664,475.46341150299236,35.42780,354278000
817.5459601682694,472.8620158919243,35.65140,356514000
856.9173971445387,476.48283189896125,35.88280,358828000
942.898897066166,495.07001457245366,36.15560,361556000
934.9325248843984,503.76005287098224,36.38810,363881000
940.0164056056828,472.0202446692011,36.64860,366486000
942.2786927297906,435.62156333512013,36.92880,369288000
928.4570747806916,409.44856916785614,37.15180,371518000
946.9708648366369,362.96092612308746,37.40570,374057000
1008.8607539643943,364.42134027663786,37.63960,376396000
1048.3049786567058,364.3237715364374,37.86230,378623000
1096.3199140765407,356.3228182485204,38.09010,380901000
1090.7974742532522,344.7797558335127,38.31490,383149000
1052.9200679581872,310.7998145780622,38.54060,385406000
1026.7951086475728,250.6910149987171,38.79100,387910000
1027.8773914853343,281.563856510172,39.01890,390189000
1000.9068547825666,262.565617892276,39.30000,393000000
1020.0536987859911,309.95197466710533,39.52200,395220000
1060.1048487602736,339.2712879263238,39.79300,397930000
1119.1787222244504,387.78256285986413,40.06420,400642000
1113.187956850055,407.7960511331939,40.29400,402940000
1097.3620894838177,416.37665990200014,40.53080,405308000
1130.0878407728385,409.7927052987081,40.78640,407864000
1131.8142373309631,389.28516303966467,41.02370,410237000
1119.6060116309407,371.86710402870216,41.25760,412576000
1093.1140472002633,398.10676339465397,41.47700,414770000
1078.6847510375208,358.1561760788683,41.73000,417300000
1135.277498949719,375.60247250179935,41.96630,419663000
1201.487508581187,413.26593748985016,42.21010,422101000
1213.6642740486568,414.11701405831803,42.43490,424349000
1163.2240458535825,432.244963570638,42.65050,426505000
1139.463544860028,454.4134115336267,42.86630,428663000
1096.589208264319,471.4207294322579,43.09440,430944000
1058.9118050570285,490.0665681071572,43.32430,433243000
1010.7023180435244,500.8153272192819,43.54930,435493000
972.1505681717279,491.36532510872166,43.77890,437789000
899.531829061486,418.69799547354154,44.00080,440008000
927.3699049327793,516.9473526092065,44.23080,442308000
798.1011797303651,514.5289872321857,44.46930,444693000
701.8515118362918,455.69090123066155,44.69370,446937000
573.5083212374187,430.52625061688155,44.91720,449172000
450.5776731973697,452.4168016116774,45.14070,451407000
392.81168824305973,399.0357630740431,45.35930,453593000
344.9607160792436,441.1358183077698,45.58430,455843000
480.20829909943905,477.3558947389889,45.83070,458307000
549.6373605687811,456.4217672264694,46.05020,460502000
613.1485620918592,448.8271290956621,46.28800,462880000
653.9271946356843,442.7993149438004,46.51580,465158000
681.8598479644007,455.2586334508715,46.74730,467473000
713.7954489527499,435.8939227708451,46.97180,469718000
759.9431102062922,446.03867631597006,47.19260,471926000
817.9883980823091,527.9355914165162,47.41530,474153000
858.0477148265248,559.1215958900705,47.64090,476409000
880.2593343160911,580.3548775876275,47.88330,478833000
894.3156959546463,607.9844189109501,48.11940,481194000
930.2669911449153,607.1826180962944,48.36620,483662000
952.5463811865399,561.0759113147676,48.58070,485807000
942.0391126625419,519.6931683388033,48.80090,488009000
943.4825880318331,528.3758193552718,49.02300,490230000
942.3253853035696,524.9279491983004,49.24300,492430000
948.1531006611854,500.2657051859099,49.46340,494634000
943.2023027262,473.85637532256857,49.69140,496914000
971.3599249419542,474.1146117623918,49.91900,499190000
999.1674193406618,429.8939733231829,50.13560,501356000
992.3429148314366,458.9655565369635,50.35060,503506000
983.0412592205032,463.3038640768841,50.57550,505755000
870.713872511965,446.18247368373943,50.81110,508111000
825.8420468978718,322.9682432321325,51.03510,510351000
684.3680777045045,270.2231066870646,51.26940,512694000
588.8294906408397,241.1499545241508,51.48680,514868000
526.8879451239334,248.39071576544302,51.71530,517153000
451.09692197032166,251.18069012009815,51.93450,519345000
370.3874439508477,220.53172266428112,52.17590,521759000
487.78675001642745,204.46685644954442,52.41020,524102000
619.1568642279265,202.56510560543504,52.63760,526376000
803.1873750291741,174.93316833571356,52.85580,528558000
721.2130770385556,232.6896403136133,53.07580,530758000
674.2619331357811,325.2555788169893,53.30650,533065000
791.5680221944248,395.07713159584694,53.53490,535349000
852.0883969939515,419.79458656727525,53.76470,537647000
959.4422886484467,487.5643898215661,54.00710,540071000
1061.1210680307083,474.8127248438659,54.24720,542472000
1120.1818867571565,510.2904791704541,54.46740,544674000
1167.8217796797317,539.5237494176959,54.69230,546923000
1218.88616300994,508.4856098377395,54.92450,549245000
1222.6210584729934,491.78898181123,55.15510,551551000
1196.8046475409997,487.94309050603,55.38650,553865000
1164.6866098181672,430.3902257115924,55.62810,556281000
1111.8681250886627,396.2564376937871,55.89420,558942000
1117.6467156426036,414.02688447129265,56.15150,561515000
978.7311144796536,392.19135466219944,56.37590,563759000
898.7970597652861,371.34534967361003,56.59900,565990000
805.3037619927677,342.7610476775786,56.83950,568395000
843.8024437432923,381.6596517524362,57.06410,570641000
845.207037274226,396.0880293426974,57.28420,572842000
931.8981534160318,426.55532478827706,57.50490,575049000
869.7848153158988,452.81559968574504,57.71510,577151000
1035.3360931384589,414.5099846352517,57.95600,579560000
1020.6270148748969,363.0775682364594,58.18060,581806000
889.7232819324441,368.25969365005477,58.41670,584167000
741.421293747145,257.55720481839774,58.65290,586529000
602.445864310494,265.36309716482907,58.87930,588793000
492.30641749617973,221.00895347820205,59.15490,591549000
419.48727482087276,159.30042817121083,59.39160,593916000
399.5980839037217,106.33356759368831,59.62960,596296000
328.1252835807269,91.5822723672163,59.84870,598487000
271.8018191161285,28.615817185771313,60.09540,600954000
282.04938797400155,-7.304895042913757,60.33000,603300000
342.3426679088835,36.61622070301558,60.57890,605789000
456.6131762111965,91.6480468143871,60.80690,608069000
485.1473595795436,106.12096795202343,61.07820,610782000
516.8725716798249,165.15551255090008,61.31280,613128000
658.7801197402825,162.45085347086015,61.59220,615922000
732.805708948791,204.81902463349158,61.82350,618235000
814.0305818864048,197.39918976375105,62.06650,620665000
837.9693271077149,228.1119736015869,62.33030,623303000
931.9737720089614,209.06280192024462,62.57810,625781000
1011.7222901742383,243.34663147019236,62.80110,628011000
1033.1011636320852,262.9949650280032,63.02630,630263000
1062.90463013213,276.5169289060648,63.26000,632600000
1102.1944223728021,272.6235537455095,63.47900,634790000
1130.4560054867475,303.0915794684955,63.71730,637173000
1122.7199234076634,273.2588533539531,63.94410,639441000
1176.7598105812888,243.10508061522896,64.16360,641636000
1201.166878906842,245.84822788513884,64.38920,643892000
1197.6788901606483,228.48775156531906,64.62060,646206000
1242.3962472307483,225.40803453692536,64.84800,648480000
1280.3183982559906,271.4186836011273,65.07710,650771000
1296.4928619464606,253.44256362909164,65.30150,653015000
1218.6909215989422,315.310325227862,65.52370,655237000
1113.3590237005178,374.7776250737739,65.75690,657569000
1122.545133113362,397.16150364329934,65.97640,659764000
1120.6437544154805,418.605476887068,66.19470,661947000
1148.6071322050152,426.35481748284303,66.42470,664247000
1154.315299578681,442.3095879740465,66.63820,666382000
1154.725701447901,468.5744514306205,66.85030,668503000
1118.6438780754013,469.34331837177155,67.06810,670681000
1086.3910797957901,448.54792533146656,67.28130,672813000
1039.4626882034838,439.56035382414126,67.49960,674996000
1037.0804061602996,464.5253759071463,67.74670,677467000
1012.507873845751,462.9322093594902,67.97390,679739000
996.6235011104549,430.87571663400865,68.20060,682006000
998.545113409183,402.95771742745745,68.43010,684301000
1003.3356727023846,401.48792156538536,68.65420,686542000
926.2780416892881,366.21620640433525,68.88620,688862000
864.6864511740716,424.6833860056317,69.11930,691193000
886.2241277642632,406.09707417203487,69.36170,693617000
868.9530087779278,367.2232476929491,69.58210,695821000
885.4142304672462,358.83677737438575,69.79870,697987000
900.1657574720675,335.66344460725475,70.05940,700594000
885.9144199844102,339.99941644153665,70.27890,702789000
922.6978688080656,351.249797871259,70.49650,704965000
891.9819709626981,324.70325557749914,70.71900,707190000
935.0089813570987,349.992000020399,70.95310,709531000
915.3062504421439,347.2224809861373,71.18880,711888000
906.0790794904462,301.4606827258616,71.41340,714134000
924.1599298756227,321.2270751357803,71.64560,716456000
978.3936221842029,340.10791260668066,71.86300,718630000
965.3706641414336,341.77987853784754,72.08320,720832000
905.2454384487925,335.22651680609715,72.30480,723048000
970.0622344910299,319.27617535712756,72.52350,725235000
930.7133414981521,305.6424579114215,72.74150,727415000
958.4084761721134,297.88392837581716,72.97120,729712000
952.5137095575428,309.1571248213099,73.20080,732008000
980.9132806860398,306.8131264828591,73.41630,734163000
983.6560208632087,341.5492646727135,73.64050,736405000
1030.616523817743,360.68224087122417,73.85990,738599000
1053.1880167514867,402.0308006535438,74.08290,740829000
1036.7869663961378,372.2140116628745,74.30480,743048000
1032.6119922991347,378.3901991557607,74.53590,745359000
1097.436177569401,389.93750422514296,74.77370,747737000
1021.9604033938122,446.85229760417474,74.99770,749977000
956.3161856974165,455.06333159587524,75.22380,752238000
934.8578388257482,480.157796053357,75.46150,754615000
885.6242854375671,461.06804339771503,75.68730,756873000
823.208392595088,470.6880059462428,75.91560,759156000
828.7624486265948,519.9404943891337,76.13450,761345000
873.5094527834005,491.6478023062473,76.36340,763634000
917.0612204307754,461.1484153506351,76.58080,765808000
932.6087915918323,442.8633245226616,76.79840,767984000
913.5113394263606,437.7221320381187,77.01890,770189000
926.4461971813635,423.1753411566093,77.24790,772479000
906.758851182206,472.42853423048035,77.52180,775218000
780.8347348050856,510.4519777062676,77.75620,777562000
791.5976470895981,487.53046350188527,77.98590,779859000
758.6330625150266,483.953052216504,78.21920,782192000
671.203971353898,523.0240188757642,78.44040,784404000
703.9523927667402,511.0762295356031,78.71950,787195000
773.802907450631,503.84000639235194,78.95810,789581000
839.0708894524713,498.0845107902556,79.23470,792347000
890.2868188689714,513.438323311167,79.47490,794749000
915.7827340451865,551.3484347852689,79.71340,797134000
943.2266158503332,554.2979066002302,79.94630,799463000
989.1032569770183,626.1546344298489,80.16780,801678000
1009.3252820137286,627.4043269481405,80.38660,803866000
1008.014735932879,558.1375494242527,80.62500,806250000
1017.9770311435736,472.91963416317424,80.85970,808597000
988.1601981671108,400.1796400744475,81.08470,810847000
973.0675972466589,373.55912684949897,81.30080,813008000
1003.4591598194179,296.1139804198049,81.53060,815306000
1005.1368285074025,270.58240888113187,81.76510,817651000
1019.4091877495973,269.45958736110765,81.99380,819938000
1023.0532069290549,300.53336006130456,82.24520,822452000
990.3372638112075,261.40461488971346,82.48400,824840000
1000.8717257461539,276.2899155850258,82.71400,827140000
995.2103672887819,311.5665713229931,82.93570,829357000
935.5924646020219,347.10212350348945,83.15430,831543000
880.772213272136,350.60774673866035,83.38410,833841000
928.1726619223374,372.22994599523895,83.62480,836248000
850.4871454582942,393.7422761021326,83.84690,838469000
903.0681241537394,412.70267649291907,84.07840,840784000
843.835933071463,405.89247085349086,84.29850,842985000
911.6434329010415,371.199610598452,84.50950,845095000
844.4198186317453,349.95938703218616,84.73680,847368000
897.8901759504083,332.4649924648194,84.97130,849713000
944.0997113525739,363.5256208860637,85.19170,851917000
923.1027150972603,318.5831123155192,85.41070,854107000
924.515833874319,305.77381275317254,85.64740,856474000
964.7976261538164,296.6991508040908,85.87840,858784000
916.4208197823607,287.2356940260382,86.10210,861021000
952.7226142362671,336.6141141803956,86.32770,863277000
911.7209789122314,341.2927140152184,86.56380,865638000
891.5290594597861,343.6404396035574,86.79000,867900000
929.3200975740896,348.1241181546687,87.01410,870141000
915.6775758795918,417.21769322967094,87.23600,872360000
916.7388081382029,430.47066538886315,87.44810,874481000
983.9475990969052,441.9652218699024,87.67170,876717000
980.4175621245057,434.6698733973154,87.90320,879032000
920.0572616748178,445.4380175191043,88.12730,881273000
886.2038464071388,425.563928979603,88.35170,883517000
867.3988389424974,407.8808645136037,88.57580,885758000
941.4802491666712,469.24169709161566,88.80340,888034000
1012.0105366048921,479.8784371862688,89.02820,890282000
953.2710915954285,441.67222285913004,89.27630,892763000
982.6828599402594,485.4802181383268,89.49640,894964000
1057.1098801645062,528.3810021142704,89.72800,897280000
1132.9710259298604,531.3494942905213,89.96130,899613000
1147.661630089728,553.9822335899262,90.19380,901938000
1154.635196542796,510.0343781304572,90.43040,904304000
1202.6112488992842,490.9788335832437,90.65840,906584000
1257.2060075811364,489.8803608638375,90.88280,908828000
1243.9589949153171,512.8358970329767,91.12500,911250000
1283.2610938843106,506.82002835999407,91.34390,913439000
1310.9092247616,505.1227037518582,91.56850,915685000
1290.9552718231328,508.32232109735867,91.78830,917883000
1209.0440762011715,538.0101903808776,92.00890,920089000
1044.8845447200756,524.7672530914964,92.28190,922819000
1025.564214949656,525.3429749963183,92.53620,925362000
949.5264278714924,539.5705845738621,92.75900,927590000
873.9173069695772,528.54990073831,93.00760,930076000
887.5400873593447,485.1469776727542,93.23560,932356000
850.0734719390547,477.2985958581253,93.45430,934543000
852.6041990793588,515.1058540214487,93.68480,936848000
812.0706580953726,509.33559197807085,93.91360,939136000
704.7998413076232,509.5041235925646,94.13630,941363000
752.5311161677457,510.91719824178347,94.39180,943918000
759.849607885505,484.60133756423727,94.61920,946192000
798.8605921802217,504.0529396353892,94.84600,948460000
786.5086068585945,553.1799601163084,95.07690,950769000
679.2218845098116,587.6226887650848,95.30310,953031000
794.5779704390402,600.6360646338845,95.54080,955408000
822.0672108659646,598.9004887071093,95.75940,957594000
867.2052282279187,570.2061201995531,95.98500,959850000
885.7031443193949,559.9134008436137,96.20800,962080000
877.909127545113,589.9916287512502,96.41850,964185000
915.8758862291054,616.153760115264,96.64370,966437000
917.3791092752722,603.4354054136306,96.86350,968635000
1012.9735652226383,542.6680485304892,97.09380,970938000
1029.84254927567,642.9537444616573,97.32160,973216000
1135.1049265866059,655.9257092484044,97.55440,975544000
1127.421667569595,613.8422069919316,97.77790,977779000
1179.085054563688,600.3104508711024,98.00060,980006000
1189.5185546421076,566.6823172047698,98.23390,982339000
1187.5340770336923,573.5788855931728,98.46220,984622000
1082.699490166111,516.0545055638905,98.68340,986834000
1026.2609986887758,462.7293868914965,98.91400,989140000
1005.2876007190246,444.52651639916576,99.14630,991463000
939.8509331784718,454.28133909837464,99.35940,993594000
966.9672075050918,402.7562333910128,99.58060,995806000
951.5171180058705,408.60354855061047,99.79330,997933000
872.192399609956,398.4365610147534,100.01560,1000156000
819.5423576233527,398.3126273814677,100.24470,1002447000
736.0323160984104,365.02408489803514,100.47300,1004730000
609.2908346837102,350.93331440854723,100.69150,1006915000
569.0043078400126,325.7732393745282,100.91570,1009157000
537.032507485397,294.0580608229529,101.14540,1011454000
541.3041601128842,249.87065452677436,101.37650,1013765000
665.1144157974313,242.44415750525823,101.60920,1016092000
681.1125033856955,239.73453678539812,101.84380,1018438000
715.7984202510206,210.93636928633376,102.07350,1020735000
794.145302495418,198.9183933112097,102.33910,1023391000
904.1625877775887,203.4442420827579,102.56560,1025656000
907.3068514358481,224.52424560096873,102.79230,1027923000
946.9411760355844,187.5759545448613,103.02070,1030207000
967.7170852202263,184.18124611979044,103.28150,1032815000
1009.3267347974415,237.25630630541048,103.50890,1035089000
1046.202374685841,259.90547211602416,103.74220,1037422000
1115.659081083419,210.04731567176532,103.99110,1039911000
1019.485028728518,319.8144575357966,104.21800,1042180000
856.1452525059232,385.03015196138927,104.46390,1044639000
640.0152213374004,304.14938261324914,104.71800,1047180000
590.881178629111,295.24428889195195,104.94950,1049495000
458.1458761884582,330.3786465109482,105.17960,1051796000
495.7567279633287,315.49480149331407,105.42980,1054298000
550.3822186217093,342.5971806833041,105.66880,1056688000
589.5949857072087,351.0650481908689,105.89960,1058996000
665.3500727029711,337.0183089559386,106.12500,1061250000
774.4283991294351,330.51105380190575,106.35680,1063568000
798.4882867449967,304.86818302092314,106.59130,1065913000
796.2605008794109,320.45990348201883,106.80930,1068093000
845.0483558427395,328.3984046120194,107.03130,1070313000
876.510474070056,385.8109972445865,107.25910,1072591000
931.1004046294358,439.88372941891504,107.48390,1074839000
1006.6899602557145,487.03923353765737,107.71010,1077101000
1038.2991234585506,476.53904569529954,107.97300,1079730000
1056.2700483363913,440.85811753900776,108.19200,1081920000
1124.434754741996,441.8949937571749,108.44840,1084484000
1076.1239847551956,414.0497179757951,108.68890,1086889000
1034.6839634700946,438.73156521892906,108.91410,1089141000
994.755720589961,427.26870002929485,109.13940,1091394000
949.8806631144157,425.00644439296855,109.35750,1093575000
877.3646903809991,365.94688596313847,109.58300,1095830000
936.6221238159598,378.5664042805474,109.80870,1098087000
947.3397927445518,381.9665544485062,110.02870,1100287000
917.6684524200201,304.9603975695819,110.25440,1102544000
957.0932682115979,276.20698599000184,110.46950,1104695000
954.2069634793809,263.814994171619,110.69110,1106911000
981.6115551899925,298.81793059185577,110.91620,1109162000
890.1160758180273,292.6458342761918,111.13880,1111388000
918.2655724332138,332.00965983543796,111.35710,1113571000
908.428581942559,391.72923686310344,111.57800,1115780000
945.4923909500316,400.9524986688548,111.80580,1118058000
974.3721120070671,438.46493322924255,112.02540,1120254000
949.5256850214596,494.254884460785,112.23970,1122397000
954.4490292942345,458.04654443743914,112.45190,1124519000
911.3912115256403,476.3890045677577,112.68450,1126845000
924.3214952875201,435.7850828949026,112.91190,1129119000
917.5552838912089,441.5259511435089,113.15160,1131516000
846.630748527208,442.800885949512,113.38390,1133839000
814.1553681262949,465.3783510625057,113.60420,1136042000
867.3364163374509,457.17443855544303,113.82540,1138254000
901.267038976901,470.1225867169972,114.04090,1140409000
971.5747877725844,489.788627457351,114.26460,1142646000
1015.8638813439293,508.740610341066,114.49740,1144974000
1060.929241121739,504.3417851196055,114.71670,1147167000
1064.4750019022322,432.53303341814654,114.93930,1149393000
969.419271984003,365.6863877295139,115.17570,1151757000
985.5547495587584,367.2138010637921,115.40590,1154059000
957.0510631596032,318.5167278110395,115.62790,1156279000
926.4584537374116,351.7060363388209,115.84730,1158473000
973.1425040131907,424.50980968439876,116.06960,1160696000
1032.090388471383,418.37746804316276,116.32130,1163213000
1076.2294415046952,448.1774022387808,116.54770,1165477000
1097.3920678355123,440.1022747640256,116.80170,1168017000
1085.6297374483274,467.1387634672799,117.03090,1170309000
1077.9775578109372,481.8575892565243,117.24580,1172458000
1139.2053673995729,494.34723083848144,117.47880,1174788000
1096.2663909805435,494.86941403475834,117.70140,1177014000
1126.691160526693,449.5536817394212,117.91860,1179186000
1129.4153496027122,426.13629019668235,118.13580,1181358000
1156.6315320877718,461.2288419738854,118.36640,1183664000
1178.6415193595878,469.50231048572397,118.58710,1185871000
1199.076300491477,445.9436150002763,118.80140,1188014000
1142.6366317536078,457.2494951333796,119.02260,1190226000
1089.3130313394045,479.27474628827434,119.23060,1192306000
1003.7302131682237,474.3471317075357,119.45960,1194596000
945.876315122934,481.7440318565074,119.68800,1196880000
921.8654118484818,511.0239991885778,119.91980,1199198000
931.5065093462152,520.6144928698939,120.14900,1201490000
882.0930098862303,570.8711176755271,120.37810,1203781000
832.6987655032462,541.5457569173549,120.61700,1206170000
789.3458496705313,535.1916688640507,120.84980,1208498000
787.9567824221608,466.3946976702956,121.08390,1210839000
797.3923514329033,390.2925011690922,121.31450,1213145000
843.0365095978991,351.1132990450882,121.54820,1215482000
931.4375772940436,380.8913024350928,121.77760,1217776000
940.9622027491646,331.21927386348625,122.00600,1220060000
894.3333358933143,363.3992280310656,122.24480,1222448000
943.0561723089082,444.85250069175174,122.47560,1224756000
951.4926558938272,503.4804650932462,122.70320,1227032000
955.440997712898,518.6415197480476,122.92760,1229276000
1026.974367239806,538.318952437919,123.14470,1231447000
918.0830726856458,633.2307799360453,123.36020,1233602000
814.3547938618361,680.7392719645572,123.60130,1236013000
880.7015593571231,741.7968776995858,123.82780,1238278000
856.2005106372587,682.8795629507356,124.06190,1240619000
861.1292648984979,667.2153914685011,124.29300,1242930000
934.8413054224118,575.5166876562041,124.52860,1245286000
934.3631047349924,570.2774529430033,124.75490,1247549000
873.9100002105932,612.0659917352402,124.99280,1249928000
790.8446726391882,550.7287575752558,125.22980,1252298000
806.6528563891701,583.6686161273146,125.46610,1254661000
824.0774496318921,572.7600727637694,125.68820,1256882000
871.8969573599592,532.3023806300429,125.93700,1259370000
959.4515623749096,566.3724993766926,126.15780,1261578000
960.7613802693174,587.7726474524866,126.38130,1263813000
953.5061564935559,564.4632099834585,126.60340,1266034000
940.4933048490404,577.0983230564564,126.83260,1268326000
951.4413757834201,574.3981503926512,127.10940,1271094000
913.7754700372584,507.12404423990245,127.33070,1273307000
1043.816325440115,444.4258614206617,127.55190,1275519000
814.9155202906959,451.9284836762983,127.77190,1277719000
649.0282706564808,418.7093935370678,127.98870,1279887000
537.7729198854973,364.0512094106317,128.21060,1282106000
353.75858957442364,279.71294243746,128.43230,1284323000
295.70394050520076,264.74079820546007,128.64360,1286436000
245.42319363987426,236.75562462350177,128.86360,1288636000
303.86201597188733,342.41528101385234,129.08570,1290857000
363.056038102072,363.00659269363064,129.30160,1293016000
428.3686858058254,377.8337417387724,129.52750,1295275000
592.60658662407,367.6333641754739,129.74170,1297417000
711.8408867140092,436.5974255764566,129.95830,1299583000
713.855077242,477.9979677090457,130.18230,1301823000
796.2863491805163,502.34289379460046,130.40120,1304012000
855.1136078937448,542.7706256444708,130.61580,1306158000
955.166131352855,519.4705742901587,130.83940,1308394000
985.908184472426,515.109060966488,131.06320,1310632000
1066.5772697941118,563.9376354348722,131.29040,1312904000
1100.434918051933,514.0529828297185,131.53020,1315302000
1104.0801728207402,501.55911279455665,131.76710,1317671000
951.1784954934094,465.42775046713575,132.00480,1320048000
924.5193341068406,439.8725660502325,132.22610,1322261000
932.5465002655628,454.069169735462,132.45160,1324516000
953.948285514066,496.6829498085499,132.69060,1326906000
1058.6494796473776,431.19551427496305,132.92000,1329200000
1003.8390941895447,416.98787259947517,133.14510,1331451000
883.2494091286961,325.57863371972974,133.37500,1333750000
864.306784339698,327.7982525927101,133.60110,1336011000
752.8847201993486,380.4008567806156,133.82670,1338267000
792.5526151786528,354.79132994685176,134.04660,1340466000
706.660641649707,370.6559985234493,134.27360,1342736000
444.61634988989385,288.88072309688965,134.49330,1344933000
391.01137233851546,266.5790874422293,134.71230,1347123000
299.7799654411681,297.69423087415106,134.92860,1349286000
206.51801701685267,331.1200283614509,135.15310,1351531000
291.5891362507615,280.0954285477063,135.38130,1353813000
295.52887699033823,327.7076649292616,135.59660,1355966000
365.0267082298718,263.67210466716205,135.82950,1358295000
428.16047577531367,302.64813876288935,136.07210,1360721000
516.2463475555429,404.3286799438563,136.30660,1363066000
702.3540350586474,479.94017884249826,136.53310,1365331000
815.4578476080987,535.5305307098697,136.75910,1367591000
879.1480927454254,533.2444206287984,136.99780,1369978000
967.7843035409672,552.6375923816789,137.22050,1372205000
1056.1092978467116,588.074291460611,137.45250,1374525000
1081.4490802808084,574.9100611566854,137.68560,1376856000
1196.0915930437775,559.2012459576611,137.92470,1379247000
1212.910743891669,552.1663214709852,138.14960,1381496000
1163.0830921416716,480.84568051323174,138.39120,1383912000
1131.4552386318687,407.3043155025065,138.60980,1386098000
1156.6141855933727,353.4075728575498,138.84300,1388430000
1158.5010223870834,368.7166877501713,139.06370,1390637000
1084.1417184410652,353.2526612100572,139.28520,1392852000
1048.2794593647711,399.2472528091249,139.50600,1395060000
979.0305603867582,475.7882209799867,139.73880,1397388000
969.8489214955159,433.5891352234832,139.96060,1399606000
938.0934351525837,448.7241330973631,140.17930,1401793000
1008.6067636940041,539.8692750668778,140.40840,1404084000
1016.2214654877287,537.2858810391214,140.64040,1406404000
1054.5577135519436,555.0692990142054,140.86620,1408662000
1036.1851734031034,520.5927773340106,141.10060,1411006000
978.1457734457243,502.32856038517224,141.32770,1413277000
903.5704763481303,470.1315420351094,141.54740,1415474000
888.2141679932961,418.3932290273569,141.76360,1417636000
885.6243963853776,425.22443316008514,141.98720,1419872000
877.9050458037041,423.26253213097283,142.21710,1422171000
925.268506383134,420.344027915714,142.44360,1424436000
876.4449874648253,453.6830492701713,142.67230,1426723000
888.2571927434853,469.0984440133958,142.88710,1428871000
878.3043233905893,438.2491391980355,143.10700,1431070000
917.777651044259,445.2791330409459,143.32860,1433286000
924.1950690212852,435.07909299919595,143.54480,1435448000
939.4016916233738,396.71789136345865,143.76260,1437626000
761.2167029715309,371.99512052181797,143.98690,1439869000
565.9993003152864,296.1326484203745,144.21400,1442140000
492.58406329356694,304.27893849534297,144.44690,1444469000
396.5648912056275,292.0307979275089,144.69050,1446905000
261.3037325247528,277.92680938167933,144.92080,1449208000
415.58097735242325,226.58458812501192,145.14200,1451420000
647.655666981997,221.81901330858238,145.36440,1453644000
863.781871922461,166.9609146317237,145.58930,1455893000
917.3144069321263,163.99446196560035,145.81370,1458137000
1078.1921597481285,84.57814757171161,146.03550,1460355000
1124.0379818097772,106.01623952126168,146.25390,1462539000
1113.7314645748509,86.7206335561643,146.47210,1464721000
1095.1367562391692,166.7235004449604,146.69350,1466935000
1158.0218348765043,187.4055432070881,146.91830,1469183000
1125.5787395332065,167.9819929835709,147.13550,1471355000
1203.483483833591,174.4709855441293,147.35540,1473554000
1337.6779515222736,177.89396995585037,147.57450,1475745000
1452.1510684139298,147.37595697849693,147.79110,1477911000
1177.596596762955,99.15127955135824,148.00830,1480083000
861.7842786343269,84.77647542652993,148.23240,1482324000
674.6578221255393,78.68570675451333,148.45190,1484519000
555.8503289860653,88.04086440223438,148.67370,1486737000
521.4365097306038,84.76103558073584,148.89910,1488991000
494.29700692955873,135.0271590067351,149.12470,1491247000
554.9137416016523,152.20171335293512,149.34800,1493480000
595.0058061605754,202.29116545088516,149.56920,1495692000
692.0455011640285,221.459004400243,149.78630,1497863000
710.753369936539,224.01988247137027,150.00640,1500064000
755.4883337871638,203.94114201001773,150.22650,1502265000
757.4818381696047,203.770537442052,150.44980,1504498000
803.9514431571305,239.09816442789196,150.67380,1506738000
923.303099530667,431.63976750333353,150.89110,1508911000
974.5662586998585,603.6753277015954,151.10740,1511074000
1025.2288830631508,735.0273500663673,151.32360,1513236000
989.3617366917704,853.068302297513,151.54020,1515402000
938.4679235599973,934.4668921798044,151.75810,1517581000
975.9403848609246,999.0632088626076,151.97560,1519756000
949.2224415638716,1044.3163857136426,152.19790,1521979000
988.1495529655647,1083.5443022528457,152.41910,1524191000
949.0617130170517,989.3869465704214,152.64020,1526402000
1026.6166766376577,892.5609761770481,152.85970,1528597000
1099.5242645550366,831.508640660385,153.07280,1530728000
1055.7651475618998,670.2533890335793,153.28620,1532862000
952.7033302874775,528.8457210787045,153.51000,1535100000
762.1808968688902,418.172723835408,153.72770,1537277000
604.2538675729145,310.0768236026829,153.94160,1539416000
656.2260855496952,272.17326965407625,154.16070,1541607000
661.5869848001795,260.9404551804108,154.38960,1543896000
706.4593321608073,192.75948140670283,154.61750,1546175000
816.4248754589498,271.4811231710646,154.83620,1548362000
883.6338350926221,321.27609614689646,155.05870,1550587000
933.5324818845271,345.8640037094779,155.28170,1552817000
978.0726972918277,360.48200572440186,155.55740,1555574000
933.3926911703888,370.60294332862367,155.79110,1557911000
908.7228631922321,412.3043503458122,156.01560,1560156000
925.9988685199629,480.8046366636703,156.24540,1562454000
954.1548237391783,485.1814571386662,156.46890,1564689000
992.414347530627,529.4494906428697,156.68750,1566875000
1040.2240802804245,551.7455243997822,156.95710,1569571000
1049.8843897459064,561.3395133451392,157.20820,1572082000
1025.5112895462296,566.0460217581809,157.48730,1574873000
1007.1903697142395,524.0584866715301,157.71440,1577144000
1024.0508604605322,517.1560970146454,157.94420,1579442000
965.591821695654,493.13122234841654,158.15980,1581598000
1046.0438731303734,504.49005238520544,158.41840,1584184000
1032.672656648699,441.44412986894264,158.67010,1586701000
1079.2294992739498,463.3467174577998,158.93800,1589380000
1092.8656401743392,529.4988456798299,159.17790,1591779000
1115.0172175563653,533.5578077453272,159.40590,1594059000
1060.6482414049992,517.4105867912713,159.66110,1596611000
1097.855619426849,499.835635419667,159.89420,1598942000
1115.9301343919801,524.8741734364074,160.16080,1601608000
1161.1513926530101,506.91944332430967,160.41550,1604155000
1267.2491676083744,518.2073302004703,160.64520,1606452000
1281.0829126783103,505.5145434739053,160.91260,1609126000
1302.6351741908516,515.9600077061194,161.14590,1611459000
1275.5272801755418,501.3068192946313,161.36870,1613687000
1191.9685332278725,476.1302314508602,161.64710,1616471000
1161.8289629138926,471.5932930808388,161.93110,1619311000
1168.0909556414842,429.78612174503434,162.17180,1621718000
1143.3013436493611,425.9134263782062,162.38640,1623864000
1142.2236682930773,448.37343436367047,162.60010,1626001000
1099.9392841247181,449.6629517119747,162.82660,1628266000
1016.0244627545887,469.5833104787242,163.05010,1630501000
969.6051579995091,478.0235943820206,163.26980,1632698000
833.5644679692562,455.36827979410003,163.51870,1635187000
751.585367135445,415.0343198765117,163.75290,1637529000
687.0840610136947,382.06161179848954,163.97690,1639769000
664.5561834233486,343.94945299234115,164.20670,1642067000
583.2462791977968,365.2266879843692,164.43520,1644352000
649.6236495980925,360.4853281503049,164.65240,1646524000
807.5933447977908,362.8343336378257,164.88610,1648861000
721.0749672344014,339.97208646443374,165.11040,1651104000
673.6916777715106,255.95875686169626,165.32770,1653277000
662.2714335649218,234.5950698996626,165.54380,1655438000
557.8782611504967,208.06845578144117,165.75450,1657545000
506.45099923314467,214.05999190873956,165.97020,1659702000
481.84666936440067,167.95811060304072,166.18520,1661852000
409.692369378943,210.0564270533113,166.40620,1664062000
314.4659500570355,203.81438551589943,166.62080,1666208000
275.9118852034632,152.77641130177807,166.83350,1668335000
269.4601455843647,140.7649046331242,167.04840,1670484000
225.48863274797483,160.76740055567655,167.26630,1672663000
282.9451896631432,210.77160604601067,167.47450,1674745000
326.1767306413413,254.51435968363538,167.68550,1676855000
573.1418992505692,287.7131581452185,167.91290,1679129000
872.5107290487047,264.85214246374113,168.13850,1681385000
1079.808115005343,228.14665317953396,168.35960,1683596000
1086.924614983172,180.74110444612202,168.57670,1685767000
1130.8586259345702,140.1169602004403,168.79180,1687918000
1055.3829652284767,192.39987812239497,169.03380,1690338000
999.0604236196864,218.98715227891702,169.25220,1692522000
958.0859200007831,295.3773659742059,169.48080,1694808000
963.8598101004025,284.0387681866145,169.71210,1697121000
853.056658443443,245.00608623227012,169.97340,1699734000
574.8457203564684,263.96902968311696,170.19830,1701983000
498.86153889916085,249.81358371961647,170.42160,1704216000
529.8634696042517,273.68942879288704,170.65360,1706536000
560.5084624719411,302.2007840475601,170.86560,1708656000
574.3367094068981,313.07283732584006,171.09190,1710919000
580.0726183180802,321.3739326351296,171.32330,1713233000
683.4733396978751,302.583945054587,171.54880,1715488000
708.7642953183689,329.8686610461377,171.77000,1717700000
751.7447377595406,289.73962946325577,172.00010,1720001000
728.4974910272748,285.87907206523965,172.25380,1722538000
717.1543998340624,295.6048078905818,172.47860,1724786000
737.9773950429678,236.34539656625736,172.70430,1727043000
794.0289021947619,228.46617752644303,172.93310,1729331000
850.9429956171347,273.6673411403747,173.15230,1731523000
942.8156315711582,296.46793689080175,173.37740,1733774000
928.360365556323,279.1772922064446,173.59840,1735984000
931.9688438415284,307.2515431102605,173.81950,1738195000
946.2068961321346,333.93843514873794,174.03510,1740351000
949.4140803150864,389.8630759580548,174.25150,1742515000
967.9618106833283,442.52638320425683,174.46790,1744679000
899.8551422570188,492.1297336958492,174.69220,1746922000
904.8964454053585,496.36092899184285,174.91650,1749165000
929.076707098617,500.27275926035895,175.15030,1751503000
1005.3763312228839,490.13614269032774,175.41540,1754154000
996.8820331166694,494.0142725070717,175.63390,1756339000
1006.2256772487657,444.08808500453824,175.84700,1758470000
1019.4045537367859,454.08634108620186,176.06760,1760676000
1036.1847501044874,496.20220477689753,176.28370,1762837000
1076.1816867662906,495.37009280985495,176.49800,1764980000
1061.5252650074112,522.3023777663199,176.71440,1767144000
1069.3241212078076,503.1436627903319,176.95580,1769558000
1089.6942332843194,512.019508700506,177.18100,1771810000
1119.5281336114138,563.3028345974375,177.39970,1773997000
1099.6872262460306,578.1013810841322,177.62300,1776230000
1086.2831759740823,557.9961900171706,177.84640,1778464000
1014.5704902751479,553.2199201215403,178.09660,1780966000
1016.7066072008456,500.80645828473445,178.31930,1783193000
952.3476929791307,481.4108224154602,178.54780,1785478000
876.6202066295148,476.95054964453544,178.79720,1787972000
840.4086718239361,449.3586810740783,179.02230,1790223000
957.9340284447018,496.3185540099138,179.24720,1792472000
970.2998124335564,472.2497872464385,179.48190,1794819000
973.3093305754339,516.6836532014369,179.71250,1797125000
1004.7447942597976,490.98977299212555,179.94540,1799454000
1008.1965851698992,467.94632689516857,180.16840,1801684000
1016.8996949309056,447.91573961975627,180.39610,1803961000
1031.6563387332524,387.37748561746645,180.61410,1806141000
1094.147702531074,385.0638728910124,180.83370,1808337000
1089.2215296867678,352.286345784925,181.05030,1810503000
1183.0742038062892,430.5473356311664,181.27050,1812705000
1192.419706729796,493.6115776613735,181.51520,1815152000
1207.3218921502018,516.7768905221192,181.72940,1817294000
1235.577484100428,558.3228689498811,181.94540,1819454000
1207.2574979859266,586.4503872154211,182.16370,1821637000
1248.236899354819,583.8007566823204,182.38460,1823846000
1295.3255143043605,493.7867617957761,182.60680,1826068000
1309.208351472986,376.16739080654315,182.83570,1828357000
1262.9725854493167,340.7501206330551,183.06640,1830664000
1201.3778671067967,337.91500057847924,183.29620,1832962000
1129.966924049065,332.4295821257656,183.53460,1835346000
1012.7085934074688,359.705696557655,183.76220,1837622000
805.8670577155352,318.29059831936877,183.98890,1839889000
605.813448781442,302.27480866002844,184.21380,1842138000
466.13821525161234,284.0395486109899,184.43570,1844357000
356.44330806788486,242.47566758257125,184.65960,1846596000
282.4693411829388,271.4306967740253,184.89060,1848906000
214.92489856492884,217.3466400410556,185.11160,1851116000
61.50394111165771,178.22360492518663,185.34230,1853423000
181.27718829733655,180.53349844450656,185.57540,1855754000
227.97640034561283,126.28602276254614,185.79460,1857946000
225.6786902269508,93.43685628384027,186.02080,1860208000
288.76570128858054,118.3888864251904,186.25330,1862533000
395.4459562196722,108.0970204707178,186.48020,1864802000
415.2273949296424,99.1938162992692,186.70880,1867088000
360.7648747291862,101.03550013882636,186.94140,1869414000
317.64278533513755,126.01945153632624,187.17780,1871778000
407.8274111123213,176.9312529748044,187.40820,1874082000
426.6158127259935,181.7220658374856,187.63740,1876374000
660.6446455357446,230.34230149504359,187.87200,1878720000
963.7693223773279,262.2552989865733,188.10400,1881040000
1209.4644679913283,238.3524777680051,188.33940,1883394000
1351.622368323272,183.10847603191374,188.56510,1885651000
1467.5947648193899,217.00219311814283,188.78820,1887882000
1461.7365978014375,264.9118374718156,189.01820,1890182000
1501.6612275649386,296.1191186249765,189.23440,1892344000
1569.1353753363692,298.7617012771761,189.45440,1894544000
1641.3032858855775,277.02462196375166,189.67400,1896740000
1684.7845874748953,259.082294875116,189.89670,1898967000
1584.970584754587,253.0435986383697,190.11770,1901177000
1324.4596810306718,263.81986987686537,190.34010,1903401000
1168.4808262776417,233.03088842308438,190.56390,1905639000
1034.0995510174732,204.4400030138992,190.79800,1907980000
894.3169929987372,310.7215837568152,191.02280,1910228000
1002.5800340983353,522.4171347591409,191.24320,1912432000
1024.2523230780096,598.3033851448379,191.47180,1914718000
1036.5670696746208,652.1805224669397,191.72910,1917291000
1057.0707392603626,681.789220154474,191.94570,1919457000
1053.3348160365863,683.5764709339308,192.16550,1921655000
986.2258239403791,676.4133094507515,192.38270,1923827000
913.802359840899,598.248347756454,192.64170,1926417000
869.4977452473577,545.8203787354503,192.86020,1928602000
664.1814150503862,475.2504367007667,193.07530,1930753000
538.7386459569165,389.3508739439466,193.29650,1932965000
409.5798987138294,330.1677001904199,193.51090,1935109000
319.52812002349674,258.6558368109905,193.74040,1937404000
339.41873500411134,229.43248082376527,193.96980,1939698000
259.8512303087949,147.17531159925147,194.19770,1941977000
175.2125792605342,138.8757892660817,194.43370,1944337000
81.56547816401084,99.5597837187427,194.65890,1946589000
79.51252485286413,132.54902131947318,194.89200,1948920000
29.330673864388814,66.38414050722366,195.11470,1951147000
98.00638805249847,44.06912539956623,195.33660,1953366000
142.41807889362542,17.590120650979415,195.56050,1955605000
199.88160071399648,33.74738749975315,195.78070,1957807000
340.02388737206047,78.24021623880631,196.00030,1960003000
339.10321360274156,42.668587045399846,196.22270,1962227000
448.5830593430597,274.4838836533359,196.45230,1964523000
478.0256856750256,236.7107354398638,196.68430,1966843000
457.0678200757761,176.00425182557126,196.90790,1969079000
580.2865282592606,244.1613576392973,197.13180,1971318000
591.5300015046906,206.13271976438642,197.34650,1973465000
565.9849516174435,193.7031097251656,197.60670,1976067000
611.347942348118,182.93738772985452,197.82520,1978252000
562.4584116091409,163.65905235705168,198.04540,1980454000
517.3175000157148,165.35880993141978,198.26660,1982666000
505.4041862427751,227.08969891195795,198.48480,1984848000
385.59018800270945,205.2420053013564,198.74260,1987426000
367.75337102966165,180.35665729646604,198.96080,1989608000
370.6235695802106,163.3282836841736,199.18730,1991873000
395.0506131184521,189.04395944031796,199.40940,1994094000
363.93100848621344,145.10018721527283,199.63910,1996391000
394.8760815596691,108.4450814012421,199.85780,1998578000
389.72747193596604,149.67053533125522,200.08240,2000824000
531.9409194491482,155.80716778458643,200.30900,2003090000
538.7472999442545,144.84738842110667,200.52860,2005286000
572.1683777352489,194.58047627629352,200.77380,2007738000
630.2244392244371,168.34539029245798,201.00480,2010048000
633.5456782426259,189.96880246137854,201.22920,2012292000
688.3385012787509,198.3664219954467,201.45390,2014539000
734.3744213367098,246.45928527558468,201.68760,2016876000
790.7190829250226,226.40248329716553,201.91360,2019136000
828.7969555228793,206.03722058873188,202.13790,2021379000
890.4096544465465,158.71475375759564,202.36810,2023681000
893.4314347639616,212.20027550146315,202.59090,2025909000
948.7779111621154,216.64389740550865,202.82190,2028219000
943.9867798523698,209.81055416888736,203.05750,2030575000
1018.2965142309756,237.8703539858839,203.30140,2033014000
1072.6035745606698,182.4431382626209,203.55450,2035545000
1020.9567106798413,141.97691610563717,203.84560,2038456000
1004.5737944663199,141.44218433622527,204.07570,2040757000
849.3259609127035,129.41820905698515,204.30320,2043032000
687.9785615856496,140.72544211801628,204.53640,2045364000
569.4178284767404,166.44411810281338,204.75400,2047540000
488.2690092005904,206.17560667914756,204.99000,2049900000
441.46077542725095,223.26905150781454,205.21210,2052121000
358.7829045718446,162.33215747397202,205.43260,2054326000
333.24643312792955,200.0169385179644,205.65380,2056538000
376.48251077542534,183.71464760395622,205.87640,2058764000
364.62960909302143,163.49086954018858,206.09830,2060983000
366.13910031890447,202.02937392126032,206.31880,2063188000
311.3395321016519,160.00176606146505,206.54150,2065415000
362.2608603221631,151.1203199016035,206.77330,2067733000
337.587983669495,187.6724336692005,206.99140,2069914000
345.41131420311564,136.78486562692106,207.21300,2072130000
370.2274779698547,173.6691137606801,207.43200,2074320000
459.01283701762804,184.77039975090628,207.65120,2076512000
472.200819111407,155.16704113069417,207.90260,2079026000
460.5543811919145,165.895935464877,208.13100,2081310000
406.4662648028441,166.6900093514002,208.36540,2083654000
356.9150220139528,165.09153395153197,208.60900,2086090000
334.7099860300986,148.08530700483763,208.84110,2088411000
325.25261209525706,172.96251714286936,209.06140,2090614000
342.2518180091551,156.77260633450243,209.28660,2092866000
453.6512510052742,230.8270952903822,209.54580,2095458000
480.4306761214939,264.6349381757841,209.77440,2097744000
508.1062527685336,322.6245395358342,210.00170,2100017000
565.3097625703323,244.25361421004922,210.22590,2102259000
556.5375791439981,188.452660083573,210.45120,2104512000
689.8751797574394,160.83609537176793,210.67870,2106787000
750.0607050824785,161.8774181918473,210.90110,2109011000
856.535086606185,134.81234563331753,211.12120,2111212000
913.4569534395798,89.4680659331339,211.34600,2113460000
953.2732319275651,72.9081906381074,211.57830,2115783000
1024.9945683554577,121.99366215262671,211.80030,2118003000
1074.0173822798693,173.78128383476692,212.02260,2120226000
1049.4330628622604,174.4342926822317,212.24490,2122449000
1032.9917620352414,152.63672441587408,212.46040,2124604000
1150.9117068301416,160.74205133426517,212.69250,2126925000
1250.2601602337168,144.43339996022377,212.94650,2129465000
1315.8678362918997,143.8612633377258,213.19190,2131919000
987.0181027401685,85.49962860146367,213.41550,2134155000
797.4067554696642,121.67583920427971,213.63970,2136397000
727.678941182184,116.16169913658207,213.86100,2138610000
646.545607645074,141.15991017393472,214.08230,2140823000
518.6744238504762,135.86155896093058,214.31210,2143121000
444.20369722067346,111.91389032115195,214.52820,2145282000
355.8270194198844,103.35963540028466,214.75300,2147530000
286.2908793845158,111.6949038674143,214.98470,2149847000
202.11617226066164,77.67299480313491,215.20580,2152058000
212.6415457280737,140.12192644346814,215.43100,2154310000
227.57531424228353,122.31619051023566,215.65540,2156554000
237.34394364898895,84.31131798330588,215.87810,2158781000
227.91518540336983,128.6860806592134,216.10160,2161016000
275.04596333846223,142.18351116509848,216.31830,2163183000
321.6360211922903,183.02402066315176,216.54850,2165485000
265.65164477034983,152.68959360643288,216.78020,2167802000
383.0617382921897,140.00109520715586,217.00590,2170059000
440.30719632506367,188.52360443475368,217.24860,2172486000
622.3639346357086,193.5579756151042,217.47440,2174744000
669.5994717436417,206.35769063593267,217.70180,2177018000
835.6758726281607,195.44958758008218,217.94640,2179464000
918.3494938773807,224.2356511543738,218.16690,2181669000
956.496524890968,179.78349071429676,218.38570,2183857000
997.7275823853128,158.78699528054162,218.61980,2186198000
1017.1153560754592,188.20950687042387,218.85060,2188506000
1080.2504166059114,203.54445288583062,219.07650,2190765000
1175.166902550452,178.09862735565787,219.29800,2192980000
1276.4646138352302,172.468311987865,219.52240,2195224000
1372.7777368730194,155.92084909911375,219.76100,2197610000
1276.7340543245577,136.72903976881966,219.98630,2199863000
1025.0193199435948,222.33734181779704,220.21180,2202118000
952.3559134103145,277.9542969466198,220.44410,2204441000
883.5445386866157,304.6980067699718,220.70390,2207039000
856.3992945581574,370.21591065666183,220.92250,2209225000
829.268753614631,431.859037948014,221.14140,2211414000
847.0283649655034,373.1808540977662,221.36720,2213672000
889.1799031500187,373.07529245755455,221.59070,2215907000
877.3256920990704,333.9664554900858,221.81960,2218196000
771.7305657230542,306.47811798411976,222.04180,2220418000
657.7186383714117,288.9828917879851,222.27470,2222747000
599.7123977242456,234.48568329923103,222.53250,2225325000
602.1159097669001,236.52453299233252,222.75130,2227513000
534.0100827333604,187.5346653668289,222.97810,2229781000
613.0636595034811,199.39474490135464,223.20210,2232021000
662.0740658481684,190.65328010462397,223.42100,2234210000
676.7486047806826,147.4685324011562,223.64070,2236407000
743.4971903682862,150.87915538140481,223.86900,2238690000
794.4171220879043,113.84834040327097,224.08880,2240888000
866.2370213853523,165.39980632747236,224.31460,2243146000
862.388483639364,158.66770461130062,224.53690,2245369000
922.4904588746713,148.88076600946252,224.76760,2247676000
965.1348142573272,118.71561286903301,224.99280,2249928000
1039.582193213257,90.39887761709711,225.21990,2252199000
1133.936210993163,109.85596206145843,225.45310,2254531000
1212.730638783052,94.59368774272941,225.67690,2256769000
1169.7020796763518,104.23305529328591,225.90770,2259077000
1024.8631641741981,129.4061847914731,226.14430,2261443000
888.1995427522888,149.93174274548582,226.39370,2263937000
641.1273489523928,192.4091993709648,226.64010,2266401000
473.2836235796799,215.4861918053961,226.86660,2268666000
440.06532974507496,246.24770228118064,227.09450,2270945000
363.373517184304,246.12128344494533,227.31570,2273157000
249.4061121040404,256.29477174860494,227.54360,2275436000
240.09189584280855,214.99388587633823,227.76720,2277672000
292.04873819205756,209.25905049800653,227.99500,2279950000
338.4956333941341,222.606653206192,228.21840,2282184000
498.71460953811754,179.56731271966447,228.43940,2284394000
567.7471659957279,228.94779573512525,228.65690,2286569000
546.6000855260426,172.90237670320593,228.90920,2289092000
469.83286553725736,183.9022881282455,229.14420,2291442000
497.04079170987274,110.28022838640481,229.37060,2293706000
631.7996829032577,149.2377571203495,229.59020,2295902000
683.0747202175615,96.92255207995049,229.81640,2298164000
788.7752696704077,103.28294635750483,230.03920,2300392000
902.7507422745284,137.54928330672675,230.26200,2302620000
1110.8242865667594,148.8956621434898,230.48450,2304845000
1217.23042034648,152.84215039186316,230.71020,2307102000
1305.1584360267752,177.73879595670837,230.93710,2309371000
1176.8329593510202,206.75580449175993,231.15890,2311589000
965.7798371662858,202.99720282299137,231.37990,2313799000
846.2508717736156,256.533993489172,231.60210,2316021000
806.2805074003684,259.77360869664136,231.81630,2318163000
746.8539354437114,277.8150655464324,232.07250,2320725000
771.8789953863264,284.52698322903257,232.31390,2323139000
824.9437165725378,262.9162773342021,232.53670,2325367000
740.3451313573765,164.19806786262657,232.76360,2327636000
667.9101674278621,234.2184339427443,232.97900,2329790000
524.4620238039437,181.71598080571735,233.20480,2332048000
383.0951207147059,153.27204433941148,233.42830,2334283000
321.9228710581192,153.5424357106159,233.65370,2336537000
243.42984171077512,114.48478379220448,233.88930,2338893000
221.19435242739394,116.95223130050366,234.11580,2341158000
263.3474434174361,130.90943059094226,234.34020,2343402000
357.2148010511877,115.12240233635184,234.56030,2345603000
407.0188189138245,66.5754168990649,234.78570,2347857000
395.1015317876625,46.08467590344196,235.01200,2350120000
480.28301420643123,71.06947634002277,235.23470,2352347000
535.2377992964795,79.07248966023568,235.45940,2354594000
639.047413873498,114.88515651966999,235.70250,2357025000
690.0939151750272,189.49220134136638,235.92270,2359227000
764.0914217171235,198.47661510429882,236.14730,2361473000
691.2387703196183,217.15402415882266,236.39800,2363980000
603.7755105020415,195.69063746479506,236.62360,2366236000
490.82374383881483,176.3536153055935,236.85450,2368545000
450.9350021494031,175.09604148062465,237.10890,2371089000
338.7689792270999,153.27353902990606,237.33700,2373370000
326.5616835869011,108.80746772308424,237.55690,2375569000
387.3116196378733,130.56362266651524,237.80830,2378083000
573.0794136389484,110.93522960010137,238.05690,2380569000
711.0121062285532,170.000762702541,238.28270,2382827000
750.9574778046768,167.99139445947947,238.50750,2385075000
762.0571415277424,140.18531421404506,238.73770,2387377000
894.3092743869536,137.92467888729092,238.98870,2389887000
961.9175983942832,166.27797266570903,239.23920,2392392000
1061.8465112858532,169.63015255909858,239.46470,2394647000
1080.5348517479858,137.61137774769034,239.68970,2396897000
1074.3267825294718,121.84216410919943,239.91710,2399171000
1150.9883531648302,134.34955536060193,240.16720,2401672000
1246.2004351265164,122.17831909478952,240.38650,2403865000
1334.8822312168236,132.9743020317081,240.61660,2406166000
1370.884222050414,182.83691332249487,240.84230,2408423000
1475.646541460459,115.96115409660051,241.06460,2410646000
1413.6591919773678,198.93311270504609,241.29910,2412991000
1394.9303275237098,309.24014752618126,241.52970,2415297000
1365.6364647948224,418.0074528224591,241.79910,2417991000
1267.453226304418,496.78701796640945,242.02100,2420210000
1253.1315788540685,565.9144867950815,242.24690,2422469000
1272.9305154412225,625.3423404868764,242.46540,2424654000
1241.4774888407708,651.2221908404779,242.68010,2426801000
1225.3303729086813,703.076703508316,242.90060,2429006000
1201.8892821431175,739.4526124038607,243.12510,2431251000
1172.5258590340748,735.3434981538471,243.37700,2433770000
1052.6411950145489,615.8548279821207,243.60520,2436052000
942.8438319333069,561.6478378659496,243.83100,2438310000
925.9415856898086,500.1611216684997,244.05690,2440569000
834.4861205496137,452.2189107665804,244.28020,2442802000
767.7522637927253,486.770717636893,244.52060,2445206000
770.3571825438389,469.6637712342267,244.74260,2447426000
772.0964755614331,482.1739656975391,244.98360,2449836000
770.4237493991187,492.57557285810213,245.20970,2452097000
732.6948705559183,469.96596156327985,245.43130,2454313000
767.6835211178719,506.4625124894875,245.65940,2456594000
810.9874764115044,486.2435054686316,245.88860,2458886000
839.5834315141574,451.13130242137873,246.12210,2461221000
803.8272460396681,489.82840003997507,246.34150,2463415000
778.9213233774557,497.08256228556087,246.56880,2465688000
775.0202348293046,472.1216963316013,246.78810,2467881000
803.8950156466208,484.29668485125234,247.03090,2470309000
761.0436232423991,399.9709249444926,247.26050,2472605000
701.5700726151013,341.71120097575005,247.48110,2474811000
576.7931217228582,274.3098532216992,247.70040,2477004000
538.1441703173322,193.61652549240574,247.93380,2479338000
470.61593683801885,177.27792697891852,248.15480,2481548000
396.67629413455717,136.19930432670938,248.38990,2483899000
365.2148407938672,121.66343991311983,248.61380,2486138000
389.02563405876754,177.2085118852309,248.83360,2488336000
442.5827320857479,185.74025965960726,249.05110,2490511000
498.31310034806353,227.17453240310442,249.29050,2492905000
569.6101264463932,314.45343588254167,249.52610,2495261000
645.7968168559325,318.3272133216319,249.76530,2497653000
703.3317835465093,402.31757385104106,250.02500,2500250000
736.7192992577102,432.0046710932187,250.25130,2502513000
770.8405946455796,399.5850403814684,250.46960,2504696000
753.5580749820181,440.08672600668365,250.70310,2507031000
778.2379649418407,471.7673732911531,250.92950,2509295000
797.6858949401519,478.9931412765597,251.14650,2511465000
860.2139038829455,466.2299827220738,251.36140,2513614000
877.4407452286869,452.3824330861496,251.58040,2515804000
981.5796388126969,517.6894389426251,251.80610,2518061000
1035.949963406287,588.968362628557,252.03400,2520340000
1113.9303058030875,578.5214306047977,252.25740,2522574000
1138.92048630745,588.2466817854682,252.50300,2525030000
1167.1535483292835,598.1933331245621,252.72580,2527258000
1183.0430446974701,559.8225983676979,252.95800,2529580000
1120.3640236150316,501.7237292630771,253.20160,2532016000
1087.3582156888458,498.2001712576451,253.43400,2534340000
1026.8142735168292,477.29396324641135,253.65390,2536539000
1003.4550163438985,453.1644551660558,253.88080,2538808000
884.1831735380639,453.31686789676064,254.10380,2541038000
837.1794368600698,493.54773149842583,254.33560,2543356000
781.6215504353512,522.7010128502604,254.55860,2545586000
858.7554406094447,575.1496235568226,254.83880,2548388000
922.8106771645469,639.0671817826617,255.05980,2550598000
998.5604605301708,658.8003566697957,255.29160,2552916000
953.922793027637,648.211377232909,255.52230,2555223000
861.6577860701741,687.4901822928423,255.78380,2557838000
808.0981963662749,718.1174128427617,256.02590,2560259000
811.811526972429,706.4371329497732,256.25590,2562559000
815.1856270494573,698.6392899784313,256.49810,2564981000
844.8559477254199,644.962540227602,256.75360,2567536000
786.3820958526898,569.4359318283027,257.01740,2570174000
672.4233718990919,482.209473423265,257.24930,2572493000
508.7866989617768,398.3937174899818,257.48170,2574817000
413.75521682427916,424.2686820186051,257.70680,2577068000
330.90293228529134,394.4778736153783,257.93320,2579332000
484.7847725550639,422.9312550517661,258.17800,2581780000
592.7635901055629,370.94715047317106,258.40310,2584031000
696.5690997490838,397.0608619983747,258.64690,2586469000
793.7417677508805,417.15938519148585,258.87390,2588739000
890.4615604039099,434.2257098040352,259.10740,2591074000
987.929680362825,491.0623875470382,259.33170,2593317000
1102.841478501286,570.0156589071195,259.56240,2595624000
1132.050857182238,580.8793981428674,259.78550,2597855000
1159.959818024659,599.3422348254597,260.01200,2600120000
1130.1333885485144,662.036747993001,260.24070,2602407000
1055.0141247647575,568.8574851488497,260.46050,2604605000
1091.8800067002483,535.7923955280579,260.69500,2606950000
1083.6962806365123,547.1532988781287,260.91000,2609100000
1131.1319370109359,532.2799213852503,261.13990,2611399000
1189.1851420271205,565.0451128221453,261.36730,2613673000
1158.3864176910974,568.1737779964867,261.60700,2616070000
1174.9751286145377,612.5353940814625,261.84460,2618446000
1202.9902682553284,585.1765720090308,262.07000,2620700000
1226.3535802387955,569.1850342763448,262.29660,2622966000
1174.4048106316957,503.2906379851021,262.52710,2625271000
1149.4523832344275,447.14034461204034,262.74120,2627412000
1128.2548502748323,377.9008083232464,262.96520,2629652000
1069.2136104125386,405.1179521861416,263.18220,2631822000
1036.0100251323524,455.03263024548346,263.39800,2633980000
929.981941760041,501.1255268970774,263.62470,2636247000
831.5578707458214,533.4253723816958,263.84810,2638481000
839.0677708219943,531.3893650114717,264.07120,2640712000
891.2573749200427,502.26313959506007,264.30470,2643047000
913.9258199694112,511.2309620975632,264.52030,2645203000
979.4538682851042,462.6017911993597,264.75060,2647506000
973.9405642993219,463.5273400910776,264.97360,2649736000
955.4065925365217,408.75085865288946,265.20710,2652071000
965.6762265387798,366.95967359989186,265.42980,2654298000
945.7649182174907,343.85052985429286,265.65070,2656507000
921.9466996307906,316.43794022479256,265.88720,2658872000
971.0186801437067,417.9018362952376,266.15650,2661565000
1017.7357953771694,470.2105257178061,266.38860,2663886000
1030.6132349741904,461.1510014728848,266.62340,2666234000
990.3993896534847,438.2781582855351,266.85060,2668506000
923.5564523748109,404.1957298612316,267.08150,2670815000
966.0324943225279,525.1506503083104,267.30560,2673056000
965.4483567651694,554.4437156625522,267.52520,2675252000
977.9031964228444,545.564300907317,267.76740,2677674000
997.2451483343184,537.2194436443253,267.98270,2679827000
997.610699138651,513.2697362295669,268.19790,2681979000
998.8083046271838,526.3999765437972,268.41860,2684186000
961.2502006423224,547.2759963152168,268.64360,2686436000
958.0455754146969,509.15721870513727,268.87310,2688731000
935.0014891430326,518.2562652978967,269.10040,2691004000
927.2850926866498,477.4558647146026,269.33070,2693307000
964.6033142251144,473.6657654127043,269.57380,2695738000
1007.7757667068134,482.1747529861719,269.80610,2698061000
1011.7375501361214,457.4225040844909,270.03270,2700327000
1049.1653842583612,444.74845346737095,270.26060,2702606000
1069.28602451482,444.8161734711334,270.49650,2704965000
1080.710339697689,507.65565664397707,270.72230,2707223000
1115.9950146488397,531.8744341453545,270.95590,2709559000
1112.4287618073972,500.3792107605805,271.17850,2711785000
1185.894912804776,518.2928364725917,271.40340,2714034000
1145.1028888416024,511.0827673543822,271.62730,2716273000
1140.683859897236,539.0361116732348,271.85120,2718512000
1163.5362719110008,585.0339644293656,272.09890,2720989000
1123.7495063142467,615.0552939508065,272.32280,2723228000
1134.1398658764056,607.2680910090533,272.55570,2725557000
1104.8300391710984,617.816156307197,272.77170,2727717000
1045.8526937881286,611.3586718632771,272.98600,2729860000
1060.3844324691772,618.7286324952353,273.20590,2732059000
1013.0324848180285,599.9430677641736,273.42290,2734229000
978.3685858231768,648.1945654779222,273.64790,2736479000
988.6997986335276,625.909832717291,273.87220,2738722000
913.0845482584141,616.7281629718809,274.08970,2740897000
958.1758654152565,584.4390155863654,274.31200,2743120000
1005.151475173048,546.373102324829,274.52910,2745291000
1040.5681932167206,449.3045056566262,274.75080,2747508000
992.4157214803197,383.04390786093234,274.97330,2749733000
1030.9292960936632,301.5693870096012,275.20000,2752000000
912.3599313640849,323.3518046137017,275.42100,2754210000
799.5560442455459,237.78643852231806,275.64430,2756443000
803.6210564489509,256.0248585567935,275.87180,2758718000
813.6619424795313,342.0312236808966,276.09720,2760972000
840.4934475090536,394.16965075129366,276.36510,2763651000
832.8382967495791,399.8880130261372,276.59400,2765940000
918.0832360514852,359.5885221283525,276.85620,2768562000
915.4890405106323,378.20333534045204,277.10730,2771073000
992.5644090678129,382.9347379054857,277.34350,2773435000
985.6501266871844,399.78592870610646,277.58290,2775829000
1160.4618787525246,438.33533119975027,277.82140,2778214000
1213.1869510478305,463.3534693862811,278.05920,2780592000
1178.971237700586,461.8459635207995,278.31560,2783156000
1106.9307558759638,431.9895749071554,278.55980,2785598000
1070.433244865634,439.993213708566,278.80060,2788006000
1040.1746162982058,421.6724762952993,279.05690,2790569000
1068.383594503888,456.25531871760694,279.30260,2793026000
1096.893610262262,404.787381528931,279.52550,2795255000
1102.3994931282882,420.39242948711257,279.76550,2797655000
1108.6058794055355,407.603494039303,279.98920,2799892000
1098.9513821571952,386.84470699181884,280.21480,2802148000
1043.8990301464762,367.37045763725314,280.43850,2804385000
1016.2304343768674,386.9879198267088,280.65940,2806594000
1051.5831472132618,423.0661575210333,280.93110,2809311000
1107.1371847618195,454.6218879639348,281.20650,2812065000
1084.3840877947052,492.92161875481673,281.47230,2814723000
1016.345721041137,468.67866822136693,281.72000,2817200000
951.9326404202769,426.85967218643805,281.96120,2819612000
981.5698885638304,400.54685820542306,282.19670,2821967000
1022.7528830441834,379.3320748050662,282.42200,2824220000
1063.8073503066537,436.1637838054144,282.64460,2826446000
1028.5156200037516,441.318214228881,282.87040,2828704000
1013.4431699244108,474.7414109687435,283.10470,2831047000
969.3847762800614,463.05316027594944,283.32990,2833299000
911.647799047676,417.995565801677,283.54800,2835480000
826.7425224409337,385.20196452563147,283.76550,2837655000
766.6671546488757,336.19254915134763,283.98920,2839892000
800.5627794806678,358.44154797059616,284.20930,2842093000
875.1140954438376,305.347353222791,284.46400,2844640000
1026.5532667511447,348.0349402255062,284.68710,2846871000
1072.3777380438387,329.4759776506721,284.92620,2849262000
1161.566886499066,320.4276998635245,285.14430,2851443000
1145.0057251526878,345.3202791522683,285.37000,2853700000
1107.798857614954,421.0645672937294,285.58730,2855873000
957.0131582433647,386.88762793912036,285.81110,2858111000
723.0156854999204,339.5905817421175,286.03520,2860352000
716.3126493193826,491.5089392762611,286.25630,2862563000
759.784479478167,524.142722454994,286.47500,2864750000
852.3407901316302,512.6498982264372,286.69150,2866915000
845.9962101180705,495.86122356245363,286.92100,2869210000
746.7655143140661,463.86051629594044,287.13930,2871393000
569.0685070068147,389.6430156086381,287.36440,2873644000
634.0069480731081,410.6034094207035,287.58470,2875847000
683.5441629533002,447.8468704168334,287.82390,2878239000
749.0064972840464,443.74874152374855,288.05920,2880592000
829.3004657836428,416.12338709830067,288.28090,2882809000
872.6523515516543,391.1252362129921,288.51090,2885109000
879.2423762593746,354.72604341253185,288.74010,2887401000
710.8276121107458,329.9521358584354,288.96410,2889641000
539.5495885354212,364.51788481216516,289.19210,2891921000
403.9747547032043,310.78954837286574,289.41670,2894167000
324.43210522483156,249.51451717067414,289.68770,2896877000
232.65934260293557,227.91790470982917,289.92510,2899251000
166.26991142972363,168.37182623287603,290.15530,2901553000
189.56964194990562,96.21902982134944,290.37880,2903788000
310.6406774582741,94.62379920282844,290.64110,2906411000
464.42036602301846,84.94893532638437,290.87900,2908790000
514.0786090080767,77.02983456039121,291.11010,2911101000
543.9290330889928,133.62266329213043,291.32890,2913289000
516.3672482535504,167.02250940300007,291.55840,2915584000
425.0078459610065,216.52520732897102,291.83670,2918367000
330.8773067020362,221.9100218548319,292.06420,2920642000
372.9365505907162,201.44530033758394,292.29240,2922924000
347.9689358460399,165.00181634515087,292.54720,2925472000
247.9428787210519,188.6754549694755,292.77590,2927759000
289.79500892858937,199.692353549172,293.03150,2930315000
222.0897311206017,214.90391072076335,293.26560,2932656000
325.74574864868083,238.45412408051743,293.49300,2934930000
401.63188427949143,239.27704910987154,293.73400,2937340000
439.71012393889345,234.04458463036292,293.96950,2939695000
553.9477892159872,261.70663676415035,294.19640,2941964000
636.0931059463317,407.28383389908254,294.42150,2944215000
779.2627759222297,467.1292712297662,294.67500,2946750000
869.216612611593,486.8290798354337,294.89780,2948978000
960.2739870544198,463.4936606230092,295.12460,2951246000
961.8563939425541,500.11764299383896,295.36600,2953660000
904.875396645566,519.0133157669869,295.59720,2955972000
936.2934743700655,533.8595567654927,295.82160,2958216000
959.405932754401,443.0305602089079,296.04880,2960488000
993.0854891741088,477.4027970000161,296.27590,2962759000
1010.8405789355864,463.6131870266956,296.51120,2965112000
983.658091834121,500.7823383632405,296.73720,2967372000
946.8170798404338,480.38167399914,296.96500,2969650000
983.3716148458685,445.06705679682864,297.19200,2971920000
980.7279401973507,465.9155724627442,297.42210,2974221000
997.5056219636218,459.5703542648856,297.65110,2976511000
945.5427327657014,427.92185890615644,297.88000,2978800000
893.7272692283483,408.4242504010387,298.10730,2981073000
936.3373146931439,442.21912392145936,298.34010,2983401000
884.0264098963703,448.82902320632456,298.57050,2985705000
870.1065402106417,448.93285635751795,298.79050,2987905000
907.8172951329651,458.8388802756299,299.05090,2990509000
882.2545462634796,429.722569644906,299.27270,2992727000
871.5110734006207,384.8191931129581,299.50280,2995028000
921.6946166552115,380.9438328372543,299.74860,2997486000
856.0208513853802,363.7214405703817,299.97790,2999779000
821.0061799111329,377.4684573766622,300.20490,3002049000
857.9795689752198,397.8048116377121,300.43120,3004312000
886.2176264701244,334.62399965416995,300.66220,3006622000
889.9866481555187,329.55702105725055,300.88250,3008825000
886.8053774416865,327.81615908557313,301.10490,3011049000
937.6031339330507,313.8796353836733,301.31550,3013155000
930.9817650795384,367.42528144021037,301.53730,3015373000
925.2146890535645,381.0565791246989,301.75620,3017562000
878.5495497730241,374.3428082105239,301.98940,3019894000
914.5709746778589,422.3370737936402,302.21770,3022177000
905.2750604735013,437.6800008823402,302.43430,3024343000
899.7105985848831,472.09900765544916,302.65870,3026587000
903.7992744071179,500.62104650806157,302.88320,3028832000
870.1362334448894,551.4417262350947,303.11890,3031189000
978.3564451019467,528.300306788888,303.36100,3033610000
1008.0670959760707,500.8325611571886,303.58740,3035874000
988.4944621833649,489.0097194599013,303.82590,3038259000
938.7733071247641,465.01469130740065,304.05380,3040538000
874.2162488657722,474.187463339969,304.27470,3042747000
921.0659823148195,583.2310178919543,304.49850,3044985000
932.076524192419,658.1990367868844,304.73310,3047331000
996.2110095254111,694.0080881440194,304.94960,3049496000
946.9624833188666,684.3099508578455,305.17950,3051795000
990.5385229629621,730.7782099876695,305.42320,3054232000
1081.8436766025984,750.2526753964878,305.65100,3056510000
1093.6637053866152,741.9217228846527,305.88940,3058894000
1069.2202630925574,660.335728934502,306.11570,3061157000
1050.2165932081791,718.0474002015516,306.38320,3063832000
1025.060675432056,685.4623086866599,306.61220,3066122000
988.9289273908155,592.7543231200324,306.85630,3068563000
1131.9450651918298,622.703820662404,307.07800,3070780000
1238.4193130543085,634.791183788733,307.30060,3073006000
1254.3010003067875,625.5362595994914,307.55500,3075550000
1243.51458063461,647.8693176892403,307.79080,3077908000
1246.9779807034204,652.9638689394894,308.00650,3080065000
1188.12651577893,688.0065275631628,308.23120,3082312000
1104.3879985446524,646.3736334810885,308.45350,3084535000
1186.1411985570926,693.9450707376162,308.69910,3086991000
1114.909321848969,673.1744801380897,308.92460,3089246000
998.0000816167335,575.4386777464097,309.14780,3091478000
965.8259505776554,671.8553980562942,309.37990,3093799000
1032.9786202343512,682.9739502344534,309.62370,3096237000
1019.0782195928458,655.5962034315874,309.85480,3098548000
991.0236431146263,523.6606558000713,310.08480,3100848000
950.7537860228766,473.77727340543254,310.31090,3103109000
974.4748946368627,456.35989426770584,310.56150,3105615000
972.7094567072377,443.23259949433276,310.77560,3107756000
920.8483154713288,401.96540384889204,311.00710,3110071000
933.5583631305893,363.0390323268725,311.22380,3112238000
1088.2474839002562,359.93339622971746,311.44320,3114432000
1135.7057324115253,405.5773316712583,311.66500,3116650000
1164.0506654391272,444.3633800337593,311.89080,3118908000
1217.4522440313451,543.1548544444489,312.12850,3121285000
1236.7677112861563,571.4252045253834,312.36460,3123646000
1205.6080270202729,540.8690697179584,312.58730,3125873000
1270.6182946208369,483.3024071989088,312.83180,3128318000
1273.0615138252554,475.4930917298026,313.05850,3130585000
1310.4748139540136,417.1093410517383,313.29650,3132965000
1290.5529746784837,355.8588909695249,313.52710,3135271000
1216.8899249987824,305.39760089200155,313.76810,3137681000
1221.2780180918726,261.27707020049803,313.99130,3139913000
1175.7619315623997,260.7597718138442,314.22170,3142217000
1120.7729749594264,245.82420664838358,314.45540,3144554000
1048.3448800356623,293.5577526454626,314.68550,3146855000
991.524255751612,274.81636886529907,314.93140,3149314000
945.8527151823372,304.91030439994955,315.17700,3151770000
990.35028838587,303.88267552848913,315.40240,3154024000
1073.6090956463534,412.5617250832974,315.62730,3156273000
1072.0971605165678,533.0175146491862,315.84950,3158495000
1043.9160697181649,611.8271701435581,316.07540,3160754000
1021.3073539152822,584.8259458097735,316.29670,3162967000
1045.7433979259356,584.0164809223992,316.51730,3165173000
992.6658124401846,544.5099363739956,316.74470,3167447000
953.7422399659582,500.051656586654,316.96890,3169689000
903.8656928393145,468.3967175833832,317.20800,3172080000
935.4405565970371,482.0990851735249,317.42890,3174289000
952.0368341738842,443.3626444368402,317.66770,3176677000
934.5999937047587,460.03928429404345,317.95010,3179501000
951.334219870544,390.49135931548966,318.22960,3182296000
910.9001692230254,380.7611141541934,318.44440,3184444000
899.1536993119905,274.1070195662344,318.65930,3186593000
877.5716369251367,256.97767118324913,318.90770,3189077000
937.6754552526738,285.8908432475011,319.13720,3191372000
1000.916978648356,309.2997239646915,319.36550,3193655000
1104.328998089909,357.7446583242985,319.61740,3196174000
1093.9614209396082,390.41563300815284,319.85550,3198555000
1166.1136885835715,423.59823110043624,320.09890,3200989000
1124.7161290151553,423.1350917334624,320.34740,3203474000
1092.654047001968,416.3403604298618,320.59710,3205971000
1115.7302466225385,448.2782257218382,320.85630,3208563000
1149.320856849626,468.09295244539237,321.08200,3210820000
1134.283674908597,482.37622910584577,321.33500,3213350000
1138.2418033973947,527.3666881504963,321.55960,3215596000
1139.7350900735646,592.6386702624361,321.78250,3217825000
1082.1741984944201,619.3531326709633,322.05400,3220540000
1017.460684397524,648.0553900350114,322.28440,3222844000
1037.2827375758857,604.065204140031,322.50960,3225096000
983.196487219174,583.788188814476,322.72280,3227228000
1000.0161991253676,544.5278772711752,322.94890,3229489000
989.7085529875839,530.284920962673,323.17600,3231760000
1028.0551978397539,493.1109211465447,323.40580,3234058000
1006.7512572735336,460.0093605212516,323.64280,3236428000
970.571932499668,459.25495417110096,323.86340,3238634000
966.301852590465,442.48404307181966,324.08270,3240827000
949.6383056446081,398.85113852796025,324.31770,3243177000
937.5253591367416,409.466169183965,324.54710,3245471000
854.2951164629843,375.9459463058275,324.78490,3247849000
808.5290241755957,429.05412156449165,325.01890,3250189000
806.5729928541581,430.8133385181538,325.24610,3252461000
834.4180902376651,462.1066481212906,325.47720,3254772000
855.5346715528757,454.80333716027235,325.70000,3257000000
866.1679199994119,516.9611568872332,325.92680,3259268000
880.902415936877,554.5682219945148,326.14870,3261487000
894.6065536691082,545.135155738496,326.37660,3263766000
905.777499864866,568.0039015016943,326.60080,3266008000
931.5288366358282,572.141072179021,326.83390,3268339000
907.7136991283659,528.9996031539786,327.05030,3270503000
964.1023376051371,542.3839110075082,327.29130,3272913000
919.0380509343537,558.1500495641063,327.51840,3275184000
886.7694986880426,533.625206664511,327.73940,3277394000
908.696389912284,523.0784362959646,328.01030,3280103000
1019.6556798766353,537.4967763924915,328.24270,3282427000
1098.5509822371,514.453291807471,328.47220,3284722000
1102.5069217182054,474.49566655201954,328.69090,3286909000
1130.9548651953683,473.71313923541675,328.92850,3289285000
1134.7957512312557,440.1371083689055,329.16370,3291637000
1035.1787763803113,480.6418564687117,329.39010,3293901000
999.7515524411621,533.5407693526872,329.60940,3296094000
1078.5055906233308,558.9440483100096,329.84190,3298419000
1092.9537462665478,591.4362608788815,330.06420,3300642000
1109.9747513489708,606.5862086141105,330.28680,3302868000
1122.54939550088,559.2160277942781,330.51390,3305139000
1115.2588214345271,503.665792645993,330.77630,3307763000
1124.5556894777794,402.1333662960219,330.98930,3309893000
1150.098775486805,369.82096135506606,331.20790,3312079000
1137.3540552802422,358.1952752833411,331.43280,3314328000
968.239632190817,348.3984256734182,331.66500,3316650000
772.079958305294,336.3191690144234,331.89740,3318974000
625.8011498566053,303.01601581113124,332.12790,3321279000
465.5079923103923,265.69216981715675,332.36260,3323626000
347.344221115629,260.547692926927,332.58850,3325885000
273.2140672926971,212.90748793502794,332.81520,3328152000
368.8742555210629,241.1267772585606,333.05690,3330569000
507.96073954626996,222.28062577243833,333.32610,3333261000
721.5346447044212,351.24282668527553,333.55790,3335579000
929.4576128352052,418.5000801831186,333.77980,3337798000
1034.5751754408543,436.3348153609086,334.01350,3340135000
1130.3636581880198,450.36861089400577,334.28590,3342859000
1201.9527811202704,520.0077871407942,334.52280,3345228000
1214.2543790181817,532.5068108043117,334.75320,3347532000
1293.4322377654028,596.5348865131443,334.98260,3349826000
1366.1363900654494,599.8587914421425,335.21760,3352176000
1327.9315955196812,621.2673070948463,335.44940,3354494000
1321.3232864840313,625.4907499988808,335.67940,3356794000
1258.1571611629863,674.043742010724,335.91030,3359103000
1191.7431358630506,669.008747239358,336.13620,3361362000
1249.3608239385742,744.1044774376912,336.36780,3363678000
1206.0902608393844,767.6947126637513,336.60890,3366089000
1220.6925217844382,809.9158261131267,336.83450,3368345000
1200.6882016240975,816.7643043946821,337.05700,3370570000
1191.6995712960888,781.787018331313,337.31300,3373130000
1108.2713941321383,726.3062668328836,337.53810,3375381000
1019.8818949405962,684.2759547250305,337.76170,3377617000
935.5218394722486,621.6723822609251,337.98300,3379830000
868.4576188644651,616.9900135168186,338.24280,3382428000
843.3101403483404,556.8495787586959,338.52840,3385284000
818.2675005852728,510.4520636036335,338.74330,3387433000
816.1377122226236,517.9471123319184,339.02240,3390224000
745.6286526164611,506.57959438507856,339.23650,3392365000
703.0845348471119,473.45058457742664,339.48650,3394865000
724.0097931001442,427.4822078972767,339.70230,3397023000
759.4883322712736,436.8393152876726,339.91710,3399171000
777.3143364802162,414.64460778030025,340.13570,3401357000
766.761933246283,379.21475039406374,340.39210,3403921000
733.3076889409068,391.49242387891877,340.64530,3406453000
760.1743984588513,377.86797617018954,340.87970,3408797000
729.0107228621362,342.70460603718493,341.10590,3411059000
655.9115041051159,360.90188112864934,341.32840,3413284000
594.6470528696861,304.39360829045455,341.56110,3415611000
569.3327536435579,314.61882921200083,341.78520,3417852000
425.0176960391318,206.95005553611526,342.03850,3420385000
331.0432244664155,184.1207210955978,342.26620,3422662000
281.58072222943514,225.03140860207773,342.49870,3424987000
443.52447513635536,222.91777887909112,342.72210,3427221000
606.36871976822,224.41309608645855,342.95760,3429576000
849.0621469253284,177.93677305558865,343.18180,3431818000
1085.093029659235,172.31596052201618,343.44070,3434407000
1199.7303546917046,162.73601682401045,343.66950,3436695000
1260.785012724476,177.32537529991407,343.90230,3439023000
1290.2375006135546,156.8647182515881,344.12770,3441277000
1229.007733758761,222.5751674035838,344.35220,3443522000
1134.1467279831058,263.55693343373525,344.57940,3445794000
1242.4395635549674,284.2944761205378,344.80550,3448055000
1172.0168485453114,332.6645554681843,345.04500,3450450000
1077.8621956417082,380.1950985553867,345.26480,3452648000
1030.3085059798063,478.93879271619215,345.47510,3454751000
993.4709163579138,509.68226574524493,345.69170,3456917000
927.1181707810435,546.4459134686499,345.91000,3459100000
992.5051459693207,473.7010423475861,346.13670,3461367000
1180.2932887294346,427.38186532671557,346.35460,3463546000
1140.4428943723776,367.87420328960116,346.57470,3465747000
1134.4135922232238,372.02084647720903,346.80100,3468010000
1067.9339322618039,391.8789893044146,347.02420,3470242000
1081.0252967991564,396.4389187284163,347.24610,3472461000
1142.9306649511823,344.43659583838263,347.47140,3474714000
1158.9545511144781,244.29499668046785,347.69740,3476974000
1193.064524954809,247.04314218783307,347.92510,3479251000
1283.2939766316158,204.05189537027056,348.14310,3481431000
1132.952114535457,239.2982743710769,348.36890,3483689000
962.9246311939112,219.5260447171816,348.59660,3485966000
661.6423505117612,132.66389449938072,348.81620,3488162000
502.13082088054176,95.67817584598079,349.04120,3490412000
361.0111581847996,78.25242685228116,349.26990,3492699000
267.7030882056179,117.9680290878913,349.49120,3494912000
128.6299466787178,44.35632248947811,349.71210,3497121000
105.37984082606602,55.99499914861366,349.94680,3499468000
148.42393623668343,82.72391158891523,350.17770,3501777000
285.5499350546987,115.39295289984558,350.40500,3504050000
370.6357820361839,110.20369216967445,350.63390,3506339000
234.76126475353857,165.51470409350188,350.86310,3508631000
313.8909625210708,202.1137367743131,351.09190,3510919000
305.8527047724091,181.73892721401347,351.33040,3513304000
384.0407600912635,170.48414574468973,351.55750,3515575000
439.82215949389143,154.915731354974,351.78010,3517801000
515.5157236179981,144.8461039570668,352.00630,3520063000
647.7182886069652,115.40984960200932,352.22780,3522278000
744.8638682210645,122.01701215637524,352.46150,3524615000
739.0667159133153,268.08295530646274,352.68470,3526847000
862.4542976587261,303.99552039205014,352.91160,3529116000
873.2459595853713,349.2015172059311,353.13700,3531370000
882.3796408456874,515.6027577541688,353.37340,3533734000
978.437942073639,659.2546062731965,353.61510,3536151000
980.6826153137645,624.396675664522,353.84270,3538427000
957.1660169550659,573.8120591227436,354.06630,3540663000
934.4958542947663,576.6513709342022,354.28170,3542817000
961.7841855078506,560.8547687762045,354.50200,3545020000
1001.5602554680869,472.65000570919153,354.73210,3547321000
966.5496407022226,471.4999903453755,354.97040,3549704000
978.1349305306061,451.97752398778874,355.20330,3552033000
980.6315746843346,407.5080550958179,355.42920,3554292000
937.5367277537865,392.4733316794713,355.65310,3556531000
1007.9748283347732,404.7838289331717,355.87940,3558794000
977.2370303116819,382.90074660857533,356.09680,3560968000
999.1500696688142,394.421672826483,356.32090,3563209000
1044.872366733103,405.05075128613544,356.53050,3565305000
1033.915192313542,410.9359668099173,356.74950,3567495000
999.563013017213,410.6987128559458,356.96910,3569691000
1038.1624882110405,411.9233943096827,357.19850,3571985000
993.510234230348,404.9548597773467,357.43460,3574346000
968.0703220327671,439.9278925516683,357.69370,3576937000
995.4783670522773,450.9883356359327,357.95670,3579567000
965.147219186125,472.5099653649091,358.21410,3582141000
949.8728589431713,425.33320573216133,358.43700,3584370000
938.5227102773526,469.4482229653193,358.66360,3586636000
913.7054932167106,500.75139685800355,358.94540,3589454000
930.1585051271533,483.7623773480851,359.18070,3591807000
849.3211249577323,562.700374429849,359.39580,3593958000
901.8026780099894,545.4020691244195,359.62760,3596276000
910.5564823913876,502.6378148109715,359.87950,3598795000
925.2048873947494,468.6411010985138,360.15700,3601570000
966.8621361558518,500.5993166774373,360.43550,3604355000
1006.3039321026243,486.1376617030718,360.66480,3606648000
987.9171279554423,475.08387774915616,360.93080,3609308000
934.4542908887704,482.92551905376854,361.22450,3612245000
938.0357274832922,474.56807750164825,361.43860,3614386000
908.4142566135454,446.7875299689077,361.65360,3616536000
941.802695659002,438.49394791912596,361.87640,3618764000
944.9486888170435,400.10374540180663,362.09690,3620969000
977.2051146596643,383.0293113454872,362.31010,3623101000
959.8228201637336,417.3433629237693,362.55240,3625524000
952.0504931739264,400.7044718876716,362.83640,3628364000
853.6360314844094,413.25724643803267,363.08900,3630890000
691.4180490324433,426.22498670654693,363.31410,3633141000
511.7062104689803,385.56900770278,363.53730,3635373000
469.06837129666013,424.4153385915644,363.76690,3637669000
388.8575634366935,421.58871503791374,363.99230,3639923000
408.3475574545823,455.3193789657195,364.21720,3642172000
450.1831566669423,426.4737832615137,364.43990,3644399000
519.6174104181437,310.61445979522716,364.65440,3646544000
498.4527643058436,313.985016914546,364.87820,3648782000
440.13240299006054,320.16063137622865,365.09280,3650928000
436.1180759275078,332.54817531966853,365.33060,3653306000
610.3213585927888,359.5470409503428,365.56000,3655600000
776.8008000502391,397.51482883557037,365.80060,3658006000
746.2630251425173,431.12976781613077,366.03690,3660369000
831.629830390472,433.92300527153134,366.26120,3662612000
840.1779242930439,444.8158837189484,366.48030,3664803000
796.2316946334265,480.74271513891085,366.70440,3667044000
834.9961052169992,499.67698373576496,366.93630,3669363000
713.6681968169048,486.4167566543283,367.16050,3671605000
614.2349360533494,456.14203114099104,367.40750,3674075000
564.0848000050142,422.31946764140906,367.63340,3676334000
581.8392207115228,400.542984625866,367.86290,3678629000
748.4573159868664,479.40478217246954,368.08550,3680855000
860.1118808855318,478.20897483808403,368.31970,3683197000
805.7609220300968,455.42854508598083,368.52840,3685284000
799.1506530173152,405.8079888812111,368.74660,3687466000
800.4838399657006,386.2054348069621,368.97100,3689710000
787.4749598257274,436.174248690853,369.20050,3692005000
764.2833509838154,429.56809667766083,369.43060,3694306000
779.41597417597,434.86827993247897,369.66290,3696629000
727.6532255903878,466.1167159695235,369.90160,3699016000
732.3944209829575,448.92175885376935,370.13570,3701357000
728.7960324112945,457.81221674991633,370.36870,3703687000
643.3626949467667,430.36629563678366,370.60220,3706022000
656.1413303229433,468.4877975036292,370.82900,3708290000
681.3033874943245,480.1530020658698,371.05840,3710584000
692.1723790378674,456.61381501788327,371.28790,3712879000
703.0995047441744,470.81045344621367,371.51580,3715158000
773.2069101138599,496.37517440768437,371.72970,3717297000
765.6597372991139,449.1982592148107,371.94450,3719445000
863.6350769222149,442.4007510132337,372.16240,3721624000
948.4837922906441,456.179339589085,372.37970,3723797000
1016.9711665089328,359.8129765120811,372.60300,3726030000
958.7096553982761,291.5051830985993,372.82540,3728254000
978.9330119903698,251.8211961035386,373.05050,3730505000
936.8732291118728,203.61602918676726,373.27320,3732732000
970.1439650359869,161.54058943395145,373.52430,3735243000
931.9092713081739,233.68013166109716,373.75780,3737578000
1045.8377565446835,312.8401231761524,373.98480,3739848000
1156.2791377591036,341.0013056103071,374.21950,3742195000
1196.2554198168536,361.63939271858317,374.44610,3744461000
1214.9008231411478,404.1801007864555,374.67220,3746722000
1163.794883483564,400.1411725620601,374.89690,3748969000
1167.2961678645675,354.05710054048143,375.11590,3751159000
1120.7769108355772,397.8635907502743,375.33680,3753368000
903.5308458736272,372.7148972969303,375.56080,3755608000
729.654092245577,341.87634944729774,375.78290,3757829000
685.1958199198157,285.28989793366077,376.00610,3760061000
705.892495515861,238.52477947559254,376.22390,3762239000
871.4270669447661,366.43359773338557,376.44070,3764407000
978.3398207527226,382.75731989451583,376.66060,3766606000
1044.814111731342,398.1011195670073,376.88330,3768833000
1136.2383611149608,576.2711705258899,377.11640,3771164000
1178.8326691547516,578.1223602627406,377.34390,3773439000
1226.0676707082018,611.9958198612223,377.57170,3775717000
1309.490606080556,651.1288725867734,377.79460,3777946000
1260.3625842198273,739.4101265571272,378.01670,3780167000
1250.573885787824,771.9532982465363,378.24520,3782452000
1216.0913508346655,805.3559453406148,378.46840,3784684000
1163.8742029476368,828.6224505861501,378.68290,3786829000
1145.1764159924642,853.8337415960327,378.90470,3789047000
1186.9717206302962,861.3185572548564,379.12640,3791264000
1168.812376536319,865.1679114531277,379.34880,3793488000
1136.9353342874324,851.460496534617,379.57580,3795758000
1167.099681471352,801.0269750400828,379.80330,3798033000
1276.2405422936117,638.3899755183716,380.02450,3800245000
1393.3387150934943,506.9335910696632,380.25750,3802575000
1271.4670490505448,361.9729330337534,380.48550,3804855000
1253.6249940493076,272.6467208879306,380.71550,3807155000
1141.8063564755569,233.01551379161032,380.94660,3809466000
1062.3300893085884,256.4335556004338,381.16830,3811683000
1059.9727181501837,268.7751999660999,381.39330,3813933000
993.4509043765208,263.0610236895201,381.61050,3816105000
911.8309642709384,271.4327925979439,381.83960,3818396000
1013.42541773506,338.1478743167579,382.05900,3820590000
1087.9682696295204,331.8487661430026,382.27620,3822762000
1074.9163725071508,462.9528381164261,382.51790,3825179000
1028.0401283786298,535.4356292772017,382.73680,3827368000
1041.8690871656165,549.4218281148877,382.96070,3829607000
1036.0774132645834,521.2891089614944,383.17600,3831760000
881.0440674413935,476.5749408175816,383.39800,3833980000
666.4089642617313,402.35029430238234,383.61490,3836149000
499.4270225024384,299.03658118050026,383.84450,3838445000
416.6745502019715,254.2379641919901,384.09650,3840965000
273.6499153236053,265.5070395938336,384.36480,3843648000
281.34089038434496,176.94168420308264,384.59390,3845939000
306.8114879871008,180.0717170417604,384.87830,3848783000
373.04517634345143,205.77433829939844,385.09850,3850985000
505.0125820110886,159.0147136057544,385.32850,3853285000
562.0125508668049,97.94915529817901,385.57020,3855702000
585.1260085192747,112.63140781871648,385.80230,3858023000
627.2061451223695,85.31838673925962,386.03010,3860301000
711.9477577162246,100.88713232475732,386.27240,3862724000
671.8393583670864,125.78678267285876,386.49870,3864987000
771.6344916994533,149.33852986188234,386.72790,3867279000
702.9482346624586,127.07094551482527,386.95090,3869509000
662.7952438147503,124.4297564118975,387.19610,3871961000
469.9722201958469,113.37342369251361,387.41790,3874179000
395.0279824980694,76.23187636583398,387.64080,3876408000
350.57407641194976,136.5933108328794,387.86960,3878696000
335.72848117611085,112.04855893736524,388.12120,3881212000
505.61493636695116,100.20879813799392,388.40010,3884001000
605.264066752298,128.35548505764768,388.63380,3886338000
735.475338117713,172.81735326721,388.88050,3888805000
999.3473443500376,204.66332793342974,389.11630,3891163000
1257.8709564517665,179.2194681173798,389.35420,3893542000
1402.693012420663,197.29224292900872,389.56910,3895691000
1458.5995799487987,196.16406179667592,389.79780,3897978000
1506.39625746642,176.65532269689714,390.03230,3900323000
1399.9576027959665,166.5188506967661,390.25970,3902597000
1425.994028591055,155.08963592541457,390.48730,3904873000
1338.4101538040215,206.8856492637099,390.70610,3907061000
1244.3095965746975,232.27012425006228,390.92950,3909295000
1133.9802044022929,207.86162365955195,391.15170,3911517000
927.9854215910631,206.75818857171643,391.37410,3913741000
684.1155688144231,167.6700270947547,391.60260,3916026000
514.3045941884247,156.57783416887153,391.82640,3918264000
330.3607997746359,161.88888357519036,392.05380,3920538000
217.53635129301998,134.95376509001596,392.28970,3922897000
226.5546223423736,208.4286598603564,392.52840,3925284000
154.87991368039857,182.3646358376587,392.75560,3927556000
110.64500319422575,148.8496605119943,393.01880,3930188000
99.47667958412002,112.93963298882005,393.25320,3932532000
141.95161951150595,84.73532783848727,393.48120,3934812000
154.0718956668465,61.259676714190455,393.71560,3937156000
235.9080114518856,85.57280720884452,393.94140,3939414000
281.212658953233,42.34862366430432,394.17100,3941710000
310.14235452567203,34.50457395057764,394.40280,3944028000
358.8227671851241,47.38677910121238,394.63060,3946306000
395.86033745485446,71.25159931628058,394.86750,3948675000
416.0616455114723,73.13889468565469,395.08280,3950828000
519.5153669863134,93.48171398267277,395.30360,3953036000
564.7603928325805,51.16162394695136,395.52700,3955270000
605.7856191753469,69.03144142671138,395.74590,3957459000
726.0911937350244,131.72747221881744,395.98480,3959848000
770.3909194888514,108.59212836432957,396.20530,3962053000
701.6894101403793,171.04727449824878,396.43200,3964320000
617.78071494802,176.70200767841558,396.65290,3966529000
584.8686741404508,159.23704303581798,396.89780,3968978000
531.2175127929245,172.73815602621735,397.12710,3971271000
614.2894807216825,157.55816107733537,397.36220,3973622000
686.0396101794722,145.3628811643292,397.59430,3975943000
741.4321721567794,137.66263427141743,397.81390,3978139000
881.5573681366319,199.49334996061907,398.08120,3980812000
1048.8399089007678,225.58359270381726,398.30800,3983080000
1237.7543516150483,217.10987252654317,398.52850,3985285000
1330.9009562294623,188.39792875512455,398.74910,3987491000
1410.6007716615604,188.10950384532853,398.96810,3989681000
1214.5592194534538,231.46593927132142,399.20700,3992070000
1090.8951244086147,214.62200919406197,399.42670,3994267000
1024.0314667138443,215.27364848236414,399.66510,3996651000
856.6726964324582,255.8358924290353,399.88730,3998873000
677.2413573710988,240.6264464940154,400.11480,4001148000
528.894108039358,240.47006118677848,400.33930,4003393000
455.1531066381706,221.86481175156777,400.57060,4005706000
414.35615182893275,197.10373170682544,400.79220,4007922000
545.4447503554886,201.27377551704706,401.02060,4010206000
622.556904469993,199.07488128005323,401.23700,4012370000
539.3073079263556,155.49302874622578,401.45490,4014549000
374.69441283093437,167.82600927397732,401.67560,4016756000
450.1231914636176,231.8041312409004,401.92190,4019219000
396.9512390356862,204.55199336996284,402.17200,4021720000
294.9484065957508,145.95470581586144,402.40610,4024061000
257.3374776884822,195.7946997811743,402.63300,4026330000
264.6597061369256,136.23974228478525,402.85360,4028536000
214.0426726987161,135.03067108369808,403.08640,4030864000
208.87307421375942,112.72237985665858,403.34010,4033401000
142.3720933434351,92.76707976992589,403.56940,4035694000
275.76624153320273,104.89920735150268,403.82450,4038245000
380.4958754141582,140.03120660329662,404.05840,4040584000
363.4872009187775,125.22221591535136,404.28650,4042865000
351.21366667761095,70.3745733874756,404.50630,4045063000
510.0781189127747,69.66074575809381,404.72370,4047237000
612.3607025453824,121.33321452072548,404.96200,4049620000
718.0398174032956,177.3174887894757,405.19520,4051952000
814.295509941182,209.75816721201718,405.41460,4054146000
893.5127493088264,240.60053100651382,405.63330,4056333000
921.2893942782351,284.06960525205665,405.86520,4058652000
1015.6251644667427,351.56156160000535,406.08930,4060893000
993.2663861593454,286.40241739468615,406.31200,4063120000
975.4454459945377,270.9789551325438,406.52980,4065298000
1016.000441480714,315.8739333055029,406.74940,4067494000
1056.7668617492347,344.4689565170376,406.97450,4069745000
1094.518278152991,356.4951313912257,407.19850,4071985000
1106.1019356606423,312.8345841547928,407.42660,4074266000
1105.919327495604,284.9814709240439,407.64890,4076489000
1125.4986653973472,276.8016032727475,407.87630,4078763000
1126.3404744400527,324.139491282513,408.09810,4080981000
1098.5885055381634,339.26738946595736,408.32500,4083250000
1110.8432370738567,350.2899779810739,408.55290,4085529000
1077.6242288639758,293.8250759042706,408.77830,4087783000
1148.4493363868376,269.4552334267133,409.00170,4090017000
1079.2668606521104,270.85444179207735,409.23390,4092339000
1026.3619722959277,249.7967729835586,409.45910,4094591000
970.701061135543,275.763069836966,409.69280,4096928000
1010.7662921563435,307.1862892546501,409.92530,4099253000
926.5717532296087,330.9230127097187,410.14930,4101493000
842.3866872952275,317.73182105823315,410.37770,4103777000
822.1161031389988,307.8780914866526,410.61150,4106115000
801.0547763013792,309.0477169138354,410.83700,4108370000
727.653817747632,323.74119810762147,411.05520,4110552000
534.3055779895208,294.1894613002229,411.27490,4112749000
386.3806757881782,274.69850273399146,411.49790,4114979000
250.2203071744942,315.879317143101,411.72530,4117253000
151.77797815109943,285.14306936960133,411.95290,4119529000
240.66714879993583,285.4162130454222,412.18230,4121823000
376.3019240782423,268.12103900776424,412.40060,4124006000
473.38372731283823,258.3545186816955,412.62410,4126241000
610.0686431590955,274.0909865149187,412.84320,4128432000
795.0531989738788,343.79129517663176,413.07630,4130763000
719.4762360410064,355.629163180207,413.30140,4133014000
717.8613205269128,360.5128881743812,413.52570,4135257000
509.9121378440051,379.0643475138232,413.75120,4137512000
511.17402515643147,327.91251330861155,414.01670,4140167000
558.010819844947,285.6509199702255,414.24060,4142406000
523.1640121579482,195.713232174355,414.48160,4144816000
479.10416785110976,176.68790852901637,414.72160,4147216000
508.8649229083515,175.13798792791616,414.94400,4149440000
542.0378129352304,164.63641224128696,415.17020,4151702000
607.7265092434302,144.40596294941554,415.40330,4154033000
609.8086104371152,110.84027686003054,415.63180,4156318000
646.1951221180889,148.46899439794953,415.85480,4158548000
702.6952532425391,162.90289648715188,416.09540,4160954000
672.6881888202262,171.84825783088638,416.32670,4163267000
697.423027106088,222.3005846443424,416.55470,4165547000
814.2739163354773,217.7438694364043,416.78450,4167845000
914.1977020099823,225.9619569365888,417.01730,4170173000
944.589219429613,211.42531724807816,417.24220,4172422000
927.7605930368334,190.01817508775602,417.47940,4174794000
957.8442849389868,161.50890130898603,417.70770,4177077000
995.5023111448014,149.8490051592602,417.95160,4179516000
1058.4424246017484,168.39530213608862,418.18640,4181864000
1026.015070055187,234.4314029311252,418.40680,4184068000
924.544033396431,281.25125010009464,418.62820,4186282000
783.8602732778037,311.3473717027123,418.87010,4188701000
579.2789941222841,261.12485757279507,419.10010,4191001000
458.1827583670993,243.88972169424744,419.33320,4193332000
396.59256229898375,207.13211673849332,419.58920,4195892000
304.70203631619387,178.24731987816816,419.81060,4198106000
327.6947858236407,185.76757646932634,420.03180,4200318000
309.4385781648118,231.20545373197655,420.25140,4202514000
303.0950174086343,277.73878963577704,420.47450,4204745000
279.1329788943384,269.1220552773562,420.69150,4206915000
182.49001790172665,232.7693174557294,420.92810,4209281000
208.3290382775033,194.07795758429273,421.14830,4211483000
259.21528718594595,181.08124641187595,421.36570,4213657000
368.6568696392608,182.20619727136685,421.58980,4215898000
401.5799750919311,179.22903510093542,421.81260,4218126000
469.30763335680035,171.84280809808726,422.03000,4220300000
512.9004556741659,143.1262545731329,422.25080,4222508000
537.2420506404338,99.71493332680194,422.47190,4224719000
572.4450114714739,153.08109697744948,422.68970,4226897000
541.1293729956112,156.8617959972305,422.91620,4229162000
663.4169075551661,156.60449829026834,423.14240,4231424000
743.9040556411585,174.50504893121627,423.37110,4233711000
839.8806673004804,201.25350144062398,423.59040,4235904000
946.8569663991825,179.69221907569533,423.80850,4238085000
1055.9113476831467,173.1545756984197,424.03450,4240345000
1099.7500350415658,140.8331167332396,424.25560,4242556000
1123.3622615260908,141.9388435527884,424.50050,4245005000
1001.084024047404,183.2534159572315,424.72420,4247242000
933.1272385769122,180.9071818098887,424.97600,4249760000
905.4501468837756,174.4362090679473,425.19680,4251968000
845.3302391354304,214.27041103302602,425.41910,4254191000
874.0136432437141,240.2157287429631,425.63960,4256396000
895.5759430469993,248.1937001285272,425.88010,4258801000
867.6275981824085,225.38923177413935,426.10420,4261042000
840.4439504643244,261.50379102309836,426.33270,4263327000
863.6708425645617,268.4195861455766,426.55280,4265528000
820.807372981827,254.95005379511048,426.77370,4267737000
824.1568392671653,291.4537860407765,426.99950,4269995000
821.7134681967086,273.71559942258375,427.23470,4272347000
822.8156454858769,310.3689541088419,427.48310,4274831000
831.337406728418,272.0285687499147,427.70380,4277038000
858.6320730767394,217.31423889119716,427.91730,4279173000
823.9442390809432,251.05917013508616,428.13990,4281399000
840.2397033590902,232.2114384621285,428.35760,4283576000
875.3786586511762,232.8985742231617,428.58040,4285804000
894.800079412464,264.38858272283073,428.80620,4288062000
883.250376436042,250.55725423350992,429.04770,4290477000
948.7754490069888,397.85251268316335,429.26630,4292663000
1054.489901705811,415.4411446319777,429.51430,4295143000
1095.710553057678,443.2958775912917,429.73280,4297328000
991.038995320926,504.30474991069747,429.95150,4299515000
1022.0133650583464,547.3328645761275,430.19940,4301994000
1039.4462279184215,556.6323203534052,430.41420,4304142000
1085.045983426866,542.2505016613212,430.63280,4306328000
1055.8373606054902,492.9216941463668,430.85170,4308517000
994.1593785490356,478.19471604647464,431.07660,4310766000
925.5746145110627,469.2115756832087,431.30450,4313045000
955.9935741107378,414.76345614432114,431.51730,4315173000
885.9086512800113,354.9097820984491,431.75050,4317505000
871.5538659586161,369.1886204496542,431.96390,4319639000
934.4792900470685,424.3891002691932,432.18590,4321859000
968.3566765309047,425.7130427684028,432.40860,4324086000
880.7055446823725,401.8774675709375,432.64760,4326476000
903.7462843507858,413.4414490973998,432.86980,4328698000
921.3911500978952,410.7617017665232,433.10050,4331005000
939.1119914991544,425.567179791384,433.32960,4333296000
988.9577355611498,457.6264474297717,433.54710,4335471000
1033.8458583334675,441.795082883527,433.78230,4337823000
1059.2962156269439,443.6233788302162,434.02280,4340228000
1096.1321916201034,442.77537668241564,434.24740,4342474000
1131.9814091417595,417.42132883728885,434.46350,4344635000
1097.274995381412,385.95076807401745,434.70180,4347018000
1047.5818163193937,396.8561598629706,434.93740,4349374000
1101.5201126764869,466.79041057663613,435.16910,4351691000
1184.4151544829379,458.3624364459321,435.40460,4354046000
1216.7400372341285,435.2019240329215,435.64410,4356441000
1262.702426932356,351.8880248553522,435.89340,4358934000
1256.4825199076772,378.61490174046554,436.11690,4361169000
1246.876878422102,399.5412177461976,436.35010,4363501000
1234.954175309701,485.28457246804055,436.58440,4365844000
1239.3926150805748,498.2073065945613,436.81420,4368142000
1214.78444744137,488.30828523943325,437.04760,4370476000
1202.2667183157214,430.97567129498026,437.33120,4373312000
1128.6628136837444,400.16163625284526,437.54610,4375461000
997.1636146799954,392.4769682621971,437.77020,4377702000
954.109163180134,430.0727358891944,437.99210,4379921000
962.6733369957044,460.90825201280904,438.21770,4382177000
1092.8587347123691,500.69516953795886,438.47980,4384798000
1119.5461439893343,595.7323818155509,438.72830,4387283000
1062.7140249841934,658.3665760076464,438.96110,4389611000
1003.783091056248,636.7956388064422,439.18750,4391875000
935.7173387911943,638.7663117361617,439.42380,4394238000
844.3025313621664,648.7814249678122,439.65050,4396505000
846.7660465657847,703.1287241337915,439.88970,4398897000
820.809224788301,730.1343411770902,440.11340,4401134000
804.9131682190292,731.1743908030043,440.33830,4403383000
783.1553649020082,656.4167443511501,440.56530,4405653000
797.8425980088775,613.9202105812401,440.81210,4408121000
824.6072871626033,580.2999012520388,441.03830,4410383000
865.9443366939412,536.981629495205,441.27030,4412703000
975.6929883143749,508.7315588167804,441.51890,4415189000
992.726472069788,482.1368917051999,441.77170,4417717000
980.059823255355,404.6168821849361,442.00800,4420080000
1014.3208155188352,371.16653654035173,442.24110,4422411000
988.1594030785739,358.4170956119881,442.48260,4424826000
860.2327532506521,348.2177818466293,442.71880,4427188000
749.8535850380481,292.57620385952913,442.94760,4429476000
604.3397530763731,267.4182535486442,443.18340,4431834000
480.59831738783885,256.69572760596685,443.40350,4434035000
413.4777933033754,257.4196471579332,443.62390,4436239000
422.7708098851278,207.92231617261518,443.89670,4438967000
508.9633150485532,211.0956701068136,444.11160,4441116000
470.6673262641465,224.71886202546304,444.34930,4443493000
388.1277610987113,187.33368703869547,444.56630,4445663000
406.3416632352661,192.89714568347324,444.78160,4447816000
394.1063906433082,236.64670110734474,444.99540,4449954000
442.1958741273035,246.48732643467739,445.21580,4452158000
382.6719712085419,264.4549145745528,445.43800,4454380000
520.1351284938136,292.7220113721228,445.65390,4456539000
613.2775038947364,330.16022145674424,445.87560,4458756000
734.0930361162916,340.35882766058126,446.09530,4460953000
858.8328104749306,357.9781056119078,446.31320,4463132000
1001.3595721681493,383.1922557974549,446.52600,4465260000
961.1382433389184,381.7408769985625,446.75410,4467541000
859.7237662162155,362.86726197033374,446.97160,4469716000
900.1033286492631,367.8958207741595,447.17940,4471794000
885.0033900815146,367.0441521756234,447.39610,4473961000
982.3633749478473,388.692534107948,447.60520,4476052000
934.9623536615734,404.1943724710114,447.81250,4478125000
877.560567767685,355.82229329672475,448.02550,4480255000
973.6896156329648,406.91117418657285,448.24280,4482428000
973.4049291851827,348.00440844921087,448.45700,4484570000
988.336381328731,367.73001815882,448.67420,4486742000
945.375556253167,371.41282673452383,448.89500,4488950000
955.8490251083659,333.8648507182544,449.10780,4491078000
907.0304525076792,325.60697928743934,449.33210,4493321000
938.3740581650378,316.99621053392747,449.54810,4495481000
920.2715236407737,308.6725666856789,449.76630,4497663000
947.8062032438548,341.4823200994742,449.98360,4499836000
893.8655660995021,359.57637682673027,450.20310,4502031000
929.3495758300023,405.85654740591707,450.41890,4504189000
980.084854820365,427.1071497300678,450.64140,4506414000
930.316596686409,440.47502079634194,450.86510,4508651000
941.9052627889702,466.8298127202842,451.07890,4510789000
942.5328280707784,458.38311069052327,451.28630,4512863000
751.2327271565409,413.818164073544,451.49600,4514960000
627.1270919762223,364.31203722097206,451.70930,4517093000
473.9033372172676,358.1220354379638,451.93620,4519362000
388.90888261466966,312.9400504430983,452.16140,4521614000
250.73224780651236,248.22864621404733,452.38320,4523832000
188.184763957013,219.66525133370817,452.61370,4526137000
186.7547774132339,176.13851907314137,452.84120,4528412000
158.82580732053594,138.8842346667661,453.05920,4530592000
183.06970388844522,126.970392656936,453.28000,4532800000
196.39217488267383,111.687335002953,453.50450,4535045000
217.90700901249727,142.23680809124463,453.72720,4537272000
364.4955473217198,132.55384925317327,453.95820,4539582000
408.8896285041985,160.52561691453863,454.17540,4541754000
452.7221102273304,203.66935717311722,454.40340,4544034000
449.7739157349378,161.37533016485168,454.62150,4546215000
564.7655161019945,228.53975945625487,454.84630,4548463000
658.562151174883,269.3355854845405,455.07630,4550763000
735.960116402347,305.31544127805927,455.29470,4552947000
815.5370568738131,352.55654143783494,455.50930,4555093000
916.4167823401406,418.61814196924337,455.72040,4557204000
929.5583855284713,467.14014215736506,455.93890,4559389000
933.1737301813259,493.6763014506461,456.15270,4561527000
958.4662725377179,531.7676805471439,456.37130,4563713000
955.3270008067464,547.803254190803,456.59280,4565928000
962.072277880678,562.9975309220076,456.80650,4568065000
918.5363757199254,585.8350536979692,457.02520,4570252000
893.9524829275634,590.266180493447,457.24070,4572407000
840.1253831512529,577.0157908088484,457.45210,4574521000
876.0164243802022,589.9258926134162,457.66360,4576636000
824.1358651402526,583.8042829271072,457.88000,4578800000
805.4219614033208,611.5657076387756,458.10200,4581020000
851.4939381083163,621.1405390468369,458.31710,4583171000
789.0823211046653,585.1699959945024,458.53060,4585306000
752.420553950112,581.5074197699234,458.74690,4587469000
723.3169122120117,594.3844547090306,458.96250,4589625000
746.6852759587559,594.278865128684,459.17560,4591756000
737.2277641643608,610.2269533589013,459.39560,4593956000
768.3296690348167,608.7860526725452,459.61110,4596111000
756.1965464274218,609.6585461659913,459.82890,4598289000
801.6471038240625,638.2895360002855,460.04700,4600470000
778.172433868829,637.4687043216161,460.26450,4602645000
756.5141124125137,602.5744053614227,460.48500,4604850000
662.5266632666777,545.9407326130984,460.70880,4607088000
727.0000464816727,539.3258585100356,460.92650,4609265000
725.6510463632015,553.1704684394606,461.14080,4611408000
771.6525869497576,553.2395800930001,461.38320,4613832000
759.434160407199,515.3225514742154,461.60160,4616016000
689.2802769648524,485.34392143082954,461.82230,4618223000
606.7795601839027,459.28914054665387,462.03460,4620346000
649.5125796052071,504.1897688310429,462.24680,4622468000
682.9403786622249,499.71817612430993,462.46950,4624695000
731.9831489607914,492.8431832591526,462.68750,4626875000
740.9361581944712,491.7632300745211,462.90380,4629038000
759.135468228511,495.3768090364411,463.13800,4631380000
730.6652736767053,467.05025519497553,463.35560,4633556000
751.2764595860515,505.3903601827933,463.57300,4635730000
787.2446031226159,520.7339384634995,463.78950,4637895000
762.1319483518097,513.9248938515719,464.00940,4640094000
771.1890924142355,515.5001689071943,464.22100,4642210000
731.875437738656,499.7500096732558,464.43460,4644346000
716.7859246743233,455.123780658921,464.65680,4646568000
774.5922068827442,410.57199903985247,464.87670,4648767000
765.0312252144196,455.273989204399,465.08500,4650850000
828.0198198446622,461.8273803580972,465.32360,4653236000
846.4102486914205,479.4566452831362,465.54000,4655400000
830.586012540782,513.1129806569265,465.75670,4657567000
849.4325912006042,489.3759529766307,465.97290,4659729000
847.4665214191721,504.7445904213902,466.18110,4661811000
858.7822323021601,471.400352443657,466.40000,4664000000
964.5625339528319,474.91707850766113,466.62110,4666211000
977.8556031480302,453.32642286062804,466.84520,4668452000
1051.4340438668273,478.0773521996324,467.07040,4670704000
1162.560971281647,500.94543513497456,467.28390,4672839000
1228.8324438805864,524.0708302167282,467.50900,4675090000
1176.5552182955169,553.567684327337,467.72790,4677279000
1118.1008431180915,573.2266507384071,467.93940,4679394000
1160.745830248409,583.8682911076255,468.16010,4681601000
1170.7129703300538,564.1694084414936,468.37540,4683754000
1174.197293432501,564.2305626398676,468.60390,4686039000
1151.684706724795,606.9997661821404,468.81940,4688194000
1204.1829650892214,647.9711676749473,469.04310,4690431000
1238.1487271695705,684.1668700558162,469.26420,4692642000
1192.059938183689,703.2357093739022,469.53980,4695398000
1164.792872439664,698.4997155433653,469.76510,4697651000
1102.8204271648854,646.8272533460625,469.98540,4699854000
1103.8408851418285,657.4661909325206,470.21380,4702138000
1104.5684209596013,691.5854850779887,470.42500,4704250000
1103.6233334499711,681.9719769456912,470.63350,4706335000
1123.9339848344666,669.7772356653039,470.85020,4708502000
1094.2143574599097,645.2551315233719,471.08010,4710801000
1157.9224485190398,680.7253462753563,471.29150,4712915000
1142.1646886405497,695.706143837974,471.50880,4715088000
1119.2082963191422,719.625505153551,471.72260,4717226000
1178.1780124169036,737.6314167104423,471.94120,4719412000
1146.2622847804953,690.6465206417937,472.16060,4721606000
1156.4624902390312,691.3888368824305,472.37670,4723767000
1172.2542409112837,695.990181973454,472.59480,4725948000
1145.0237193260832,717.2403609562166,472.81440,4728144000
1201.6626011618969,705.4843859131161,473.03020,4730302000
1242.726034464866,693.0912146575638,473.24920,4732492000
1189.504655643332,670.2340354747547,473.47170,4734717000
1118.9245594392219,628.788725493182,473.68330,4736833000
1114.0227900489363,611.4544041775916,473.90630,4739063000
1115.6929088121883,584.6410362362464,474.12280,4741228000
1114.788198210928,563.2586264779563,474.34220,4743422000
1103.4292966863834,561.429518666659,474.56240,4745624000
1074.7230563351375,566.1603535955143,474.78400,4747840000
1043.9378321819083,541.450502377665,475.00920,4750092000
926.9683986258901,511.05636320459683,475.22330,4752233000
928.4180891012555,529.2154234536963,475.44310,4754431000
951.9466447497147,582.1556562045018,475.65830,4756583000
987.716448286618,596.0565922449143,475.88300,4758830000
1044.603594298943,593.2456912986073,476.10470,4761047000
1067.7770864858865,625.1933997079392,476.32270,4763227000
1044.4284205987685,623.9535185024399,476.53630,4765363000
1076.6893622419577,633.501561717592,476.74490,4767449000
1140.9894965381386,675.1100556011191,477.01420,4770142000
1174.403364296197,724.5234173494741,477.23810,4772381000
1204.114772202573,734.1578268486754,477.45370,4774537000
1236.6325928967158,716.1311759321131,477.67540,4776754000
1257.710915091681,720.2520613033358,477.92320,4779232000
1321.7033342862533,749.7905647005288,478.16900,4781690000
1321.671061413053,759.9543209991094,478.38780,4783878000
1307.314640780565,758.0219051021405,478.66200,4786620000
1301.6625060497563,751.0831584356301,478.89670,4788967000
1363.9830498738888,771.2743246491216,479.11050,4791105000
1357.541906397356,780.2685125136114,479.33370,4793337000
1349.4119828335554,765.1351124328297,479.57920,4795792000
1376.6978369158483,769.2815994682413,479.84580,4798458000
1374.844552780865,763.0127215106896,480.06880,4800688000
1338.3011938131945,697.4025414673622,480.34510,4803451000
1391.3857898988474,694.6120396249073,480.56570,4805657000
1373.6210456583556,723.6252230878961,480.80890,4808089000
1379.3591130228558,706.5837489080591,481.05350,4810535000
1376.8001826455425,721.7709364916968,481.30490,4813049000
1190.2993021750963,651.0390509736214,481.57720,4815772000
1089.70464298497,601.1779709547276,481.84790,4818479000
1008.6023759784854,584.3803367712078,482.09400,4820940000
985.9502064456516,550.5420777968526,482.35630,4823563000
858.5647760163745,543.5671497461738,482.61580,4826158000
781.3245171018616,500.5630957762886,482.83880,4828388000
762.603941355679,495.81487795697734,483.08790,4830879000
789.3402014766544,505.1720053631373,483.36290,4833629000
678.2052404738623,441.1753813703748,483.60530,4836053000
641.4561176051126,378.4667884566536,483.83010,4838301000
674.6620177074687,357.20909143841,484.05130,4840513000
662.4247027904403,284.98138055815184,484.27480,4842748000
640.8090449092766,273.2121961458218,484.49660,4844966000
612.9213863094626,259.94518930532,484.71240,4847124000
679.7681237266257,279.31426219352846,484.94710,4849471000
665.6180565176168,267.76688888276124,485.16790,4851679000
686.1891953459796,302.4194314434193,485.37750,4853775000
699.8755275481905,330.64730731009934,485.60210,4856021000
662.6107596168487,330.5130046515243,485.81190,4858119000
683.9721588465493,313.1906203718486,486.03300,4860330000
656.7631352952976,295.3034399231011,486.25230,4862523000
612.8452562275864,287.62240521089217,486.46710,4864671000
761.3227993287081,306.60858581468625,486.68360,4866836000
889.681797327348,307.68790720021883,486.90480,4869048000
995.5625229730075,332.8690838286609,487.12280,4871228000
1061.752092840567,353.3268969988114,487.34590,4873459000
1029.546595306808,428.96223165574025,487.56740,4875674000
1002.7632044450974,364.0397965320605,487.78350,4877835000
977.6889994575286,346.7109156155976,488.00550,4880055000
964.2290056959135,354.44002476180674,488.23120,4882312000
1131.0610131281373,482.74314834660703,488.45750,4884575000
1221.5958646306092,558.9886612079605,488.67850,4886785000
1299.6069577757935,629.3930033635769,488.90040,4889004000
1372.83817766133,661.9529806772091,489.13020,4891302000
1290.6672104175093,642.5307162399527,489.35120,4893512000
1220.7130943751126,624.5020217849029,489.57070,4895707000
1207.6545680519093,622.1831739361118,489.79530,4897953000
1236.8362600847265,637.1127396359142,490.01720,4900172000
1290.649485797763,725.1811459939702,490.25000,4902500000
1344.9592483527194,769.1864550991813,490.47370,4904737000
1278.6346459381773,733.6884535182992,490.73840,4907384000
1201.3196554788474,683.7122803580239,490.98610,4909861000
1161.7607055647466,639.2815726284932,491.20760,4912076000
1226.2097994326302,617.495995191773,491.46420,4914642000
1360.607758791944,626.5990978114729,491.68700,4916870000
1386.7920705865754,631.4631133611906,491.91050,4919105000
1441.258180736569,621.7983626164338,492.13200,4921320000
1500.3487903092087,652.558635062103,492.36680,4923668000
1536.1538559058056,636.7146567332843,492.58170,4925817000
1573.8912679398152,586.2072431335386,492.80230,4928023000
1566.375185018371,508.91738803198643,493.06110,4930611000
1593.8629088973921,526.4560560296068,493.27960,4932796000
1539.7918551527682,521.3646187679452,493.51980,4935198000
1564.5324548392166,550.6159465862141,493.73950,4937395000
1590.3899413749145,583.811454531811,493.95330,4939533000
1524.3868458846714,591.6685675043013,494.17190,4941719000
1490.8523803393,598.2750669687222,494.38820,4943882000
1457.8150675270351,600.8174434929426,494.61150,4946115000
1430.3090165496117,599.5609306709895,494.82410,4948241000
1399.6807240923695,603.1875190982863,495.04120,4950412000
1367.8191704434214,633.2752189846206,495.25530,4952553000
1379.51121601317,641.8577979201216,495.47240,4954724000
1378.310413757374,672.2546317499567,495.68660,4956866000
1387.6817475316066,630.3391736421743,495.90420,4959042000
1404.3035983448415,498.54786583252167,496.12730,4961273000
1447.1835638868095,440.6858489463374,496.34920,4963492000
1469.5908007457479,504.7354891698973,496.57020,4965702000
1454.1861788658516,546.9427664556571,496.78370,4967837000
1463.3806415115762,583.225726429868,496.99980,4969998000
1490.7185598678614,648.9110795733933,497.26960,4972696000
1440.9905096010698,648.6360799951493,497.49010,4974901000
1435.8077306945884,626.0429316414977,497.71290,4977129000
1362.6793856988884,590.9790990927133,497.93980,4979398000
1348.0699413425525,633.5570842979505,498.15720,4981572000
1361.9076167650423,643.6318167331661,498.37250,4983725000
1365.1541566201413,624.8241848450645,498.59290,4985929000
1376.2207527350279,621.7021573159931,498.81290,4988129000
1412.314393697295,653.2831782065084,499.02600,4990260000
1397.141521879288,635.9465360342995,499.24350,4992435000
1414.6537821083593,638.814894578307,499.45710,4994571000
1453.9581985270224,667.6359625457512,499.67560,4996756000
1465.938914857027,642.6168765202389,499.91560,4999156000
1398.3144030576702,656.9741160492837,500.13890,5001389000
1473.113803530738,729.9441399155021,500.36660,5003666000
1448.8492121086597,739.9865648216379,500.59250,5005925000
1508.1288644121869,744.0465638919658,500.81090,5008109000
1550.2589832886722,749.374454392145,501.04110,5010411000
1537.8720622555563,722.9649329271728,501.25420,5012542000
1298.3037070495232,661.0556844270535,501.46900,5014690000
1105.8479511855287,610.4344635113837,501.68140,5016814000
853.5370958850682,539.1423363520483,501.91470,5019147000
634.3002665468885,408.9173477778031,502.14990,5021499000
574.8308172176681,288.7545938073514,502.37350,5023735000
449.0969683740367,158.84652889219305,502.58970,5025897000
349.2737872286475,73.09383977787408,502.81730,5028173000
149.49323754205057,12.098553478872285,503.04790,5030479000
179.85018381643619,24.37331425993863,503.26730,5032673000
312.255189895482,74.77650587402084,503.49110,5034911000
317.9891197111206,44.004774315929296,503.70760,5037076000
441.23284127117944,48.99748642666115,503.91340,5039134000
636.0502316032556,159.6557078593736,504.12120,5041212000
749.2886614662025,256.05288648912494,504.32330,5043233000
866.9595430478902,274.0811926575884,504.52470,5045247000
1003.3980595152893,371.06026040501405,504.72410,5047241000
1153.9679835802788,480.2666365571184,504.92390,5049239000
1346.3157054263831,588.1657001690403,505.12340,5051234000
1457.6469355787533,662.0714719686224,505.32700,5053270000
1538.0599088726037,714.2264536593073,505.52500,5055250000
1573.9885590745478,711.3057817152736,505.72890,5057289000
1615.2059531444415,720.4267325224494,505.93390,5059339000
1628.0626218034392,695.6750463627191,506.13830,5061383000
1631.3616050087805,616.2615814657482,506.34220,5063422000
1567.3954675723564,562.3639712199874,506.54790,5065479000
1561.943895947227,511.56204381918303,506.74830,5067483000
1604.868316336497,461.1017133670753,506.95390,5069539000
1557.2200153773406,436.6873973492603,507.15810,5071581000
1587.8511997290295,513.1593283284161,507.37320,5073732000
1519.4136759216694,573.5145284176564,507.58430,5075843000
1594.2998580819155,601.3539554081832,507.79900,5077990000
1493.4068449430993,586.3842588826129,508.02270,5080227000
1484.0656079628736,567.673361588441,508.23500,5082350000
1460.8767540816139,555.9124887465533,508.44330,5084433000
1486.020250192073,552.5956002036232,508.65390,5086539000
1513.6297676622169,530.0181404031715,508.87230,5088723000
1530.0129637428536,520.7185239717002,509.10550,5091055000
1537.9590052589433,512.6271675206563,509.33560,5093356000
1529.630193496875,483.9459619603088,509.55400,5095540000
1522.6164914674914,472.1178840546939,509.78170,5097817000
1488.7041186163185,417.7058456762619,510.02410,5100241000
1499.3794336855967,374.7893839065147,510.24860,5102486000
1533.393681845014,346.34331734236287,510.46520,5104652000
1503.263411788988,348.97982083939866,510.67810,5106781000
1475.3320798692168,341.2813659841276,510.90460,5109046000
1480.9991907260924,302.41021447256867,511.12020,5111202000
1515.685461381573,310.157127083685,511.33540,5113354000
1535.0775834884096,317.8750949561097,511.55610,5115561000
1405.7736865383201,334.005971972316,511.76880,5117688000
1219.9227876124223,346.42849751338804,511.98770,5119877000
1026.2265678375875,423.5351723740165,512.24120,5122412000
874.0262880627802,371.81815675159294,512.46510,5124651000
860.9706909500803,352.1114124313123,512.69160,5126916000
853.0502471683268,353.8179514736493,512.91680,5129168000
909.9082827915527,351.53156805280037,513.14600,5131460000
756.9983367371502,466.40969610867194,513.37050,5133705000
692.3450974383268,541.8943396272564,513.58850,5135885000
607.2445416721373,674.2850924686624,513.82520,5138252000
599.8791326583004,821.0455894533297,514.04720,5140472000
601.9772894628205,856.2220531363565,514.26720,5142672000
656.7175592037437,830.3388097991225,514.48390,5144839000
634.8527563746436,885.3455385608513,514.70860,5147086000
642.2156930851542,920.159212531392,514.92510,5149251000
598.3726673959717,923.4421495292491,515.14070,5151407000
517.4447066533957,781.242926755257,515.36050,5153605000
482.8013026334272,644.538157535474,515.58160,5155816000
432.4084889902253,548.2401632483903,515.81120,5158112000
412.0669664756086,476.7212680907719,516.03630,5160363000
397.9021947823767,442.85831779067394,516.25690,5162569000
361.4808664707277,444.1396516922555,516.50380,5165038000
384.5708785147788,410.6728216663706,516.72620,5167262000
371.6991677900433,415.9263434869699,516.95060,5169506000
371.02694529194065,442.9407156550999,517.18120,5171812000
441.2578264806813,489.7148264319663,517.42660,5174266000
485.02566407357335,521.8115175903837,517.64770,5176477000
486.4663285259387,529.1191271538121,517.90890,5179089000
519.9258980242475,592.6994457882887,518.12530,5181253000
542.400527460538,638.2908642585406,518.34640,5183464000
489.8327047092378,676.9485056606643,518.56540,5185654000
492.0296574725094,724.8171150996261,518.78770,5187877000
585.0086732576979,739.5576775345489,519.02280,5190228000
611.1674455983947,702.8796351778718,519.26200,5192620000
629.2034048408472,715.2907132783104,519.48910,5194891000
587.2626058807264,725.1478748502301,519.73840,5197384000
629.0916779196423,728.6601525111255,519.95390,5199539000
686.8456953438877,754.8384656306115,520.17560,5201756000
698.9286994319443,750.7104807597149,520.39830,5203983000
782.3970082768733,746.4778900185502,520.62470,5206247000
719.9095560518789,721.5166062350698,520.86570,5208657000
672.7946208138679,689.6584713265577,521.08820,5210882000
705.1914510576303,646.2233499269701,521.32170,5213217000
771.412314699657,566.0638146134057,521.54860,5215486000
804.9427431211863,537.3098595644058,521.77240,5217724000
763.6563519688078,524.4213490304967,521.99660,5219966000
773.6656237545798,523.3514020048201,522.22920,5222292000
739.5967770924648,542.6676157870467,522.49620,5224962000
777.4760850348176,541.314913353309,522.70840,5227084000
800.3286000534276,556.0701804653652,522.93150,5229315000
797.5328378709908,579.3793956636948,523.15730,5231573000
786.0501919827218,610.5932806031387,523.38330,5233833000
770.5610641370845,612.174305342366,523.60030,5236003000
769.811941559036,611.0426478867357,523.84720,5238472000
795.042650508036,625.4334731076877,524.08460,5240846000
814.1504749016858,688.4248480448558,524.30910,5243091000
768.2516590574297,756.1486771618906,524.52700,5245270000
871.7972795596255,760.9466318608348,524.77050,5247705000
846.2735681473663,850.3065495415568,524.99340,5249934000
827.5724968910207,912.1140636980042,525.24820,5252482000
788.1434319103774,916.3300713753922,525.51770,5255177000
751.4568904293442,982.2775230727666,525.74230,5257423000
679.1172406209939,1006.9916440483706,525.95970,5259597000
606.6359351804757,1014.1031540355942,526.24240,5262424000
517.865276649233,1039.4087394249607,526.48220,5264822000
418.0196837263846,1027.7625690789937,526.71580,5267158000
429.70382343568485,1043.667732129516,526.93210,5269321000
512.1687657956827,1044.4232652837443,527.17570,5271757000
559.6248038842832,1048.645626556107,527.39650,5273965000
611.6912423164168,1047.7964276686405,527.64310,5276431000
657.9273123677565,1063.2946508044956,527.87940,5278794000
725.6663005894924,1070.4737175033683,528.10990,5281099000
714.0768442357804,1063.2243352708083,528.34590,5283459000
697.8975996133981,1039.6390078160955,528.58440,5285844000
697.4033377416777,1032.6089612933617,528.86760,5288676000
675.9183165759857,1020.8523023458068,529.08870,5290887000
731.7428370617154,978.8450281107425,529.31310,5293131000
750.9070532359178,995.6497046687685,529.58720,5295872000
757.3733958994463,960.0537253048412,529.80960,5298096000
809.1722427294533,954.3870606127449,530.02730,5300273000
847.7773353313539,950.124611322778,530.30510,5303051000
851.1839962617819,923.9962305581034,530.52960,5305296000
826.1401627821966,889.1786095188127,530.77530,5307753000
762.5439102221676,870.5982464241223,530.99860,5309986000
731.8105927574551,852.8998359796177,531.20700,5312070000
702.8014202952132,851.7423484345635,531.42550,5314255000
729.6945502954079,884.3347087070873,531.65630,5316563000
757.9341845062665,931.2539758470058,531.87820,5318782000
739.0882290790876,922.5839448654125,532.10020,5321002000
758.467331128043,955.276823184586,532.31620,5323162000
782.1608638801516,943.7497967713473,532.53780,5325378000
779.3338568703839,939.8903796955369,532.76080,5327608000
774.2677773345197,894.4161541688013,532.98440,5329844000
773.975530348137,924.128351434428,533.23190,5332319000
791.5028013067592,930.3532016215707,533.45110,5334511000
829.9837646730174,919.4212036607556,533.68300,5336830000
827.3890591902395,893.7987675296774,533.91050,5339105000
843.2165376899861,885.2023712812468,534.12970,5341297000
835.3898655990107,890.7130363119694,534.34290,5343429000
781.1461171116152,875.3053954844611,534.57280,5345728000
774.6221892535331,873.3411253443016,534.79250,5347925000
754.9897989644539,867.3009666471313,535.02120,5350212000
777.9319674762361,865.3281137752242,535.24550,5352455000
853.8302883394565,869.1881064004058,535.47160,5354716000
833.4496883517147,886.8530817663035,535.69220,5356922000
826.492912160885,909.0437383811253,535.92770,5359277000
877.791755305925,913.2649930997237,536.15530,5361553000
895.3342508769537,908.6380373578808,536.38150,5363815000
861.3909808321537,843.8660481706938,536.60980,5366098000
878.314138886652,826.7732885702283,536.83520,5368352000
880.6271750283257,823.8634617218758,537.06200,5370620000
851.212377161396,834.4734404853398,537.27410,5372741000
830.2355437132877,852.8031853766671,537.50740,5375074000
870.9486646103163,876.0653937842412,537.72800,5377280000
858.7326143160011,860.7175646544396,537.94460,5379446000
903.1255772642294,875.4605635297431,538.16680,5381668000
843.8515856849939,855.3547322223342,538.38610,5383861000
787.3322006865303,820.5437687336897,538.61460,5386146000
804.6982672801738,809.9806161784536,538.83580,5388358000
735.2997029243775,800.7000167311978,539.05510,5390551000
663.3882058282021,833.9283595345734,539.27280,5392728000
651.1311719321193,830.0430961337692,539.48980,5394898000
666.9798408589695,819.043774486525,539.70720,5397072000
705.2084328655747,810.6762461517169,539.92290,5399229000
729.6208791266959,817.2651031651512,540.14740,5401474000
690.3229634717794,795.5649684653359,540.37360,5403736000
706.2374403591172,808.0037411009175,540.59140,5405914000
715.5170657342185,829.8992569231052,540.80920,5408092000
829.7099258561385,773.1638787858619,541.03140,5410314000
961.6538557821555,742.3466071655621,541.25050,5412505000
856.7563886864122,757.3110062212007,541.47360,5414736000
829.1152038573939,757.4078586127466,541.68410,5416841000
882.5608013466258,808.5469750829513,541.93110,5419311000
822.9176793693473,689.1215061867896,542.15850,5421585000
872.313050480886,708.7552621403311,542.38360,5423836000
939.2045346457179,763.3416206355548,542.60520,5426052000
848.4740469450435,604.1563647003118,542.83620,5428362000
780.0743492320863,536.1755388899875,543.05160,5430516000
727.2622198509483,555.9986456507661,543.26870,5432687000
717.149851766278,504.1042615514513,543.49130,5434913000
687.5421492912849,538.5178900775177,543.71730,5437173000
563.0107036770023,565.9066858957856,543.94400,5439440000
510.09979056601986,594.9076676809985,544.16270,5441627000
575.37594638137,637.8523952059596,544.37830,5443783000
632.8336374549268,635.1709028046281,544.60060,5446006000
651.8263192670096,613.8249174172571,544.82470,5448247000
684.1661587388871,616.9977212938893,545.04990,5450499000
778.6752324309442,648.2011647098734,545.26810,5452681000
776.4809984869926,601.3309941547894,545.48450,5454845000
796.2332484075376,552.7117002629658,545.70870,5457087000
768.4540008377547,475.45502088962337,545.93690,5459369000
773.4284086502923,422.76669645692124,546.18860,5461886000
850.1295109821644,393.92032982507226,546.40550,5464055000
743.3894221423348,403.4157269189991,546.62440,5466244000
706.4467005019221,398.7088220801002,546.84590,5468459000
633.315604102341,401.21649877022446,547.05990,5470599000
665.3372679276105,423.456756923934,547.27840,5472784000
606.7556747304899,443.27399388823596,547.50350,5475035000
603.0240456814471,424.0180798339596,547.72690,5477269000
541.0140224902477,329.17451180274065,547.94470,5479447000
388.67374630724225,226.32575650637966,548.20820,5482082000
392.7577977335296,175.21185489359874,548.44740,5484474000
434.91967295884314,140.68065022569832,548.67790,5486779000
444.02827442966566,126.04951662571912,548.90540,5489054000
421.3808860555604,311.7851667874357,549.12410,5491241000
320.67948442575334,433.7711543638226,549.34640,5493464000
325.13181405861707,519.5964254851962,549.57230,5495723000
385.2853295191318,589.9025463534526,549.78510,5497851000
435.38875384380464,656.8780734448625,550.00060,5500006000
526.528859961527,645.7335436945878,550.21710,5502171000
586.3171820292987,575.4983831745517,550.44750,5504475000
745.5775211612995,514.527397541096,550.67390,5506739000
838.862214524126,459.24318812412173,550.91160,5509116000
922.3588909574448,443.611654941525,551.14460,5511446000
822.3181668513093,349.64360049995247,551.36990,5513699000
694.1614147475332,229.32386356777897,551.60180,5516018000
678.1791820629021,369.71328396863476,551.81970,5518197000
752.9025538899466,492.3861835684141,552.04240,5520424000
712.7363053441569,523.4931180805081,552.26690,5522669000
705.5970067882604,564.5841437151093,552.49220,5524922000
698.9154263433128,612.7883113031457,552.72600,5527260000
710.8957052345147,514.7911869915565,552.93920,5529392000
652.8054145471863,417.6419683286164,553.15360,5531536000
587.8502812808265,527.4114805548897,553.37240,5533724000
530.6655407452912,574.014464073466,553.58850,5535885000
517.9909905270133,575.0906890274944,553.81460,5538146000
566.3799012903447,657.7234919481905,554.03760,5540376000
601.6247950618613,691.5953689285797,554.25190,5542519000
560.6790531382418,718.9332863989175,554.47280,5544728000
570.6757212376325,732.6706031722541,554.68660,5546866000
579.6063253241679,763.3202206999418,554.90420,5549042000
603.0202544489313,795.1825092320497,555.12460,5551246000
672.2603104960957,825.3282740893839,555.34530,5553453000
745.9753542770859,826.664380448737,555.56580,5555658000
716.8559301984525,823.8428605626467,555.77960,5557796000
652.6497276254061,824.186603127617,556.04530,5560453000
575.160250719596,785.5082574057977,556.27340,5562734000
536.889890611463,729.6691834735565,556.50240,5565024000
517.5882833397633,708.3212562448841,556.72520,5567252000
580.5722598159612,696.9508795899923,556.96390,5569639000
574.8653011429344,673.7117509804966,557.18820,5571882000
588.2169425032242,653.3156796725046,557.40340,5574034000
665.4391511244545,635.6287587530496,557.61470,5576147000
704.0118907934043,594.2721103501763,557.86450,5578645000
814.1376162899319,592.5919669783067,558.08230,5580823000
1002.4117524681999,601.0665834919324,558.30780,5583078000
1093.756964376477,584.1682321265224,558.54860,5585486000
1143.1983595299869,568.8787485709665,558.78350,5587835000
1099.056831815468,595.110103115911,559.01980,5590198000
1040.434632027017,658.5344670065056,559.23830,5592383000
901.8681508745302,663.4175387911708,559.45640,5594564000
798.6003523567448,666.3001202295013,559.68440,5596844000
651.1933264502807,663.2850234476551,559.90880,5599088000
639.2140497003547,673.0796920763592,560.12600,5601260000
542.5628511030483,673.4706429719728,560.39610,5603961000
442.3917992725018,703.1811018954838,560.61160,5606116000
391.3789695381568,679.3601102013843,560.86460,5608646000
414.56589133935995,705.6441919263895,561.13740,5611374000
338.05424665683057,674.8101867733628,561.35560,5613556000
311.650614267425,684.5339914834723,561.57230,5615723000
298.1185510237688,670.7370978099085,561.79250,5617925000
364.31582936793836,675.5286325901992,562.01170,5620117000
391.5482948485171,682.2569078801527,562.29110,5622911000
387.82723223925115,630.6093383590654,562.54810,5625481000
456.94205794759296,658.5245744111556,562.77570,5627757000
540.9423907117292,673.3130441025774,563.05590,5630559000
543.8202805215777,661.1776895264749,563.27530,5632753000
551.9485897431099,630.8537949152646,563.49010,5634901000
603.1748800998728,607.5382383854499,563.71220,5637122000
598.957479172295,607.9514691249655,563.93710,5639371000
626.4847402514769,616.2762822506091,564.15020,5641502000
601.786198192877,619.6662017467855,564.37510,5643751000
573.5459452071278,618.6047009821666,564.59040,5645904000
572.029532022472,624.0941980205317,564.80690,5648069000
579.4747609573182,635.3758480867683,565.02900,5650290000
551.7050797989953,626.0502949564637,565.25220,5652522000
502.8237747166024,604.7453453891386,565.47040,5654704000
480.23680025482014,626.811609701072,565.68260,5656826000
499.65532876130465,652.8477639829711,565.89780,5658978000
571.5117445491468,585.2362882116997,566.11730,5661173000
647.6554240404149,513.4733733878571,566.36860,5663686000
609.3962851816508,560.0450920356452,566.58740,5665874000
635.7518855611262,551.268845724463,566.80870,5668087000
672.6825184346725,557.1832568422378,567.03160,5670316000
640.0388888214277,565.1423223097726,567.25440,5672544000
673.4409126074137,579.3236005505786,567.46680,5674668000
637.6386937156857,587.0510242494871,567.68590,5676859000
609.3127703542482,632.9641208077937,567.90430,5679043000
524.2830239790976,596.2960783287272,568.12790,5681279000
491.8463013693901,593.0886846931419,568.34540,5683454000
500.57464158179096,576.6714945146524,568.56530,5685653000
538.0761874664967,601.9603423975732,568.80050,5688005000
508.79523312894116,588.9137767898446,569.02170,5690217000
513.7646632158294,573.6947663863085,569.24100,5692410000
565.7978882143572,645.8675722456322,569.45970,5694597000
614.4243092249972,594.7146084059317,569.70470,5697047000
603.4154843513211,515.7151275667634,569.95470,5699547000
683.0462982523421,369.56321955386727,570.23290,5702329000
651.8904494198312,275.7507100505143,570.47110,5704711000
541.5431161763795,396.46303755638235,570.69590,5706959000
509.17202364447144,483.60213011587246,570.94420,5709442000
665.2564888821429,518.5115088443448,571.17400,5711740000
803.9765931794117,465.90229866108433,571.39950,5713995000
931.6356800556368,419.41622995757456,571.67630,5716763000
1051.1758392588467,383.020839319897,571.91410,5719141000
1254.3314178634062,304.0920915408451,572.16390,5721639000
1390.192037030904,179.75536398897216,572.39770,5723977000
1473.7168529250173,135.42069153064054,572.61260,5726126000
1511.0202639432696,67.87150445775545,572.89310,5728931000
1268.0644878991384,176.7020080060914,573.12200,5731220000
1120.637094393275,301.9250697646653,573.34470,5733447000
914.101816235632,354.7359855175992,573.57060,5735706000
732.0563879513579,339.8481745266738,573.79920,5737992000
586.1723461884459,219.94654617027967,574.07350,5740735000
530.9571838561534,174.7560196780593,574.30840,5743084000
459.6754504627675,161.16901415435618,574.56040,5745604000
392.097368518353,118.44699460623617,574.85390,5748539000
296.64628988031086,138.55351682672807,575.12380,5751238000
262.60489697409406,145.48954665722206,575.40950,5754095000
294.09867241754523,150.47046207770597,575.63480,5756348000
185.44547667149584,118.60460732381293,575.85900,5758590000
180.59293456948225,255.61361369292138,576.08460,5760846000
211.31727609308615,399.67693071291615,576.30700,5763070000
243.36504468631756,513.1774469091914,576.52990,5765299000
283.796313406965,623.0291502377868,576.75080,5767508000
326.7595624688722,549.872337090049,576.97830,5769783000
263.15205762578444,484.6372097876894,577.20500,5772050000
136.45837161685898,391.10674309159333,577.42490,5774249000
121.43837946866438,334.87516809691215,577.64930,5776493000
136.47190524929866,317.749699502474,577.87280,5778728000
133.03526205003925,313.91258025552537,578.09560,5780956000
127.7829745431166,263.70249239073075,578.32110,5783211000
301.76008514072436,289.6766654469181,578.56390,5785639000
503.2536269248577,296.3318631323019,578.79240,5787924000
556.0701647736377,261.28215700863416,579.02890,5790289000
712.471686476348,256.2236104926499,579.25480,5792548000
763.8136942304837,224.54647222214314,579.48210,5794821000
749.0317545492767,164.91844617980357,579.70210,5797021000
809.2956799061809,160.94697151129014,579.92970,5799297000
774.4078120054888,105.09970583606675,580.15030,5801503000
715.7260304210484,183.3814171890347,580.37590,5803759000
606.8294143479143,273.4724770656713,580.59850,5805985000
568.087201727795,359.3192551696146,580.81780,5808178000
644.3252290190887,362.9508915603254,581.03770,5810377000
817.4249057824426,413.6577755066886,581.25380,5812538000
925.9834639705351,386.6010775273241,581.48070,5814807000
1152.5017556905304,328.45644794579795,581.71660,5817166000
1309.2021022948384,285.0165991192491,581.95370,5819537000
1405.5642502398437,265.5112595395864,582.18770,5821877000
1526.9342561791545,248.561677946755,582.40290,5824029000
1695.8024042318502,191.39040000583938,582.62120,5826212000
1817.3038474196546,233.95348988223225,582.84340,5828434000
1555.1602349556101,376.7910652294164,583.06430,5830643000
1287.4637066120622,409.68942765568414,583.28800,5832880000
1149.0060118174379,460.7165034349528,583.50980,5835098000
962.741114022228,482.37682139307947,583.72880,5837288000
764.130346786352,513.3350945817915,583.94810,5839481000
576.4385328704343,540.1901368232869,584.16100,5841610000
516.8466505000792,551.6494280800472,584.38120,5843812000
546.4566215811434,586.0986281070683,584.59860,5845986000
579.736351508117,592.1591596022635,584.82100,5848210000
799.8119068957399,479.40661229776936,585.04340,5850434000
995.3748521992972,352.86081393686675,585.26440,5852644000
1137.7829517483824,305.06866887126006,585.48050,5854805000
1253.7857281854194,248.65567871311544,585.70230,5857023000
1097.4453002967437,356.5880173383819,585.92130,5859213000
934.1782763967892,414.00095555837544,586.13950,5861395000
812.5128518509416,428.26755181882055,586.35810,5863581000
706.0219904037996,454.4924508525907,586.58070,5865807000
695.7571154420032,519.2144829276019,586.80230,5868023000
586.2482749379901,542.2240519926833,587.02460,5870246000
465.7243574766977,522.7904034162848,587.24230,5872423000
354.6643703910772,531.8107811992355,587.45920,5874592000
353.95850378631513,551.5087700152352,587.68940,5876894000
475.47092512184634,518.5629137506595,587.91560,5879156000
674.6712011490198,473.9643587228618,588.13740,5881374000
962.0513556441972,431.486019168747,588.36350,5883635000
1187.5845302536306,353.7116986335012,588.57630,5885763000
1386.929855964391,283.78557450736474,588.79830,5887983000
1219.2075943038635,406.2287181547389,589.02060,5890206000
1051.1670757585455,461.440315388637,589.24350,5892435000
930.4773586556498,482.63023369850316,589.46980,5894698000
934.4209512361955,445.10978571042807,589.70490,5897049000
882.6066679401764,388.29282335683246,589.93920,5899392000
804.2568885036364,359.2819282132391,590.16100,5901610000
790.5996848671624,298.610985976526,590.39420,5903942000
768.4851609703743,252.99707297290723,590.62460,5906246000
787.2585633431778,218.1416016493498,590.86890,5908689000
789.8278527248256,226.12693148677232,591.10470,5911047000
810.7096897863094,243.25358505502112,591.32400,5913240000
802.6676050381183,234.6220821225367,591.53730,5915373000
662.7238692532324,247.965179982522,591.81210,5918121000
621.3842632575648,265.7627128227972,592.04000,5920400000
615.0954185839137,322.7530191832569,592.26190,5922619000
577.3508462735587,334.6079060889964,592.49210,5924921000
556.1974781232477,392.6272879189417,592.70760,5927076000
465.86922560663794,420.6655659792913,592.92760,5929276000
412.6902204926055,492.20827655186423,593.14310,5931431000
343.7568117913655,517.2557273248335,593.36780,5933678000
297.3180719730841,559.6734694574274,593.61150,5936115000
306.89604428213073,615.2703523783244,593.83600,5938360000
360.74564294416234,627.3232848468648,594.08460,5940846000
396.6275357932505,689.5546459665366,594.30950,5943095000
389.810749150213,681.9631298189602,594.53130,5945313000
423.71105752317806,677.7822266332503,594.75320,5947532000
502.5836536623075,618.0463775712092,594.97130,5949713000
625.7087954934073,496.4376228846998,595.23070,5952307000
736.0839738068817,391.41236210775685,595.44490,5954449000
837.0649391918436,304.02211471234546,595.71610,5957161000
763.2031455943055,361.21802722347786,595.94010,5959401000
725.4705821782409,393.7301507377372,596.16090,5961609000
640.6776264873848,435.1253719500881,596.38000,5963800000
618.561028493158,439.7353935241333,596.59580,5965958000
705.6576736272718,448.8116119812882,596.82070,5968207000
873.7216010267626,386.16156490897174,597.04600,5970460000
1122.2152714367705,347.1393316905545,597.27800,5972780000
1323.121926380647,223.77190075853298,597.53670,5975367000
1203.5994278222518,224.7017507747254,597.77400,5977740000
1129.5371683816654,196.25124096657856,598.00890,5980089000
1064.6623510431264,227.86796911846673,598.24370,5982437000
1007.7215328996193,243.84334735453535,598.48840,5984884000
966.0565134534756,271.9717840454516,598.74820,5987482000
842.3923607811089,367.963349992006,598.96390,5989639000
726.8413344054742,480.1236623403555,599.22120,5992212000
658.0025902854119,554.8275452316202,599.45170,5994517000
579.5034246641076,622.3794571863996,599.67270,5996727000
565.3911850470561,637.2022911280848,599.88690,5998869000
546.5084907542896,662.3515447331091,600.10960,6001096000
471.24694409742665,711.5827102010442,600.36620,6003662000
391.94613250062986,741.6549253628539,600.60850,6006085000
420.583617317745,782.6433815541626,600.83480,6008348000
436.39206472694116,752.1258900054702,601.06780,6010678000
465.65126316279674,786.3418402346155,601.31650,6013165000
429.04052956948505,781.4344060607226,601.56820,6015682000
495.8996735284005,781.8568679503089,601.78930,6017893000
496.585207717106,722.4387110795428,602.00610,6020061000
445.2694797260714,717.4693692714341,602.21460,6022146000
396.4395230595704,743.6195838252228,602.43660,6024366000
278.75542215837544,744.6026445672641,602.64820,6026482000
237.658653484688,753.1488354869292,602.89400,6028940000
210.46475681561833,749.4035645891094,603.13200,6031320000
177.148138754273,748.0111692822826,603.34980,6033498000
122.78794044941554,732.0568643514013,603.58260,6035826000
56.809539102696846,718.5006935838601,603.80730,6038073000
26.58034841168228,718.0623281384819,604.02950,6040295000
129.30481284997683,782.1605654355288,604.24390,6042439000
131.81533337861936,762.3988067498035,604.46350,6044635000
184.9176789854032,600.1101204309412,604.68130,6046813000
274.91944830196223,413.2056557028322,604.91700,6049170000
407.4366532366016,305.0422814558217,605.14800,6051480000
686.7726904838834,250.1416228601542,605.37540,6053754000
998.5394800652602,158.86900702918194,605.60660,6056066000
1302.4786988322235,74.88457936555812,605.82580,6058258000
1533.055392181543,18.64512455525093,606.03950,6060395000
1644.2207843176109,-5.2384875566966755,606.27380,6062738000
1843.300359094729,14.737243156039533,606.49230,6064923000
1645.3284230288666,4.856366803884619,606.70950,6067095000
1335.275689861203,-63.639292102591355,606.93850,6069385000
1044.214758309307,-8.776302512599713,607.15700,6071570000
799.2456961953834,66.10969089361328,607.37390,6073739000
588.2740095293325,133.3055942724326,607.58780,6075878000
574.4932617437424,202.14615389986852,607.81670,6078167000
577.4616653505217,326.5042497174493,608.03640,6080364000
490.2867584631247,358.41540979407966,608.26270,6082627000
528.1901541868097,284.4051892169519,608.50290,6085029000
512.5464676379811,241.44615989483742,608.72280,6087228000
569.3556702356595,222.93756564529554,608.96460,6089646000
532.8534622992638,190.55169945828203,609.18020,6091802000
603.3132650235257,202.49464096037636,609.40610,6094061000
771.1709107833775,242.20659390281145,609.63740,6096374000
856.3342365988167,262.321911983616,609.87430,6098743000
1026.7599836912127,218.48444605986964,610.09650,6100965000
1062.4997434679485,166.34005395974253,610.32580,6103258000
967.9487688745894,104.8486167853028,610.55270,6105527000
994.7321969579334,75.79850919527865,610.77530,6107753000
1065.7907655021006,93.8017321224975,610.99940,6109994000
1143.3032529721647,114.32383589790734,611.23790,6112379000
1190.9726611921487,77.47935170041895,611.46680,6114668000
1281.5967416829017,56.47090432139614,611.69710,6116971000
1309.3907834775114,43.131779306463905,611.91540,6119154000
1375.8331067458366,62.10817665120895,612.13340,6121334000
1217.405342382991,305.6298513495206,612.34980,6123498000
1114.0014003226854,400.0200933426437,612.57030,6125703000
1021.6080124890046,500.5133818738049,612.78860,6127886000
999.2356694897845,486.79614739939564,613.01970,6130197000
964.1193561582792,432.5365462104281,613.24110,6132411000
981.3672948317208,319.480684630007,613.46410,6134641000
1035.8572691890683,275.01724887125283,613.68390,6136839000
906.2504808019733,276.54305233685386,613.91270,6139127000
807.9618161109868,331.33332564574886,614.13270,6141327000
752.5670848996418,428.18066412782287,614.40650,6144065000
663.4680200681045,484.1702520175994,614.63730,6146373000
655.7447884704848,533.2058981309503,614.85380,6148538000
565.2275426833169,570.7462537115429,615.06900,6150690000
564.3978966610729,623.5013938378356,615.28220,6152822000
582.047899958301,703.1778369326317,615.50610,6155061000
649.694420052637,726.5785212003325,615.72700,6157270000
715.4169212729435,763.6525982516058,615.94550,6159455000
822.5827960730812,615.0380997084328,616.16450,6161645000
986.3587714087251,510.12053829806314,616.38300,6163830000
1077.290752550692,390.8047236184525,616.60050,6166005000
1081.7606350328983,433.6663760694081,616.82350,6168235000
1152.8676950191891,446.41916897027824,617.04590,6170459000
1203.0355840527961,470.90878300608813,617.28530,6172853000
1291.1159434467625,522.9750335594225,617.51730,6175173000
1239.0887428177236,532.9864937232845,617.73370,6177337000
1182.6381149385813,531.1460184799138,617.95540,6179554000
1095.9018213108172,508.9151215159953,618.18880,6181888000
1034.1774142021516,512.3829764981185,618.44900,6184490000
975.3918521966859,511.17636599297424,618.67920,6186792000
845.1184007094615,495.9868058378676,618.90430,6189043000
741.0918207216911,500.8664473829369,619.12460,6191246000
553.003436120943,548.7135073625682,619.37630,6193763000
451.9910972266851,581.1432230014657,619.60440,6196044000
349.7394732422935,596.4964444716271,619.82300,6198230000
236.5894313805991,611.8085887203997,620.06480,6200648000
201.88046676041833,605.7989260920248,620.28170,6202817000
145.778385712703,616.6624037288968,620.52950,6205295000
142.4287669521458,608.6671279729608,620.74810,6207481000
180.22459688014743,668.3610161624466,620.99420,6209942000
170.71800700536676,635.1331017013143,621.25060,6212506000
175.08165208509257,674.6035575991556,621.49300,6214930000
217.57993520121877,685.8646868015663,621.72080,6217208000
178.15034224666647,671.0330156838202,621.94980,6219498000
148.66288763675965,683.242394986778,622.17680,6221768000
168.48953454945692,685.393908127447,622.42770,6224277000
228.7482785626364,635.4783706751685,622.65250,6226525000
300.3651257709649,632.7551039676971,622.86940,6228694000
393.38960192323236,653.5880559980186,623.08240,6230824000
399.90594224747247,639.5114342340287,623.29780,6232978000
422.7407387853144,639.6164139591845,623.51460,6235146000
416.46599824696875,654.1437087524081,623.73150,6237315000
388.74496281236145,659.4611128932697,623.94250,6239425000
391.0939175315324,609.5874926505676,624.16530,6241653000
362.1313252793265,597.8014674186218,624.38060,6243806000
363.17521813211795,588.1329002643664,624.59920,6245992000
502.6143400237069,532.9986715613499,624.84090,6248409000
695.3214886095576,436.6529799156376,625.07380,6250738000
820.0012279093687,364.9793163511,625.31280,6253128000
997.0338399591249,293.4221675834645,625.54140,6255414000
1173.3036801538447,209.63982929291348,625.78250,6257825000
1297.2107358006729,115.58647888139352,626.00680,6260068000
1297.985520648476,199.38187688309011,626.22580,6262258000
1244.592987668653,191.76936506420776,626.50490,6265049000
1181.596408417943,173.2291302313173,626.71760,6267176000
932.4083836884147,146.0249670299984,626.94520,6269452000
776.7477349065307,201.05535607464685,627.18630,6271863000
652.6710156073874,180.4711409451594,627.43400,6274340000
575.070290381947,132.16747415067096,627.66580,6276658000
553.8420579851005,77.67312358001541,627.89660,6278966000
631.1667635508308,76.57268766221874,628.12350,6281235000
679.316963142358,43.964003144607524,628.35700,6283570000
689.3969836167867,25.768917380932336,628.59220,6285922000
637.3700539592594,67.37872690247426,628.81400,6288140000
617.4829458031312,57.92390208019937,629.05150,6290515000
721.954703383207,39.56531310981459,629.27500,6292750000
797.9434913980679,48.38704333348921,629.50160,6295016000
902.6354669580402,78.84301786529824,629.71970,6297197000
960.3297940377732,88.84005118008831,629.93920,6299392000
888.8438333758502,131.79707172643643,630.16330,6301633000
911.6954619280734,170.08329493767243,630.37530,6303753000
962.3088497245194,173.01958874452066,630.59540,6305954000
1099.481902287575,284.58077288964313,630.81670,6308167000
1157.0819318194433,305.9158413433611,631.04590,6310459000
1265.2240870728106,335.44682273301606,631.26890,6312689000
1329.1318287435374,409.94875260642596,631.48720,6314872000
1435.4574428504293,477.30713089476137,631.70840,6317084000
1470.859575383834,496.66139351267145,631.92530,6319253000
1349.556101607027,442.4241049243166,632.14560,6321456000
1304.8722837357761,382.4717890500708,632.36460,6323646000
1246.6960888250428,287.50136036869117,632.58460,6325846000
1323.5861950502344,230.61880474002425,632.81010,6328101000
1427.617705904467,133.2830783244445,633.02980,6330298000
1508.0081086401478,-36.5879823238771,633.25230,6332523000
1533.0844959530464,24.85017940302656,633.47410,6334741000
1386.7710089321831,36.69846568013634,633.69940,6336994000
1229.2583125780432,34.890722106234136,633.91340,6339134000
1187.5472401993675,60.51679892554857,634.13690,6341369000
1290.8003449727146,115.87167518083318,634.36660,6343666000
1348.899038331899,26.88343744981556,634.59060,6345906000
1400.286239838694,56.36899663301607,634.80870,6348087000
1300.4863121153812,57.927270467634415,635.02330,6350233000
1084.7722484481274,40.98109176551464,635.25010,6352501000
861.7011888239699,18.843121385770267,635.47930,6354793000
673.4026808377189,6.313193099774907,635.70840,6357084000
532.237332793669,19.43984103048529,635.93920,6359392000
362.05789249477016,1.004071654952595,636.16020,6361602000
485.9420481389593,8.189294084371445,636.37950,6363795000
657.2487577960713,-2.1864581932793077,636.59980,6365998000
748.290560078456,-38.50200133550832,636.83000,6368300000
951.8127847226787,63.10556990324527,637.08210,6370821000
1157.7776378968817,115.46513731901598,637.30310,6373031000
1240.6976771792852,129.79851915979904,637.52160,6375216000
1329.9694897705288,106.5621882462767,637.72400,6377240000
1245.541333215102,126.21150687939631,637.93220,6379322000
1015.7166186769707,91.8453808144152,638.13620,6381362000
824.3636567945567,103.2195233258362,638.33550,6383355000
645.1002037390688,106.31744783214019,638.54340,6385434000
539.2261058020235,111.91515945700694,638.74920,6387492000
532.777307806681,89.02977931962909,638.96050,6389605000
513.3094612551841,92.15272912203685,639.16590,6391659000
520.3046982756562,60.26107441674211,639.37300,6393730000
554.9730958041672,44.09184725936561,639.57570,6395757000
551.5046562603131,28.225732487204922,639.78360,6397836000
602.0290715330242,13.339343693511868,639.99220,6399922000
669.4939372484491,30.332912349434224,640.19620,6401962000
746.678753366114,40.78604497958504,640.40470,6404047000
829.184435357013,49.43084652885487,640.60880,6406088000
951.7883616250958,38.219958316888125,640.80820,6408082000
1025.8644578215549,101.54512860163467,641.01100,6410110000
1115.8651916904219,171.8736466816591,641.21870,6412187000
1115.9135027285533,217.46737548663603,641.45560,6414556000
1170.3393003668702,263.480215122531,641.69180,6416918000
1185.7214977261187,314.33880117754,641.91120,6419112000
1171.108309942953,293.2604325891979,642.13150,6421315000
1240.0978767745626,306.6481122205866,642.36590,6423659000
1262.7742141212188,303.0713937122677,642.59680,6425968000
1321.0844043907987,292.538010415963,642.82710,6428271000
1288.2277882876435,243.51597940031948,643.05990,6430599000
1296.3011799759406,228.1903122201866,643.28860,6432886000
1249.8183064439904,285.4734485519415,643.50670,6435067000
1310.9240974995591,219.49007490078827,643.72830,6437283000
1301.8992121745682,243.52945702754377,643.95720,6439572000
1343.9551106393453,293.28024329397806,644.18010,6441801000
1193.34209049431,333.81858942091907,644.39960,6443996000
1068.0044985203383,419.1033654551639,644.61370,6446137000
992.6968474519779,442.17273861790613,644.83140,6448314000
923.2112407480791,576.5540455975914,645.04480,6450448000
925.7659982866775,594.3701217934924,645.25950,6452595000
950.6828851263256,688.6848945115499,645.47820,6454782000
902.0695784483544,702.6396354907716,645.69690,6456969000
848.1035406833979,732.3816359773089,645.91640,6459164000
899.9509552018906,725.5747007564779,646.13240,6461324000
979.9191019869778,680.8263282991834,646.35040,6463504000
975.0853205319466,605.3939099688637,646.55810,6465581000
946.2290133404371,570.0933756083435,646.77990,6467799000
881.7962535320772,541.4849451748786,647.00480,6470048000
893.8094395185773,547.2727599135353,647.21960,6472196000
841.4323285540999,511.8549774301731,647.44190,6474419000
810.2677846152206,468.71840479726256,647.66700,6476670000
737.6251150161174,428.2085734016046,647.89270,6478927000
735.9460035102389,398.12020061725286,648.10910,6481091000
688.6985136370889,364.26785816911075,648.31880,6483188000
672.4129388065654,354.1287564842601,648.54650,6485465000
698.8067843499462,388.9975404408505,648.77030,6487703000
705.805556436194,397.81193165339437,648.98920,6489892000
681.300518469712,377.7960026601913,649.20610,6492061000
697.904346675677,357.53133624117976,649.42390,6494239000
623.4773039364288,372.8468540415009,649.63300,6496330000
576.073199255093,384.5548280448014,649.84660,6498466000
603.7543146550846,368.3985299533604,650.06840,6500684000
661.1718235552872,362.2533176228152,650.27710,6502771000
742.4601866674511,373.4496506804709,650.49480,6504948000
723.7016012864226,376.35110799087323,650.71590,6507159000
737.2522352388802,383.6816431626294,650.93790,6509379000
775.8373217685726,389.95420550888053,651.15930,6511593000
773.2460251646864,365.8440962438964,651.38020,6513802000
795.022131210723,373.0983623727271,651.60100,6516010000
843.2260359475789,421.81668682915785,651.80990,6518099000
850.3296962871566,470.78729820918466,652.03490,6520349000
872.8910943644607,493.7255666636486,652.25740,6522574000
833.8909112908855,526.7785656541387,652.52870,6525287000
799.7444565014581,534.2236610284488,652.74930,6527493000
812.7915750050322,548.3647278141877,652.96440,6529644000
816.1500081645926,506.3260572170665,653.17920,6531792000
776.0017263012329,486.9552677306352,653.39860,6533986000
729.7482961132783,505.6193960225958,653.61680,6536168000
704.9481929868031,461.00012451700604,653.83840,6538384000
751.1931826779597,468.31236597120284,654.05700,6540570000
748.6816004439747,470.09707521838834,654.27290,6542729000
847.945663058894,512.2954979816959,654.49450,6544945000
955.7177862852623,578.3319315886229,654.71080,6547108000
955.9217234643149,608.9453678597146,654.93610,6549361000
985.2952471966796,645.5936297646136,655.16020,6551602000
963.4905020112501,614.8710152721735,655.38070,6553807000
958.2654526093656,573.400922601709,655.60140,6556014000
950.1080692171073,541.1938556205467,655.81340,6558134000
861.3137555937064,535.8347970012148,656.03240,6560324000
862.4219071622563,532.7179265623921,656.25720,6562572000
772.0310842104021,528.6991113186667,656.47830,6564783000
681.4929565401687,482.8448398590451,656.70770,6567077000
673.4294036065596,496.73012109255257,656.92530,6569253000
666.5776551200884,474.1954098700512,657.15550,6571555000
669.3152073106683,458.00402593115956,657.37040,6573704000
712.611526852895,452.4669718612721,657.59130,6575913000
646.535328276184,522.3417033433245,657.82260,6578226000
641.9036873708588,471.4796651458419,658.04410,6580441000
681.8307497744895,449.0861455403821,658.26350,6582635000
678.8014570668738,446.3117460879037,658.53340,6585334000
711.3346439447993,462.8651157976946,658.76900,6587690000
775.0721346743113,582.6594798029025,658.99010,6589901000
923.2980284305268,669.1631371540154,659.21190,6592119000
1034.9452920340748,568.5085833828747,659.42890,6594289000
1117.0671772903806,476.8880434018557,659.64060,6596406000
1040.014389524668,390.38162165665426,659.86390,6598639000
1029.5564238292066,294.4484906009597,660.08510,6600851000
1060.0360193113397,226.64027049536668,660.30550,6603055000
1126.776127349554,240.03671298550518,660.52320,6605232000
1216.6303377957865,189.86007880738202,660.74860,6607486000
1110.01674715417,163.04605063360086,660.97840,6609784000
1012.5820181410695,175.55117096644545,661.21880,6612188000
887.7401463526719,160.4023195082464,661.49600,6614960000
882.3571406494015,160.25771439251423,661.71530,6617153000
889.820524218768,110.41124593356822,661.94500,6619450000
950.1162818446135,175.74118600717037,662.17820,6621782000
1027.171079719587,189.5165258735457,662.43530,6624353000
1158.5833737720961,131.5124817132014,662.67120,6626712000
1189.3461101207324,112.57685325929266,662.89900,6628990000
1296.335331888015,117.50610902173429,663.12490,6631249000
1206.8794926218634,315.79286249993754,663.34620,6633462000
1260.2999300803833,502.22185565087955,663.57360,6635736000
1199.467795307911,556.1808749288426,663.79030,6637903000
1175.2282542092041,511.9795894403963,664.06650,6640665000
1161.0537311086925,453.2759652695796,664.28450,6642845000
1107.379603971399,418.5842537739042,664.51270,6645127000
1052.9425372997946,347.4834423537928,664.74780,6647478000
970.8267358214663,277.4815390130494,665.00130,6650013000
944.2781608549132,380.18099168487896,665.23350,6652335000
850.2021065892318,466.7414698609233,665.46490,6654649000
766.571782012313,466.9730878865629,665.67680,6656768000
817.5983996530081,511.2669786186847,665.90800,6659080000
833.9612963696029,618.4365609064661,666.16250,6661625000
830.5429840230241,703.4428760364091,666.38530,6663853000
887.0358440793398,670.7608204732917,666.60850,6666085000
838.4333504737253,625.3515967102156,666.84650,6668465000
757.853001872798,459.1305506029034,667.08660,6670866000
799.4546489267649,353.22636677087905,667.32870,6673287000
863.6151892863918,307.73711773548473,667.56190,6675619000
791.4321897345686,273.094664538277,667.79160,6677916000
732.1089626866428,236.51530913198272,668.01970,6680197000
781.4854326215886,215.16054516267786,668.23970,6682397000
797.9050150379734,179.1398801663473,668.46430,6684643000
863.659449429422,143.59541379317946,668.68610,6686861000
927.2109709044363,136.0639020246494,668.91250,6689125000
942.9322605383456,174.1682683888518,669.14410,6691441000
861.5254725494933,354.05856677324726,669.36800,6693680000
854.302718538077,316.7933648424795,669.59560,6695956000
876.6938711316477,378.70805615107616,669.82870,6698287000
964.9483784543456,390.2033255049573,670.05070,6700507000
1077.1245227583795,385.61952449677995,670.28580,6702858000
1139.348970827443,319.2469450270182,670.51250,6705125000
1153.0239055726008,266.608424906268,670.73710,6707371000
1050.8156943779816,397.5943137299623,670.96720,6709672000
969.5444367303194,408.3794462081545,671.20580,6712058000
866.7240798800133,446.0050683613236,671.42380,6714238000
842.9470575227755,433.97505102337095,671.64030,6716403000
796.7167132297628,441.0696004779958,671.85490,6718549000
878.8531703350649,421.4487675544852,672.12100,6721210000
986.8244039238499,353.02377395454505,672.34080,6723408000
1069.9626904801114,276.34645371208444,672.56800,6725680000
1117.2210350005423,277.6730350461395,672.80050,6728005000
1110.7633168160605,277.4270523398442,673.01920,6730192000
1150.5958097499276,259.06547059565287,673.23830,6732383000
1115.680781013359,208.33436342741496,673.46330,6734633000
1059.2982699887814,194.33029004156393,673.67600,6736760000
999.7884763139781,162.20721303800758,673.90000,6739000000
942.4865660639413,179.7815577987639,674.11770,6741177000
1008.7904365250872,301.8786892329708,674.33690,6743369000
1025.3138378368735,428.44359140129376,674.55780,6745578000
1029.837606575449,510.96064202890483,674.77540,6747754000
900.5834816962146,566.8266136947811,674.99460,6749946000
825.5821298871294,610.051296562163,675.20940,6752094000
802.843465546317,627.494167539408,675.42930,6754293000
780.4785725071624,595.4316846594177,675.64530,6756453000
778.7791170642222,566.9099056002308,675.85960,6758596000
717.6360136211133,603.5111419417284,676.07790,6760779000
658.6886603438005,614.9743047372253,676.29930,6762993000
751.9793818343558,548.4581213740461,676.51310,6765131000
877.3237613416738,433.8510171095595,676.73650,6767365000
1018.8865906116755,391.29586417851834,676.96540,6769654000
1031.6001533709778,292.15289329553127,677.18980,6771898000
1022.5473646271003,266.0681073358082,677.41490,6774149000
1085.542944611754,272.3297728296458,677.66020,6776602000
1142.8447282351171,155.01242534428863,677.87840,6778784000
1288.8049651391937,117.08663878525383,678.10830,6781083000
1269.6108904405291,96.67366731126995,678.33600,6783360000
1297.0508234240508,75.70647989124211,678.57040,6785704000
1338.8485564517302,40.10062763667808,678.81560,6788156000
1244.115433442666,242.8047224454228,679.04160,6790416000
1086.3670154222987,271.5072852286869,679.26040,6792604000
926.2333245653045,274.1884473413975,679.54160,6795416000
864.9247038692351,293.0380231115472,679.77370,6797737000
840.454429180608,306.325277994934,680.06550,6800655000
867.4265108272263,297.388389323397,680.32680,6803268000
925.3640153858832,421.26668450559737,680.59390,6805939000
887.6649556527332,463.880886629495,680.80750,6808075000
841.5901942407655,472.58309476004183,681.02630,6810263000
956.0628093257596,442.4550401371333,681.23680,6812368000
1100.9910028516265,356.5901851120325,681.50590,6815059000
1180.791053025157,278.1757623951056,681.74770,6817477000
1093.3652040690768,205.19748534014298,682.00340,6820034000
886.3554295180923,157.80322340349,682.24100,6822410000
627.058138303935,113.04371069036091,682.48000,6824800000
496.1052336439994,72.01976996802186,682.72360,6827236000
496.09095621368397,98.10721244275955,682.99660,6829966000
417.84011810137406,100.33103144982047,683.22230,6832223000
325.06139551695156,140.9951035579149,683.45190,6834519000
304.55600460755755,110.29229417833237,683.67580,6836758000
288.1870022156482,88.33672668693293,683.90330,6839033000
283.4680442450079,46.18005540351122,684.16930,6841693000
353.36497980216143,86.99459636883117,684.40420,6844042000
372.0322506081836,17.445285730761015,684.63840,6846384000
514.8010940031984,21.372738234973333,684.87560,6848756000
591.8950582709962,5.816278257379332,685.09640,6850964000
680.0120299954186,52.8860962977397,685.31320,6853132000
751.1366208649256,97.9792753638445,685.53880,6855388000
808.935759615133,61.299807668117445,685.76670,6857667000
860.403916939203,56.58451845303757,685.99310,6859931000
961.555800921663,34.9417869008151,686.21530,6862153000
1044.757344029117,35.30502710476504,686.43590,6864359000
1105.3654421026163,81.10899738907247,686.65830,6866583000
1136.2322974558188,107.58103598387018,686.89140,6868914000
1127.304208997008,124.07832589181689,687.11760,6871176000
965.0804079835822,190.05074933666936,687.34520,6873452000
791.3374783796094,182.47957052860264,687.58710,6875871000
564.4108858382432,226.29909912890926,687.82380,6878238000
392.24211989085074,222.34334872472255,688.04590,6880459000
418.5757112457263,225.9300190872135,688.27550,6882755000
457.9192523141945,206.97707541180458,688.49720,6884972000
531.8609193447732,235.52202359158713,688.71840,6887184000
588.8912843052423,229.86203963419553,688.94780,6889478000
674.1239838891943,213.88052283178484,689.17920,6891792000
747.7054624488795,241.22806534470294,689.39730,6893973000
797.7294624437449,222.06928895619802,689.62040,6896204000
890.1553842573242,213.50733754716805,689.84180,6898418000
926.1641484566908,185.62606698827375,690.05870,6900587000
1003.0248527086638,149.38691279038648,690.31020,6903102000
1112.1740038501996,163.60723406351147,690.54260,6905426000
952.7811028388371,196.69185314432144,690.77620,6907762000
805.4887951790881,148.86693178030882,691.00220,6910022000
648.722856252195,156.47470341397238,691.21950,6912195000
599.2397481698991,335.8342101588089,691.45070,6914507000
547.6937513152657,407.61235080786355,691.72040,6917204000
582.665773261172,502.088356956563,691.94460,6919446000
580.0049785633621,561.3926709422686,692.17290,6921729000
652.7737834489387,712.474511565326,692.38810,6923881000
729.8730744006634,726.1188291486134,692.61160,6926116000
885.4799071833443,659.321986669008,692.84510,6928451000
1060.5923859448217,635.8974454378161,693.06040,6930604000
1156.5695919628845,552.9577585297725,693.27960,6932796000
946.9735766316403,459.14518373172757,693.49110,6934911000
789.8728685585099,410.27743822400816,693.71820,6937182000
685.0566783166854,334.6230698097735,693.93850,6939385000
540.7388786359726,278.2728322785164,694.15060,6941506000
456.58443231118923,240.968857197682,694.38330,6943833000
598.0898021890738,230.6406743134479,694.60630,6946063000
645.804854350085,165.94064172302862,694.82830,6948283000
559.2767987134864,125.11088480118168,695.05300,6950530000
406.95746914314884,133.75455050973355,695.28430,6952843000
280.6266989598999,113.41521750383677,695.51410,6955141000
198.76133086781869,125.8318998230452,695.73660,6957366000
142.79079475911135,100.28861983258119,695.96720,6959672000
99.8832344688256,77.68403675837959,696.21700,6962170000
18.57655709258142,55.57549836298201,696.45080,6964508000
74.75908008160921,53.28450253523822,696.69320,6966932000
327.8175188728083,109.20804930047585,696.95110,6969511000
646.0351158136327,201.99452703881713,697.18140,6971814000
885.3552313028463,265.18435660262605,697.40630,6974063000
1004.1079970633616,244.72780957551768,697.64600,6976460000
1036.2793083444385,212.4278887707029,697.87300,6978730000
1122.1629900057294,278.252379689062,698.09910,6980991000
1145.9854111176817,248.4122190969901,698.32510,6983251000
1234.679235796739,235.92537847432936,698.55960,6985596000
1350.1291235308588,308.5439949817549,698.80150,6988015000
1443.777764616311,374.2730390330533,699.02060,6990206000
1505.3497909822158,420.15980715820984,699.24010,6992401000
1575.0078355677394,491.2337804892818,699.46290,6994629000
1620.4705825550304,509.24891099635016,699.68200,6996820000
1612.0147267880504,530.3363290960265,699.90410,6999041000
1629.1891071402829,538.8411091426016,700.11860,7001186000
1587.0756263128947,520.05733033842,700.33960,7003396000
1523.2953595712818,542.8082075925472,700.55190,7005519000
1487.7346544253348,584.6107990537596,700.76940,7007694000
1438.3841230976786,622.3945831896139,700.97970,7009797000
1339.8381661783556,619.7459555154877,701.20940,7012094000
1293.7298596422531,648.6940245080082,701.42800,7014280000
1304.4178185435112,666.7620531249561,701.63970,7016397000
1253.5365802301787,645.3488666308091,701.85470,7018547000
1302.7118233304545,655.6143488300198,702.06440,7020644000
1361.9605715003906,674.9546452108275,702.27700,7022770000
1216.3763082914134,637.4444464941821,702.49350,7024935000
962.7987219843149,541.5774264638627,702.70360,7027036000
757.8540082581684,493.0475256438844,702.92580,7029258000
553.7110503187544,425.7809176314464,703.14250,7031425000
388.37626595576234,334.1048378737342,703.36130,7033613000
150.5964453847801,284.60109303509086,703.58080,7035808000
75.9022178787843,302.7397491836472,703.80560,7038056000
15.896258020560722,250.41292635258048,704.03830,7040383000
-41.14944740131154,166.59103830192095,704.26060,7042606000
-58.99301962456765,141.47982174207112,704.48420,7044842000
61.586046822512,236.7878372933469,704.71220,7047122000
145.03403749971545,341.31059369603713,704.93120,7049312000
230.26596089622524,421.32809103285126,705.15610,7051561000
294.4729567761924,495.7316327747606,705.38090,7053809000
222.28203737428603,389.7226975201446,705.60140,7056014000
210.72773522036172,330.8459371832632,705.82750,7058275000
195.83936830628815,273.9059078972572,706.05040,7060504000
343.4602789515892,291.11292539092165,706.28790,7062879000
456.4850843739671,299.44786824673514,706.52940,7065294000
545.7240106672793,369.85614453400535,706.75710,7067571000
522.1746112246911,369.9840186231672,706.99080,7069908000
546.9234260134598,400.931367122422,707.20920,7072092000
472.3881580470956,328.86849580136936,707.43040,7074304000
450.3609177408882,239.4552964222034,707.65760,7076576000
367.10042319174624,207.58255577058796,707.89410,7078941000
424.7106183122908,169.80119947725106,708.12400,7081240000
461.1986398577185,128.29957629209588,708.34900,7083490000
439.88976917477254,115.0978078198962,708.59440,7085944000
470.68009539798044,112.93674724918573,708.82280,7088228000
650.6727332940793,98.50202787661435,709.06090,7090609000
754.189780589468,146.0393115833043,709.29620,7092962000
655.5067486005396,109.54293474364711,709.52020,7095202000
548.9016258311115,104.91281258155234,709.76460,7097646000
567.2707483848899,208.9718366537628,710.01800,7100180000
548.0174260672852,297.71014550177296,710.26160,7102616000
544.6775980667663,398.4198795740588,710.49270,7104927000
578.5732338490293,486.176742099727,710.73670,7107367000
506.7973330308525,434.8512801091134,710.95950,7109595000
434.4046494845727,346.7746831024487,711.19100,7111910000
400.22768880992896,294.1624569665841,711.42500,7114250000
393.38008640891434,288.8027580437342,711.65210,7116521000
538.8412285959242,279.3656165212533,711.88470,7118847000
613.3530056779898,253.71460350922496,712.12270,7121227000
726.0912529776676,252.62695240572103,712.36030,7123603000
770.4747137478163,214.70500949223563,712.59290,7125929000
815.8644356544439,149.83441460103435,712.82700,7128270000
829.4482606676754,141.9090682779077,713.05270,7130527000
935.6726850972182,122.33218834178346,713.27520,7132752000
1021.8286038458398,82.98621054507386,713.50380,7135038000
1045.9662519141348,42.58270137434246,713.73980,7137398000
1180.5035388890174,81.74053188881183,714.01950,7140195000
1204.3943908344263,105.63567473080892,714.26510,7142651000
1102.1085989096784,113.92224839922329,714.50210,7145021000
1043.3973014132005,101.2294610348208,714.71930,7147193000
1000.5576689196305,127.21483659409282,714.94260,7149426000
860.6999482352501,180.43679859833023,715.16850,7151685000
642.5223712691646,170.93208540170818,715.40580,7154058000
534.5781192801428,171.55635474691232,715.66950,7156695000
435.8479514199152,171.63848685999432,715.95340,7159534000
388.4098519240498,176.81337378828118,716.17320,7161732000
312.55695870657564,153.65950071385518,716.41360,7164136000
271.46206370491836,159.51752888768937,716.64490,7166449000
253.91189695185182,176.61429350440108,716.87310,7168731000
371.9699000834421,237.1782883148209,717.11260,7171126000
420.87569478981396,215.84600960048823,717.35010,7173501000
452.86548898030304,200.34305996738988,717.57910,7175791000
612.622489039963,205.27108884625454,717.80120,7178012000
695.9361498598086,229.77313427323924,718.02260,7180226000
794.1321002641952,230.3184890123037,718.24000,7182400000
834.5048401879249,240.24205366865263,718.46910,7184691000
900.686641114407,216.36546354248645,718.68160,7186816000
819.431961521688,165.51788179058443,718.94450,7189445000
854.7345874054654,117.90458722835508,719.20200,7192020000
816.9064781529007,98.53430581704056,719.42520,7194252000
827.6904696652264,105.44455361563045,719.64500,7196450000
782.4627567531396,84.56085921076254,719.87340,7198734000
842.8192978780877,107.7538082396837,720.10630,7201063000
853.4058374366286,126.97791322328334,720.36080,7203608000
829.6637341928803,124.17345365259739,720.59600,7205960000
826.7920746676294,136.7528022890349,720.84360,7208436000
849.6242598078736,149.3241884774547,721.09340,7210934000
1006.5102477584342,198.53268093738725,721.31400,7213140000
1116.1112978174433,240.1913864446414,721.53710,7215371000
1172.5421317142568,235.36624569650513,721.82320,7218232000
1262.2754096749147,268.2023161249126,722.04050,7220405000
1362.295899498232,306.40952552939524,722.25320,7222532000
1373.206171354936,250.40254481665062,722.49640,7224964000
1461.44719350341,192.4191551881948,722.71730,7227173000
1534.845330390589,158.87045463083857,722.93640,7229364000
1609.1437114205264,98.76838354343585,723.15410,7231541000
1693.620238894261,36.50065573697083,723.37460,7233746000
1721.857266742576,18.29577410026925,723.59290,7235929000
1773.0959748232517,18.9688770603193,723.81360,7238136000
1699.2588651532058,66.49707023546452,724.03950,7240395000
1652.7236188303264,94.58264075565191,724.25420,7242542000
1581.1238463961433,115.22861759536104,724.47630,7244763000
1540.6928631969624,73.44373149503093,724.70250,7247025000
1501.1831921616597,29.48586526620666,724.92820,7249282000
1459.6609291575123,30.199804056491818,725.14210,7251421000
1471.0647704920866,28.441960793492186,725.35830,7253583000
1560.8214758942697,48.19117713310739,725.58110,7255811000
1452.23047432488,66.1963108485906,725.80980,7258098000
1421.786851753714,84.59540382304056,726.03830,7260383000
1357.6826149026394,54.79479540189895,726.27310,7262731000
1334.4190925818764,31.590472791416655,726.50220,7265022000
1329.9968962066664,41.22847397631243,726.72980,7267298000
1404.9794831330648,112.6313859987437,726.95930,7269593000
1444.8505831568923,167.4420579077804,727.18660,7271866000
1475.019183536076,176.2575993251276,727.41550,7274155000
1554.0364198157822,122.14654734374793,727.64360,7276436000
1584.8616973490932,136.34983973955798,727.88260,7278826000
1395.7840352325802,209.7783304555436,728.09540,7280954000
1133.1397931147083,215.07409847184712,728.31860,7283186000
871.6895520798525,245.83625346770097,728.54160,7285416000
549.8049726538296,238.22403744694202,728.77180,7287718000
448.65942801184775,273.8702436087376,729.02220,7290222000
227.2416159234834,256.40298295642447,729.29230,7292923000
140.41795909414424,256.21500257500713,729.51240,7295124000
19.8294913624166,191.19990771442323,729.72950,7297295000
0.11863030947240816,185.64500920333708,729.95130,7299513000
-4.840080541647026,127.72988142654972,730.17610,7301761000
69.0206729414841,138.43459135516642,730.40500,7304050000
58.162730981366735,80.16566849064257,730.62510,7306251000
186.8212452413398,153.96112394646542,730.84490,7308449000
211.1752391161256,113.43953540427127,731.06060,7310606000
344.4312892148897,187.54082609639283,731.28000,7312800000
418.8398306902697,230.70530556709318,731.50380,7315038000
503.6677823836888,203.00331490196317,731.76300,7317630000
662.8559073398442,138.2269976894538,731.98460,7319846000
808.3901318925826,71.63473091088039,732.20490,7322049000
1042.8765744076304,129.25826071433244,732.43800,7324380000
1192.1288390081518,76.79454632137622,732.66360,7326636000
1220.6818153182521,91.26708690268396,732.90630,7329063000
1392.6281534127806,202.19666396782162,733.13860,7331386000
1561.1874648237792,183.73346683041808,733.36070,7333607000
1388.0355265971587,218.94677816180783,733.57860,7335786000
1093.863429268141,209.46035515069676,733.80120,7338012000
894.2238926851629,168.28844493473352,734.03700,7340370000
706.1927920765264,166.21383778482254,734.26340,7342634000
506.48227575909175,129.62631709144154,734.49720,7344972000
365.9001726123273,143.56425390666018,734.72390,7347239000
270.0754780002676,180.9153761250054,734.95780,7349578000
158.28518491964178,118.75110930389252,735.19930,7351993000
123.22743837030347,107.93427383348046,735.42360,7354236000
225.61065334584984,90.57679679659189,735.66600,7356660000
269.1202049965911,70.60993079812215,735.88840,7358884000
338.2934756897621,78.433224858329,736.11380,7361138000
420.6083737631549,104.57356681294118,736.35190,7363519000
698.6450771441353,126.60744392575923,736.57950,7365795000
904.4478078875657,150.59752789739574,736.81620,7368162000
1090.1129747151688,206.194323155061,737.04890,7370489000
1308.1569826725097,155.31548541331657,737.26550,7372655000
1551.3876587046511,136.59668172618973,737.49650,7374965000
1713.4778430643537,108.33602359755814,737.72930,7377293000
1786.4091655155642,36.733001056785085,737.94420,7379442000
1675.066569466135,80.81913644279578,738.16720,7381672000
1703.78579296065,173.0835225382939,738.39030,7383903000
1516.3014221321773,159.52381381038973,738.62000,7386200000
1504.0355583566436,207.97764817460632,738.84350,7388435000
1478.7387794517772,218.7095259142575,739.07390,7390739000
1318.6174583338263,197.17220380102233,739.30840,7393084000
1142.961901971081,158.6951130779563,739.53300,7395330000
831.8047379498529,167.3654813798616,739.75450,7397545000
594.1560250728409,172.38739294750098,739.98060,7399806000
437.5943103420225,188.81669293159894,740.20260,7402026000
311.63889986030955,195.51162463487663,740.42150,7404215000
203.25468564008006,202.0597365505952,740.64160,7406416000
293.3256623557809,200.06285203044496,740.86390,7408639000
509.40161987798683,200.97379963090452,741.08460,7410846000
721.1086633502991,140.34803651640084,741.30080,7413008000
1014.9119216275486,116.18486425296813,741.52020,7415202000
913.4259436909999,183.77347992303118,741.76090,7417609000
759.1432335860954,192.51410084024562,741.97730,7419773000
693.0863388128048,181.86269416549894,742.19360,7421936000
529.4288404913729,209.84603720057527,742.41580,7424158000
430.4395920686787,238.71852421745254,742.63530,7426353000
319.88640511326383,187.02232260256892,742.85820,7428582000
278.05102401129705,156.73489499756403,743.08360,7430836000
277.41938707270623,121.85574295887302,743.31220,7433122000
212.39774967676962,125.98153835150954,743.54030,7435403000
204.03500142210476,132.3663844520403,743.76700,7437670000
271.6560533510293,165.56914815433157,743.99280,7439928000
314.7331628963753,162.44871014148308,744.22590,7442259000
433.2370362028986,202.9157220003073,744.44530,7444453000
439.60404389959206,144.40008589009437,744.67590,7446759000
321.42779619726207,216.45841187583144,744.90570,7449057000
198.91050241476586,204.3136552275915,745.13400,7451340000
298.57028032278976,160.6615288987599,745.35590,7453559000
353.9138196724646,165.155937087829,745.57780,7455778000
753.8684136281249,226.31689171151532,745.80150,7458015000
922.9880927737881,263.55452497186945,746.03230,7460323000
1037.5040834264048,249.8201695483475,746.25710,7462571000
1088.0569270330348,218.69559940112265,746.48500,7464850000
1010.0523088116897,209.0876916016914,746.70800,7467080000
979.8177151680259,163.73999118013347,746.93810,7469381000
879.2367671066798,152.6002434531998,747.17400,7471740000
830.9940615946036,144.09876696767535,747.39510,7473951000
765.5216504036779,152.05485933794571,747.62650,7476265000
727.6461148752396,172.97873670310088,747.85120,7478512000
687.2797962016691,167.7649711075708,748.07530,7480753000
561.9154435193029,110.31903145867415,748.30260,7483026000
783.6189441050858,153.53913459818722,748.52780,7485278000
1012.7991023953637,214.70430146004117,748.74740,7487474000
1166.350722095592,348.3242921304028,748.98420,7489842000
1357.0925561187187,484.36263628733064,749.19870,7491987000
1430.993454131486,650.9440994626467,749.41490,7494149000
1500.7015132726958,786.4127422533891,749.63360,7496336000
1580.8008505415457,911.4035089182635,749.85430,7498543000
1458.6625046963522,968.9233806819586,750.07140,7500714000
1363.7265219689223,975.5367624850717,750.28870,7502887000
1363.3402524264454,1046.8412694499698,750.50900,7505090000
1153.1227411526688,972.5442403173511,750.72340,7507234000
1023.8215395920962,868.3564848693516,750.94450,7509445000
854.9500711397392,746.1302428624319,751.16620,7511662000
844.9394248519079,657.4364449670688,751.38390,7513839000
787.2653986795963,484.81113473034407,751.60400,7516040000
570.5886814133294,338.67451041376427,751.82930,7518293000
448.74996717286257,303.6130294891741,752.05190,7520519000
376.3721163678344,249.92788263137106,752.27930,7522793000
303.9430699409994,192.66577188238554,752.50550,7525055000
303.04774729403954,129.79930779228823,752.72860,7527286000
411.2661433869181,102.31892074638242,752.95650,7529565000
336.90320201783857,117.92863219531304,753.18250,7531825000
286.2759406154009,128.11124335733643,753.41090,7534109000
303.7797460919073,122.63009729101684,753.64130,7536413000
332.18067091272445,79.6944338133685,753.86610,7538661000
386.0432397489972,63.617629295682384,754.08390,7540839000
498.4031127397855,54.134213928341744,754.30660,7543066000
487.43513664575386,50.798461072512104,754.53780,7545378000
530.9688578348316,56.29726789603128,754.75910,7547591000
503.8460891556465,78.61663796408968,754.99770,7549977000
606.2390857129446,89.90431111454956,755.22710,7552271000
610.7388546211524,68.62530155971125,755.44690,7554469000
698.8952982615898,86.79706330312946,755.67670,7556767000
753.707716692629,115.43091450857062,755.90750,7559075000
843.3411091389152,164.25461703921806,756.12200,7561220000
857.6760396252655,149.82896780236425,756.35420,7563542000
955.9361050958089,162.98032145480735,756.60270,7566027000
1027.5654700283512,144.9705856585059,756.83270,7568327000
1144.8637014589835,155.0103975225518,757.09270,7570927000
1222.2867428433315,198.1829295239495,757.38270,7573827000
1265.9745633495513,276.96669427505753,757.66260,7576626000
1286.4446923415999,280.64883822472325,757.90790,7579079000
1338.5327444441612,356.45145509208754,758.17220,7581722000
1329.9592924754156,382.8574984177334,758.44280,7584428000
1413.2725956032634,543.2064954611078,758.66160,7586616000
1464.5124090527097,631.3220602007677,758.90570,7589057000
1587.540730215012,756.5254186167451,759.12400,7591240000
1581.2982694290688,812.0467885321251,759.40510,7594051000
1646.3567904525069,901.8513543579743,759.64900,7596490000
1711.9242785264548,953.4119424163486,759.87460,7598746000
1495.8071070971614,861.0274214405288,760.09850,7600985000
1219.3102663163486,742.8493084050156,760.31660,7603166000
1005.2165071952367,625.0272125215486,760.56570,7605657000
858.5091367758764,545.5286696706327,760.82040,7608204000
725.8755192088319,562.9118076919988,761.03980,7610398000
684.4418110161778,576.2543558259692,761.29920,7612992000
613.4789573072188,561.5306018502663,761.51400,7615140000
597.8859201255748,534.3256219105316,761.73630,7617363000
535.8616342757167,502.66565140867164,762.00200,7620020000
474.20588783984437,486.1272480451389,762.26790,7622679000
385.5890290982903,454.0054222142641,762.49870,7624987000
330.79518947671517,461.0246572850674,762.71450,7627145000
321.1302578935687,467.8539510084823,762.94920,7629492000
298.0446706686708,515.4665958023174,763.17120,7631712000
259.4563813549908,562.857094723156,763.38350,7633835000
217.31514282401997,572.6973039041985,763.60090,7636009000
178.9889358509588,615.481377604443,763.80940,7638094000
184.33722768804466,676.5183400395691,764.03290,7640329000
265.6290415976881,694.0912600719842,764.25660,7642566000
338.34946632122916,736.9616411614534,764.46690,7644669000
436.0269799830345,753.7329851672073,764.67910,7646791000
554.9017896841664,753.9356781011398,764.90100,7649010000
679.818131033788,754.5492327641547,765.11340,7651134000
784.1919860308465,759.2802083071654,765.32850,7653285000
881.199414846274,742.1654683023273,765.53660,7655366000
945.7399758212299,722.8951067189018,765.74790,7657479000
981.6286654047741,708.0794368432722,765.96990,7659699000
982.0471435223867,703.0323292940668,766.20150,7662015000
978.0827905526925,691.7073490988998,766.41380,7664138000
1005.3417014644546,685.1115681200141,766.63070,7666307000
1078.0604438766454,662.853030534279,766.84060,7668406000
1070.0143571854103,610.3645245725627,767.06100,7670610000
1080.9144951063545,612.35220202388,767.27350,7672735000
1086.2701061751457,562.2605525686572,767.48940,7674894000
1086.7966265486245,652.4387356148122,767.70650,7677065000
1074.2356704141398,639.5449572196304,767.92550,7679255000
1077.1769900270112,684.8486140021698,768.13830,7681383000
996.5416761106309,625.9483602197246,768.35090,7683509000
1031.9861647940422,671.8693507227449,768.57820,7685782000
1004.1573204744643,631.5781344494319,768.80400,7688040000
974.5664643745723,621.0528589682195,769.02710,7690271000
935.1561789526789,620.0776336790182,769.24830,7692483000
942.8807863229271,600.3831486389132,769.47140,7694714000
955.162223516177,570.4744071148772,769.69180,7696918000
948.7877441936793,523.2505023321442,769.92400,7699240000
984.8640345371599,602.5152805515156,770.15010,7701501000
938.7728474754953,557.5229246700261,770.37240,7703724000
955.8967380100354,588.7681537836625,770.59270,7705927000
921.3118145100569,581.9183609421201,770.81520,7708152000
869.0881348577791,522.9175133585474,771.05570,7710557000
889.5792057042449,520.9562716322246,771.27100,7712710000
843.0970772530984,471.8594158127854,771.48980,7714898000
887.764958577015,482.778898324607,771.70760,7717076000
865.3013393679469,466.86389551216325,771.92630,7719263000
898.6245424399888,502.27827999324603,772.15060,7721506000
863.1920853283162,457.6008448440435,772.37400,7723740000
891.6254670235168,467.3043337419421,772.59450,7725945000
897.7113118162378,421.3084546522196,772.81090,7728109000
854.6286758307303,390.9497244114048,773.06830,7730683000
901.2700112329599,457.7567130167794,773.28320,7732832000
876.7698342764032,443.3406879465854,773.51450,7735145000
968.3402721334,501.8996342245596,773.73370,7737337000
1010.6167388978652,497.5692894362985,773.95610,7739561000
992.6449681176581,460.42101623781434,774.17870,7741787000
1000.1488174469572,407.8237950695926,774.39650,7743965000
1062.8663003316697,334.13762327837316,774.61230,7746123000
1008.2159523355151,265.3485577040342,774.87130,7748713000
889.8150736086999,228.48759787616,775.10590,7751059000
735.9950704129991,225.61180284341577,775.33910,7753391000
784.7768079434478,344.1741972009665,775.56280,7755628000
798.2863005592855,343.05965803739815,775.78670,7757867000
881.9740435997327,401.62243715900985,776.00220,7760022000
956.6889152090047,455.1317485081164,776.22880,7762288000
997.7550322389127,416.6732458934117,776.46530,7764653000
970.207604987077,323.3170340843773,776.69190,7766919000
830.1683027578576,278.395714810447,776.92650,7769265000
849.105101422392,199.11452512544184,777.14720,7771472000
933.7297051789615,229.94259091935362,777.37730,7773773000
1044.8521321291662,181.9396214213805,777.61310,7776131000
1084.0066211222218,101.32119280992788,777.84400,7778440000
1084.0110230833468,48.74139889164453,778.08770,7780877000
1061.4275642440641,47.44099663283911,778.31770,7783177000
1107.2059235283587,54.25771525666288,778.54330,7785433000
1021.2885462218743,31.31280202251237,778.76820,7787682000
967.6163430207151,51.3038456306212,778.99870,7789987000
911.7198550319827,113.80905740507461,779.22730,7792273000
829.7647927949092,135.2997986379846,779.46200,7794620000
811.0463093157997,131.31662152894563,779.69450,7796945000
793.8540814945646,164.38667646251628,779.92920,7799292000
755.89051075205,207.2872049664383,780.16290,7801629000
853.021184468129,219.7524242907689,780.42060,7804206000
1009.774879803673,291.7950336928642,780.65930,7806593000
1079.5795902547402,336.18290860823885,780.89340,7808934000
1134.2211474482467,314.9257401268085,781.12380,7811238000
1271.1598034876304,303.663440602913,781.35100,7813510000
1411.6229107993336,244.85860638281832,781.57800,7815780000
1504.0779353931766,167.31122741297781,781.81210,7818121000
1482.4229604541144,159.05104511301877,782.04220,7820422000
1490.6935608437607,143.24294219168007,782.27640,7822764000
1446.0553851969462,125.69394826418463,782.49650,7824965000
1495.1192384491178,110.68845604175901,782.71900,7827190000
1481.155889140608,96.38695531897442,782.94370,7829437000
1516.4478423522971,97.65445004424207,783.16820,7831682000
1560.9324456230452,132.86540689161865,783.39740,7833974000
1480.4007849972324,261.0792636741078,783.62480,7836248000
1427.5916956449412,370.7383174932322,783.86890,7838689000
1342.6558506922684,420.77783299502653,784.08760,7840876000
1265.8280332074926,455.4599679011402,784.30980,7843098000
1201.846311944475,475.4471915675977,784.53680,7845368000
1154.1115839848972,489.46462211740806,784.75000,7847500000
1134.5470049041717,523.7637953997033,784.97080,7849708000
1142.6922478216684,544.4552989092623,785.22090,7852209000
1138.103772776293,556.1051476950968,785.43510,7854351000
1203.4736521265531,565.979710060924,785.67370,7856737000
1166.7840961491981,546.3614062999377,785.89520,7858952000
1115.1766884245178,574.9637255224562,786.12280,7861228000
1097.1930309669892,575.9278268621483,786.34240,7863424000
1081.513350629806,547.9646967545817,786.56000,7865600000
1003.1529387356228,498.5900259162183,786.77610,7867761000
939.7871708831718,492.21684487596025,787.01280,7870128000
953.0154590385864,490.41423820286786,787.23620,7872362000
926.5012180907795,444.71633312664824,787.45760,7874576000
956.2539907573026,443.9069341724053,787.68280,7876828000
945.1334285167969,451.9178903026369,787.91640,7879164000
994.3865294385299,431.7173807221601,788.14200,7881420000
1010.8460720068339,416.8636688050343,788.36610,7883661000
1069.772116623851,522.7683094064246,788.58360,7885836000
1099.242757935354,584.8964508121387,788.81020,7888102000
1094.515056454976,589.5627108707616,789.02890,7890289000
1101.6804861534235,578.5118985456817,789.25340,7892534000
1073.664670424167,551.1731869891125,789.48010,7894801000
1103.4307690685273,569.5859895195975,789.74950,7897495000
1117.226375660024,582.0056156735114,789.97110,7899711000
1080.3386921031436,588.3268961680424,790.18390,7901839000
1053.3724401474235,556.6643573166522,790.41090,7904109000
1028.5257297535363,529.3865736525008,790.63660,7906366000
954.3910323895807,446.5709543766025,790.85870,7908587000
968.2759289165687,428.79592049066554,791.08120,7910812000
927.7865616066435,417.15655744951533,791.30660,7913066000
975.3438799808044,373.0971269578342,791.54550,7915455000
939.0962433056359,358.21392192277557,791.76440,7917644000
939.4024663853882,375.6978966808389,792.00780,7920078000
899.0442562999268,363.8308745931977,792.23210,7922321000
920.4998394883785,400.7357720422199,792.45470,7924547000
785.3810159394467,365.7536573669298,792.67500,7926750000
814.6661948254675,422.19240839982035,792.90200,7929020000
862.8337882767598,455.5598505227698,793.15350,7931535000
853.8479893724656,452.2285863803838,793.37130,7933713000
916.0540940925183,454.04347358786043,793.58730,7935873000
966.5409116448774,466.92152475363423,793.81810,7938181000
1072.5997464024117,475.89226532935226,794.07850,7940785000
1114.6251579627947,473.79493551503384,794.34210,7943421000
1125.1790845436517,489.70358004306973,794.56130,7945613000
1142.4344127910954,499.84953262752873,794.78040,7947804000
1142.102172756365,549.6581831036596,795.00730,7950073000
1117.5137488013756,556.4301445328616,795.22480,7952248000
1098.0900512903568,512.8033166561991,795.46220,7954622000
1096.1051679374007,497.6341794336559,795.69560,7956956000
1147.7032580028538,479.86015996136194,795.94190,7959419000
1099.7611405789723,506.5192842752306,796.15940,7961594000
1068.2504421799933,491.17866066645627,796.38340,7963834000
1012.4854923946989,451.16824211066705,796.61380,7966138000
1021.503763629667,455.1343521702047,796.84130,7968413000
999.358589657923,481.4532145116311,797.06590,7970659000
989.6661981515293,476.61049402253224,797.28530,7972853000
987.6790541600124,495.0042885678466,797.51150,7975115000
1002.9826972701127,485.59822651136943,797.75390,7977539000
1034.4331250929301,514.7888890200618,797.99200,7979920000
1040.216000319462,519.1435799667759,798.21910,7982191000
975.412411844662,549.0093077015467,798.44290,7984429000
925.6381287921091,514.9835241220148,798.66470,7986647000
953.6258544408511,524.3668190835317,798.88560,7988856000
955.242163487126,488.1419731725083,799.10910,7991091000
967.2194538992817,483.4275817268263,799.32220,7993222000
964.0206067427906,484.44303470892044,799.54220,7995422000
918.5525672375545,451.62631777024774,799.78420,7997842000
915.3970708044095,466.40463997264607,800.00900,8000090000
922.2196256859071,470.8576093392357,800.22730,8002273000
898.4093341567371,485.53138525192185,800.43770,8004377000
923.6674302120751,501.4263321648383,800.67010,8006701000
903.7727350273944,508.64631552431183,800.91610,8009161000
862.4465055105208,493.30604534276887,801.16240,8011624000
865.9850242112635,517.858006913837,801.38360,8013836000
908.7760312730904,554.9117997089203,801.63460,8016346000
907.2052228241234,546.4363282051852,801.85890,8018589000
863.8994436040332,530.6297220943331,802.07200,8020720000
928.8050584595992,576.1515350510434,802.28230,8022823000
963.917583552789,581.2698100814296,802.51010,8025101000
944.4676440892923,571.4758818918351,802.73600,8027360000
957.9216952469704,607.9676235012886,803.00200,8030020000
931.5007835443685,630.4664602748205,803.24130,8032413000
958.699195516861,626.4207773194956,803.48330,8034833000
982.5486587747802,626.5669528349005,803.70250,8037025000
994.4623767181675,618.2539615840489,803.95410,8039541000
997.9968842902922,589.3057554315186,804.17770,8041777000
975.4889221498506,560.6354398206985,804.40220,8044022000
934.8469283437978,542.213501413832,804.67590,8046759000
957.0295632392967,551.8436597158286,804.89740,8048974000
932.590153574572,579.0242620969593,805.11870,8051187000
936.1296600826599,605.6788306943267,805.36390,8053639000
898.1775304327351,603.0977770979158,805.58590,8055859000
872.9930035130382,588.8401159444965,805.84090,8058409000
877.5839210968555,619.2222413163553,806.06050,8060605000
900.4517602384362,601.2249946282209,806.30800,8063080000
883.639145876358,582.6961269704212,806.58470,8065847000
879.4189544967443,593.42616734432,806.80690,8068069000
864.4058104016513,610.006853246512,807.02610,8070261000
822.3990059933918,609.6362047708586,807.24780,8072478000
812.0492743600669,604.2695744716768,807.47390,8074739000
867.6806303079724,605.7063525264352,807.70570,8077057000
882.5320517976254,609.3959905087545,807.95700,8079570000
896.3850451764564,571.5523640287328,808.18270,8081827000
903.6141637566105,548.8761114710436,808.44500,8084450000
914.6766508442412,573.7871330143445,808.67340,8086734000
932.5876055730455,602.5585984476534,808.89930,8088993000
947.2935645249811,637.4727291997482,809.12390,8091239000
975.5392815479133,653.790109051963,809.38270,8093827000
967.2625278064887,624.4362632130684,809.64670,8096467000
974.4432798077313,662.3683017507815,809.87110,8098711000
1003.7266377728702,668.6324248175347,810.09650,8100965000
998.4212327515736,664.135130371503,810.31780,8103178000
976.6992543439521,632.2028260152296,810.53550,8105355000
1009.349516612957,612.4927738102182,810.75000,8107500000
1040.0532264456572,628.9416310560393,810.97360,8109736000
1014.1790898591751,649.2476047067313,811.19280,8111928000
1057.6089225571168,655.7574652703779,811.41130,8114113000
1053.8048627737562,653.3397676335079,811.63470,8116347000
1092.968614824141,665.7860219565794,811.85310,8118531000
1093.8054394750325,666.8929148225697,812.06880,8120688000
1104.4804896852168,646.6812594535061,812.28220,8122822000
1106.465671708296,657.081831166972,812.50600,8125060000
1097.1588463170572,635.8078769088274,812.73470,8127347000
1038.1119859092967,591.6224132309047,812.95770,8129577000
1016.1550306988593,622.8327601055612,813.18500,8131850000
1072.1287646925225,630.6509688026395,813.42580,8134258000
1021.1494480156248,592.7912859915199,813.64060,8136406000
987.3489283201898,580.3167482773441,813.86480,8138648000
965.1508513399399,516.5051583003359,814.08740,8140874000
943.3642924243812,479.30008140104997,814.31620,8143162000
1050.1347562975643,505.97558325087005,814.53780,8145378000
1009.6163180697876,588.6246045212082,814.76340,8147634000
1033.192236571362,645.5824657771219,814.99050,8149905000
1023.5672396667537,680.6666944420291,815.20500,8152050000
960.9536039865351,669.2722091728789,815.42470,8154247000
960.0200239151022,592.5639656162336,815.64430,8156443000
970.4488894056732,538.5009432157545,815.88300,8158830000
938.0534238826352,437.11286660304245,816.11800,8161180000
929.9271355899547,413.0924097192132,816.35310,8163531000
837.6797693988947,294.10657454560055,816.60840,8166084000
665.0064269598722,251.16218609715852,816.84800,8168480000
564.3505636059382,223.42480292876806,817.10350,8171035000
677.178904743376,240.8797914632388,817.36200,8173620000
805.4527281103674,201.2875403499774,817.59040,8175904000
846.9480772516683,174.56103862555463,817.82580,8178258000
916.722182468962,181.7173046578346,818.04760,8180476000
1058.441813957863,206.61514313899715,818.28550,8182855000
1100.7928111129345,173.98791970014418,818.51480,8185148000
1145.7402444221395,212.80315379534255,818.75460,8187546000
927.8583685778118,222.31787690172504,818.98970,8189897000
743.9043099177926,219.025972370204,819.21040,8192104000
552.7757499536624,216.28503664841836,819.41310,8194131000
511.9863387832274,173.37299854290305,819.61100,8196110000
419.55757890849964,131.83718578883028,819.81240,8198124000
334.03425135016414,96.0175684458888,820.01680,8200168000
338.5472992194169,145.38685091582266,820.22220,8202222000
421.6242915408491,149.20253103881817,820.42880,8204288000
437.39209297535774,128.31257721222755,820.63150,8206315000
521.6316918558024,153.99340376948817,820.84080,8208408000
602.2870001226275,133.652333826965,821.04480,8210448000
604.5055534158089,135.36865454419754,821.25350,8212535000
631.4555424531816,137.27099611924376,821.45500,8214550000
700.4181557185274,164.58310886509403,821.65960,8216596000
780.9019769875093,163.3871549954045,821.86390,8218639000
865.7005089609331,182.18191399068834,822.06960,8220696000
988.9544880644642,162.51650880119954,822.27580,8222758000
998.3983247539588,190.71973796365995,822.49230,8224923000
1043.616793669512,194.04681396632304,822.71400,8227140000
1144.2553527224704,169.46415940315745,822.94740,8229474000
1154.8219151452101,170.63485457879926,823.17080,8231708000
1214.7875368037471,198.3682511776146,823.39640,8233964000
1280.5435302077024,202.06830565086983,823.61780,8236178000
1326.9015713396886,159.74066730071743,823.83480,8238348000
1398.6051246842096,168.85001684791294,824.05560,8240556000
1219.4683362048643,226.13325710144522,824.28350,8242835000
964.3992533128865,249.83242367939863,824.50630,8245063000
730.6366604835739,268.85730294694997,824.74250,8247425000
594.9869812723726,249.351462835936,824.97600,8249760000
491.86388763094897,212.9062161424699,825.22200,8252220000
479.78214998557314,197.91860782651753,825.47010,8254701000
464.0386674853484,192.74271623715364,825.69240,8256924000
450.69801325810613,172.60967636356574,825.91690,8259169000
532.0262836887637,178.81172080550246,826.14310,8261431000
503.8735594662728,172.36510898512145,826.37920,8263792000
398.4929540596685,171.98528572815178,826.61410,8266141000
307.5207443873533,130.48728163463588,826.84080,8268408000
248.39885003829846,147.41217045175048,827.05650,8270565000
408.7790881285631,146.07340009727704,827.28300,8272830000
608.5760295921664,149.7057013441343,827.52450,8275245000
771.0499276544165,202.25340918300455,827.76070,8277607000
818.2764750891739,258.8159663611269,827.99040,8279904000
841.1946696770495,267.06975331784326,828.20940,8282094000
764.7587286595683,240.71468152294966,828.44440,8284444000
728.4500901681313,243.383084667728,828.72430,8287243000
810.079944118105,254.62545952486522,829.01020,8290102000
824.8763911995107,258.82367433469335,829.23460,8292346000
941.3130245607776,339.1236915212613,829.45650,8294565000
986.4432045106845,405.3768852683566,829.67350,8296735000
1097.5792724681378,474.1392722915957,829.89720,8298972000
1131.4348350863233,529.5520006792688,830.11120,8301112000
1174.2343281745432,549.5795548086987,830.33310,8303331000
1180.3799687702622,543.0483177853857,830.55450,8305545000
1009.8967667260138,495.08975681893014,830.77950,8307795000
802.7331876822974,443.98870543406815,831.02470,8310247000
600.6568811707446,376.56479839845923,831.25240,8312524000
427.74036537624346,301.6280902092623,831.48370,8314837000
434.67356727244896,324.6589270101523,831.69980,8316998000
535.560429902031,370.63744701558664,831.91650,8319165000
702.709050122151,446.4533930455858,832.13690,8321369000
852.2978441218372,467.1179689142343,832.35600,8323560000
918.3789706472658,465.23754886041405,832.57870,8325787000
1003.0034830298714,463.90416474678193,832.80380,8328038000
945.3036330962641,431.5963876159532,833.02440,8330244000
913.5092568267228,409.26192450769184,833.24450,8332445000
959.7497171671282,363.37144069274234,833.46260,8334626000
859.9155225248971,356.49309320219135,833.68700,8336870000
799.1886979558582,339.03074475721064,833.91140,8339114000
832.0689365548973,366.98330455719844,834.14220,8341422000
906.5579417548443,383.1847535168147,834.35930,8343593000
988.2282652811418,422.52336741374035,834.57760,8345776000
1012.9307566307683,457.1103793085278,834.80430,8348043000
1003.4194719886134,437.5108463660328,835.02780,8350278000
950.6124048730181,436.783075988516,835.24690,8352469000
948.6684452691411,422.756018174725,835.46040,8354604000
879.1107814118615,404.32924462757586,835.68510,8356851000
850.8776323352168,397.6531598939634,835.90980,8359098000
862.4306851596288,399.47197149033565,836.13170,8361317000
822.0621722552553,441.8392457705995,836.36760,8363676000
824.3480682924727,484.32021310329156,836.59760,8365976000
802.7432066995314,460.1975894953828,836.83070,8368307000
803.5146812717669,473.5679496647555,837.04780,8370478000
796.5523064466622,463.65159805863163,837.29720,8372972000
765.0112472220325,491.6468200016058,837.55930,8375593000
879.513356747084,477.5574943406572,837.78030,8377803000
992.3884556078918,443.7778777673431,838.01550,8380155000
1000.1790992972697,442.3106967737882,838.25450,8382545000
1007.3997479600378,442.0003813014006,838.47750,8384775000
1077.9885341736044,425.40140158263875,838.69420,8386942000
1088.8181483977435,517.9493424056468,838.92780,8389278000
1114.4444679700553,513.265192575195,839.14480,8391448000
1193.7413369646972,474.028195933651,839.36650,8393665000
1190.3886451936767,451.2249166369053,839.58960,8395896000
1196.9814024339528,391.3800093165454,839.80770,8398077000
1216.5628886498155,386.3028525416515,840.03700,8400370000
1207.4895457087582,360.9695356151672,840.25860,8402586000
1228.8338093510179,309.67987373990724,840.48550,8404855000
1225.2858831172389,316.40995009155125,840.70780,8407078000
1267.0073530347245,375.21295947357396,840.93140,8409314000
1280.5888428306223,424.98922366505747,841.15570,8411557000
1268.4966583299097,409.31813834476293,841.37320,8413732000
1214.2649416370514,361.4524471825206,841.58800,8415880000
1258.7347268937147,368.2217343074962,841.81550,8418155000
1255.566330161661,382.7508490857027,842.03750,8420375000
1211.9955228892716,374.086544691068,842.25650,8422565000
1179.0545068852587,352.72096103267586,842.48210,8424821000
1174.0789014068284,272.52728309873964,842.71560,8427156000
1324.5592983677698,285.81237236974334,842.97190,8429719000
1339.7042709268085,345.2826144318182,843.19220,8431922000
1298.9406800499712,316.30916253957986,843.40860,8434086000
1156.5317424732066,376.61455402455675,843.62640,8436264000
1123.4375120782695,426.1283194468135,843.85170,8438517000
1103.3905429468825,438.39799708391513,844.07010,8440701000
1131.1413568253315,472.42351455231903,844.29450,8442945000
1201.9355460277125,464.46859903907625,844.51420,8445142000
1275.3190095402015,431.17658181744264,844.73680,8447368000
1347.6966848429947,379.08870267189997,844.95920,8449592000
1346.5576252487865,378.78226070359017,845.17880,8451788000
1359.6468256254077,411.93851828207306,845.39620,8453962000
1384.4333219353168,493.37031183070525,845.60990,8456099000
1332.0963385926996,535.9180508840411,845.82780,8458278000
1317.1957605191535,545.639815989896,846.04280,8460428000
1307.8383943560768,512.0581607522154,846.26090,8462609000
1374.7680255712787,485.7834760323824,846.47670,8464767000
1391.0969736351183,432.2926520322756,846.70040,8467004000
1296.839566042664,423.27303611512946,846.94320,8469432000
1271.5601193985108,419.7918423160973,847.16010,8471601000
1170.107123220458,369.0087910935588,847.38320,8473832000
1102.4181347107226,320.38426126482744,847.60600,8476060000
990.965429149025,273.32198834213716,847.83050,8478305000
979.1969694770228,252.02532891265986,848.04660,8480466000
1082.3672260860092,280.0891492774384,848.26840,8482684000
1139.8498790569915,320.26418299490297,848.49580,8484958000
1268.9365042664201,383.23694947100853,848.71990,8487199000
1217.1336888799374,395.30921110663905,848.95070,8489507000
1220.2566378722224,430.2072587108782,849.18830,8491883000
1122.8185714404365,384.1374171516802,849.42600,8494260000
1131.2621575203916,433.62994562921347,849.68110,8496811000
1206.8497049508085,465.85024691755507,849.94830,8499483000
1275.0748469942953,418.45251259859265,850.16640,8501664000
1324.9053499559584,407.6674198214466,850.42090,8504209000
1294.4317396549538,408.6019804397329,850.66430,8506643000
1328.5797423974402,411.3618950168584,850.88760,8508876000
1424.7969252740088,399.9735144675961,851.11000,8511100000
1405.6419965752793,328.1108571447917,851.33880,8513388000
1462.1440575360612,318.90771888433125,851.58980,8515898000
1422.5324591905583,321.7768946755342,851.86570,8518657000
1485.914514880286,318.9065091572996,852.08780,8520878000
1522.2788332860775,351.75101572023914,852.31320,8523132000
1532.783627916717,337.12034669114695,852.53180,8525318000
1532.3398574003068,345.04028097927153,852.75660,8527566000
1546.656915015603,374.17868205643686,852.98110,8529811000
1503.5154483101896,360.17419547591174,853.20960,8532096000
1541.4344810644268,395.076148571637,853.48630,8534863000
1490.701793024303,385.7271362416241,853.69840,8536984000
1448.1395700057835,354.40102401888794,853.96920,8539692000
1377.7568062312134,379.4970291662471,854.21210,8542121000
1355.439550725923,347.14115775977086,854.44420,8544442000
1300.266449712546,388.4994378621864,854.66370,8546637000
1425.912232771601,448.08599137041404,854.90340,8549034000
1432.1867058102853,487.8667551891468,855.12130,8551213000
1444.6947897920354,508.29309848135705,855.37170,8553717000
1479.431198429457,513.3682517517235,855.59940,8555994000
1462.4829504060458,499.82729701736395,855.83910,8558391000
1402.1204551126968,491.3379958059522,856.08080,8560808000
1360.5060940652697,437.1148481283836,856.31310,8563131000
1334.0959087662577,458.71529271750893,856.56480,8565648000
1300.025707020267,423.5958515985343,856.77340,8567734000
1310.7452600178324,422.312533457339,856.99610,8569961000
1276.6644955903673,392.31677672373934,857.21540,8572154000
1269.735994180717,398.33210230648876,857.44410,8574441000
1235.483984053653,382.0192107118773,857.66830,8576683000
1106.9315754411539,354.08976068739054,857.88770,8578877000
1065.799396432928,324.3233793179897,858.13690,8581369000
1085.6845410437963,343.8633198885434,858.36930,8583693000
1160.698250372227,400.152879900647,858.60110,8586011000
1254.6851418518238,349.72283948120315,858.82200,8588220000
1354.7010372872808,344.3651808001737,859.05040,8590504000
1395.7667294804853,332.66239594070305,859.27400,8592740000
1485.6073177996898,385.43095759546964,859.48890,8594889000
1566.2850166780795,391.5488355509938,859.71910,8597191000
1628.3470627563934,412.48466365285515,859.94060,8599406000
1604.1507412400213,376.06710234105714,860.16540,8601654000
1675.32800654465,310.2154312615845,860.39580,8603958000
1671.1614259223707,289.9322588652611,860.62110,8606211000
1624.5478128422324,318.90726648927676,860.85170,8608517000
1589.165715251306,350.1344099120241,861.08170,8610817000
1617.0121446530798,347.76965888371024,861.31990,8613199000
1649.0373207096118,379.55786809699055,861.54340,8615434000
1556.8839397618272,385.18884188281163,861.76660,8617666000
1569.5599858274982,365.41825560016383,861.98690,8619869000
1524.0121572849605,366.1696421078613,862.21550,8622155000
1463.834586541499,363.838656415299,862.44030,8624403000
1495.4129532569123,365.95506991450304,862.66070,8626607000
1502.543639649188,373.4754910131581,862.88460,8628846000
1463.5300578266838,399.43092289291627,863.10920,8631092000
1468.5505384874937,410.57996255576296,863.32680,8633268000
1458.1962162569446,361.6202365488252,863.54150,8635415000
1458.3405714653677,384.7384435351844,863.76540,8637654000
1400.9802125126334,332.39382991736414,863.98620,8639862000
1292.2452684152865,333.77317925179295,864.23380,8642338000
1296.6853991806036,302.1714513584058,864.45390,8644539000
1306.540782487837,310.4489678048239,864.68450,8646845000
1251.6054107135383,343.6496475088545,864.91770,8649177000
1161.4410896366596,365.54702671946217,865.14960,8651496000
1089.317974911022,353.8678614903091,865.37390,8653739000
1078.143609356709,345.9812545570768,865.58760,8655876000
1015.2569261587017,367.2130568404877,865.82730,8658273000
1036.6952775819325,341.8901608314523,866.04010,8660401000
1040.5073372582717,348.858172934158,866.26420,8662642000
1058.9236886985482,405.47249688983624,866.51270,8665127000
1170.5725263670577,441.3304383644479,866.74440,8667444000
1192.970216061775,460.41264715513915,866.96470,8669647000
1225.2330626761443,478.3779318114158,867.17400,8671740000
1142.2485477208775,481.41069517568206,867.39250,8673925000
1141.6759148409046,483.18997545876533,867.61610,8676161000
1140.9960526134055,437.76664090857855,867.84170,8678417000
1136.7426272724965,380.6654101413722,868.06600,8680660000
1113.4200661001744,387.349964840232,868.28730,8682873000
1163.664028934605,387.49575320027884,868.50870,8685087000
1074.195047796599,370.8646560975062,868.74000,8687400000
1004.2304243328457,373.65369074064654,868.97110,8689711000
900.0441848936938,361.49755029048504,869.19670,8691967000
869.0349568125479,362.1400337265368,869.42960,8694296000
906.0913431225833,343.16927378741815,869.64940,8696494000
965.1099641638733,380.44036849083744,869.87860,8698786000
978.2724460920017,360.2863176979167,870.10120,8701012000
1016.50587412898,317.26538623710024,870.31270,8703127000
1076.4420747380527,358.0023059141972,870.55480,8705548000
1092.562266494767,330.06596480227375,870.77550,8707755000
1111.2534666917763,347.07342858141516,871.00010,8710001000
1058.20668585811,327.3535886523459,871.22430,8712243000
1020.1974537229456,328.8980346269109,871.44910,8714491000
980.3611523149641,336.513680021976,871.66540,8716654000
948.8055110550285,347.34954492238785,871.88620,8718862000
912.0667513252451,347.3798017111503,872.10720,8721072000
920.2357593583213,313.9257337380115,872.32870,8723287000
887.940652277479,293.6184180757807,872.55040,8725504000
927.8756189426243,246.0532359016396,872.77900,8727790000
895.0135675648138,267.9621696066199,873.04560,8730456000
858.4761000452635,193.618530201335,873.26830,8732683000
853.0091842984468,202.0024313277096,873.48930,8734893000
853.9687356928715,213.25825301830412,873.70820,8737082000
926.9694924400332,243.2557919966402,873.92660,8739266000
906.5454777522118,255.51527943811723,874.15070,8741507000
864.9488866512371,282.6355156099783,874.37220,8743722000
892.6166744751968,307.7144929247062,874.59380,8745938000
966.4878880436779,334.75755741663096,874.81570,8748157000
998.1593223129815,308.9130395338203,875.05570,8750557000
1054.1702604457594,360.2427833450759,875.26800,8752680000
1117.1402896148422,406.05667348837017,875.48020,8754802000
1099.4425754592435,382.77940524931324,875.70280,8757028000
1149.5729019594728,429.7365636137719,875.92400,8759240000
1152.0974801806472,450.17560547980247,876.15700,8761570000
1117.2932852311005,431.7490427075643,876.38530,8763853000
1090.3766601066275,466.57674404573316,876.62210,8766221000
1078.1696586424741,423.20863565324265,876.84850,8768485000
1104.5167821557918,411.64081091994143,877.07270,8770727000
1140.1336218058445,395.8986360072539,877.29650,8772965000
1199.2086793485803,362.249215850559,877.51920,8775192000
1154.4663791956589,363.6906119010994,877.74930,8777493000
1160.4249754894136,373.03085103224635,877.98050,8779805000
1165.5370461298617,323.55016358908364,878.19910,8781991000
1141.7136171613179,319.63755629874163,878.43670,8784367000
1039.958019147804,330.6662614184475,878.66080,8786608000
986.867486591577,328.66074209130664,878.89350,8788935000
935.8308712221292,317.60466011472687,879.12680,8791268000
911.0407319922576,297.22855330544706,879.35320,8793532000
952.2919456520353,291.5439021047102,879.57270,8795727000
1018.0323039523258,330.26436283409816,879.80620,8798062000
1084.119846049132,343.87919624846126,880.03390,8800339000
1109.1081902072265,352.1183416462472,880.25990,8802599000
1126.5359076095324,336.7026776054328,880.49500,8804950000
1182.7955345304902,310.48759230097954,880.72360,8807236000
1266.457945654272,340.82815341941335,880.94780,8809478000
1306.7081492073787,367.6024763653724,881.16820,8811682000
1308.4299110757968,370.8708424161754,881.39220,8813922000
1327.7131861182065,402.4041062314353,881.61350,8816135000
1208.2508143725875,422.398956990825,881.83640,8818364000
1266.4463594889112,474.5313292747503,882.06660,8820666000
1239.6750158013951,460.880305439692,882.28990,8822899000
1267.7264943421028,488.75117965517063,882.51240,8825124000
1274.455127069356,494.33074035777025,882.74270,8827427000
1291.7297307575525,469.7030385389694,882.96570,8829657000
1231.376436637239,465.61292109177504,883.18960,8831896000
1198.5863767693286,447.16751084980746,883.41490,8834149000
1153.2524377190969,434.250496122926,883.63340,8836334000
1162.7071488640781,401.3163854870308,883.85560,8838556000
1145.8646350767056,398.20721739640135,884.08510,8840851000
1132.2226931308953,410.79806914712475,884.30760,8843076000
1096.842403226639,391.94505217714743,884.52280,8845228000
1069.746441439529,387.94347382791926,884.74380,8847438000
1080.4781826099795,383.5003624874482,884.96320,8849632000
1142.6927037091893,351.9734760508462,885.18490,8851849000
1143.0039181469765,359.9730994086084,885.41000,8854100000
1168.2164372264526,391.8216726295499,885.63320,8856332000
1194.9493515540341,386.08147125964143,885.85470,8858547000
1235.624208919841,410.559267629013,886.07400,8860740000
1224.9399356146166,355.3392406377876,886.29700,8862970000
1239.9053377453981,308.0980900365128,886.52910,8865291000
1247.2216988295802,250.0372749839995,886.74870,8867487000
1218.6138758067634,271.4158547738856,886.97140,8869714000
1230.6949051903812,283.36519056986236,887.19080,8871908000
1216.4984657060857,272.7398076989689,887.41240,8874124000
1186.8850721793883,287.2556230004401,887.64160,8876416000
1205.4695270035038,282.07461718084704,887.86030,8878603000
1244.0974330520914,306.3306575142652,888.08710,8880871000
1229.5194356192596,316.6014607987132,888.31690,8883169000
1247.5830182942289,284.638855689593,888.54430,8885443000
1270.7135266009163,299.8094496211939,888.77020,8887702000
1279.8375802219873,312.14997303302323,888.98820,8889882000
1295.3359376322835,307.0968206659697,889.22420,8892242000
1307.0734960103446,308.22449813595045,889.45950,8894595000
1340.8775579539608,300.0462420776835,889.68100,8896810000
1347.0725473034906,303.0406597214641,889.90810,8899081000
1398.2230920469922,312.5302344437894,890.16620,8901662000
1311.0441333039596,337.1532525109254,890.41250,8904125000
1259.7734021901397,334.94920139519814,890.63660,8906366000
1169.0969018771768,328.6450934390443,890.85100,8908510000
1089.797661431243,311.6410347523048,891.12240,8911224000
1052.4885937512188,324.70442356815727,891.35740,8913574000
985.944130974097,329.8864810141494,891.59410,8915941000
935.7975546590753,331.2737308450835,891.82500,8918250000
903.6226190363353,380.66681276716,892.06250,8920625000
838.0388519315067,344.4619961300014,892.30980,8923098000
808.353647302754,350.8932666351638,892.53500,8925350000
855.4792457992183,360.5704824760553,892.76070,8927607000
914.317303250496,365.6059789081778,892.98540,8929854000
957.0479578248782,343.54714976642106,893.20800,8932080000
1015.531412917242,358.89467900730074,893.43080,8934308000
1107.6577241681796,358.06225582486326,893.66600,8936660000
1109.796542926849,403.67584211348156,893.91920,8939192000
1057.51657895737,407.16753880119,894.16080,8941608000
1092.7261670102318,419.6529186360418,894.41470,8944147000
1086.203996250239,436.4661468100294,894.63970,8946397000
1010.7235777731853,405.57986065547163,894.87610,8948761000
1010.9050431422329,395.2483796019064,895.09860,8950986000
1079.424428310537,416.1639218051781,895.31970,8953197000
1062.2574344915065,376.98400474966763,895.55180,8955518000
1119.6778206424442,365.69272739130685,895.79490,8957949000
1117.633223664005,404.7577838211649,896.01920,8960192000
1138.1876056611181,387.5891394805383,896.25390,8962539000
1136.8257918730565,387.0661268771072,896.47550,8964755000
1114.0254778577714,358.89474220506116,896.69440,8966944000
1086.0345394295905,315.0784882859128,896.92220,8969222000
1056.7887724718455,400.81568622381656,897.15010,8971501000
964.9935020582817,432.46142221340324,897.37090,8973709000
911.0689737464851,390.58713326444314,897.59200,8975920000
637.1946748999945,242.04197205673043,897.80880,8978088000
437.63372811408743,167.50958419888127,898.06450,8980645000
274.07552882805555,99.53176172531448,898.31500,8983150000
181.41098534089954,189.55670332281994,898.53990,8985399000
162.42528868995754,181.60393531877733,898.77920,8987792000
94.2810557854698,146.07751727441996,899.00600,8990060000
103.46697542173901,344.24224497729614,899.23280,8992328000
87.58122861859027,283.38215169116575,899.46180,8994618000
84.71770523512646,217.2087629365014,899.68370,8996837000
222.39700926252684,385.4409670792248,899.90840,8999084000
389.604650519713,489.23882194678873,900.14450,9001445000
447.5979983056215,455.7239245833707,900.40890,9004089000
403.786268541402,511.0761883387113,900.63630,9006363000
317.0539035475231,419.56604997381214,900.86900,9008690000
299.50955144007645,534.5179829877319,901.08670,9010867000
307.792742569754,615.5101802058759,901.34020,9013402000
254.1700702876872,632.0801107163232,901.60630,9016063000
244.97797116654883,629.3213580943743,901.82690,9018269000
192.1601172001643,580.5836098599831,902.05530,9020553000
288.7841092235796,566.3542484395691,902.28220,9022822000
306.6091571105249,507.0843506306745,902.49740,9024974000
249.46600969190018,353.48217486411494,902.71590,9027159000
187.15063697340582,229.48423777426677,902.94330,9029433000
174.29432283150342,160.2054247816491,903.17060,9031706000
195.50814929950488,85.22744498392125,903.39640,9033964000
237.7799500426544,83.65490573797088,903.62060,9036206000
210.17647740382807,-7.830581042462036,903.84450,9038445000
366.74304974604195,-20.809447654609762,904.08140,9040814000
435.32433469691784,-27.70462740766417,904.31610,9043161000
548.3261580813825,-17.993853028468394,904.54340,9045434000
632.5509357397691,-39.27674555946541,904.78120,9047812000
718.8494799423983,43.67605854167594,905.00530,9050053000
707.2193665731393,203.5628699147061,905.21930,9052193000
742.7888668938277,250.54689878363547,905.44220,9054422000
752.2992770611348,367.1940248152052,905.66990,9056699000
745.5343754149311,476.02029065123907,905.88830,9058883000
895.5984555262058,516.0841686393602,906.11480,9061148000
1084.968637388768,547.7213329941903,906.34090,9063409000
1217.5189827023917,593.2178427811957,906.56190,9065619000
1359.8384292285332,560.6762582492485,906.78420,9067842000
1454.6962881987904,591.822143793232,907.00400,9070040000
1570.168362209296,650.6402672241685,907.22490,9072249000
1467.2445822728891,637.7182443377881,907.44600,9074460000
1330.03319416002,599.2042869204253,907.67010,9076701000
1308.3336033944513,672.4512345676811,907.89040,9078904000
1322.0135178566918,649.4634092300811,908.10360,9081036000
1355.7082501582693,598.6982601481911,908.32200,9083220000
1401.8980440005541,607.339551302855,908.54880,9085488000
1432.0993479787967,586.0023594613392,908.77860,9087786000
1508.5456834915583,614.8163296580199,909.02310,9090231000
1476.3926885351698,612.1744303675674,909.24350,9092435000
1239.3524744336517,577.9222602795506,909.45900,9094590000
1007.5281002425619,498.65337944295885,909.68120,9096812000
777.7760174054898,486.22970625430173,909.89810,9098981000
562.3664182464211,520.7172177268834,910.11870,9101187000
415.10719691109716,499.82148723211634,910.33750,9103375000
333.3939793531339,641.2245325516349,910.56130,9105613000
503.25056865390053,636.888755649807,910.78590,9107859000
504.46282806217766,588.8509341437955,911.00700,9110070000
521.3168092432627,563.6663558211895,911.23310,9112331000
570.5907826028621,521.5011475460443,911.45790,9114579000
619.327790166295,459.88308446294735,911.67550,9116755000
646.4639790743761,450.99425672199845,911.91770,9119177000
642.9690537319582,368.237552033941,912.13730,9121373000
640.722841657405,313.3929687852781,912.35160,9123516000
594.1692362835004,279.50350125444265,912.57420,9125742000
463.2662303474689,314.97051349466096,912.79940,9127994000
490.59987479207297,267.61471629699435,913.02300,9130230000
451.0785000928451,286.41133428317073,913.24000,9132400000
333.84777037322783,290.4506530016674,913.45870,9134587000
241.1488014485269,323.3534537904676,913.67610,9136761000
181.33813451237398,316.5615913645445,913.89700,9138970000
181.54343252794322,358.4533832670695,914.12250,9141225000
130.1261156651555,390.6844148747323,914.34140,9143414000
112.774637161177,419.62959204264945,914.56060,9145606000
94.19005270932111,454.1382172522898,914.78250,9147825000
44.81040598402986,474.1275252613573,915.01130,9150113000
58.41628136991895,465.89523922677904,915.25980,9152598000
64.02376389493028,491.65061613122464,915.47680,9154768000
69.02491919273967,524.9460764970281,915.69490,9156949000
115.56604020236136,578.0007454137314,915.91670,9159167000
142.99941445836834,609.2916490528675,916.16520,9161652000
185.25129592978445,641.6045876087375,916.38570,9163857000
225.8539953036605,679.8545605785647,916.61080,9166108000
218.2002060706617,716.4498526703887,916.86640,9168664000
168.3584990341649,750.0949794731398,917.09210,9170921000
228.1835528218871,800.6903938969255,917.32270,9173227000
328.2618322488243,825.0316881786929,917.54480,9175448000
404.1849002088191,826.9488999298284,917.76380,9177638000
480.5059473929304,844.4841827950642,917.98490,9179849000
559.9003267595684,803.2895268058867,918.22800,9182280000
613.3690654201451,817.0138204420341,918.47340,9184734000
715.0002550061456,887.4458336925094,918.72880,9187288000
840.6445882110754,919.737757704239,918.98420,9189842000
822.6799347677029,900.0857584267678,919.21670,9192167000
829.809966229051,923.2810638498682,919.45010,9194501000
793.4459178624821,918.2187019570737,919.70630,9197063000
788.3893364404075,909.7233866072659,919.97590,9199759000
766.5681385025832,906.5650371466116,920.18990,9201899000
723.8060095960133,887.1440928001316,920.47220,9204722000
623.238927136694,885.5554327290689,920.69600,9206960000
527.1957137501788,870.8225585654923,920.92680,9209268000
439.4893256632865,785.8773623623381,921.15070,9211507000
324.52689573085956,607.8010633686789,921.37620,9213762000
304.0064384337616,477.3814155987056,921.60470,9216047000
455.4954879865399,361.4969515831986,921.84060,9218406000
649.7004286868137,313.20306693414665,922.09130,9220913000
861.275368892435,205.4225845849823,922.33110,9223311000
1046.7183867689528,192.6411032461312,922.58940,9225894000
1150.4369973712144,150.9916567945654,922.82350,9228235000
1066.1712362328826,138.59483255616257,923.06450,9230645000
843.7787450956162,49.494528790415,923.28490,9232849000
869.9409109320336,9.092423364092907,923.51530,9235153000
996.0731590943941,-49.17299095197434,923.73480,9237348000
1156.3913717897083,-42.52496818528078,923.96920,9239692000
1196.2242414694456,-18.033853277915455,924.18660,9241866000
972.8115936904499,33.164581210835664,924.44770,9244477000
733.851656518559,21.09621684885935,924.68810,9246881000
481.29277067257965,52.99553506576805,924.92220,9249222000
310.5808071141481,46.21433898364463,925.15540,9251554000
325.4839349975582,192.28667676867713,925.38570,9253857000
253.69234088047932,249.1414908006074,925.61300,9256130000
189.55987621312576,262.5634586091141,925.83290,9258329000
198.25518539098422,233.3422897316803,926.08110,9260811000
213.59029093061432,210.1088221500942,926.31610,9263161000
207.12622335459642,199.05303440637448,926.54680,9265468000
310.75685782059054,150.51255182528465,926.77690,9267769000
420.9645837766635,144.20269999737545,927.00060,9270006000
524.1478411402992,193.7772060254506,927.23430,9272343000
590.4150852892151,129.66507653079896,927.46170,9274617000
657.6159726315053,79.2254598471001,927.68810,9276881000
698.6121381667423,79.50308505466707,927.95140,9279514000
767.3908757581692,69.97956882318375,928.17620,9281762000
830.3090184575342,25.197248784663948,928.40480,9284048000
858.3220561953125,31.285808543655023,928.63440,9286344000
881.6325031344056,94.53758640203158,928.85640,9288564000
884.6926482346337,94.77198831529472,929.07150,9290715000
990.1657482563013,159.7590452822061,929.29760,9292976000
810.5789102385932,194.44221522355838,929.53120,9295312000
625.6007936784206,199.36820217374574,929.76240,9297624000
423.84691800514383,214.157820325429,929.98700,9299870000
293.0453660008408,242.43926806864678,930.21430,9302143000
211.50298826282275,219.84575607802353,930.45070,9304507000
140.790957609289,201.8891764699345,930.68120,9306812000
104.51261588835135,197.4022642966472,930.90240,9309024000
119.87686136642463,212.41104577605603,931.12800,9311280000
77.89919733319648,204.10684842453486,931.35280,9313528000
48.188678357742205,217.14217076892518,931.57210,9315721000
154.15843101541645,402.44144627548985,931.78740,9317874000
119.71598758792481,391.671804953982,932.01990,9320199000
92.65040879034638,355.6445929583376,932.24690,9322469000
97.18977736119321,331.5867076617228,932.46490,9324649000
105.0921106492413,317.1753902768933,932.68920,9326892000
96.2561716975627,289.92274801606186,932.92400,9329240000
159.87285444089645,308.96388448979684,933.17300,9331730000
115.3621242786565,316.1058463930092,933.39540,9333954000
480.6466011107266,438.1993446300194,933.60830,9336083000
760.2625612204403,445.4344748852349,933.82900,9338290000
711.2890630835539,525.2565622460845,934.05190,9340519000
643.1438854442237,580.1441644317381,934.28110,9342811000
472.72796905947865,538.4926450055912,934.50120,9345012000
412.83814330608743,565.8784413219112,934.72160,9347216000
385.60648003436575,617.6193217586465,934.94120,9349412000
370.5794195207638,622.7032820390293,935.15760,9351576000
327.65138116950186,648.3516939160692,935.38740,9353874000
297.83077986819325,667.5110986234135,935.61140,9356114000
237.11909270158623,699.703069764364,935.83290,9358329000
226.88300511791033,680.2403791775254,936.05060,9360506000
226.055495748388,632.1576291227598,936.27660,9362766000
259.99701084273505,611.5281229659881,936.50410,9365041000
310.09056489190147,578.1879048852647,936.72510,9367251000
290.8741253708174,546.5654072483696,936.96850,9369685000
264.86805074528274,497.39890972537984,937.19830,9371983000
219.2804145430323,470.46201336980175,937.41730,9374173000
180.4683177725636,412.63123018840054,937.64920,9376492000
227.11916182479027,378.5033339639226,937.88330,9378833000
230.13645329982177,325.46612644983105,938.10120,9381012000
235.82390087574717,291.90082456705676,938.31970,9383197000
239.1645915573204,278.5296656747949,938.54100,9385410000
233.25665095531508,241.06760061845793,938.78700,9387870000
223.8170273206868,264.00087704008826,939.01210,9390121000
215.35667679227782,241.09865889137285,939.23960,9392396000
214.9023234319205,203.49455067538352,939.45770,9394577000
248.28561642791496,226.1953598253976,939.68630,9396863000
249.1166927657232,271.6547278178859,939.91570,9399157000
174.2691439885002,239.36609245479067,940.14690,9401469000
207.57987707128927,214.00840900797382,940.37330,9403733000
210.32811942107583,183.19314729061574,940.59150,9405915000
191.59589885735272,161.07100160457355,940.81080,9408108000
190.0925107293273,174.9063157851768,941.03410,9410341000
142.2645031854284,185.1302911217219,941.25520,9412552000
152.62181627375455,212.18233231504882,941.47950,9414795000
107.96050129302907,243.21648512392,941.69690,9416969000
105.41583311860795,229.39642418728852,941.94490,9419449000
60.25582461678814,215.34005243653104,942.21710,9422171000
100.65075073334299,237.7292296201345,942.43990,9424399000
105.9843300379677,209.4094112763193,942.72920,9427292000
181.3096186966723,179.69959670389449,943.02250,9430225000
168.55263300545354,184.38012794197843,943.28370,9432837000
185.54020647145958,147.03014599127653,943.54370,9435437000
196.98870474944613,139.18110931016736,943.77500,9437750000
265.0034935017121,181.55256925625088,944.00290,9440029000
234.17297147582116,162.14520431478115,944.28790,9442879000
291.7973518384287,151.88918432694692,944.53260,9445326000
470.41882901557403,144.4728753884326,944.80590,9448059000
594.5544849117414,200.28641975740535,945.02370,9450237000
701.2900094305927,197.07853219425502,945.24120,9452412000
772.4533750889626,160.19137667884215,945.52420,9455242000
816.6610153171902,172.52173403472943,945.80220,9458022000
672.639673757518,201.18512799583758,946.01350,9460135000
518.1105881633343,175.15520372204102,946.25670,9462567000
446.3057932827998,241.89100913295934,946.48680,9464868000
409.45820334071055,225.7128789043751,946.76410,9467641000
354.09857546235077,251.75610562028135,946.98010,9469801000
265.9256170608138,257.3262122050611,947.19690,9471969000
262.05727552324066,259.7998473864286,947.41710,9474171000
218.9867402245061,256.81224416595484,947.63780,9476378000
169.09962585237938,240.6400564772022,947.89020,9478902000
187.50679871773417,233.062449991242,948.16940,9481694000
248.8817558898485,225.30899157602647,948.38840,9483884000
216.8960137749181,278.8184585644791,948.61320,9486132000
259.5595103686513,336.132222521967,948.83920,9488392000
247.9889530914492,372.21118281461776,949.07110,9490711000
262.8918563795829,402.747675550555,949.30870,9493087000
317.14551713841036,388.4374289255191,949.53360,9495336000
281.2101792730556,328.2086604868988,949.75080,9497508000
225.21026928823903,258.32061490686385,949.97980,9499798000
227.181829274904,270.4821043872084,950.20980,9502098000
227.28117292954607,220.67870115757637,950.44900,9504490000
328.7182622062844,178.32639087126654,950.68060,9506806000
301.81524901883813,158.51617956931898,950.89990,9508999000
311.6016427183963,174.61948237478566,951.12710,9511271000
321.2690504692222,184.93493619049733,951.38690,9513869000
294.10119229910697,201.29183816935642,951.61230,9516123000
321.1289104524203,217.17737324219902,951.84840,9518484000
294.2824849163234,217.84889315155752,952.07510,9520751000
274.8498206381659,162.31725909420578,952.31480,9523148000
312.76842448385764,136.9665567361251,952.54380,9525438000
283.82401188487245,123.01179427277565,952.79730,9527973000
293.14163230755173,155.39423396755342,953.03650,9530365000
206.76035223202723,128.27003631106038,953.25320,9532532000
187.24197227562448,129.1102823669255,953.48200,9534820000
237.27896728864448,147.54683391253306,953.73840,9537384000
441.82083636234887,167.43205078749935,953.97280,9539728000
492.6448875088791,123.72918748356557,954.19870,9541987000
424.1803300994844,112.471648462824,954.43010,9544301000
380.06597304836816,145.76453921382875,954.65340,9546534000
458.3120540070857,192.6687215976356,954.87580,9548758000
504.4431309341988,197.32738603502813,955.10000,9551000000
609.4803672762675,215.51365429009377,955.31340,9553134000
703.1262439758674,194.1886503192716,955.54110,9555411000
736.2148550466264,126.50643980964304,955.76760,9557676000
725.9844352525613,61.26339104061166,955.98920,9559892000
619.6932240795095,107.12847349317857,956.21430,9562143000
533.1286921684111,90.34035794190473,956.44780,9564478000
439.27367211569486,102.47210835789372,956.67900,9566790000
570.9600170020042,135.43197201541005,956.90920,9569092000
568.5026670007297,137.59426636298355,957.13660,9571366000
598.433156964084,147.4787647380897,957.35550,9573555000
600.8183643398295,150.5531888797389,957.61030,9576103000
476.7678546210591,177.26049028687245,957.84020,9578402000
398.19327967870225,253.3560780516769,958.06460,9580646000
294.552608569302,316.5835296727875,958.29360,9582936000
259.71445845471897,363.7600706071506,958.52100,9585210000
368.7551818623158,408.0194544624561,958.74410,9587441000
455.37262857109283,401.76728482793743,958.97490,9589749000
528.3483621032124,372.44171485584525,959.22990,9592299000
614.2160934168313,339.8164918448002,959.45100,9594510000
531.0855186514925,310.2680368481873,959.68660,9596866000
402.7772270604971,333.890206129642,959.92050,9599205000
372.4051119835384,330.86270739094437,960.16000,9601600000
372.10293144900726,342.52096986151344,960.38610,9603861000
562.5464904296691,394.2996596671164,960.66860,9606686000
670.1656584618949,392.38826629483555,960.91640,9609164000
836.6259017037866,377.0356401037906,961.16830,9611683000
966.7823982256524,408.8704183814418,961.39230,9613923000
1045.206697642349,400.12094476418093,961.61980,9616198000
1066.2878988528705,450.1431766530544,961.90070,9619007000
1103.5424901116269,478.2138073156621,962.12830,9621283000
920.5349084634109,564.6374490504817,962.38730,9623873000
732.5582271809303,585.528558395924,962.63670,9626367000
611.401765671757,613.3831539568342,962.86740,9628674000
476.7546566697928,648.565033872887,963.08880,9630888000
518.8397085175595,613.7795121654385,963.30560,9633056000
498.60459163822213,650.4890783532288,963.52120,9635212000
444.60396827645275,705.5828776260055,963.74770,9637477000
389.1931418794567,691.1900440019335,963.98760,9639876000
297.13875746515566,700.1173066042111,964.20490,9642049000
246.80626120647614,712.2796761437821,964.42130,9644213000
311.1336078978062,594.6835571969474,964.64820,9646482000
414.915477114644,502.9850574284085,964.86980,9648698000
413.74954050262363,424.07012752294736,965.09310,9650931000
345.72174015530453,333.96707725991,965.31100,9653110000
280.65846998963616,236.71868394315533,965.53610,9655361000
281.42476853150356,256.70860475851777,965.76100,9657610000
235.58305897271782,203.61557620557397,965.98360,9659836000
258.5758997620361,228.629130947182,966.20970,9662097000
260.4242735315929,259.3602903820076,966.43690,9664369000
213.66077997759157,354.6078328937929,966.65820,9666582000
223.92310906073573,407.12166224149485,966.88230,9668823000
299.17683052711004,394.1483858057925,967.11300,9671130000
333.91077856450954,447.59436961079723,967.34180,9673418000
285.82767112102897,350.01557276945334,967.57330,9675733000
334.7659203441436,342.79491351960445,967.79490,9677949000
326.2575281216416,272.6276194182131,968.02400,9680240000
424.7999441492262,219.3844509973914,968.24930,9682493000
591.7904826416212,158.32439390942858,968.47340,9684734000
911.9161505500176,195.42504452823152,968.69640,9686964000
883.3353419118126,183.16284416944978,968.91670,9689167000
796.4638244272252,149.83401757585784,969.14730,9691473000
759.016150642694,115.25852202357224,969.37780,9693778000
703.6070968848724,85.92406074523976,969.60800,9696080000
631.4010872789523,18.38133191579476,969.83370,9698337000
595.0476492004788,-12.413747436732184,970.05850,9700585000
613.9799008205254,4.753072913411259,970.29670,9702967000
595.5262546299658,41.77428941811313,970.51690,9705169000
599.8943000027471,65.5660746440272,970.74930,9707493000
546.5186065035138,106.93909387067238,970.97810,9709781000
516.7079625725665,126.76809536933793,971.21030,9712103000
528.2292895700311,148.9101382795072,971.44130,9714413000
579.4256685934173,149.38128785078516,971.67460,9716746000
577.3164410404793,114.3495293784868,971.90280,9719028000
604.7826427321182,136.90247539627592,972.12870,9721287000
624.9798704530189,154.37992681547817,972.34860,9723486000
654.7615663140642,144.89340513720393,972.57360,9725736000
558.1548672197165,159.07885329429803,972.80230,9728023000
411.82087418710034,176.09089564272745,973.03040,9730304000
300.92328566984276,335.8552665053249,973.26060,9732606000
284.2921621565753,434.0685797918328,973.49050,9734905000
280.8994939507053,540.6973758362066,973.70800,9737080000
216.39131252028375,613.2718650593451,973.93940,9739394000
237.3017287465937,732.9769723761704,974.16250,9741625000
256.2689734196521,788.720269752751,974.37740,9743774000
312.13462123909005,805.1961191613073,974.60480,9746048000
272.9472036725479,690.5365388202551,974.86080,9748608000
398.2087618247381,657.2852271887591,975.08770,9750877000
408.32832369078415,528.086305434022,975.30780,9753078000
394.3800862328583,431.1932735888008,975.53010,9755301000
422.47910598008974,374.7587985953413,975.76420,9757642000
376.76452423993084,353.5293671150678,975.98840,9759884000
379.13769531924714,304.7941654223455,976.22110,9762211000
319.13255037819243,312.2151349708371,976.44470,9764447000
273.8474148274706,347.92447824817845,976.66430,9766643000
173.52407041956985,426.47381829295705,976.88940,9768894000
157.1096802771228,466.4048613132766,977.10560,9771056000
238.08163984037424,564.0897609179146,977.32880,9773288000
353.7575135368537,618.6074891770462,977.54820,9775482000
416.5163961748873,666.039645156457,977.76820,9777682000
459.9150742794657,732.2635183384092,977.98920,9779892000
622.3125471647397,800.7477603213455,978.20890,9782089000
653.8008236994463,856.6533793128004,978.43630,9784363000
739.6486701510293,882.1885804595244,978.65610,9786561000
659.1132254838576,905.9751947944997,978.87330,9788733000
611.4769575129502,930.9141355148502,979.09210,9790921000
569.1165737508751,948.4655878189567,979.31130,9793113000
534.0986405483582,941.6258463631946,979.53260,9795326000
630.907077322515,949.9495496721545,979.75680,9797568000
689.4878321798658,943.0432788460237,979.97820,9799782000
733.5868462020236,944.702085214952,980.20690,9802069000
812.2863026839326,940.5544388200572,980.43620,9804362000
850.9342041873753,937.7889028495968,980.65820,9806582000
892.5872705268231,950.1594578222624,980.91770,9809177000
935.6636143734977,907.3609599388986,981.14860,9811486000
795.31018309757,922.8558710061976,981.36910,9813691000
744.3998988358915,957.411525862735,981.58950,9815895000
733.5220334044328,926.3005766656163,981.82200,9818220000
679.4470153389238,931.7796155173228,982.05060,9820506000
619.2068335989796,913.8244303561117,982.27270,9822727000
628.9530732789336,884.5481464346922,982.49370,9824937000
573.6912043215503,864.3340318476154,982.71610,9827161000
474.2334268649737,861.2235262972307,982.93540,9829354000
332.9515618143644,868.7367481763378,983.15760,9831576000
322.8851768288575,880.5111344732591,983.38980,9833898000
459.984119894119,846.7353199776251,983.61200,9836120000
535.9770215127116,749.6310625413414,983.83650,9838365000
681.3086166292652,678.5408521359614,984.05440,9840544000
745.5871187185708,632.407256442488,984.27830,9842783000
872.4858967367944,627.1943280686559,984.49890,9844989000
904.0061865964078,559.9748602440798,984.72610,9847261000
865.3273691281865,543.2581939787268,984.94300,9849430000
722.9286895266923,462.06347526268485,985.17170,9851717000
669.3256192345506,405.60991739184215,985.39290,9853929000
564.548845494276,328.9087468319747,985.61980,9856198000
515.1127368612541,257.81390160038416,985.85360,9858536000
603.3848405114251,367.44717275260837,986.08750,9860875000
653.4781837871619,297.69155388234003,986.31700,9863170000
704.7934691405889,175.335460500358,986.54920,9865492000
592.5870535429461,154.26580103158858,986.77230,9867723000
500.43707559902776,156.69418966422447,987.00510,9870051000
438.6348080292764,168.46571758260848,987.23210,9872321000
421.8226380031776,138.47867885021572,987.46540,9874654000
463.8164215390533,165.89056329011055,987.70660,9877066000
541.2113300363161,132.7207920323176,987.92650,9879265000
734.6951715453085,98.14008994757674,988.16610,9881661000
933.6753427013205,104.45661612047576,988.38970,9883897000
1078.5330248265043,162.50005580087065,988.60980,9886098000
1208.506469502068,150.67405333830453,988.82890,9888289000
1313.5512497238083,148.80888860138066,989.05420,9890542000
1343.7386386502658,199.9746978305287,989.32520,9893252000
1342.2692340036626,168.12715242079207,989.54750,9895475000
1373.9021777648186,205.269094806854,989.79530,9897953000
1385.476113955549,227.55328848847782,990.02140,9900214000
1360.8845545393247,217.9361955882094,990.26580,9902658000
1371.4967391506823,219.08005448792412,990.48480,9904848000
1334.7883067571918,212.09349571845897,990.70330,9907033000
1323.7687489994953,186.19258345034325,990.91950,9909195000
1064.3872742260014,360.3060731338794,991.14210,9911421000
822.6989424975812,432.7136472426942,991.36180,9913618000
625.88439728508,524.0257956397012,991.58140,9915814000
764.8297560266622,519.0947472041339,991.82610,9918261000
901.3159825867068,444.94585927536536,992.07390,9920739000
1079.4162224333652,435.73715375005145,992.29280,9922928000
1204.7592468334205,369.4436192493379,992.55290,9925529000
1302.0974418256671,354.5285642951021,992.79630,9927963000
1358.2717243377176,373.11990326917055,993.02410,9930241000
1454.987901432071,334.88273085714354,993.26910,9932691000
1244.072343516082,233.86872340324305,993.49820,9934982000
1120.1286558986444,205.27271948506902,993.72950,9937295000
1008.3240458060383,194.59610371437012,993.95630,9939563000
934.7691034748349,227.05891455163953,994.21070,9942107000
861.6967817039008,210.70597968655346,994.43840,9944384000
826.7589939975862,220.82039625444622,994.66640,9946664000
809.2230276472243,224.47054750356443,994.90250,9949025000
801.4455679959102,188.7514509924037,995.14070,9951407000
747.9628442282151,176.15313058395446,995.37750,9953775000
745.4636032394912,172.18377739193755,995.64750,9956475000
767.5817619254268,185.78191086328295,995.86740,9958674000
749.3685371646751,157.39407119833766,996.12590,9961259000
783.1529568005498,164.62482862192945,996.34400,9963440000
705.3539868901639,123.98442970580291,996.56580,9965658000
576.7888955345259,281.57782818733716,996.78800,9967880000
549.8572825210523,279.2578102760566,997.02330,9970233000
573.6876245336922,269.77121295342,997.30860,9973086000
644.6579113857223,242.94217551156783,997.55460,9975546000
614.6486547642482,264.53191657629475,997.78050,9977805000
514.9265645461904,342.52552353618626,998.00920,9980092000
422.7141537309232,405.3311379753698,998.24530,9982453000
345.38006881114615,440.9123799651032,998.46070,9984607000
257.1759068857564,398.1276565227112,998.70380,9987038000
149.14564316451174,324.11656446303357,998.91750,9989175000
167.65398001653205,279.15305084155546,999.14650,9991465000
162.53031410209275,275.3075481979251,999.36590,9993659000
147.77903214306508,240.46213849925545,999.60090,9996009000
174.37806140121788,229.74967011446637,999.84310,9998431000
130.99173290718068,255.7563988772339,1000.09150,10000915000
223.85318981589563,253.58162588428607,1000.35960,10003596000
234.67794884738618,239.40583327162483,1000.62270,10006227000
178.92281461200264,221.79469655291587,1000.85300,10008530000
181.09396452647124,189.39434105006544,1001.09570,10010957000
258.7037591240184,192.25914838575477,1001.36040,10013604000
200.45090628502942,273.1585233117732,1001.57300,10015730000
121.75610540573153,334.30798218956204,1001.80230,10018023000
42.65450868879275,343.6441649334571,1002.01600,10020160000
93.6988450780693,296.46103551035225,1002.25960,10022596000
26.08131190097515,251.28615000406973,1002.51520,10025152000
160.64653108252776,279.2338763773226,1002.74980,10027498000
261.19414597145715,213.65249287486932,1003.01320,10030132000
256.6004056328293,177.68942416082245,1003.22880,10032288000
213.53882738764142,166.72160210471753,1003.44790,10034479000
239.14298890292133,163.06080584839756,1003.66820,10036682000
263.0750898852758,218.70428511172724,1003.90030,10039003000
258.524479914922,331.4097803118903,1004.12420,10041242000
310.3534087057261,337.3290319636476,1004.34240,10043424000
541.7388067614586,434.01263158483437,1004.56340,10045634000
773.7338580342168,528.7192181546031,1004.78910,10047891000
816.7467871950151,511.21296210764376,1005.02080,10050208000
882.8558404450748,487.20379234334257,1005.25240,10052524000
733.8507729726796,425.61468978473135,1005.49300,10054930000
539.9845652967934,385.5824892320642,1005.73660,10057366000
466.88915241621476,308.4766069563829,1005.97340,10059734000
399.85544341254814,278.4079665446413,1006.20060,10062006000
383.21033986857867,316.60534280455124,1006.42560,10064256000
295.2108581410507,278.89450307389905,1006.66070,10066607000
288.1204010838535,277.0658655296634,1006.87830,10068783000
298.9083364465845,267.8053522086929,1007.10080,10071008000
335.2595688160534,272.75396520915723,1007.32740,10073274000
363.67704555150345,287.1629024918769,1007.54150,10075415000
310.0672515603574,244.72580334960097,1007.75920,10077592000
293.10050172024023,232.11838644456495,1007.97620,10079762000
437.13068989717914,312.5228065137489,1008.19920,10081992000
517.0863079325732,300.87345406723625,1008.41520,10084152000
399.1012453042498,287.69483986452974,1008.64100,10086410000
333.88262989551265,321.36949899158,1008.88040,10088804000
304.3565036671024,347.74448525637945,1009.11740,10091174000
385.31649588889303,380.1528866576071,1009.33570,10093357000
365.543484238184,339.84544792111956,1009.57010,10095701000
515.3054426445694,361.1018433641719,1009.79310,10097931000
505.15354605369305,335.32591254513727,1010.01460,10100146000
437.631943265209,338.6272339822848,1010.23890,10102389000
312.44896978180486,347.558887379339,1010.46580,10104658000
280.47879316640103,371.45180525540076,1010.68920,10106892000
351.38892043431684,463.1644517909584,1010.90700,10109070000
377.0704534554788,522.922529558483,1011.12610,10111261000
288.72582692427267,557.2062770020295,1011.34910,10113491000
276.1981353169923,617.5637890701428,1011.59470,10115947000
288.5218883433421,595.2404481661499,1011.81420,10118142000
267.2534727640916,551.5260890246784,1012.04930,10120493000
269.0779256416401,505.72169015217554,1012.28060,10122806000
236.8168678995404,394.89337483587894,1012.50840,10125084000
252.30671187714816,320.6098436253343,1012.74510,10127451000
356.4114057853187,313.8897435688477,1012.96260,10129626000
334.36074663332784,275.605359483138,1013.18150,10131815000
306.5450508700231,217.55271900803234,1013.39880,10133988000
268.32726828941566,175.72119482922264,1013.62480,10136248000
308.17412971509634,121.84187094490247,1013.85690,10138569000
290.6935036907215,116.05673438201308,1014.09500,10140950000
238.6137148624506,148.15375933610656,1014.31710,10143171000
230.4481298746444,293.1146966669812,1014.52980,10145298000
250.77274541735625,393.47433237640956,1014.75360,10147536000
359.1499720199539,492.64433052116925,1014.98410,10149841000
454.97942597966465,555.1610108479912,1015.21430,10152143000
529.0623314313375,557.1625521697745,1015.44710,10154471000
495.82598807020025,523.1601013262417,1015.67430,10156743000
373.6675928455688,549.4244866024949,1015.89850,10158985000
371.75294386100774,548.192619592378,1016.12570,10161257000
397.02959289392123,527.1636966715844,1016.35140,10163514000
399.9208840095021,413.53474935908946,1016.57700,10165770000
414.24082699841966,376.0133158847297,1016.81210,10168121000
469.4389064432055,323.92549698214185,1017.03920,10170392000
413.4260377837158,278.56002882686425,1017.26570,10172657000
484.2381986190014,194.32009949458495,1017.49470,10174947000
717.6813605973695,271.44493737341503,1017.73080,10177308000
867.0565688943308,415.87152510572616,1017.96420,10179642000
1050.3730851169655,480.1011920491102,1018.19940,10181994000
1180.7076604551826,448.0748488954282,1018.43840,10184384000
1297.1867860081466,429.34808321554397,1018.65940,10186594000
1105.0271944526344,355.7656040598311,1018.87960,10188796000
925.3541960710422,326.59748657454656,1019.10430,10191043000
747.4994040880046,267.43188355544135,1019.33200,10193320000
581.3448507437806,219.27225071458616,1019.55310,10195531000
522.8754738954735,184.44600790004267,1019.77570,10197757000
453.8202722496388,192.09985880054714,1020.00820,10200082000
394.17885109516374,199.96526398842482,1020.24740,10202474000
454.25260363436587,203.8127858763046,1020.47580,10204758000
515.5751328117348,207.71438601626875,1020.70070,10207007000
748.6199550437868,290.12240752344235,1020.93440,10209344000
836.6083654579331,290.3339948854379,1021.15660,10211566000
681.1103455072846,267.79425247349934,1021.39500,10213950000
549.3847032467822,289.5818305144835,1021.62970,10216297000
475.834411611017,313.89884013099925,1021.85770,10218577000
366.33583875422664,348.6284045483078,1022.09370,10220937000
348.4053158299421,312.80727662155937,1022.32510,10223251000
263.94484922735955,376.7073236394632,1022.56040,10225604000
217.32256081844594,399.48684253584224,1022.78250,10227825000
436.3681033265051,455.38476387143453,1023.02550,10230255000
653.8716561211639,512.5684324389714,1023.25320,10232532000
888.3895854535886,557.5763194042654,1023.51420,10235142000
1095.6747860170271,537.9592503971625,1023.74140,10237414000
1264.5659359106367,551.2876064197352,1023.97120,10239712000
1398.6005281120326,553.1380011790857,1024.20040,10242004000
1477.7324782831427,495.3813328813968,1024.43310,10244331000
1572.1013670786106,396.9512610911268,1024.65650,10246565000
1440.3255204409616,358.1334681395477,1024.88880,10248888000
1330.469605345467,348.20512418702185,1025.10980,10251098000
1352.5338639864262,368.5623111196213,1025.33270,10253327000
1381.3104288431423,361.4630707507319,1025.55310,10255531000
1516.5451573096493,286.21937947862625,1025.78900,10257890000
1596.331342483895,286.7691017199427,1026.03600,10260360000
1588.0041902829296,274.10452640104495,1026.25960,10262596000
1639.5669230613041,258.7860938708349,1026.48160,10264816000
1659.5998491400087,245.61365974004514,1026.71170,10267117000
1646.687880305828,170.14721163440845,1026.96300,10269630000
1756.4311365227518,142.45882716019076,1027.20580,10272058000
1775.8526847979672,130.7631339747091,1027.42370,10274237000
1743.3732999931442,150.7842493159605,1027.63710,10276371000
1643.6503255000807,193.6235049184865,1027.86010,10278601000
1440.375939400623,179.23761836306142,1028.08140,10280814000
1305.1652348352663,266.7474162177183,1028.30230,10283023000
1123.8591343579262,280.2971306732363,1028.52860,10285286000
1050.28068356008,280.91371672132857,1028.79480,10287948000
935.6332859581305,269.6268026523187,1029.02560,10290256000
677.4139334856088,229.49028507790567,1029.24110,10292411000
460.8222175052598,193.91732837968215,1029.46130,10294613000
405.80572067704844,251.42840872043,1029.68740,10296874000
313.727383087472,265.0842397481436,1029.91220,10299122000
412.08935714105326,177.27621076638036,1030.13090,10301309000
510.3323373756091,171.0475970703203,1030.36020,10303602000
519.4451937025398,208.75948851190196,1030.58350,10305835000
565.8151768084538,225.39316859108206,1030.80730,10308073000
552.3293874534343,282.72112629897094,1031.02850,10310285000
479.44185369695384,257.3286273290599,1031.24060,10312406000
464.71677854157974,237.60355794997076,1031.45760,10314576000
496.85031968758824,276.93425963543643,1031.67760,10316776000
534.5027624674635,204.07239886148614,1031.90650,10319065000
551.9903659550141,185.40937412957035,1032.12980,10321298000
619.1483350500658,191.38777760029393,1032.34740,10323474000
733.5396722081581,181.88994187668393,1032.56870,10325687000
798.6274220101669,189.36474513387157,1032.78470,10327847000
1004.4575253975,257.39669948738106,1033.01540,10330154000
1086.5616646963329,230.6312549455393,1033.24220,10332422000
1183.747098081672,218.11300191914927,1033.47060,10334706000
1239.634010175349,236.85638752051887,1033.69740,10336974000
1350.5836557607788,245.77340648472915,1033.92370,10339237000
1049.6818682460655,316.9402398983183,1034.15280,10341528000
842.0204592459254,331.77447347252183,1034.37170,10343717000
664.9452129692484,341.80712797160317,1034.59560,10345956000
532.0224776223658,310.83531376285373,1034.81300,10348130000
652.0865033370923,353.16470299590446,1035.02660,10350266000
827.5021347519794,324.0270942020106,1035.24510,10352451000
924.4882321076059,291.6356023166388,1035.46230,10354623000
761.312348712092,326.27022086198724,1035.68220,10356822000
660.9005193043698,319.85686824909817,1035.92200,10359220000
702.9772694736142,361.71577635311036,1036.14780,10361478000
974.9930045963242,484.3273928664869,1036.39300,10363930000
991.1691002248136,450.11158224428755,1036.63490,10366349000
993.8658241784667,451.04677906371097,1036.86100,10368610000
803.6770473272715,414.57915505051415,1037.08360,10370836000
604.3479409564704,336.38552753569707,1037.33180,10373318000
516.019616322504,276.19659470410744,1037.57490,10375749000
479.72834357949034,282.7453856126069,1037.83250,10378325000
448.74215911508935,294.0766278666865,1038.10020,10381002000
421.58454630391594,266.7239797838412,1038.37650,10383765000
428.6033277762598,239.34891806095476,1038.60230,10386023000
393.23028969863833,229.03973300214687,1038.85130,10388513000
301.9205907427148,205.77891192860397,1039.09040,10390904000
314.6438058790742,171.9839670881609,1039.34570,10393457000
270.7427519030361,151.3980212291447,1039.56130,10395613000
293.46378420123426,136.61266720983284,1039.82640,10398264000
359.64273216156505,164.76496410455633,1040.04700,10400470000
403.417476665162,147.97001964918562,1040.27690,10402769000
589.8958008645047,123.08085565124694,1040.54970,10405497000
680.5443964338847,152.4011496449225,1040.83230,10408323000
790.1511367920266,153.7015321544963,1041.05140,10410514000
792.7960633904814,122.60743091430186,1041.26520,10412652000
862.3801632532177,138.42794944567373,1041.53770,10415377000
995.8856857160639,155.56171751317845,1041.80100,10418010000
1086.6439926372723,150.08863404150227,1042.01390,10420139000
1106.311793208684,168.19626429557033,1042.23050,10422305000
1096.9179978038471,155.8905013531279,1042.45340,10424534000
1094.1698693186522,128.63253166787584,1042.67780,10426778000
1049.4997207086142,177.34307888479975,1042.90260,10429026000
1126.2728486359613,214.90572796558632,1043.13170,10431317000
1201.172029152515,181.35514591907412,1043.38590,10433859000
1261.5822049042022,212.13155717774987,1043.62610,10436261000
1292.7535062382892,194.91281509299284,1043.86110,10438611000
1326.4681090394208,183.25250439839644,1044.10950,10441095000
1097.418375409563,233.50747887550156,1044.33180,10443318000
827.8143792631311,231.9458018421684,1044.56060,10445606000
756.2579245710997,232.60389821419176,1044.78730,10447873000
675.9718043080514,269.5968434553856,1045.02910,10450291000
599.5073283864419,294.9152054319727,1045.25590,10452559000
468.2467854954166,224.19423328254172,1045.49190,10454919000
409.3969777590569,227.83118510178107,1045.73250,10457325000
391.14647994409114,244.26732283565192,1045.96150,10459615000
462.50287976176344,245.6117201988794,1046.18820,10461882000
452.72168424633975,224.69817996854547,1046.42430,10464243000
324.6634707899168,170.49654982868947,1046.66110,10466611000
301.55238556670594,173.98255228934644,1046.89800,10468980000
554.0210417700134,211.4450172990046,1047.12640,10471264000
798.2260907741053,255.3329541584922,1047.36410,10473641000
989.547895449436,261.0063164578801,1047.59940,10475994000
1232.5521177421308,230.56740085062776,1047.83550,10478355000
1253.0623280286159,415.20369083279934,1048.08370,10480837000
1288.63678270187,432.83889073180285,1048.33250,10483325000
1366.1683279018757,466.8829953792397,1048.55970,10485597000
1444.489574041746,445.44167119791143,1048.79460,10487946000
1378.908100322479,418.85105259310484,1049.03160,10490316000
1098.7723883709377,353.12525592168925,1049.26870,10492687000
914.2005377769813,303.34852639464054,1049.49700,10494970000
829.579212088065,257.2145117296004,1049.71880,10497188000
814.2366396342145,251.68509632130358,1049.94150,10499415000
749.3719727637243,194.45273795491585,1050.16090,10501609000
722.948843077252,163.557735346801,1050.38540,10503854000
785.2441187005205,187.49717122541364,1050.65810,10506581000
685.390028874039,136.29861528122225,1050.87560,10508756000
603.8636281857813,150.03485083408725,1051.09650,10510965000
665.4099163366075,204.42806198714692,1051.31370,10513137000
720.1125984471282,251.471837120229,1051.58920,10515892000
774.0826038044004,200.28724057330587,1051.81390,10518139000
932.8704785864281,160.79381820541553,1052.04160,10520416000
963.7087739392817,132.69415147948882,1052.27370,10522737000
963.6611377419657,114.61117969497893,1052.49600,10524960000
946.8903761174938,108.49407181887472,1052.72250,10527225000
793.024697271192,76.52423241360273,1052.98600,10529860000
743.6098823606653,89.7183815576357,1053.23620,10532362000
690.8238851129271,101.07073581879642,1053.46380,10534638000
677.432490618545,121.10639604233917,1053.68740,10536874000
725.353942638748,159.13830792057973,1053.92740,10539274000
760.072292864509,142.11984494084263,1054.15320,10541532000
851.4946611521077,131.25724873384854,1054.40040,10544004000
990.6133812296562,200.29469815215685,1054.61870,10546187000
1066.5925591497,201.074918509019,1054.85510,10548551000
1175.4490288831043,218.53379940263397,1055.08830,10550883000
1123.55725479934,275.9583957055772,1055.31620,10553162000
957.3579018413915,279.25173002450504,1055.54650,10555465000
800.10773298442,295.9102916687459,1055.76460,10557646000
588.9259220489029,271.2850653772033,1055.98010,10559801000
568.0658168288825,242.67461460349304,1056.20070,10562007000
494.97004048981216,196.6876569627376,1056.41890,10564189000
468.3150582207321,145.20064273688195,1056.64410,10566441000
466.4198322996689,158.442881664784,1056.89120,10568912000
409.2772501989254,118.63076024698762,1057.11170,10571117000
360.1645731497201,97.9476757275175,1057.33730,10573373000
286.50472487881893,127.04708725891503,1057.55890,10575589000
275.32208612368396,143.37856512239188,1057.78330,10577833000
351.5253544767494,174.04140114499978,1058.00210,10580021000
462.3933098203018,192.40822641187384,1058.24070,10582407000
450.75202408968966,191.10369131808454,1058.47990,10584799000
418.2635392843549,193.2061495137234,1058.72250,10587225000
307.20175295733105,185.20911626410418,1058.94130,10589413000
212.7781285704587,148.7548364069295,1059.16750,10591675000
179.76220456674665,129.12652851856416,1059.39650,10593965000
221.85143854386308,149.0444742223803,1059.62960,10596296000
288.48893534749277,157.2979455764771,1059.86370,10598637000
301.9309749957619,168.7957107148541,1060.11640,10601164000
383.0061056185446,136.5415078125257,1060.35280,10603528000
439.78667177986955,127.08085420190949,1060.57270,10605727000
554.0036180356132,202.98933974060935,1060.79550,10607955000
593.4543073042436,226.9763173080582,1061.05620,10610562000
551.9583842828366,177.19145923799186,1061.28150,10612815000
569.4710623224784,202.34297205594956,1061.51330,10615133000
592.5731649141646,215.78097632556975,1061.75150,10617515000
635.1281919129932,184.30172562749163,1061.97470,10619747000
708.0344986473854,232.78864958273715,1062.19670,10621967000
762.3941484628297,310.6254654841015,1062.42970,10624297000
709.3347306606713,323.08381178888516,1062.65020,10626502000
714.0136093908745,289.7677926972335,1062.87850,10628785000
712.4638820230106,218.68377809298033,1063.11760,10631176000
751.7036908662218,174.45442778694456,1063.34010,10633401000
797.1724441812889,168.55314203626386,1063.57380,10635738000
895.6960179357914,158.77317333786078,1063.79740,10637974000
981.8204661684681,221.5460279726732,1064.02200,10640220000
1002.4766845110845,241.5876766209098,1064.24010,10642401000
1124.6917612134625,229.8537164133116,1064.48040,10644804000
1194.6312275419612,260.68665868209524,1064.70820,10647082000
1187.3193328553793,242.6628388496577,1064.94350,10649435000
1243.0611904405748,295.42942219718975,1065.17180,10651718000
1310.5262413499252,248.0908783844579,1065.39670,10653967000
1281.7779343607583,223.42875483150894,1065.61750,10656175000
1232.1345546481214,200.96287547121574,1065.84700,10658470000
1300.325601562618,183.16619281438875,1066.06970,10660697000
1310.77600922974,102.6785555361571,1066.29960,10662996000
1313.2827932717196,67.25767262431937,1066.52440,10665244000
1350.219019319603,78.19200505031868,1066.75510,10667551000
1356.6594258668308,70.71788522342477,1066.99590,10669959000
1372.032839802695,126.09767767881299,1067.22360,10672236000
1378.3217682054435,162.7872093425406,1067.45150,10674515000
1300.5963536706072,198.8897274133273,1067.67450,10676745000
1178.6766662012872,238.51285012761693,1067.90080,10679008000
1001.9924683440884,214.073393156946,1068.13260,10681326000
917.7841756002783,214.71545629080688,1068.36430,10683643000
711.3124441379767,212.95662787176755,1068.59120,10685912000
593.5205974735941,236.47674462324395,1068.81290,10688129000
429.2517292148508,268.26346872461676,1069.03780,10690378000
251.9306630420472,233.2110281128701,1069.26750,10692675000
202.39261819949368,233.5792264411418,1069.49020,10694902000
154.5943712284386,237.8811180981404,1069.70840,10697084000
156.56374984294845,265.48162939742684,1069.94280,10699428000
182.75850783410044,288.53432941167813,1070.16770,10701677000
207.3431113047945,306.0072148898669,1070.39140,10703914000
182.00401220225206,304.59849523139394,1070.62240,10706224000
133.22058145253507,362.9077613980879,1070.85600,10708560000
73.046442985124,417.4883364447676,1071.07670,10710767000
95.14673611540456,465.1854855413242,1071.30890,10713089000
281.67796193941047,545.1215045383267,1071.52920,10715292000
450.5729127709568,575.8694259580681,1071.74940,10717494000
570.867994170786,577.2405290495349,1071.97260,10719726000
634.9089824945088,568.3551842602579,1072.20380,10722038000
741.6184990641038,553.1308175590646,1072.42520,10724252000
773.7120346731934,572.1533863445089,1072.65440,10726544000
776.3534890335666,537.4464856257551,1072.89510,10728951000
837.7837064200548,510.9523177086765,1073.12390,10731239000
847.1123497132919,481.8554168390096,1073.34060,10733406000
865.9969758940587,430.2197772123764,1073.55850,10735585000
923.9659694971242,394.0123519641936,1073.77860,10737786000
916.5749036562279,316.5552696503889,1074.00360,10740036000
777.8796640436129,282.49576441362296,1074.22050,10742205000
731.7237647496809,268.62548971274583,1074.43610,10744361000
635.4824908779142,248.55712914043755,1074.65680,10746568000
590.2088803321395,190.32785664516157,1074.88680,10748868000
555.3188179218324,177.08548528521064,1075.10560,10751056000
549.6461044403117,190.13041101924895,1075.32520,10753252000
553.8780404656801,164.55529589539296,1075.54210,10755421000
506.3100649498877,174.85454061686505,1075.74960,10757496000
494.64969671371244,179.107170775549,1075.96670,10759667000
520.5864898032384,208.84218334889917,1076.18310,10761831000
540.6367598969516,197.34493926556735,1076.40380,10764038000
587.6281831710311,151.64658780945084,1076.62920,10766292000
626.6068799702672,163.06898611868667,1076.84350,10768435000
637.1713175049665,178.6831506873307,1077.06080,10770608000
671.0887640127181,215.7677624068058,1077.29850,10772985000
696.2587357331408,236.39558089035907,1077.53600,10775360000
676.8954408814434,424.7357126958942,1077.75030,10777503000
719.6784548035274,462.43748780541915,1078.01600,10780160000
777.1062138402261,431.5162319351041,1078.24160,10782416000
784.3697753016245,415.44457654680184,1078.46760,10784676000
829.6435979347383,356.0171555879967,1078.70490,10787049000
936.2370060317705,345.719959423768,1078.97510,10789751000
1042.937998601244,327.97016786397495,1079.19340,10791934000
1142.2837629904768,282.9536973070648,1079.40900,10794090000
1267.4036170852933,309.33407432303204,1079.67380,10796738000
1320.8775471619765,348.22588144912964,1079.95230,10799523000
1312.505215197297,288.5746539821184,1080.16780,10801678000
1297.2909309182764,257.00845391449167,1080.40320,10804032000
1381.8987283518422,245.42744915628083,1080.61650,10806165000
1450.69278976566,259.39296057927817,1080.83670,10808367000
1473.3926277726807,220.78307025013436,1081.05830,10810583000
1477.7650370828999,183.9296717711958,1081.27630,10812763000
1462.335257772432,216.9074181135629,1081.49540,10814954000
1311.4497529269102,287.17577486592927,1081.71010,10817101000
1267.7882077579297,334.67907018340316,1081.92930,10819293000
1130.716262687367,326.4398051142356,1082.14660,10821466000
1041.7294655787332,329.49321790792646,1082.37110,10823711000
904.2870965174369,341.42002341449324,1082.61720,10826172000
799.5287229572305,367.77570662306033,1082.84790,10828479000
714.6363790643072,382.23661466719636,1083.08980,10830898000
698.0901986400711,401.976281505804,1083.32000,10833200000
737.4917486644645,397.3487564112166,1083.54060,10835406000
754.3336249089448,403.53212255806585,1083.76080,10837608000
754.5923226997966,477.5606793973641,1083.98210,10839821000
738.7369786979722,444.69969161792335,1084.20240,10842024000
886.8766846300524,436.3484033844348,1084.43060,10844306000
1022.958199539496,476.1468986309217,1084.65880,10846588000
930.714702962555,476.07307896138803,1084.92010,10849201000
780.5452920740975,441.8334462478353,1085.15170,10851517000
753.7052498775319,424.5750986014224,1085.37690,10853769000
734.0766129271661,440.8401034653302,1085.60590,10856059000
703.6962258759443,445.3982674592807,1085.85810,10858581000
775.6600210988269,424.30390096156356,1086.07630,10860763000
691.390193628483,393.94433222876887,1086.32540,10863254000
704.6139540253796,405.06747569927654,1086.55150,10865515000
672.1965031921916,396.21591562594176,1086.77280,10867728000
678.9502797302946,379.79866106739695,1086.99660,10869966000
725.067601712807,369.88395605468656,1087.21570,10872157000
705.0499702466544,345.0413389687649,1087.44040,10874404000
700.0416028855944,373.2796117796402,1087.67050,10876705000
699.1578397181821,353.5223674385453,1087.89180,10878918000
651.4990423007615,333.16638701586044,1088.11350,10881135000
596.6989024727217,284.0524669216697,1088.33390,10883339000
542.5590193154602,262.8229063142651,1088.57960,10885796000
455.15690322852873,273.5835883922506,1088.82370,10888237000
376.20132145495046,272.1365031599294,1089.03940,10890394000
314.39982746661894,244.16774876545017,1089.25470,10892547000
315.06069836689403,195.05684100304472,1089.48000,10894800000
380.9591639704172,185.5988008194789,1089.71370,10897137000
340.8642874878986,168.59076776635212,1089.94740,10899474000
341.62219760253504,209.92642258481624,1090.17080,10901708000
325.6032861996883,227.84018146454468,1090.43220,10904322000
342.53472692681584,244.4884502756679,1090.65120,10906512000
331.91587576625915,299.66603030765106,1090.86970,10908697000
356.66827948801154,331.49733388193965,1091.07990,10910799000
395.2011766172417,286.7846574448681,1091.31510,10913151000
415.74665534705497,288.87373187424623,1091.53300,10915330000
544.7983446573503,354.72648609076106,1091.75020,10917502000
458.721194684789,293.67939283589146,1091.97780,10919778000
431.0311942091923,260.5714991641483,1092.21850,10922185000
322.1018990906899,209.26944639789548,1092.43770,10924377000
339.13458621095816,176.5816544911251,1092.67070,10926707000
299.681825336764,160.77885906941063,1092.90150,10929015000
361.0949166065187,125.6686503007808,1093.12470,10931247000
390.16721812604277,119.44713799179036,1093.34770,10933477000
404.5790097471819,137.34397872582628,1093.57100,10935710000
401.5218354394247,162.7231486707022,1093.79770,10937977000
373.4446175042521,139.71135318439875,1094.02130,10940213000
434.39059996997497,131.74464180315772,1094.24740,10942474000
469.4520585422027,130.0607735050776,1094.47360,10944736000
434.3271348588256,139.73593974083826,1094.69820,10946982000
412.8742901490717,174.13955362622363,1094.92540,10949254000
294.43019788239434,154.4266585345243,1095.14410,10951441000
330.8365303618061,209.2309264356963,1095.36640,10953664000
386.51529743862665,215.97948815333132,1095.60320,10956032000
463.1600110432758,208.39971584927778,1095.82640,10958264000
472.7735747382815,189.16318137497788,1096.03730,10960373000
496.6147752564935,183.29197259517102,1096.25790,10962579000
543.3219054335972,237.34298965940704,1096.51290,10965129000
634.124329118019,189.07619582907725,1096.73680,10967368000
667.6271061395887,211.78382603506287,1096.96500,10969650000
543.6279855529754,234.01198884101464,1097.19340,10971934000
444.0174200454778,228.48334006627044,1097.41380,10974138000
336.0784331592341,203.74650681975154,1097.63290,10976329000
377.01718849985855,183.81443595476074,1097.85560,10978556000
395.42699471495075,107.73682883014877,1098.07770,10980777000
333.1225946810549,135.2827099392228,1098.30330,10983033000
313.66877122714425,143.5341313076885,1098.54130,10985413000
394.08855932782353,151.42789770879523,1098.75960,10987596000
441.14160819072856,192.76920041076346,1098.97940,10989794000
492.9782697368354,221.75016640819246,1099.21080,10992108000
566.6185318862752,210.6764714573367,1099.43080,10994308000
662.9678391636161,161.45570695012594,1099.66030,10996603000
593.0577023861393,165.178492306892,1099.88770,10998877000
583.1190710603103,201.46795721150977,1100.10870,11001087000
484.56298072125367,217.42048593535716,1100.34080,11003408000
485.1807494197542,209.66983136867006,1100.57490,11005749000
515.1965368150611,240.18299294115474,1100.79020,11007902000
499.7213551256371,230.15976293764476,1101.01560,11010156000
410.20305366965636,217.67079858808597,1101.24120,11012412000
290.4893808963333,199.454930225233,1101.46410,11014641000
290.55870353860996,233.45753714703832,1101.69000,11016900000
265.72974203022494,243.62201594482246,1101.90420,11019042000
190.6945135795231,179.80051941688356,1102.14310,11021431000
145.4650287087983,200.0777111490392,1102.37350,11023735000
175.35376973321002,267.36463966182356,1102.60430,11026043000
223.24127915893644,268.7057368537493,1102.83730,11028373000
247.12076390942724,323.7981200055673,1103.07330,11030733000
280.2405651826465,403.2515791210212,1103.29910,11032991000
306.70232999904846,464.4021710813117,1103.52260,11035226000
399.3017722982982,467.28873861340344,1103.76000,11037600000
469.12303722288095,417.15203736048875,1103.97520,11039752000
425.401470079581,390.71629318227644,1104.20620,11042062000
423.74919316685214,368.4453546244821,1104.44080,11044408000
412.68191786942594,333.3970648292899,1104.66500,11046650000
337.60261179062667,279.10724422407844,1104.89090,11048909000
268.4261318326558,296.7956957734102,1105.12640,11051264000
224.51978065100042,282.85556029161654,1105.34850,11053485000
270.45337643226947,330.80826566070823,1105.57970,11055797000
290.1382823113616,371.83777987331155,1105.82240,11058224000
206.06434952528642,337.2166279101851,1106.05330,11060533000
237.97288677738075,320.842939858064,1106.29060,11062906000
293.13359149179416,297.1349956875988,1106.51650,11065165000
369.33169510128334,294.181655241945,1106.76110,11067611000
357.63098440334556,295.37259951333056,1106.99410,11069941000
460.9880438220858,289.5824994006298,1107.20950,11072095000
461.8080085779757,313.09129973235076,1107.43400,11074340000
542.1458212574215,268.88856597718166,1107.66540,11076654000
536.8169210358525,256.9543094297349,1107.90160,11079016000
645.2917446702013,307.22450733827304,1108.13050,11081305000
684.6247759382461,264.1575303148455,1108.35370,11083537000
717.1359672066899,297.02115741875855,1108.58080,11085808000
563.468321761138,261.9635281784271,1108.81340,11088134000
485.06840052430823,242.3268598573699,1109.03600,11090360000
395.60883226226736,212.3202071003044,1109.26690,11092669000
279.35629487897245,168.25011245916497,1109.50090,11095009000
278.6308318896858,201.07467297786732,1109.76990,11097699000
264.9660060334029,209.01167805938886,1110.00190,11100019000
299.95052881249046,229.25689559412945,1110.23960,11102396000
273.4473779356966,199.75359490932001,1110.46510,11104651000
357.48355588475243,198.445841538248,1110.69020,11106902000
331.5040353482057,238.3234312831073,1110.91370,11109137000
255.55052841224165,277.01186191465666,1111.15860,11111586000
211.0538843540898,289.05913828921166,1111.37930,11113793000
226.66977145270405,297.19721315648843,1111.61070,11116107000
200.1559216641001,245.91906195510575,1111.83060,11118306000
290.8421070653438,229.9743975932263,1112.06240,11120624000
314.3620770444143,249.51682509931018,1112.28680,11122868000
236.29917224198743,224.10047464027448,1112.51220,11125122000
237.40630766534585,242.261100256957,1112.74010,11127401000
231.5447771181035,232.7280570385856,1112.96180,11129618000
249.15686817488574,219.69757417781324,1113.18760,11131876000
256.8536327675388,176.10542854161642,1113.42600,11134260000
415.0879065387021,194.40232007770493,1113.65520,11136552000
547.986746120452,224.63528848002164,1113.88440,11138844000
588.8493068894222,268.7306682231429,1114.10350,11141035000
592.2633683511776,319.55836766765594,1114.32760,11143276000
597.0519177886789,323.2796249375314,1114.55610,11145561000
581.1081524981784,362.37263350608544,1114.78520,11147852000
573.1586489717236,451.3273265459982,1115.01310,11150131000
445.31290915285314,425.9573738799454,1115.24440,11152444000
446.3833091069563,353.9908885444487,1115.46410,11154641000
395.6692995515443,332.55078407464487,1115.70610,11157061000
364.9701556391073,280.2268125347339,1115.95040,11159504000
365.17361689441253,219.90021069262664,1116.17530,11161753000
298.8137645462015,243.18887050006336,1116.39330,11163933000
249.44424995131996,259.420648652805,1116.62520,11166252000
322.49297838086244,267.17444933929744,1116.84920,11168492000
264.0293681426079,318.06670962077516,1117.07710,11170771000
218.27566943421115,281.61206766755276,1117.32970,11173297000
241.99624243919283,313.67638284713996,1117.55600,11175560000
263.23345379567456,349.4622168648976,1117.77980,11177798000
337.6068602605557,427.1044731142548,1118.02140,11180214000
333.79529637675836,500.26356079131534,1118.24680,11182468000
339.3175602687504,526.5657091129187,1118.49060,11184906000
289.03778585494223,495.1072697331915,1118.73710,11187371000
289.4176644901636,450.1584635201808,1118.96690,11189669000
260.74060807772423,455.976805552881,1119.19240,11191924000
203.343695803013,408.1343487121242,1119.44460,11194446000
217.2138732680028,336.4476074590591,1119.68230,11196823000
202.73021121427482,337.04487570227246,1119.91280,11199128000
375.1219116898815,344.026470937652,1120.13590,11201359000
571.1166380163611,381.3631473061938,1120.35830,11203583000
745.3259485479294,445.7982192028352,1120.59110,11205911000
858.9767365111497,482.00759920568674,1120.81550,11208155000
941.4443363458331,444.97197335248273,1121.04690,11210469000
950.7495265906438,461.9528590081908,1121.30240,11213024000
1012.0405940110622,475.71989686592764,1121.52590,11215259000
956.3257073322101,453.8527965455086,1121.75260,11217526000
860.8514115193022,379.3437136869498,1121.98870,11219887000
778.6022822050288,313.9926987204993,1122.23140,11222314000
650.5593375548153,308.53004908293866,1122.46070,11224607000
609.9623318292226,276.1692864982742,1122.68760,11226876000
436.0919028675409,253.73189670722553,1122.92980,11229298000
350.40350912270907,290.2766489310284,1123.15110,11231511000
258.8385981022087,246.17955827527126,1123.36890,11233689000
281.59894970873876,259.53996046800233,1123.59200,11235920000
205.99221447817445,287.7726194829551,1123.82910,11238291000
202.2359129366283,254.61971498782995,1124.05560,11240556000
230.27882734998022,264.4150973770245,1124.31840,11243184000
131.76227210982807,283.71611837234894,1124.53600,11245360000
103.5135074397607,277.79846892695434,1124.74950,11247495000
79.09183431224746,302.3546426468481,1124.96690,11249669000
48.550054246195394,288.2280827757901,1125.20910,11252091000
-46.328216808383736,249.1277229195307,1125.43110,11254311000
58.65808039952864,224.6521144595112,1125.65380,11256538000
97.4194620955347,252.7722131136278,1125.88620,11258862000
144.0904972749369,260.46874480377505,1126.12860,11261286000
196.455525303928,217.71218357663093,1126.34100,11263410000
234.59398569748527,260.9028443590211,1126.58290,11265829000
308.1067258833437,270.79703472069446,1126.80980,11268098000
249.63827653213838,250.99260510132166,1127.03670,11270367000
238.59691465735847,269.3665211915403,1127.30450,11273045000
230.9780469860122,234.44076736707996,1127.56210,11275621000
248.83095796268984,239.18347169361752,1127.79380,11277938000
211.07556871975459,226.95758472071216,1128.00890,11280089000
203.00543172812837,217.68793163554457,1128.22940,11282294000
229.01002286127044,226.79066139075292,1128.45050,11284505000
268.129280697173,229.87006376422104,1128.68940,11286894000
289.1269447247339,259.2567921266476,1128.91230,11289123000
246.97981815871927,260.652310896647,1129.14610,11291461000
216.09776295281085,259.4440208830614,1129.36810,11293681000
273.13896373402065,287.71313121620557,1129.58300,11295830000
271.9933658455131,290.32785496074126,1129.81250,11298125000
219.31854037731537,292.93544890924437,1130.04290,11300429000
282.3516507557499,330.66430966545306,1130.28470,11302847000
299.4606462918099,341.5017033183411,1130.54880,11305488000
426.89142047870666,361.64109690336625,1130.79880,11307988000
516.533500708459,390.98148319666495,1131.05670,11310567000
598.9871442344972,351.810761558108,1131.29320,11312932000
677.9171832020031,459.81757731324916,1131.52900,11315290000
697.835331323449,457.50178138140046,1131.78000,11317800000
701.000992670387,443.43289646763753,1132.00790,11320079000
677.3186839019857,439.14593985825815,1132.28510,11322851000
587.2721383346916,375.406453803239,1132.50740,11325074000
438.710805894493,292.0450877419456,1132.72700,11327270000
520.6291992303885,330.4051932015873,1132.94810,11329481000
564.0404188662518,356.12059356266263,1133.17890,11331789000
521.0175935952955,330.1691459659976,1133.43080,11334308000
536.2333780364877,307.9274874973399,1133.65880,11336588000
556.2680170600788,281.9382034936135,1133.87900,11338790000
514.9664615691413,270.86022116836466,1134.10040,11341004000
458.9089585865492,246.34123980692618,1134.33080,11343308000
327.48834883700033,230.30484030561107,1134.56230,11345623000
263.5170041014836,230.3583198323804,1134.79320,11347932000
205.80130862572753,260.3782149394354,1135.04030,11350403000
178.0794568120401,247.60288212979464,1135.26500,11352650000
153.22347340816003,272.08498464259867,1135.49320,11354932000
144.24588566050676,268.7005516089632,1135.71240,11357124000
127.37549637740209,233.52190241281818,1135.93730,11359373000
347.2940822965894,281.53698297446795,1136.15590,11361559000
512.0379454192891,293.53202920228404,1136.37810,11363781000
643.2096819713071,283.66435548062856,1136.59380,11365938000
837.6914955898976,336.43190224593945,1136.81390,11368139000
991.6729590596807,333.5239085632114,1137.06090,11370609000
1061.8906988185483,349.4161098619785,1137.30000,11373000000
1137.211779788119,412.1129940998102,1137.53000,11375300000
1190.3843637431478,440.6427471360709,1137.76130,11377613000
1159.9123021894181,488.6767580919981,1137.99290,11379929000
1151.178277591972,525.6092836201365,1138.21120,11382112000
928.2161835951715,611.4931395963306,1138.44020,11384402000
896.4795692658035,645.3163160302097,1138.65980,11386598000
847.1297659169147,646.6795215664739,1138.88020,11388802000
689.2610537649928,710.7529952018559,1139.09760,11390976000
566.4285325212039,718.2422761846444,1139.31830,11393183000
500.8195331984051,752.1568593482555,1139.54090,11395409000
393.0581282220283,671.062547405046,1139.77070,11397707000
363.43651782802255,615.94012123464,1140.00010,11400001000
322.23647797204194,548.4125498157543,1140.22840,11402284000
244.0563566244287,561.2818717425722,1140.46480,11404648000
253.08574414568005,512.3103380620225,1140.69510,11406951000
239.3615783516728,463.29806699897586,1140.91770,11409177000
216.73747183984727,418.935135585779,1141.16260,11411626000
287.57167755910024,359.0155001073274,1141.40220,11414022000
341.5027576313465,367.4745133925096,1141.63220,11416322000
303.8546938789765,298.62270855044653,1141.85810,11418581000
534.9230377451131,314.73184140804636,1142.09920,11420992000
720.8648945654263,294.98750226320436,1142.33270,11423327000
898.3228885751672,357.07319870530273,1142.56110,11425611000
952.747598205648,347.61353824088224,1142.78790,11427879000
857.4675497064915,296.33400051555844,1143.01500,11430150000
728.3230892399121,219.98336703660397,1143.25410,11432541000
664.193863224188,207.31265963143463,1143.47790,11434779000
569.751357571738,225.46599595193703,1143.70290,11437029000
457.6908560902708,231.4076954440417,1143.92930,11439293000
470.76208089253794,214.75928396659376,1144.15760,11441576000
393.51804147303744,243.95764282606575,1144.38710,11443871000
317.6057218569352,245.18558146999231,1144.65460,11446546000
260.2715984408965,316.6552159916364,1144.88850,11448885000
195.17954212612415,358.1818600122034,1145.14930,11451493000
265.7041639770507,402.7812388868207,1145.36910,11453691000
353.53655389208024,542.3004732730612,1145.59310,11455931000
320.9346884471065,483.72757167252104,1145.82780,11458278000
316.1977764177771,438.66933929696665,1146.05020,11460502000
407.7862564218986,446.2030260853948,1146.28810,11462881000
404.46188976930875,441.7163230389965,1146.51230,11465123000
466.5886070413921,413.71862723555364,1146.75000,11467500000
473.7718670429231,437.17489668516936,1146.97050,11469705000
515.6944105778977,434.05326852998627,1147.19180,11471918000
502.43107190338225,433.63470150957124,1147.41780,11474178000
542.7642850920292,460.5283011978544,1147.66830,11476683000
585.4447438848765,470.93857388040317,1147.89560,11478956000
565.2482690262062,543.6297709731341,1148.11300,11481130000
556.5801332430719,662.1431375929685,1148.33300,11483330000
551.8484136557958,735.5407589856086,1148.57880,11485788000
545.871708860023,711.0356605539877,1148.81070,11488107000
601.1230107435974,647.1129136223805,1149.03570,11490357000
647.9411850722257,563.8432272664558,1149.25980,11492598000
673.9325180707654,541.6070690430574,1149.48120,11494812000
685.0575050050703,623.6961582141728,1149.72590,11497259000
691.5321319900802,620.5409767535883,1149.97000,11499700000
672.7364416499822,561.2773435065346,1150.21520,11502152000
661.7120888732659,482.2798897493018,1150.46670,11504667000
547.7056670442696,412.24556637565786,1150.69440,11506944000
516.655814056775,342.4916010763172,1150.91540,11509154000
485.42773306504665,311.876032876467,1151.14540,11511454000
490.25070100241203,317.68756585994726,1151.37210,11513721000
440.16996838499267,325.16859567629996,1151.60110,11516011000
467.11697191336947,335.2988587118328,1151.82690,11518269000
425.117312978406,353.68517965346734,1152.06900,11520690000
415.86233952744817,324.14828173211384,1152.29380,11522938000
539.905806588085,344.12631000334517,1152.51620,11525162000
824.2522285513389,337.6924330277385,1152.75090,11527509000
1027.630800546438,366.09072808394615,1152.97240,11529724000
905.1609053469343,362.0437975463425,1153.20190,11532019000
807.1920834032048,365.6610415146353,1153.42510,11534251000
684.9153803322641,348.86581934557853,1153.63800,11536380000
672.593041985344,365.9128873951171,1153.86160,11538616000
621.3746903032581,393.1412446476557,1154.08500,11540850000
651.1386112577098,383.1293897363604,1154.31110,11543111000
882.739498157013,429.4509923505311,1154.54160,11545416000
1064.870976379363,412.1316407414387,1154.77060,11547706000
992.1055960927888,415.5924412468071,1155.00380,11550038000
778.370682321725,386.37581077262286,1155.23530,11552353000
666.2837484330906,404.7738429729587,1155.45860,11554586000
577.5564441380926,382.2937200253822,1155.68400,11556840000
544.5671253580638,388.0766440747537,1155.91310,11559131000
378.7622485030115,385.58521738707753,1156.13970,11561397000
334.88085196713996,364.9419243354026,1156.37010,11563701000
273.4053159585199,376.2742767753785,1156.59420,11565942000
261.7669376692712,379.7908508267437,1156.82170,11568217000
258.4079716376084,373.2663203943003,1157.04300,11570430000
256.7024269669568,382.98487937195824,1157.27240,11572724000
264.32763004269646,402.68293531371916,1157.49940,11574994000
382.63461400266954,378.06510426246257,1157.73320,11577332000
545.3918246136061,353.1322664311868,1157.97080,11579708000
788.227202929897,315.0521221567616,1158.20360,11582036000
825.928791536324,339.4821552737096,1158.42020,11584202000
924.179071146849,285.18112023239837,1158.65430,11586543000
837.8366583903085,278.2717840657395,1158.86620,11588662000
823.3204260901986,265.37928451575755,1159.09450,11590945000
761.3431846242588,271.1293887187063,1159.32100,11593210000
593.670116186136,249.5684356281191,1159.56090,11595609000
554.9196024995346,211.56447159023315,1159.78750,11597875000
435.1796337257794,167.90978139074375,1160.01060,11600106000
264.0487905317551,135.35295163446526,1160.26190,11602619000
173.7293588227552,96.75036376879012,1160.47840,11604784000
117.81655450397199,89.61261334825686,1160.70050,11607005000
14.047597623897786,144.58611680348673,1160.91800,11609180000
-22.358544213473525,155.49709068000084,1161.14240,11611424000
16.279164474164446,233.13473360102358,1161.36780,11613678000
75.03627386624586,241.77665284866228,1161.58790,11615879000
-20.38724618546688,245.56404695105655,1161.83720,11618372000
-56.01475142037515,293.60079519605506,1162.05580,11620558000
-88.90802660711672,265.97044946699407,1162.27830,11622783000
30.68186273681991,276.4273811429654,1162.50010,11625001000
56.27129920468815,270.9963420391561,1162.72330,11627233000
166.262564941679,287.8464793261646,1162.94460,11629446000
153.6471868778807,220.72699721712834,1163.17360,11631736000
187.39107832348043,222.31383452092504,1163.39730,11633973000
84.51596726113318,174.9421080138119,1163.64000,11636400000
168.11854438761034,212.26589079004208,1163.87020,11638702000
344.3707522309252,185.70946477798412,1164.11290,11641129000
513.576032585455,146.97087821666153,1164.33950,11643395000
754.7978321431259,319.4358205005516,1164.56170,11645617000
652.3902660022271,375.71025113658635,1164.78100,11647810000
575.5681007403407,379.56862336043883,1165.02750,11650275000
481.21284747901484,371.958445369658,1165.25610,11652561000
411.5921416083242,424.7956556351922,1165.52300,11655230000
373.0232153906861,508.5411611285912,1165.74510,11657451000
420.3797081874286,529.2042225150366,1165.96990,11659699000
460.06625411345834,588.0966127969618,1166.19060,11661906000
523.5042893683843,584.6491913999963,1166.41200,11664120000
534.5462141495867,536.3419571212931,1166.63920,11666392000
734.8951588606105,493.4519339358784,1166.86930,11668693000
905.2133834212858,448.0840852547531,1167.09420,11670942000
923.6147288850136,412.3456858161511,1167.31800,11673180000
929.8262637025672,386.99638087103915,1167.54580,11675458000
916.7516223529731,365.57852123490494,1167.77320,11677732000
720.3669106370598,344.9537456113299,1168.01080,11680108000
754.2041586358637,319.1969691335328,1168.26030,11682603000
778.6201419153496,234.28284437518562,1168.48300,11684830000
826.9725514536153,155.58124488908652,1168.70580,11687058000
868.4424277218453,164.75368553509236,1168.93450,11689345000
993.1974992128045,160.80971436496844,1169.15420,11691542000
1164.2485492524086,155.46925200100304,1169.37670,11693767000
972.4436559111554,157.1933982299374,1169.59790,11695979000
830.2978677447762,184.77262714494776,1169.82220,11698222000
741.8979823387913,208.8278114273937,1170.04820,11700482000
631.2462967656568,177.83135013070967,1170.28590,11702859000
561.1860661261666,191.58163410910709,1170.50930,11705093000
534.789408175528,262.1277609750483,1170.73410,11707341000
454.28716819970555,216.72697178524874,1170.96270,11709627000
320.0079925458931,165.43335252482206,1171.18850,11711885000
291.52100794370915,158.6801366954214,1171.42680,11714268000
285.6792487963908,145.0858266331465,1171.65940,11716594000
270.86751387522105,160.18006585480978,1171.87650,11718765000
259.68194210763284,190.0562482513106,1172.09740,11720974000
231.9558945063384,176.0696250254895,1172.31280,11723128000
350.3692749479486,166.06693320204815,1172.53740,11725374000
598.3634015912193,170.14840273075774,1172.76510,11727651000
684.5972517458989,203.34105655718713,1172.98770,11729877000
776.016713891709,166.92759534929945,1173.20950,11732095000
792.0719560565433,135.38635230370173,1173.43070,11734307000
931.5751987098452,115.98092859742347,1173.67730,11736773000
1110.2877005453672,113.91741854866156,1173.91500,11739150000
1167.2821142649027,155.32788095945057,1174.16190,11741619000
1187.0313413709368,149.29783108486964,1174.38490,11743849000
1079.355703657957,172.76788556248957,1174.61460,11746146000
1038.0227634325718,164.61227593708142,1174.84650,11748465000
885.3410744233931,206.0986948943514,1175.07540,11750754000
777.0117385695315,249.65617959116008,1175.30660,11753066000
662.2951464049186,241.9393256201802,1175.52750,11755275000
563.0675418145371,220.6374365573234,1175.75300,11757530000
522.622938675154,211.94615012292795,1175.99680,11759968000
433.30323683963206,227.84278129397845,1176.22530,11762253000
429.6030483383703,221.16029443057175,1176.44420,11764442000
374.3802658870654,217.0459857047925,1176.67750,11766775000
401.002935879122,176.57230908955904,1176.90290,11769029000
442.45578527124405,164.98455278324516,1177.12300,11771230000
496.6236472036842,145.95368717727536,1177.33960,11773396000
585.1945598404523,92.9725913988865,1177.55660,11775566000
668.7403357018876,94.32648301738456,1177.78030,11777803000
733.7722231189457,66.73631342571775,1178.01200,11780120000
746.1312750100869,100.64327008252087,1178.23720,11782372000
780.9399939594321,113.54446752437931,1178.45490,11784549000
878.7336684950806,94.68460148937075,1178.71100,11787110000
912.0756616776405,84.34329405765641,1178.94550,11789455000
972.3465325279426,86.98979336541582,1179.17710,11791771000
1063.1293735721092,47.09099754115229,1179.40540,11794054000
1118.4372317323366,91.25777066533723,1179.63150,11796315000
1211.0179949275387,86.55127729786776,1179.86440,11798644000
1350.0543401036737,149.03374242810395,1180.08810,11800881000
1370.004044035739,123.41268536922642,1180.30820,11803082000
1408.7347293997466,157.62936209627145,1180.54230,11805423000
1142.0495517550635,145.90471119666466,1180.77540,11807754000
866.8378567280333,164.72701519804752,1181.00600,11810060000
667.8523241191091,205.90799955167518,1181.23480,11812348000
523.0168895791835,232.34674232161495,1181.47030,11814703000
397.9390966512936,198.8157917018028,1181.70200,11817020000
338.99313159827375,199.3792179664107,1181.93060,11819306000
333.2258571094947,216.6420582050383,1182.16300,11821630000
404.7521485027852,209.9928170302569,1182.40990,11824099000
479.2667108736122,216.06168256244894,1182.66000,11826600000
528.0744591589474,228.9942338183874,1182.88160,11828816000
547.7621137153725,240.68315340962428,1183.13940,11831394000
403.7376132529585,194.65591472488046,1183.36800,11833680000
353.1429402671523,180.87688350219804,1183.59420,11835942000
247.87176410603274,192.53629289719623,1183.81120,11838112000
155.87056998738527,182.33317127471912,1184.04210,11840421000
210.36530605630327,230.77354118301827,1184.27870,11842787000
322.6699104405127,193.6547455931269,1184.50130,11845013000
384.17124207188766,186.8564468090029,1184.74860,11847486000
468.0304201120649,191.37669858102862,1184.96700,11849670000
550.2622591006468,197.76788774714507,1185.19190,11851919000
670.7495782248632,170.04893828110642,1185.42410,11854241000
758.16727808826,129.9630379278092,1185.64620,11856462000
879.4030374478373,114.91012954913117,1185.86610,11858661000
1094.7460854271224,129.33904081769433,1186.08340,11860834000
1282.7877926668198,164.99916341187006,1186.30870,11863087000
1030.0887364321302,170.91673917264157,1186.53230,11865323000
853.6900103607572,203.7055982396758,1186.74830,11867483000
929.4405398748207,217.6199042548081,1186.97380,11869738000
1059.1583632531633,216.25622770450636,1187.19290,11871929000
1116.3910671648978,227.6757906205511,1187.41490,11874149000
1238.3987184782188,239.63252434916305,1187.64800,11876480000
1387.1191520062098,230.48634930023093,1187.88840,11878884000
1473.9283235436083,263.5060713007445,1188.11190,11881119000
1487.3707974152187,261.1974456733117,1188.33850,11883385000
1495.9514396970712,270.77982876176344,1188.61890,11886189000
1358.1913025136996,204.81736692654343,1188.84640,11888464000
1292.4348257744532,177.45763743113804,1189.07030,11890703000
1268.6140971650962,181.01947925767195,1189.29980,11892998000
1189.8410255212757,124.64023378360255,1189.52730,11895273000
1136.3917655956964,141.1852535862875,1189.74480,11897448000
1096.9982702006432,153.31941117904222,1189.97500,11899750000
1026.103960478745,191.29953977526446,1190.19650,11901965000
923.361594721687,184.94331414458816,1190.41800,11904180000
737.646372142889,214.49197420384502,1190.64720,11906472000
560.9531238588193,246.1598243399373,1190.87630,11908763000
544.9284741125116,239.08380024247128,1191.09770,11910977000
452.5802840761046,248.33961462852596,1191.31150,11913115000
507.0906038448181,206.8350561517426,1191.53960,11915396000
586.3436246290692,224.98712960445727,1191.76330,11917633000
699.1443125017685,234.46968928476204,1191.98210,11919821000
874.8680221968536,214.27936456181502,1192.20440,11922044000
786.2345304685313,193.08234473149548,1192.42350,11924235000
645.6013282414575,147.08678953435071,1192.64270,11926427000
628.2334654134569,180.86828580706737,1192.87270,11928727000
651.8372955727128,159.12826962098197,1193.11780,11931178000
753.9316531287722,165.87619110384375,1193.35080,11933508000
824.914786552123,183.80567110963563,1193.58050,11935805000
929.7911352856302,193.7495134630386,1193.81180,11938118000
966.0349414919557,154.6554996035181,1194.06980,11940698000
975.1203864663757,208.74515539594717,1194.29310,11942931000
911.2534586371426,220.4973524587433,1194.53650,11945365000
881.7683078856967,220.38166294506183,1194.75830,11947583000
955.5342589222926,195.12397357865817,1194.98280,11949828000
1075.1223061735589,192.8119003231863,1195.21250,11952125000
1188.8109292282593,196.8943217503759,1195.43790,11954379000
1062.8023309697164,204.09185652659536,1195.66430,11956643000
915.6464108348432,197.10830778838195,1195.89070,11958907000
818.0458287039419,174.80964087786157,1196.11130,11961113000
808.8240194031032,181.24524072599525,1196.34660,11963466000
757.4492774793267,193.1161937124557,1196.59310,11965931000
631.8424069468152,180.12764151314815,1196.81250,11968125000
670.0812378008227,181.10646473962578,1197.03880,11970388000
728.1486273929055,190.25547062033422,1197.26660,11972666000
848.8745731914055,217.5565697637463,1197.49070,11974907000
1019.3253789057612,195.46327414519257,1197.71830,11977183000
1214.578291975117,224.6205508216522,1197.95230,11979523000
1376.571809369439,200.42908209071066,1198.17880,11981788000
1407.7934188364763,188.76401364371208,1198.40760,11984076000
1374.4720323961349,190.59151497259356,1198.64550,11986455000
1286.7117838811553,172.68411560607538,1198.87980,11988798000
1301.9656910152378,149.4601596515244,1199.10690,11991069000
1254.0238234044123,193.45426289912524,1199.33110,11993311000
1193.9597434623936,173.74195023901896,1199.56300,11995630000
1079.8524777843786,146.39167849174402,1199.78420,11997842000
981.0301768530342,114.99496536656982,1200.00000,12000000000
919.1958662774291,163.0307947136168,1200.22470,12002247000
1089.9478175266115,199.71884744770801,1200.44210,12004421000
1225.2940725573983,221.3330552191651,1200.67500,12006750000
1315.3380399036218,236.5621845662675,1200.91770,12009177000
1216.6875519613131,250.26509023219933,1201.14870,12011487000
1206.6516898115894,215.16344576914054,1201.40240,12014024000
1080.7113749936238,159.16245603296298,1201.65000,12016500000
869.6824516619849,129.069880277402,1201.89840,12018984000
684.6367296038243,110.47656505249161,1202.13040,12021304000
466.41085790280135,122.7373512635175,1202.36000,12023600000
290.9623453691114,144.09924854786877,1202.59320,12025932000
164.6921183258082,148.45948394405852,1202.82160,12028216000
146.88496831578078,176.34935852083595,1203.03960,12030396000
219.3537986592414,163.91471818064645,1203.27440,12032744000
276.7968380597088,153.85851489269973,1203.49670,12034967000
340.9369987100854,166.7520985149692,1203.72800,12037280000
386.4216324960805,207.17960843946366,1203.95520,12039552000
369.3956275744025,187.54232570130213,1204.20190,12042019000
428.01540062524487,168.25819928956997,1204.43210,12044321000
463.7448601986799,174.32394551293305,1204.66110,12046611000
467.97088580269536,232.1493357292924,1204.88500,12048850000
581.8337056861748,204.5691086451246,1205.10560,12051056000
822.8357551884282,174.08286742920941,1205.33280,12053328000
928.93749676116,187.28830011788858,1205.55920,12055592000
966.0427487839994,136.92324872242318,1205.77880,12057788000
1001.9304966039996,108.6925985714226,1206.02950,12060295000
842.9606121340854,86.27002388427366,1206.25260,12062526000
773.087823248098,110.23403043464857,1206.47870,12064787000
741.1898139655533,153.42090827242004,1206.70270,12067027000
787.3417635075193,134.86678307766095,1206.93670,12069367000
795.288956749612,154.85073850757388,1207.18410,12071841000
850.3492805152484,174.16135319693598,1207.43030,12074303000
971.3717330896326,167.4008420955911,1207.65400,12076540000
1061.5625068525546,102.05467249703551,1207.87720,12078772000
1197.5587776644024,129.46821864055923,1208.10050,12081005000
1208.961912785521,104.97056222395219,1208.32470,12083247000
1236.102179325885,102.22589451682026,1208.54280,12085428000
1196.7403412840365,161.26786285726263,1208.77010,12087701000
1293.3089651426071,172.5389272756063,1209.00370,12090037000
1308.9896830541811,177.44373830767051,1209.22950,12092295000
1269.4762226825046,182.31624276464424,1209.45400,12094540000
1241.3294355513226,163.8762947029903,1209.67580,12096758000
1131.7669030891127,142.90096755211857,1209.90180,12099018000
841.373115597667,178.2750319907288,1210.12440,12101244000
660.6222419800938,176.6107316365814,1210.34610,12103461000
535.0460175031845,178.4274890006388,1210.57250,12105725000
392.1899779108593,208.68454686146023,1210.78820,12107882000
283.55537876676453,236.18060681790394,1211.02480,12110248000
167.47626216946628,278.4012752615039,1211.25140,12112514000
360.0634240119502,303.47852121033714,1211.47880,12114788000
405.11654371770624,241.20240706872022,1211.73670,12117367000
361.53889381512516,282.2108777185647,1211.99320,12119932000
281.32298289945726,302.42698548559156,1212.21100,12122110000
241.8162937128335,327.12141757266346,1212.43750,12124375000
163.84859011272835,316.454012919091,1212.66030,12126603000
382.11535306208515,273.93486752155974,1212.88600,12128860000
624.052590127535,256.5721778005,1213.10550,12131055000
689.2358922189856,228.76629406298156,1213.35080,12133508000
599.155877596338,248.9433989495189,1213.58770,12135877000
573.0549388504154,301.20371803487194,1213.81510,12138151000
658.4287966342382,331.6294477602796,1214.04000,12140400000
830.3859043536319,324.79181251543065,1214.26870,12142687000
774.9922936917623,290.3287112617733,1214.49180,12144918000
748.3474837230704,251.7808837137233,1214.70680,12147068000
665.1220390755367,220.94598071107143,1214.94490,12149449000
559.0839816350956,192.63340321796434,1215.17250,12151725000
639.5594538227115,163.76806148547058,1215.40000,12154000000
603.2952578686959,163.0331815035472,1215.62280,12156228000
637.9236081613972,138.08446855139985,1215.85760,12158576000
681.6437242303622,126.61059546852965,1216.08390,12160839000
547.9266916893004,191.7160120455977,1216.30850,12163085000
438.0279910587196,242.57174790438557,1216.56020,12165602000
430.3476186886658,317.1453349732117,1216.78760,12167876000
371.4367126841894,378.5358670017602,1217.02800,12170280000
415.7265078328429,346.1654979759966,1217.26960,12172696000
449.65206697108687,327.03084197975676,1217.49110,12174911000
446.2917554066967,318.7820958018782,1217.71670,12177167000
617.8945745697316,315.91413414627993,1217.95560,12179556000
698.886100409634,396.18120510967367,1218.19280,12181928000
790.8649743060403,501.7460308330756,1218.42400,12184240000
714.4495298097178,530.1882226525212,1218.65410,12186541000
748.9772474498225,491.04535610490814,1218.87080,12188708000
672.9737898446409,427.4591063675101,1219.09140,12190914000
758.7333250608598,396.6101493110224,1219.34850,12193485000
876.8806954208203,420.12307916821464,1219.58300,12195830000
958.9411392976599,494.67489927372793,1219.80360,12198036000
1070.4174193227182,514.8737593552767,1220.02460,12200246000
1090.9290112340282,500.7708228573654,1220.24120,12202412000
1143.6386842998563,404.8171475690599,1220.46540,12204654000
1160.9149117374936,319.35819425578745,1220.69160,12206916000
1133.0596160844582,278.9240659593349,1220.91460,12209146000
1136.4567690039098,265.56586472154646,1221.14410,12211441000
1081.2576644774706,232.4348955433986,1221.37120,12213712000
1048.455545288659,199.6469896934788,1221.59980,12215998000
992.6577857668216,327.0345227457513,1221.82760,12218276000
953.7258726129403,403.1145143094483,1222.04600,12220460000
960.8373583815483,335.40501733798794,1222.26920,12222692000
983.1212171867365,316.64640017237724,1222.50300,12225030000
931.4301611546664,308.9036478687383,1222.72980,12227298000
715.890863587805,267.382526964051,1222.96340,12229634000
530.2199637983662,251.9196871103548,1223.18850,12231885000
420.8161097992071,334.0944563098432,1223.41720,12234172000
339.7153735199944,348.6091689913213,1223.64650,12236465000
288.7119272432091,347.4827953898893,1223.87080,12238708000
455.6028612932456,286.54641822041026,1224.08740,12240874000
729.3870425807452,239.51869041769146,1224.32370,12243237000
783.5808392149889,216.93184143032542,1224.54810,12245481000
868.9151828919075,184.4135906224016,1224.79200,12247920000
863.0487531231317,176.34839733968187,1225.02780,12250278000
746.881532934275,232.8371853827774,1225.26270,12252627000
763.4272722864479,301.6597644624192,1225.48980,12254898000
720.598769099424,297.83323955157454,1225.74750,12257475000
672.8746131902583,361.08952802354924,1225.98140,12259814000
501.9319101909067,386.0198204969848,1226.25300,12262530000
416.24646257036255,361.4212703158542,1226.50130,12265013000
268.6333705414048,387.9701310551188,1226.76680,12267668000
222.37112415375384,432.5059605944161,1227.01160,12270116000
375.0345433354617,387.35313784982304,1227.23710,12272371000
651.8537237301746,368.79148374578295,1227.46540,12274654000
772.8847055611435,321.0178608520857,1227.69550,12276955000
1023.3494499772415,284.1879525691678,1227.92630,12279263000
894.8201795167008,330.5530013467471,1228.19340,12281934000
868.6809039626648,383.02301074632646,1228.41450,12284145000
830.3254060460806,397.0823113847896,1228.63780,12286378000
691.3451183205373,399.8364440958926,1228.85910,12288591000
601.4494414540752,366.43247910325493,1229.09990,12290999000
460.4217937294655,264.95974918184356,1229.35480,12293548000
408.7521494082922,244.76986202431715,1229.64070,12296407000
302.6946180462736,197.00720430632896,1229.87740,12298774000
319.21197741288245,207.5650528167135,1230.10670,12301067000
354.17191823831456,184.49916562977353,1230.33480,12303348000
262.368029132161,153.0083737889258,1230.55050,12305505000
268.31654925131164,144.32166694450814,1230.77050,12307705000
248.51889208000608,124.12670879634797,1230.99840,12309984000
321.78196085906075,159.6701498069409,1231.26160,12312616000
392.30560084988707,178.52094385048895,1231.49270,12314927000
395.16521499996577,160.55628825749628,1231.70960,12317096000
489.57179594909195,142.74352944476826,1231.93690,12319369000
554.1651396256531,155.6335593257673,1232.17800,12321780000
573.2275410650285,198.46580076244766,1232.42420,12324242000
560.579984834201,193.09932030383354,1232.64780,12326478000
700.3027325996409,190.43459993586532,1232.87170,12328717000
835.0737470177222,179.71813693416016,1233.09500,12330950000
894.1851646015504,151.48296488537088,1233.30910,12333091000
971.3027667423517,164.28775254149016,1233.53070,12335307000
1058.3374314445011,143.5983591652582,1233.75220,12337522000
1090.5516433212363,112.44704766810963,1233.97270,12339727000
1163.3048510760525,152.27088649366414,1234.19280,12341928000
1243.7709468238054,194.23667355668553,1234.41330,12344133000
1214.0390171825861,145.84812872342985,1234.63210,12346321000
1262.4735424552875,184.53519900507806,1234.84770,12348477000
1304.3116780732978,143.72339825234798,1235.06640,12350664000
1257.8276973439965,163.39039372264747,1235.29540,12352954000
1162.0167953970565,149.62661665491612,1235.52530,12355253000
1149.1311060870785,170.65009255032388,1235.75450,12357545000
1163.899436962725,187.19083934167315,1235.97760,12359776000
1131.9543978696067,167.8598416450636,1236.19990,12361999000
1212.2721496272682,154.68184127539573,1236.43720,12364372000
1277.2396265054347,176.43695158728923,1236.65890,12366589000
1313.9920611550283,218.1682122030979,1236.89530,12368953000
1325.9209297801167,210.00259723168122,1237.12070,12371207000
1410.7354320119796,315.51809537947867,1237.34780,12373478000
1237.8997097305557,322.9544192156494,1237.57970,12375797000
1033.4403397097024,259.9778640428384,1237.81640,12378164000
1056.830403755443,255.405827153405,1238.05360,12380536000
961.2265683659232,268.36100390079946,1238.30920,12383092000
972.1642635950341,253.99834526574605,1238.54090,12385409000
964.4708978073245,156.336373087352,1238.77420,12387742000
917.9498499785235,145.50380842048546,1239.00820,12390082000
871.6082648366948,173.0176826229389,1239.25670,12392567000
985.9856333535533,220.5388732132934,1239.48970,12394897000
933.710472518162,274.1882781142781,1239.76080,12397608000
903.5224716529189,376.3698481124239,1240.02370,12400237000
922.9571236127325,411.36248662704844,1240.25660,12402566000
909.1967834836249,370.6633716619012,1240.48180,12404818000
983.5916611148041,409.38061345898063,1240.76470,12407647000
989.7974960778058,427.2171893871366,1240.99900,12409990000
1088.1166092612768,428.48026337306254,1241.26430,12412643000
959.2184778432617,569.3074322569145,1241.50050,12415005000
811.1564008277832,460.82174258251644,1241.72420,12417242000
640.1051901768461,470.1609865192568,1241.95940,12419594000
693.7604513602777,449.65573217961,1242.18640,12421864000
852.1440621107245,429.4967317239187,1242.41770,12424177000
988.9400136149179,406.79171794270036,1242.69440,12426944000
1099.9512759856073,365.6430317635845,1242.95120,12429512000
1173.8301191394735,340.9277007576612,1243.17760,12431776000
1252.7651220417547,282.71225927878993,1243.42050,12434205000
1362.7582747300642,326.4030661999019,1243.64560,12436456000
1483.5370289505902,315.69211817714296,1243.87160,12438716000
1472.8663421490241,301.6820296779685,1244.09880,12440988000
1406.1179313912687,279.16162484711566,1244.32400,12443240000
1364.9398344558288,302.6374427283497,1244.55060,12445506000
1269.0036359951077,240.86052669947554,1244.79220,12447922000
1284.5773407475249,254.42735138370446,1245.02400,12450240000
1256.1500572449959,201.86412863592216,1245.25200,12452520000
1304.7784403782796,240.75131976799736,1245.49550,12454955000
1255.1404131432269,285.07550014046063,1245.71980,12457198000
1326.1012865830412,295.1334155132802,1245.95200,12459520000
1310.0279669463162,333.80152733076847,1246.17270,12461727000
1375.0144266150571,389.55045708581247,1246.40490,12464049000
1416.7065293210787,363.396035173797,1246.62650,12466265000
1502.5147622750667,391.89832133165044,1246.85320,12468532000
1543.9819975939845,417.559468571033,1247.07260,12470726000
1540.6113331052366,512.1757912993296,1247.29350,12472935000
1321.470598094098,527.4980385930096,1247.51110,12475111000
1209.4888655647742,503.09305312576987,1247.73250,12477325000
1126.0095538059734,475.71615744721277,1247.94480,12479448000
976.8624528880322,438.5221956204289,1248.16080,12481608000
886.7104446711176,403.93887336774293,1248.39000,12483900000
793.9392976595176,380.2279276982535,1248.61040,12486104000
642.7874981294613,393.0911751856338,1248.83180,12488318000
472.69437792071335,346.3197199131374,1249.05730,12490573000
411.7835535484648,333.33640206342614,1249.28110,12492811000
627.6913067603032,380.69922361702027,1249.50820,12495082000
858.2969386157529,421.57499667889067,1249.74090,12497409000
1073.7730541063522,405.1873148110072,1249.97810,12499781000
1274.1540619640652,361.9133936765669,1250.20680,12502068000
1383.472754992083,333.83411128805875,1250.42330,12504233000
1501.537206757355,328.07000565696364,1250.64530,12506453000
1565.7159550592892,349.5162765659806,1250.87690,12508769000
1550.2315102410419,307.1525056677586,1251.09760,12510976000
1665.0592885028661,328.3450261550604,1251.32680,12513268000
1685.387527578051,320.72922351526813,1251.54850,12515485000
1738.555338545319,265.334043639009,1251.76470,12517647000
1753.9611238509506,221.4529843952618,1251.98050,12519805000
1765.1329011361317,204.43501769233075,1252.19910,12521991000
1627.144358664998,258.67337444232226,1252.41570,12524157000
1454.142849250229,238.16264957987912,1252.63670,12526367000
1207.9122783783298,211.26064906536755,1252.86300,12528630000
1084.3117700485113,230.1973144570261,1253.08910,12530891000
881.0264291770418,196.0182814985567,1253.30140,12533014000
829.5934722726839,233.4256607986449,1253.52120,12535212000
867.8303340732606,260.4357162569229,1253.73230,12537323000
892.8232825932482,255.80261916488038,1253.95670,12539567000
1091.503108830959,358.5402105667815,1254.17550,12541755000
1274.408872962978,392.20696630048974,1254.40100,12544010000
1440.8143502789624,309.411949951134,1254.62430,12546243000
1536.2950522619528,325.7000438121454,1254.84450,12548445000
1635.7511507662218,386.0524666640122,1255.07000,12550700000
1568.351120534208,376.5926873006953,1255.28700,12552870000
1430.7801464723404,338.78230697358373,1255.50770,12555077000
1300.8495160514885,336.40976380773094,1255.73160,12557316000
1225.1564492547816,280.17142240998845,1255.95350,12559535000
1240.1128515490086,303.33509090184606,1256.17500,12561750000
1227.5134428278704,342.37433865604305,1256.42210,12564221000
1268.9026553520407,360.37637603922747,1256.65360,12566536000
1340.7172065926188,344.0917689846989,1256.87820,12568782000
1418.6142873982797,391.5979121633983,1257.09510,12570951000
1419.7601377066346,374.1003467860714,1257.30800,12573080000
1342.6697003995785,306.867867662417,1257.52700,12575270000
1364.4909428615374,332.34133952128525,1257.73900,12577390000
1334.0166793544593,309.60497754570446,1257.98140,12579814000
1349.549482958727,251.38047551172818,1258.20770,12582077000
1130.4844672959523,239.2589621354571,1258.42940,12584294000
936.5330430068414,242.6404826089285,1258.65910,12586591000
717.670127551815,180.41656214918453,1258.88590,12588859000
581.1353360040868,180.98098083296605,1259.11970,12591197000
398.76994105759826,156.23980786825743,1259.34920,12593492000
330.9689042427246,193.1656400049045,1259.57730,12595773000
364.22049931300705,208.34593602113523,1259.80390,12598039000
378.86218343035546,179.79517868016848,1260.03190,12600319000
352.1651847250462,138.53392711800686,1260.26540,12602654000
360.4671823056151,103.35751025141872,1260.49390,12604939000
442.90255408832707,115.78522149161691,1260.72780,12607278000
525.981008055046,107.80404758963093,1260.96480,12609648000
605.2971158751295,156.04904658032956,1261.21050,12612105000
646.5467926623273,101.78606708488678,1261.42910,12614291000
679.8075990031514,99.65548668634875,1261.67370,12616737000
807.1642646787834,98.74602809970536,1261.89550,12618955000
868.8235752927112,94.54687971179175,1262.11700,12621170000
911.9389230060617,124.57685758163268,1262.36240,12623624000
880.1166612463237,136.79222935244937,1262.61500,12626150000
883.6360774870909,156.7865990625147,1262.84150,12628415000
932.9961046465588,140.2352137448136,1263.06370,12630637000
1036.612203246326,374.16538511743033,1263.28910,12632891000
1129.6164402236718,406.5235759213518,1263.51200,12635120000
1157.0648756129037,341.0483271702321,1263.73690,12637369000
1147.2214649689602,314.16773069941803,1263.96070,12639607000
1055.220906962275,263.95852060869174,1264.17820,12641782000
1140.0437138872542,265.11599064546544,1264.40190,12644019000
1161.6721462714486,290.8538632224611,1264.62370,12646237000
1197.5126375706939,257.43521820321456,1264.84710,12648471000
1192.1242376664816,220.19342307428167,1265.07410,12650741000
1330.8000296361954,244.49946147576608,1265.30130,12653013000
1407.97626835663,297.94571857714175,1265.51660,12655166000
1145.098524631114,297.929312234503,1265.76860,12657686000
919.4169965380713,285.0482862015747,1266.01190,12660119000
708.0684342774281,214.50800365702824,1266.23890,12662389000
573.1642697316611,196.56581435085232,1266.46750,12664675000
479.26863529756304,163.34310972917743,1266.68740,12666874000
428.79880641051375,183.78085408257368,1266.91680,12669168000
471.0856864290075,229.29980975265352,1267.14520,12671452000
389.7361441421382,226.21657719229304,1267.37150,12673715000
505.73678782829586,300.7843294355695,1267.59870,12675987000
732.89114817409,326.2565564568989,1267.82600,12678260000
797.9606518633376,329.92632990507485,1268.06790,12680679000
