x,y,TIME(2025/03/24 13:52:34.863),TIMETICK(f=10000000)
768.2229416268138,725.2088209078012,0.00000,0
738.8953316130218,762.3917753318768,0.23940,2394000
768.6028759193969,710.6013854942108,0.47320,4732000
791.785556023596,543.8380610974209,0.69820,6982000
895.0867943115592,454.6433567321576,0.92440,9244000
792.5028763106275,378.429504558752,1.16860,11686000
861.2283051420229,399.36554063774616,1.39030,13903000
724.4933112275753,432.3709852088818,1.60790,16079000
611.3210936939172,512.2527812771006,1.82410,18241000
569.043926757574,492.9388489376798,2.04180,20418000
505.47991982655196,410.33280416861044,2.25690,22569000
412.0035096331426,415.98343920647994,2.48430,24843000
401.47978358231165,453.1475797465919,2.70310,27031000
528.3990327248242,380.04098656056465,2.97650,29765000
637.0478004950011,385.2923325988624,3.20550,32055000
702.2212458414178,215.89329335059622,3.43830,34383000
713.4369092955769,124.02816731534492,3.69700,36970000
770.4048683352736,53.32192162980422,3.93080,39308000
633.8910376516052,116.67427532919154,4.14580,41458000
546.5162633869593,236.56037054787194,4.37090,43709000
633.6372730975547,184.83122654602178,4.59240,45924000
649.6083376418969,116.54383377452297,4.81330,48133000
593.9201272789488,290.07724353862983,5.03210,50321000
423.3781395249391,262.02931405648496,5.27910,52791000
434.9128256279672,180.72167485923922,5.51530,55153000
534.113568378546,126.1671934463568,5.77590,57759000
505.8362566245504,123.7502251318127,5.99720,59972000
519.1507970979724,224.7460155244492,6.22960,62296000
573.4269877812205,309.47895133269236,6.46220,64622000
764.4693035946152,235.24687326199896,6.68030,66803000
745.6844684969756,135.1921246634364,6.90410,69041000
759.1782385768018,160.99327587404915,7.12270,71227000
666.4340389983797,85.5878074021272,7.38010,73801000
568.8780333006749,64.01846960213174,7.61980,76198000
463.9442695263592,214.71844509834267,7.84510,78451000
404.46239471269604,307.76694771056464,8.06590,80659000
366.6313536289796,440.0179625188621,8.32210,83221000
278.6941970730507,538.4407270031826,8.53900,85390000
273.13666037682054,588.4072794897712,8.76260,87626000
260.3098175064296,563.42519102133,8.98460,89846000
305.1069194687209,645.5752859223974,9.20330,92033000
226.30217737567384,520.333371329079,9.42320,94232000
217.2793596329848,504.86308686201636,9.66110,96611000
303.12206921596265,530.8523722807107,9.89450,98945000
350.7106504257406,555.2156591259572,10.11930,101193000
328.29594112539576,538.7088152212932,10.34030,103403000
345.9204671030775,472.8977774412441,10.57310,105731000
278.3460495042325,414.1445059676765,10.83220,108322000
198.1830431237562,300.9251370500199,11.07290,110729000
111.59595983535498,188.19302352016445,11.29990,112999000
130.65049540913992,189.3903464687291,11.53810,115381000
124.40917663066925,133.45376154674673,11.77170,117717000
325.35037047132414,166.47105968759416,12.01260,120126000
557.1231942231705,94.91299605541622,12.23280,122328000
596.7344393221007,179.31388754888354,12.47560,124756000
498.59989593244643,198.15845188667907,12.73350,127335000
494.1679737825966,191.48921400413482,12.96670,129667000
578.6170316650458,92.94300491490083,13.19790,131979000
691.7178254375295,163.57532743055322,13.43030,134303000
527.6060351807703,165.17941536581233,13.66260,136626000
498.07152315223726,256.2311928207008,13.88650,138865000
413.944035376686,199.37070885455617,14.12880,141288000
346.6399176363899,238.10426213309648,14.39200,143920000
289.1172201833607,279.10570536855175,14.61530,146153000
278.3244150000337,332.86141279305866,14.84420,148442000
237.78550606539878,301.56717362462365,15.06180,150618000
248.42605287530245,312.38909808540814,15.28890,152889000
201.07794774760464,258.27048738304927,15.51730,155173000
159.06208115685715,279.5216808967797,15.74240,157424000
173.87542998419238,323.5187464575293,15.98810,159881000
117.96280584247373,222.90939849432283,16.22320,162232000
97.02307044725563,233.71170203004152,16.45240,164524000
78.15223887805007,148.71277591374132,16.73460,167346000
121.42104901674267,277.98086991925373,16.96110,169611000
156.16782128522644,245.53446584989695,17.18750,171875000
196.66570082018006,211.86158105672516,17.41220,174122000
110.62970407655526,276.97981207878195,17.63320,176332000
174.29906865224928,427.94940003838025,17.85320,178532000
192.12516305391787,451.53039645333024,18.06960,180696000
249.5192580238692,578.4473794869475,18.28710,182871000
351.7475641516627,637.2814540151588,18.49730,184973000
379.91521551633383,601.2114085169108,18.73190,187319000
346.97259723893274,512.4462504653955,18.95770,189577000
335.56055708126837,438.3534594256212,19.17160,191716000
462.25294074644637,615.6449007177484,19.39360,193936000
382.79194218036423,542.2480700756885,19.61890,196189000
427.3901929259409,552.4344014134001,19.86330,198633000
493.442519210125,501.1125914399309,20.09060,200906000
415.44756177777947,471.86746267748407,20.31410,203141000
273.5946117574492,393.3622543086931,20.54200,205420000
157.45725467142626,258.85918398253733,20.76270,207627000
108.13992487507133,278.52298648246335,21.04170,210417000
-2.24744480921413,171.64655514585235,21.26810,212681000
-27.322774229092182,177.22004430332242,21.48820,214882000
-11.00606467779452,181.89444996111658,21.71080,217108000
-10.598167649842253,174.35490744392587,21.93510,219351000
66.13289306056184,273.09130308832243,22.16730,221673000
79.98921215337802,305.35934977753664,22.42840,224284000
122.90980364110047,350.000471017441,22.70150,227015000
118.91529100307363,314.5096607079757,22.92550,229255000
127.31132997616028,271.9363139169083,23.15030,231503000
146.30571947565733,297.3609822923678,23.37460,233746000
162.37758726757966,249.4224385588921,23.61140,236114000
232.44949491674987,309.2456733211045,23.82460,238246000
162.12393226029752,280.8835042746497,24.04510,240451000
130.74644621977197,397.0480955623024,24.26490,242649000
131.30744622427562,368.84588352422804,24.48150,244815000
177.12271538079187,355.9411174717416,24.69980,246998000
184.1398214520061,345.2675743593036,24.94600,249460000
212.5845512056604,369.84001094859883,25.20100,252010000
162.10858298235405,310.0155052363922,25.42820,254282000
183.39034145196075,377.26043296694775,25.67280,256728000
168.2649988979683,392.9456802315752,25.89370,258937000
154.80483348292185,359.93863112129964,26.11660,261166000
148.82584320018108,334.0764590213523,26.36880,263688000
126.66907018013474,306.09106219363593,26.59710,265971000
168.3020490924628,350.3204993143043,26.82980,268298000
171.84374712507483,293.8441655092042,27.05540,270554000
277.7830714209863,381.2298086803869,27.27230,272723000
339.0882291733483,262.90143762615685,27.52380,275238000
329.8076933999376,251.28864034051844,27.75340,277534000
306.37398572260855,252.6890181071101,27.97720,279772000
296.8655564394876,227.72035779440384,28.20030,282003000
326.08968345031377,218.32429431760792,28.43180,284318000
345.4316413092605,160.6549836951385,28.69280,286928000
283.01582415439776,110.3233439266403,28.91220,289122000
269.5447875925599,148.1425875713928,29.14080,291408000
209.45426190408313,118.52972835788643,29.36890,293689000
213.63890802747827,171.3662379028551,29.59500,295950000
177.68109591542085,179.91557515731452,29.82100,298210000
255.7680396216523,224.49733779665513,30.04600,300460000
221.90410630494395,217.28051518356475,30.28100,302810000
248.39011064317484,243.72994396302047,30.50620,305062000
256.6407106682871,252.13075308420736,30.73200,307320000
245.47968987828105,222.526481287026,30.95740,309574000
453.24904552408736,213.9601851187503,31.18620,311862000
609.1784903433464,139.08160330163125,31.42690,314269000
603.9356007443922,161.883873226481,31.64850,316485000
662.6791032753656,280.75426780838785,31.87940,318794000
593.5488974078754,223.161635217803,32.10370,321037000
765.0995825841648,131.737307704219,32.35910,323591000
851.8682410793222,67.6995131426082,32.59390,325939000
1064.344869768406,-10.478181868896506,32.86830,328683000
1213.9698599064893,122.6661394799631,33.09670,330967000
1375.2850156498434,102.72921535691262,33.32070,333207000
1588.2602591240486,204.83926473354143,33.58180,335818000
1740.8133607719474,249.73677997219926,33.83670,338367000
1439.654947012182,345.4442779779091,34.07400,340740000
1195.0557014281403,337.9664559108634,34.30110,343011000
915.416022688585,281.45228643642827,34.52700,345270000
871.2773655333442,293.5051183422862,34.78930,347893000
746.9971789105164,222.79461655338883,35.02810,350281000
667.0834261057697,178.27354182551653,35.25130,352513000
552.8755391345591,153.2008482330096,35.49690,354969000
406.92716190197496,174.69585146602236,35.72040,357204000
260.69587204613146,233.1809659506119,36.00720,360072000
150.72339088975025,289.58476707013307,36.24500,362450000
85.61455730755586,355.4292316617897,36.46910,364691000
71.88603330395506,344.91744659590336,36.69850,366985000
39.66251896034373,476.9160567035599,36.92990,369299000
43.11095854820813,546.3187524184815,37.15640,371564000
49.20902007574094,454.274524379176,37.38290,373829000
65.76992843845137,471.7042940893228,37.60630,376063000
54.29542463178335,475.0032663571379,37.82780,378278000
90.66112019089508,431.24095361042436,38.04790,380479000
106.26373504284877,433.0541532114336,38.29120,382912000
63.24348565220644,432.2257867096656,38.51580,385158000
67.09331813173793,380.03767964190985,38.75640,387564000
60.1829402574288,354.1925316201826,38.98070,389807000
58.0950233564368,323.97024393440404,39.20330,392033000
99.71000668260018,309.5123712682649,39.44240,394424000
127.72882939259001,318.79689712089464,39.69710,396971000
71.27718357239638,213.8058276432231,39.91760,399176000
85.61828344480656,217.04614206674793,40.13610,401361000
61.63207162322526,236.20128133592866,40.35330,403533000
38.435261842553714,307.4445384949054,40.57680,405768000
15.963652996228078,340.1432833682048,40.80460,408046000
52.72819769251569,364.0382186214648,41.03190,410319000
90.58517891801911,448.2026060575119,41.28290,412829000
173.29617066981993,361.0706471917938,41.50960,415096000
334.5045909181687,328.03551609981787,41.73700,417370000
454.80780327902085,260.6053115003773,41.95660,419566000
525.8056294728523,344.35533224079217,42.18680,421868000
465.7884978244393,322.6907618653408,42.41870,424187000
356.5787874713711,304.27530402839733,42.64440,426444000
311.6203121679603,281.9614635000762,42.87180,428718000
218.77375031785465,232.5446218128329,43.09070,430907000
166.03351068375855,225.5700649720136,43.31100,433110000
114.74940126132508,194.41564079352244,43.55230,435523000
97.61585996922373,252.78885711815482,43.77420,437742000
45.7146555591839,186.58153192618562,44.00360,440036000
55.782423552381644,194.86652936578466,44.24550,442455000
52.04663778911642,201.57395694543484,44.47990,444799000
218.91617812754885,145.85289892866706,44.70640,447064000
324.0282770614841,54.83772617813209,44.93460,449346000
431.09465492957565,-48.6140903325265,45.16820,451682000
286.694907370386,-137.793163775235,45.39510,453951000
218.69671226800568,-0.22766303480804595,45.64180,456418000
155.90188466995653,16.356960564265567,45.86820,458682000
138.10179840487393,83.50751946704958,46.09660,460966000
166.90444461216168,161.1260324770472,46.32690,463269000
207.42660237974187,203.3665737638602,46.55620,465562000
168.7508609576978,219.70399386617675,46.78530,467853000
181.57066365826208,301.6978073375646,47.01360,470136000
119.22700321094129,330.0947379943332,47.24680,472468000
149.98405043289483,332.227087444761,47.48920,474892000
49.4239175314965,265.4039429892111,47.72880,477288000
-10.631101453693141,133.830092234105,47.94900,479490000
3.051677980769348,156.8009615211918,48.18120,481812000
-7.836911108930302,157.27666376588564,48.40000,484000000
-35.30596427187123,160.5430070248705,48.62810,486281000
-50.84599574929447,128.36860742034415,48.85000,488500000
-47.9777924132505,139.19770600219826,49.09900,490990000
-47.853241949779715,140.98928964880633,49.33630,493363000
-30.01829597967195,123.77693359912925,49.55700,495570000
3.1259909002502866,153.62159463851373,49.77900,497790000
-52.793826317340724,166.36465842548338,50.03070,500307000
-2.1850464547113617,182.27657223004172,50.25420,502542000
93.82416852905128,169.76663338740872,50.47910,504791000
180.80624134064726,318.14804023908516,50.70320,507032000
252.1876615137222,333.46538314781105,50.93580,509358000
326.86132056740433,380.7868261244075,51.16100,511610000
456.6729910146998,432.4169074671325,51.40080,514008000
580.2835254376444,454.0429770831672,51.62920,516292000
492.4021777433308,406.28131482132204,51.86560,518656000
327.1708921882852,408.0282473639512,52.09860,520986000
283.25699012486325,433.00007814494256,52.32860,523286000
316.1105736089862,460.96072799258013,52.55430,525543000
310.42712933499735,422.1922523649317,52.78230,527823000
432.14505726224564,351.88850087330115,53.01180,530118000
521.5488987931142,279.8178005204898,53.23660,532366000
642.4740749269947,237.16986441351239,53.45940,534594000
679.1264681346706,215.9975047805494,53.69500,536950000
741.8318204183036,272.9919590729033,53.92110,539211000
594.421729507693,324.7806575785417,54.15780,541578000
540.2811465812061,419.55281658375947,54.38530,543853000
449.10866147977515,601.1707349315592,54.62530,546253000
510.87899654997324,615.0413807855005,54.84920,548492000
528.700149608756,648.9244095101225,55.07690,550769000
574.1951446288017,636.1587667990605,55.30060,553006000
643.7401604063493,557.881113727914,55.56890,555689000
674.9370924399473,498.5556875603556,55.80940,558094000
530.9496088433916,421.82570750097705,56.04380,560438000
365.8348526415331,357.95667736155104,56.27200,562720000
303.6015351359083,297.7147102758392,56.49860,564986000
210.11937209954715,266.85546132635443,56.74410,567441000
274.123506963701,256.97499984197606,56.99530,569953000
197.9485703318691,189.919653586153,57.22680,572268000
133.5071148651904,179.21144433765343,57.48110,574811000
145.31748387674065,106.17397326592726,57.73030,577303000
233.4589662424919,70.12505054351948,57.95380,579538000
86.74532244514631,75.19895639621868,58.20340,582034000
111.33469149787388,134.1112249612425,58.46580,584658000
145.61920638686775,197.29557174370296,58.68990,586899000
267.5190361464843,184.37953322298642,58.90860,589086000
415.7947254525187,250.70640145809983,59.18800,591880000
451.4709070114328,212.34363094237472,59.47520,594752000
500.76687801998975,237.9420888343112,59.71510,597151000
603.3696456385944,272.07705243401745,59.93880,599388000
542.0737322449559,374.0064396200455,60.22240,602224000
504.0890534780069,419.19316605424365,60.44500,604450000
538.9718783574585,456.9539216251492,60.71640,607164000
435.36067522508637,419.7025257941433,60.93640,609364000
425.97370589888226,414.01134673261475,61.16230,611623000
606.0765536702652,294.12762681198456,61.43870,614387000
648.8030827420929,238.53016111483907,61.69360,616936000
676.3802676931165,224.66979565543662,61.93050,619305000
725.6178060307577,218.59813161079484,62.15970,621597000
848.2570130878155,240.87472738758834,62.40090,624009000
880.1001641962112,299.94548785448984,62.65280,626528000
800.5095890064199,402.52955810394633,62.89780,628978000
679.0341902239713,493.346149489368,63.18290,631829000
665.3716668016356,558.075309334717,63.40740,634074000
533.5764108037242,666.134297300162,63.63910,636391000
488.77274355843036,690.550254933523,63.85990,638599000
370.70832037040515,684.4924444235903,64.08640,640864000
372.9534674680616,784.2738681747364,64.31650,643165000
304.49936238144426,820.16493445069,64.54470,645447000
255.35574664331676,884.9239592059317,64.77680,647768000
249.421219527886,876.226390566522,65.00080,650008000
242.2055853033047,913.864924959389,65.24290,652429000
239.88245269016846,952.832783695514,65.49030,654903000
289.15933914836245,971.7420114512342,65.74920,657492000
259.3430557326285,985.6264016874454,65.98030,659803000
244.24962917765015,1001.3258517947364,66.20550,662055000
187.49269467960733,990.1421798590576,66.43230,664323000
305.19495397735625,959.7864390561193,66.64950,666495000
318.7914652126486,979.5174759905339,66.89480,668948000
280.7742448743728,922.8660529516754,67.12700,671270000
338.9137797954534,917.9392480941476,67.35010,673501000
217.98742155066986,807.1953808445244,67.57470,675747000
197.3865769451288,652.7311040122106,67.80030,678003000
186.7229608566921,498.6299100773655,68.02260,680226000
328.03713388257756,427.8301578737444,68.24710,682471000
294.5990213385656,300.30223516115603,68.47040,684704000
352.3273586340306,202.84492400525926,68.69140,686914000
381.4869919813135,137.66015427118785,68.91050,689105000
323.6594784709324,8.56454378775561,69.13550,691355000
265.12274020735987,31.538327285958587,69.36450,693645000
245.40546627560906,18.840885018830754,69.58560,695856000
233.03039459697098,178.75922839475658,69.81040,698104000
277.37268585758954,201.35991464962459,70.03410,700341000
255.88219229240923,199.6280808202411,70.26020,702602000
271.22325606369117,140.0538592894711,70.49960,704996000
416.1068185661478,247.77074303603854,70.72820,707282000
530.7582136997117,352.16028404906046,70.95930,709593000
561.7520858416177,444.21302821099266,71.19600,711960000
573.699210107057,478.1829613117248,71.42340,714234000
451.7488860207216,479.78618415779835,71.64640,716464000
400.8757627440021,457.40865794723203,71.86830,718683000
492.0558627525163,421.8875340942495,72.09800,720980000
554.7557423557388,358.17269614971576,72.32040,723204000
678.0550631535058,337.0661278069601,72.55610,725561000
746.2889853782505,395.54292187711064,72.78390,727839000
806.2791661253565,512.0440528994053,73.01660,730166000
811.8681339807084,606.3884947411404,73.26310,732631000
795.2303893394088,600.9605404882612,73.50840,735084000
716.3757194185413,636.160622777128,73.73640,737364000
677.6856372351929,573.3205703391058,73.97510,739751000
752.7098022467006,572.2546123876202,74.19840,741984000
719.5624422364216,649.0564386726123,74.44430,744443000
753.983650787395,721.383090315653,74.66580,746658000
760.3047717035564,772.3187958440553,74.89230,748923000
718.2217875743927,774.1162108502108,75.11760,751176000
683.2534339059463,743.2005858906869,75.33150,753315000
714.3907781618917,740.4854263223768,75.59280,755928000
675.9584396668151,855.1295653695138,75.81390,758139000
555.5724146976107,761.8543424419148,76.07240,760724000
377.7318982987125,778.5819000207943,76.29910,762991000
321.8425690507163,760.8412209800337,76.52820,765282000
509.9395712880139,708.7467822327949,76.80030,768003000
723.9890677692467,719.8304068428188,77.03190,770319000
968.4276880129216,709.999648152769,77.30280,773028000
915.8435293007328,799.7002960392228,77.52850,775285000
884.188953092753,729.4754544296744,77.79010,777901000
808.8357664480174,589.2958971589326,78.01530,780153000
816.8964205958599,446.01970889308285,78.24310,782431000
762.3216365088703,382.054444358783,78.46850,784685000
768.7044609720874,340.2072495630019,78.68810,786881000
844.5305532178045,324.64302613876185,78.90800,789080000
728.8482992380384,355.7389749845592,79.16710,791671000
608.0052767406017,373.4280648211055,79.42230,794223000
497.7955335290056,256.5719584631831,79.64680,796468000
503.52770737896026,315.34341352428623,79.87290,798729000
550.6671245098274,248.38366987211697,80.10130,801013000
541.9989534981888,258.76896086033537,80.37070,803707000
535.0992527452879,310.0242961550431,80.59950,805995000
516.7162285741433,302.715311207342,80.84250,808425000
576.6059359556707,261.1248262146996,81.07100,810710000
477.21535321793453,280.3588279162859,81.36320,813632000
505.75004392786775,284.03366483192633,81.60010,816001000
549.3715264997676,265.52086076348434,81.83090,818309000
487.50294355492883,364.0108945203234,82.09950,820995000
535.5088176467999,375.52778400945635,82.31740,823174000
523.4903952994965,299.2415222715505,82.54160,825416000
594.4807193156087,258.4223864823286,82.77250,827725000
512.9346364959299,237.13122879892072,83.02560,830256000
483.65492503725784,266.28218778550394,83.24910,832491000
778.7822786921594,341.37232332663206,83.49420,834942000
777.9324677579829,429.94947639501066,83.71450,837145000
824.4446449139043,371.3217968297678,83.94040,839404000
1022.5579041340081,327.23752254820226,84.20070,842007000
1089.642699171573,456.4795979892648,84.42740,844274000
1184.6681182959553,405.1985029093384,84.65640,846564000
1171.120987820856,376.7577215860441,84.90030,849003000
1126.1831101364512,333.5892636683422,85.13200,851320000
1174.9735201910603,274.0746139531672,85.38440,853844000
933.7072881842415,372.87313067559415,85.60490,856049000
764.2133905532105,469.51756924184815,85.82560,858256000
585.8965513627072,456.44639100150135,86.06500,860650000
445.82479346934105,419.99721318350953,86.29820,862982000
321.17864678978617,322.85313680376964,86.51790,865179000
290.72156551748714,317.6012626571707,86.74120,867412000
218.60346445031414,221.30245369876206,86.97700,869770000
327.3139240416291,118.19907438894124,87.21600,872160000
472.5755755077124,134.58616982275691,87.45250,874525000
500.92490991946926,221.72579610312994,87.67660,876766000
518.0796604369394,202.73820987744512,87.89930,878993000
453.8319873824845,251.78343650186417,88.12210,881221000
367.09565566549736,244.70907987410118,88.34910,883491000
451.50788872749763,208.8047585162485,88.60100,886010000
535.5790991186043,208.94002891528388,88.83110,888311000
581.6764319528132,229.02023510935982,89.06840,890684000
601.8001366172351,207.03419098954157,89.29720,892972000
553.3741734900075,221.59882554355116,89.52440,895244000
595.9947412784435,295.5691359756155,89.74570,897457000
635.9286020200201,314.2241879694656,89.97860,899786000
584.466819478664,291.1075959112406,90.22510,902251000
540.130565957168,300.6320728685918,90.45110,904511000
523.9087413879669,324.6030568362694,90.68330,906833000
554.1384686816039,336.9692542289422,90.90780,909078000
749.7114971040326,351.2075178951527,91.13320,911332000
744.7385122512409,408.3297482998876,91.36480,913648000
693.4454426366832,392.9453843558101,91.58700,915870000
848.0838731386654,428.4566265384093,91.82700,918270000
965.7585359895071,460.1503253281307,92.06530,920653000
1097.774902128077,440.5712594115247,92.28510,922851000
967.5961934877554,411.68545553356034,92.51350,925135000
780.0789539200864,440.95948847190857,92.75070,927507000
927.5906657397454,336.90353668878765,92.98980,929898000
1069.685249759994,183.76380053407263,93.21980,932198000
1217.7320586915964,185.54983277387416,93.44150,934415000
1331.0956092341169,313.64714130934067,93.67730,936773000
1424.3860680327412,369.30445119001564,93.89820,938982000
1290.25412490192,391.154098738732,94.12430,941243000
1189.2241569340215,271.53721584378127,94.35170,943517000
1077.8914420661963,229.01615770239218,94.57750,945775000
807.30641619546,172.0316967090141,94.81000,948100000
563.6942639434437,234.16180179869275,95.03620,950362000
551.4349588722012,326.0195535073762,95.27110,952711000
621.4600538350194,390.95754193407925,95.50100,955010000
647.5928980305836,452.76905116185526,95.73290,957329000
625.505397722105,382.1628875503983,95.95300,959530000
688.4414977021011,386.9095556067065,96.18100,961810000
780.8032074383061,414.0999809880656,96.40820,964082000
841.3546785693441,455.45585030418476,96.62330,966233000
691.8948061795201,433.6700858610392,96.84150,968415000
705.7360130902673,441.96599986732485,97.06820,970682000
838.5622628893541,412.3386703566978,97.28740,972874000
798.7980302622734,438.96126018810094,97.50170,975017000
801.4702082691507,440.77904733054305,97.72460,977246000
814.9007014808889,408.0343435243567,97.95100,979510000
782.2610612089046,310.14126537620245,98.16680,981668000
795.8684727572835,205.6855426814118,98.43760,984376000
887.8946626375034,97.3144197341005,98.65820,986582000
924.3709454744082,106.48473047931384,98.88350,988835000
903.1901409880126,128.4682511689129,99.11700,991170000
988.0983947794119,88.53180260143115,99.38410,993841000
1065.709717383587,101.81596952156701,99.65050,996505000
1172.0066348896528,88.88961857298821,99.87470,998747000
1106.7821201764089,45.151397018559535,100.10450,1001045000
1038.1738329101838,72.1887333763742,100.34420,1003442000
990.5033236294232,150.37714285382344,100.56500,1005650000
830.3307551765093,142.42704346182518,100.78910,1007891000
661.6428258098008,265.90541983568744,101.02070,1010207000
539.7773772104206,259.9060486188653,101.23990,1012399000
570.9131696326349,362.60745157388914,101.50890,1015089000
614.8677275030677,382.73897804972364,101.74270,1017427000
665.8926704552147,412.3007256451424,101.97090,1019709000
591.9081425791713,435.85806116653254,102.22300,1022230000
583.2949339611819,363.95138355501,102.48300,1024830000
589.858881234452,382.8950208717191,102.73150,1027315000
613.4815169834484,436.4922147241163,102.96200,1029620000
590.6414400923206,487.4840754417442,103.18880,1031888000
619.9769171992177,494.99437836080665,103.41020,1034102000
605.9030951220034,599.7821743383895,103.64050,1036405000
559.9539549348727,574.4873901718126,103.86400,1038640000
646.1516864802929,519.1159409471542,104.08450,1040845000
635.9382923469932,498.0648644909483,104.31320,1043132000
660.1097285448471,406.25745375725074,104.54030,1045403000
657.1694583283161,361.91884854260945,104.75930,1047593000
614.5358319641867,321.1402904050571,104.98880,1049888000
547.9469844745483,318.8213274816909,105.21070,1052107000
529.5410913232158,350.4498775713237,105.43090,1054309000
646.0569641149045,260.19034815483735,105.65750,1056575000
821.0699098763411,70.50065857869512,105.88390,1058839000
806.7267668681008,91.86240186174652,106.10280,1061028000
1003.5972579459828,-63.85191178239751,106.32480,1063248000
1060.689316708425,54.07101512138141,106.54790,1065479000
1002.3160804565304,10.903899969525238,106.77810,1067781000
926.5467983027062,20.257478311926484,106.99710,1069971000
893.593799973602,138.37609105997217,107.21280,1072128000
834.7844735674121,260.8653578580149,107.43060,1074306000
798.565569210438,336.2401813475783,107.65100,1076510000
812.2942336947411,332.01813408274387,107.87160,1078716000
715.1962528153945,375.86230888835775,108.10960,1081096000
714.0963597485488,458.18541021922056,108.32170,1083217000
761.1278712227192,474.6799509639331,108.54120,1085412000
736.7860434178234,486.0542615268961,108.81390,1088139000
700.4563598145155,451.74166734308017,109.04580,1090458000
780.4111125526018,329.18837904719317,109.26180,1092618000
733.0375777981131,311.95565544806175,109.48320,1094832000
750.4336185995382,310.4742151814075,109.71400,1097140000
783.410936804227,279.4374093449645,109.94950,1099495000
1019.2533357893261,280.79311128167,110.17140,1101714000
1210.7615737186952,187.90521777218913,110.38850,1103885000
1366.3990635199038,213.64645516263778,110.64400,1106440000
1485.8090256153598,274.1572088081816,110.90370,1109037000
1423.3831865001996,248.28852048443844,111.12980,1111298000
1291.7527760656194,371.7816717724481,111.35450,1113545000
985.7059594986083,459.59115672626814,111.59100,1115910000
901.323109463866,627.1617472142367,111.83170,1118317000
1084.3654546702883,676.505211439949,112.07140,1120714000
1105.8598547937493,727.8879100305584,112.30100,1123010000
902.6758641657706,640.9354666743549,112.58310,1125831000
715.7295837458298,689.6669359134196,112.81570,1128157000
563.393481362214,746.8795908393951,113.07020,1130702000
435.3498050613701,744.4612318216073,113.30810,1133081000
296.70370637320156,717.0741135557117,113.52810,1135281000
114.5023958270394,586.1214484782911,113.75770,1137577000
24.85630027023681,462.56874230260985,113.98470,1139847000
-37.07089665166353,436.8569567918773,114.25200,1142520000
-29.801859064473348,370.73812048943046,114.47240,1144724000
-63.51807577511889,267.21289558128973,114.69830,1146983000
-47.919645536489824,268.74200345758726,114.93920,1149392000
-25.16604929176603,364.2507600429685,115.17800,1151780000
130.19025367883603,446.29992315290434,115.40520,1154052000
127.06483667071865,573.35110932359,115.65080,1156508000
197.81543356550665,696.2032027377725,115.89220,1158922000
207.88901194853526,784.5553743037739,116.11480,1161148000
296.34603355768934,855.1829690297217,116.35310,1163531000
533.6976137228417,910.3699626206204,116.62780,1166278000
636.5070659359769,913.2348134364888,116.88800,1168880000
647.0803000856113,920.1734661814272,117.11560,1171156000
546.3884171868667,769.6038121959473,117.34030,1173403000
497.146236204394,677.0522590795525,117.55810,1175581000
420.6358235858313,545.3824161548896,117.78950,1177895000
286.8976584187064,465.1313477842479,118.02020,1180202000
248.18158826689785,449.54303997603154,118.25340,1182534000
205.89554801571893,324.16882514923844,118.47670,1184767000
172.16020104612605,270.3034294009067,118.75020,1187502000
204.92346538786484,410.7271488414358,118.98100,1189810000
268.9727631179577,508.1158864678667,119.20670,1192067000
344.21969774053485,500.31973089388384,119.43560,1194356000
485.1846849577504,488.0403496808486,119.65610,1196561000
580.6740749761584,615.7536856112572,119.88700,1198870000
724.4872077805586,664.7797706951462,120.13810,1201381000
832.5857002662046,589.993232772013,120.36670,1203667000
888.3737230246959,521.4227022794967,120.62380,1206238000
822.0875735629039,523.10042840874,120.84670,1208467000
786.1380055267048,567.7098796424011,121.07730,1210773000
931.503492310513,665.9808364129149,121.30090,1213009000
1090.4589864755897,688.1322582127959,121.51950,1215195000
1172.9054180062856,741.0746749157536,121.73120,1217312000
1082.6885056485453,733.4889207408918,121.94840,1219484000
1010.2766174298217,726.7369933885738,122.16240,1221624000
991.7813734073804,708.6620886106665,122.38070,1223807000
984.6972962608696,714.6376593274897,122.60460,1226046000
954.0379707663689,768.0543267916371,122.81970,1228197000
864.7830903317466,784.6598052943174,123.04080,1230408000
907.8687418620484,846.9620599505827,123.26170,1232617000
865.1433010032995,825.8754914204892,123.53560,1235356000
844.6849824147562,849.8521110661768,123.76470,1237647000
779.247914929236,816.0462836978929,123.98750,1239875000
737.5933691592212,826.1690065393635,124.20610,1242061000
827.0545089317394,793.6311323813663,124.44410,1244441000
820.5860785188686,738.4335377406184,124.66390,1246639000
804.5174353861371,769.3821545776119,124.88780,1248878000
780.3334651373957,758.3474427465445,125.10920,1251092000
788.9727510475801,727.4968364748544,125.33510,1253351000
833.9357203606666,768.9764573713912,125.55260,1255526000
893.2550907018159,796.7980330625817,125.77220,1257722000
886.9662084928482,790.2199226686217,125.99510,1259951000
871.5631700178765,774.8864382508825,126.21260,1262126000
908.8914176398919,667.5102734092064,126.43310,1264331000
904.0218205964671,485.8729317407831,126.65360,1266536000
766.6686712079008,448.391201310316,126.86980,1268698000
622.6728669782566,298.35055188539656,127.09030,1270903000
562.3702130647835,243.10609275337688,127.30660,1273066000
648.9464036804765,193.09237915386063,127.53220,1275322000
662.6933627752253,127.86631154170286,127.76050,1277605000
655.6023082010685,149.57470133941638,127.98380,1279838000
649.3435119060673,178.34276628570373,128.19690,1281969000
523.0138778270789,143.9899775871015,128.46130,1284613000
398.92646801542156,54.98945790321706,128.68260,1286826000
343.58588716753843,137.55860069450438,128.90380,1289038000
427.5900669309183,157.52305820468263,129.12910,1291291000
513.2509409258231,394.61113277536276,129.35360,1293536000
552.3249235672976,318.77768014583677,129.58100,1295810000
560.376810440914,304.5085322579269,129.81270,1298127000
800.0909208451483,197.13223087934836,130.04030,1300403000
885.5932583590844,94.45618803899026,130.29710,1302971000
879.3887487834277,29.58563822062858,130.51920,1305192000
868.4588812810447,187.33407545766607,130.76190,1307619000
1141.468614577799,208.8588440239883,130.99860,1309986000
1351.9923652457371,270.4927052974678,131.23230,1312323000
1459.9876223935307,349.0446586318064,131.46400,1314640000
1451.9433492358387,403.2482381207086,131.68500,1316850000
1205.93839462813,409.4112844855927,131.91690,1319169000
971.8461255471382,369.1830234404425,132.14400,1321440000
683.9721097332432,300.0467757158648,132.38120,1323812000
504.77138849697207,285.9120336783297,132.60120,1326012000
432.82107212840947,236.95182041708148,132.83320,1328332000
312.8260757791083,202.86481775495378,133.05930,1330593000
254.30568633650847,190.85599593237998,133.28980,1332898000
302.2324123144599,166.63331348724554,133.51100,1335110000
259.691154458294,186.97767816492797,133.73120,1337312000
371.3328253436031,199.86261945483886,133.95270,1339527000
482.9176803433006,273.3436542057676,134.17710,1341771000
462.85403313463866,244.59100116244426,134.40490,1344049000
387.1054624834266,314.7246255450674,134.63580,1346358000
261.33297550980035,214.5886859165684,134.87010,1348701000
313.2066225859772,270.5719891719143,135.09340,1350934000
400.6230231280642,423.46707921904203,135.32750,1353275000
441.9063238083196,587.5604592427429,135.54460,1355446000
424.8305172993738,729.3359124858476,135.76780,1357678000
469.0977746877197,782.5445744815679,136.02270,1360227000
481.5401014125277,847.8517987741209,136.24680,1362468000
435.7890995097783,709.7544451669353,136.47120,1364712000
312.96560288649647,579.2552311552935,136.69440,1366944000
300.8627673693485,556.7338535491517,136.91560,1369156000
359.54518065464316,598.8967075613323,137.16060,1371606000
387.9715482107873,577.7124379856161,137.37620,1373762000
424.700126811377,713.213097601944,137.60440,1376044000
276.0403400409227,821.1798866230715,137.83260,1378326000
291.8461391840052,912.1465807061614,138.05050,1380505000
265.26734013962476,1016.2863176693552,138.27800,1382780000
330.3155269479707,992.7708492482438,138.50730,1385073000
360.1432075246512,1003.420737453503,138.72270,1387227000
326.995592677879,959.8829254189277,138.94260,1389426000
230.59082310545475,846.4718672810063,139.16930,1391693000
186.2151933359527,778.9367139252302,139.39980,1393998000
195.48976726877316,655.3805476883427,139.62770,1396277000
207.3756138053216,587.2261268972296,139.86670,1398667000
312.5602778151915,563.6945697858339,140.10040,1401004000
380.8825252259507,485.6605302946884,140.32940,1403294000
378.9705027652433,443.34978509244746,140.56380,1405638000
243.2637271122604,359.19886157648705,140.83420,1408342000
154.28048995279215,352.6327940310672,141.06100,1410610000
135.7862823808827,289.7892887218082,141.28470,1412847000
161.27281638809075,270.0598774255051,141.51290,1415129000
172.52466401063705,230.84841202492083,141.73130,1417313000
273.2144863998389,188.55758317900592,141.95360,1419536000
266.8128413356337,228.7092668427497,142.19190,1421919000
358.29126442642917,248.69861909798638,142.41590,1424159000
409.65468167847325,228.99660855933251,142.64360,1426436000
408.69236682196214,173.17775643054688,142.90100,1429010000
488.30596597054347,215.67616659607714,143.13110,1431311000
594.9387933846286,141.34648275450937,143.35990,1433599000
621.7038261672805,225.39790021878653,143.58490,1435849000
693.8850662284814,308.1998166354497,143.81090,1438109000
703.873151846877,390.7227120596892,144.03310,1440331000
819.2837890789305,333.0198980588554,144.26080,1442608000
896.6284444609213,297.1965330463004,144.47260,1444726000
837.7109068372771,345.6294195258751,144.73350,1447335000
848.8457962593668,355.4234067556737,144.96810,1449681000
862.5545212017702,438.5932789534378,145.20230,1452023000
735.98573914577,399.5751927312876,145.42900,1454290000
641.7765160370344,422.65115428656355,145.65510,1456551000
527.7380925621476,485.6216465871218,145.90670,1459067000
407.7070115144803,529.9418521370824,146.13640,1461364000
492.95865746399295,520.3823362256682,146.37100,1463710000
445.4905367193192,481.3572955919029,146.60530,1466053000
547.1764370675074,436.6892402785408,146.87170,1468717000
685.0320132638731,354.17420060016775,147.10320,1471032000
754.9217625378684,392.99547626247255,147.35770,1473577000
813.8158698422811,424.3656740864189,147.58840,1475884000
635.0158973908143,575.2312736765966,147.82380,1478238000
493.0556740042478,708.5223173705378,148.06440,1480644000
396.9334153000543,718.6109509289109,148.32800,1483280000
360.7302219882881,691.7427267373419,148.55670,1485567000
379.05393148959797,646.2795267796589,148.81400,1488140000
386.9690947219363,499.44458508159016,149.09910,1490991000
430.159287035253,484.62777799079277,149.33190,1493319000
474.2252051284644,433.5092136548421,149.56430,1495643000
457.22366696130456,453.7047134921281,149.78930,1497893000
474.5244941709344,463.77011229568285,150.02400,1500240000
552.6273272075954,524.5456285671548,150.25500,1502550000
568.9693555317502,506.63776090475307,150.47950,1504795000
516.0158823670208,522.5000253197795,150.71350,1507135000
395.15544600733745,579.1988925983976,150.94990,1509499000
359.2497224124863,712.4766289287625,151.22200,1512220000
377.21832580836747,718.3449636683532,151.45940,1514594000
381.36812628727546,628.2215807617299,151.70730,1517073000
369.465933760568,642.9781725796178,151.93890,1519389000
394.9069257666761,587.1010454587599,152.17040,1521704000
340.6055800992471,563.9790167286423,152.40630,1524063000
304.52436193743574,432.9171014635514,152.63300,1526330000
272.973704612867,403.3690649710623,152.86240,1528624000
429.13184134708933,465.66551017667246,153.10390,1531039000
812.8947231013638,497.2622645190389,153.33240,1533324000
1081.4771198830356,465.9626363490641,153.56650,1535665000
1049.7464867469882,505.3155494801234,153.80410,1538041000
888.5674225681851,434.79407193557034,154.03310,1540331000
813.963917427391,206.1960444362339,154.29300,1542930000
1003.0617579545559,134.38382921802437,154.51120,1545112000
1133.7719614524437,244.53572975574093,154.74400,1547440000
1035.8922507528105,297.56820585608693,154.97610,1549761000
963.4541284050114,321.60036849229516,155.20230,1552023000
903.8092801018744,361.80122729674906,155.42470,1554247000
733.0882385974829,339.74282462406586,155.65020,1556502000
657.9986224639738,365.7658442693192,155.87740,1558774000
624.5664030582313,306.35641121785517,156.10040,1561004000
618.3337306811704,272.756439225877,156.33830,1563383000
636.6306451705736,369.6883202143408,156.55920,1565592000
601.0730190214148,468.6104596904083,156.79100,1567910000
571.6078418909387,494.0966694405049,157.01840,1570184000
609.9010895427755,549.2564622282389,157.23990,1572399000
681.333164956012,528.2392987056988,157.46280,1574628000
663.9638773466734,452.86024666638235,157.68000,1576800000
587.4721839304954,456.3714836937237,157.93240,1579324000
470.9557545397256,498.6918018955583,158.15830,1581583000
403.0575899232324,524.2827742155479,158.38680,1583868000
363.04245240838264,546.5185599426287,158.62250,1586225000
280.8998556203364,597.3027242103418,158.84670,1588467000
446.7357082402874,580.0563704919647,159.06980,1590698000
673.6575930941342,728.3887776293973,159.30220,1593022000
610.5580292360494,744.0656922010294,159.52330,1595233000
486.8980615010562,813.2496424560122,159.75930,1597593000
500.3776657189228,809.1452813658303,159.99050,1599905000
503.1669821744468,719.3298179240819,160.21020,1602102000
479.4747423508849,578.550795402613,160.43480,1604348000
476.8365967708484,492.80704350870974,160.65220,1606522000
463.894668158661,344.42424629665703,160.88200,1608820000
405.21136655565846,345.0709662078468,161.10070,1611007000
317.9594093850095,352.05441887597175,161.32700,1613270000
320.35342206801744,172.1330044891444,161.54680,1615468000
399.12400485973177,152.71288802505586,161.76300,1617630000
453.8724900388077,205.29170388968342,161.98400,1619840000
424.20587699309897,330.31049503071654,162.22140,1622214000
312.31928563529823,390.9095797117783,162.44020,1624402000
280.00966829375136,453.508414089017,162.65820,1626582000
284.4867016107027,440.74764023986995,162.88880,1628888000
381.9688143303403,356.62723072927304,163.11790,1631179000
338.23236672055737,288.42110923947735,163.34230,1633423000
351.7941038869409,268.2789814618638,163.56800,1635680000
298.86411089911115,233.51453447797294,163.85220,1638522000
529.0568053012582,241.36233898439147,164.09460,1640946000
626.4942898974911,179.22606272911693,164.37020,1643702000
812.4549814586446,25.475541129567404,164.61580,1646158000
920.9116378378319,-37.84902493151185,164.84490,1648449000
962.7865243511625,-71.80372125535798,165.13650,1651365000
1067.0981766557218,65.87413237805742,165.37550,1653755000
1195.8526714748095,183.3262807591281,165.60110,1656011000
1396.7672609197155,241.52030816298776,165.82130,1658213000
1420.3662223307397,316.69933083889055,166.05350,1660535000
1415.7382443304998,209.3685475006933,166.29450,1662945000
1367.154080246979,304.9161855542554,166.53170,1665317000
1487.403007150953,332.22942323998234,166.76680,1667668000
1585.7084995009295,320.89779524827213,166.99750,1669975000
1610.3189844457631,309.76989766272646,167.22980,1672298000
1563.5860971545965,200.1183837057107,167.47150,1674715000
1476.0644780726107,218.87030199024386,167.69920,1676992000
1241.8645884385958,155.1198666624772,167.93760,1679376000
1057.7125966537099,136.72454091582503,168.18440,1681844000
923.6439650857542,237.19636437879993,168.40950,1684095000
872.1999463418796,350.6001839099274,168.62510,1686251000
697.6067605551963,341.9347963612545,168.88200,1688820000
604.3748165685793,433.87952520916434,169.15890,1691589000
647.002296276717,429.4123358312018,169.38540,1693854000
766.7466785387987,395.08934855636625,169.65190,1696519000
900.325287671331,317.60260372440683,169.89570,1698957000
1049.472499061939,300.69976645781514,170.14030,1701403000
1174.5294065218882,246.02447787085242,170.37150,1703715000
1220.4785071489835,375.9740045425175,170.61040,1706104000
1177.9973212559698,497.0302532915008,170.83860,1708386000
1067.733052779832,678.5541907460653,171.06320,1710632000
984.9272130003787,682.6967447229279,171.28810,1712881000
966.4715140614892,705.6612519515483,171.51480,1715148000
899.4913498145962,700.3991932711141,171.73450,1717345000
789.5827624988596,754.7236456377074,171.97700,1719770000
774.2112556562444,716.5278850593289,172.19820,1721982000
722.9599359343563,713.708139908678,172.43680,1724368000
787.2145238850273,801.9036481748335,172.66950,1726695000
770.7284958598576,713.8105190013591,172.89590,1728959000
789.4278528502701,495.6628686268202,173.11790,1731179000
773.6149151433318,457.92715590527393,173.34180,1733418000
1039.814426080036,306.84619303980793,173.56470,1735647000
1210.0010212057994,314.3432717222274,173.79000,1737900000
1288.6049273017704,406.18349822570565,174.01940,1740194000
1275.4524835345692,321.2659281535939,174.24590,1742459000
1217.0634440210306,332.8341555575986,174.46730,1744673000
1086.297804448065,245.42040388467916,174.69780,1746978000
999.6532293803303,310.0782726820632,174.92590,1749259000
840.1513717333729,352.5460291627792,175.15020,1751502000
910.2549588289079,361.44432619702025,175.39100,1753910000
1017.6466256200188,425.8683176741897,175.61970,1756197000
1069.4242831040604,400.85416124163737,175.84220,1758422000
1115.7994621570083,377.93728574663754,176.07200,1760720000
1008.0838411957315,375.9010929074114,176.29370,1762937000
853.2984690998084,429.70529411639546,176.52510,1765251000
652.9935111001231,387.80079105843157,176.75240,1767524000
523.8660518421565,345.76322911045565,176.97150,1769715000
350.6216802309336,273.53786538853734,177.23020,1772302000
228.84874768209866,222.66509942833514,177.46370,1774637000
180.15767992417776,229.25113754056696,177.70220,1777022000
118.38595239886371,283.9407176122184,177.94850,1779485000
58.19555940692514,304.7007500465886,178.18840,1781884000
45.34721927602474,321.03677516318254,178.45000,1784500000
74.00840222669231,327.90762776400277,178.71840,1787184000
40.05660082736773,296.04827978296316,178.96210,1789621000
44.18985476069034,322.75520967684673,179.18470,1791847000
75.16381246298306,338.56205037851396,179.40380,1794038000
125.1761552555846,328.62012221900903,179.66210,1796621000
161.6269261527287,293.1327866813993,179.88600,1798860000
227.8554996865856,338.7466097402746,180.13500,1801350000
249.90447528078647,291.3889634109517,180.36340,1803634000
204.846003500401,203.67196620580788,180.58000,1805800000
252.10634413957118,204.9892332428218,180.81290,1808129000
227.4115900439048,211.42553646202916,181.04160,1810416000
188.07683476982982,268.7502647676182,181.26210,1812621000
205.6317146742675,252.51391777498952,181.52530,1815253000
224.585219826471,210.27427060046105,181.76020,1817602000
171.0519288292835,205.60305011367538,181.98180,1819818000
171.48799324657466,166.00403936634947,182.26260,1822626000
200.40552311154102,145.058941401444,182.49040,1824904000
208.38824425906037,136.31152925513555,182.73800,1827380000
183.32649254605406,124.19389649761153,182.96040,1829604000
147.56257503289896,129.7935720921534,183.21870,1832187000
159.14460446589206,187.5965199137468,183.50060,1835006000
170.4324943500831,165.65998142959393,183.73020,1837302000
212.28056763441543,174.5023074988162,183.96460,1839646000
205.75887746894236,203.07400864399045,184.19390,1841939000
206.0460799378579,213.92385741513732,184.42830,1844283000
223.81588704211555,209.46091388076408,184.65220,1846522000
153.88665426418066,201.27067831312914,184.89670,1848967000
193.1355871543684,215.7079811100245,185.11480,1851148000
164.18290951545612,284.3775781347166,185.37390,1853739000
173.31345016791087,340.82135346914026,185.59300,1855930000
232.06113317214752,260.9207590916891,185.81700,1858170000
258.1686561909382,313.28644131896976,186.03160,1860316000
228.54000233458956,340.0118297574739,186.25250,1862525000
202.2452578385005,366.64113391356176,186.47180,1864718000
88.11146391333212,429.57846438962883,186.69090,1866909000
23.354798453132048,508.7730045257798,186.92220,1869222000
60.07318826458208,559.3780604606574,187.14920,1871492000
88.0549810204044,545.7331760626016,187.37610,1873761000
117.5118062730906,470.34461333460206,187.60810,1876081000
175.4893686588675,419.9700566063201,187.86080,1878608000
142.94771988371383,366.4230690578393,188.10430,1881043000
142.87158602601792,352.5821838504343,188.33590,1883359000
100.64287537344535,483.1024644372826,188.57270,1885727000
131.9883979847644,549.335006101968,188.80400,1888040000
98.08756230976847,613.2852427350075,189.02800,1890280000
35.0443103750115,716.802807581112,189.26200,1892620000
20.552590940520048,686.7788717782479,189.48400,1894840000
17.945356987193975,603.723170259403,189.69910,1896991000
100.55958085652794,488.8011532165506,189.95470,1899547000
153.60806564013822,512.0026989821923,190.19180,1901918000
186.97911666771262,459.5184583136936,190.43410,1904341000
204.32673117611262,411.79908431387486,190.70060,1907006000
312.60336881169917,333.6404556489128,190.92630,1909263000
431.36576825377284,342.78366540069015,191.15300,1911530000
424.22421375432685,304.44400782401317,191.37820,1913782000
623.3781345880868,289.80354680852406,191.61860,1916186000
742.4970993364531,220.50232738395147,191.85510,1918551000
645.7957593049322,289.8987304566525,192.07960,1920796000
477.6865067846979,362.32201554823985,192.30690,1923069000
391.4329823552529,454.7613252427383,192.53000,1925300000
411.5829586112949,394.72480608534727,192.75530,1927553000
542.419031447713,378.0647799582714,192.98270,1929827000
775.8461601609599,335.1338099459073,193.21990,1932199000
835.6850666773149,423.5608690620059,193.45730,1934573000
877.5666110164409,464.1899054096869,193.69480,1936948000
912.1687291240642,498.42670026755894,193.94530,1939453000
967.2126486727803,478.5089555660364,194.16430,1941643000
948.0566445425131,470.55149932289277,194.38950,1943895000
1012.8150006342789,531.9910768222595,194.62030,1946203000
1115.005786504747,578.6638234930577,194.86790,1948679000
940.0140522110474,513.7239976482939,195.09560,1950956000
911.8306895545544,548.3676791533862,195.31570,1953157000
788.5158046265981,542.6952153027345,195.55890,1955589000
717.5452195328132,504.6468079922113,195.79420,1957942000
675.545298444799,464.23283660357527,196.01810,1960181000
639.5845562935837,380.2043854597299,196.24990,1962499000
642.9136348019608,328.91193784584243,196.46430,1964643000
519.4350797957908,288.99559725179273,196.69660,1966966000
439.7555369198889,246.77451289383976,196.92940,1969294000
356.39591965487114,206.56446310226346,197.15040,1971504000
234.7941953236792,207.8833588803085,197.36810,1973681000
172.19563714448375,192.6406632805487,197.58760,1975876000
258.8747234979644,254.6685922073737,197.80600,1978060000
235.1136028147357,316.79217460623926,198.03940,1980394000
313.11202103483413,349.54994965586224,198.25830,1982583000
515.8476105643156,237.29532472887712,198.47570,1984757000
530.0825323339874,276.30161078542505,198.69740,1986974000
559.3535657180332,365.79634334328443,198.92070,1989207000
640.6778187344735,346.84866447976754,199.14940,1991494000
597.9786401806675,380.95418400060464,199.37130,1993713000
652.3857660267734,362.7581871824386,199.59720,1995972000
710.1662591102271,325.7884574271352,199.81370,1998137000
927.2043599622826,317.0407321838364,200.03990,2000399000
1126.1692116979343,300.02509329950124,200.26060,2002606000
1302.3732420472907,362.22143093702107,200.48130,2004813000
1312.3383138980118,369.51776115306535,200.70120,2007012000
990.0941254126354,335.8231261904357,200.92750,2009275000
715.5775394440436,290.28831408148585,201.15570,2011557000
576.6470446345324,205.522827586356,201.37980,2013798000
433.36531945843893,255.15992971273653,201.61220,2016122000
304.7979254857074,228.25897268893337,201.83590,2018359000
146.9988224051292,233.02361308078335,202.05350,2020535000
82.2798293531043,318.6738032492818,202.27990,2022799000
6.593631925296717,334.88262633319573,202.50330,2025033000
80.94527452699545,351.1835385746588,202.72080,2027208000
67.11458248639443,385.17937759788583,202.94740,2029474000
149.2542934841669,415.4796292130904,203.17000,2031700000
103.14865254649395,399.8076424367421,203.39920,2033992000
108.85592941040525,334.2837541015023,203.63900,2036390000
82.72840372627162,299.139734208053,203.85770,2038577000
121.0297270532219,274.87975915930673,204.07210,2040721000
186.6171970691127,239.51087014588228,204.29160,2042916000
282.94465966824066,224.84080189421184,204.51930,2045193000
305.3437228131425,138.17947638644665,204.74040,2047404000
248.28123370203065,116.50172150415952,204.96430,2049643000
271.6180178380145,60.75064212072952,205.20940,2052094000
388.0392376772086,88.53221318701847,205.43580,2054358000
370.18705156323836,121.38254781606328,205.66710,2056671000
387.8543551563681,155.7525304961212,205.88010,2058801000
449.4813575728365,210.93103043855643,206.11240,2061124000
411.0459270988771,261.810687684759,206.34120,2063412000
439.37158780956054,250.43550894619972,206.55940,2065594000
425.7756591287732,251.30105028512105,206.78230,2067823000
380.22548877394684,271.06630371805556,207.02100,2070210000
461.90991393458785,307.2752070154152,207.24980,2072498000
473.6994230972383,334.4705042822247,207.48510,2074851000
494.8831156741131,337.310083820755,207.71460,2077146000
520.178839279703,326.7924124625475,207.94540,2079454000
438.1450549512305,353.0219970291598,208.17170,2081717000
339.8221570720767,398.06560391081666,208.39840,2083984000
178.291043347621,450.18353410414903,208.62780,2086278000
431.12244608697125,498.3352232319667,208.85230,2088523000
324.711813906049,423.17500152031346,209.09020,2090902000
376.2641845664889,462.343366095716,209.31580,2093158000
290.79061052958235,383.7070945709673,209.55060,2095506000
297.97098549538896,394.9873810279557,209.77640,2097764000
411.0080731119758,279.09821065038926,210.00400,2100040000
557.9408099237177,224.26894738937767,210.23270,2102327000
719.0418337455875,167.07885905699868,210.45650,2104565000
1056.8273715967796,232.86976849261595,210.67090,2106709000
1309.6442648964628,339.1633854226301,210.89920,2108992000
1503.1488408269731,433.3029865559313,211.13860,2111386000
1199.1193688755861,420.8737161846349,211.36760,2113676000
1207.62145851033,396.69882940437634,211.61280,2116128000
1225.8293003085587,272.24765114936224,211.84080,2118408000
1055.3505006863513,209.76775748506216,212.08580,2120858000
918.7755064465557,109.82448646965908,212.30950,2123095000
765.0162421416122,199.78868139909457,212.53710,2125371000
582.2222904533394,271.6959275784691,212.76220,2127622000
651.7826502622348,194.8069768315637,212.99760,2129976000
698.9822782081139,195.9672855488374,213.30310,2133031000
537.4499651122372,231.26917106140874,213.57120,2135712000
477.41536237732174,336.2008678387385,213.83030,2138303000
649.1926820526653,418.15927765799375,214.07080,2140708000
847.9330953395713,442.90295036769413,214.33410,2143341000
1132.1329633966645,516.5175774872139,214.57850,2145785000
1006.4425733387591,401.59981275149806,214.81890,2148189000
775.4274063072947,401.69453232520084,215.07110,2150711000
639.3907279651942,365.93648485887735,215.31760,2153176000
486.20120125919107,359.00545184541,215.55190,2155519000
465.0664946065032,424.42799483480957,215.81250,2158125000
482.67452742764056,354.1524917884469,216.09870,2160987000
649.7766190044172,248.02811129747764,216.39370,2163937000
898.7051705436713,287.09677360250674,216.64240,2166424000
1022.4716476568154,324.67278986476816,216.92520,2169252000
1182.1394166063856,353.47110317311746,217.15370,2171537000
1255.6625817286415,313.0313036929506,217.38020,2173802000
1123.471585541543,349.56840099033474,217.60490,2176049000
1180.330514883319,195.77573978338103,217.85490,2178549000
1168.0606732605845,188.07810354073388,218.08790,2180879000
1045.3820146642652,133.68626437577535,218.31740,2183174000
1049.3131970316838,215.77110202366697,218.54560,2185456000
795.2355470480933,235.18037700006437,218.84000,2188400000
694.0811562566391,268.59892308923895,219.11370,2191137000
536.0308991824768,322.35198564759634,219.33610,2193361000
439.40244367473866,359.51297430979093,219.61240,2196124000
253.779198480405,342.16270406674477,219.84440,2198444000
144.140872358302,325.3754640981358,220.13120,2201312000
74.95566740927893,351.72792016496464,220.35500,2203550000
21.753123830914383,341.90311888898407,220.58850,2205885000
24.22429986391615,396.49352682289884,220.80600,2208060000
179.7473652096016,338.64196679783663,221.06670,2210667000
199.89626921670555,352.6656642059374,221.28800,2212880000
215.5655086154989,282.41975677929133,221.51730,2215173000
212.38061357073525,265.7056669122944,221.78150,2217815000
216.548410708111,384.4795238280997,222.00090,2220009000
187.69547937964134,397.1673652286205,222.26890,2222689000
196.63259023502377,392.10894769203986,222.53710,2225371000
294.483053911203,466.93665916456575,222.76910,2227691000
374.8426361486397,528.8087284081332,222.99950,2229995000
409.9419360068533,546.6142710689405,223.21740,2232174000
438.7824968558928,505.0269718177933,223.51380,2235138000
445.2277576546488,433.75168832686336,223.73670,2237367000
399.48855245412386,387.03112027906514,223.98230,2239823000
409.6038174634865,389.0630710655816,224.20520,2242052000
421.9569612268548,329.18137541103647,224.42640,2244264000
360.80885592501704,395.0285069052285,224.64250,2246425000
371.3849142397524,453.26396715988653,224.86240,2248624000
439.9371187944606,465.47870848565685,225.08480,2250848000
490.3076810652927,474.99278838562833,225.30430,2253043000
462.82588050838007,530.5553616300256,225.52280,2255228000
429.4760183277791,487.31450386821416,225.74620,2257462000
518.562658377183,413.2045397633549,225.96990,2259699000
552.2874089473743,296.83960803693935,226.18990,2261899000
497.4574846223752,313.9529725490866,226.40380,2264038000
529.8513547415189,416.0495696797424,226.62660,2266266000
461.23904824486783,407.2980871660628,226.85310,2268531000
383.5586825693495,430.8213687741056,227.07780,2270778000
366.2678858464962,484.57357243081594,227.31510,2273151000
327.0261462762029,476.99384791857995,227.54190,2275419000
294.85938462033687,463.01618430908195,227.77020,2277702000
284.0695400865031,458.83628165644353,227.98960,2279896000
328.61223692289275,353.43825613658487,228.21240,2282124000
471.3462493379483,320.4972710628982,228.44110,2284411000
452.5621116757405,380.3083727132426,228.66870,2286687000
446.50207290946173,403.8829846776323,228.89830,2288983000
409.94370915033505,408.719574445446,229.11350,2291135000
373.36990096670684,398.1995989659916,229.33740,2293374000
462.1026235841232,366.9496890904838,229.55290,2295529000
714.7757472239364,288.9517631605246,229.77160,2297716000
1021.990907338041,273.53616531786395,230.00040,2300004000
1262.044487072752,262.2925202875244,230.22920,2302292000
1470.9429847282765,228.1401679308206,230.45080,2304508000
1276.9956336397881,389.3029527725867,230.68110,2306811000
1101.1375709417814,496.9600511490366,230.90530,2309053000
1013.0421167350305,559.2332426860763,231.13290,2311329000
920.5840500658228,488.0775979142002,231.36240,2313624000
784.4103408412547,405.96549652254816,231.60130,2316013000
720.7885860621955,441.8732734293429,231.81990,2318199000
685.5834098293786,297.59737769767463,232.03700,2320370000
780.7650270195797,394.2232471538895,232.26350,2322635000
764.7383763407389,369.9578775730835,232.50540,2325054000
843.4269275875606,389.1324265223833,232.73260,2327326000
770.3414368685371,442.2393789684086,232.96730,2329673000
776.6440952086019,531.3920153502294,233.19570,2331957000
922.6585438784962,623.5851057316071,233.43100,2334310000
943.5283113829079,678.7727030516041,233.66830,2336683000
760.962282846016,661.7615048196058,233.89670,2338967000
697.7471177598503,701.7905839938635,234.12970,2341297000
655.1033798724606,576.3053043240881,234.35810,2343581000
875.2560318558138,694.3740188877997,234.59080,2345908000
1048.2959485436925,595.4791990284175,234.81460,2348146000
1205.9490260863886,609.6588900615661,235.03450,2350345000
1183.9764718197084,662.8651375602514,235.26490,2352649000
1087.3629176261456,666.109323629747,235.49510,2354951000
972.5835302862965,556.7196992354577,235.71820,2357182000
690.5838626187381,560.8655503266764,235.94550,2359455000
703.2272542037481,473.0325698945391,236.17820,2361782000
807.0403252057563,436.3788482226231,236.40930,2364093000
1116.7360172888875,415.0545914153805,236.63130,2366313000
1128.022401955511,369.65493719358,236.85460,2368546000
1282.4623451950297,393.8357328476339,237.07530,2370753000
1299.386494066298,442.2497804139507,237.30700,2373070000
1243.4146007276631,393.9723104288794,237.53540,2375354000
1207.4513500209534,452.14311861647536,237.76440,2377644000
1281.8260789278672,531.61751592045,237.98770,2379877000
1275.2406958951033,523.8228561004142,238.20890,2382089000
1175.103117384575,468.1976818218232,238.44150,2384415000
1102.8195940820137,545.2134120592771,238.66360,2386636000
1022.5404633195608,569.588698912056,238.90190,2389019000
985.4469031113351,558.3418712524056,239.16850,2391685000
938.4077617801869,587.7547990483863,239.41910,2394191000
952.8541842671565,618.360826959542,239.64320,2396432000
816.9085015751496,529.4930611675115,239.86930,2398693000
717.3395553470764,506.24717203684014,240.10210,2401021000
555.1432389518582,543.1512033897745,240.32740,2403274000
638.3565639093016,615.595171930507,240.54560,2405456000
866.1936873973541,559.4665212051618,240.77000,2407700000
1146.6955112422581,529.9899997155453,240.99440,2409944000
1421.0803492931946,531.1356724412634,241.22170,2412217000
1272.4998245164147,501.5283592671805,241.47720,2414772000
1082.8793658315483,534.438908648903,241.70200,2417020000
998.0281655082752,509.9873220035256,241.92520,2419252000
824.0129619946204,501.80367352526366,242.14270,2421427000
620.2621839403304,411.01816586838333,242.36760,2423676000
434.64054185866746,366.292654245358,242.60660,2426066000
214.73530493376353,348.0466650639809,242.83040,2428304000
212.04182697918435,299.3758191187796,243.05220,2430522000
178.1308452391416,295.7098371159034,243.27560,2432756000
178.8709377299835,260.3611231787655,243.49720,2434972000
105.88038598041791,254.76838218227533,243.72600,2437260000
31.718810782880645,268.41310570388777,243.96300,2439630000
57.725515321154894,203.0908476196851,244.21150,2442115000
111.17710904759338,170.2906461595448,244.43830,2444383000
155.2332557682866,214.12892541927602,244.65710,2446571000
129.56181480994664,236.90336265836254,244.88540,2448854000
152.12224237172634,297.40314353639457,245.11540,2451154000
377.7072022650476,261.357129240448,245.33990,2453399000
550.7742367422366,222.67823777663398,245.59300,2455930000
749.1470263440834,214.85361587317766,245.81970,2458197000
982.6524503552657,210.28814503471526,246.04470,2460447000
1285.2594674778577,147.74775913083334,246.27250,2462725000
1511.8626947714445,168.8053634656547,246.55790,2465579000
1469.7994533072956,206.6196000021809,246.80340,2468034000
1327.6815508625898,204.91033770519323,247.02180,2470218000
1200.1528569479165,311.9431803467824,247.25840,2472584000
1108.9507824759726,421.87346858278136,247.50180,2475018000
1122.1694405620071,507.53591704805103,247.74970,2477497000
990.0824132857883,543.4545040332482,247.97640,2479764000
878.5819410811815,571.9687782387479,248.22300,2482230000
689.0272827690278,523.7991803853732,248.44170,2484417000
525.5304340115681,499.8294683402482,248.66380,2486638000
501.1902577875694,526.8981862270258,248.88610,2488861000
456.60967874809796,554.1743123255465,249.14650,2491465000
432.3883576774658,604.9894665775421,249.36340,2493634000
401.9737845215802,593.9887963917114,249.59400,2495940000
349.02420410245986,591.6675566499364,249.82870,2498287000
493.8149890682097,532.9278315285273,250.09010,2500901000
564.4364710709362,436.7878593909842,250.35130,2503513000
655.8977202476152,341.5161356978982,250.57280,2505728000
647.3518897243763,391.5823269718183,250.83350,2508335000
619.4176358005705,354.09958217265984,251.05630,2510563000
651.9899044639524,299.30822847538417,251.27980,2512798000
628.2268899661848,327.0628421033891,251.50520,2515052000
634.8263771089781,362.0378366616681,251.73240,2517324000
710.9264935063334,242.1282147995339,251.95060,2519506000
670.1417913325195,333.8860543373498,252.16480,2521648000
670.865447400816,311.7345329211212,252.38460,2523846000
689.9958352071421,338.6642591051621,252.63090,2526309000
608.9056345474512,360.7299434364522,252.87980,2528798000
586.3243396947759,386.4279132719397,253.10950,2531095000
558.9581165823523,337.30880991754293,253.33110,2533311000
614.4278459544782,352.40634183831486,253.55360,2535536000
675.1941843061962,371.957976205556,253.77730,2537773000
881.7044556714875,273.0097317636382,254.00790,2540079000
1018.6832515813265,180.02602462461243,254.23860,2542386000
1140.041730230436,145.12151222435187,254.46710,2544671000
995.7115305531406,149.6846949458978,254.69880,2546988000
910.1744797500108,226.17303191770947,254.94530,2549453000
819.5042609165175,240.26133742722018,255.19210,2551921000
742.9468534095073,288.8865225624572,255.41190,2554119000
674.6635907568461,312.85803041858503,255.64040,2556404000
606.5664458125455,363.14091818742526,255.87280,2558728000
540.0852078108031,339.92322857922613,256.11090,2561109000
530.9915042638128,373.36423599831767,256.35420,2563542000
449.882856999891,336.2455711068246,256.58100,2565810000
409.4653156475077,287.13568082864305,256.81150,2568115000
397.69072446597113,280.4839471732159,257.03330,2570333000
432.2884809601311,373.90777528109766,257.27220,2572722000
403.5189704479782,350.92441910296,257.52130,2575213000
419.1702842118658,414.99362311185496,257.74610,2577461000
359.3360051408601,355.7681324882847,258.00620,2580062000
429.11324954309663,458.22760095237743,258.25110,2582511000
437.2898836226706,532.6578629655089,258.52930,2585293000
417.67254542470675,509.08399899449506,258.79060,2587906000
527.2220030123232,595.9738988175892,259.00540,2590054000
490.5442163859188,506.731629260777,259.22920,2592292000
467.309684047869,439.6193359865467,259.45490,2594549000
364.6640821961036,399.3477354024671,259.71990,2597199000
385.7340452805205,327.4749622914585,259.98830,2599883000
327.58589006053165,250.3513592473851,260.21330,2602133000
574.4071831898184,134.01481412899773,260.43670,2604367000
493.94953287683177,62.32048085182565,260.71770,2607177000
479.93204207439425,110.46170549132106,260.94700,2609470000
420.2161355018688,137.4847735624275,261.18340,2611834000
420.9276475367254,107.56537590762805,261.41870,2614187000
424.08055586571794,109.93016975229453,261.64670,2616467000
511.10873565545126,122.34455672901645,261.88580,2618858000
589.7283983272395,100.47558180630428,262.15210,2621521000
752.8330722664357,96.30374528119356,262.38150,2623815000
949.163113311916,174.83003611115103,262.60130,2626013000
1075.2637717055054,154.3900330977268,262.86990,2628699000
1189.5619722893277,196.92089082102302,263.09870,2630987000
1365.0330514656628,228.94713998316558,263.32570,2633257000
1391.0863747537364,349.9459183090077,263.55420,2635542000
1399.2261357069244,312.90488576169986,263.77910,2637791000
1328.1330627010555,285.65340272019773,264.00390,2640039000
1152.242706532877,382.4156351480268,264.29750,2642975000
984.1880120156933,409.70992240621075,264.51490,2645149000
675.6205395658919,434.05147200224366,264.73890,2647389000
539.4195964499085,451.3538745065504,264.96320,2649632000
495.6252715436335,434.911806443434,265.20460,2652046000
510.2743971260665,231.28248478666916,265.42440,2654244000
673.6442562936728,142.1711746786595,265.64310,2656431000
543.3321478157457,227.42036857558145,265.86740,2658674000
523.5123278506745,375.7438949126598,266.10030,2661003000
468.8857372530347,498.563728588925,266.32240,2663224000
476.2519233642158,653.2845335897412,266.55310,2665531000
441.1335859220112,681.9943861125477,266.77390,2667739000
342.44961813280423,649.6328525900493,267.01110,2670111000
332.45013380208655,669.8655346575428,267.24420,2672442000
306.068823216916,722.5213892337115,267.47110,2674711000
196.39630340624802,579.7198134166619,267.70040,2677004000
229.83900078095965,572.1853040260843,267.92490,2679249000
229.951736233839,574.817173005058,268.16020,2681602000
246.44417410653892,586.3563642828191,268.38450,2683845000
232.83146862120228,579.0859519569668,268.60630,2686063000
271.8971135279348,597.3346683664956,268.83930,2688393000
309.0107019656522,601.3867679544634,269.06700,2690670000
195.83628541706247,496.2938980427665,269.29360,2692936000
407.3885455776864,386.66027183673003,269.52930,2695293000
453.4582409815508,412.9768104361006,269.76030,2697603000
454.90085876734656,446.3461421154578,269.98510,2699851000
421.7958179718274,431.95971611811564,270.20570,2702057000
501.47806369573425,494.93318269265995,270.42940,2704294000
424.0017845000409,471.41498196715173,270.66060,2706606000
515.8583790245328,647.4133562504969,270.89080,2708908000
614.3275490840933,641.6591028248088,271.10750,2711075000
670.0975799891802,568.6635935842683,271.34270,2713427000
796.826405015495,641.5866563466184,271.58680,2715868000
725.1196519192513,537.8211316261671,271.82430,2718243000
643.8612633241164,485.81480854183627,272.05270,2720527000
480.35019539567406,430.3626362768607,272.28420,2722842000
425.2058843572193,496.0935318567487,272.54810,2725481000
347.3949674254778,444.9735489634856,272.78470,2727847000
271.6956613149511,453.30086203358763,273.01200,2730120000
177.31044568272912,491.7547773459769,273.23870,2732387000
123.32329582470138,518.5807063179537,273.45650,2734565000
103.6225763108579,559.8540768395438,273.67430,2736743000
277.58993212917835,588.3298542697365,273.89260,2738926000
451.90162804815026,576.2260849937936,274.11500,2741150000
445.3980251016336,489.5103113036138,274.33810,2743381000
505.07018325624364,565.3807572967969,274.56570,2745657000
448.4177127836679,472.229219311335,274.78380,2747838000
410.41969134238707,539.9652280743082,275.00500,2750050000
431.74009674519664,503.79011555532026,275.22770,2752277000
370.5498618662241,520.104135870183,275.45140,2754514000
468.4342306425723,524.9018947977333,275.66950,2756695000
518.6751178653424,456.7662054946868,275.88760,2758876000
466.74245862323943,469.9734392340961,276.16260,2761626000
522.7966236579109,609.2385353279008,276.41320,2764132000
512.4185530990407,765.7609678052974,276.63120,2766312000
621.1305853133717,747.6154083526695,276.85220,2768522000
618.4428743207577,701.617104981972,277.08630,2770863000
594.7670837785911,709.8235391992772,277.30310,2773031000
566.2836067960162,692.0884600255358,277.53630,2775363000
599.1145045114295,686.480692782562,277.76270,2777627000
530.6319544979083,787.5445655857329,277.99310,2779931000
516.9327007134838,805.5177062535116,278.22400,2782240000
740.9089504412998,671.4621418689433,278.44740,2784474000
874.2758542189293,720.2245437663712,278.67050,2786705000
1101.6161000725554,673.9431020496322,278.93540,2789354000
1241.4466295341522,620.6028555989839,279.16940,2791694000
935.0640179621676,505.61111766148167,279.40250,2794025000
810.1879147231575,466.01646323419425,279.63230,2796323000
740.4818456715052,406.4485179245064,279.86190,2798619000
629.9183926879474,374.1060783795338,280.12180,2801218000
596.2930829585162,344.50595789450045,280.35480,2803548000
454.4418731177905,346.80672593595216,280.58960,2805896000
398.2053744876861,381.1473178223115,280.82370,2808237000
438.44189792768765,393.45957191237994,281.05720,2810572000
506.2097425406547,412.7048834265901,281.32000,2813200000
502.5010532756737,397.5539769487656,281.55260,2815526000
580.2906207631777,440.8177577872026,281.77620,2817762000
531.1012692981669,450.3647498598564,282.04470,2820447000
454.3205913517322,307.3493252031286,282.27230,2822723000
439.7015505095691,328.90351223840275,282.50800,2825080000
458.40813021530533,297.2705551055556,282.77150,2827715000
538.0918293297854,373.06970543071793,282.99420,2829942000
737.5609773241351,391.0316016793347,283.22020,2832202000
819.2781652300343,328.4129271909854,283.48900,2834890000
924.7453953280827,369.1511954744612,283.70900,2837090000
887.0191365438675,447.51052299535075,283.95460,2839546000
862.803981402312,343.6920077111438,284.18280,2841828000
912.5270019564316,287.5351033081963,284.40010,2844001000
820.1430604324154,345.0142050914446,284.62650,2846265000
748.688722984312,364.3490446394811,284.86970,2848697000
670.1456316727084,411.5460416490969,285.09990,2850999000
675.4486659722079,440.9487658438827,285.33050,2853305000
609.9159475301542,369.3630622925843,285.55760,2855576000
553.2219740164359,354.1925957173076,285.78850,2857885000
487.9710930740409,345.44447483206517,286.02620,2860262000
433.63142343316326,400.7440166177978,286.25340,2862534000
448.93670255008817,383.3702098210592,286.47430,2864743000
461.56009285125765,447.15267620830207,286.70800,2867080000
463.21728385847143,385.0440725740579,286.93480,2869348000
469.0228390771432,255.94887732577013,287.19390,2871939000
474.3138244648906,172.9525634561427,287.45860,2874586000
300.01824933160975,210.62495580841693,287.67630,2876763000
281.8381999311741,203.2816234184544,287.90700,2879070000
321.6631776657174,163.34008001603777,288.14100,2881410000
354.23026883034095,148.8775942141209,288.37020,2883702000
241.72716744256616,105.94104012638844,288.59760,2885976000
162.01719451468196,83.1842574463991,288.82460,2888246000
288.26014593071653,14.110199615047549,289.04050,2890405000
313.7970528690763,29.448915015647202,289.27680,2892768000
312.4792504358771,93.24046888836838,289.52140,2895214000
363.8640611392629,122.59505751455316,289.74590,2897459000
360.77432739558515,258.0837722166308,290.00310,2900031000
382.3910910563007,280.0256167354959,290.23910,2902391000
528.2370145473573,301.227900080752,290.47480,2904748000
664.4608057552609,269.11061736744057,290.71100,2907110000
919.678463839226,301.7961409172532,290.93400,2909340000
1060.622742346195,406.3868231505709,291.16000,2911600000
1224.1088428610196,398.46570910793645,291.38670,2913867000
1369.264528358886,431.82084232353765,291.61290,2916129000
1203.855274043637,441.71647247228634,291.83800,2918380000
1044.5162133027343,464.198554521985,292.06000,2920600000
845.6990698889083,469.0901876081678,292.29270,2922927000
771.5135316035066,456.66235174698215,292.51790,2925179000
666.0723353036523,421.4251234724503,292.75000,2927500000
674.9969646045512,445.5926404399384,292.97640,2929764000
600.7655628708661,386.3120306149391,293.20320,2932032000
503.0994291684956,319.66537230768745,293.45410,2934541000
468.03361141038386,326.9646398745611,293.67490,2936749000
496.73352872645165,329.6651171891321,293.89840,2938984000
350.7880587945156,284.9651369883703,294.14150,2941415000
327.9347662817817,231.45827429989166,294.37240,2943724000
260.9313210098483,265.8578892912194,294.60520,2946052000
223.2463322088057,379.87076183758245,294.82870,2948287000
231.5561817932181,453.0958302892042,295.06800,2950680000
302.62142075152053,618.3104510919576,295.30750,2953075000
365.13597487999743,709.0853160618097,295.54100,2955410000
388.96797400183203,686.4581084475103,295.76620,2957662000
430.323340866933,603.2211399964663,295.99060,2959906000
430.8041773368093,543.4655519480466,296.21100,2962110000
420.9042559551295,512.5175707436446,296.44140,2964414000
370.0344441762908,480.6971476304502,296.66920,2966692000
479.8007639208337,412.4003948276044,296.90480,2969048000
518.9230151299967,300.04875886134624,297.14470,2971447000
696.7612850710169,432.9597445662655,297.37390,2973739000
746.276193634567,469.5542926064164,297.59650,2975965000
696.775615851156,598.9926291985786,297.82890,2978289000
592.2518824603629,610.1112854016984,298.11670,2981167000
624.6512881855789,526.8704932174061,298.36470,2983647000
604.2482987363311,482.1543316464851,298.64240,2986424000
652.9118098717847,358.60496902170536,298.87400,2988740000
618.1814261396678,297.9021377246564,299.10170,2991017000
559.2181254734528,278.0047936964927,299.34490,2993449000
500.0899367601854,210.75502250282256,299.61460,2996146000
515.1986013327856,140.8149600814852,299.84980,2998498000
406.1632909478137,145.4450822267186,300.09150,3000915000
435.05898583314956,164.89560008755538,300.35090,3003509000
369.86585803464664,133.66834388853155,300.57040,3005704000
374.557156924421,160.83159176030972,300.78720,3007872000
347.89030408436946,205.0391137281165,301.00780,3010078000
267.1382034916152,181.45528467871662,301.25650,3012565000
272.18962233532557,186.62262034937356,301.50300,3015030000
331.05424663775904,241.884740697474,301.72850,3017285000
363.8932622506161,274.03900210480396,301.96350,3019635000
292.5928670569217,235.49121647898681,302.22690,3022269000
358.147454279371,170.61197309765768,302.45050,3024505000
446.9427508108621,148.75473051438618,302.67490,3026749000
439.2348783829163,187.59111783053828,302.91480,3029148000
445.3059907683926,214.35668854637922,303.15230,3031523000
489.32062665632594,240.731308356619,303.37270,3033727000
493.1295454270821,238.24285582460647,303.60030,3036003000
502.45640443567225,267.8353941316844,303.88970,3038897000
475.022216987637,275.08649443055856,304.10870,3041087000
385.7613093806814,351.8876841039378,304.33730,3043373000
425.7183633184198,370.8201366172857,304.58640,3045864000
443.646297501774,431.2490763109519,304.84250,3048425000
448.0437199832509,444.22830530660644,305.06790,3050679000
358.43093596154574,485.5107474433613,305.29300,3052930000
377.29815905304133,458.3951704631837,305.53040,3055304000
455.9075972262782,403.1817109668044,305.81190,3058119000
575.8830663631254,371.03754886085295,306.03660,3060366000
934.7631550291735,374.6537525954895,306.26290,3062629000
1148.5316400221416,386.29126209862625,306.49050,3064905000
1292.4102323201532,351.5668840884867,306.71620,3067162000
1360.3768028613097,282.7495935759229,306.93710,3069371000
1140.2578331768725,238.45324994802925,307.16190,3071619000
1214.9868065960368,227.63220736665554,307.38150,3073815000
1324.048006581234,214.91467097846962,307.61000,3076100000
1286.5050905938415,237.37217255549058,307.83450,3078345000
1276.7620893305823,205.1267557126003,308.05100,3080510000
1167.4849486107757,208.17189501192635,308.28360,3082836000
1074.5291295594343,327.43563113527307,308.51140,3085114000
1028.301452880141,291.8610959537096,308.75840,3087584000
977.5718141247601,263.0042443887735,308.99480,3089948000
899.4446530341377,293.2142885620491,309.23140,3092314000
695.8988070578187,268.68175877598605,309.46010,3094601000
679.9548533242796,303.3182616253521,309.69210,3096921000
493.08844028029813,281.9224280115283,309.92590,3099259000
373.90026309314163,268.55009261730663,310.16030,3101603000
470.8832353115537,212.43419502441526,310.39310,3103931000
494.7079812207397,256.30638207803884,310.62090,3106209000
391.1406826942725,329.2956940528641,310.89600,3108960000
349.7416441707334,234.01297667155637,311.11970,3111197000
266.77099692429726,167.1560774515306,311.34400,3113440000
210.90459971489383,169.41855797351164,311.57590,3115759000
134.98119948767365,171.26150941446485,311.80150,3118015000
226.58453045526616,174.79979679278608,312.02730,3120273000
324.62788154474447,289.4538495963057,312.26590,3122659000
253.94796011263182,232.40877401561806,312.55750,3125575000
330.7401631351272,268.1098422187192,312.79230,3127923000
289.9249454180252,227.2760058423682,313.02490,3130249000
274.39045062620465,157.68003714869815,313.26740,3132674000
446.05944816193244,125.39836953997504,313.51770,3135177000
507.86014567845217,255.54147784440505,313.78920,3137892000
568.4069768864885,276.2466059090504,314.05370,3140537000
847.2068228688092,406.65785875032714,314.28420,3142842000
1148.6149452566074,406.0566055420506,314.53010,3145301000
1239.6472771715735,501.9354986100381,314.75810,3147581000
1405.6585273151295,499.9742476553906,314.98900,3149890000
1517.5464348908224,451.82332460110695,315.23350,3152335000
1542.5249130433192,471.5426131818806,315.49650,3154965000
1468.7275180563715,420.7030625727998,315.74830,3157483000
1352.1896529745502,477.60543544014956,315.98710,3159871000
1224.2015729155805,510.5225638555628,316.22180,3162218000
1204.298213067769,548.3805912337978,316.47800,3164780000
1155.371869203857,607.9271789001473,316.71790,3167179000
1231.8457158711392,619.6096895891168,316.94110,3169411000
1230.6387318475663,631.2965269875358,317.17340,3171734000
1243.5392299053376,690.0858052934657,317.39660,3173966000
1237.7982603276882,673.4442170906966,317.67440,3176744000
1291.561178735114,675.815894449748,317.89810,3178981000
1169.282622675385,661.8637997136598,318.12640,3181264000
1078.7591971632082,629.6412574237454,318.34670,3183467000
1056.3017263506422,637.395439037035,318.56940,3185694000
984.0101303253523,522.345384468807,318.79470,3187947000
908.1653680245539,475.62091627669713,319.02330,3190233000
896.4232698875173,439.57234783211516,319.27460,3192746000
985.804298188938,402.46015041628283,319.51760,3195176000
1079.8920574987733,310.0644877968315,319.74330,3197433000
1213.633739494041,251.83830656190923,319.98600,3199860000
1288.457816399823,273.83105660854085,320.21390,3202139000
1228.549140962001,374.3862951197187,320.44890,3204489000
1234.0876318373007,494.6640294371534,320.67390,3206739000
1276.1241508773296,510.1837229241923,320.90020,3209002000
1106.5029923487546,567.4281295192537,321.13440,3211344000
1030.7978618742404,545.1666450137024,321.36910,3213691000
987.3549371477227,521.549886553047,321.59960,3215996000
981.6246830581376,439.8924215311301,321.83350,3218335000
878.0233211808385,414.9815023899974,322.07880,3220788000
708.4699720399651,404.4758390370142,322.32140,3223214000
559.1170913409368,357.3230586560145,322.59120,3225912000
564.3003428063212,391.31916053368724,322.81490,3228149000
631.8051885889134,379.25254387966055,323.03770,3230377000
694.7760439873203,399.171834805634,323.26220,3232622000
723.2567510098838,440.858677635316,323.48100,3234810000
717.3041425456641,474.39772353400184,323.69990,3236999000
775.6953429951701,529.8105951331648,323.91960,3239196000
779.2274317383032,511.17028740008857,324.14220,3241422000
856.0845979636725,515.9231151365167,324.36440,3243644000
876.3427631914833,503.1765964697889,324.63700,3246370000
1006.547344544502,402.6162831617501,324.87960,3248796000
989.5155115011021,322.2584780961325,325.11440,3251144000
869.132201798625,395.3998210900029,325.34140,3253414000
610.6455192003755,399.4659277723225,325.56460,3255646000
662.4862076744746,361.80175859496853,325.79270,3257927000
777.3245457230038,366.47514731833974,326.02190,3260219000
1035.5303440496054,455.58534363247463,326.25600,3262560000
1116.7097880130216,343.2428560422158,326.48700,3264870000
1073.0708703099158,376.5315663556374,326.71600,3267160000
1077.2439452545918,372.31775006439585,326.97150,3269715000
998.6818905522334,343.8463746257259,327.19960,3271996000
836.8746897270426,326.94262661862285,327.42610,3274261000
682.2342387540207,359.80006174051834,327.65060,3276506000
504.4037313635574,348.9996970543482,327.88510,3278851000
494.24870540997,372.3465079222769,328.12180,3281218000
455.490080164516,446.57615100065897,328.34810,3283481000
427.9816264473357,400.01469659104754,328.60230,3286023000
460.0809723642,415.18826516394137,328.82820,3288282000
345.1431826751885,448.747961384594,329.05610,3290561000
505.12025796630957,395.12545922466546,329.29300,3292930000
548.1414671288744,500.3583033832659,329.55070,3295507000
465.7412387474103,546.9619317233523,329.79100,3297910000
520.454775748095,492.4679540966145,330.02370,3300237000
487.55819788475736,349.67343850148313,330.25330,3302533000
428.4255465222555,253.99803389926566,330.48290,3304829000
523.3120363472906,274.4890756598773,330.71410,3307141000
524.3362084417993,187.82278866565508,330.94370,3309437000
671.8836168724731,227.8115368594862,331.18010,3311801000
755.7707713868351,182.14247260315022,331.42080,3314208000
786.4352803319152,240.4547731300617,331.66240,3316624000
739.1362277521446,244.44515839305674,331.90070,3319007000
565.6359187088088,202.9742517612424,332.13380,3321338000
596.06697136999,261.0619450282402,332.37070,3323707000
578.5554517494486,274.78485776178394,332.60190,3326019000
460.19367946841436,320.24876387372194,332.84010,3328401000
482.46515123813015,261.81587858676926,333.07520,3330752000
574.3666270216949,164.54216848167894,333.30000,3333000000
608.2248109394487,130.09920288570862,333.54540,3335454000
755.2780191399054,100.67073303671296,333.78100,3337810000
757.9829934718301,82.07504763453088,334.01520,3340152000
877.6797865374332,34.37427109509525,334.23760,3342376000
902.2496586490008,86.46634907449392,334.47620,3344762000
723.9264111222512,114.70181370938069,334.70080,3347008000
645.8105371800451,162.18124124124748,334.93190,3349319000
475.12611212076445,193.64650553420458,335.17410,3351741000
511.3660822294746,243.8146953726619,335.40760,3354076000
476.2950983062568,236.0860171916011,335.65310,3356531000
439.6217399764146,257.69272337763505,335.87980,3358798000
408.85869267836546,239.40929406308177,336.10400,3361040000
365.78593954396575,305.31089996808356,336.33230,3363323000
414.6552862161469,316.8624255473593,336.56630,3365663000
509.4965960605857,234.1013848958192,336.81520,3368152000
508.08492692064254,237.95897380663465,337.03900,3370390000
589.4039298179205,172.10910407149981,337.26440,3372644000
731.9019114968651,18.93799671708146,337.48910,3374891000
853.8267713092827,-111.54145547766643,337.71860,3377186000
919.6678494286747,-158.2659302199556,337.94840,3379484000
1011.6795219166393,-144.41070648586617,338.18870,3381887000
1142.0767174012724,-75.38389934177705,338.41400,3384140000
1283.9495161976743,-53.38700275155742,338.63760,3386376000
1457.0696923121243,1.6881250615169563,338.87980,3388798000
1547.3806537718547,33.11689363117179,339.10880,3391088000
1618.8143972739263,35.938054174272935,339.32790,3393279000
1417.4798179873007,103.35171778464013,339.55350,3395535000
1254.9833846567608,184.81984792991892,339.77220,3397722000
1141.4068614472337,334.9626109755685,339.99890,3399989000
962.7397409276941,501.73263358343803,340.25630,3402563000
891.8538414005624,587.5572792640605,340.47730,3404773000
759.7895728978845,534.9270415827597,340.70310,3407031000
706.4567408072747,505.5039225118269,340.94180,3409418000
720.8611696319034,511.92182746427613,341.16580,3411658000
560.71641647397,534.390918007462,341.39200,3413920000
521.6885863938885,540.1065896665739,341.61960,3416196000
507.00376668540525,517.8495589681643,341.85610,3418561000
598.5025283547943,419.0860442546075,342.09140,3420914000
511.80446555778116,335.4050751260107,342.32220,3423222000
442.6537410226001,297.41612041736204,342.54940,3425494000
454.3047474005112,305.45740223699164,342.81310,3428131000
433.36338894913166,281.0934674405161,343.06270,3430627000
393.74540676430365,249.71556696384295,343.33620,3433362000
390.10866259774787,228.5452335567636,343.56160,3435616000
416.3978298113243,194.88285555922351,343.78860,3437886000
402.7144784847968,227.88595731122967,344.04300,3440430000
395.4705817943199,168.9124277373597,344.31970,3443197000
498.27551131357427,197.315383279859,344.54360,3445436000
522.9916234528671,143.23286857556712,344.82790,3448279000
440.8140451467094,134.95956946470142,345.09130,3450913000
420.7328486034038,237.0090651719766,345.31400,3453140000
475.5776257085258,282.17969722555137,345.55120,3455512000
484.64181708996614,386.6521744282222,345.77310,3457731000
434.83814349761826,447.6176460587021,346.00380,3460038000
352.8875737995946,411.5995619046811,346.27480,3462748000
374.8069221557853,441.6722367850231,346.52910,3465291000
292.8788367640124,438.45925310291267,346.76100,3467610000
314.1009974922985,464.86037042550225,347.04390,3470439000
312.6942556740801,487.52106036047127,347.27460,3472746000
334.7543457448797,548.4537472083102,347.50680,3475068000
266.06642662915135,514.9080989351971,347.73570,3477357000
277.9731778640884,602.65229354467,347.96640,3479664000
249.22491341563997,587.9949398715484,348.19320,3481932000
202.95439861478084,592.650217092737,348.42650,3484265000
181.0514032039862,557.3743883368483,348.65360,3486536000
229.5889584237572,495.4949018267389,348.89280,3488928000
215.54827336878407,533.0882817258274,349.12930,3491293000
214.40859022735262,569.0452688755659,349.35980,3493598000
288.1662302423954,545.1220104188116,349.61350,3496135000
318.6478778837257,534.1591650431284,349.83840,3498384000
327.95071474337186,505.2093837323987,350.06690,3500669000
282.15012878941184,488.7157477556468,350.31990,3503199000
198.37615203932262,416.0764159894343,350.54190,3505419000
235.5540709160905,447.74899725996147,350.76600,3507660000
286.6666326275492,465.07969280455325,351.02460,3510246000
267.11705592832476,434.8831597306087,351.25230,3512523000
255.1157557529107,430.8614710696583,351.47430,3514743000
205.68405994237995,436.9707938786591,351.69590,3516959000
222.25661187109202,513.3927828363421,351.92200,3519220000
336.5690721026387,607.219286957406,352.15310,3521531000
347.7049662422439,596.9416476614957,352.40210,3524021000
359.1422730809617,586.7329707277232,352.65590,3526559000
232.14901842307177,508.002925610459,352.89790,3528979000
194.26280563851134,487.1445088765903,353.14140,3531414000
164.34070667009635,534.5471626543568,353.36460,3533646000
211.82506857134157,571.1997002934,353.58820,3535882000
166.0030801072719,536.3232032964555,353.81390,3538139000
118.57444586186969,418.6114654541465,354.02900,3540290000
129.86416002812365,306.0658525673984,354.25010,3542501000
72.05722406882455,273.7388992525248,354.50800,3545080000
77.77603143699885,287.6749160572869,354.73630,3547363000
180.3907025381293,263.2273947510159,354.97320,3549732000
180.42305993856317,186.2809717675711,355.21280,3552128000
136.5236970629213,168.09010330694645,355.45350,3554535000
112.62992221013835,165.92590424468594,355.67490,3556749000
51.02765250617929,194.15819541352064,355.90180,3559018000
161.83301132415886,277.33015489143787,356.13070,3561307000
214.12468143675835,268.619276880015,356.35660,3563566000
139.93396115575507,369.3212562709646,356.60560,3566056000
272.2477525325046,330.20106218778415,356.85170,3568517000
397.8069377030966,269.91567473827877,357.10050,3571005000
586.5346819681206,300.079405145544,357.33330,3573333000
551.2807985870543,303.01501309041566,357.58790,3575879000
680.5315937636921,218.86730919032715,357.83950,3578395000
667.2238574092465,305.8824286367835,358.06470,3580647000
670.7823274456249,330.97388068156357,358.29100,3582910000
675.4669762245129,389.16132269705406,358.51310,3585131000
689.1561904317397,423.80603773142684,358.74910,3587491000
676.5429926124557,366.3669060513357,358.98810,3589881000
650.5569011361983,419.2672659505029,359.21570,3592157000
604.783947073581,423.80041111750506,359.44060,3594406000
528.3896651606349,457.8727255957952,359.67440,3596744000
431.4754481862199,396.5423585685185,359.90180,3599018000
393.6520671500606,388.5232557844489,360.13010,3601301000
439.01851185744624,458.26153966585343,360.35720,3603572000
382.1552481240901,381.7723850473261,360.58330,3605833000
396.90247202516474,336.07956341900626,360.81210,3608121000
427.22293576446845,287.96629959942834,361.04040,3610404000
591.1346292636149,296.91117485513934,361.26940,3612694000
730.1972828284914,194.3374252508718,361.50510,3615051000
919.0513694874659,192.60747210633417,361.73030,3617303000
1042.4608087371823,109.08300743259943,361.96420,3619642000
1011.8774061115093,162.66661681403963,362.19530,3621953000
987.5092894914511,212.15572509853666,362.41880,3624188000
997.3418902852326,238.94242474195136,362.65160,3626516000
819.56479649896,295.5425772498315,362.87670,3628767000
679.15530962805,351.5162889047941,363.09790,3630979000
794.792720141925,310.42830383781484,363.32470,3633247000
887.1440194456903,235.46021320932255,363.54780,3635478000
1017.9134299221547,204.86097959431362,363.76230,3637623000
1133.7655262057724,290.5528404225337,363.98670,3639867000
1095.5035994046282,439.389341229539,364.20710,3642071000
953.8977548465878,446.8642447463084,364.43150,3644315000
832.9198485654782,421.49767620913303,364.65470,3646547000
737.6758795610601,478.7176569787723,364.88080,3648808000
632.1875225266023,466.68185022993157,365.11140,3651114000
695.5350637160194,460.50747761702087,365.33340,3653334000
599.6423596538435,554.3792388157351,365.55690,3655569000
584.439392580714,535.563479999867,365.77970,3657797000
458.4893266362022,530.0438630165658,366.01670,3660167000
296.45798671995624,452.3045736029468,366.24370,3662437000
230.7393823327642,491.03839635196994,366.49870,3664987000
126.38869668945779,479.602385186309,366.72760,3667276000
86.08926324663558,522.7682335410893,366.95380,3669538000
124.23008102044497,531.2622767388252,367.18000,3671800000
205.26537553944698,649.3831989538746,367.41520,3674152000
319.4485304143851,659.7143443766234,367.64210,3676421000
300.4729936509324,670.0187305243729,367.86760,3678676000
260.0907400455741,689.4674294367984,368.10630,3681063000
289.3785238862991,660.1229725347628,368.34400,3683440000
368.46782537450747,740.6176067163746,368.60830,3686083000
583.1157847862848,800.967711408483,368.84070,3688407000
799.2498909060938,739.9427173156091,369.06480,3690648000
967.0431821477213,700.4889565660901,369.28930,3692893000
963.5149810675445,676.7147195515994,369.52480,3695248000
979.0572563911508,775.0336730668047,369.76750,3697675000
1038.1351796490787,744.9920442718804,369.99780,3699978000
1084.8465740827853,793.7045954848336,370.22680,3702268000
1138.0645815223886,709.1559968019026,370.45800,3704580000
1195.1967217652243,687.5971742844678,370.67660,3706766000
1163.077392796799,697.9898463323693,370.90660,3709066000
1246.9287062786577,673.8900541861401,371.13290,3711329000
1261.0096382371685,713.6834626308012,371.36620,3713662000
1255.4020935263459,646.9625405647391,371.58650,3715865000
1314.2699310616954,615.8881681672731,371.82320,3718232000
1264.424812368663,586.1874286053076,372.05370,3720537000
964.4919481237994,576.8881154671164,372.28920,3722892000
885.3365272572337,523.994669501992,372.51820,3725182000
836.326369673081,600.9399270605363,372.74350,3727435000
915.1802277515663,578.2335739844044,372.96490,3729649000
1015.6068993348504,486.71919975533496,373.19170,3731917000
1171.979225032166,419.1967586172738,373.40800,3734080000
1095.1817074720975,341.5592306128102,373.63080,3736308000
832.7186970096925,292.2408203828181,373.85660,3738566000
744.1755803414554,254.2354681948695,374.08270,3740827000
589.0071544620507,217.71327666842186,374.31990,3743199000
470.54728567045936,296.31630049487705,374.54010,3745401000
456.68217627537524,348.7117930935892,374.77030,3747703000
328.8686304667563,325.83173515857703,375.01070,3750107000
251.42591310481006,279.35660174115117,375.25210,3752521000
283.65881868742565,309.3783863544213,375.48780,3754878000
244.894099020182,363.41573363148456,375.71480,3757148000
170.99169697285475,343.90943349407826,375.94120,3759412000
166.66085994609298,270.49793466704546,376.16180,3761618000
288.30931752105255,151.07532134257912,376.38090,3763809000
339.51140457848214,112.29942770626104,376.59980,3765998000
424.2715143227191,166.3823449559531,376.82450,3768245000
316.9862577745538,256.6364862207771,377.04510,3770451000
515.6699992335422,283.0259895797093,377.28890,3772889000
592.8920959618205,451.4202941614486,377.51860,3775186000
728.9451184965872,389.6029715596772,377.79700,3777970000
832.358990511015,494.6534434213368,378.07430,3780743000
913.2570633816317,502.01925405537605,378.33600,3783360000
872.4591330212088,522.9551443227491,378.56460,3785646000
753.3876418844668,607.8583337138874,378.80770,3788077000
895.8102219591888,540.96353032307,379.09800,3790980000
898.9310189649007,534.539477551696,379.33360,3793336000
927.0476851128524,621.0004909353837,379.60830,3796083000
836.6969630029473,651.2633944404434,379.87080,3798708000
786.2480353798296,701.6313996349347,380.15530,3801553000
815.7452374832818,653.3246201264328,380.40970,3804097000
835.230670169884,636.9335519468839,380.68640,3806864000
869.8385760539601,545.6134488753337,380.93250,3809325000
919.1867858169434,458.1821298621453,381.20010,3812001000
993.4567984431036,461.66499798467197,381.47840,3814784000
1273.3356499387007,455.39726917621005,381.74710,3817471000
1485.7391667278152,498.35629299364433,382.02290,3820229000
1305.6784876800782,536.9860163930085,382.25290,3822529000
1095.1998732815032,550.8544729359661,382.47670,3824767000
973.8417660565261,535.3697612174883,382.76390,3827639000
859.3173616460052,485.3237139312788,382.99170,3829917000
809.5863845718687,401.00188326443725,383.21740,3832174000
828.9779104482266,362.7457228929285,383.46870,3834687000
770.1036622685003,358.4258396368966,383.73830,3837383000
762.6754428952869,391.6699949209205,383.95680,3839568000
794.3522287617401,518.0664184412872,384.18040,3841804000
731.1924640741508,575.156879179302,384.44210,3844421000
699.7783600067739,600.8469653262546,384.70500,3847050000
633.0615986120544,549.5809438911962,384.93220,3849322000
527.0436488686245,588.2173726392083,385.15540,3851554000
649.2667659198717,673.573300534364,385.37490,3853749000
604.5480472585887,641.0873762832938,385.60160,3856016000
643.3533182679774,614.5025311455646,385.82440,3858244000
618.306695347026,512.224152106978,386.05340,3860534000
653.6403990460212,453.35227493752933,386.27570,3862757000
663.8276760622748,425.4070512882843,386.49950,3864995000
711.2082350719912,390.58757228148187,386.72180,3867218000
697.2654212155662,391.74549856001465,386.94970,3869497000
781.0728706510993,342.6431558304036,387.16780,3871678000
855.6194305599389,312.2218644069829,387.39270,3873927000
966.1683070310565,218.92167497676218,387.61640,3876164000
1051.0628328815937,145.5987773867532,387.83820,3878382000
951.9619094116204,242.50891347582183,388.06340,3880634000
761.8408494871427,240.08464797554652,388.30380,3883038000
616.1059745463501,202.98912832130569,388.53380,3885338000
510.12016198423714,196.3361177400683,388.76030,3887603000
450.4244531469867,170.63073629788536,388.98270,3889827000
380.5767312817242,210.16810878490242,389.19990,3891999000
432.47376128798703,216.05351318217515,389.43780,3894378000
639.0609058578,160.15075722568838,389.66850,3896685000
573.9555191664189,48.83669956723385,389.89600,3898960000
475.88242709184334,50.104226593054776,390.12550,3901255000
378.9412496317256,116.2514138446522,390.35430,3903543000
328.99149744612635,144.90164527501486,390.57010,3905701000
311.37306724517316,118.93606407139347,390.79230,3907923000
427.79350669412975,367.53223595050645,391.01610,3910161000
311.332744870892,374.58368683837267,391.23710,3912371000
414.19387255437255,523.9791995854292,391.46120,3914612000
479.6883291583125,619.158341164871,391.68450,3916845000
530.8645276897046,663.561788739162,391.90690,3919069000
497.45939501024463,713.95279409663,392.13470,3921347000
615.6607190913146,776.6476707562875,392.35500,3923550000
687.3552604124574,876.5215254068652,392.57680,3925768000
696.6550786655866,733.7843624815309,392.81920,3928192000
767.4922564718779,840.9960664228303,393.05120,3930512000
777.391262707443,878.3142637514053,393.26770,3932677000
701.7577469720201,908.8193244194595,393.49840,3934984000
810.8234052994077,819.7496361160643,393.73390,3937339000
913.7897301801738,788.5973736533628,393.96140,3939614000
1034.034518348107,704.1595164007597,394.19660,3941966000
1102.267988674644,667.9381432580499,394.42250,3944225000
1135.9125180475362,654.4463737839018,394.65290,3946529000
1089.6220648582923,670.2683059571164,394.89490,3948949000
1072.3058862163136,665.8289758022696,395.13030,3951303000
981.0268370656115,673.0670054887545,395.36810,3953681000
994.7637100622142,620.3436210176792,395.58700,3955870000
1077.8092054861634,515.6599821179528,395.82090,3958209000
1055.3462576033794,447.73706210313986,396.04580,3960458000
1065.2413852946818,386.48509640265064,396.26460,3962646000
1002.6247532951652,395.23406494656797,396.48520,3964852000
935.2481368280169,343.6016344973834,396.70690,3967069000
967.9838049065977,390.11694683708424,396.92780,3969278000
782.6179084724375,503.4342418366791,397.14460,3971446000
671.0544188617465,420.4194025584355,397.36060,3973606000
441.60276578635415,398.5616931632605,397.58580,3975858000
361.96472353282553,403.13492726107046,397.80730,3978073000
443.21155651835727,352.5969784726968,398.03030,3980303000
448.59407607268537,353.5642419463454,398.24580,3982458000
474.3117777690387,352.6527430442749,398.46650,3984665000
349.94310013167376,373.65257110391246,398.68810,3986881000
328.75963961165763,370.3870090423868,398.91280,3989128000
268.6350102133114,378.1202704100722,399.13870,3991387000
263.7353633114038,386.49663519711225,399.38220,3993822000
302.9620187930508,432.0777668010835,399.60510,3996051000
325.9068938815027,444.68177877908226,399.83560,3998356000
495.44946816870697,435.76549988865133,400.06810,4000681000
582.7968900878002,395.8586433713824,400.29090,4002909000
614.8798598932867,423.294622563909,400.53190,4005319000
566.7379459568365,416.58639435103083,400.75690,4007569000
555.4325005681156,446.03215280340015,400.98870,4009887000
650.7139939091132,428.3584175828173,401.22130,4012213000
797.2181685220442,384.00935616080176,401.45670,4014567000
984.228744183065,391.9566864788461,401.72070,4017207000
1182.0997641458537,435.45002127748575,401.95420,4019542000
1246.1785042956483,324.1527602207944,402.18340,4021834000
1296.5734016559459,319.4333352190102,402.41430,4024143000
1120.7838116925961,374.0187658796333,402.66210,4026621000
1025.948041895226,428.0891213433534,402.89490,4028949000
971.2110667418183,381.1313715094609,403.12220,4031222000
885.0180475762919,315.64949915760025,403.34900,4033490000
935.3194601890152,407.799591595547,403.56810,4035681000
865.0522135489259,448.1534516055118,403.82140,4038214000
777.1630470070788,419.4295262161711,404.04420,4040442000
723.6643263975101,399.42225265528043,404.26550,4042655000
612.5254357626277,423.0703020812345,404.48660,4044866000
522.2899929612764,366.9796413941399,404.73120,4047312000
539.2015920034773,387.7062351915779,404.94910,4049491000
570.0672116127894,331.8444146699402,405.16990,4051699000
615.3798107963047,284.50575572755264,405.39360,4053936000
607.4367346015532,292.9699213696171,405.61370,4056137000
560.59059440157,269.42133062113595,405.83610,4058361000
563.5059818494614,315.88132026939553,406.12120,4061212000
463.74595425589985,344.32135518262834,406.34910,4063491000
532.0302768550259,331.5641537352627,406.56560,4065656000
652.1895496049075,319.61015395364603,406.78900,4067890000
692.3139238882311,310.39646478699666,407.01900,4070190000
608.7373130656168,251.0829252420942,407.24550,4072455000
446.1279845693542,317.5755064635261,407.50750,4075075000
646.1266360436294,313.18973015726124,407.74560,4077456000
735.9512332336949,345.888319365319,407.99880,4079988000
746.5946770330081,401.5414123058515,408.25910,4082591000
714.7025343618941,431.38139601845796,408.54420,4085442000
835.5105353749194,520.8492602788439,408.77380,4087738000
775.7820979271607,541.6156851018376,409.00140,4090014000
746.023862357023,522.866733786225,409.23110,4092311000
696.6301999946195,500.45146701278384,409.46520,4094652000
614.0154472018518,430.3843042203992,409.69510,4096951000
560.6573933939175,438.8029361015274,409.92900,4099290000
518.1082071058802,412.2144849794867,410.20430,4102043000
661.8270813574686,382.41842612425364,410.42890,4104289000
741.2867298658591,345.13056314660633,410.65420,4106542000
744.7171164533905,351.1313493267745,410.88640,4108864000
712.3091814221276,351.51831941860036,411.11580,4111158000
673.6933377090238,368.5571516556161,411.33850,4113385000
700.4393638657291,407.44409768814955,411.57120,4115712000
775.382425551198,401.934082028608,411.79840,4117984000
827.2253350342978,507.6675214005488,412.01640,4120164000
673.4365697332945,533.7935476712897,412.23700,4122370000
625.5615270512839,464.57026781802017,412.47020,4124702000
623.5472730014066,431.1338142097673,412.70120,4127012000
692.886380191133,420.1823623485241,412.93420,4129342000
651.2672693323454,405.9678005529342,413.15700,4131570000
610.0164156446373,377.37681805967947,413.38090,4133809000
628.1654099045347,401.6768907607205,413.60020,4136002000
578.8526366316415,395.19205957496786,413.84070,4138407000
513.0542507510354,436.84957122563065,414.07070,4140707000
423.4981932905581,410.61442536809915,414.29140,4142914000
613.0091760359503,415.93653020269375,414.52400,4145240000
856.3909372397541,482.872509764267,414.76360,4147636000
1028.5001122887952,556.7975300075303,415.01550,4150155000
1206.080476422779,614.067077194858,415.24280,4152428000
1216.7150932452914,601.3959563717758,415.47790,4154779000
1166.914743545268,619.9771058879542,415.70540,4157054000
1165.008442702787,591.9625782801595,415.92650,4159265000
1214.1647359355618,497.39848965555,416.15410,4161541000
1318.5846282819116,390.7749087710114,416.38160,4163816000
1369.0867347682818,352.1329289616866,416.61070,4166107000
1475.3049174721918,328.0022748230326,416.84530,4168453000
1506.9456840158518,327.26294085021846,417.07420,4170742000
1507.2455067676478,417.10403951679893,417.31360,4173136000
1536.6074116285786,413.19043123324826,417.54060,4175406000
1504.195228310704,405.4635944128861,417.76420,4177642000
1361.209453308948,361.79858609201534,417.98490,4179849000
1177.3537173840255,286.35577532192195,418.21020,4182102000
1173.9938777098907,156.83357198956855,418.44870,4184487000
1135.4417728686876,200.2089342691919,418.67340,4186734000
1158.2538992450613,152.4157497872921,418.90540,4189054000
1155.2944690174636,117.63975126862658,419.13530,4191353000
1012.6689877378055,95.1130611455623,419.40450,4194045000
933.5265834292968,52.75674739939927,419.65200,4196520000
891.6875758946018,30.339937195918765,419.87060,4198706000
792.8260077614622,21.191819391054874,420.09910,4200991000
756.2296750670682,70.30378906213284,420.32400,4203240000
757.0636370982436,120.971775055176,420.54380,4205438000
736.6325575716407,90.29502693910092,420.78280,4207828000
788.3896583145566,118.39619824851319,421.01260,4210126000
823.4467369940253,51.906172557268455,421.24660,4212466000
743.3474895405956,72.9370161207786,421.47380,4214738000
695.4886217010226,172.05775564937795,421.73990,4217399000
504.45018238405805,167.65284804385504,421.96790,4219679000
440.99393355758417,200.63675919055768,422.22180,4222218000
370.1869050300803,295.9840436614807,422.46810,4224681000
315.55795884415267,336.8521595560081,422.70240,4227024000
301.13136471850925,343.32270458486613,422.94680,4229468000
346.22840139502875,296.96427095206286,423.18880,4231888000
386.7721994977567,259.1599874793385,423.42130,4234213000
516.0538708861149,257.0229968885845,423.65760,4236576000
605.6262443451081,267.9997859628541,423.89490,4238949000
733.17483598397,301.49861926409477,424.12150,4241215000
910.0557951626342,373.1287712827554,424.35770,4243577000
936.654114231523,394.24625118674373,424.59090,4245909000
1007.8505332542354,393.6156343129443,424.82030,4248203000
1141.9968073921543,390.4223851191854,425.04380,4250438000
1241.0680681559677,384.86105171570955,425.27530,4252753000
1473.818360829085,422.368528909622,425.50590,4255059000
1612.3301284043412,358.35148487839433,425.73510,4257351000
1701.9951022129053,331.6298783001414,425.96250,4259625000
1581.6219801808984,327.2097104785616,426.21010,4262101000
1460.0825335824698,329.94210814801204,426.44300,4264430000
1335.7741376889758,346.1263007104903,426.68620,4266862000
1103.9325644058574,456.10492786296345,426.91420,4269142000
762.4835143787491,519.8873995647845,427.15530,4271553000
603.417478097052,502.77558615896083,427.39160,4273916000
484.8935115077974,483.3807457212208,427.62060,4276206000
365.66436650501197,472.43590025575685,427.85190,4278519000
272.8336596896755,394.9822935064818,428.08010,4280801000
207.3829545606222,410.05091301225264,428.32360,4283236000
140.05043083319157,426.19284499453903,428.55760,4285576000
124.80576683181857,438.21230750105906,428.78570,4287857000
122.57192254638535,447.2196360408807,429.00720,4290072000
143.53873899009247,365.809300596668,429.24860,4292486000
214.12828340707625,325.4755105657959,429.47130,4294713000
296.6615578651233,274.91762205553084,429.70050,4297005000
308.76010178806206,319.0580278001859,429.92200,4299220000
290.9562225469336,329.1626847488925,430.14590,4301459000
222.3995968974474,358.72691069890476,430.37630,4303763000
179.903117501416,394.02896424232154,430.59560,4305956000
170.45586262822388,441.7082860966769,430.81390,4308139000
183.71031190940647,456.62974687832536,431.03300,4310330000
143.77697126952404,428.575812050048,431.25810,4312581000
116.92281603812056,460.2368624255832,431.48620,4314862000
168.8453589190023,506.16433557288065,431.72310,4317231000
145.46801437627158,544.6705388465415,431.95000,4319500000
118.08718702441516,531.4957314968156,432.17020,4321702000
140.65845849133905,510.6320455691267,432.39200,4323920000
185.7981861619289,464.9250906411907,432.65280,4326528000
300.7948514754644,499.18852287790185,432.87410,4328741000
336.3315222797001,489.807840133463,433.10040,4331004000
531.8979340617468,495.8820309840981,433.32490,4333249000
718.1883297512325,585.4875583292167,433.55290,4335529000
815.0980837447539,628.7984252991902,433.77640,4337764000
902.2308074132296,677.625677776529,434.01330,4340133000
1021.3841448110185,643.2742753391609,434.27460,4342746000
1175.8758168071708,609.9752876648502,434.52710,4345271000
1181.1502110414417,632.7522270967319,434.78050,4347805000
1148.8936843787897,623.4199848726623,435.04350,4350435000
1201.8876372929285,567.4450943252579,435.28110,4352811000
1215.9068256298995,499.90228933700286,435.51320,4355132000
1051.953634945116,560.7475751557761,435.73860,4357386000
1009.9603013488257,540.5194539938951,435.96660,4359666000
831.9205682108668,472.3881252193005,436.19900,4361990000
931.8835631275482,436.3611353701629,436.43130,4364313000
981.9033892605667,408.82251265206565,436.66000,4366600000
992.7152870474351,426.5684810761577,436.89670,4368967000
1008.0923895671543,483.2502491424093,437.16310,4371631000
1105.0332723353456,462.4903153413441,437.38820,4373882000
1072.8009749633782,465.27601373524607,437.61040,4376104000
1137.352706490746,470.3270583099884,437.83080,4378308000
890.1615149411323,420.3727840102135,438.06130,4380613000
741.9634648683278,410.66094790127073,438.30250,4383025000
676.7148014945346,392.7736093124426,438.53230,4385323000
703.7988255967904,346.21118779616967,438.76490,4387649000
634.993273068101,307.60196194160926,438.99760,4389976000
487.42319708093765,291.01162749995,439.22540,4392254000
329.531329008325,324.6600640878349,439.46170,4394617000
305.7988270704596,393.8944310583099,439.69590,4396959000
271.4530225973704,457.9351619912091,439.92710,4399271000
159.7783149408843,457.57119920542686,440.16330,4401633000
168.7578719636979,497.70536536361436,440.39450,4403945000
134.63414712624953,465.40314837855874,440.62310,4406231000
148.69779586259403,444.016675553575,440.85650,4408565000
165.94092523064788,451.00683956043844,441.10290,4411029000
226.9066724629041,533.1065787929781,441.34040,4413404000
320.6346442531087,494.7213363243841,441.58160,4415816000
310.5437621330338,392.6217985352948,441.80470,4418047000
301.37563556175365,412.09847820817083,442.03390,4420339000
460.11469619323634,511.90572618408453,442.26880,4422688000
503.36695060895465,468.2948140588436,442.51010,4425101000
551.4307062378135,536.5451263200578,442.74290,4427429000
755.2657424308145,572.2976840920646,442.97490,4429749000
986.4212159229746,567.795861963274,443.21290,4432129000
1157.9931813333844,592.0184636035707,443.44590,4434459000
1027.2825373568585,566.675404578825,443.68100,4436810000
832.2809724141041,597.4152514099869,443.92690,4439269000
864.661578449302,530.4623921564712,444.17240,4441724000
842.0958855494689,418.82376222720717,444.41150,4444115000
889.8993452765416,385.95559502289086,444.64310,4446431000
854.0910508635876,314.1060305927838,444.88620,4448862000
837.2354857161556,248.12485982425244,445.13530,4451353000
875.6699509604866,304.4893919279567,445.36960,4453696000
951.9205046702102,405.05249885812566,445.61750,4456175000
1055.0941954439686,541.410293143749,445.85430,4458543000
1189.2400974723814,631.5698006104082,446.09490,4460949000
1254.12521977231,524.13636123612,446.33590,4463359000
1266.8240259123015,514.760812647029,446.57910,4465791000
1245.6342563382223,554.6908575740933,446.82470,4468247000
1294.7110890686704,644.7025722651887,447.05550,4470555000
1274.3178242015638,637.221017229699,447.29990,4472999000
1100.4247694944336,541.8710002527091,447.56420,4475642000
972.6507260779374,524.1514240203325,447.79980,4477998000
803.5023971735762,471.2347230322492,448.03130,4480313000
848.9107380393777,545.2354085740669,448.26840,4482684000
791.0582278490982,665.4438293878817,448.49950,4484995000
592.1039391268088,659.4206101444864,448.72110,4487211000
357.95361114983393,567.1456579034262,448.95390,4489539000
190.89709592697608,487.8555926645437,449.18940,4491894000
82.26922775113782,465.4230266820809,449.43200,4494320000
9.509451463220543,385.62672331651595,449.66730,4496673000
100.37878166554216,317.7086073469036,449.89490,4498949000
54.81679112479348,324.8751142881672,450.14160,4501416000
76.47321237528979,306.85112023782915,450.36600,4503660000
160.6607935589402,349.22633694863777,450.59170,4505917000
152.08169374583485,380.5453123386868,450.80930,4508093000
117.84172646055343,352.9313591009436,451.04540,4510454000
88.63615479832927,372.6087521667764,451.27590,4512759000
92.35744061318205,371.85853905822444,451.50790,4515079000
153.9215090086867,335.96899108836334,451.73080,4517308000
297.8747183926914,374.8202476184618,451.96180,4519618000
392.1232654560372,407.3299904129468,452.19010,4521901000
406.4305293643542,476.29310714528924,452.41890,4524189000
510.27039317079505,496.8783106429039,452.65050,4526505000
513.9982690995076,530.1868890990929,452.87890,4528789000
344.63170007141457,574.1844660854417,453.10400,4531040000
224.4342028035918,508.38339141655075,453.33040,4533304000
210.66659713788619,421.0272201153171,453.56870,4535687000
234.71423041495746,439.0466638248062,453.81120,4538112000
476.14178806667917,382.8462858875995,454.04120,4540412000
601.7211492507676,340.34930720401485,454.28360,4542836000
780.2762984954984,337.3643358687568,454.51980,4545198000
891.2284426852808,463.2485720106537,454.75780,4547578000
907.332948292513,571.7912234209339,454.98820,4549882000
1072.3147130142652,625.0170807594762,455.22180,4552218000
1015.3620562046835,532.6692552092411,455.44700,4554470000
1158.239075446171,408.4469553406493,455.68300,4556830000
1305.7572513511689,350.49822068815456,455.91130,4559113000
1279.8895908756565,353.5015260864258,456.14930,4561493000
1344.8016572807096,344.46712944606196,456.36970,4563697000
1561.990129485127,303.381179893979,456.59590,4565959000
1564.203058091187,311.63578194762647,456.82770,4568277000
1515.8920022392667,347.3733305747165,457.05540,4570554000
1409.0794089923754,289.82046211862837,457.28930,4572893000
1091.3130185211423,273.29953012561384,457.58110,4575811000
799.8263061832411,305.6081160213668,457.83730,4578373000
651.758330674818,359.8335510309638,458.06970,4580697000
661.5917748947145,396.3004799770404,458.32340,4583234000
692.473302043511,462.16654368821435,458.58100,4585810000
655.5344137861556,528.8821994597214,458.86570,4588657000
536.5976018419208,515.498222466671,459.11520,4591152000
340.7013256525439,539.6876442175975,459.36790,4593679000
319.30654385287744,551.1655850658606,459.59620,4595962000
288.1568511565996,566.9141042528654,459.84220,4598422000
240.9454816127744,520.203151146764,460.07410,4600741000
352.69022970242384,502.3531271973379,460.31190,4603119000
454.54172588711265,547.0278744636951,460.57220,4605722000
528.825549548552,650.5218445408261,460.83480,4608348000
609.8095989836299,623.520193314481,461.07790,4610779000
682.9484312824438,565.1419762250134,461.30570,4613057000
720.5494717223365,538.2769262572268,461.58860,4615886000
809.6018492345072,529.7836102168054,461.86740,4618674000
920.6451315371723,461.28697410786197,462.09430,4620943000
915.265587332641,477.50634108818036,462.37860,4623786000
920.8356984744732,496.4778932935427,462.60650,4626065000
906.7308016914069,484.0846457257335,462.85460,4628546000
908.6322817771725,534.8834835422953,463.08400,4630840000
725.4953539091081,572.0311657063389,463.36430,4633643000
636.7200625479543,602.1337015106299,463.60160,4636016000
496.5798860991252,669.9151685822744,463.84260,4638426000
683.4206663241146,617.3040102305005,464.08710,4640871000
895.8341883383708,542.8048069552437,464.34910,4643491000
1033.2469102713992,484.7001060451402,464.58070,4645807000
1207.1290617174193,506.07609040031025,464.82610,4648261000
1269.6126547711071,513.2391476232692,465.05850,4650585000
1300.9031425276025,539.693146080099,465.29500,4652950000
1246.5548010107632,591.7353244691915,465.54010,4655401000
1131.7366920151749,662.126278448181,465.77820,4657782000
1038.8842097722327,671.3364789129486,466.00390,4660039000
974.6835524824646,663.0779971096201,466.23870,4662387000
851.6556908472157,636.4457937691208,466.46970,4664697000
708.2571593821426,628.633656671215,466.70160,4667016000
785.5558594852312,623.0878036941938,466.93890,4669389000
764.2900012931555,566.5818509412325,467.17740,4671774000
708.7482120588855,589.6745091258987,467.40300,4674030000
665.0902439160593,554.7617527928116,467.63700,4676370000
622.894567650574,521.6063347288201,467.86840,4678684000
641.3327294370368,628.4373463247516,468.09930,4680993000
459.9742133924737,539.5957822706096,468.32910,4683291000
397.10795111152856,485.2668368341778,468.56650,4685665000
278.74106107110526,367.4168205997008,468.78940,4687894000
253.71482546503043,325.13266244830305,469.02150,4690215000
297.657511486444,396.2062748174051,469.25380,4692538000
306.96358661815833,381.9469339474133,469.50120,4695012000
202.17029578374888,316.95871342619347,469.72960,4697296000
233.78324026725176,330.7755757524288,469.95330,4699533000
236.25935177560717,334.1540748468234,470.19470,4701947000
202.74184428565513,262.0726423075556,470.43340,4704334000
201.63414851161124,204.78889956539842,470.67010,4706701000
217.19104237369822,290.3498088555483,470.91050,4709105000
239.6507996813853,344.80363890438576,471.13810,4711381000
269.6629746330107,444.4289599054089,471.36780,4713678000
271.12278461223883,546.2703945368394,471.59990,4715999000
309.8917525657931,468.21998030189246,471.82820,4718282000
430.5083125934334,503.2464850244222,472.05600,4720560000
577.5685455680059,524.6846715276351,472.31780,4723178000
619.4715551819162,604.0521627233674,472.54090,4725409000
719.2781465998467,493.5974625997003,472.80010,4728001000
807.0176826294346,479.0305709869966,473.04620,4730462000
755.4965222497742,456.67302733137655,473.26120,4732612000
739.6142301130237,341.65342630519234,473.49040,4734904000
717.8746254584598,346.14190989313283,473.71610,4737161000
707.5196952292911,356.77688514780425,473.95920,4739592000
661.6601755973961,309.16547683988733,474.18830,4741883000
659.1962103298807,381.7232796809725,474.41470,4744147000
676.6346526415182,464.91881731519914,474.65000,4746500000
695.9866331265944,504.86816504268313,474.88130,4748813000
654.7478415169774,529.6222430962082,475.10540,4751054000
461.0458121208203,462.16867709000115,475.33360,4753336000
400.85193861399364,452.5152940026883,475.55760,4755576000
412.1839083481665,468.2817970602807,475.79240,4757924000
303.23098188429964,461.38264698883506,476.03740,4760374000
215.60439439798142,376.8684470784403,476.27290,4762729000
166.09504986940607,316.0627867043251,476.50800,4765080000
239.59207489840617,227.40836991647683,476.74360,4767436000
339.98099804176485,254.11272919697558,476.97060,4769706000
424.29548503431056,252.60415963482413,477.19520,4771952000
583.8476579092643,140.58047821664115,477.42130,4774213000
774.3733176988383,219.04309387023855,477.64450,4776445000
880.2622290860972,266.0401799061033,477.86770,4778677000
857.2860527618633,257.98271891780655,478.09330,4780933000
855.7829445753705,187.41228609308797,478.31890,4783189000
877.3600105828201,352.68334173061976,478.57960,4785796000
902.1278346288168,381.3744511068649,478.82410,4788241000
761.3824411210084,371.2442670581413,479.05570,4790557000
780.3622408769364,493.4942640512343,479.27660,4792766000
805.6772309817668,529.2507490283657,479.50050,4795005000
685.7189943830728,578.0516453399491,479.72720,4797272000
558.7502879806941,596.707620510251,479.94760,4799476000
481.9867770166923,597.2483005356207,480.17440,4801744000
433.7012385402809,566.6446983296585,480.40260,4804026000
488.48862601548774,527.0721115053926,480.62460,4806246000
654.7069116688075,496.2632484265577,480.85060,4808506000
880.3590954288647,357.39059232413143,481.07680,4810768000
829.5960071817013,413.38488789758503,481.31340,4813134000
972.2639934999439,297.9615972734467,481.54600,4815460000
899.0371059398198,433.37546677605087,481.76980,4817698000
757.0414216907195,523.6867495579891,481.99110,4819911000
704.8732829092786,630.015531368032,482.23790,4822379000
494.0005682452106,622.8053126650362,482.49920,4824992000
382.8330105814447,678.2126573234838,482.73530,4827353000
306.2128874800544,607.8979846212449,482.96500,4829650000
380.85175103847473,475.9560030836129,483.21780,4832178000
421.47921946192525,380.175503918445,483.46080,4834608000
359.05234288354535,300.3092785389006,483.68550,4836855000
550.6202033494646,330.96692140371283,483.92160,4839216000
554.144861226225,285.90610552573287,484.15360,4841536000
588.8147357709355,228.30352810091503,484.39620,4843962000
643.1742222535681,347.3078062793455,484.63510,4846351000
672.4072307353249,336.9410031992525,484.86390,4848639000
909.0478985433366,348.60222306898305,485.09980,4850998000
998.8036040737684,439.7570090085452,485.33060,4853306000
1003.9640616731757,515.4488800765573,485.56420,4855642000
908.5525159292897,584.2200694261576,485.79460,4857946000
939.2135154953144,604.3740685560138,486.02950,4860295000
691.8741625785972,507.2516322103124,486.26360,4862636000
487.94179674582983,461.83014249716143,486.50430,4865043000
399.8952746161366,489.66173443836476,486.74170,4867417000
395.2555645073143,595.5752361827232,486.97170,4869717000
324.6169820378969,625.2642261519198,487.19970,4871997000
500.71672476081005,580.3124691940357,487.47300,4874730000
632.3733951287728,517.0110385936616,487.72960,4877296000
562.5587151966387,469.0600938425927,487.95850,4879585000
478.41818383896725,398.7708527894679,488.17820,4881782000
308.83735263908943,418.91355101367964,488.40060,4884006000
187.86786153314796,437.42583719195983,488.62920,4886292000
283.57063836302075,503.1260381867157,488.85880,4888588000
236.9084321090064,578.5948848898552,489.09810,4890981000
241.31025311609386,725.7846169867129,489.32140,4893214000
100.71484956764918,750.5717686269542,489.54380,4895438000
86.72351350636674,563.592439918648,489.80310,4898031000
-102.46701433132252,479.9562067700293,490.04170,4900417000
-178.5773444825835,339.23883926997314,490.25950,4902595000
-182.71574581875288,230.97946434477723,490.48250,4904825000
-158.6696006465354,251.41230151153155,490.70950,4907095000
45.88214228316761,269.9904322909256,490.96100,4909610000
1.3132985635931362,216.55059453130448,491.18370,4911837000
68.98953383696224,223.49009368537256,491.40840,4914084000
164.43344198289418,177.0076750204841,491.64870,4916487000
244.1930553273961,235.76352517597581,491.89030,4918903000
327.33492135972836,218.6786111316445,492.12690,4921269000
500.71833567901774,276.46671882720386,492.36410,4923641000
871.7896781058089,328.8464613051446,492.61170,4926117000
722.0348293187027,323.8350591053277,492.90720,4929072000
919.0495711072506,305.4619370813265,493.14180,4931418000
1030.1166415322768,305.46655762972324,493.37350,4933735000
1251.1801490573866,244.50884690767327,493.60650,4936065000
1275.0443033456017,198.4659101318048,493.84390,4938439000
1192.6311202594081,228.94526853934775,494.09690,4940969000
955.0925943335167,294.21120766010756,494.33060,4943306000
826.3508585314755,223.91543231185335,494.55750,4945575000
773.5567480477127,203.3378839793447,494.79030,4947903000
672.9843640467818,250.34499766974545,495.02550,4950255000
596.282201041479,265.2437410595774,495.26430,4952643000
686.6899270849603,352.91032468526623,495.49490,4954949000
683.9955018795531,473.1084417377623,495.73890,4957389000
590.163663635492,492.55837555432475,495.97150,4959715000
612.635843572754,470.6352743356852,496.20180,4962018000
575.2034030922465,516.8458069979407,496.43040,4964304000
377.19321499248343,453.27893422014057,496.66370,4966637000
256.60475042663,348.8352437315518,496.91390,4969139000
220.5537827255294,316.8769590594796,497.15090,4971509000
225.16353054630508,323.1104588254562,497.39440,4973944000
319.4549759846533,369.3136597653539,497.62120,4976212000
424.8578956296238,431.6828325502188,497.84800,4978480000
486.56349035187435,477.0470321218415,498.07110,4980711000
542.6885346625096,585.689277614232,498.29310,4982931000
644.7666252576798,641.5232154121599,498.50870,4985087000
713.596608417395,643.2960061761937,498.73070,4987307000
739.830946010771,658.601391938768,498.95680,4989568000
701.9198174991359,769.9605523753858,499.18520,4991852000
644.9266183739243,871.5935908166813,499.40630,4994063000
596.7112711093912,878.9864614002475,499.63190,4996319000
536.8689797794557,760.9840575474673,499.86020,4998602000
412.89522470334407,621.3648805289479,500.07920,5000792000
381.9975268689457,541.2040771023809,500.30340,5003034000
352.8738244164609,463.22334692753395,500.53040,5005304000
312.25582857968595,421.85839330056024,500.75110,5007511000
227.8836899488832,371.8237258456278,500.96670,5009667000
238.71891012714377,311.53569599136625,501.20760,5012076000
331.684371820672,314.34795262787515,501.43070,5014307000
421.4119018382595,309.77752357737086,501.65170,5016517000
486.14955268622026,318.16440789950497,501.88220,5018822000
514.5819945068845,240.29367666606132,502.13020,5021302000
596.4438897610443,179.85325986966438,502.35090,5023509000
610.9216234077459,237.78863610103093,502.57510,5025751000
651.2683483005776,317.0464601190982,502.79310,5027931000
583.974795334645,396.90284941761365,503.03200,5030320000
465.99001892086346,531.0678804497902,503.25210,5032521000
443.6430872104348,586.1614816745819,503.48890,5034889000
452.7140390039421,638.1134102928975,503.70510,5037051000
543.7048855969283,648.441743161959,503.92630,5039263000
583.8811587943266,618.846050329985,504.15710,5041571000
635.4744264065325,521.1689975987581,504.38350,5043835000
550.9678951415849,472.636572687049,504.61060,5046106000
545.0958326923609,446.1748172405656,504.85370,5048537000
569.8645571556517,470.50019548043247,505.07850,5050785000
508.550073824313,510.89008515247565,505.29910,5052991000
495.37068794861665,425.6777690094611,505.53130,5055313000
549.8843269055545,411.4593206567835,505.75660,5057566000
531.7422879400314,417.2189060914485,505.98270,5059827000
513.8869076412664,450.505060661529,506.21160,5062116000
512.3373479355839,509.7949637706806,506.44690,5064469000
376.2876610528499,574.2636786780897,506.69110,5066911000
337.09467058337384,662.2541678789966,506.93260,5069326000
290.1056006005232,729.7544396605474,507.15860,5071586000
270.7903985102602,751.1384945185973,507.38920,5073892000
247.6236622791885,754.0964261360557,507.61620,5076162000
464.69287935656195,794.4584867269494,507.84800,5078480000
687.2609020213133,843.8037459862787,508.08000,5080800000
798.8828386773142,864.4417937075069,508.31360,5083136000
1040.301380428097,793.8548995754192,508.54190,5085419000
904.8591133127918,729.9292836788851,508.78330,5087833000
847.0942228885842,626.0033385587393,509.02100,5090210000
753.5569802809013,560.0783893653086,509.25500,5092550000
675.3818313279273,483.2525331607738,509.48410,5094841000
617.3722796655118,457.72848951304456,509.71540,5097154000
619.9318586890338,424.15135556912566,509.94720,5099472000
551.1573510772715,340.4760153945457,510.18230,5101823000
498.49296500241405,337.30403919028157,510.42860,5104286000
696.6398106203721,346.6860554951099,510.66310,5106631000
784.0621714881829,417.45189530030245,510.94800,5109480000
948.7267324266847,409.6101747805826,511.18750,5111875000
1107.6199227303823,370.73163631345176,511.42190,5114219000
1172.04982597418,424.23107331871626,511.68000,5116800000
1239.2995679775709,443.66498108344945,511.90960,5119096000
1201.5908104877353,563.8410834419999,512.14190,5121419000
1045.2583541319702,698.0554191143764,512.39860,5123986000
1055.7035036644625,683.8052119451746,512.62950,5126295000
1079.9871798188863,762.0048826280213,512.85620,5128562000
1095.4644377728407,751.0746792374323,513.09720,5130972000
938.4238371324017,654.6209038270233,513.33050,5133305000
801.4774652333407,637.2629045702647,513.61750,5136175000
719.627306529398,668.314074593446,513.88880,5138888000
530.5195753636979,744.1088645643159,514.12660,5141266000
382.2583286625175,760.925580853105,514.37110,5143711000
307.15382485192464,709.7286322003632,514.62430,5146243000
201.25041437561538,604.9444716126503,514.84810,5148481000
192.99331114032015,531.1713310498484,515.07350,5150735000
97.12099183881737,493.2640046575446,515.29640,5152964000
42.311203689772675,463.6508222809301,515.55510,5155551000
122.86181950340568,441.67564673330844,515.82240,5158224000
167.16992342808953,422.9268131114316,516.05110,5160511000
257.43292424599167,536.9846952392921,516.28610,5162861000
243.88712650578833,605.0032135115102,516.53810,5165381000
274.53796295837594,645.9752568597934,516.76880,5167688000
172.62417139782062,584.2616499457283,517.03690,5170369000
251.96612494597983,500.6727841641329,517.27880,5172788000
397.7396820056229,452.37535198243495,517.56080,5175608000
527.3462283587571,352.30554958445117,517.86170,5178617000
477.0543667690159,315.9101395252009,518.07890,5180789000
407.4980519972387,362.28022101467775,518.30880,5183088000
365.64972999063036,319.7408778083566,518.54030,5185403000
307.01233239157483,314.96377767529236,518.77300,5187730000
351.92689410559376,324.6346736148265,518.99870,5189987000
298.9855666016728,354.14487731000753,519.23220,5192322000
356.40991274852615,385.63060416789557,519.47080,5194708000
438.6540409792074,367.7888449306076,519.70420,5197042000
474.39835920182156,381.4094352921787,519.93620,5199362000
425.7975197548151,401.3616523980239,520.18150,5201815000
484.6659962300231,359.38459588035886,520.42160,5204216000
375.0587695384122,455.97713206513566,520.65890,5206589000
315.03467105972203,481.08467614745854,520.89340,5208934000
305.2863658960497,565.4051338435661,521.12630,5211263000
252.8547633357548,639.6120875621715,521.35480,5213548000
193.14469689050523,641.4533219084941,521.58900,5215890000
201.47587618596881,628.0287990955039,521.82460,5218246000
344.5123630836025,556.5817628268218,522.05870,5220587000
428.239626428508,502.44493575816784,522.28550,5222855000
395.98383823627614,480.02278824679973,522.51100,5225110000
414.0343498066949,417.0169736629985,522.73930,5227393000
353.19490908536864,426.63281053412453,522.97210,5229721000
343.71170895871705,404.20955544077583,523.20130,5232013000
288.54107935842853,428.7385423897531,523.43700,5234370000
294.9344674182799,420.3578700809064,523.66030,5236603000
352.7390155328797,430.22496506436875,523.89160,5238916000
313.4290920840887,431.28954021976483,524.12470,5241247000
263.7485715726974,481.90271806133035,524.35860,5243586000
221.40494664769707,554.6501946211317,524.59260,5245926000
221.14825171293285,568.3469658110114,524.82290,5248229000
169.78835092945016,625.4370403827747,525.06370,5250637000
139.3763823508859,679.6521419403134,525.29330,5252933000
191.01806816095387,656.8988769145715,525.51890,5255189000
298.73394313041007,578.3641743299029,525.75770,5257577000
320.7207327407088,439.8908991727343,525.98830,5259883000
372.53420214936796,377.74096093894065,526.21390,5262139000
383.2499136636081,455.64319818914527,526.44240,5264424000
405.1736845226496,358.1268518923447,526.67370,5266737000
464.20389868381164,318.35773155462726,526.91600,5269160000
690.5062427764802,302.4828954601742,527.15360,5271536000
843.1435434086037,378.6674328597686,527.39180,5273918000
914.0148691591008,361.2632148819164,527.62280,5276228000
1027.818494731778,338.25245185541047,527.86710,5278671000
1059.2578643033748,424.21663392889775,528.10130,5281013000
910.2611377277985,495.7329164060614,528.32930,5283293000
750.2268030226413,583.149123961515,528.61380,5286138000
542.3643574933867,680.3041974158052,528.83820,5288382000
423.84053958226554,757.2649875260546,529.06380,5290638000
394.048459446133,826.8232113056441,529.29350,5292935000
509.56068161167633,787.8382638162232,529.51830,5295183000
666.4976455989802,829.9011594155199,529.73810,5297381000
682.5165551865936,768.775213205099,529.97030,5299703000
771.0793167895229,838.5841731956327,530.19140,5301914000
804.7542591008332,859.5691668253752,530.42440,5304244000
885.2137846334613,881.3924902544187,530.65570,5306557000
887.7527959394273,827.8775005352754,530.88860,5308886000
757.1578429719931,774.5230030047665,531.11460,5311146000
811.7550209189665,859.2697826109005,531.33780,5313378000
948.2180244995377,745.8608070297081,531.57400,5315740000
801.1412258819004,611.2933625203158,531.79810,5317981000
691.2394042189567,517.200691370708,532.02050,5320205000
743.4133958899955,503.17739209895615,532.25590,5322559000
836.6203296871954,429.9065387646637,532.49470,5324947000
692.1899901714397,390.9911637193013,532.72440,5327244000
514.238713503556,325.9845382396857,532.96270,5329627000
479.7651699353458,304.77753454899187,533.19010,5331901000
459.3517140116307,217.62165018197345,533.42770,5334277000
342.4861467136668,310.9175874200401,533.66520,5336652000
282.5880055584745,242.52639491393325,533.89520,5338952000
298.9458606777241,225.65265599331113,534.12880,5341288000
294.761715765492,241.7917755673057,534.36240,5343624000
285.62056979408305,297.5236849735314,534.59960,5345996000
381.3394154340807,346.09864069406524,534.82870,5348287000
405.8653751149753,362.664170281472,535.05410,5350541000
413.5459482549301,420.113533553658,535.27930,5352793000
377.2541466147291,350.78543503602054,535.50900,5355090000
410.40406614735946,331.3402228878207,535.73560,5357356000
568.8313529595912,413.2158774898268,535.96290,5359629000
759.2405839076465,361.9230233206633,536.19230,5361923000
831.4760325941858,339.38455251723434,536.41550,5364155000
887.8227408469731,382.86474898871285,536.63770,5366377000
788.6516301222567,534.3939785380107,536.86830,5368683000
709.7808680275049,607.8921630021765,537.10000,5371000000
851.9950949495301,749.6907982024774,537.33390,5373339000
646.9136241555854,762.1277872339266,537.56140,5375614000
486.492215739014,835.2316425276415,537.79670,5377967000
726.6208435130828,811.0857367229968,538.02460,5380246000
948.9800914757404,724.712060426185,538.25460,5382546000
1129.459836013337,744.7480344702221,538.48190,5384819000
958.2965665675395,703.960848375277,538.74770,5387477000
718.590935876121,603.5923844797137,538.99480,5389948000
541.8778188601885,562.200166399926,539.22550,5392255000
436.09617766547194,512.347167150918,539.47340,5394734000
295.7893582839525,571.3066382360679,539.74970,5397497000
227.0283915697785,640.9587913714159,539.99390,5399939000
476.376355300493,583.0873781145452,540.24130,5402413000
421.52020210638824,438.2975593525217,540.47230,5404723000
357.7175089783083,344.4864150171952,540.75890,5407589000
446.8998001416924,387.99343534373037,541.00390,5410039000
406.6985010045998,369.05626823134486,541.23490,5412349000
388.2791164458486,375.7810312216827,541.46870,5414687000
384.7026022285671,396.64648740486206,541.71110,5417111000
407.1593147512095,320.6723211758835,541.94780,5419478000
472.75210620295763,312.463794301866,542.17610,5421761000
366.8593086377046,355.60481933081024,542.40270,5424027000
375.4125915663421,398.18924858921565,542.65880,5426588000
399.61002428473836,468.2815004876377,542.89530,5428953000
316.86574152124354,495.68833553106464,543.16330,5431633000
383.4233149399899,496.04996928761494,543.39350,5433935000
419.8730256048362,583.5498844004926,543.65800,5436580000
337.71682455533903,686.6830948318409,543.89920,5438992000
305.3301931255254,683.2265557432306,544.13460,5441346000
379.7539700040579,727.2791458900599,544.36000,5443600000
323.1364315609548,663.6887465720381,544.59050,5445905000
325.5829452851728,673.7369529952146,544.81950,5448195000
473.40866458679267,801.8933799242623,545.05320,5450532000
542.0461041657909,819.3433057862796,545.29460,5452946000
536.8157608816103,827.6689304394791,545.52900,5455290000
479.15887295660036,810.171535666215,545.78140,5457814000
508.81944659974033,753.5572014689344,546.01630,5460163000
570.5687308885666,677.5282772288774,546.25230,5462523000
843.745642299493,627.386342988912,546.47500,5464750000
948.4850809041634,650.6714914637643,546.70390,5467039000
1093.6556909086257,532.219545521252,546.94680,5469468000
1135.2496667414198,578.5022531633886,547.17880,5471788000
979.3387459706242,589.2743154104238,547.39870,5473987000
928.5876707903413,495.92656408445845,547.63340,5476334000
784.7297278197558,380.1537019221472,547.87450,5478745000
698.522912514942,325.26381012124415,548.10340,5481034000
719.9085125787802,337.85331902832695,548.33500,5483350000
700.1828251901137,401.05812330337733,548.56650,5485665000
822.3534702414538,420.0486375875737,548.79230,5487923000
831.0819508914553,496.4348622774354,549.04240,5490424000
861.7840030683363,617.0797056454121,549.27980,5492798000
780.8378575733989,566.5743330495264,549.52740,5495274000
725.0156621342614,501.2644686829982,549.75920,5497592000
641.3591262608418,493.9190321527596,549.99380,5499938000
612.4308223327453,508.0577379361417,550.21690,5502169000
572.3874154362604,550.4946205201478,550.48500,5504850000
546.5853922757041,511.2234494784687,550.71210,5507121000
581.349623383915,475.8400380735146,550.95000,5509500000
665.2594102688689,464.16053432431715,551.18150,5511815000
642.0587468590292,497.8205097495009,551.40250,5514025000
577.6758637423324,553.630455756532,551.63240,5516324000
476.308115983266,536.2416351458429,551.86020,5518602000
486.1129812492715,585.4885519616959,552.09190,5520919000
419.17319114039464,529.5377001075747,552.31800,5523180000
530.3066071675939,506.4074965007869,552.53790,5525379000
563.7942034772052,528.0122805802446,552.76680,5527668000
669.7294085003381,469.2256982086266,552.99960,5529996000
785.7898205992402,535.6260603722538,553.22510,5532251000
951.3106577436365,475.4703165202819,553.44770,5534477000
976.055894499169,628.9173772092369,553.66850,5536685000
903.9729361683912,713.7555720522553,553.89000,5538900000
803.6775817728385,651.1944266160694,554.11700,5541170000
949.1622666584692,690.6848851300647,554.35240,5543524000
1058.1727232164235,668.7504462292641,554.58080,5545808000
1236.208897588658,703.3124452530881,554.83840,5548384000
1250.9490519053713,588.4501553807708,555.06920,5550692000
1098.923522023917,511.595595445836,555.29940,5552994000
990.2007713697028,470.04077243985404,555.52100,5555210000
874.4264568743777,461.0297560153921,555.73900,5557390000
710.1484212704163,389.57027934512416,555.95600,5559560000
630.9839973071015,365.877759850919,556.18160,5561816000
620.9537448273326,350.7226554282363,556.39960,5563996000
542.1605412604271,416.59507111810814,556.62480,5566248000
479.98850278616953,385.75974713488125,556.84800,5568480000
478.171180615056,400.74978409983754,557.06600,5570660000
642.072362166286,321.82249100562444,557.28470,5572847000
855.783118003343,315.16374814583884,557.52000,5575200000
1027.505516358611,342.8531630951553,557.74800,5577480000
922.3726125549289,271.01216044394147,557.98390,5579839000
870.9628357221205,313.49149108383943,558.21080,5582108000
665.2161696716049,308.6635985010908,558.44480,5584448000
525.5775344824269,286.11727374703196,558.67420,5586742000
412.5884387060828,270.13428521986657,558.92380,5589238000
501.9796135493045,296.58906175364024,559.14860,5591486000
598.7315640590414,329.8783872295525,559.37340,5593734000
513.8178580675163,355.75804239360866,559.60050,5596005000
568.6237093147604,307.40234108986897,559.83960,5598396000
682.7517365464221,271.65818698936556,560.07740,5600774000
607.0649186321776,208.25442499887274,560.31060,5603106000
574.689956080213,177.87960852916487,560.56030,5605603000
646.2612457514876,206.33831721690433,560.78540,5607854000
740.7233703710248,247.34239104474477,561.00720,5610072000
877.636068522388,270.983162093969,561.23440,5612344000
1002.777073137912,218.24517166076242,561.45800,5614580000
1126.6233507303912,200.6145881121463,561.68700,5616870000
939.5414975379265,231.2591625253486,561.92820,5619282000
687.1069857796763,171.9817971566871,562.16010,5621601000
622.0050561291994,259.3639427410179,562.39040,5623904000
630.5173105210145,216.92012466672142,562.61450,5626145000
726.2101564041106,171.3150267365575,562.83860,5628386000
737.8742557923345,201.52911117941036,563.05950,5630595000
736.8612612759822,246.1299898411585,563.28650,5632865000
532.9795305823919,226.37896943788922,563.51180,5635118000
466.01094027232284,247.4181947478719,563.76230,5637623000
373.3470745125845,256.15189306515606,564.02690,5640269000
297.39098508778056,273.4351952652014,564.27510,5642751000
205.96003037010684,268.31605780846843,564.50370,5645037000
206.84514971709223,279.7843434584617,564.72310,5647231000
157.6145131183841,334.59269076377774,564.96460,5649646000
132.07845945321876,336.0879114974344,565.19180,5651918000
147.91200591072106,256.35520277096947,565.41770,5654177000
290.66270106719526,272.12983393676336,565.66250,5656625000
243.2215640289636,227.72833724294682,565.90260,5659026000
265.33430534510836,175.04645588886768,566.12870,5661287000
240.7115825064401,174.7069704194655,566.38270,5663827000
309.7482068365049,274.08180198332656,566.63490,5666349000
327.0218027133341,443.07859009034064,566.87730,5668773000
219.6321791069679,513.6536682185218,567.10740,5671074000
235.5282035970006,569.5041191194442,567.33370,5673337000
255.7669726553839,707.9432149615337,567.55740,5675574000
243.08416116135206,749.0121969825524,567.78710,5677871000
257.1464368613131,801.944260004431,568.02950,5680295000
290.1565649032828,841.1040774817071,568.25990,5682599000
326.11388976780995,745.0092927032576,568.49270,5684927000
474.41987465508254,638.5901221105163,568.72220,5687222000
473.2141427274666,675.3190468457944,568.95270,5689527000
571.5434393763225,719.2820978896043,569.18790,5691879000
611.5698425132806,640.6584805092417,569.41510,5694151000
591.6231717351194,518.5331040743242,569.65960,5696596000
558.047450186015,532.2156736111029,569.94890,5699489000
792.8384809205256,567.6624536392458,570.17070,5701707000
874.6780805402428,626.5977521275083,570.43570,5704357000
956.3167093229891,665.179001695595,570.69780,5706978000
983.3507736993984,588.5423769750487,570.92200,5709220000
1034.4587651362701,461.81276326723275,571.15320,5711532000
1017.5985520865756,405.463716170355,571.38390,5713839000
1037.2448771877769,382.50837637584283,571.61380,5716138000
1023.1731869665733,351.3598252414602,571.83810,5718381000
930.0674605541946,328.61935999829956,572.07680,5720768000
819.6333827412188,235.6355098448568,572.29840,5722984000
606.2863514761362,155.10203771452825,572.52230,5725223000
699.8704048959685,270.5338128027856,572.74190,5727419000
476.323984428999,357.261539192803,573.00170,5730017000
504.1701406652372,372.1480383235776,573.24270,5732427000
499.7812744201611,407.66225062118974,573.48420,5734842000
480.82826103215496,428.9990992664733,573.71330,5737133000
495.2668144613306,444.74261032721364,573.94210,5739421000
492.8505062996794,471.15889618134116,574.16350,5741635000
448.1322200714702,468.03441951694424,574.39370,5743937000
419.7062983114652,444.99534229328333,574.62570,5746257000
364.45388765110937,471.22879505503835,574.84550,5748455000
456.33380230575005,502.99005833231405,575.08820,5750882000
587.1739556022512,527.3019288351857,575.31630,5753163000
618.4809853108849,577.3271988433806,575.55230,5755523000
568.012764116931,441.4413391167951,575.78010,5757801000
531.1693539860864,407.57527912984585,576.00220,5760022000
495.7401324153828,427.9812566268783,576.22910,5762291000
543.0777532002702,414.1443989072458,576.46890,5764689000
528.9020237268988,468.5861655157982,576.71130,5767113000
424.8701252030984,468.16064788710764,576.95130,5769513000
364.84408768877773,517.9570057549336,577.18510,5771851000
328.78569732204454,606.0571221886436,577.43120,5774312000
474.00935121527533,644.7844475680464,577.66530,5776653000
542.1840842709613,712.7136296341671,577.90390,5779039000
689.3270628141299,717.760434750543,578.16920,5781692000
755.3631246655156,789.2687675465963,578.41070,5784107000
742.2921289750816,797.0548627992606,578.70620,5787062000
766.0791669391762,749.6562496988226,578.95450,5789545000
766.2923782201984,723.3106283005588,579.17180,5791718000
638.2019260739048,661.7287285017624,579.42580,5794258000
554.3684694050102,571.992491409467,579.65790,5796579000
414.9406166575305,492.53533529497605,579.90010,5799001000
353.22511231016654,370.733481848544,580.13530,5801353000
305.8151651345798,308.27670312387687,580.40180,5804018000
258.7822989539831,289.035577217168,580.64060,5806406000
245.24445713636598,232.61025736224468,580.87380,5808738000
297.24391110276537,215.38145923932007,581.09410,5810941000
345.1121192181541,252.97605093833894,581.39020,5813902000
362.34433915051034,295.6775037045166,581.61710,5816171000
328.53505105121997,323.3885253386172,581.83860,5818386000
312.096812269256,362.5778332776378,582.12730,5821273000
367.93489086448267,390.8974084187525,582.36120,5823612000
355.7489349795799,448.6788803666514,582.58620,5825862000
329.60800529679847,438.34311497220267,582.81690,5828169000
326.5925277801714,401.88652689428045,583.04260,5830426000
350.68968152970166,412.4216187097015,583.27530,5832753000
314.01955157712086,412.6158129987796,583.51720,5835172000
241.66971787420113,431.34128006947475,583.74470,5837447000
337.71083446158264,441.25705188814254,583.98640,5839864000
353.1814069406821,475.858013305772,584.20880,5842088000
279.6685048842093,360.97071815124383,584.46450,5844645000
250.6505755126824,343.0761973941556,584.70690,5847069000
199.50088153881183,321.28122763797285,584.94560,5849456000
260.74085591221433,322.4937462791684,585.17730,5851773000
271.8780565119758,289.54234015281804,585.41410,5854141000
277.2965100724265,240.14869068732034,585.65470,5856547000
355.55929805855413,210.14287250187482,585.88640,5858864000
310.0325765330118,195.9165033042455,586.12490,5861249000
335.89103073442305,243.971805638766,586.36370,5863637000
370.24389326427894,304.5565053712086,586.59940,5865994000
469.5121062042489,336.6952509887775,586.83020,5868302000
470.62401150116636,361.2653433414427,587.09480,5870948000
531.5155311855942,399.0305110186006,587.32910,5873291000
550.4251592729141,406.34314536588784,587.55790,5875579000
555.9860547285359,303.5245648355302,587.79110,5877911000
484.6288330976887,278.61561758492496,588.04380,5880438000
492.16535861069303,298.06592053929313,588.27980,5882798000
506.84361498911596,255.31726113227035,588.51610,5885161000
552.2021259130255,341.12725965250803,588.75000,5887500000
512.0305716397368,466.21110488728146,588.99070,5889907000
550.8602828422993,496.9086455488891,589.21130,5892113000
540.7793424399147,478.30942071657233,589.43180,5894318000
465.27426080682073,488.5997613510475,589.71660,5897166000
395.23336947538996,381.7911305931027,589.96190,5899619000
477.55455019625623,390.96464108946475,590.18910,5901891000
398.1514684109666,377.28357093984516,590.41700,5904170000
345.82655617086914,417.0039147387324,590.65270,5906527000
345.6082795857849,515.6910301451076,590.89730,5908973000
370.21452116511114,497.07012339179755,591.13660,5911366000
357.51764241002905,540.7038798947269,591.37400,5913740000
459.52385385802705,611.9721551175032,591.60890,5916089000
609.6265835293464,629.7836684428755,591.85020,5918502000
827.249538594428,598.1000354417037,592.08400,5920840000
906.1709463553614,680.985204251878,592.31910,5923191000
939.6278358238347,598.1287855340886,592.55090,5925509000
1022.273425788595,586.2912874861587,592.78860,5927886000
1002.4580368832503,625.4139153157166,593.02270,5930227000
1084.0676256018592,675.2405502397481,593.25870,5932587000
1107.4730710527938,746.4352697975752,593.49400,5934940000
1070.6298173430923,784.6284209208065,593.72470,5937247000
1042.2280885906107,776.5783284922007,593.98250,5939825000
1027.425234060817,708.3235456311357,594.22160,5942216000
856.1947599124464,624.0360681861303,594.49540,5944954000
813.6238230796293,630.2428077138137,594.73380,5947338000
626.643232788062,618.1038612719115,594.96440,5949644000
589.1442380924033,622.0978191737684,595.19420,5951942000
351.86645486212524,554.3599916685115,595.43600,5954360000
309.30045023800983,534.8913018819931,595.68750,5956875000
295.0481763674317,513.3054646338913,595.92460,5959246000
260.95764901564445,525.8778033769023,596.16070,5961607000
194.73830304253534,509.76731494856404,596.39080,5963908000
157.07602286518153,531.8756161177533,596.66860,5966686000
84.7415649248426,522.4322226515602,596.90480,5969048000
60.092716857457056,499.7239910732486,597.14110,5971411000
51.961970671635186,519.9616957608899,597.41920,5974192000
191.6048527768479,548.4407008965894,597.66400,5976640000
430.4840913213178,667.173486974928,597.90080,5979008000
642.5049507357396,632.0032693242126,598.14010,5981401000
780.5149653276824,652.4382014660898,598.36770,5983677000
781.2010949878936,581.8032184647428,598.61770,5986177000
695.3418413520468,542.4531856772214,598.85370,5988537000
568.9130540614897,567.4687443395204,599.08520,5990852000
505.3767217896489,566.7152828765893,599.31460,5993146000
555.0599961039139,558.9608654983915,599.56760,5995676000
616.1064986219641,584.4943975163918,599.80690,5998069000
680.9638587527837,545.2522039457774,600.04870,6000487000
800.470386224045,563.7964753157788,600.27260,6002726000
816.1282897878451,448.42304124939216,600.50980,6005098000
985.5212497060959,370.62015000872157,600.74990,6007499000
1081.022877420815,281.4112621182015,600.97820,6009782000
1094.1362167865009,291.34377422558146,601.20520,6012052000
1053.785603108547,305.7267348954064,601.43270,6014327000
975.5907948774507,263.69082797365775,601.65780,6016578000
911.3024092239457,184.46503168623425,601.88150,6018815000
866.5775386908823,290.39522565497583,602.10110,6021011000
793.3439398737098,303.36668191987224,602.33230,6023323000
785.2371725234898,222.64724165471415,602.56270,6025627000
795.5251405147144,195.32851891862938,602.79660,6027966000
787.1171721917693,252.83244653325022,603.02790,6030279000
861.1362696109426,326.821866303612,603.26090,6032609000
933.7915580102216,278.7086161247173,603.49010,6034901000
924.6048315934378,218.3069386311209,603.72280,6037228000
1023.4582341944738,177.64709078877425,603.95460,6039546000
1109.351055913729,166.23525646399068,604.19390,6041939000
1255.2450387364722,122.31675837190741,604.46200,6044620000
1363.4296861039224,16.64625523015684,604.69030,6046903000
1126.4709345454328,164.38700726759197,604.93310,6049331000
1027.5184241996487,288.20109460636564,605.17080,6051708000
949.8747357686146,382.5915964906966,605.40100,6054010000
918.964788075791,451.083210076711,605.63440,6056344000
821.4838363339163,479.9670770165598,605.87550,6058755000
599.6518379581191,493.8296298831318,606.12610,6061261000
438.3716516529255,470.6422677326755,606.35980,6063598000
314.8213645405332,351.35677283741927,606.58930,6065893000
380.2966493360522,375.8285021613336,606.82690,6068269000
502.873276239441,401.6096266700512,607.06620,6070662000
725.6845280735411,469.7031913173485,607.29570,6072957000
950.5403542253581,521.8307491210605,607.53090,6075309000
993.5465028307023,608.8183099175363,607.75880,6077588000
1024.3232119405418,634.0130618697206,607.98290,6079829000
1146.9883459137284,662.3688226624132,608.21400,6082140000
1191.6783969224903,694.8284040158919,608.43530,6084353000
971.325931373018,537.9223478023991,608.66570,6086657000
875.1916004792156,493.7710090528684,608.89240,6088924000
858.8783835029835,420.92101816890903,609.12320,6091232000
719.5777046425762,400.62239622349404,609.35190,6093519000
546.5624901018306,388.7210978749747,609.57980,6095798000
549.4261815931781,398.7025555866407,609.80670,6098067000
509.7946182548748,426.17129746650215,610.04670,6100467000
548.0453218877363,422.5371545756066,610.26540,6102654000
553.5315891734193,359.8735887150496,610.49250,6104925000
654.3974701649183,199.88731230268016,610.72030,6107203000
784.1916470037214,175.11262726130255,610.94790,6109479000
969.9616941425375,96.31848966114492,611.17270,6111727000
1059.6973989238315,227.1193860389409,611.39320,6113932000
1281.6196297435702,344.473982482692,611.62300,6116230000
1421.4080865211372,393.8342631979456,611.85180,6118518000
1379.5617541029144,409.32545894986316,612.08420,6120842000
1400.7528046682794,455.47143134570723,612.32330,6123233000
1490.7563530248901,557.4488714126622,612.56930,6125693000
1462.291827491305,515.7767971881112,612.79160,6127916000
1447.227682817172,541.3594109527104,613.01720,6130172000
1453.2245077043956,519.069299049359,613.23690,6132369000
1393.9423896396977,465.4002817421656,613.49390,6134939000
1344.6482439530616,432.88836493695777,613.72790,6137279000
1163.3172081776277,470.8025761249687,613.98010,6139801000
920.1303171167096,454.8209899904746,614.21550,6142155000
802.955123853819,418.78518482659837,614.44790,6144479000
607.9878001800613,462.61996508087174,614.68310,6146831000
603.9461978442782,494.10577326111843,614.91550,6149155000
700.5821842475655,408.7998176021791,615.15820,6151582000
508.7700395195799,305.90925263119584,615.39100,6153910000
492.65652646255165,322.592805128254,615.61470,6156147000
555.6165648860023,230.81197479110682,615.83320,6158332000
615.8265981127034,352.92757124254604,616.06230,6160623000
505.1620303895382,293.312730456641,616.29330,6162933000
405.08383883923864,387.35639849438553,616.53450,6165345000
675.5757845011597,504.5979923160406,616.76270,6167627000
748.348178204901,604.1542930873077,616.98840,6169884000
899.6955763999483,565.3068279139519,617.21640,6172164000
841.2727739688922,599.5761968550497,617.44880,6174488000
644.8194698449485,600.8928597845711,617.70970,6177097000
614.9714367898116,671.0853172039957,617.95810,6179581000
565.7655931311671,705.982983784304,618.18630,6181863000
579.9389944139241,616.5955277298771,618.42000,6184200000
531.8159620788426,552.3000655098855,618.69280,6186928000
512.0564260269928,475.2184415374004,618.94010,6189401000
403.3636229228555,412.6206684674203,619.16880,6191688000
375.5660397301332,359.18350880575986,619.39970,6193997000
357.04341628342405,393.1691395952438,619.61970,6196197000
246.05929609220095,447.07899690588323,619.84670,6198467000
182.12101572788418,387.6377183126484,620.08720,6200872000
134.6677282609517,298.18357077293956,620.31460,6203146000
204.17943948248455,265.2676547518026,620.54220,6205422000
232.3328082597486,233.0175508549105,620.76780,6207678000
204.26117716003773,297.5206861064745,621.00030,6210003000
120.36345539520795,321.885034349997,621.22460,6212246000
77.60677490268723,347.48071334000736,621.45320,6214532000
139.7154061483519,343.91115409663973,621.68250,6216825000
74.72084845390398,358.43441045960714,621.91720,6219172000
90.08889137087773,371.08135873786955,622.14070,6221407000
327.93304579662276,294.6869291847052,622.39200,6223920000
369.4700002028264,265.1351997423645,622.61100,6226110000
437.64561382266135,312.32234809241476,622.84690,6228469000
624.4120148296008,504.37696036868647,623.06810,6230681000
597.4145704589071,601.0660763177385,623.29930,6232993000
561.6650043649499,665.7164431019639,623.52300,6235230000
497.5936366913322,666.5986109792984,623.74540,6237454000
436.4022903729072,607.0395079937146,623.99620,6239962000
434.73317592447813,544.4110665495023,624.22820,6242282000
427.3811003807425,460.87894117807366,624.45450,6244545000
381.006367753563,458.34631199483795,624.68310,6246831000
387.7439704396147,528.8339210485849,624.90980,6249098000
392.28339022905425,474.7249692710642,625.14110,6251411000
350.7725605554672,358.6934983391252,625.38350,6253835000
314.9903900991176,301.4907262056352,625.61780,6256178000
366.6571816654335,214.02707197533354,625.84790,6258479000
477.94367956226625,353.2475071081735,626.08350,6260835000
428.3946935004681,491.74706267344743,626.31160,6263116000
391.7309735887985,486.65883224517154,626.53560,6265356000
564.1833257316531,557.762863246098,626.76060,6267606000
781.0956866627175,662.8062694810146,627.00740,6270074000
906.1808610358122,708.2621900362108,627.23660,6272366000
953.6183080741151,709.7365130904113,627.46530,6274653000
934.3679275482061,581.7429118908717,627.73490,6277349000
853.4854635823709,504.6933586235738,627.95570,6279557000
818.9502235745231,436.97732495499025,628.18570,6281857000
887.5306282568655,383.8325181899993,628.42190,6284219000
950.8987926749509,372.89633995535,628.64540,6286454000
839.9418526634277,377.53151888692145,628.90380,6289038000
799.2545765324679,413.54362665151444,629.15560,6291556000
849.5276959341506,417.4464053369058,629.42290,6294229000
842.16529196913,467.2375981305883,629.65020,6296502000
865.363605395556,486.7340081056356,629.87360,6298736000
908.2985926303425,484.49768505240615,630.10480,6301048000
1006.7464918798735,401.4621620813958,630.32990,6303299000
1178.0005545089584,458.7163642864134,630.56550,6305655000
1140.1548166132284,546.921709045612,630.79170,6307917000
1270.4867773940375,552.4763875655553,631.03740,6310374000
1108.9609526074057,513.2471284455416,631.27680,6312768000
1093.47235492677,493.1456362205041,631.50560,6315056000
1025.384909068708,540.9567502602125,631.73060,6317306000
1079.354033811732,552.4360979922844,631.95580,6319558000
1092.9366133983713,465.4981627710943,632.18570,6321857000
987.013744631826,529.6098437436825,632.41250,6324125000
908.4555772864745,525.0913840863756,632.63840,6326384000
855.377683441869,489.5759902784215,632.89650,6328965000
939.2696148440725,444.3563801189572,633.12770,6331277000
966.1318698722326,491.2629211718556,633.36520,6333652000
1033.7728057036168,503.0927766378073,633.59490,6335949000
1091.788801017054,436.26235503925346,633.81390,6338139000
1110.07895920613,532.9366691949273,634.04250,6340425000
1101.6096538231,595.96904031284,634.26530,6342653000
1158.029746405327,635.6811307150429,634.48900,6344890000
1243.8555208894375,736.0178202831124,634.71840,6347184000
1323.5738969620863,743.2683806043437,634.93940,6349394000
1324.473146347838,834.9025741359226,635.17110,6351711000
1321.3770539101492,741.9248643263672,635.39910,6353991000
1301.3604192022408,771.7656500546084,635.62350,6356235000
1383.4893772437863,725.7956208215339,635.85050,6358505000
1286.7941240240825,666.4739873106819,636.07740,6360774000
1399.2497644208643,681.1875509254571,636.31150,6363115000
1395.6091126181202,668.6608759156882,636.54340,6365434000
1414.0274413756338,662.8136762470954,636.78230,6367823000
1357.9891753097993,655.8159175947261,637.00410,6370041000
1271.153822092453,587.2084720449421,637.23470,6372347000
1315.4240401551333,568.3966974333669,637.46190,6374619000
1418.0637615468722,629.1565599615825,637.68650,6376865000
1533.098000095197,700.8736823528425,637.90730,6379073000
1556.984853953818,779.3432056587368,638.14620,6381462000
1450.9592143105438,729.6083274798161,638.38360,6383836000
1472.8078367566188,731.9868236799036,638.61000,6386100000
1476.3821080080975,787.9528504499372,638.84680,6388468000
1407.951498972463,753.7499707517978,639.07100,6390710000
1359.0637555904743,791.270748246876,639.30180,6393018000
1351.4205578661818,802.6603241914332,639.52420,6395242000
1368.911946907761,688.2138021180003,639.74690,6397469000
1362.7370718159877,791.8779670952376,639.98110,6399811000
1442.7899507334464,808.5443877230537,640.20280,6402028000
1304.8693729760885,703.5812231846016,640.42640,6404264000
1333.0276241936483,740.0835498812503,640.66000,6406600000
1283.4158858867265,710.8819335698333,640.88530,6408853000
1269.8386493838282,686.339631806176,641.10880,6411088000
1015.1467275680984,639.029951913268,641.33050,6413305000
877.9303823200314,691.7900674979643,641.55860,6415586000
893.3336745136263,629.5447249532855,641.79310,6417931000
772.1982228704537,674.1300740074026,642.02440,6420244000
667.6628089300038,630.716496485046,642.26100,6422610000
632.3317608515686,637.946030468164,642.48360,6424836000
590.3306756740295,631.5781636448249,642.71000,6427100000
604.3883204902626,638.7506117583887,642.93130,6429313000
768.3324830841448,600.8858308585604,643.16490,6431649000
901.9202915453662,640.1777664542848,643.39300,6433930000
908.997542670338,658.1991731372826,643.61700,6436170000
766.9894929531949,597.8940638140954,643.85640,6438564000
715.7251130953329,469.612098217572,644.08150,6440815000
656.4295077347196,353.1490043075288,644.32720,6443272000
759.9746007348053,449.5032088611263,644.60480,6446048000
877.740979188933,497.9671250813604,644.83440,6448344000
830.0249587693737,570.9327293233843,645.12270,6451227000
720.6523153194491,622.7446480182706,645.35930,6453593000
725.0190256070839,649.6853999385665,645.58870,6455887000
928.9930399958793,527.9845453239154,645.81160,6458116000
1039.0325182434574,510.2309096775184,646.04110,6460411000
1164.7663038031988,494.91844828081184,646.31950,6463195000
1265.431701573657,509.59959512732416,646.57190,6465719000
1256.8736451822517,522.1419554687582,646.79800,6467980000
1253.5149127719214,525.9065173812618,647.03460,6470346000
1207.5158503710968,606.1680152439922,647.28350,6472835000
1140.7695126162773,696.3741406191808,647.55200,6475520000
1106.7668723796546,717.4741208134169,647.78380,6477838000
999.572961532787,706.4796153292485,648.06000,6480600000
933.2751826873482,712.1934339884039,648.29790,6482979000
925.1035277519698,763.8169852417321,648.51830,6485183000
962.0285449084712,822.4678994147912,648.74680,6487468000
1032.8978474912524,838.0599039746387,648.97160,6489716000
1074.3679985816082,720.0941004758806,649.19500,6491950000
1039.2263302575366,704.7055003118624,649.42080,6494208000
978.8628496725578,711.6702769526195,649.64610,6496461000
767.452841250805,782.4468146840593,649.86780,6498678000
931.7303723045372,883.5407224807852,650.14630,6501463000
970.478999807146,925.4804172822246,650.39310,6503931000
1055.597076702927,914.3170624172556,650.61620,6506162000
1233.7822053746936,837.841973743306,650.84700,6508470000
1428.3820638459565,768.0151194704592,651.07300,6510730000
1581.7802196587331,678.8111485006233,651.30840,6513084000
1575.5270547876412,547.2181660356987,651.52820,6515282000
1661.0079310939484,418.18996292620176,651.75860,6517586000
1653.6307336251261,310.8115210189753,651.98310,6519831000
1651.732952887356,313.20665659683846,652.21340,6522134000
1721.6942588448717,375.09658125218783,652.43860,6524386000
1688.2943900376797,391.2737897724119,652.66360,6526636000
1719.2188291329066,387.6581497437096,652.89650,6528965000
1715.4165338981043,415.3454596332677,653.12560,6531256000
1781.136014621656,359.09949173438577,653.34710,6533471000
1731.016132926083,312.33082837181917,653.57520,6535752000
1557.223006348016,298.9356227738742,653.80310,6538031000
1322.9362857805643,290.80093209551154,654.02940,6540294000
1101.0108268455547,279.88499689540515,654.25740,6542574000
1003.6268330447092,375.23575039955347,654.48560,6544856000
955.4931278669892,456.3290748702579,654.71150,6547115000
929.8183177250888,449.0351451479316,654.93930,6549393000
776.5069014113913,443.98307904833126,655.16040,6551604000
579.1259820655355,426.7480956265711,655.38020,6553802000
509.133659666614,444.919138617138,655.60610,6556061000
503.9375280355605,422.9162502875616,655.82870,6558287000
576.4353308273372,373.0412967020144,656.05470,6560547000
521.9419008087573,452.77700041797425,656.27280,6562728000
635.4258412804545,558.4882697048421,656.50650,6565065000
760.3033321416052,538.5097640040019,656.73480,6567348000
818.4667712924655,433.81967645380695,656.96690,6569669000
963.8704817712531,330.83971815766165,657.23140,6572314000
1077.1310238754518,321.3748714306608,657.46450,6574645000
1091.3086571511801,268.2524375513342,657.73970,6577397000
1107.7053074240807,254.29431615648804,657.96730,6579673000
1311.9623005810236,254.35109014640028,658.21500,6582150000
1372.3597056983458,331.08739845232634,658.44670,6584467000
1380.8327113115085,390.46660594723386,658.67160,6586716000
1433.0665602938905,423.281804570042,658.90030,6589003000
1509.2122072258098,396.8554327479908,659.13380,6591338000
1537.8738056789448,290.8252127941825,659.39190,6593919000
1418.9613839108893,344.1368089787269,659.61110,6596111000
1344.642771252662,318.32385175716,659.86810,6598681000
1394.5973391003963,175.9823025570737,660.14440,6601444000
1406.6189951841427,132.8465054794415,660.37270,6603727000
1271.3459434806816,171.11858334556482,660.60320,6606032000
1148.3381495637398,271.8076250854517,660.82850,6608285000
1069.978373031496,351.6559180740367,661.05280,6610528000
1088.5874922183793,484.78607330290043,661.28000,6612800000
910.2240834266377,561.0804316130708,661.55180,6615518000
663.7886829783331,591.1881318242085,661.82710,6618271000
664.1136941163048,608.2060125661828,662.09090,6620909000
858.1883210946195,545.3777289401996,662.32480,6623248000
1026.4038381614994,516.0203244355789,662.56270,6625627000
1057.2551813047714,354.20611029569125,662.81880,6628188000
1175.3201705329018,193.14701162310843,663.05970,6630597000
1160.8038464830115,197.9302663357003,663.29860,6632986000
1185.5966324535286,190.43751712669956,663.52690,6635269000
1286.3281629761414,139.08487893578112,663.75160,6637516000
1337.6455085243585,191.3870509441702,664.01530,6640153000
1468.3226124045618,273.5850009519945,664.25320,6642532000
1446.7961040480945,321.1616710671033,664.47740,6644774000
1482.4366213184478,294.9454431909671,664.70990,6647099000
1338.8555920344334,261.4139802620955,664.93100,6649310000
1057.6249528112949,242.86226033807753,665.15480,6651548000
776.3054551658212,180.29292339522686,665.37720,6653772000
706.3497148221975,194.9072126309585,665.60410,6656041000
604.5964357271304,109.87473332663997,665.82460,6658246000
470.03312180547545,80.17189803351228,666.05260,6660526000
235.33873836868202,104.77645767303002,666.27160,6662716000
186.62407809141445,84.33065762900677,666.49980,6664998000
222.9070591727871,39.43399731450653,666.73260,6667326000
251.67182133875053,65.95410219035355,666.96350,6669635000
342.6922468902922,121.991317210598,667.19050,6671905000
365.47863169642585,190.79968977085974,667.41990,6674199000
284.4878511626681,171.91982317399365,667.64850,6676485000
235.9405632012121,251.85078913156775,667.87490,6678749000
247.77632345929354,203.7056768289902,668.10960,6681096000
307.2077226656358,209.7598473398641,668.34210,6683421000
391.8442278256297,192.29361033258047,668.56640,6685664000
429.10796757695846,243.55119743041914,668.78820,6687882000
512.0504715662421,301.53717592308715,669.00970,6690097000
757.2159415536405,284.3235417743561,669.24140,6692414000
773.3124194813337,349.19448322178135,669.47200,6694720000
844.1535647134345,467.9324239758472,669.71640,6697164000
875.7458351681312,532.6294212424393,669.94460,6699446000
802.8764595923755,552.5919351554429,670.17640,6701764000
920.5062944742167,520.6725777246402,670.44660,6704466000
940.3692256784045,487.90076072915355,670.71950,6707195000
838.1871461656983,540.098294550733,670.94440,6709444000
724.4985261386383,467.3945090573826,671.18070,6711807000
594.5136222804864,382.1437636124796,671.40350,6714035000
552.0876638450202,329.45254002939436,671.63410,6716341000
429.47650331887337,324.8628064709198,671.86110,6718611000
365.72650662457386,391.7884736802268,672.08500,6720850000
289.0195239073122,324.1144641608525,672.31590,6723159000
252.47959563241284,345.8811611110929,672.58100,6725810000
179.197441126685,439.3295007125471,672.81740,6728174000
147.2405855682185,453.67121598977775,673.06260,6730626000
102.70678373233213,462.17032349413915,673.29030,6732903000
12.355429824850134,456.7241089611385,673.52390,6735239000
-70.6742590456591,474.0023121969309,673.78280,6737828000
-45.463544691585895,492.2777084885161,674.01520,6740152000
25.927636629918197,454.70584365514816,674.25770,6742577000
96.4267749620715,494.087293744837,674.48660,6744866000
166.80389444996874,537.1463139135815,674.74180,6747418000
165.2686976060859,575.6532670691794,674.98230,6749823000
323.39716434423497,609.4476330735552,675.21850,6752185000
362.08730215277336,645.8863868018111,675.44590,6754459000
368.5348697772059,645.8258771649687,675.67110,6756711000
447.03421601048757,647.9626535258343,675.89850,6758985000
496.5525898538845,638.2171106040041,676.12580,6761258000
542.216337783756,538.3085944764298,676.35770,6763577000
603.9240964467336,468.46157482160544,676.59190,6765919000
564.9609020362949,479.7272456010639,676.81290,6768129000
657.9998747219236,506.0889310831465,677.03490,6770349000
743.6644893410279,460.3118892382962,677.26480,6772648000
830.0695935882056,399.6989762736371,677.48770,6774877000
919.9560979468484,355.69477613447214,677.71810,6777181000
895.1085347113086,304.13910186199456,677.95560,6779556000
963.6582619651422,260.7276599707557,678.19170,6781917000
857.2825467552063,249.33464680854394,678.47660,6784766000
838.9279043136934,226.70447916736796,678.70940,6787094000
799.8683678975315,265.4074588609982,678.95690,6789569000
655.4764437133497,265.88450991777825,679.19670,6791967000
500.7722692868791,322.28142042926777,679.42800,6794280000
518.6687079059386,251.88328167654026,679.66800,6796680000
478.64948120924583,271.9493483029197,679.89510,6798951000
625.625796047569,323.2069346299742,680.12700,6801270000
776.8393736927035,369.53132486420077,680.35640,6803564000
680.8208977751838,405.9440372174787,680.60580,6806058000
612.5647092441461,478.1770502146769,680.82950,6808295000
514.4018846098697,531.6922474197445,681.06840,6810684000
423.9566668109421,588.1679742740239,681.29380,6812938000
380.0785834847464,640.85437896825,681.52140,6815214000
436.10608427654273,670.9601533206101,681.79460,6817946000
514.1888129623627,665.794238681993,682.05890,6820589000
511.0931051394843,651.1253495618902,682.28580,6822858000
440.20767775527986,612.018990674506,682.51320,6825132000
476.8101613358243,602.0585873085273,682.81480,6828148000
457.50358777718935,630.7192901680417,683.10120,6831012000
379.8533960081308,683.9461323729575,683.34340,6833434000
390.4822183734594,679.7236597440053,683.61700,6836170000
295.1562442267271,579.6371269622176,683.88560,6838856000
349.5188768545032,579.8122783753831,684.12750,6841275000
424.65937291244256,486.56802319794826,684.36100,6843610000
455.10298162205106,548.8919165734927,684.59820,6845982000
387.403899727124,558.9120071804135,684.82460,6848246000
361.63352070435116,548.2689084503246,685.06920,6850692000
356.22548125992546,591.2713725053765,685.31450,6853145000
294.11243863352064,619.3014554423283,685.55630,6855563000
355.1503134833209,585.1382508730385,685.78950,6857895000
416.8177469724453,527.0074336074917,686.03340,6860334000
351.8044586942005,543.6887342366678,686.27590,6862759000
320.8708801190116,591.9903879296234,686.50740,6865074000
443.6234938182504,590.5931848816657,686.75200,6867520000
482.8298336799852,548.1539644648251,686.98930,6869893000
508.1869871402431,507.29370247438044,687.21660,6872166000
527.827362956212,460.43128342500813,687.44370,6874437000
596.8682504623284,408.04563875192656,687.67490,6876749000
550.5503978922121,387.71587785613497,687.90580,6879058000
655.4969556253153,420.392061952296,688.14470,6881447000
661.7453455078946,404.68297717959854,688.39120,6883912000
591.4526027587505,312.65294562029544,688.62750,6886275000
582.0877839545675,325.9190478617025,688.85060,6888506000
608.8472022060838,325.6017049350305,689.07200,6890720000
724.2252020167095,353.13295979485775,689.29810,6892981000
835.301106301112,338.0619366493421,689.52370,6895237000
739.6711396218897,394.91077661359594,689.76450,6897645000
610.0524181828165,466.9231007150976,690.01240,6900124000
709.7879962939928,537.8600048159096,690.25070,6902507000
690.0491390655045,613.4628126890359,690.48710,6904871000
622.7425823352814,556.9599928396512,690.70360,6907036000
520.5073802859683,512.0561286908128,690.92490,6909249000
448.20417673467995,453.5823377732569,691.15240,6911524000
460.0611498814058,484.57328029280853,691.37790,6913779000
435.48346427200204,544.0302180335678,691.60520,6916052000
453.604252341049,567.6886264980917,691.84020,6918402000
525.0908832061493,491.36534509845137,692.08960,6920896000
664.2996012469674,589.4593061204448,692.33940,6923394000
843.3739533077636,634.4848007520726,692.57200,6925720000
1013.1087037103797,714.9027623400414,692.80400,6928040000
1073.7844798495744,759.7116865585286,693.04090,6930409000
1128.0740545289007,782.8894291273369,693.28710,6932871000
1134.0404849077543,831.8888341319555,693.52090,6935209000
1166.5867493867045,884.9047148505039,693.76400,6937640000
1025.0547705630024,953.8287199820207,693.99600,6939960000
875.1221266352713,896.9503339781849,694.23200,6942320000
729.9205260725573,841.705811948169,694.45650,6944565000
801.2710699756333,785.574452502609,694.73370,6947337000
854.9297182331518,655.9932480103498,694.97200,6949720000
896.8669801839101,590.2595274237807,695.20260,6952026000
762.0626647734596,682.3333807350756,695.44100,6954410000
603.2139015137611,623.3115448286978,695.68060,6956806000
687.2319740728519,610.0170997973024,695.90430,6959043000
784.3465089445001,646.1621476470577,696.14780,6961478000
923.246584155025,641.0813259984739,696.40560,6964056000
1096.7417457595889,605.0711524255637,696.63730,6966373000
1228.953378455186,564.9860821449381,696.86670,6968667000
1362.4620758870722,496.80988861483104,697.10120,6971012000
1346.9000435281089,504.96409642552993,697.39000,6973900000
1281.306296724188,574.4482730502007,697.67090,6976709000
1408.0578638186068,647.3752065063242,697.93730,6979373000
1357.5032304041472,602.1280111021983,698.17480,6981748000
1318.5485389263222,621.2966747102735,698.40310,6984031000
1389.0538033977275,672.0215280608365,698.64030,6986403000
1372.227211981157,709.7043520107762,698.93610,6989361000
1257.3445755306718,671.3494512341506,699.15820,6991582000
1160.9454023435492,609.4897335532288,699.37620,6993762000
1127.3624165654533,651.8007686653525,699.61780,6996178000
1069.2929059633575,660.5343679625096,699.85310,6998531000
1153.5642565895655,620.0401582931859,700.08220,7000822000
1219.7953844137064,644.6401448169389,700.32950,7003295000
1261.8273260365092,649.6802798660653,700.55850,7005585000
1130.790799665513,599.4108129397789,700.79410,7007941000
866.9270977636171,591.0433505881656,701.02630,7010263000
997.1589677714553,610.5372758912891,701.25950,7012595000
1122.5142638628747,580.2064771889496,701.49660,7014966000
891.0216962574771,439.5548335922316,701.75800,7017580000
856.2045257172836,375.4525487477499,701.99240,7019924000
1001.6609253234791,441.5029116162485,702.26100,7022610000
933.946733073003,491.3582875538182,702.49660,7024966000
892.1380023045243,566.3429392191788,702.75560,7027556000
901.3754305682256,595.5900086565703,702.99770,7029977000
861.5197403331739,526.4573123920551,703.29970,7032997000
782.3085497400398,496.0340273225503,703.53050,7035305000
663.5044845816863,558.9837534547817,703.76780,7037678000
773.2568242878554,576.1407424005733,704.02800,7040280000
865.7803045792297,570.9796545882621,704.27010,7042701000
920.1467524926749,617.5412803736203,704.53640,7045364000
966.6195669930704,591.7825070344417,704.76740,7047674000
792.3775175929393,516.6479496921353,705.00620,7050062000
635.8105542549699,436.00789110670803,705.24670,7052467000
568.6173954067857,425.84889306775204,705.47850,7054785000
590.2488408117016,405.91827805622916,705.71530,7057153000
550.488905494118,368.9051829188943,705.96040,7059604000
645.6504937890126,376.04502662590903,706.18930,7061893000
720.3212614480177,386.4996052053007,706.41290,7064129000
732.2138241582837,471.27885703084996,706.63850,7066385000
713.0591149562516,542.6237836073446,706.87300,7068730000
735.6138700632853,608.7575993234998,707.10390,7071039000
835.3258355666168,621.6608082445388,707.34750,7073475000
893.6937603446197,621.1283585572633,707.58730,7075873000
979.9082718908821,681.5471579739876,707.81770,7078177000
1028.3697708833936,677.1299472562287,708.04660,7080466000
1059.1115668938342,713.4337056008046,708.27720,7082772000
1093.6285441985763,761.0049549831054,708.51750,7085175000
1044.5341977334479,852.4107778370836,708.76390,7087639000
990.3171809657692,842.711138431785,708.99270,7089927000
854.6411951460265,801.4369068471009,709.22010,7092201000
867.9768459773563,783.5548301004432,709.47710,7094771000
902.3603786162721,801.6610890112897,709.70440,7097044000
920.4471216532618,773.7601591163474,709.94450,7099445000
917.4192485563475,738.0649975187745,710.19080,7101908000
768.9099993091666,585.7346556488613,710.42170,7104217000
621.6494003302151,461.6584006772094,710.66370,7106637000
442.90505821022435,459.721390643143,710.89020,7108902000
477.6908790274289,388.7602143234459,711.12020,7111202000
514.6882795890826,318.18943187263187,711.36100,7113610000
385.47334476419337,285.76841076635304,711.59830,7115983000
396.99171618389795,257.53474926371626,711.82910,7118291000
320.3674207874743,214.62007272674543,712.06210,7120621000
504.3755455468991,177.5832249211822,712.29600,7122960000
527.1366858663168,184.0744704103978,712.56440,7125644000
544.7817511302009,294.5191153767488,712.85450,7128545000
542.8577749171823,461.92969857263586,713.09140,7130914000
582.0105915404931,538.7225700326869,713.36810,7133681000
530.9754729321528,449.3567475649954,713.59660,7135966000
571.6534245043356,381.29542973928847,713.84040,7138404000
705.1015529292345,361.55157606496033,714.08860,7140886000
665.1334452627706,354.85373289611783,714.32680,7143268000
682.037504069026,441.9631351585666,714.57200,7145720000
752.0081700515481,393.42554880614307,714.81950,7148195000
764.164895543608,401.2627325836418,715.05480,7150548000
761.0311068173716,498.2851301328038,715.28750,7152875000
750.302870652266,523.8885030866143,715.52660,7155266000
793.9799292787474,550.7494671657761,715.75960,7157596000
814.4943003149695,529.8236340718319,716.01520,7160152000
808.2533305328616,550.5499444365938,716.25940,7162594000
779.4791167942991,542.1787462929891,716.51870,7165187000
816.4973390379109,624.6149724827212,716.75770,7167577000
836.6277038755787,658.7266492577743,716.99900,7169990000
813.3788647788764,661.530921297864,717.23570,7172357000
873.2528222147968,653.4693099258309,717.63280,7176328000
874.0676755781931,690.1701378393554,717.87500,7178750000
872.2168020475812,629.5631064957075,718.10620,7181062000
864.9499053376946,596.3330355905902,718.35240,7183524000
841.8224166808697,591.3872302783147,718.58910,7185891000
941.8835780326315,615.8763038532883,718.82790,7188279000
999.8448470488723,527.8173307164491,719.07270,7190727000
1016.1974705132628,532.6362428088906,719.31180,7193118000
1091.513403301714,415.3849507225477,719.55720,7195572000
1062.4051842432932,357.6901781811713,719.79930,7197993000
971.3869283795271,365.03633062061243,720.03360,7200336000
1033.4275867343313,370.39259579995826,720.28830,7202883000
1036.1679039259816,305.3844832961633,720.51110,7205111000
1074.683964947389,294.1786516551399,720.73690,7207369000
1095.6353151635217,281.84484994594743,720.98540,7209854000
1075.0307582598377,303.3665398549632,721.22240,7212224000
1115.3298800642067,386.9697796084394,721.43990,7214399000
1027.440519199305,509.7801013862716,721.68060,7216806000
928.4949181014024,620.5302354187266,721.90820,7219082000
925.281813332952,664.4993592111373,722.13100,7221310000
925.0312038869304,699.5969717663073,722.35420,7223542000
911.1312448396909,757.5741111959745,722.59360,7225936000
857.1400468395977,797.0296983273847,722.82730,7228273000
854.95755172729,805.9410402485736,723.08520,7230852000
743.8977087297361,792.5219651081511,723.30870,7233087000
635.2825599419602,771.6047582970248,723.55390,7235539000
642.901783109368,760.8125519174162,723.79310,7237931000
686.7952090121951,782.1993609623548,724.03400,7240340000
641.597899556931,759.213112084306,724.26240,7242624000
592.8847337159272,715.6677530178547,724.49340,7244934000
616.1565756119155,705.8143703089854,724.73940,7247394000
574.3285491547589,659.2890023014306,724.99740,7249974000
603.9902560557562,620.2605965389774,725.22070,7252207000
676.9699337731217,573.7364073950419,725.47050,7254705000
690.8479177424226,563.519948224789,725.73320,7257332000
647.2147216827515,514.3497788194524,725.96610,7259661000
590.7899626429709,542.3978663934952,726.19170,7261917000
661.1079030242655,495.8383264431141,726.42160,7264216000
622.5103433710407,490.7626982356826,726.65810,7266581000
653.2105033544306,525.4343950270063,726.91460,7269146000
693.4560836849316,562.5191787964502,727.18050,7271805000
762.3748708264086,539.80535777844,727.42030,7274203000
746.8694158015335,576.9768847848688,727.65990,7276599000
626.8444625921032,549.2015549028944,727.93620,7279362000
672.6163282183782,481.7295306099645,728.17110,7281711000
665.7574439724345,369.48990550602565,728.41250,7284125000
624.9978474494031,311.6278828661304,728.64570,7286457000
468.35992185037315,285.9704674483948,728.87740,7288774000
594.421698227389,349.9645855573253,729.11750,7291175000
672.5368770894581,307.8929929570155,729.36240,7293624000
783.1445412684717,236.33431967196137,729.59340,7295934000
968.0935939664332,252.1539520632567,729.85390,7298539000
1018.6970448151891,357.7682178950999,730.13140,7301314000
1024.0501263355088,444.48170503924405,730.38450,7303845000
921.5118632508165,428.6962928655716,730.61860,7306186000
760.9443974177367,369.8104794127577,730.84840,7308484000
681.4600082499942,382.57189590113165,731.07350,7310735000
669.7568264664525,311.31030908572603,731.31100,7313110000
711.1235533234563,328.0097529889092,731.54410,7315441000
733.6206884294091,506.26300610645467,731.78120,7317812000
830.1566126201415,487.9347863116879,732.00430,7320043000
848.5531870321705,561.8728257041249,732.24130,7322413000
917.3843675929514,623.0434845580011,732.47910,7324791000
953.5885776859922,713.9784382364304,732.71800,7327180000
960.5761548110918,727.7736316180901,732.95370,7329537000
962.358208123083,718.664502000069,733.18460,7331846000
987.9934635062573,740.2378725653685,733.43140,7334314000
970.8880548632075,726.6125518058882,733.66620,7336662000
1038.235621130636,728.7217295002001,733.88700,7338870000
1075.3888854134414,725.7941745795298,734.11640,7341164000
1027.0755772311254,756.3343455214043,734.33180,7343318000
1011.0619650843528,814.8981233389726,734.56080,7345608000
1032.628859913028,793.6399221878054,734.78830,7347883000
1012.3040249105253,812.9705501437049,735.01360,7350136000
1042.2579885460605,837.9894995386624,735.24470,7352447000
1063.6545998596246,840.0587297163336,735.46510,7354651000
1072.920944990926,786.6304599497071,735.69910,7356991000
1096.8013221750284,747.2841038772542,735.93060,7359306000
1053.3136215300253,707.2109717393713,736.15620,7361562000
1042.8984161556123,721.7170464650775,736.39210,7363921000
1020.7239787228115,753.1761923528201,736.62110,7366211000
1024.9230778175004,736.9113982523714,736.85560,7368556000
990.448279897955,728.159909056456,737.08410,7370841000
972.729486776441,727.403441439667,737.30770,7373077000
952.5533792584979,750.3207924728744,737.54210,7375421000
988.5940877395927,653.8347674009756,737.79200,7377920000
1015.3183307723135,609.8418875583046,738.01460,7380146000
1062.9273627310122,554.0300710860668,738.25730,7382573000
1099.2655232487255,553.0772308978651,738.48110,7384811000
1097.2432685446875,519.0507171709174,738.70020,7387002000
1184.1099537365433,566.9741749523724,738.93080,7389308000
1142.9071131087148,647.8918132420334,739.16790,7391679000
1162.1921156683457,640.5087011834128,739.45440,7394544000
1092.375769110676,660.6637839519058,739.69000,7396900000
1000.8815046990218,711.4599820691177,739.92660,7399266000
966.7024449527997,710.767871921726,740.15700,7401570000
945.3841821366603,628.6081862628367,740.39340,7403934000
945.564147400512,596.4775286785374,740.62950,7406295000
823.5583417601158,580.6781387796757,740.86500,7408650000
820.6480048611523,595.4535098451762,741.10050,7411005000
904.0485579154724,622.2044518380237,741.34860,7413486000
918.4934586511256,664.2143323952832,741.58550,7415855000
876.9103282960049,711.0483891764378,741.81180,7418118000
963.9536334342351,753.6623510487691,742.06070,7420607000
1025.363782885409,765.0292059751131,742.30260,7423026000
1042.3770887727142,770.2477666320931,742.54890,7425489000
1035.84799859332,749.385926814346,742.77890,7427789000
975.7234690545753,730.6082809157152,743.02100,7430210000
987.8834030543355,756.3307852053684,743.24780,7432478000
949.0876053413049,747.3256459695639,743.49330,7434933000
900.5218036670975,757.6460253400812,743.75030,7437503000
859.2479332401309,681.5582646199047,744.03350,7440335000
813.136363531102,619.6097203107693,744.26770,7442677000
857.377834373633,570.5467871655412,744.48690,7444869000
863.2536133146962,532.3305434848398,744.70970,7447097000
835.9432706175267,580.8617682918256,744.93700,7449370000
821.2328869777755,608.959262886609,745.17070,7451707000
874.0900187633995,633.6596190985229,745.39940,7453994000
894.6735326262677,693.2675248095612,745.64050,7456405000
837.5258641840677,670.7973739897304,745.86860,7458686000
810.7599461073243,638.2449571820102,746.10190,7461019000
943.5093969469754,619.3601279043299,746.32680,7463268000
1016.9388494230755,564.8054067597783,746.54880,7465488000
983.604864314133,602.9627150575216,746.78100,7467810000
1010.5268577899401,498.57107780999957,747.00640,7470064000
1063.1521837956855,434.1590232268668,747.24550,7472455000
1011.7555461183391,424.52835342274693,747.48810,7474881000
945.883695698364,472.69193729778067,747.72430,7477243000
912.1086322023775,493.01394258605177,747.95630,7479563000
943.537456273538,587.6427866443155,748.19060,7481906000
870.234930703108,569.7786001429045,748.42770,7484277000
875.2868194511135,601.1176127448224,748.65670,7486567000
871.7470979185409,596.7191138361667,748.87590,7488759000
783.4082404021142,592.0957870168584,749.09110,7490911000
756.8905517884789,586.1810809075686,749.30950,7493095000
758.6288385074125,586.6775771499961,749.54200,7495420000
714.8688266114709,529.7231059007361,749.84570,7498457000
808.1816282157125,479.7190818706582,750.11300,7501130000
901.9850268259594,464.63477571944327,750.36700,7503670000
937.7231017426483,397.5273721407718,750.60240,7506024000
989.1792610478842,455.8292365733512,750.84610,7508461000
936.3156659494455,472.2014127641845,751.07820,7510782000
1017.134780852164,495.0255958260535,751.31400,7513140000
990.0966272603323,468.196696756254,751.54020,7515402000
1024.31155993033,504.67841917459697,751.77920,7517792000
934.7233680653515,488.10407794384605,752.01630,7520163000
921.4294647453553,520.992654562387,752.25400,7522540000
886.3143687503356,537.3404468454663,752.48250,7524825000
910.345393589761,626.2001125453124,752.71800,7527180000
911.9314165955024,578.0973025599369,752.94800,7529480000
916.9434633080998,526.7937491404589,753.19720,7531972000
967.2011269697475,596.9036679782795,753.43130,7534313000
962.6317593135911,549.8100413095144,753.65870,7536587000
906.9283545505111,541.3844443514773,753.88880,7538888000
918.9252825871342,509.2147011716199,754.12470,7541247000
958.620391377653,578.9896435104766,754.35050,7543505000
988.351119306888,638.3422115685394,754.58840,7545884000
912.0741625866602,662.4428748639945,754.83660,7548366000
865.3916476850925,721.1103566718233,755.09120,7550912000
826.1953024887099,755.6044806558467,755.31710,7553171000
781.7781336381488,799.7077322148501,755.54860,7555486000
778.1594265983179,753.88729367564,755.77540,7557754000
748.2133722313688,719.4893599881482,756.01530,7560153000
725.7166445751587,668.5557480512912,756.24850,7562485000
758.9742828136174,653.8871197921055,756.47790,7564779000
721.908465929193,663.9852784066799,756.70700,7567070000
712.6319038425343,707.9392073187254,756.94610,7569461000
679.5137927599193,673.4106544614652,757.17290,7571729000
769.9740003999643,716.9298047222079,757.40070,7574007000
799.0798916234975,653.6952820475261,757.62040,7576204000
845.1335041465263,691.8663979224539,757.84180,7578418000
844.1019459772153,666.9272286515562,758.07820,7580782000
827.7127475406836,644.4195175758305,758.32620,7583262000
836.6672003228122,641.9760810475423,758.56190,7585619000
856.853147645446,582.870717166817,758.79230,7587923000
845.9450376438548,538.8943755260007,759.03380,7590338000
829.2899563883352,518.3861266688914,759.26350,7592635000
845.7499115278721,583.7865341840982,759.50030,7595003000
854.3418403239169,495.6105643687666,759.73990,7597399000
772.2393566697142,432.76979586579273,759.98260,7599826000
763.7127080605003,435.7909221181057,760.20950,7602095000
847.2012693324953,483.25897915954965,760.46450,7604645000
888.513339132089,498.4214326058179,760.69810,7606981000
904.4526156019568,497.5339544308487,760.91510,7609151000
821.7900187660055,506.39042194480703,761.14400,7611440000
870.0990035629507,466.9041925071348,761.36290,7613629000
891.3145766526629,369.5907777670457,761.58590,7615859000
929.2027984560766,336.5358841649389,761.81900,7618190000
975.7552269014978,268.2606820894678,762.05750,7620575000
967.652197486604,240.89514894002446,762.29820,7622982000
936.8451133166287,264.23761970905935,762.53910,7625391000
984.7919855454902,229.604405430101,762.78030,7627803000
988.677343779994,226.1798820722481,763.00920,7630092000
1006.4934380573098,216.52109408059493,763.24500,7632450000
1010.1330994003357,236.02534401678054,763.47180,7634718000
1037.734977626749,230.92672851532308,763.71810,7637181000
1055.7587241912627,301.883884691017,763.94790,7639479000
1065.1009913140927,370.6150735381916,764.17910,7641791000
1099.4440025007643,387.62955264259,764.40960,7644096000
1033.4212329265765,467.61958580663736,764.63970,7646397000
1008.6663856827556,526.7087056727074,764.87290,7648729000
978.5168592777253,536.5157069964583,765.09570,7650957000
989.8120135859575,518.72192677569,765.32240,7653224000
1066.420393677534,433.2752214737789,765.54700,7655470000
1036.7931848174353,398.61287587460833,765.76660,7657666000
1010.0056530218318,337.16790018496255,765.99520,7659952000
1098.3159129346282,283.94992663836916,766.24350,7662435000
1093.1380791127947,307.28909749528606,766.47360,7664736000
1068.4839814284483,313.44183537978574,766.69400,7666940000
1056.3645112798315,363.17288860986014,766.92150,7669215000
998.690781971501,420.33177961916,767.15440,7671544000
916.9719484523301,493.5404010299916,767.37780,7673778000
756.6753315981322,459.0279744928833,767.61550,7676155000
599.9440379328038,496.99941009216724,767.85420,7678542000
613.2741795182071,464.5246050517638,768.08190,7680819000
645.9496623930811,430.847584619471,768.32220,7683222000
503.8579524070107,390.92425648075704,768.56510,7685651000
510.2253162672755,406.8452169503557,768.80050,7688005000
622.6259676665296,372.2626167603089,769.03410,7690341000
681.0270848537647,540.1545508405294,769.26000,7692600000
738.5400424674608,612.4481970288039,769.49020,7694902000
840.0536573896576,604.9680287201328,769.72380,7697238000
844.3953708849244,510.98554842830754,769.96720,7699672000
1068.8478560645963,504.5023071137418,770.19610,7701961000
1058.731371983261,512.3388647572333,770.42310,7704231000
1150.328460317217,670.2054406105993,770.66520,7706652000
1132.279878259752,691.9675574401151,770.89000,7708900000
1105.9727609836314,690.4285200092932,771.11900,7711190000
1041.8086631993801,668.9099659525759,771.35320,7713532000
1056.7184392077693,671.7074458837233,771.59580,7715958000
979.4320828021513,576.3039400850175,771.82300,7718230000
936.5509330650908,588.6973038691112,772.05860,7720586000
857.1919503388126,588.832438560755,772.29630,7722963000
847.5272554465623,612.8352198424459,772.52100,7725210000
812.492824820348,605.0306063932118,772.75420,7727542000
780.0980203604391,624.4731948191513,772.99080,7729908000
786.9038319498013,635.3334296209182,773.22480,7732248000
874.3663369266417,737.7891414604593,773.48930,7734893000
891.9881552554049,761.4830023040466,773.72770,7737277000
978.0267787160301,761.8567032966625,773.96420,7739642000
1053.334009349115,735.5386204109296,774.19440,7741944000
975.973100233851,764.8663618787502,774.41700,7744170000
927.7181135473347,783.8734070419712,774.64570,7746457000
944.6510373583609,794.0559720128699,774.87650,7748765000
943.6265328940154,788.0093502090942,775.13110,7751311000
914.7456333069596,754.1059052072314,775.36690,7753669000
973.2146301966865,773.2824749118441,775.60000,7756000000
1083.6876012510966,795.1527719707829,775.83970,7758397000
1154.6250491804306,774.8247795864596,776.08420,7760842000
1218.4606150424609,716.7917572050826,776.45420,7764542000
1223.089311930467,663.8395953205237,776.69090,7766909000
1135.7175541687504,609.7184043626636,776.96440,7769644000
1150.1939630904023,592.839601726998,777.23470,7772347000
931.8392504053357,491.07250404299975,777.48570,7774857000
957.8445667394266,375.4784118021945,777.74180,7777418000
971.447375501424,306.0741423403392,777.97240,7779724000
960.6036980719822,360.33302589229555,778.24190,7782419000
1011.7243501988503,391.9008917096401,778.48100,7784810000
1039.6219931445792,506.8821704697302,778.78070,7787807000
1101.1716028373976,587.7844213794382,779.10040,7791004000
1114.9326745910857,531.9119860693619,779.39660,7793966000
1060.3847835783786,581.8861553414093,779.63190,7796319000
1071.79739566087,643.6620543771292,779.87400,7798740000
1202.4408683489175,676.4232767491453,780.17840,7801784000
1227.5178022223117,666.0760303649942,780.46870,7804687000
1313.2903221504052,677.4307406566687,780.70550,7807055000
1348.5461389825316,712.1755836022064,781.01640,7810164000
1206.0564331670807,781.7726913173784,781.31810,7813181000
1248.482560575027,722.0373998727912,781.61970,7816197000
1245.0925991266672,753.2619560577223,781.92500,7819250000
1205.8106354033464,725.3135629999896,782.17420,7821742000
1112.4594645849413,795.9255615665418,782.45340,7824534000
1044.9006264540037,852.3780371062784,782.69560,7826956000
1005.5953676100594,894.1728248517679,782.92940,7829294000
911.1550071896454,915.003840349319,783.16100,7831610000
880.6101552787088,926.8695527424322,783.46240,7834624000
831.2519312081712,910.5337865140261,783.76070,7837607000
818.7074047299628,855.8013799653124,784.05960,7840596000
706.859469027568,826.6843380824397,784.36230,7843623000
739.4711576199021,812.451786027626,784.65750,7846575000
825.5610771160088,800.4838601750299,784.94130,7849413000
904.7690611063409,805.6202169616954,785.18370,7851837000
747.1030752562929,866.8321511806855,785.42560,7854256000
647.6887245344568,841.5740104347465,785.66340,7856634000
623.7453730819791,870.7780624847273,785.91550,7859155000
580.6905207745776,858.3768682295032,786.13670,7861367000
565.9451888031033,865.6488406879898,786.36650,7863665000
674.3517267105684,872.6967947159189,786.59050,7865905000
748.9060244378599,850.1848318256674,786.80820,7868082000
843.6013710711685,837.3106470062402,787.02600,7870260000
914.1886395984897,867.9021076984786,787.24510,7872451000
987.8392580370937,882.8036088660921,787.47050,7874705000
1012.3958827374146,861.3183279976822,787.70150,7877015000
1108.2349704098413,836.7132211349435,787.92430,7879243000
1133.928348412562,756.7776077776364,788.15760,7881576000
1170.07963757401,690.7023827414783,788.38660,7883866000
1116.1782004891586,629.8646977368658,788.60470,7886047000
1100.3982857498884,652.3482308639976,788.82810,7888281000
1115.7008570079506,703.1291658790459,789.06740,7890674000
1052.8862702206798,782.6049906118485,789.30840,7893084000
996.2110492334223,791.5698598648816,789.54160,7895416000
956.8472013821766,726.5237974990104,789.76650,7897665000
961.5172539624971,725.6756885194583,789.99530,7899953000
891.1526408853548,730.0666208979688,790.22180,7902218000
898.8837857969665,729.6647113610549,790.44700,7904470000
853.4151362677466,712.4640340150019,790.68650,7906865000
884.5343606762358,734.3193916981305,790.92220,7909222000
884.7302474358163,707.6915964548069,791.15150,7911515000
802.8455415430312,694.6137808325373,791.39260,7913926000
803.0679585825632,675.9489977212934,791.61540,7916154000
800.7774890346294,637.7522116059101,791.83940,7918394000
869.8160622967139,698.5829676345452,792.07770,7920777000
959.4595153360059,708.0049993627199,792.30980,7923098000
965.4832893622099,680.0712180576428,792.53630,7925363000
997.2819266640053,671.7564575269129,792.76550,7927655000
975.1892663739,648.663176470375,792.99290,7929929000
894.1082090989272,578.0063266042598,793.21740,7932174000
882.3199807182849,569.03875307374,793.44820,7934482000
892.2190875377383,534.0148967349728,793.69570,7936957000
929.0451537005133,547.8931568590095,793.92360,7939236000
998.1761484782612,554.4612622765276,794.15090,7941509000
1010.5939472959727,560.5438623010695,794.38070,7943807000
963.9904046789316,563.5128822013955,794.60720,7946072000
933.173200776303,633.9547404392496,794.83990,7948399000
992.940114450247,680.9525349567353,795.06300,7950630000
1022.4618026775339,727.1332562506972,795.29240,7952924000
1090.142434594492,730.296420018358,795.52770,7955277000
1043.324706793685,739.2274085309375,795.75830,7957583000
968.8820489276661,761.6665427490376,796.00690,7960069000
973.1069289288049,803.0142833955273,796.23040,7962304000
905.0793313291135,825.7417364637149,796.45790,7964579000
788.8547004816644,785.3475620755498,796.68860,7966886000
780.1279806667466,755.356978281677,796.92380,7969238000
796.4967876293716,677.6467258473789,797.15630,7971563000
776.8188688733431,631.7707788502568,797.38790,7973879000
818.4506489079785,618.2723942598227,797.62210,7976221000
880.2862767045924,625.8714038815139,797.85840,7978584000
845.2071877271635,667.62735623218,798.08900,7980890000
915.2379267761654,711.6238692770568,798.31740,7983174000
890.7156772067773,772.3441224511912,798.54760,7985476000
884.2755925560215,794.6704175724566,798.77700,7987770000
940.0646446361744,818.2165660961248,799.00030,7990003000
921.6994778955383,757.0571036985104,799.22780,7992278000
845.1261198552894,744.1313383592649,799.45720,7994572000
896.9885668132645,687.9257624299744,799.68270,7996827000
945.8223426630669,592.3391798029674,799.90800,7999080000
1029.5529770248525,556.3815090330585,800.14300,8001430000
1062.0608132142224,554.8116600280246,800.37380,8003738000
1085.8748835934682,516.5174470689226,800.61850,8006185000
964.1591062938843,519.6653916604934,800.84900,8008490000
879.9254568741143,506.5354398893472,801.07970,8010797000
856.164529984093,517.3460652565509,801.29730,8012973000
819.2885558949986,511.2498957776074,801.52990,8015299000
793.1802055194405,534.2677476710543,801.75210,8017521000
751.7469180672763,536.8930805704872,801.98130,8019813000
650.0589890976995,549.5895086380161,802.20410,8022041000
610.0753390287856,535.8747709524449,802.42250,8024225000
676.4964118463826,563.7848435657445,802.64900,8026490000
676.4295909579837,554.5042789910148,802.87990,8028799000
769.6635012966076,572.9969715748132,803.11980,8031198000
828.5485272260074,574.9580841370505,803.36700,8033670000
857.1572281635619,643.6712818491526,803.59310,8035931000
876.0421562169512,732.2247665035619,803.81190,8038119000
888.681581639254,809.2940535149481,804.04860,8040486000
932.533813810782,785.7955060798129,804.28750,8042875000
944.0347659246487,786.0895747895797,804.51320,8045132000
956.0380946976359,756.7691414641632,804.78180,8047818000
896.5959408353104,763.6472078062892,805.00930,8050093000
882.2358383499952,770.9839434799959,805.23090,8052309000
824.5072948544206,713.6346023837004,805.46300,8054630000
726.0444057978494,637.7494459717306,805.71330,8057133000
787.637356706514,554.3302853070043,805.94110,8059411000
885.8053152278791,511.08022381208644,806.19170,8061917000
906.6179186874499,522.8325289276748,806.41600,8064160000
905.9292142441459,566.2594358979677,806.66320,8066632000
841.459853901813,529.9875902463014,806.89670,8068967000
838.3674389403332,530.8986724891369,807.12100,8071210000
786.3418015396156,532.4547336240329,807.35300,8073530000
758.4150278571686,536.1384792712546,807.58540,8075854000
800.747112159319,529.3661553665235,807.83190,8078319000
900.7452031442614,568.4407600555724,808.10050,8081005000
939.4240210204161,620.3000266143588,808.34630,8083463000
941.7407944894212,660.7760112853211,808.58520,8085852000
968.691148239212,718.1702373486232,808.82620,8088262000
942.7336975229798,690.1923331826414,809.06240,8090624000
903.5016013030313,691.215966058398,809.28900,8092890000
962.040471504291,710.1022545044153,809.53770,8095377000
967.6278428253542,693.0620195253769,809.77520,8097752000
1006.0223540203315,646.1234651355225,810.03070,8100307000
979.4741404718282,622.6751371169495,810.28620,8102862000
1016.5813045840194,590.0156077262759,810.56010,8105601000
979.7176378397039,554.8808686763216,810.81050,8108105000
942.5549868806811,528.5913124292088,811.05360,8110536000
925.076746453239,573.3462694727382,811.29350,8112935000
919.8086381952141,587.9065933790342,811.53440,8115344000
923.3584517072154,675.2492059900553,811.76630,8117663000
834.1857450224547,652.9501274215488,811.99840,8119984000
799.0195265424155,655.7956864639649,812.23990,8122399000
742.9115374931818,711.7252619333749,812.51060,8125106000
677.9627502934062,723.8457801258114,812.75510,8127551000
595.1357955828198,621.970960083377,812.98520,8129852000
636.2484017322734,655.3605274840579,813.21450,8132145000
551.9735015260138,648.3811066843912,813.45690,8134569000
581.9672756293054,726.5776341212945,813.69890,8136989000
590.7283112256384,700.1312256144059,813.95110,8139511000
717.2184582772875,732.0686844932293,814.20830,8142083000
787.7433280114442,797.5350125788866,814.45050,8144505000
841.4496557948744,844.2164935437971,814.69140,8146914000
820.8107252944841,815.6254828065893,814.93460,8149346000
823.9519609331473,820.4544185934958,815.17330,8151733000
886.1851222133945,807.4498921095318,815.40910,8154091000
900.6649137019369,773.9601864022917,815.63900,8156390000
929.69731371886,771.661128242851,815.86460,8158646000
899.4634167414978,782.4690489625261,816.09380,8160938000
894.5678030315736,802.1512769594327,816.32520,8163252000
812.6044760468244,749.1417686898219,816.56520,8165652000
863.2848584411047,739.5397630624756,816.79210,8167921000
922.2745692713498,578.0826361350398,817.02410,8170241000
946.0464653713233,469.8108546014891,817.25400,8172540000
1004.3837446128481,428.52162534684635,817.48620,8174862000
986.9599484543078,384.0278041102661,817.71110,8177111000
841.048200856269,310.1348914455821,817.98620,8179862000
984.9082589017673,247.70284682542675,818.29230,8182923000
1018.469361365626,268.07053890280037,818.51440,8185144000
1154.3257005967348,431.0789024765801,818.74950,8187495000
1080.53256459449,446.95526179051825,819.04090,8190409000
1059.1828383742318,460.2470198900902,819.29730,8192973000
1073.522621505104,532.1892971201037,819.54270,8195427000
1108.1434977641109,530.4228825186033,819.79020,8197902000
1150.287977809016,582.0111372074799,820.01880,8200188000
1101.094567071395,542.5279963309616,820.24350,8202435000
1015.9530874863995,525.1308561525346,820.52660,8205266000
919.7449645740613,519.3102723991524,820.76350,8207635000
785.3713107535533,535.7728899729453,820.99760,8209976000
772.4259665528474,545.4127794830986,821.24610,8212461000
887.1704752432288,517.0688096143031,821.49080,8214908000
861.1649302673719,476.48927302901245,821.76240,8217624000
850.4226562576824,515.8393858807019,822.02860,8220286000
864.4362635830566,542.4195213504076,822.29210,8222921000
820.1575225104568,562.6036278534722,822.52010,8225201000
742.8908971242797,563.5610050850015,822.75060,8227506000
709.902411568504,612.5542919350833,822.97880,8229788000
720.0764531721977,630.7678264430915,823.21640,8232164000
713.4492155421829,706.8869008072476,823.45120,8234512000
786.6909791317872,634.5288643540551,823.68820,8236882000
794.9123345965182,621.2411000021933,823.92570,8239257000
745.8000346489781,601.6755703333877,824.15780,8241578000
820.4849714399478,583.945934938202,824.38680,8243868000
876.3597715358518,467.1686967252193,824.66270,8246627000
780.2977500033664,299.75705298254206,824.90680,8249068000
739.494983485618,168.98691325334076,825.13820,8251382000
701.6846336305124,96.74188302018277,825.38070,8253807000
752.8734646921995,127.31976626624645,825.60230,8256023000
728.906207243526,224.39704963095147,825.82380,8258238000
799.5930569147831,364.7333154121281,826.04640,8260464000
887.9960100111928,459.6239091365808,826.26530,8262653000
910.8329726983749,446.90332428808614,826.48380,8264838000
1001.0936044701818,602.0722486969842,826.70810,8267081000
1072.1479445437428,715.6657452106587,826.93090,8269309000
1160.4614258543136,803.526378807839,827.15860,8271586000
1151.4993377609248,796.9642901527608,827.38840,8273884000
1189.0267394792609,853.3687540181434,827.61850,8276185000
1153.1077121177132,847.8210055963466,827.84120,8278412000
1153.3890767914709,849.0572997021353,828.08160,8280816000
1048.7733685843664,868.4336352390216,828.30820,8283082000
877.6509672313848,755.4438960813707,828.54250,8285425000
667.3025633548184,667.0292777355269,828.77510,8287751000
566.5656709476979,614.489446408042,828.99690,8289969000
558.2330686355616,632.0346744976011,829.22030,8292203000
536.095617502584,650.2666562068624,829.44540,8294454000
564.4303065160361,606.0078672308679,829.66960,8296696000
679.3980703803658,653.43118296207,829.88790,8298879000
611.806701741973,715.601716703859,830.10760,8301076000
578.3183975429995,623.1304389627072,830.33260,8303326000
561.3951446619386,503.85753933765756,830.55710,8305571000
614.5070532888365,543.0449779563354,830.79070,8307907000
604.5601370685075,583.2562202050435,831.02200,8310220000
608.3058027828739,531.3977535959898,831.25290,8312529000
565.5732102252799,478.60104652689074,831.50580,8315058000
450.6325148048768,376.0493430513998,831.78020,8317802000
520.9123196431103,328.97269916822745,832.01220,8320122000
549.0892078100693,374.69621738374417,832.24620,8322462000
645.5321497824309,396.70581323863354,832.48100,8324810000
729.6731403989404,353.49639067581427,832.70240,8327024000
895.2933817183495,325.55156404142934,832.95460,8329546000
1030.7429796839324,302.4168539808354,833.17230,8331723000
1114.5191015948533,263.35949300883885,833.40230,8334023000
1152.2596981256854,255.03704124305804,833.63870,8336387000
1237.2890262035664,218.4428363991265,833.86520,8338652000
1241.1939650730178,202.0452987539167,834.12040,8341204000
1291.0804336810613,146.79988905712955,834.35620,8343562000
1280.2571847380364,286.10730771347096,834.58910,8345891000
1244.564997506428,394.792702647965,834.85190,8348519000
1215.2306734764618,481.4259701843004,835.09140,8350914000
1203.8789754882241,567.8482758627705,835.32480,8353248000
1150.2027148596035,642.138681124915,835.55810,8355581000
1085.1838607318136,671.3202076573955,835.78870,8357887000
1056.9912273444234,750.4716540869273,836.03150,8360315000
1015.2410530651554,764.9871765719613,836.27190,8362719000
946.3967587548532,754.4982523172674,836.51250,8365125000
949.3076833527517,766.9781734664805,836.73850,8367385000
925.1672387207319,755.3509604039604,836.99080,8369908000
902.7386967363311,760.9998342557067,837.22560,8372256000
823.7651514726464,733.6135028663714,837.49330,8374933000
791.7895268094852,717.1805205036746,837.73720,8377372000
769.626863422639,757.1981449101729,837.98150,8379815000
773.1386070007759,788.6516127882838,838.20550,8382055000
830.028032753082,804.1844675781083,838.43120,8384312000
921.5515955417729,851.9453630315925,838.66030,8386603000
911.8675344279121,823.2100682456695,838.89110,8388911000
886.1257486309858,847.2135113932877,839.12210,8391221000
901.6738678429278,839.6807819586409,839.35620,8393562000
907.7792472890594,870.3312058609258,839.58510,8395851000
916.5541057355038,881.2151697776358,839.81520,8398152000
853.4382725105504,859.2705625786227,840.04700,8400470000
849.4817534183773,848.2161836806234,840.28620,8402862000
879.3920795370173,854.0936713907154,840.52010,8405201000
888.8299078838626,779.4273964297129,840.75150,8407515000
837.0579875939753,729.4624351041163,840.99650,8409965000
867.0763487343295,731.6910856883856,841.23600,8412360000
862.5524878571742,674.3323750797634,841.47250,8414725000
895.2932886253963,594.8501996504255,841.71910,8417191000
988.8086375237278,598.1144208657497,841.95560,8419556000
1087.0686408221402,650.5155429412715,842.18030,8421803000
1129.2036349196994,637.9100904481929,842.41500,8424150000
1278.499144959551,641.5351714921119,842.65920,8426592000
1238.8822128732957,617.8897615536508,842.89200,8428920000
1205.7501433748987,590.6988665487014,843.12850,8431285000
1143.5121221182544,534.3050945396018,843.36880,8433688000
1052.1985622466996,541.5569055293067,843.60220,8436022000
1005.9588371485404,544.2220655161052,843.88730,8438873000
1047.1552076062242,582.0441565707905,844.12490,8441249000
1037.7696652657567,653.0995272985294,844.35760,8443576000
907.3073241169109,705.4776928735141,844.59200,8445920000
831.337436100305,721.3153998487204,844.81860,8448186000
863.5140396432029,741.9494986416412,845.04660,8450466000
913.6712785208422,708.2497480638317,845.27810,8452781000
857.1304887879893,727.698119388338,845.51540,8455154000
909.4247513056777,754.6700701218532,845.75720,8457572000
931.4825782151787,767.1553342929997,845.99560,8459956000
953.6153534688037,777.2311640016461,846.22130,8462213000
881.8862553225579,755.149191514918,846.44760,8464476000
802.1880393165277,743.9742828546724,846.68520,8466852000
816.145499449182,764.8889481468733,846.91710,8469171000
893.3646576332621,691.1556834171664,847.15040,8471504000
970.6489511532959,709.6774595697506,847.38330,8473833000
964.7657140584558,787.0417054767456,847.62260,8476226000
1001.4919369701356,798.8565012254862,847.86370,8478637000
968.4589301171916,730.8353281968089,848.12630,8481263000
1062.7769029128096,612.7144942985161,848.35680,8483568000
906.7727129969594,464.3233149448239,848.59710,8485971000
906.0330725448109,396.601902461621,848.82160,8488216000
1013.8083096000765,471.0933363371448,849.06350,8490635000
959.8403325164866,515.6875512647537,849.29230,8492923000
958.8145015968964,460.63853217302204,849.52580,8495258000
1002.3202074963965,525.4185440398742,849.75880,8497588000
1078.4812202640335,538.848527679285,849.98310,8499831000
1052.1226662818847,525.4983352697895,850.21080,8502108000
980.8944226644929,592.4040497878784,850.44100,8504410000
914.9301410429613,605.1919814256393,850.66780,8506678000
989.6214746485648,610.2627666768933,850.91880,8509188000
923.5071323280973,575.4032903417129,851.16040,8511604000
938.5579339443499,558.1799760664742,851.38990,8513899000
944.4510642018951,566.5868576151665,851.62990,8516299000
978.0172907641584,633.1886197142235,851.85770,8518577000
918.7177055841922,629.2008769624708,852.08560,8520856000
921.9690424886435,610.9109380870921,852.31710,8523171000
892.2807500264407,658.1574241992577,852.57440,8525744000
905.6068168051156,661.5665619421162,852.81340,8528134000
914.8168600022199,631.1552309334921,853.04570,8530457000
781.9559606385919,643.2951481341272,853.28730,8532873000
843.4519739471086,682.8515841616587,853.51770,8535177000
855.3841494525971,666.5183287189102,853.77920,8537792000
863.272584921279,649.4523361283855,854.01350,8540135000
904.7746405016152,687.9524327760386,854.25180,8542518000
970.9360336519777,716.4946158803995,854.49000,8544900000
1032.6757427367943,711.0954032527044,854.72880,8547288000
1018.1247032844974,737.2130241130411,854.97410,8549741000
1054.3472533425488,764.2261744950539,855.21830,8552183000
955.286939782467,775.7364694191974,855.45460,8554546000
921.1861827245127,748.9355157453955,855.69170,8556917000
912.874714509998,732.5248723997175,855.93150,8559315000
874.9796690015784,717.7727314340727,856.17270,8561727000
936.8332835605398,717.3925640797838,856.40500,8564050000
986.925791697146,683.4764519917164,856.64000,8566400000
979.7313354102852,687.0278551783662,856.86750,8568675000
945.5067255009219,698.4120166851491,857.10270,8571027000
1024.9205255738127,713.1759852293471,857.32540,8573254000
960.5601318243314,697.3241705705227,857.54580,8575458000
953.2219603166224,682.1355923388056,857.76700,8577670000
948.0101929121342,696.5907473113367,857.99090,8579909000
996.8169502535517,713.9715646928452,858.22880,8582288000
1000.534528889976,706.3173101376494,858.45640,8584564000
1084.4170617041268,649.070496808503,858.75330,8587533000
1192.5146191251065,617.3558942376615,859.00850,8590085000
1213.0883923307563,544.4629067570198,859.25760,8592576000
1257.7069591628979,528.0444472820183,859.48440,8594844000
1189.9888335856074,519.3155947101386,859.77410,8597741000
1201.3560593288444,559.1836533499138,860.06500,8600650000
1163.0757147103634,570.0236546932005,860.29100,8602910000
1222.1838048134762,588.4378522029692,860.59640,8605964000
1189.6409005924816,570.0195560523232,860.82850,8608285000
1204.9946689396427,601.0027595684381,861.05400,8610540000
1078.6695316049727,648.8574379403054,861.29270,8612927000
931.7667972357044,675.8940114865609,861.52490,8615249000
925.3955531074952,604.6020836685527,861.82200,8618220000
940.2802424262887,594.3897401933987,862.05230,8620523000
924.3848304701025,613.6662298989027,862.28670,8622867000
876.62684461123,631.1928550149464,862.52430,8625243000
882.563186825752,692.3922671469185,862.76730,8627673000
789.6069181960158,719.4958273196893,863.02760,8630276000
805.2203317313108,670.3020113760332,863.27760,8632776000
701.3142631403467,685.5435555960642,863.56470,8635647000
749.1537162742875,586.2458761875355,863.80030,8638003000
791.7654960767004,575.2247920137264,864.02450,8640245000
814.9021378031277,534.2446012606242,864.25330,8642533000
847.8471024836977,556.8034109838388,864.47700,8644770000
843.7558489928743,554.0718855342895,864.69250,8646925000
903.2819776914843,569.5163151791645,864.94400,8649440000
904.9089806158701,567.8499064348788,865.17870,8651787000
919.6128577404552,637.3470720535832,865.45080,8654508000
866.487088935048,633.2854234443646,865.68380,8656838000
856.849125252868,599.9952361098804,865.91130,8659113000
913.9979737535664,532.1008938872083,866.14690,8661469000
1016.5414801337283,458.73839296594514,866.43300,8664330000
1023.1788536550553,475.30483894607517,866.67410,8666741000
1074.6442999592623,522.0054531211016,866.91440,8669144000
1137.5000771658156,582.9691019426004,867.14870,8671487000
1130.4427595267525,666.5350421973825,867.39110,8673911000
1124.796925881675,634.973257765799,867.63110,8676311000
1102.1274770744665,671.4528519893506,867.86360,8678636000
1002.1518767612935,645.9325754007971,868.11830,8681183000
960.7104589444477,624.5667298983268,868.35190,8683519000
884.3112007533377,647.6980957695881,868.57640,8685764000
933.7718190301628,689.7770004733576,868.81200,8688120000
942.4300151205146,741.3433060752259,869.03890,8690389000
986.6829095984067,726.821929433128,869.26910,8692691000
1145.1662162758025,601.7913222243835,869.49870,8694987000
1331.0592109253769,526.791274472389,869.72360,8697236000
1299.155826111734,496.9158442420706,869.96440,8699644000
1160.259269461174,384.8297742263104,870.20230,8702023000
1205.0287250702818,262.99178463257715,870.42940,8704294000
1275.4251031215665,245.3954057487544,870.66850,8706685000
1369.1179906388684,307.9544883724289,870.90200,8709020000
1024.1890000144988,258.0817846682093,871.12960,8711296000
822.9138619945752,201.9321909214342,871.36740,8713674000
778.7057058900756,168.5804023971906,871.59900,8715990000
786.757937261172,255.54902559117448,871.84430,8718443000
918.1787712054952,371.7622612226944,872.07160,8720716000
1116.0769927467713,361.60212085452525,872.29930,8722993000
939.6531817238628,320.2996099007057,872.56560,8725656000
745.5609127444507,258.2638288810433,872.79220,8727922000
591.0344281304924,247.64791579758182,873.03030,8730303000
479.51130151577,228.84761746446802,873.26860,8732686000
300.49558848889114,232.0975276116743,873.50020,8735002000
188.83036706473564,178.8155610319404,873.74770,8737477000
239.20580784119034,117.75762786529795,873.98940,8739894000
227.08014094820774,143.9772853149736,874.23070,8742307000
245.08727653596094,162.42022563824403,874.45220,8744522000
232.04990703043524,253.22660514171116,874.68570,8746857000
373.50030401769015,191.12484241798276,874.92050,8749205000
555.6784137744552,106.71493945730006,875.14990,8751499000
638.2591337875344,86.1232625887481,875.37710,8753771000
764.5086225786097,46.52018712707675,875.61980,8756198000
635.7130612016214,133.44575639845152,875.85950,8758595000
569.7717839097263,202.92582551954627,876.10050,8761005000
512.7676593838511,211.77211318929503,876.33690,8763369000
389.62426441106777,290.040880223308,876.57150,8765715000
454.68232830763935,267.8888484325251,876.82250,8768225000
616.2775556582442,270.39372479992255,877.05930,8770593000
621.0479460015955,251.34536224777153,877.28300,8772830000
677.2549176027443,268.5667375450448,877.51810,8775181000
819.5109006982694,251.42081090513534,877.74720,8777472000
869.0525360487009,324.2128695945029,877.98560,8779856000
800.2920630620407,354.2661939196321,878.22350,8782235000
852.9925005447551,425.337476376082,878.48430,8784843000
828.108457633159,496.98399251356045,878.71730,8787173000
830.7457653777966,606.409329025415,878.94790,8789479000
813.447287362145,612.6296069069057,879.19270,8791927000
705.4319596017785,570.8974692806435,879.42850,8794285000
643.9032088354732,638.4821642364764,879.66570,8796657000
702.9698656986737,728.1071157032827,879.91740,8799174000
704.2692878240249,752.0100674324453,880.20440,8802044000
769.3327049019038,742.1049965862368,880.44260,8804426000
699.818824231211,623.1371202806995,880.68210,8806821000
539.1010112966878,626.1055567675118,880.94900,8809490000
472.80636384978555,565.930949164174,881.18630,8811863000
428.9725816490899,528.3333686171147,881.44140,8814414000
431.84295944128013,414.7584178192081,881.67370,8816737000
679.2591305984466,277.231668640552,881.91010,8819101000
818.0094789889672,301.72250624376954,882.14770,8821477000
947.1171229426058,397.5510099911695,882.39150,8823915000
1069.2936974153702,426.49569746420883,882.61670,8826167000
1072.9566030661022,465.00547562673876,882.85850,8828585000
1023.2730790652034,511.9999413881262,883.09110,8830911000
1071.8002491298014,557.3432930446198,883.32540,8833254000
1102.1135743799377,574.8536720255635,883.57330,8835733000
1163.295895290382,594.2425952962527,883.80260,8838026000
1168.1221861259194,624.3219427622155,884.05350,8840535000
1129.0608921664286,615.504392635281,884.28200,8842820000
1172.6282235186259,604.2493252389859,884.51130,8845113000
1237.950383526206,537.9711486783041,884.78360,8847836000
1261.2242675463842,461.9767732477014,885.05800,8850580000
1221.92103216761,394.1872629683678,885.27990,8852799000
1202.85763776595,497.158802651032,885.51230,8855123000
1271.8066251085606,513.8015369840092,885.80520,8858052000
1392.158825625242,442.9136645594678,886.04310,8860431000
1361.0809270373406,392.03831388052436,886.27140,8862714000
1389.1112372754476,420.886548282449,886.50310,8865031000
1219.644632087336,410.6202857653507,886.72540,8867254000
1041.9275542176267,429.14940404297613,886.94940,8869494000
932.5005610831789,408.56681772514713,887.17640,8871764000
878.5930771328038,449.26399737691685,887.40200,8874020000
812.7816516400404,503.04979296258625,887.65460,8876546000
874.2093185106914,529.9760325005764,887.89560,8878956000
908.084205266909,553.3047406881947,888.12700,8881270000
1053.5909745411398,616.1741989305525,888.35910,8883591000
878.8556497725705,679.9877651302559,888.60030,8886003000
755.9771224484718,721.5059497493868,888.84190,8888419000
757.1640757234352,721.871643794503,889.08080,8890808000
979.626484569737,740.3979889878815,889.31760,8893176000
1040.3863088157655,766.7340098270656,889.54950,8895495000
1019.3174816395835,884.0891398266809,889.77660,8897766000
1056.80374966766,898.1820542028688,890.00450,8900045000
1095.7311948181286,934.9358399276445,890.26830,8902683000
1130.4356298247676,839.8225490763648,890.50980,8905098000
1139.1374553181934,841.1725552962652,890.73600,8907360000
1173.0779810089616,746.1334431197422,890.96520,8909652000
1137.3235230032171,661.2578852286056,891.22810,8912281000
1058.5485869033953,671.391017505132,891.45340,8914534000
1034.1933248443963,628.6193008386813,891.67630,8916763000
970.4834238028784,597.7570592730376,891.90140,8919014000
1050.8933877780203,477.04161249797727,892.14390,8921439000
1079.4518278520784,433.037479716346,892.37100,8923710000
1024.647132111937,413.3106781859516,892.60690,8926069000
1004.4996986928759,412.29577617809895,892.84100,8928410000
899.9216248949016,368.29236892479577,893.06780,8930678000
883.2300501418295,341.37870751527896,893.30580,8933058000
884.8008991923328,333.1842572369436,893.52900,8935290000
931.3885400824045,274.36018838058004,893.77250,8937725000
956.4524159756038,260.0664731584461,894.01170,8940117000
859.5388373245577,234.96442955683477,894.25490,8942549000
735.0662523147773,191.74389072266894,894.48720,8944872000
648.95733307688,212.0965138228125,894.72320,8947232000
489.1861053178835,211.3641110580721,894.95860,8949586000
404.835387443555,232.15016628982028,895.22280,8952228000
367.23532484229065,246.2502182750125,895.45370,8954537000
467.6874328185922,272.30426028015796,895.68780,8956878000
555.5082954941853,326.635984892046,895.90690,8959069000
727.5130530654634,280.08732252464296,896.13140,8961314000
711.9851377030321,283.15625899002845,896.35830,8963583000
750.5609542141774,335.5558458385882,896.59780,8965978000
785.3453106340619,366.1893370590267,896.82150,8968215000
797.5435761884629,370.0708543541166,897.04200,8970420000
862.6642709884308,292.43333362597957,897.27670,8972767000
620.0287716824334,309.7038362139403,897.50980,8975098000
589.9701230744511,305.47616685608153,897.74730,8977473000
541.7507182374648,294.3893518955229,897.99030,8979903000
457.37115719162273,252.40291371588782,898.27480,8982748000
594.0009566322751,341.0881501544997,898.51220,8985122000
821.6470796892943,392.3320253883961,898.75020,8987502000
900.8037509303016,456.9472157722374,898.98940,8989894000
929.323562573066,429.56597386506405,899.22370,8992237000
892.7392221310938,508.93051517932804,899.46080,8994608000
961.9015187817217,558.6707552830095,899.70930,8997093000
900.746087202762,597.553389102636,899.95340,8999534000
960.7234340744532,645.3427727029515,900.19080,9001908000
934.6942148667692,673.550961658509,900.42390,9004239000
929.8322052862333,717.7752597824563,900.65000,9006500000
849.0572344152529,649.2638230970198,900.89450,9008945000
772.414601657226,512.706402295091,901.12410,9011241000
717.3582970214352,443.5640559590163,901.36530,9013653000
653.3985478852462,397.70252646607355,901.60000,9016000000
649.8502920946701,294.97625556130987,901.86000,9018600000
706.7899042731324,163.53734461230238,902.09130,9020913000
748.0292103184374,103.05471425532156,902.31860,9023186000
910.412547580745,74.99251484100014,902.56030,9025603000
903.228706164907,141.45259867373193,902.79690,9027969000
1032.5562834602943,211.47900355672618,903.03480,9030348000
996.0248367828088,236.30563625365642,903.25940,9032594000
998.2525244444176,329.90989619926074,903.51650,9035165000
857.4458770802362,358.3101953193731,903.74260,9037426000
857.6675069706552,319.6139161590693,903.97810,9039781000
810.6460592196366,305.70469352958753,904.23120,9042312000
659.5354028804629,297.73281350175404,904.45580,9044558000
470.9351578511268,292.7388619459104,904.68650,9046865000
545.4681779369655,305.33720345458516,904.90950,9049095000
686.955925350657,286.89682841224703,905.13060,9051306000
811.1913264908792,288.42062672683005,905.35570,9053557000
880.8624935001432,358.79895934876913,905.58160,9055816000
926.2413065070875,387.6654906653504,905.80560,9058056000
971.4463803548738,441.791968935739,906.03260,9060326000
990.6916275145048,517.5825329211185,906.26970,9062697000
1005.3091736111171,602.180949326027,906.51940,9065194000
987.8625786604053,675.5004872874562,906.75330,9067533000
1064.5324654967571,786.1569424148769,906.99210,9069921000
1152.2961181433839,882.1171014751745,907.21920,9072192000
1197.460512619009,794.8162491536742,907.46040,9074604000
1252.2310667008192,695.9835962679148,907.70380,9077038000
1281.513266570332,618.0861423274341,907.95130,9079513000
1258.7373349781237,510.0261389907573,908.18260,9081826000
1070.712110928452,392.31176013085565,908.42150,9084215000
890.8637947297834,241.81678425003946,908.65010,9086501000
712.483293028032,160.20505203830055,908.88120,9088812000
552.7275025021262,44.17568519613599,909.11280,9091128000
555.7826252438433,-26.744846605923293,909.35550,9093555000
473.17941574063855,-32.089701910433185,909.58580,9095858000
408.40694029423963,46.447680002978984,909.82320,9098232000
584.2917862825648,131.95624798202326,910.05090,9100509000
830.2753445053424,177.94000656110893,910.27690,9102769000
843.9172710173041,262.35265413630293,910.51580,9105158000
930.5193415747924,388.57723778057783,910.74820,9107482000
965.8386227651027,538.3235355322798,911.00330,9110033000
882.0183905386143,536.1793771164573,911.27960,9112796000
852.4854171492815,557.2196069182982,911.51790,9115179000
819.1572268617163,566.551135340836,911.79100,9117910000
789.8210964840605,590.0119425514431,912.02520,9120252000
895.9022985043598,523.0485583350658,912.25370,9122537000
937.503017102897,558.3592498901652,912.49250,9124925000
827.1312475465178,569.1770172957436,912.73170,9127317000
739.9072965386821,605.6771709041744,913.02230,9130223000
840.4325731036618,591.6320273388131,913.28020,9132802000
917.9860426607039,519.8928409409482,913.51000,9135100000
996.2866568052796,518.2456947161911,913.75230,9137523000
1043.8394137927478,491.27574714010854,913.99520,9139952000
1112.832863450899,487.3286237698883,914.24280,9142428000
1060.660583989816,534.8354818793374,914.50020,9145002000
1112.3227877086033,572.180170142051,914.78210,9147821000
1177.0101204567275,636.6687771539124,915.01040,9150104000
1218.4748055461841,632.8554712931432,915.23480,9152348000
1376.6711428640394,603.0260213743446,915.49840,9154984000
1457.7784925720948,603.5298174187191,915.78820,9157882000
1444.0086645028427,568.8019276532535,916.02020,9160202000
1349.8722719980221,568.6325472871691,916.24710,9162471000
1290.9360697123282,591.7364495755627,916.47240,9164724000
1181.057382748818,525.2324193175729,916.69740,9166974000
1038.7061600085563,507.5366256742003,916.93950,9169395000
1099.0353818585875,435.42047699726027,917.21330,9172133000
1059.403064306294,417.2059742755296,917.48920,9174892000
840.13958843155,333.0843825083618,917.76540,9177654000
872.717175682697,352.8532283949121,917.99640,9179964000
915.4998163726375,440.0680495032756,918.23870,9182387000
891.7805328774535,535.1244682349576,918.48640,9184864000
920.9048537994788,484.78571175162244,918.73290,9187329000
889.7286025071201,576.1260901203173,918.97160,9189716000
861.3543570436814,624.3087611139242,919.21540,9192154000
916.230204599814,625.1202521713785,919.45970,9194597000
917.2011425671873,597.1400209299771,919.69240,9196924000
793.3513879061501,643.1570324121808,919.92430,9199243000
822.8670684031028,631.398883057259,920.20650,9202065000
1026.3453220455392,516.2686331913143,920.46950,9204695000
952.7880920732027,482.804637400671,920.73170,9207317000
1207.9526556320188,487.667650369009,920.99120,9209912000
1309.8788348548085,467.7067198153491,921.22670,9212267000
1457.86539167674,481.8516279664203,921.45730,9214573000
1494.2719656657237,490.1018450127183,921.68580,9216858000
1498.0376931183869,511.7644575599049,921.92830,9219283000
1471.1417278808608,467.3617852840551,922.17110,9221711000
1437.9919658937183,472.8761031850821,922.42450,9224245000
1351.660685286013,485.9689529613472,922.68340,9226834000
1093.6411589433947,526.4871272996361,922.92060,9229206000
948.1209773040949,642.090048569011,923.15080,9231508000
846.0036269331611,722.3818604975016,923.39180,9233918000
778.0399330430344,711.8783084773755,923.62080,9236208000
782.7069438396346,688.3562084695118,923.86910,9238691000
814.2601181616607,753.3834863186544,924.09600,9240960000
820.7733388757373,765.714908738449,924.32990,9243299000
797.0679581158508,719.0831707817979,924.56720,9245672000
801.3981841317278,755.2202548324879,924.80220,9248022000
843.5982580992984,760.5464391951629,925.03860,9250386000
1083.8926273089298,680.1182192676819,925.27990,9252799000
1136.305565483926,626.6818280601116,925.51300,9255130000
1376.992040143498,641.2341344531104,925.74270,9257427000
1471.0380182622,626.0164156530523,925.96690,9259669000
1502.801281819825,592.6934450949279,926.20420,9262042000
1386.0552262366914,484.7419783233555,926.44530,9264453000
1374.489503396932,445.1920065249563,926.67440,9266744000
1328.1425722743045,378.0203914189033,926.92270,9269227000
1262.6841970348519,249.65931923697974,927.16180,9271618000
1199.496896297767,207.62332790547248,927.40100,9274010000
1020.2713930473727,193.2036421144855,927.63000,9276300000
771.8030064595309,173.10983513408019,927.86430,9278643000
543.5601360843652,185.5920308316731,928.09100,9280910000
326.4803309325972,198.17512524236216,928.32890,9283289000
231.57315413617357,244.263467853982,928.57240,9285724000
279.0527632511529,464.6632895685186,928.80800,9288080000
448.1137088164636,526.6126087984227,929.03750,9290375000
585.7390746207407,666.0907846725895,929.27440,9292744000
607.564109153576,731.0315029566843,929.50770,9295077000
684.3647094885462,704.5475128361779,929.74170,9297417000
725.3092271031715,672.502410604024,929.98280,9299828000
712.2903019216562,647.9801171304175,930.22220,9302222000
708.4820596713644,640.4362295870113,930.45470,9304547000
698.9818827338383,607.6156999776263,930.68470,9306847000
698.132141544854,646.1384246263791,930.91690,9309169000
794.6240046328186,572.5852118480622,931.15020,9311502000
785.718561677695,556.6039540369072,931.40710,9314071000
960.4140664093795,640.4791221193085,931.65430,9316543000
1136.9153847195978,499.8725759943719,931.88680,9318868000
1237.8631771169216,512.9696187444339,932.11610,9321161000
1284.5151344557019,576.8316357061983,932.34830,9323483000
1388.184190261969,687.5967715903944,932.57760,9325776000
1391.9583380296697,654.3164408119522,932.81410,9328141000
1467.3992925769635,706.1295633097295,933.04980,9330498000
1369.0325905245445,577.8050417681324,933.29320,9332932000
1214.2297263110345,454.78511833323165,933.52680,9335268000
944.5278603757317,409.9235852424913,933.75980,9337598000
702.6222922375771,333.7816685054762,933.99550,9339955000
498.4641560735869,300.51665375707057,934.22540,9342254000
613.0967264710748,366.0506637394426,934.44820,9344482000
750.595043728749,349.6273206576975,934.68470,9346847000
913.0211881936193,371.2559571905778,934.91590,9349159000
1005.9417635290804,331.2334094808059,935.15330,9351533000
1064.0542303758705,296.75309157322044,935.38670,9353867000
1045.2324488079923,293.8879616644596,935.62560,9356256000
1145.0701462053514,395.1501466780572,935.85160,9358516000
1302.2365646847584,397.51671079913683,936.06410,9360641000
1328.4787397021648,414.32034449911373,936.28690,9362869000
1258.7845842169518,512.2096551654821,936.51050,9365105000
1198.2024001219636,568.3167812587739,936.73520,9367352000
1133.4317759370817,600.1355223254851,936.98070,9369807000
1141.182350583623,642.5917761220143,937.21950,9372195000
1075.2947981408697,679.8202106036957,937.46270,9374627000
933.8901283881686,607.0940643132817,937.69170,9376917000
881.5197588138439,575.7865153592896,937.93080,9379308000
817.5923310675759,550.5270091178819,938.19360,9381936000
747.1368161694279,545.5646500333513,938.42110,9384211000
712.7727279275113,625.6633058218232,938.65540,9386554000
618.3233398031529,642.0894725530034,938.88900,9388890000
652.7436232193369,616.3972009175661,939.18480,9391848000
656.8175549931188,626.8165889072432,939.41350,9394135000
689.4367592484849,637.1888207158395,939.63770,9396377000
729.6768563994824,643.8076819828982,939.87170,9398717000
770.3627724221461,631.7531749583225,940.10890,9401089000
750.7258098254974,629.5030378270266,940.35190,9403519000
812.6723072621079,635.4044655751612,940.59490,9405949000
864.4183477297743,667.7261070199285,940.85020,9408502000
862.8984056896145,742.8878698346707,941.11740,9411174000
822.8869857675859,729.6709082496423,941.37250,9413725000
935.1554307293372,636.2709301146856,941.61540,9416154000
996.8590489389657,643.5380321001418,941.84870,9418487000
930.7461354485301,645.8039250987769,942.11310,9421131000
947.0986215597326,640.2511771285285,942.35220,9423522000
915.2286889613513,653.1225821679864,942.60620,9426062000
861.3889075985162,615.7862776337794,942.90320,9429032000
822.3345950924871,580.5475069556368,943.15210,9431521000
758.9032476845769,600.869155225604,943.37730,9433773000
808.8323723519424,639.3594066586475,943.64850,9436485000
874.3908955983076,625.7873513097061,943.95240,9439524000
956.5495360361219,627.9431620694841,944.17790,9441779000
947.162592926992,662.5698656918818,944.45620,9444562000
906.5283343951612,679.4720815467825,944.68520,9446852000
846.3019148699854,712.9088449761321,944.93880,9449388000
760.1048658292357,680.8967978917105,945.16340,9451634000
750.8047622642355,686.2343296691686,945.38420,9453842000
743.3273190950694,634.0133128714037,945.60330,9456033000
803.732573318915,672.6088086297812,945.85020,9458502000
747.6407247399868,734.140793839199,946.08270,9460827000
730.214930449673,703.4758441263091,946.30550,9463055000
742.8799225729605,720.37291072854,946.53540,9465354000
667.3705088435715,693.8744448755654,946.78280,9467828000
616.4593135557973,705.6621238545235,947.02770,9470277000
663.7512698093515,687.7447734021753,947.31160,9473116000
652.4248024967154,732.3460724637857,947.53280,9475328000
660.4711414911736,695.6620659227201,947.77830,9477783000
682.8644583550457,651.9400471503636,948.01440,9480144000
693.5470641665411,639.0896503696298,948.24030,9482403000
619.9269179673724,615.0140885725991,948.47220,9484722000
743.1757807600382,555.3322693193616,948.70040,9487004000
755.7209205403653,541.3037345278336,948.93710,9489371000
796.6940398748388,574.7777244869061,949.17080,9491708000
810.7105848692843,572.4116103368948,949.40430,9494043000
786.6014741458448,593.1644182292956,949.63920,9496392000
804.9228995830356,602.8303781636257,949.87490,9498749000
829.8485083772927,555.4698256027159,950.12530,9501253000
864.1335217685165,582.938530795422,950.35760,9503576000
824.9745039915706,581.8755110971101,950.58410,9505841000
777.7004164504051,615.8813372524158,950.81580,9508158000
826.7810944593459,637.5234332322601,951.03980,9510398000
822.8505289108048,696.1882709958917,951.26550,9512655000
825.6101438548174,705.654073806353,951.49560,9514956000
871.9186436537497,678.1560975975433,951.72850,9517285000
910.2634793757929,675.315713892336,951.96590,9519659000
853.7133195309533,619.5291056855989,952.20910,9522091000
875.9440525548989,638.7691378380146,952.44470,9524447000
987.0310929952277,577.040919382467,952.67320,9526732000
835.1952455781163,429.8654574066849,952.90990,9529099000
777.1366911879891,389.8515294301014,953.14100,9531410000
741.8140667874202,355.5819211319774,953.39030,9533903000
778.5594958055335,332.8997039832569,953.62490,9536249000
748.7168716255125,269.3321547604737,953.86070,9538607000
745.9224737744635,187.3353165622123,954.09120,9540912000
850.5115690186642,171.36163395694425,954.33860,9543386000
941.8168291213658,229.04500076404418,954.58170,9545817000
971.2133062934925,192.6373918160229,954.83420,9548342000
910.4472191388599,195.5312729052277,955.06680,9550668000
893.537741619826,171.8449829612712,955.29760,9552976000
900.12440397487,174.80275596713267,955.53660,9555366000
944.1380068111832,94.44572237243912,955.76490,9557649000
866.0487266401224,111.6575046704055,955.99440,9559944000
906.2392653284717,124.92252260454966,956.23780,9562378000
1053.4614864405523,179.0911979492023,956.51160,9565116000
1039.9537334786287,199.66708306138932,956.73710,9567371000
1077.6674239155898,177.94208237799558,956.96390,9569639000
1127.9199510814358,170.59916698166614,957.19020,9571902000
1154.7665796215488,200.43207171248457,957.41730,9574173000
1162.0331166166293,322.6391859021352,957.65710,9576571000
1132.5008603158412,406.5787609053527,957.89910,9578991000
1190.3176888012422,473.98662377843647,958.13760,9581376000
1143.2228396028122,513.1542124976864,958.36740,9583674000
1084.4896018489578,572.6782697445171,958.61260,9586126000
1101.833948711205,615.9286750376202,958.89350,9588935000
1142.379451007358,629.7551526561526,959.12810,9591281000
1298.162377013573,667.4396206762483,959.35920,9593592000
1343.989970664136,739.9749397413846,959.59060,9595906000
1303.0245067238975,717.5207699896074,959.82120,9598212000
1287.750488429466,641.966986978103,960.05990,9600599000
1227.2658986347635,637.5178624827588,960.29170,9602917000
1304.6022727156192,566.5615910609619,960.52890,9605289000
1260.9204134259192,571.0571738881885,960.81680,9608168000
1241.9072305922616,572.0101190616579,961.10380,9611038000
1246.1805928054123,531.1383791354087,961.32370,9613237000
1130.924794508873,597.6094178151751,961.54150,9615415000
1071.5972035009545,560.5227338821395,961.76400,9617640000
984.8690508038294,492.02556421953295,961.99370,9619937000
977.9373292932542,476.58599676462507,962.22070,9622207000
916.6685486428498,477.0293252034737,962.45170,9624517000
927.095311450493,439.4836562330514,962.67400,9626740000
804.5737432430569,448.99962678316075,962.91010,9629101000
866.9349941058116,362.1033969836953,963.13620,9631362000
732.4032910474103,316.12106032211057,963.38310,9633831000
581.6000996764158,303.592125489468,963.61580,9636158000
426.9294521370547,276.19545600293753,963.84180,9638418000
494.0699739225636,289.327853298284,964.11710,9641171000
475.27621471881224,230.71305774808505,964.35950,9643595000
412.73093377366354,259.3962445147747,964.58960,9645896000
393.83421155259157,216.13678291287286,964.81650,9648165000
672.2046650089126,219.69534056163084,965.05090,9650509000
774.3157883426293,185.24724425447744,965.29780,9652978000
762.480570965378,129.8585668808971,965.52160,9655216000
774.0929108396386,120.82574287133507,965.74680,9657468000
832.3349986772432,179.02352629606307,965.98930,9659893000
934.1901206485039,145.17858230501386,966.26900,9662690000
802.0077643015377,190.3288374806841,966.50870,9665087000
654.2827226211226,192.57918733505704,966.74590,9667459000
534.6159167700038,221.74600274965138,966.99770,9669977000
544.0337839302631,250.37749418314087,967.23580,9672358000
527.0150476901467,247.63397444585365,967.47430,9674743000
404.1277900328933,259.3681298365805,967.71680,9677168000
291.8715780452403,339.8163570230895,967.96490,9679649000
408.08414512502736,361.29310046421557,968.21890,9682189000
515.0827344590485,323.7764112799349,968.45130,9684513000
422.46801762010995,309.3122970938084,968.68530,9686853000
426.2054400462031,362.7458981788834,968.91680,9689168000
448.6877456324661,365.94056602965134,969.15710,9691571000
462.1313636046648,346.0315196559675,969.39020,9693902000
473.5408471350546,318.16034305017456,969.63140,9696314000
450.6455010932264,281.17014035626033,969.86830,9698683000
547.4818801100907,271.8208663689131,970.09620,9700962000
587.0412036792162,258.0893439002944,970.32790,9703279000
738.96126269956,172.40494539153158,970.55830,9705583000
833.2994343189697,201.58029400671995,970.81100,9708110000
930.2697196730924,272.6789432181632,971.05010,9710501000
1087.0977300042357,329.6657581474068,971.28780,9712878000
1146.8201189697133,377.97328390436235,971.52480,9715248000
1115.9385564751865,369.27741504141557,971.77300,9717730000
1140.607805830117,417.99297556335335,972.00080,9720008000
896.6750530047975,348.4171372538939,972.22830,9722283000
735.5407775971731,292.82071241641427,972.44870,9724487000
671.9752028039122,244.8227022277578,972.70030,9727003000
794.3791387489391,283.60020046160747,972.93320,9729332000
766.747075105004,290.87491077726656,973.16570,9731657000
700.3739580150489,334.9061085602841,973.39920,9733992000
721.5832513912715,364.19397464849135,973.63720,9736372000
916.1099655354508,361.5856131498553,973.88380,9738838000
1042.9640331804385,343.2279538610376,974.13550,9741355000
1072.4253050220677,399.3502121392981,974.37380,9743738000
1075.6481289047165,417.40153572387607,974.60430,9746043000
1079.4472101504289,395.91030340496974,974.84540,9748454000
1128.244233262107,390.15379313999125,975.07420,9750742000
1124.3969472572605,395.46353256264996,975.32030,9753203000
1116.7684338271033,389.7209558255294,975.57980,9755798000
1085.554033616032,424.5696659775876,975.80860,9758086000
1096.8639019323116,393.34351750230246,976.04590,9760459000
1000.7109504785083,389.69427972588016,976.27630,9762763000
938.0617473105624,406.49143242943927,976.51460,9765146000
880.072668087224,447.05108393850605,976.76010,9767601000
877.0194187915417,460.4386454340143,977.01270,9770127000
846.0449169132761,551.1305636889513,977.23940,9772394000
888.4096637892271,453.8543016126377,977.48070,9774807000
892.3198530888122,502.6911238037003,977.72330,9777233000
750.9976603063556,551.8656094543192,978.03030,9780303000
761.5775351564238,558.1693834040059,978.32100,9783210000
758.0215578489627,586.792955057211,978.57120,9785712000
730.2764305831224,548.1952598054694,978.83540,9788354000
677.2015153961423,533.8841064209876,979.11720,9791172000
666.8571772526586,538.544391183359,979.35540,9793554000
621.932874697554,479.1093976964768,979.60420,9796042000
553.373949201703,462.82214495744375,979.84530,9798453000
620.0316915198639,441.9067815560136,980.12970,9801297000
672.0037808590556,385.32355853194036,980.39070,9803907000
700.1218751815579,435.5485902393316,980.62200,9806220000
714.1084307350066,479.49462551098986,980.85060,9808506000
767.04286060223,456.00178895787707,981.10880,9811088000
811.2017932307696,423.54247395442616,981.38940,9813894000
845.7043142007536,432.0448181795643,981.62000,9816200000
853.8575762358829,407.0467942726864,981.92190,9819219000
901.5531394434142,432.8781402206515,982.15460,9821546000
860.0001936455652,409.87696546838924,982.39200,9823920000
893.3147953175907,449.7521330270893,982.62650,9826265000
895.7922162313166,469.355386618635,982.90780,9829078000
905.1806345511899,462.58113969969855,983.14890,9831489000
899.9703065372083,470.2393644655901,983.37740,9833774000
938.6763039789025,495.8459988885086,983.62060,9836206000
961.6159743622203,518.562330465661,983.89720,9838972000
1042.1104003960675,549.6969096191651,984.11830,9841183000
1055.1715254936328,546.1003834124998,984.34330,9843433000
1093.2966957581407,544.7984057945736,984.56420,9845642000
1045.1018544095714,498.8685979083101,984.80330,9848033000
1037.1296488323458,477.7454606941902,985.03870,9850387000
1072.4502649681297,494.854245282105,985.27650,9852765000
1167.721910037493,522.0512238931036,985.51820,9855182000
1150.750879892393,560.8833513482714,985.75830,9857583000
1180.4277292146521,561.5101382405262,985.99390,9859939000
1176.9561355595072,623.5540846383456,986.22500,9862250000
1234.9187294045107,648.7053180830408,986.45170,9864517000
1235.8671751671634,642.1036734020892,986.66980,9866698000
1233.4730374806447,620.920907975357,986.89650,9868965000
1247.7328110329508,589.3222583073373,987.12580,9871258000
1222.0974238149622,613.0625930455628,987.35100,9873510000
1263.0977116123831,641.3402151311395,987.58220,9875822000
1366.6923233266336,644.8486692422358,987.81770,9878177000
1324.3245763019938,398.6940544631322,988.06230,9880623000
1316.2911562067047,196.37185769430562,988.29740,9882974000
1211.179825532338,99.74064152389985,988.52070,9885207000
905.9406772275283,62.10452175645059,988.74850,9887485000
713.6846541431091,28.19025592772076,988.97970,9889797000
651.8806577069514,76.06172787636012,989.22510,9892251000
777.4494256551523,78.92512175862217,989.47430,9894743000
887.825645521244,185.47619387869514,989.71390,9897139000
1016.2630739091355,323.70670478917907,989.94100,9899410000
1086.5741764392894,430.23398116745204,990.18390,9901839000
1167.817054232456,509.10289793178566,990.41210,9904121000
1281.3186800826593,631.1518223386637,990.64000,9906400000
1296.2695811009587,616.5234232941899,990.87410,9908741000
1317.5451862421623,579.4786077961529,991.11020,9911102000
1367.3591626669656,501.1260363713816,991.34710,9913471000
1379.3671998602301,550.4074112678602,991.57150,9915715000
1451.8584943570456,581.7119050801517,991.79280,9917928000
1440.5828212352671,527.9812629948867,992.02240,9920224000
1440.375577651614,450.653820885182,992.24960,9922496000
1416.6462930055782,385.1136612741454,992.47840,9924784000
1410.08171965191,323.96522898433386,992.70500,9927050000
1442.7635763203227,337.45200275352767,992.93750,9929375000
1436.2065857943157,370.68246645165175,993.16570,9931657000
1506.1731481779148,346.2981431689808,993.40510,9934051000
1367.5658674104932,322.35253956212347,993.63150,9936315000
1281.5456535058468,388.55618880568943,993.87330,9938733000
1225.6763509840093,480.8362888767385,994.11270,9941127000
1265.9528965036166,512.806970561966,994.33950,9943395000
1288.1514692293576,610.7547934536668,994.57200,9945720000
1295.5142810268528,722.5923485376069,994.79990,9947999000
1226.0908728501372,751.4129522576092,995.04250,9950425000
1200.8201800054892,690.7147961483258,995.28480,9952848000
1165.7618576209284,614.0612894102114,995.54990,9955499000
1092.731518089399,536.7896078025971,995.78660,9957866000
1051.0827553145207,462.52936024362685,996.02570,9960257000
1068.6960852206214,446.2018353599738,996.26140,9962614000
1027.5312700356224,320.3918418211213,996.48950,9964895000
1100.756245413866,253.07888282758043,996.73040,9967304000
1134.397204959917,264.06348861653674,997.00790,9970079000
1123.0411628917102,248.50910217649846,997.25030,9972503000
1096.7715148890477,271.08457658917234,997.47900,9974790000
1104.5438452923179,340.74851040393526,997.71300,9977130000
1107.3328170685136,332.33576677226296,997.94480,9979448000
1126.2951623605816,408.88067313575954,998.18110,9981811000
1213.3030731087445,459.2684355334718,998.41220,9984122000
1254.6399400266762,478.6813368803782,998.66560,9986656000
1242.5802895626834,435.675756845588,998.93340,9989334000
1216.8339007141565,382.9407236028343,999.16380,9991638000
1387.2297913085479,428.89250545579466,999.40000,9994000000
1362.5164617658472,405.5560569901785,999.64070,9996407000
1356.30959310206,428.21634746006123,999.88870,9998887000
1235.6609271169368,434.16537815201076,1000.10060,10001006000
1234.408728456013,388.6164223299293,1000.31630,10003163000
1086.0128764852702,360.7492510118058,1000.53440,10005344000
931.8602769001019,345.3423260673742,1000.74630,10007463000
837.8394232582735,293.2998807445658,1000.95660,10009566000
1000.2302844347474,273.8482853791222,1001.17050,10011705000
983.0867495360678,276.2920470429367,1001.38840,10013884000
989.7705238187991,291.13807714170025,1001.59720,10015972000
901.2523312587014,261.51574500671177,1001.82180,10018218000
679.8121602143352,201.9941200777905,1002.03300,10020330000
567.2582166729136,166.35003177583678,1002.24110,10022411000
445.6187092921431,152.33117035851,1002.45120,10024512000
344.17547459993426,153.83273316773423,1002.66500,10026650000
298.820810072107,144.31886555843442,1002.87430,10028743000
412.86030602692813,90.7818343382518,1003.09590,10030959000
355.8966011802368,140.50072668448104,1003.32250,10033225000
287.031639641554,124.210677347988,1003.56220,10035622000
346.4567802478497,141.94158502173696,1003.79150,10037915000
524.4822558481037,133.19798061935109,1004.02850,10040285000
611.2054557494125,88.88781965583047,1004.27350,10042735000
677.7234632064802,167.21702794216552,1004.52510,10045251000
645.4901602474116,190.24523782795717,1004.75340,10047534000
627.062254815804,229.62474194608907,1005.00490,10050049000
622.0462762653242,348.74415652334756,1005.23540,10052354000
703.545937391096,457.5806572356275,1005.46680,10054668000
699.6766320604414,488.55620849776295,1005.70820,10057082000
757.269196407563,561.6069545818278,1005.93770,10059377000
831.3485825035308,672.6477612296126,1006.18100,10061810000
769.7839848285527,684.2553126416974,1006.41800,10064180000
890.6381834642639,694.9825390802068,1006.66070,10066607000
903.2231488299241,710.114504319126,1006.90370,10069037000
976.399589184288,744.7830069592686,1007.15260,10071526000
949.3334016983591,744.420186830422,1007.37740,10073774000
1049.339449029128,828.6994495812964,1007.61470,10076147000
1085.6786682463287,823.031005914923,1007.83910,10078391000
1113.2256007224244,834.487881807291,1008.06850,10080685000
1088.5533219023275,851.5810030008744,1008.29860,10082986000
933.5404332599293,758.924441902731,1008.53820,10085382000
761.9210766597118,735.9743281416406,1008.77700,10087770000
665.1014260387171,603.144608513469,1009.04310,10090431000
734.9943479095099,532.6592787530074,1009.27700,10092770000
749.3989693749849,501.5292654577996,1009.51150,10095115000
779.4625273133075,420.2326050190797,1009.76420,10097642000
759.9426128520153,411.5616117297895,1009.99690,10099969000
764.4977902731823,512.1585115983064,1010.22960,10102296000
885.2283512006511,552.8872619512904,1010.47370,10104737000
893.5095547462754,558.0458822961485,1010.70600,10107060000
960.2683509126315,613.4994005998212,1010.95210,10109521000
1018.9467399007572,666.2966826268415,1011.21110,10112111000
1082.8958843644473,701.739477376579,1011.43590,10114359000
1169.7650684342025,719.8252174680194,1011.66050,10116605000
1199.5624202808356,620.4595325362616,1011.89680,10118968000
1145.353135897812,538.2305462018542,1012.11990,10121199000
1044.5000077202383,477.780794499011,1012.36350,10123635000
1055.7898684588222,498.2149570146056,1012.60500,10126050000
1049.1033801759618,496.34906075152946,1012.85030,10128503000
908.4703569535785,374.3406870911032,1013.09880,10130988000
894.1931949854601,322.74025371068353,1013.33680,10133368000
825.4146936819952,329.7133667559059,1013.57330,10135733000
839.2785046830843,307.0400957669784,1013.80680,10138068000
870.6129025259531,286.7698662004928,1014.04390,10140439000
892.0611826817469,244.66550748579633,1014.28450,10142845000
962.3542804701891,237.8248464218699,1014.51080,10145108000
1012.6288579266019,275.9095649072268,1014.74500,10147450000
1091.9585378079184,270.96139426391545,1014.97700,10149770000
1153.0847005872397,225.49641333372713,1015.21810,10152181000
1168.020938337302,190.9614179539463,1015.45040,10154504000
1228.8790924730774,199.23834183743313,1015.68630,10156863000
1252.3104423330713,296.79127161679315,1015.92260,10159226000
1307.9839208892813,375.2611309269081,1016.19520,10161952000
1230.4993336762589,460.18353701652677,1016.45530,10164553000
1203.4912931566753,496.40952028599185,1016.69490,10166949000
1183.3290525570187,560.1595697540208,1016.91920,10169192000
1077.3439400822028,528.7930521020673,1017.14950,10171495000
770.4137772800784,510.93024146639596,1017.37050,10173705000
679.0349357622973,473.6769571861972,1017.62430,10176243000
587.1929810465967,414.33073911947463,1017.85370,10178537000
605.4828348937884,454.3557359428434,1018.10010,10181001000
603.5353149061001,402.53901999102027,1018.33590,10183359000
566.7320644655163,349.92680540645955,1018.56570,10185657000
579.520257323138,335.272467119106,1018.80400,10188040000
559.203525323547,317.0590777717367,1019.03410,10190341000
449.06159475522924,279.1194000967405,1019.30960,10193096000
408.8718904688319,244.40458298400674,1019.53060,10195306000
518.174499381078,245.56776432446316,1019.75080,10197508000
620.4733564312369,253.4534461300407,1020.02060,10200206000
697.732090884795,327.685299529001,1020.25320,10202532000
758.9475613411379,390.64097405386383,1020.48950,10204895000
777.6978698254173,473.68425444480914,1020.73220,10207322000
867.8339990980364,436.9089349616924,1020.96690,10209669000
981.9915763452362,530.5011354874568,1021.19740,10211974000
1028.7122816289068,567.3407879290959,1021.43200,10214320000
1059.5835878286414,604.2874326292605,1021.66050,10216605000
1120.866084057768,644.5194591750094,1021.90330,10219033000
1116.8532543916285,689.4597781626345,1022.15620,10221562000
1054.8920919342982,679.30708391482,1022.43600,10224360000
1032.420202770174,649.8091444214058,1022.66680,10226668000
982.3704404749967,576.3159695901272,1022.88830,10228883000
929.2537584312915,585.9678538490195,1023.14230,10231423000
822.2852159830741,485.1521452104113,1023.36660,10233666000
766.0547557609236,465.1622614300037,1023.62250,10236225000
563.6431195239322,448.3997242163193,1023.89650,10238965000
519.4710931284867,426.15042590622534,1024.13050,10241305000
636.6356681084294,378.6290220435525,1024.35480,10243548000
740.0640575722891,482.51495520129083,1024.59280,10245928000
800.9700176340784,415.9869144660638,1024.82480,10248248000
888.4588615898159,409.7908680816205,1025.06280,10250628000
1083.5245375936875,412.0214467441818,1025.32090,10253209000
1117.8965078615258,439.3950981382666,1025.55160,10255516000
1152.6754862874195,513.5813932629884,1025.77310,10257731000
1241.8775238634053,589.2693224800901,1026.00090,10260009000
1143.4896288895638,548.7223264477494,1026.23140,10262314000
1075.101266319504,589.6112011484693,1026.46030,10264603000
1041.5071330405776,609.6521023788489,1026.69410,10266941000
1068.406958130211,512.7754075108422,1026.92460,10269246000
1001.7205253084182,475.54810199553935,1027.17110,10271711000
960.3235631176434,392.5190071449064,1027.42780,10274278000
971.7936483882352,373.2319425837024,1027.65830,10276583000
1081.199856256063,415.1755417287181,1027.89540,10278954000
884.3280865816384,403.9688733271186,1028.12680,10281268000
748.9047708983505,332.68400471036466,1028.36230,10283623000
540.2167706549251,306.4118696565846,1028.60350,10286035000
644.4265304463152,259.7724866202895,1028.84760,10288476000
703.7114860725576,219.75912250719014,1029.08270,10290827000
796.3012825828159,253.6142519763454,1029.31640,10293164000
859.5468875530172,298.70958916101205,1029.54970,10295497000
1020.7306476526527,248.17016626351844,1029.78460,10297846000
1154.6000291415942,363.1313856842844,1030.03090,10300309000
1043.2751465848432,341.2857942938074,1030.26740,10302674000
871.7022525675727,368.72162686116553,1030.50680,10305068000
779.5349293251629,395.06138727745065,1030.73610,10307361000
645.0592168793033,379.4560147426834,1030.96780,10309678000
624.9603535725083,482.25320508317884,1031.19970,10311997000
745.1018008725067,385.90550859443704,1031.45210,10314521000
891.2381642376937,386.8793221496937,1031.68570,10316857000
977.0113459243164,441.1380692991585,1031.91780,10319178000
980.7915320358586,438.636722107976,1032.15240,10321524000
1051.0300137841118,353.75862371509083,1032.38270,10323827000
1066.857819550677,228.63745871185859,1032.61280,10326128000
1178.227585898857,197.5534478734897,1032.85050,10328505000
1100.9162423060964,252.60964118830503,1033.10650,10331065000
1070.363629768751,251.45382640188797,1033.34850,10333485000
1088.0704334448862,330.7097258667145,1033.58700,10335870000
1073.349248564089,372.64414545315725,1033.82130,10338213000
1121.5477481133562,431.31026735528286,1034.05550,10340555000
1154.6248529947227,443.0723816209045,1034.30720,10343072000
1179.9547963689618,462.0083563103529,1034.54390,10345439000
1218.2939848523438,517.7370667042267,1034.77490,10347749000
1191.6709703733532,569.8726059460008,1035.00400,10350040000
1331.970674176308,619.5885645547786,1035.23120,10352312000
1344.3675329617258,554.4561540272803,1035.46500,10354650000
1302.9695763983352,574.7722170259191,1035.69040,10356904000
1209.6613865030588,597.3619032359462,1035.92080,10359208000
1208.756579011857,591.1829451672604,1036.15210,10361521000
1156.6652398906742,571.6969950679214,1036.38670,10363867000
1149.3221187564668,582.6491533608668,1036.61990,10366199000
1159.2110811536033,572.9274214111101,1036.85290,10368529000
1110.4850577559723,522.037931655269,1037.07840,10370784000
997.0006813530496,488.5541686914455,1037.30220,10373022000
993.5904836776003,525.795549493147,1037.52150,10375215000
934.2136783560201,556.943503160971,1037.74180,10377418000
796.7762123290624,521.4396422165574,1037.95980,10379598000
684.6819531748774,455.7003871347363,1038.19080,10381908000
687.3209056852061,406.2865249204412,1038.43350,10384335000
704.0919228402663,332.05247742319636,1038.66110,10386611000
726.4035880413412,271.91131618347913,1038.91280,10389128000
666.7728982493575,337.7825114847279,1039.13350,10391335000
655.0476698077929,398.28887613634413,1039.37430,10393743000
596.1206990337419,376.69432523519896,1039.60540,10396054000
672.3335655276213,354.4120085748269,1039.82690,10398269000
623.9205048074456,347.7966017970791,1040.04800,10400480000
624.7379948057796,352.65990172213617,1040.28370,10402837000
691.2262404840733,316.45674359817986,1040.50430,10405043000
838.5410357322567,367.33435527823707,1040.74470,10407447000
914.410021428421,331.2464029006743,1040.96980,10409698000
936.1159958126485,320.1568219565411,1041.19650,10411965000
997.423242503032,308.91023201834855,1041.42670,10414267000
1061.3276264495596,349.41897099193267,1041.65130,10416513000
1060.6193385663512,431.8890470013365,1041.87590,10418759000
1073.2636028831132,439.5401116208341,1042.09910,10420991000
1032.710477354721,438.1881566782027,1042.33320,10423332000
1031.2516852084582,439.72131980347336,1042.56670,10425667000
1021.5209986500757,521.6509809564337,1042.79060,10427906000
1077.0529938266973,455.344181047726,1043.02630,10430263000
1153.9262080677865,398.65845491516643,1043.24950,10432495000
1092.196100924854,360.4984850182867,1043.46270,10434627000
1121.283588624297,387.04889925857617,1043.68290,10436829000
1034.3435306071965,347.4960461066553,1043.90050,10439005000
1021.7664359425909,365.53135439767107,1044.12910,10441291000
1033.048581675929,437.84687470483806,1044.39160,10443916000
1062.4718804512645,495.39264535426594,1044.65340,10446534000
1007.1151597461476,539.8649885099791,1044.91040,10449104000
1042.5114595509583,539.3905834839588,1045.17360,10451736000
959.2508902086807,455.971559186465,1045.41470,10454147000
1048.2143873411812,352.88941460989275,1045.66190,10456619000
1150.2272372746372,398.6192926902587,1045.89570,10458957000
1217.927452376139,492.00193754864256,1046.12230,10461223000
1263.1736627052362,537.9770355799254,1046.35360,10463536000
1210.5092403469612,623.6365842476876,1046.57180,10465718000
1304.0866715542688,609.4553593684858,1046.79980,10467998000
1323.4043948855854,582.2276210642491,1047.05320,10470532000
1319.6470805780114,571.0187199365952,1047.28040,10472804000
1238.8470094560598,595.4203862745807,1047.50590,10475059000
1189.652263494923,572.5012807017241,1047.73640,10477364000
1162.0032198189751,574.5262532501886,1047.96260,10479626000
1081.1174871232238,554.888024053685,1048.18140,10481814000
1063.5079901900065,568.4638376309622,1048.40160,10484016000
1052.803136000223,574.5811197699328,1048.62530,10486253000
978.6192537992418,597.4505070936208,1048.84780,10488478000
823.1449689640153,515.1685732964097,1049.06930,10490693000
840.6001759235182,406.7787611078825,1049.31020,10493102000
728.0049729088983,375.3268130909791,1049.53660,10495366000
499.61745739460673,271.2366859103963,1049.78980,10497898000
535.8126836032595,302.37529492513033,1050.06330,10500633000
647.6676150757581,298.0302984167354,1050.31070,10503107000
725.9113660020604,302.6955523760171,1050.58350,10505835000
795.7443855874915,393.1781715092288,1050.81720,10508172000
990.0411337470705,366.14022852228476,1051.04610,10510461000
1124.3346600420741,495.9458350433622,1051.29660,10512966000
1128.6516030148905,522.1205584654197,1051.54990,10515499000
1231.0968809504845,557.1031053249019,1051.79610,10517961000
1227.8705614483129,602.7840359252721,1052.02600,10520260000
1112.7801098623204,620.867900309336,1052.28630,10522863000
1078.5497356788958,609.0271889483571,1052.52150,10525215000
1005.2289604788855,599.5807192875469,1052.75060,10527506000
885.6626280407459,652.1637535789584,1052.98660,10529866000
759.0557990732198,618.6913664510382,1053.22610,10532261000
822.6256023151985,628.915792912326,1053.48210,10534821000
897.8404084542035,652.5756943303759,1053.70980,10537098000
913.7221407820497,633.4968181390111,1053.93310,10539331000
954.2070230428145,614.5160729761129,1054.16950,10541695000
967.8420494181693,619.9789851735308,1054.40040,10544004000
945.8644265941357,589.3618561167173,1054.63470,10546347000
849.2007776188115,600.286522399164,1054.88670,10548867000
745.7692510542803,599.7424840164846,1055.12040,10551204000
753.1281276171193,579.563023931089,1055.35040,10553504000
707.778776390771,605.7906107530271,1055.58810,10555881000
727.2171648880429,558.2296466266469,1055.82990,10558299000
762.8595025683492,578.5807851748724,1056.05530,10560553000
876.4175879976739,563.5378013975404,1056.28650,10562865000
893.2757652894192,534.4554525778245,1056.51680,10565168000
876.3413446851054,513.0317027611804,1056.75890,10567589000
927.6329666155993,522.3642600758427,1057.01800,10570180000
979.2644236009629,523.004752562604,1057.26960,10572696000
1015.4899386275977,538.4429497519022,1057.51330,10575133000
1056.7990259280148,470.54234803545705,1057.75360,10577536000
1005.0258479982575,441.6273000413706,1057.98280,10579828000
1013.021368806391,413.19756435580126,1058.22070,10582207000
1072.3238208112434,405.87488324681607,1058.48240,10584824000
1124.282265172671,481.37036689664467,1058.76780,10587678000
1097.7441843653412,516.1323043875914,1059.01650,10590165000
1130.8594043938108,516.2980152489114,1059.27740,10592774000
1132.8352701388665,561.5526145101444,1059.52870,10595287000
1184.2199702466344,590.2351908030336,1059.80380,10598038000
1233.1375231918246,666.672122749777,1060.05190,10600519000
1129.1339975738224,651.9942578921396,1060.27750,10602775000
1140.9600877653766,632.0635451485233,1060.51360,10605136000
1180.9486864325595,631.5853354407107,1060.73430,10607343000
1341.358194337198,664.2269886078464,1060.95030,10609503000
1400.2140287756017,671.0410454584908,1061.17710,10611771000
1428.8562736587996,745.5389812236614,1061.40770,10614077000
1299.23015158538,668.0323601371055,1061.66890,10616689000
1203.254349250914,580.3845543147108,1061.90370,10619037000
1040.2907017295086,454.645238892255,1062.14150,10621415000
908.8341608558702,386.58175166352345,1062.36860,10623686000
816.7849703232431,289.9783594519891,1062.59830,10625983000
901.0448471154778,252.2755631595074,1062.81940,10628194000
837.6206109094222,270.7073932787601,1063.05050,10630505000
796.8488311476773,239.68672419970738,1063.28460,10632846000
839.4826379220218,218.22493304370306,1063.52330,10635233000
1036.329189912946,283.64863839842684,1063.75410,10637541000
1150.404066836167,367.78987298352644,1063.99520,10639952000
1083.3220109594079,447.6371873800647,1064.23190,10642319000
1101.5138123616075,442.5757942760057,1064.47170,10644717000
1114.185913609826,474.420034448781,1064.70940,10647094000
1170.2005978511404,511.4818197791893,1064.94230,10649423000
1206.7774516047173,529.2976436908609,1065.16510,10651651000
1136.8390581019005,579.016942087515,1065.40900,10654090000
1165.2820186289664,654.5195840884012,1065.65400,10656540000
1155.8920816936202,637.7865457330385,1065.89080,10658908000
1115.5594732322756,650.6097586524575,1066.12150,10661215000
1087.738653186059,659.2442594066134,1066.35210,10663521000
1010.6467786824184,634.908675266987,1066.57650,10665765000
739.5630829922784,697.6556373936392,1066.80190,10668019000
516.28789174854,597.5189261697113,1067.02580,10670258000
605.4743121003902,466.42608376515795,1067.25640,10672564000
709.7944010411926,382.76907983779745,1067.48680,10674868000
738.278949396003,391.67881079630155,1067.72390,10677239000
807.7130018255309,465.99074614213924,1067.95690,10679569000
843.7047140203829,500.5280788912702,1068.18140,10681814000
833.7706231507924,531.8080447217137,1068.41460,10684146000
873.5728407436424,603.5720333650518,1068.63210,10686321000
556.414516074834,536.1957975543082,1068.85370,10688537000
601.4594109460347,492.55006435213056,1069.07460,10690746000
540.295014801194,314.72524383382756,1069.30130,10693013000
587.2885963554587,325.89832742978217,1069.52470,10695247000
729.8766979603271,424.7534167194936,1069.74720,10697472000
933.2241797298624,457.1381896420642,1069.96770,10699677000
1041.4683410180494,475.1542267266691,1070.20600,10702060000
1161.252270651101,516.4207260052153,1070.43730,10704373000
1180.424337819291,534.7409071915861,1070.66570,10706657000
1141.3145845421557,539.4406067996409,1070.91200,10709120000
1126.8210340394885,547.3107451054137,1071.13110,10711311000
1038.4459585245763,531.5282751052387,1071.36980,10713698000
1005.3830065250794,612.912745799692,1071.59160,10715916000
1077.5936650516367,613.9959297615552,1071.82970,10718297000
1072.7975994936771,660.1626758853912,1072.05820,10720582000
1061.0652755601996,642.3209001890591,1072.29320,10722932000
1159.448614001035,648.3078670139101,1072.53310,10725331000
1148.4730587554338,683.8140136484718,1072.77250,10727725000
1182.5072181226171,687.4850554344946,1073.02730,10730273000
1255.096067488316,690.6606187113522,1073.26360,10732636000
1291.5957471481925,611.1781248679528,1073.52440,10735244000
1325.83078315369,606.0874850782619,1073.77340,10737734000
1389.395419480518,626.2699608537058,1074.00100,10740010000
1460.003840025608,678.2042363861847,1074.25290,10742529000
1457.7699759156608,530.0981808330191,1074.48890,10744889000
1336.4759856019282,429.89007407463373,1074.72110,10747211000
1196.3499849984105,369.39375054199724,1074.94720,10749472000
1081.838277296572,260.34851282405936,1075.21090,10752109000
1083.7750396733602,282.0186268737728,1075.44090,10754409000
1212.8630754054716,366.3704096944013,1075.66550,10756655000
1191.9943173262968,487.186235491005,1075.89470,10758947000
1203.6023247995481,529.4211551709471,1076.12740,10761274000
1181.398487017314,570.0606745129157,1076.36120,10763612000
1202.9576997606964,418.4292079299688,1076.57850,10765785000
1254.4850070475372,340.2239917899612,1076.79790,10767979000
1320.8415958369005,474.3438793885442,1077.02790,10770279000
1294.2342011591172,518.1689189251182,1077.25990,10772599000
1347.7802433287372,415.3526218627141,1077.48950,10774895000
1363.143833044952,348.6709151265789,1077.72550,10777255000
1371.221047097786,411.6993082971671,1077.95300,10779530000
1491.1618286368227,512.9630325901834,1078.18970,10781897000
1507.160045335235,588.3209316549791,1078.42320,10784232000
1332.5212885236067,659.4918208061576,1078.68520,10786852000
1259.9009892623194,753.5003593004498,1078.92010,10789201000
1300.2158411546022,799.5947020626073,1079.16060,10791606000
965.572729525949,655.7141287547231,1079.38110,10793811000
772.4520282414451,640.7294088441864,1079.60310,10796031000
506.04648694480494,504.17720277781393,1079.83610,10798361000
539.2991875548734,498.72203407453077,1080.08050,10800805000
633.9550836085705,490.94576592384703,1080.31780,10803178000
724.5595135643565,465.87055731238,1080.54970,10805497000
774.6763655625653,452.1783289358609,1080.78070,10807807000
912.7261117913351,404.4136749351749,1081.02410,10810241000
975.6957657225198,368.7711840549392,1081.25960,10812596000
997.0036787294425,367.2996801752232,1081.49610,10814961000
1010.1405288751033,398.5590682552543,1081.74210,10817421000
1044.6975614080634,425.8945462722227,1081.97510,10819751000
1043.0249967412697,426.0196170647282,1082.26490,10822649000
1121.9500067284885,422.2563251008546,1082.52080,10825208000
1145.8982473290403,469.79857306454085,1082.76280,10827628000
1082.4870648175142,455.72963966854655,1083.01370,10830137000
1044.525393561389,457.50519949220325,1083.26270,10832627000
1005.5920948721431,477.49750370105664,1083.55250,10835525000
981.0471793481984,474.7482868745943,1083.79760,10837976000
1027.5484249471162,512.5431577370686,1084.03020,10840302000
959.1858377206262,456.669913599133,1084.26530,10842653000
949.8432789029139,437.31127560721285,1084.49340,10844934000
957.8309009315466,424.16602323348394,1084.72070,10847207000
1015.1033490621954,443.56236210800915,1084.94700,10849470000
1036.2495147959248,513.8043090807809,1085.17860,10851786000
981.897801261346,514.8269342268594,1085.40430,10854043000
1127.9301637294186,479.34413422911405,1085.64560,10856456000
954.5856554341472,426.0524769385092,1085.87680,10858768000
885.9393973304811,454.93336854205666,1086.10970,10861097000
852.5000702222693,532.3445307252697,1086.35290,10863529000
884.0094634022383,635.4848610998647,1086.58280,10865828000
883.3005453815588,681.951186604642,1086.80310,10868031000
908.4929825516706,688.6166994842031,1087.02940,10870294000
930.3693996842387,721.7968627796828,1087.25750,10872575000
892.8022922409234,796.9801750753761,1087.48960,10874896000
1043.9795266270028,841.245340404997,1087.71330,10877133000
1130.3437832226364,761.8164931511748,1087.95320,10879532000
1037.756234261998,679.9129504312717,1088.18010,10881801000
947.338311570847,543.4040766114056,1088.41760,10884176000
873.622421931333,424.19194519189074,1088.66370,10886637000
772.8697954173948,467.55824889121124,1088.91420,10889142000
614.1658434127814,428.62752537408886,1089.14990,10891499000
611.7794392435895,480.7039280990953,1089.39310,10893931000
672.75850475546,516.730564474257,1089.63590,10896359000
675.8491202910554,568.6993551825122,1089.89190,10898919000
609.1502450421183,385.5352988397028,1090.14460,10901446000
671.3371245385644,383.9000563913552,1090.39820,10903982000
714.294481303868,338.20179407404106,1090.62960,10906296000
731.7809204811678,316.67932489607665,1090.85630,10908563000
959.8370549157221,338.3640538153933,1091.08680,10910868000
977.8310343252508,320.29187482358,1091.35610,10913561000
1019.8575153385395,324.17240799838584,1091.60230,10916023000
1154.271416392218,280.7669777268188,1091.86440,10918644000
1133.5622163550838,270.0834922638154,1092.11810,10921181000
931.8821259663783,222.53681281644475,1092.35850,10923585000
745.2863984902059,194.55294649929226,1092.59040,10925904000
592.0466228694945,216.94546916565605,1092.82330,10928233000
674.2232616754989,208.97740451765154,1093.05040,10930504000
729.6406384081085,246.93039215866875,1093.27540,10932754000
776.0988086778899,311.2184612099958,1093.50330,10935033000
743.9272428268006,331.8286489501604,1093.73030,10937303000
708.2678837313283,412.7754144391933,1093.97040,10939704000
661.4623719386144,417.2686256733908,1094.20130,10942013000
745.3895041642675,508.6192153726672,1094.49170,10944917000
885.7912309897,585.3030931478219,1094.72210,10947221000
933.2297185877526,541.7159265443158,1095.01840,10950184000
910.7329504774191,530.6258001536661,1095.26110,10952611000
926.9724120532595,437.2513641626067,1095.49680,10954968000
899.7037020752955,407.19870276153597,1095.73270,10957327000
905.0690567476372,386.5284522512142,1095.98340,10959834000
985.4993979376602,335.36000679177494,1096.21010,10962101000
947.1276276753509,315.08411412443667,1096.44760,10964476000
948.9355566491021,285.18573161317687,1096.67670,10966767000
1010.4863827547626,288.0574208739078,1096.90850,10969085000
994.7325681936886,366.42365300241886,1097.14240,10971424000
919.7133853084468,451.8411701770656,1097.40480,10974048000
839.8939716140585,513.1667015893702,1097.63310,10976331000
931.2610814606683,493.1590917638353,1097.86560,10978656000
997.79396070594,526.7322504195731,1098.09600,10980960000
1080.9737685589675,607.0614295632522,1098.32580,10983258000
1036.6819957900007,594.3772324745023,1098.55060,10985506000
997.9955625600633,576.4109599645245,1098.79530,10987953000
1133.2468560442594,466.15945890597726,1099.03500,10990350000
1193.9810049838907,470.4846133842214,1099.27960,10992796000
1236.5416969366177,501.3058501973526,1099.51930,10995193000
1211.225551518646,486.19888485844086,1099.74490,10997449000
1149.7258074593597,512.8783212864141,1099.96800,10999680000
1103.719759184592,506.27863022447724,1100.20630,11002063000
1162.880550027367,490.5619667027941,1100.45750,11004575000
1144.6324800550703,503.9126594304136,1100.68940,11006894000
1062.2317117805278,439.1558827579574,1100.91370,11009137000
921.8606706050377,459.04556372422957,1101.13530,11011353000
768.260518242102,493.9106630086182,1101.36900,11013690000
757.2100982968182,540.2408822550243,1101.59670,11015967000
749.0809672281785,502.74364913833074,1101.83500,11018350000
666.1503802596219,425.94822655591355,1102.06450,11020645000
758.8170569363047,427.23554664449006,1102.33850,11023385000
789.5484556181757,425.82033252334725,1102.57950,11025795000
801.4490253349004,453.5800339336698,1102.81070,11028107000
787.802132667387,402.11395187258466,1103.03550,11030355000
871.3379330176138,353.1081109572405,1103.26290,11032629000
862.4436887177773,342.36163500500294,1103.49000,11034900000
862.8874345634204,355.12126591568614,1103.72010,11037201000
849.4908262979001,347.7367408879294,1103.96020,11039602000
837.1708690241204,380.86413693838944,1104.19260,11041926000
824.9682491034042,417.2284729547923,1104.42620,11044262000
846.297712780891,440.16955616940027,1104.67200,11046720000
904.6689076188817,419.35421202691003,1104.91000,11049100000
900.3997759190718,435.06433393336334,1105.14910,11051491000
934.2791362615717,474.15640074160643,1105.38190,11053819000
937.4680559383556,504.09517515393907,1105.60880,11056088000
962.2651565635917,491.8910664286666,1105.83780,11058378000
965.5154277106109,457.90397004973556,1106.06760,11060676000
1004.6320002687474,472.81523528900436,1106.30420,11063042000
968.647097969544,454.1124997467757,1106.54430,11065443000
1029.5618127128516,443.2600334806488,1106.79230,11067923000
1048.6048956593092,492.5961005683616,1107.05330,11070533000
1011.5157801906846,518.6982297963833,1107.27760,11072776000
910.6826452434017,469.75611396136617,1107.50720,11075072000
969.867013667291,486.2438026078601,1107.74200,11077420000
922.4656157157935,551.4884458412275,1107.96790,11079679000
930.9254218518399,522.598741755221,1108.19860,11081986000
870.1870276282535,469.69122516262496,1108.48290,11084829000
791.2141074646556,400.4691088120967,1108.75840,11087584000
889.2917131249073,477.7702710092551,1108.99750,11089975000
958.6747927037532,504.60975127080013,1109.23740,11092374000
1003.9822287426574,548.5331666891202,1109.46550,11094655000
1084.3740180252132,606.8003916063908,1109.69250,11096925000
1034.0268253171787,654.3511300287389,1109.92190,11099219000
981.3233375025209,698.5298411238936,1110.15610,11101561000
907.4446754518365,689.3503062741651,1110.40320,11104032000
802.5266407558676,711.9146157072155,1110.63250,11106325000
808.6077374746008,735.8810462855197,1110.86600,11108660000
733.7364304645838,714.4155470538046,1111.10830,11111083000
768.040833066251,732.2694658281647,1111.34120,11113412000
731.9904622400613,687.9550146600305,1111.57940,11115794000
696.8509811377317,702.497873763969,1111.85560,11118556000
734.7606215610083,718.3535709140461,1112.08060,11120806000
705.1900051999097,605.1061727352574,1112.31020,11123102000
675.0642463812906,615.4301404600902,1112.54530,11125453000
691.0573735999701,652.5136516067763,1112.76920,11127692000
701.734025362818,669.6054581950101,1112.99980,11129998000
695.2700647553426,596.9870104713767,1113.22540,11132254000
758.6310412150882,643.3277490842655,1113.46000,11134600000
742.318984906444,653.6111459092529,1113.68540,11136854000
798.9084297757483,701.1430302286776,1113.91890,11139189000
799.7386477817691,630.9722864158828,1114.17200,11141720000
782.5570493696549,559.4167208886477,1114.41300,11144130000
829.747446879771,546.1134343462736,1114.65580,11146558000
793.3490034715547,459.9426157142932,1114.88420,11148842000
839.305324115445,501.56962559347085,1115.11800,11151180000
798.4919734930855,420.6446842635332,1115.34600,11153460000
847.0286877014937,439.3488821045812,1115.61510,11156151000
859.5643286374817,413.0018091351553,1115.84960,11158496000
879.1782656070237,536.0649229641887,1116.08450,11160845000
911.0280556967459,531.8771421340773,1116.32340,11163234000
892.9091187136099,451.1293072698465,1116.57740,11165774000
812.853287087586,411.9299999743384,1116.80390,11168039000
782.242208200815,414.67155423364363,1117.06040,11170604000
842.2849489959546,564.2497934760049,1117.29740,11172974000
848.7104373863117,510.3982412474396,1117.52550,11175255000
971.7181855635274,541.2876129793289,1117.75260,11177526000
1015.7813093667999,604.4961032993566,1117.97800,11179780000
1093.8199154904692,679.7692998091633,1118.20120,11182012000
959.0368596191763,617.7682398135806,1118.44140,11184414000
919.3396751599143,586.18990968596,1118.67260,11186726000
863.5873993258608,615.9544933550302,1118.91490,11189149000
804.9270301053132,659.0655144737441,1119.14470,11191447000
765.4167537954062,687.1846359544312,1119.38240,11193824000
754.8148928566834,647.7944417475992,1119.60550,11196055000
591.7352935159556,541.8729199986302,1119.83510,11198351000
518.2145057655379,454.9221549657009,1120.05610,11200561000
493.1795591024263,406.6940281948097,1120.27440,11202744000
558.8692796179915,383.7920647695601,1120.51620,11205162000
634.3383603021151,488.61090007175983,1120.74510,11207451000
635.945272455934,548.3247112834106,1120.98380,11209838000
620.6839138974334,515.9370220493018,1121.21610,11212161000
715.7224723996101,493.66466757767466,1121.45030,11214503000
791.0465736063086,524.8466254940645,1121.67960,11216796000
850.9805594694075,558.1182790979512,1121.89980,11218998000
828.612940883215,598.3232159574565,1122.13370,11221337000
919.5445461723739,646.7554806354756,1122.35440,11223544000
994.7562526449665,717.304918311497,1122.57640,11225764000
956.1475293819426,657.6249666445914,1122.79780,11227978000
891.1673427255548,623.7368375072098,1123.04290,11230429000
1012.8235923816093,566.8801369089243,1123.28130,11232813000
1049.6594025305776,548.8569919012152,1123.51510,11235151000
1035.2764913419362,483.2360194729438,1123.77700,11237770000
1025.8710950597876,413.50500251091233,1124.00180,11240018000
937.934058501626,391.7970590843273,1124.24870,11242487000
1058.8474814926612,442.97884068283525,1124.47790,11244779000
1020.4065549062718,412.9264194600399,1124.76220,11247622000
960.6862891379989,356.005325347934,1124.99350,11249935000
998.755713279128,349.0478403477817,1125.23000,11252300000
1008.0798739535235,422.1805986057536,1125.46330,11254633000
935.5302532136509,470.2430272738658,1125.68770,11256877000
897.4897499119115,481.8247870547989,1125.93260,11259326000
791.1873765752653,553.6243325293074,1126.16950,11261695000
602.5426889123702,495.615160472308,1126.39650,11263965000
656.1921174044585,537.0683974681585,1126.62940,11266294000
683.5482595251972,410.1633238302543,1126.85820,11268582000
755.8977090428149,416.14493659541984,1127.09840,11270984000
809.7059009812274,318.8536119983605,1127.32630,11273263000
921.4848681438247,286.5897893536628,1127.55500,11275550000
934.3707400635572,303.2516626065411,1127.78540,11277854000
1016.7564196282802,350.1594418430872,1128.01910,11280191000
1035.5343596238515,409.00936680602894,1128.25950,11282595000
908.2983926116227,408.60900476577183,1128.49460,11284946000
721.9717331720472,437.8486743151104,1128.73320,11287332000
792.9016535198883,493.37702853758105,1128.96310,11289631000
809.3213443063821,545.6638380797665,1129.21430,11292143000
1029.2715797692472,484.9554779653222,1129.45270,11294527000
1135.6918774463709,461.802746241783,1129.69060,11296906000
1131.544969302785,403.62044541383887,1129.93100,11299310000
1054.3086835900835,423.48335233951457,1130.16100,11301610000
1004.9194782675193,420.4245582885359,1130.39770,11303977000
899.6616903593202,400.83592565350256,1130.63200,11306320000
845.1160147513426,454.6209529628678,1130.87740,11308774000
925.8573220804983,442.8198856765655,1131.10860,11311086000
772.9361667185766,482.360498160796,1131.34160,11313416000
932.7060129031292,447.2460587653237,1131.58200,11315820000
1072.406979405454,390.6849688028408,1131.82200,11318220000
1181.182567511544,405.85711316456883,1132.05090,11320509000
1248.2628833033266,434.0350855339131,1132.28720,11322872000
1182.6620958717133,419.48576405756165,1132.51210,11325121000
1124.931817487783,310.74520043184737,1132.73370,11327337000
864.7449763036008,262.7375459274348,1132.95760,11329576000
679.87665974561,238.06956858403032,1133.19430,11331943000
541.1396635748706,287.9279014985034,1133.42030,11334203000
435.88228151088,251.99118955316902,1133.64490,11336449000
500.5678233338325,308.87335746674927,1133.88200,11338820000
463.841966146029,299.02280198731495,1134.12550,11341255000
461.8752118452493,306.3351293428195,1134.35820,11343582000
455.19068618873945,315.7644065886328,1134.58840,11345884000
568.5462731306327,436.70430262036484,1134.81870,11348187000
607.7329293044976,471.10388907736456,1135.05030,11350503000
666.658174373095,462.5815813435983,1135.28000,11352800000
726.0248967398978,488.20705498575796,1135.51880,11355188000
832.3067659312937,391.79854988079103,1135.74860,11357486000
938.5364583242197,365.2661377126074,1135.99250,11359925000
1007.2766720430506,367.0751113783728,1136.23920,11362392000
1094.6228742199105,343.1704981375715,1136.48430,11364843000
1186.2844833640968,456.1739076066842,1136.74360,11367436000
1031.9661633911733,436.22085027925027,1136.99280,11369928000
1160.9337499211078,417.6921968874357,1137.23880,11372388000
1351.0705553675527,408.2382015398011,1137.47320,11374732000
1191.254861658492,382.32628982528377,1137.74620,11377462000
1074.801750719145,358.6007929881603,1137.97110,11379711000
860.5271670582238,299.24165155139315,1138.21100,11382110000
763.1664178628982,225.90842137552391,1138.43730,11384373000
620.0165039400003,212.0023492416565,1138.70160,11387016000
469.50417931367315,225.0129842229433,1138.93760,11389376000
487.52907154444165,180.92211596911434,1139.18060,11391806000
532.4313066022231,126.43838263291141,1139.42390,11394239000
672.271078301847,117.24156858189616,1139.71050,11397105000
858.4087472522077,96.6014055333396,1139.98440,11399844000
680.1584657950536,69.35540617542028,1140.21580,11402158000
611.2148071520206,222.27536034063303,1140.46050,11404605000
727.7520599227498,305.4322637967331,1140.70570,11407057000
661.1079423108031,388.0659323410325,1140.94600,11409460000
643.4482653879992,431.73587557107385,1141.18710,11411871000
707.0315592347905,487.9930256229932,1141.41330,11414133000
768.61622358364,593.639758670054,1141.65320,11416532000
839.5368935044428,629.8249216395999,1141.89150,11418915000
893.797852517389,683.1953885574703,1142.12760,11421276000
788.3828144029509,686.1296698255305,1142.36970,11423697000
789.7744417140624,664.0638913030969,1142.60910,11426091000
819.767446626646,721.4227803961261,1142.83620,11428362000
810.5267674354042,710.6916803325025,1143.07050,11430705000
839.4699542942132,724.5629877404939,1143.33190,11433319000
868.709274721869,795.6852264115124,1143.58510,11435851000
839.1743124886244,718.8699275321769,1143.84270,11438427000
800.1625621586595,614.1800798337886,1144.13950,11441395000
881.5206263319865,515.6353643898358,1144.40280,11444028000
821.2444515090533,399.7418008309528,1144.64480,11446448000
895.6658713010856,367.0340926501219,1144.87610,11448761000
824.8622510929487,321.3843032181925,1145.10200,11451020000
762.575543426272,269.1883902080322,1145.36250,11453625000
665.2180541042031,202.75348024418386,1145.60920,11456092000
508.9911331263402,171.6263969496544,1145.86280,11458628000
432.1830085502326,177.0298175894073,1146.09750,11460975000
287.2071781319773,100.76807045083899,1146.34140,11463414000
292.136609170903,74.44959375641537,1146.59010,11465901000
225.647290964547,28.24114629758982,1146.82400,11468240000
192.30221445655235,35.56560219196515,1147.05560,11470556000
199.40344028640655,146.64555246095028,1147.34150,11473415000
145.7776041287433,185.48901134299683,1147.59230,11475923000
333.4544465654774,217.03848599843087,1147.82290,11478229000
368.6601953923605,321.6445594229185,1148.05220,11480522000
363.2393153835358,329.16571929364375,1148.29500,11482950000
357.60203993278316,329.113110575776,1148.57440,11485744000
478.5058669555179,209.2080271635199,1148.81460,11488146000
479.32214284471297,204.92962126514746,1149.04550,11490455000
485.8771139739726,192.85115031037165,1149.28290,11492829000
565.0838068807537,245.55696511151748,1149.51720,11495172000
671.3532502653757,378.2991288412534,1149.76240,11497624000
698.2059855575561,480.70463995248525,1149.99820,11499982000
794.5819515993468,564.531194912563,1150.28270,11502827000
834.7754629549045,694.0145283876979,1150.51530,11505153000
837.405370516873,605.4978159253418,1150.74330,11507433000
932.9997585195285,554.4769731508244,1150.97370,11509737000
938.7023736678719,505.0421115320761,1151.20930,11512093000
975.610858438099,449.482003492215,1151.43680,11514368000
1026.63660710696,506.8893113780739,1151.66960,11516696000
976.119419671404,525.8597662197753,1151.90260,11519026000
889.5965624556655,606.9751400884948,1152.13660,11521366000
692.0951189323821,635.5291424293539,1152.41320,11524132000
617.0556022829987,627.3622245804423,1152.64200,11526420000
522.1681011070976,583.1400039982018,1152.88190,11528819000
442.19872366189804,613.2094105519354,1153.10870,11531087000
373.922304736801,628.6973940921209,1153.33140,11533314000
393.21868356291424,645.5525242943748,1153.57180,11535718000
402.28064404079754,565.0928438100209,1153.79430,11537943000
396.2510907103505,557.5552611970513,1154.01630,11540163000
410.08513454567316,584.2722245703749,1154.23730,11542373000
485.91442362859186,500.97484875092476,1154.46490,11544649000
515.5949281989638,451.6512783266084,1154.75000,11547500000
410.96440466009807,426.6343747854561,1154.98130,11549813000
421.3412843214,447.0107707120891,1155.22120,11552212000
387.02354410633575,419.74678027470304,1155.45440,11554544000
412.66129960537546,414.93652300009245,1155.70010,11557001000
409.2816658314542,448.83782819224416,1155.93140,11559314000
471.873514774467,430.42316118162324,1156.15250,11561525000
483.65503223755945,433.48328995577015,1156.36260,11563626000
411.25467807831944,437.9988843967173,1156.58750,11565875000
430.1852765836545,451.9438225089748,1156.81090,11568109000
535.8912890317774,528.948591455842,1157.04140,11570414000
469.1463524690434,570.2592346458713,1157.27340,11572734000
466.9961437122378,480.17690197550104,1157.50640,11575064000
577.3724374615575,508.19398539358133,1157.73920,11577392000
586.8955975414108,461.19262610222574,1157.96670,11579667000
541.7997490071982,378.71925032233935,1158.20620,11582062000
598.2747559365301,409.5864755391416,1158.43100,11584310000
665.1756428911183,376.64064608914936,1158.67270,11586727000
697.9567162021392,331.5776675263695,1158.90060,11589006000
702.6724385433799,292.06207713871584,1159.11980,11591198000
721.562390717969,299.6880083532057,1159.35000,11593500000
684.251228315867,304.8368867731784,1159.58250,11595825000
724.0420671777072,362.6223722922431,1159.81770,11598177000
805.4907976839996,384.69730124510124,1160.04890,11600489000
732.9112872596326,454.51626098555266,1160.27290,11602729000
874.0302199297677,472.11563562490693,1160.51400,11605140000
960.0429940435718,475.30891242369563,1160.75190,11607519000
852.797949688621,555.9268322679518,1160.99370,11609937000
843.1075220833756,535.0141119662397,1161.24390,11612439000
809.9446522487694,556.1710339840682,1161.46890,11614689000
738.4350206446021,556.230576271101,1161.70270,11617027000
654.2138593050158,554.2201734197689,1161.93720,11619372000
643.2035371976419,580.5584462516289,1162.18140,11621814000
642.1013075563365,601.4236667055359,1162.41240,11624124000
653.2347403177605,597.4904769773822,1162.64370,11626437000
673.1972493835534,594.076697407105,1162.88320,11628832000
644.7483748944857,478.8771076908942,1163.12510,11631251000
676.4430499739949,383.80816044742,1163.34970,11633497000
606.536593830743,338.58551969702586,1163.57510,11635751000
518.6642779845299,289.0293304667695,1163.80690,11638069000
441.51526431405773,221.78198584297326,1164.03520,11640352000
416.360654903716,168.42638573782904,1164.26700,11642670000
672.3735485306695,329.311712412009,1164.49680,11644968000
743.016147056824,375.3042907181433,1164.74830,11647483000
847.2489587192719,463.4292567520837,1164.97540,11649754000
868.8587992268926,487.78841602976536,1165.22140,11652214000
825.8910183230191,472.42163021177515,1165.46180,11654618000
735.5592658660026,521.2510969560134,1165.70930,11657093000
825.0338191564776,492.21352948514294,1165.93730,11659373000
886.808919655688,525.3679740358214,1166.17310,11661731000
947.4024437048214,589.3892974691478,1166.40730,11664073000
985.0283434027981,593.6651856213305,1166.64530,11666453000
993.8654139211905,579.2688802999503,1166.87270,11668727000
1010.2784383095038,586.1833958715756,1167.11120,11671112000
993.7144292191393,575.9108511800482,1167.35160,11673516000
937.7833786600667,553.4927648495543,1167.58550,11675855000
912.6995861367078,580.2838640454718,1167.81980,11678198000
926.1016973938492,601.2796693125717,1168.05220,11680522000
933.5169182170661,588.9619333668418,1168.28820,11682882000
912.8932197598307,519.8325016831101,1168.52880,11685288000
829.1245863934375,500.6667006775409,1168.77390,11687739000
830.301363169847,526.8212092202112,1169.01010,11690101000
815.088960223145,567.9221282351114,1169.25330,11692533000
776.0404696702631,580.3339910668606,1169.48550,11694855000
768.1185717602709,578.0945253327332,1169.75100,11697510000
772.741888624436,605.9257778806962,1169.98370,11699837000
741.3228899765943,567.5858748345042,1170.20880,11702088000
763.2276701873019,575.7195019657413,1170.44590,11704459000
888.6469933620383,568.394897251749,1170.70380,11707038000
978.700449809434,575.8127218250659,1170.94830,11709483000
1040.3455798394928,571.0570486189711,1171.17780,11711778000
1063.4271450301699,546.677464285685,1171.40040,11714004000
1049.1549643018739,519.0725964512487,1171.63430,11716343000
1070.2360359308109,604.0481069968399,1171.86670,11718667000
990.1808559736936,618.6813849496632,1172.10400,11721040000
899.2816593388518,623.5247851830566,1172.33340,11723334000
979.3852914856775,587.4640729733751,1172.57100,11725710000
968.5901581956938,596.2539943064238,1172.81760,11728176000
915.1448258532702,594.4447997202137,1173.05300,11730530000
962.0709219776049,586.1123631975659,1173.29080,11732908000
1006.0202051233341,536.7086020826731,1173.51700,11735170000
1029.5329456434984,503.073252354055,1173.74700,11737470000
1029.468856255476,449.13275399257196,1173.98090,11739809000
1078.7271666630425,406.11901789315493,1174.21440,11742144000
1070.9015243953418,337.7817237080189,1174.44030,11744403000
1104.1663075122665,377.11387197320823,1174.68670,11746867000
1097.373141328838,376.8533978962397,1174.91040,11749104000
1131.8017419798653,445.9519019453569,1175.14190,11751419000
1111.6061851483123,481.5757401140937,1175.37540,11753754000
1157.1333305560854,529.447029603385,1175.60810,11756081000
1127.2170664817068,598.8564786480918,1175.83910,11758391000
1145.3673306234516,607.0356870020476,1176.07480,11760748000
1145.7291344945115,618.68865598363,1176.30890,11763089000
1157.7614784532727,641.8500766134937,1176.54950,11765495000
1196.625515013157,617.3088287917795,1176.78180,11767818000
1120.8305409577306,589.7906347801586,1177.02200,11770220000
1090.7487774479425,609.3947242257609,1177.25780,11772578000
1068.3220549466944,576.5343769440095,1177.50640,11775064000
1002.6598103718212,530.5007691041485,1177.74520,11777452000
1011.2566368591465,522.8932054908946,1177.96990,11779699000
1009.3750917030922,521.7938850692254,1178.24970,11782497000
1028.0044329463058,525.2094908070995,1178.54030,11785403000
1048.4498110039208,541.2765405353134,1178.76780,11787678000
1038.7953883019595,529.9990874084012,1179.06420,11790642000
1047.8558141068581,509.0079499106899,1179.31100,11793110000
1038.402092728298,494.59022161691496,1179.53790,11795379000
1037.0779538883314,475.34170330568134,1179.82380,11798238000
1102.9960666769207,441.9329258342382,1180.09060,11800906000
1080.5313763426022,461.607201777264,1180.33910,11803391000
1011.8752824335728,531.0131450765518,1180.56910,11805691000
780.1465103805979,496.89381455929015,1180.81420,11808142000
652.3238702527781,537.5709225004589,1181.09390,11810939000
598.5635593309408,508.73558951913174,1181.36750,11813675000
543.2667207770589,500.4430395073815,1181.60030,11816003000
503.92304895958705,500.4979928246423,1181.82980,11818298000
483.3888244385896,517.4674857141644,1182.10990,11821099000
607.8782887201817,549.0502341580532,1182.36080,11823608000
758.271486802434,517.1070514985636,1182.65100,11826510000
804.4999822585315,515.7136158334623,1182.88050,11828805000
823.1332284279912,515.5449690342284,1183.15600,11831560000
905.5434642686687,504.4063515594404,1183.38130,11833813000
901.2285584674562,541.0021251334207,1183.60720,11836072000
983.2236072134414,563.9248772075799,1183.87290,11838729000
996.9282228839039,572.4826202365313,1184.10960,11841096000
1054.8901594374427,543.6465425563938,1184.34020,11843402000
1155.4306461386548,562.5608169716608,1184.58450,11845845000
1139.8237429883711,577.6593484474702,1184.81720,11848172000
1146.7916243326688,580.8482676129706,1185.05770,11850577000
1179.6728531312053,593.8840209995134,1185.29300,11852930000
1113.8397727450892,578.1722223145985,1185.52640,11855264000
1129.173995931008,574.2762280482531,1185.75650,11857565000
1021.7037739163173,542.3298485287195,1185.99750,11859975000
994.6150534958515,563.8696634500578,1186.23700,11862370000
998.1486420405449,573.874826104975,1186.47140,11864714000
937.5557954951522,538.0650277550334,1186.71910,11867191000
1002.3396107040912,494.5596693094699,1186.95490,11869549000
1007.6545248277653,465.04632248742024,1187.19960,11871996000
1032.0142268153845,414.6017292492297,1187.43650,11874365000
999.6812771372524,433.3319318636085,1187.66200,11876620000
1054.3038557536293,446.5972048269484,1187.89960,11878996000
1012.2739032822788,470.8157605248166,1188.13060,11881306000
1036.0404077727922,488.9864301587688,1188.35380,11883538000
1051.1247864446118,465.07673321904986,1188.58160,11885816000
1065.7372139779336,475.1662693620428,1188.81460,11888146000
1082.8798579146096,444.93487907404216,1189.04640,11890464000
1090.487775983506,424.1588402648056,1189.28230,11892823000
969.1478378183257,398.8139351357274,1189.50110,11895011000
920.8811428843943,375.3284493646738,1189.73040,11897304000
888.4979452394887,410.5052048642766,1189.95400,11899540000
881.2268071288709,428.75904965409165,1190.17500,11901750000
823.5829697165491,471.0730034795321,1190.39800,11903980000
812.6822709367508,534.2213643483252,1190.62380,11906238000
884.8536261099675,519.8474166334339,1190.84890,11908489000
964.0863026164022,495.37974699923484,1191.08160,11910816000
903.5190023738927,459.92592845744053,1191.30930,11913093000
924.4330929578562,446.85099595359645,1191.55220,11915522000
939.8308511130765,499.2735626906502,1191.79370,11917937000
966.3368581398212,437.96602801962126,1192.02380,11920238000
904.3906003680949,409.8965118582651,1192.25330,11922533000
961.8218085793352,410.94203106584393,1192.48860,11924886000
1023.7275017536491,435.55650715956523,1192.72190,11927219000
1058.2869186210673,358.34106032535715,1192.96490,11929649000
1050.0495947273705,409.9505302281181,1193.19310,11931931000
1094.5840998882727,488.84790204360206,1193.42330,11934233000
1065.313249721866,562.356029075585,1193.66610,11936661000
948.1637238826575,644.0168464259921,1193.90520,11939052000
800.028379651989,684.4010941100604,1194.15290,11941529000
679.7980567394997,715.0635301065246,1194.38560,11943856000
558.1665124865912,785.6734852899909,1194.61440,11946144000
503.35156391867315,766.4334070075774,1194.84860,11948486000
608.9918322752579,698.6565129949513,1195.09180,11950918000
585.3680785393715,583.7538840868147,1195.34330,11953433000
731.0153983732087,552.635707836926,1195.59290,11955929000
917.0492640344218,590.2002607347957,1195.82650,11958265000
1039.6988260341961,587.3795710136318,1196.05860,11960586000
1072.8085961633085,502.31480055499617,1196.30210,11963021000
1276.797111892466,487.6244331852458,1196.54800,11965480000
1439.5525055827643,506.67025764376314,1196.78270,11967827000
1524.68243109195,472.4655825370702,1197.04970,11970497000
1628.5238286480926,498.15358527436604,1197.28370,11972837000
1706.8145797221766,530.1485351794946,1197.51680,11975168000
1557.786973554387,530.4595934932333,1197.74480,11977448000
1395.4177576837776,568.0739805576948,1197.98100,11979810000
1242.3815391241146,608.3139333300193,1198.20820,11982082000
1070.2125231999228,636.7780132120653,1198.44680,11984468000
958.7069531072405,620.3413229091157,1198.70600,11987060000
868.5420851050784,622.47876725554,1198.94260,11989426000
789.7113996081785,594.0506825020561,1199.18850,11991885000
738.2752462221699,544.1939990628465,1199.44400,11994440000
585.4635181765491,530.6436213245881,1199.67830,11996783000
560.2175601402935,597.2529594566126,1199.90360,11999036000
574.3865752512363,601.5320923984503,1200.12870,12001287000
499.5913814511515,589.2679469025766,1200.36830,12003683000
573.9839617415314,568.9577510869025,1200.62360,12006236000
672.2023521631734,555.9570333060245,1200.86820,12008682000
812.8182117237616,574.4057490587086,1201.11120,12011112000
873.8799325726478,552.5167924252931,1201.35830,12013583000
878.8064430377258,492.0424113959438,1201.59160,12015916000
1007.596840315236,461.68953096989344,1201.83230,12018323000
917.8537961105557,460.2641060928034,1202.07910,12020791000
916.2666793713868,446.83584674861794,1202.30520,12023052000
916.8222309697979,475.3231464197048,1202.56380,12025638000
899.2999348623291,496.52949970806407,1202.79960,12027996000
962.642788398653,519.4832538310307,1203.03150,12030315000
972.9583805822086,480.3753922163013,1203.26650,12032665000
1072.7909581763502,479.1623776395594,1203.50410,12035041000
1146.7117223563978,443.32366662731226,1203.74370,12037437000
1103.4478918078755,462.26755396188804,1203.98630,12039863000
1110.5233976594354,477.5416626225353,1204.22080,12042208000
1077.6817386112143,515.65804733052,1204.48040,12044804000
1097.2708959793513,607.1392952401884,1204.70930,12047093000
1123.586758828595,604.3334448363506,1204.94160,12049416000
1048.9677165905184,596.0637519387212,1205.18130,12051813000
994.0598498754259,551.3011507457586,1205.42810,12054281000
971.5593254383418,582.6858929484747,1205.66390,12056639000
910.0365206435921,565.6325689212794,1205.90790,12059079000
876.5857247004874,550.362052193615,1206.15150,12061515000
916.8234224326226,527.5908028115932,1206.38300,12063830000
984.6420429488239,527.5475725632051,1206.61890,12066189000
980.1460702428892,512.6705196249994,1206.86930,12068693000
961.0067568531383,553.1818234255229,1207.10370,12071037000
1008.0344134752561,602.7731457048556,1207.34270,12073427000
1039.664006791175,598.6014646113199,1207.58170,12075817000
1078.563979125393,570.9597931552121,1207.81210,12078121000
1053.5729066325346,569.4007814002917,1208.05100,12080510000
1036.577543435206,579.6152779337542,1208.29470,12082947000
1053.9885388579653,538.6565163806836,1208.52990,12085299000
1041.1295827270078,548.0103335823857,1208.83210,12088321000
980.3258838486372,493.56768099842077,1209.07340,12090734000
1014.9206766679258,463.97465698613905,1209.32300,12093230000
1009.7286268201967,515.5473979604117,1209.55730,12095573000
954.5764313636279,537.2583642798886,1209.78720,12097872000
1001.5099950156167,498.4712641803206,1210.02970,12100297000
1013.9130943746859,490.54354510278915,1210.30560,12103056000
992.3474952761612,472.3523276721622,1210.55100,12105510000
1064.1715103553634,537.3476740945408,1210.78080,12107808000
1094.0666584417575,578.5246484709373,1211.05410,12110541000
1162.9666728040681,620.9962775566919,1211.29010,12112901000
1215.9887487930987,640.6357702361254,1211.52480,12115248000
1154.8352141597404,692.3857262264529,1211.79640,12117964000
1283.4538061976687,674.2391093637319,1212.01890,12120189000
1242.73060498309,648.1371943383855,1212.24100,12122410000
1167.3228861139623,622.4714942144082,1212.47010,12124701000
1136.1278314568444,643.4080255996194,1212.70090,12127009000
1052.7785018243278,603.5123104972857,1212.93330,12129333000
1032.7534264170536,594.3128313859081,1213.19150,12131915000
933.9575377719242,605.1797142783028,1213.46410,12134641000
1024.2879424543476,590.5829202927624,1213.69360,12136936000
1032.6323631232733,561.9710200784883,1213.93800,12139380000
772.2180854185817,530.3258316986052,1214.17330,12141733000
591.35748171188,472.7289769309867,1214.40360,12144036000
551.517383699677,418.10174051748527,1214.64890,12146489000
513.9847040975176,349.789265716304,1214.88470,12148847000
429.8208083094267,285.654295408443,1215.12330,12151233000
382.5564707365328,249.91628017767246,1215.37610,12153761000
366.0554956987827,282.8678058404453,1215.66510,12156651000
464.44380761004857,308.2667080728588,1215.90120,12159012000
550.3625679893834,387.3362262290762,1216.12790,12161279000
663.9446097776004,421.40673392764927,1216.36100,12163610000
673.1855916990963,381.5700424828888,1216.60550,12166055000
650.7425851950966,343.45518719447557,1216.84980,12168498000
746.8389689249555,289.99196242379264,1217.09420,12170942000
815.6910780559401,387.3837451599913,1217.33710,12173371000
800.1245990105925,401.2471777884436,1217.56910,12175691000
739.6552860970526,414.95336239088846,1217.80680,12178068000
766.799586837327,386.1793410256048,1218.04730,12180473000
732.0898105134872,406.7043784884552,1218.27830,12182783000
752.8051699127859,428.35553907821236,1218.52610,12185261000
931.5733788690826,367.1233735667286,1218.76490,12187649000
914.0975908330549,346.3523385782722,1218.99580,12189958000
1125.7403426959415,363.4667045625474,1219.23340,12192334000
1195.881116182284,404.95099791783144,1219.47360,12194736000
1298.0303290143747,442.14384500910273,1219.71130,12197113000
1368.2057197095012,464.4630986413738,1219.95950,12199595000
1292.6321694720289,430.1228649271062,1220.22560,12202256000
1273.6222173473288,404.4431623138736,1220.49510,12204951000
1248.7805624373198,405.9945006340569,1220.73330,12207333000
1176.0535280070667,472.8094438953112,1220.98890,12209889000
1238.1750537564167,471.27038671509365,1221.21600,12212160000
1238.8598576319418,496.3364388715492,1221.45520,12214552000
1196.900987830694,486.63256173296526,1221.70690,12217069000
1235.1857801362082,463.836230829561,1221.93410,12219341000
1129.8653968062665,446.22159826033527,1222.16900,12221690000
1090.8979765118006,478.5438844746411,1222.39710,12223971000
1021.3219885929961,540.3174423057765,1222.62250,12226225000
969.4629707908513,651.1800507319587,1222.84700,12228470000
955.6358519645486,742.0869051758298,1223.06910,12230691000
991.4259429578385,748.9489734678507,1223.30930,12233093000
943.315491088668,751.8776185268212,1223.55900,12235590000
949.5595573851795,750.6757835318782,1223.79650,12237965000
882.7101235546816,725.7957670733655,1224.03660,12240366000
864.5250522082611,724.2129632376267,1224.27390,12242739000
911.8702690351766,705.3110973903028,1224.52130,12245213000
992.5872186565417,692.6705634114769,1224.77050,12247705000
981.6655716231547,720.716240919994,1225.00310,12250031000
1062.968312531877,752.0432840420341,1225.22760,12252276000
1112.178035616615,685.8004050077403,1225.45670,12254567000
1062.5891740447623,646.1634936022772,1225.68550,12256855000
1106.888902162803,592.2626360524948,1225.92390,12259239000
1095.784906496528,559.1079442110272,1226.15330,12261533000
1068.8956368683046,529.2266212459297,1226.39450,12263945000
1065.3805750921385,520.006307412751,1226.63570,12266357000
1128.154909329427,629.8728680805011,1226.86990,12268699000
1145.0731690856994,624.6355947204487,1227.10090,12271009000
1040.8619864854418,608.657327778579,1227.33130,12273313000
1002.6739616545223,579.2289604992999,1227.56160,12275616000
917.8994054203131,577.3946020309209,1227.78950,12277895000
815.8085155384248,586.1445489607233,1228.02800,12280280000
786.894728175192,585.7691246782838,1228.26270,12282627000
736.4927590262984,584.7316361566023,1228.49970,12284997000
674.2888314880482,563.4584650312612,1228.74100,12287410000
688.9809046083562,611.0659264202109,1228.96370,12289637000
681.2900313336369,606.0521415167143,1229.19360,12291936000
699.9792919127871,614.0394684872109,1229.41750,12294175000
710.0711560326247,653.8873947628883,1229.65150,12296515000
703.4313127520492,619.161414331235,1229.88610,12298861000
741.9819813342496,643.9464026123471,1230.12490,12301249000
737.3913804530839,627.6576328800667,1230.36340,12303634000
738.4121723860289,623.9587904234422,1230.60120,12306012000
778.455547534468,641.2719240477438,1230.84550,12308455000
757.5875052142565,685.4411944181018,1231.07580,12310758000
779.4434230791098,709.7659401156889,1231.32280,12313228000
824.3895682177385,574.9398878682,1231.55970,12315597000
882.5448722186248,530.4469180420974,1231.79390,12317939000
903.8265370227606,519.6873493769311,1232.03440,12320344000
871.1967537664963,526.14297024457,1232.30000,12323000000
836.3556986916077,533.2813131771843,1232.55000,12325500000
826.9046913806376,517.0853950474904,1232.78290,12327829000
871.1905269318082,482.8311250421333,1233.01640,12330164000
839.3954161411311,394.8787440833039,1233.24670,12332467000
704.238750942118,326.0770002814325,1233.47640,12334764000
570.081864334871,304.3893569303425,1233.71050,12337105000
610.7794886565441,314.07452997090786,1233.94070,12339407000
615.4498177207444,367.0135874084614,1234.18130,12341813000
641.3151948756152,387.21569272100356,1234.41730,12344173000
624.4993291311722,422.2568500005318,1234.65660,12346566000
602.0242521626645,412.3050194966943,1234.89400,12348940000
713.7722068938069,394.2710472267618,1235.13080,12351308000
845.5418434552537,420.0317639289728,1235.36170,12353617000
817.6098091353837,307.9300226044835,1235.60720,12356072000
996.9739635297348,254.52317077831884,1235.85390,12358539000
869.228420551383,208.93716650293973,1236.10850,12361085000
826.7881933449816,226.88593052447033,1236.33820,12363382000
817.5716874774986,234.0635614275143,1236.57130,12365713000
825.5292639490856,262.2238018770905,1236.80340,12368034000
817.2020732512966,281.5983476777337,1237.05450,12370545000
861.9648137045975,260.3134927627081,1237.29320,12372932000
861.5176500636016,260.25993230302265,1237.52970,12375297000
823.2331100817112,204.2081124102753,1237.77090,12377709000
832.2464041318607,219.2591695555851,1238.00270,12380027000
788.8054542487799,234.35616803000335,1238.23590,12382359000
825.2139380680468,322.29104775696237,1238.46800,12384680000
882.6328891168048,317.5743916584922,1238.70390,12387039000
889.42415270395,320.45480750227864,1238.96290,12389629000
891.4868218190473,234.2268954142877,1239.18430,12391843000
776.5145833624814,196.1099949141077,1239.41000,12394100000
542.5479105291798,215.1093154678121,1239.68900,12396890000
400.3118488784758,228.20968849852483,1239.93310,12399331000
392.18288932896337,292.81841609994245,1240.17640,12401764000
263.3737441494344,258.7425640452029,1240.41250,12404125000
207.51843922189323,256.33646065327537,1240.69610,12406961000
80.72396599375176,249.8596138871021,1240.93150,12409315000
-55.198329462723876,249.90598346896104,1241.16070,12411607000
-122.66777519560073,236.7544268958991,1241.42720,12414272000
-164.88681062702994,234.86760877063676,1241.67990,12416799000
-124.63530311029528,219.4655391516465,1241.91470,12419147000
-104.41797515816779,176.85216804605943,1242.14640,12421464000
13.83026837236116,168.376495756056,1242.37910,12423791000
-33.48040779336849,157.8926591623466,1242.61250,12426125000
29.0616099137018,166.34438117592634,1242.84580,12428458000
167.6479920960353,164.72537214462253,1243.07770,12430777000
277.80313645595083,181.1873366306158,1243.31490,12433149000
343.4575137730378,163.71715226109194,1243.54720,12435472000
459.9090905891881,126.4354225179749,1243.77180,12437718000
527.7976153546587,150.28961325985046,1244.00260,12440026000
584.9118163155823,184.25671507378013,1244.25570,12442557000
653.1581526959632,176.7797810167177,1244.49630,12444963000
849.2851022399361,69.0291502448431,1244.73190,12447319000
948.8766181997738,65.40976784897258,1244.98190,12449819000
952.4612962767653,80.4149037282494,1245.21650,12452165000
934.7270864495097,80.67231932200383,1245.44350,12454435000
1038.8484615805683,141.69834557799328,1245.67940,12456794000
1029.9702802215654,188.51261107352943,1245.96540,12459654000
1101.1144650313615,87.80207169642345,1246.27560,12462756000
1075.2811452528406,22.149430401474085,1246.50690,12465069000
1115.5910687058176,22.17623499452299,1246.73140,12467314000
1114.0234116628753,-3.9529284204788944,1246.95550,12469555000
1125.3038131705912,-15.170642360923974,1247.26030,12472603000
1108.4558909703815,7.4298803836825655,1247.50970,12475097000
914.9908735307499,46.13636792547305,1247.74060,12477406000
651.7727044045082,106.26970695602576,1247.99910,12479991000
559.3378006485173,178.82916642692157,1248.24230,12482423000
591.7862330514627,223.20841845284139,1248.48390,12484839000
507.90586010626413,281.52442151109005,1248.72190,12487219000
415.799841087949,299.6666543981672,1248.95790,12489579000
381.28833580654737,341.3963281780503,1249.19140,12491914000
313.2622151640846,406.4657446707224,1249.42340,12494234000
270.5893269505607,413.6308558361934,1249.68990,12496899000
271.7371442534923,483.7499560710483,1249.93080,12499308000
329.57661196280435,431.9521078188248,1250.18840,12501884000
264.8456742532517,483.11793772529967,1250.48350,12504835000
328.4414266201971,526.7152001758504,1250.75960,12507596000
316.1710810088402,503.1961360405302,1250.99730,12509973000
233.30605436135767,452.43822714494206,1251.23130,12512313000
217.77235922990647,414.23042773343917,1251.45870,12514587000
256.3815496956712,411.2057271258435,1251.69090,12516909000
186.64769558003385,358.30099884343264,1251.91870,12519187000
179.96930986081543,303.4038748680287,1252.15380,12521538000
110.01974091027733,285.69547508149327,1252.38500,12523850000
126.27032719679852,274.2521139061916,1252.62030,12526203000
245.9268179820075,232.87159723641105,1252.85870,12528587000
281.0264573183989,252.10389565517804,1253.11780,12531178000
383.17800405740945,321.7583518477731,1253.35620,12533562000
482.3104747030227,391.24595245980936,1253.60430,12536043000
616.7478231248002,395.6043503855359,1253.84880,12538488000
805.4974825910141,415.6599950754965,1254.09320,12540932000
908.0729298749476,415.9257995311669,1254.33530,12543353000
985.509759214971,363.59796070534355,1254.55590,12545559000
1076.0726174252652,411.48216083148327,1254.78850,12547885000
1090.3139287638342,382.80766805267933,1255.02030,12550203000
1015.5838075163057,324.36381972798074,1255.25710,12552571000
853.9787430042284,338.8489081209523,1255.48650,12554865000
818.5315084463008,332.86045118770653,1255.71030,12557103000
777.8933325709575,298.8937001549253,1255.93790,12559379000
787.8632907320589,296.1411587648895,1256.17710,12561771000
797.4255354895987,217.82962324172337,1256.40480,12564048000
863.2609670991401,278.8096276527865,1256.63290,12566329000
711.6621816353512,270.94750215481423,1256.85750,12568575000
612.5890827701581,263.67801826381896,1257.09600,12570960000
572.7149456203579,225.79056488203696,1257.34160,12573416000
425.75807297687084,208.47306322395835,1257.58310,12575831000
298.72198774992404,185.35124996059102,1257.81130,12578113000
317.31068536382315,182.78169543177813,1258.06930,12580693000
321.3014797214953,163.57899922768985,1258.36210,12583621000
332.7823752409476,174.79882268551734,1258.58750,12585875000
237.75503211783996,121.96353430986863,1258.84640,12588464000
158.90422316401228,85.18944127873695,1259.08710,12590871000
150.6311709188126,82.69168924031203,1259.33110,12593311000
191.21809028000115,115.9619070383342,1259.62170,12596217000
198.09698981709056,134.33653668281906,1259.86550,12598655000
357.1042393804423,123.49881760070664,1260.09310,12600931000
560.0323334004943,159.59893829416256,1260.35710,12603571000
765.8048298876286,210.04935287103723,1260.59590,12605959000
934.5162788732002,227.75615232963622,1260.82880,12608288000
1090.8082762610936,229.8689593274937,1261.11770,12611177000
1067.9897029430394,168.0490613489871,1261.34680,12613468000
1051.7456099538047,144.9200062529447,1261.59280,12615928000
1047.6918269781152,181.7804330325219,1261.88610,12618861000
1093.1821627469978,223.6641755815182,1262.19530,12621953000
1101.237182286465,203.93268663194502,1262.42380,12624238000
1094.5428788176323,204.93856922687627,1262.66010,12626601000
1046.6828635781358,230.83328704881268,1262.97240,12629724000
1017.0058762429337,256.4593378462989,1263.20230,12632023000
951.3194844794577,257.64878652109,1263.47680,12634768000
854.8579398994244,308.9276650885708,1263.76990,12637699000
809.2325897181206,302.4190548052086,1264.00160,12640016000
581.3166306250184,299.4465728404669,1264.29980,12642998000
551.284188325523,241.73338904821952,1264.56130,12645613000
495.4240719827664,234.56829263240107,1264.80070,12648007000
406.02599202908243,224.91803253739337,1265.03630,12650363000
378.04904598335327,221.1124411480113,1265.26710,12652671000
355.6142475587746,209.58217777275607,1265.51320,12655132000
358.12322553779,189.66599272899194,1265.76400,12657640000
353.09926611090526,177.68112457197225,1266.00310,12660031000
343.4675557769185,142.8636866084725,1266.23560,12662356000
330.91972921591076,148.9221537946652,1266.46380,12664638000
322.29257935333766,179.98199457798236,1266.68960,12666896000
296.02732718313865,186.71553464876578,1266.90990,12669099000
303.9184147915367,234.90606052685044,1267.14980,12671498000
337.7342491281927,273.68069141492435,1267.37580,12673758000
324.98642088074075,251.26506108259898,1267.61650,12676165000
349.21938764419826,249.03928855118625,1267.87500,12678750000
301.52460570481884,255.64336353606384,1268.10520,12681052000
371.61967182147566,215.9760545178881,1268.34290,12683429000
386.55477038849546,222.2654892934522,1268.57630,12685763000
392.4583132655083,201.3754832739966,1268.81350,12688135000
357.45212298039445,210.89851872213472,1269.06510,12690651000
360.88992104910596,271.2214143551454,1269.31010,12693101000
389.53318389673194,335.7695790864101,1269.55020,12695502000
436.0917305528501,427.4628438808785,1269.78370,12697837000
546.8268838941178,500.9638299563239,1270.02440,12700244000
595.1664659444131,493.86326717571023,1270.26000,12702600000
482.2252399712805,487.0905222426422,1270.49370,12704937000
419.4407360780872,502.24193790870095,1270.74230,12707423000
380.2214202738324,518.3042889123349,1270.97370,12709737000
411.6794439353352,500.98832212363504,1271.21270,12712127000
464.8224322850955,513.7612892659803,1271.45540,12714554000
550.893186834246,531.0367812118033,1271.69150,12716915000
698.815148829075,500.0967504732077,1271.92800,12719280000
881.724929180283,532.8189243681303,1272.17700,12721770000
1016.0106974222567,555.0076346037049,1272.40190,12724019000
1113.0434618890401,561.0220701154769,1272.63270,12726327000
1048.6345755257548,571.9575364489012,1272.86020,12728602000
1095.4469241115826,568.8815407918478,1273.09680,12730968000
1102.278672920185,603.6465949354946,1273.33110,12733311000
1104.5541760209242,594.4124395180097,1273.56160,12735616000
903.7734255457231,578.7607974045204,1273.78920,12737892000
829.4842615977052,573.2205564421058,1274.02830,12740283000
915.4647341037089,580.6383006676086,1274.29260,12742926000
904.7457639270623,607.6458691941189,1274.54620,12745462000
857.8540217556958,616.7080904176028,1274.78200,12747820000
853.7708366760471,621.6572392546617,1275.02340,12750234000
778.0450904129206,584.6224430358357,1275.25620,12752562000
777.2467798988487,594.6618590729503,1275.50350,12755035000
888.7211550616722,562.2486003264158,1275.76420,12757642000
936.2609400521459,529.9754874761912,1275.99620,12759962000
938.8595310421944,570.9093918116594,1276.23900,12762390000
930.5530455001168,552.0844214067096,1276.47690,12764769000
983.8038224657513,544.1960555484154,1276.70160,12767016000
930.5743262408952,546.1848944135276,1276.94550,12769455000
942.8338623645284,545.924467525844,1277.17280,12771728000
956.9508929887082,585.0098694059848,1277.42540,12774254000
916.5044295021743,576.6260543098191,1277.65290,12776529000
999.9147447328658,571.9431532371102,1277.89400,12778940000
979.5086678177723,507.53802782586047,1278.12110,12781211000
955.2807260439612,505.80605550606094,1278.35300,12783530000
968.9267369065197,569.450719348251,1278.58900,12785890000
765.0936142493728,525.7550711395618,1278.83920,12788392000
709.902666295374,486.96521563532406,1279.09900,12790990000
660.0097716625969,521.1852572998813,1279.34460,12793446000
689.1627293009308,557.3362650561546,1279.58470,12795847000
659.1467636427236,547.2808748770794,1279.81540,12798154000
642.9296161208852,539.4265897810253,1280.05360,12800536000
607.3878924937478,570.5705763732947,1280.31830,12803183000
513.1244946273955,520.6439786672188,1280.55460,12805546000
469.90260882628075,495.49248058209116,1280.82130,12808213000
610.7288684767583,506.71863507593,1281.05760,12810576000
750.0456703069817,504.21445898956057,1281.29290,12812929000
816.7542584539148,534.2242596435319,1281.52660,12815266000
879.1436859036558,582.1606279643581,1281.76370,12817637000
989.8105370307647,608.1193223050585,1282.00750,12820075000
1019.6299119087207,579.7945731514571,1282.25330,12822533000
961.2465883548385,636.9358441010178,1282.51330,12825133000
1035.8613964637352,629.2026288243998,1282.75360,12827536000
894.6073939251932,582.7128521495445,1283.02960,12830296000
790.9286771389284,575.3396330065605,1283.28340,12832834000
821.8298312296936,524.176297729084,1283.51530,12835153000
793.8804288518539,519.1633739531685,1283.74730,12837473000
761.7760025292403,564.1924501011357,1283.96900,12839690000
767.8816840820957,570.3167865351452,1284.19770,12841977000
738.8205345406201,607.6521528399071,1284.46420,12844642000
781.6316268160588,621.6969385041092,1284.69640,12846964000
842.9510587318931,639.9371228712305,1284.93190,12849319000
834.0103145255115,622.8863237693388,1285.16900,12851690000
893.0082930897364,637.9521764542426,1285.40080,12854008000
845.385157477764,650.4086166248891,1285.64400,12856440000
867.1521332624366,622.2724781464049,1285.90450,12859045000
864.6402585923523,621.5653875144716,1286.14060,12861406000
902.4164681351874,613.6372727488593,1286.37940,12863794000
1019.5992148808826,622.1306611637866,1286.60180,12866018000
1062.6508884889827,610.986639592164,1286.84560,12868456000
1016.2627375524465,600.024403399028,1287.06740,12870674000
907.6874966456434,633.4027217941734,1287.32560,12873256000
906.3847407123958,611.2174831464589,1287.56790,12875679000
892.6623721585399,580.983983443082,1287.82110,12878211000
911.5576299297414,616.3170959466277,1288.05890,12880589000
942.4168814225577,617.0714056512985,1288.30130,12883013000
887.2737268583497,595.8625334970532,1288.56220,12885622000
998.2382646485196,589.490828018389,1288.79950,12887995000
1029.7336426455295,639.0321766160201,1289.03640,12890364000
1033.8574899455725,611.8524528918512,1289.32510,12893251000
1017.5406426924549,535.5785861672972,1289.61440,12896144000
1026.4446523695265,528.3033475424387,1289.84140,12898414000
1075.0989501350673,550.3536325845364,1290.07770,12900777000
1011.7708242743923,583.6527008531081,1290.32030,12903203000
1060.3949740921992,551.1042275840804,1290.54970,12905497000
1105.7996496163305,515.8340934513941,1290.78360,12907836000
1016.0532958886971,529.5780671831994,1291.02640,12910264000
1019.9431290178875,508.5550507448225,1291.25380,12912538000
1047.8950297017593,523.0166198121235,1291.48650,12914865000
1071.8884590462187,475.24681918850024,1291.74780,12917478000
1065.8755038130987,516.3094342651096,1291.98080,12919808000
1082.9670966330864,568.9671009485035,1292.21640,12922164000
1140.6028868644116,593.4298311984373,1292.45270,12924527000
1184.8716300859564,627.7860396787564,1292.68760,12926876000
1124.0099314916456,624.1610326981449,1292.92180,12929218000
1055.7248856002307,657.4231500588455,1293.15070,12931507000
1067.2852797836351,577.8339548970737,1293.38790,12933879000
1063.458974249116,591.9270388297911,1293.62280,12936228000
1047.0697079846148,557.1500427583229,1293.84610,12938461000
1059.0310459747868,547.0560521740609,1294.08370,12940837000
1004.2520708386857,564.3154052555392,1294.30720,12943072000
1007.0994310584775,625.3440530882702,1294.54340,12945434000
1057.2117271128648,588.4143444956081,1294.78370,12947837000
1061.1790769972215,603.5123942135866,1295.01110,12950111000
948.2511223320948,583.7698267731249,1295.26940,12952694000
779.0858595760164,582.5926863153213,1295.50300,12955030000
777.8794857451459,532.6780309839098,1295.74690,12957469000
716.5879519714725,591.3178782613938,1295.98260,12959826000
732.3463193025716,557.2492078750757,1296.22140,12962214000
671.69499048662,544.5335077096191,1296.45810,12964581000
624.2272605339808,505.56604984429447,1296.69540,12966954000
668.0576754912104,500.9749105413635,1296.93750,12969375000
632.6854894221714,475.4106854484832,1297.16170,12971617000
715.7639051815377,449.72508526098625,1297.37720,12973772000
739.8089677168891,433.63700151742137,1297.59840,12975984000
739.3088761105432,451.85681771237114,1297.82140,12978214000
771.555749690899,503.99167181118366,1298.05000,12980500000
804.6178581451552,531.01748643369,1298.28560,12982856000
787.5126597315425,485.1473069617674,1298.51720,12985172000
771.2013253415772,511.9052330720335,1298.75510,12987551000
872.170563999847,415.16176812662684,1299.02030,12990203000
903.0396434387727,423.350791380126,1299.26100,12992610000
951.9123204120239,371.38107821881965,1299.49270,12994927000
933.9051061318471,422.3208171623031,1299.72830,12997283000
792.8232659823643,449.94984270771323,1300.00250,13000025000
869.2030421511246,544.2970914991278,1300.25430,13002543000
919.0119303586022,592.1862926333057,1300.53780,13005378000
935.390365789884,558.1348909846597,1300.77420,13007742000
1004.5148064789131,617.1584748101071,1301.02090,13010209000
990.6788736953406,554.1385774017843,1301.25350,13012535000
959.5409861691304,488.3634485377391,1301.53250,13015325000
1012.6966045617,462.18299116702224,1301.76570,13017657000
948.8131467151837,418.78574184400446,1301.99890,13019989000
826.0389906427367,378.64387712135,1302.24370,13022437000
795.3556824128124,385.04706244021526,1302.48290,13024829000
794.056242214827,328.8680322030144,1302.70760,13027076000
829.7670522527239,389.46580717601955,1302.95090,13029509000
877.8131332979953,341.4495039235929,1303.17810,13031781000
918.4672049786753,340.540839606179,1303.40750,13034075000
994.5555777213228,428.5095346801652,1303.63460,13036346000
973.1528844002609,504.12705833521494,1303.88710,13038871000
994.901990994634,490.602226136297,1304.11660,13041166000
883.6043403974309,487.2254504621834,1304.34180,13043418000
783.3530153845545,434.05252706880765,1304.57550,13045755000
631.2582523335798,456.0262412999774,1304.83890,13048389000
530.1278258242697,447.3823301290516,1305.06950,13050695000
469.32031153540595,394.77965834209743,1305.31780,13053178000
432.83065213281236,381.15369034857497,1305.54860,13055486000
447.82885119071796,376.43385056106086,1305.79410,13057941000
505.30136182313333,409.7480658279652,1306.03410,13060341000
634.7021286192936,418.2741220582703,1306.27420,13062742000
803.7191168660619,517.3114430552432,1306.51500,13065150000
828.7111713488059,588.6884482809546,1306.74310,13067431000
959.4938736628823,629.1156597621421,1306.98160,13069816000
899.6275745914161,615.3194095253751,1307.22340,13072234000
763.0535851673931,659.3091452458328,1307.45970,13074597000
694.6233070771672,587.9457450103112,1307.68940,13076894000
650.7448100028262,551.0748448696689,1307.91950,13079195000
678.9008727670256,506.3976020405229,1308.15320,13081532000
734.3241173029551,518.4177072345516,1308.38570,13083857000
813.7699469121957,509.54818985276523,1308.61790,13086179000
719.4041855109631,615.5924897044304,1308.85490,13088549000
724.6047283875463,656.9008103648489,1309.09070,13090907000
781.1932204252779,738.9520030952278,1309.32480,13093248000
910.1145840401575,763.8202438078081,1309.55070,13095507000
994.582553712873,760.1862038239217,1309.79220,13097922000
1098.6100309127046,786.2798025457096,1310.02470,13100247000
1133.2045858011406,747.6038930214593,1310.26360,13102636000
1233.488029667841,736.5105654147196,1310.49830,13104983000
1295.8271294838246,807.4861056665329,1310.78050,13107805000
1236.483986297668,809.142936178709,1311.01510,13110151000
1154.9242173881921,797.1641983074843,1311.25000,13112500000
1123.1304341256543,775.7212926687156,1311.47740,13114774000
1189.5549895949982,762.1561581745972,1311.71360,13117136000
1214.1729111511283,728.3748911805961,1311.94990,13119499000
1390.2329165747885,698.1721866016633,1312.21990,13122199000
1514.349106688577,659.8722479403735,1312.48840,13124884000
1503.468248836375,677.7228800626368,1312.73640,13127364000
1423.842608002101,645.4416855884691,1313.03160,13130316000
1306.539672769662,591.5186827064379,1313.26510,13132651000
1143.6284444141843,629.5585019791087,1313.51300,13135130000
996.7321645170545,633.1809512578685,1313.74420,13137442000
936.1732407530467,608.4453918648614,1313.98270,13139827000
848.5513608560553,610.6929428709293,1314.25700,13142570000
707.1337541455931,589.5934834987212,1314.48840,13144884000
707.879929202133,561.7955741176208,1314.73480,13147348000
697.811789233982,551.5610625361628,1314.96990,13149699000
715.4140344559412,518.0877439327877,1315.23500,13152350000
806.8353780309242,477.12230344746825,1315.48490,13154849000
666.7786991273023,424.65240327919247,1315.71200,13157120000
586.6172868815786,376.4455326325917,1315.94740,13159474000
597.3906477505969,382.9378132578794,1316.19740,13161974000
609.7827482200478,272.4922455250793,1316.49140,13164914000
490.99257568549467,246.05244264724786,1316.78180,13167818000
384.47050900018866,208.49462380367612,1317.01680,13170168000
418.6889948557841,299.5155471744538,1317.27540,13172754000
521.5644162254565,355.6771526724763,1317.54040,13175404000
512.8029580127586,396.0377002686273,1317.78340,13177834000
440.77545988044017,421.2225082416003,1318.02610,13180261000
453.8049034819976,354.74439929099333,1318.26030,13182603000
416.8184886547572,322.4939631942089,1318.51260,13185126000
411.53749562646686,255.64810042324166,1318.74340,13187434000
401.06525858017983,213.50070387386967,1318.96110,13189611000
487.7188391070954,97.78874310207581,1319.18770,13191877000
622.5063838415077,57.353232715243315,1319.41660,13194166000
758.2329448972881,131.17829539089902,1319.64600,13196460000
704.5245372785331,213.48175560846494,1319.88410,13198841000
711.8417724829924,249.56088886260133,1320.12630,13201263000
843.2288116019798,362.6531331694423,1320.36220,13203622000
865.9930699219071,420.39267189930155,1320.60940,13206094000
839.8218509983128,454.0559249073744,1320.83160,13208316000
797.1620735456751,437.7989028961724,1321.05500,13210550000
860.6086173505205,480.2385654223365,1321.28550,13212855000
914.3858818746609,538.7396386409054,1321.51640,13215164000
874.0699070093987,597.1573152275329,1321.74370,13217437000
811.3455011468862,582.4041415778509,1321.98310,13219831000
852.1601652895802,557.2866908942598,1322.21470,13222147000
866.3979522219548,548.7678111019778,1322.46000,13224600000
938.8352442175769,502.35009930761413,1322.69960,13226996000
858.3680304488134,475.20110412612695,1322.92910,13229291000
826.6880268555666,498.4317914299182,1323.16100,13231610000
832.1675577769826,526.8180477397167,1323.39180,13233918000
836.8800749437585,584.8425745159097,1323.62210,13236221000
816.4989934477466,641.2061357700254,1323.85490,13238549000
777.3311124588319,630.9138684938239,1324.08210,13240821000
833.0047889238901,592.0484097362995,1324.32810,13243281000
893.5024973577891,591.7182556068243,1324.56060,13245606000
903.3727796074629,597.0776412862785,1324.80090,13248009000
919.4644063677943,556.9026793261144,1325.03600,13250360000
1025.6582256991796,532.7456200753472,1325.26590,13252659000
1165.9523226217555,463.8463620606642,1325.49570,13254957000
1127.1273855727854,410.1824161259684,1325.72290,13257229000
1096.1085192463672,419.5097872059975,1325.97280,13259728000
994.071122203836,380.1989940386469,1326.20450,13262045000
890.8111918005551,381.2293675195114,1326.43640,13264364000
877.064570443134,425.5928497506648,1326.66830,13266683000
752.7608768055416,435.00048249667856,1326.90310,13269031000
711.6710927997726,480.6724295592243,1327.13180,13271318000
558.9406484538117,476.022046805699,1327.36260,13273626000
420.3700713672189,423.5583191686618,1327.60340,13276034000
286.7221636430473,335.29312967750036,1327.83470,13278347000
153.52097799620503,309.3817702749338,1328.05540,13280554000
187.55904593298015,389.1620825881986,1328.27950,13282795000
197.2567174962495,447.15288000582285,1328.50550,13285055000
232.17608470288155,486.7676465742499,1328.73670,13287367000
338.3015139057885,580.3662595791593,1328.97910,13289791000
440.63739487450385,607.7699124423,1329.21250,13292125000
558.7305823863712,613.0837949583055,1329.43830,13294383000
677.7067881631214,658.6905948295502,1329.68490,13296849000
715.8686075329209,652.2243405064299,1329.92390,13299239000
766.8492909350002,710.2102847192027,1330.15930,13301593000
836.4938923744046,715.939050532248,1330.39600,13303960000
796.348180823297,713.5020504774396,1330.62400,13306240000
821.4414712251333,716.7604458235325,1330.85700,13308570000
873.0147071938638,655.925947150433,1331.08870,13310887000
726.007573308252,647.6550085738207,1331.31750,13313175000
642.7396790066927,541.9486155735187,1331.54610,13315461000
527.9602412349961,489.99470549118007,1331.77750,13317775000
492.05375610994446,415.6894255345841,1332.01230,13320123000
493.5879163643479,287.17553250121944,1332.24220,13322422000
522.1688325878915,217.15257499553957,1332.48030,13324803000
563.0634593510993,250.6401189446626,1332.71640,13327164000
602.0524174070391,291.17898634301196,1332.95350,13329535000
544.5257466165898,313.3155086482471,1333.18590,13331859000
588.1858018867551,325.33635012340244,1333.41720,13334172000
639.5460059367927,422.20735366024667,1333.65440,13336544000
659.9350463700308,430.54625777499274,1333.90830,13339083000
753.3646847376344,476.93902030069194,1334.15250,13341525000
790.8906155095023,439.66667863300694,1334.38520,13343852000
849.8786720226913,411.18229944441805,1334.61610,13346161000
909.0549182970294,409.30938624362574,1334.85780,13348578000
1052.6076207416827,409.4054942149021,1335.09770,13350977000
1063.50353005801,448.87787839133256,1335.32480,13353248000
1138.8018593988747,446.16234911429564,1335.55660,13355566000
1181.8436229342026,376.0154807629122,1335.79000,13357900000
1037.5562926262346,339.2375945664461,1336.02160,13360216000
923.6230980508955,384.16369649636323,1336.24980,13362498000
817.8171813301822,328.13612569216855,1336.47410,13364741000
714.892952045279,287.14313743052986,1336.73800,13367380000
849.1303006713474,276.3144339579087,1336.97770,13369777000
913.1870191980342,264.15121597480294,1337.20640,13372064000
934.4367594148033,337.14116071146276,1337.43710,13374371000
808.9884222509487,308.6838127520468,1337.67360,13376736000
845.9445923742526,401.1035490681621,1337.95100,13379510000
824.3004706787324,410.9117588204756,1338.21830,13382183000
888.6286235438338,323.7127809000589,1338.46500,13384650000
1031.8193954670282,335.4207706402712,1338.75630,13387563000
1061.5517548250257,374.7400994321199,1339.01060,13390106000
1037.74941760376,430.9640194234125,1339.23890,13392389000
1103.6646855823844,467.085562120934,1339.52520,13395252000
1065.3025243543675,536.5285924910282,1339.75160,13397516000
1083.2666100161223,473.1835868934663,1339.98270,13399827000
1060.9393610420113,521.6525302588364,1340.26490,13402649000
982.3362091931403,572.9446359370353,1340.53510,13405351000
954.4280908176971,578.8816026443156,1340.82120,13408212000
970.8550253666104,577.8613670544174,1341.11610,13411161000
940.3254604028607,552.869530921172,1341.35320,13413532000
849.0679237374563,581.9099975179865,1341.58890,13415889000
782.8078169853515,554.7186362540684,1341.82120,13418212000
810.141954467499,627.0153556414929,1342.05630,13420563000
820.7163326581505,570.2064759663492,1342.32970,13423297000
716.9260052944302,506.96739345860846,1342.61620,13426162000
777.1442463970939,491.06588185096984,1342.85940,13428594000
1029.0682173793898,458.2037639593955,1343.10420,13431042000
1034.6921800719094,437.0213035688071,1343.34400,13433440000
879.5614344260405,413.91157659217225,1343.57630,13435763000
789.6474948025038,477.8072570433748,1343.81220,13438122000
805.2933946874075,498.59572412623373,1344.06170,13440617000
864.2269310222508,612.8111858302447,1344.30300,13443030000
821.7334944030358,680.4309345911589,1344.55650,13445565000
777.6612992926825,771.7012734391494,1344.82000,13448200000
680.8580776374334,814.9809335955481,1345.11760,13451176000
668.3536017996372,803.0109919131139,1345.36220,13453622000
649.6214162257008,807.8101072287285,1345.59380,13455938000
619.3495896575035,829.001028922161,1345.81430,13458143000
642.2580365727031,853.5526051081073,1346.03550,13460355000
712.8511269329057,792.0520071933323,1346.26050,13462605000
798.0571064188049,642.4919174572275,1346.48200,13464820000
846.3058234802365,618.9753416587263,1346.70740,13467074000
907.9577744740413,504.59413979322744,1346.94340,13469434000
971.190645210443,485.11179764482586,1347.17270,13471727000
988.6613564142302,498.79162489437135,1347.39760,13473976000
975.7023909795947,520.3413165160011,1347.62210,13476221000
979.2040396882547,592.370998350707,1347.85440,13478544000
1115.675128247537,553.7338188488636,1348.09030,13480903000
1184.621921451751,556.430774057852,1348.31900,13483190000
1291.5300496802693,520.556914322467,1348.55770,13485577000
1232.2883610814865,440.20772129918845,1348.80040,13488004000
1139.5727154290466,401.6002377221185,1349.03710,13490371000
987.8160196217364,321.66523517674904,1349.27370,13492737000
931.7101348712963,334.6191280358116,1349.52960,13495296000
779.6720484411146,382.9938755090435,1349.75970,13497597000
759.1234732530453,451.29219157301225,1350.00110,13500011000
1013.073216842452,528.9971244303,1350.25460,13502546000
1129.9972972160595,466.9966204777936,1350.50180,13505018000
1214.7977262881664,477.7846732515829,1350.72510,13507251000
1164.1993266444604,449.33739591065637,1350.94360,13509436000
1108.7266462217679,446.23243434247246,1351.17300,13511730000
994.2748908691769,453.3926968613765,1351.43650,13514365000
933.3225372535513,477.9114883956859,1351.66760,13516676000
870.2226454881421,515.9616518704412,1351.90540,13519054000
833.1331990717886,517.4355641734469,1352.16800,13521680000
844.8469330134725,519.1413187758807,1352.40220,13524022000
895.9141267265752,515.1290896130278,1352.64500,13526450000
900.7560452638132,505.55586407406304,1352.87260,13528726000
881.5851441718056,510.0068000812686,1353.10090,13531009000
877.3549240946077,509.08098866275816,1353.33030,13533303000
907.2267436891651,548.5655447262908,1353.57540,13535754000
924.1295702382868,511.4902420042847,1353.79360,13537936000
957.6274783214342,498.73479113654537,1354.01990,13540199000
1004.6413327899957,497.7281987013866,1354.24580,13542458000
1020.9697955556376,496.9958305056265,1354.49470,13544947000
972.0353801241497,521.6206806223651,1354.74940,13547494000
967.2625031235228,491.6325252026342,1354.98680,13549868000
952.9108735834518,451.6885064773836,1355.22510,13552251000
943.8982917930044,478.42929265340496,1355.45620,13554562000
956.9737639721345,494.9717379470805,1355.70870,13557087000
825.6517576765017,530.0022934217513,1355.95430,13559543000
835.1497749015402,517.8721609411757,1356.18440,13561844000
841.7417300933363,473.1774963490711,1356.41690,13564169000
870.7595565190437,492.9659901632217,1356.65230,13566523000
861.4169323836679,501.11129487145615,1356.89270,13568927000
795.479937309675,523.0295861445626,1357.13900,13571390000
750.3303218996964,561.2175874764002,1357.38570,13573857000
789.8176686506819,548.7530831351253,1357.60850,13576085000
861.4526361567094,497.6223322880284,1357.83420,13578342000
889.7927334783279,535.6899728591216,1358.06220,13580622000
900.3481370443022,490.3699327619338,1358.29930,13582993000
860.000859374501,457.74836366009976,1358.52550,13585255000
809.8017737574309,446.42971558754584,1358.75660,13587566000
809.6000034382682,457.3688442184357,1358.99170,13589917000
749.094836027491,394.88980270661796,1359.23160,13592316000
779.0488397934516,440.3119203271697,1359.47060,13594706000
815.8784546799071,537.0644398093257,1359.70370,13597037000
876.373482581608,587.4520079680643,1359.92820,13599282000
954.9142031677945,591.7252098214528,1360.15370,13601537000
976.0339334232185,540.4128915565666,1360.38540,13603854000
885.9029451693203,489.42386631959346,1360.61490,13606149000
682.5766329347398,500.542986708416,1360.84350,13608435000
684.2893266979789,442.12404395634655,1361.08920,13610892000
704.6543433279394,425.3644540518142,1361.32460,13613246000
695.3437895696738,552.0253760907867,1361.55500,13615550000
723.130706060625,541.0813974900866,1361.78740,13617874000
777.8677574779244,585.6623484091599,1362.02450,13620245000
795.0972657666708,606.3406587692149,1362.27610,13622761000
841.9082510965212,647.1468916976862,1362.54280,13625428000
833.2280552001607,683.1979836633359,1362.76780,13627678000
883.9395405327767,621.8327330635755,1363.00470,13630047000
937.5496457762407,640.4014206901146,1363.22670,13632267000
966.7065669303477,641.6735038671421,1363.45650,13634565000
1106.0440769379288,619.4276425735076,1363.69170,13636917000
1087.359909829086,538.0729861160494,1363.92460,13639246000
1082.0494400232521,530.0018389074766,1364.17390,13641739000
1091.699248325721,393.8221767500655,1364.41380,13644138000
1210.4586913810963,416.20770694660604,1364.65460,13646546000
1162.854350038591,376.88795790200027,1364.91920,13649192000
1047.3148799150288,477.41151239509804,1365.15990,13651599000
1030.924809107062,523.6044896572931,1365.39620,13653962000
1082.8643976566148,536.1712220204192,1365.65880,13656588000
1011.8422109984865,368.2765039956265,1365.89190,13658919000
1050.8176799096052,278.7054786803076,1366.13120,13661312000
1146.1625304863617,194.77231672625257,1366.39170,13663917000
1121.9782736645989,235.34437163713187,1366.62220,13666222000
1059.7842924338468,259.62406492530425,1366.86170,13668617000
1131.9040049665712,284.6591069657363,1367.09420,13670942000
1038.0729145559671,335.6303946054764,1367.32350,13673235000
1085.91425230146,311.0522715397616,1367.56830,13675683000
1043.6918936567145,349.1535525100281,1367.80460,13678046000
1030.7926858249082,327.56959533950567,1368.03800,13680380000
992.2821964490573,317.30804749230083,1368.28220,13682822000
1092.0639773085766,376.9762224843432,1368.53650,13685365000
1084.355561699977,408.5331014347558,1368.77340,13687734000
1024.236109528322,326.6494166350545,1369.01400,13690140000
1008.0016032108648,358.58214410168887,1369.24610,13692461000
782.3051541036415,433.850599652633,1369.48810,13694881000
657.4700512698713,437.24976925061,1369.75810,13697581000
535.7033163486774,476.70889170660047,1370.00330,13700033000
581.555161988146,428.1492411836048,1370.24130,13702413000
590.9893353503588,501.62730777753063,1370.48160,13704816000
586.459046993735,499.07423497062507,1370.72260,13707226000
609.4095288783421,545.6387033161486,1370.97120,13709712000
644.939862214944,520.1563350616817,1371.20370,13712037000
779.4608684283031,468.45755979534425,1371.43670,13714367000
860.750783791131,361.9728775511893,1371.65980,13716598000
734.0719960449304,363.0973387968822,1371.88820,13718882000
680.3450056117074,332.16651784848153,1372.12230,13721223000
753.1164586837187,324.75962142357076,1372.35800,13723580000
868.837180192829,363.3179961186963,1372.58870,13725887000
1082.7221812705595,395.8056571962255,1372.83170,13728317000
1029.5005745660205,362.04936188951825,1373.08050,13730805000
950.5870632986723,422.60958778285936,1373.31580,13733158000
876.4171196139265,404.52453569900484,1373.55310,13735531000
711.5965283813746,439.3904351734004,1373.78390,13737839000
553.1638160835718,450.82156584513285,1374.01520,13740152000
657.9131823007006,389.6801147526569,1374.24490,13742449000
807.5647439432647,332.4551093547043,1374.47820,13744782000
649.4920043766416,333.1079568496344,1374.70780,13747078000
681.8231242337371,386.7550269026788,1374.95750,13749575000
670.4343796905083,395.73705816573374,1375.19710,13751971000
751.0754161984147,359.39946236928364,1375.42660,13754266000
841.8899666469572,327.57024048191613,1375.66440,13756644000
885.8710877561138,329.0019376860927,1375.89290,13758929000
868.9099379887407,364.93128884615356,1376.11900,13761190000
763.8061391380795,409.8651008665245,1376.34570,13763457000
819.6906031348182,496.53634265688527,1376.57270,13765727000
768.1632205733933,502.4969466362043,1376.80180,13768018000
716.4457869348533,518.5769661332355,1377.04450,13770445000
672.5946569558585,597.9113442146322,1377.27120,13772712000
697.7550574769734,651.9844523177842,1377.50260,13775026000
691.3227581652638,653.4223344136915,1377.73530,13777353000
769.8851552988993,669.0542516498631,1377.99480,13779948000
768.8456023445931,721.5813273346079,1378.22300,13782230000
787.9044118673061,744.4022668780332,1378.49400,13784940000
714.9974101230624,684.1761627654951,1378.73120,13787312000
703.4102785921882,655.2642607588995,1378.98370,13789837000
679.0649120553148,632.4760818545353,1379.22340,13792234000
596.0706942564091,634.995045345185,1379.46220,13794622000
594.3785253999168,652.2175201565456,1379.68880,13796888000
605.2000406797781,666.2474003401185,1379.95530,13799553000
474.2741793449937,615.5571459475493,1380.25450,13802545000
428.6085875262951,606.017002432048,1380.48650,13804865000
437.7789360722284,590.5507274811686,1380.75720,13807572000
446.69664914583956,584.8296423907306,1380.99620,13809962000
469.5964855504486,518.5042321118285,1381.23250,13812325000
573.1316321712527,305.9268858668175,1381.46880,13814688000
622.757033923649,369.45498770446784,1381.71120,13817112000
694.1708303444726,361.94769474585945,1381.94310,13819431000
753.743529271681,505.53460192202783,1382.17910,13821791000
835.7141855374867,513.3935321475127,1382.43130,13824313000
978.9680924287431,606.6437303818589,1382.66610,13826661000
1029.1498169269366,653.0115774429163,1382.95360,13829536000
1045.7374220949928,678.390223080594,1383.22770,13832277000
1122.4998314007573,643.0048096665839,1383.46110,13834611000
1095.524127549954,628.1144896292286,1383.74340,13837434000
1138.700538827074,684.9929314548276,1383.97170,13839717000
1016.4233070718753,644.9981802463399,1384.22370,13842237000
879.0477178631861,613.9598410141449,1384.45010,13844501000
867.1450648573212,667.3780046690227,1384.68340,13846834000
781.7931707054967,611.599916800264,1384.90700,13849070000
750.5334138787882,625.6963908409215,1385.12460,13851246000
740.9017053375877,686.683288191203,1385.34580,13853458000
733.3498441503527,731.796445364917,1385.58480,13855848000
665.5879079243011,718.4415831447154,1385.81950,13858195000
682.2652416901782,736.9835145638715,1386.04840,13860484000
694.3503513861265,702.7847298204331,1386.28490,13862849000
718.0401797161726,712.6194882431377,1386.52700,13865270000
699.2409516552135,645.5171440477416,1386.75940,13867594000
677.1760838328781,583.6046889334672,1386.98600,13869860000
645.9615238486737,564.2468817484903,1387.21110,13872111000
707.4094258369817,634.3727058966665,1387.45580,13874558000
716.8258447891084,671.0000359421437,1387.68200,13876820000
701.6560563041011,716.1929167980369,1387.91530,13879153000
681.3344703121053,725.0958001328056,1388.14680,13881468000
675.9715259422697,725.4865250245136,1388.37290,13883729000
532.3306740644765,538.8598234368501,1388.63030,13886303000
383.67407380452084,355.4287924746746,1388.86100,13888610000
326.2589835287562,249.20997881900405,1389.08990,13890899000
321.51038810647543,304.8146630059698,1389.31300,13893130000
368.54251741864016,329.40950759644863,1389.54100,13895410000
431.6552176769015,355.6129922586812,1389.77120,13897712000
501.9795747587797,432.6373028035965,1390.00090,13900009000
588.9412703298906,468.4455724043346,1390.23860,13902386000
581.3155101475952,507.87654826905174,1390.48720,13904872000
570.3129287994714,596.2748675644332,1390.71310,13907131000
566.7234040608644,634.5631449843343,1390.95460,13909546000
620.2926778460977,647.1904780207936,1391.18380,13911838000
621.5909267255834,645.7910112595545,1391.42580,13914258000
640.1812763345373,646.7581928986829,1391.66310,13916631000
698.2570114260411,671.8313369576042,1391.91710,13919171000
746.3145602514949,677.103269898198,1392.16930,13921693000
800.2514045642553,669.5553429976372,1392.39800,13923980000
843.2479524347026,644.2296904574711,1392.62610,13926261000
914.3741785058455,647.6137481907003,1392.86130,13928613000
813.3846382572424,627.3415090047353,1393.11410,13931141000
825.8084627196921,638.2978318023621,1393.35030,13933503000
799.5601906476442,610.8031851783369,1393.58480,13935848000
834.1888521120239,598.3581931269493,1393.82090,13938209000
845.1043469643332,627.749611920691,1394.05690,13940569000
818.67450056726,612.2753749010745,1394.29050,13942905000
802.1436276373877,579.3083607899819,1394.52940,13945294000
820.5967273549279,575.9927590307994,1394.78170,13947817000
787.2592549803614,589.2645185662996,1395.00830,13950083000
744.968732123498,588.0664634789359,1395.23110,13952311000
776.8584250732499,632.0930937515991,1395.45200,13954520000
731.9674229541572,636.2840705128475,1395.68660,13956866000
744.6872836534548,648.2259653603621,1395.92590,13959259000
775.9789938379438,658.6508723481797,1396.16220,13961622000
836.0621601098251,694.881105427359,1396.39640,13963964000
853.7970022031203,663.980569498771,1396.62250,13966225000
884.7823635571697,694.3331140334941,1396.86240,13968624000
940.5081191911228,661.5183467919732,1397.09700,13970970000
1053.8309812210641,717.7351689489609,1397.33810,13973381000
1066.749662425547,695.3923486930811,1397.57640,13975764000
1117.5877942089405,679.9465023963132,1397.80650,13978065000
1139.5190090404365,662.8045571124884,1398.04320,13980432000
1155.6507764026862,644.5745855838487,1398.28910,13982891000
1165.2276917809313,643.8077592420673,1398.51200,13985120000
1177.620022630751,586.4703163580795,1398.73290,13987329000
1176.2603495387286,552.1902997645329,1398.95890,13989589000
1177.0640690554867,537.1231630125159,1399.19660,13991966000
1078.8583705728242,507.6341280971029,1399.42880,13994288000
957.2829899927267,494.1586630894544,1399.65680,13996568000
886.1140350068866,472.5607110385721,1399.90430,13999043000
973.7053658469348,491.8949503924446,1400.13230,14001323000
926.7856137289002,449.2730323733943,1400.35080,14003508000
920.3678211260357,487.8926174983333,1400.57250,14005725000
879.9246510686172,496.11747376256517,1400.79760,14007976000
865.6399659039869,504.0081413440703,1401.01980,14010198000
889.4893684968921,483.85807566260837,1401.23910,14012391000
903.2995670682083,473.1443857160376,1401.46570,14014657000
896.6282421244068,490.62471613040964,1401.70810,14017081000
958.7593191071797,540.5260821877459,1401.94710,14019471000
982.5302570854565,569.6813026149434,1402.19070,14021907000
943.9924251626885,562.7680746616533,1402.43230,14024323000
895.8511589241144,511.43605281376824,1402.68580,14026858000
808.1161100410349,421.56070666040824,1402.91900,14029190000
849.8032940273608,435.47001378288036,1403.14920,14031492000
776.7338976196362,433.34586507503565,1403.41310,14034131000
879.3631903024592,513.9296201488839,1403.64730,14036473000
855.2411118499633,542.9641431640223,1403.88840,14038884000
860.0120748881808,531.8818740940821,1404.12050,14041205000
842.095494831694,568.1915562876552,1404.35250,14043525000
677.7936038112048,539.1058963576833,1404.59310,14045931000
517.2847775848284,445.2596231601324,1404.84110,14048411000
488.8399822502453,440.18146053297914,1405.06910,14050691000
466.78220242209204,421.918826456737,1405.31790,14053179000
570.192945742283,331.10353434817773,1405.55010,14055501000
602.6625305069258,402.0035957673831,1405.77590,14057759000
707.4064618510055,495.2498071283745,1406.00160,14060016000
798.1003592965684,554.8587377775327,1406.25170,14062517000
824.0916951767177,522.6349141583107,1406.48310,14064831000
855.4029458177491,586.8024157169559,1406.71860,14067186000
885.8704828547357,665.9122021555561,1406.94360,14069436000
980.0656000473413,699.706162408357,1407.19120,14071912000
1024.894873518591,675.327080459601,1407.41550,14074155000
1019.4811496243788,610.7791704745284,1407.64680,14076468000
882.1776642344491,562.9408864546265,1407.87470,14078747000
750.4374055910588,465.5521406488402,1408.11360,14081136000
661.3134736977958,412.5444671475039,1408.34100,14083410000
598.1488095251251,378.2051994798985,1408.56490,14085649000
535.5073689094334,342.8211569984939,1408.79620,14087962000
383.3544114185687,290.79495851837976,1409.01830,14090183000
295.63520383257674,251.77656308107785,1409.24670,14092467000
355.4489619053617,279.7506181975091,1409.47460,14094746000
405.39605576048734,265.9010734873435,1409.71000,14097100000
548.8353248903984,231.72779340341063,1409.95500,14099550000
634.0997094651407,297.13100172193333,1410.19280,14101928000
723.544470578934,238.54994934560594,1410.42920,14104292000
854.5877291343833,250.53046043458926,1410.66860,14106686000
934.3467123548423,294.79661169613416,1410.90560,14109056000
1002.7079118408769,225.9952221539126,1411.13850,14111385000
1115.9223661934916,309.28056606133646,1411.38190,14113819000
1166.376424441795,372.7176243795803,1411.63080,14116308000
1132.0326942909815,398.00998678569994,1411.86180,14118618000
1207.6450618269796,417.82341676642545,1412.08760,14120876000
1175.1827469250202,443.45814333772324,1412.32440,14123244000
1202.108412174865,470.5178445338872,1412.55540,14125554000
1147.668749804316,533.135459447537,1412.79210,14127921000
1235.9562306143032,569.7753942523476,1413.02760,14130276000
1344.7472124589412,562.8886831161276,1413.26820,14132682000
1375.3497848735876,558.0488225786747,1413.50670,14135067000
1279.8118285996916,505.516663010706,1413.74020,14137402000
1260.2044980674682,481.4534397590171,1413.96510,14139651000
1232.0818361627541,439.3236511396924,1414.19190,14141919000
1218.3380754923257,493.85034539110717,1414.41850,14144185000
1190.8419851566673,507.49138609440166,1414.65460,14146546000
1114.0732417477532,550.8051821460549,1414.88880,14148888000
1034.6999952878086,614.211009350433,1415.17040,14151704000
911.2246723647936,586.7512842221114,1415.40800,14154080000
869.1809041088148,555.7605080156827,1415.63240,14156324000
858.556816556452,483.5615753872788,1415.86510,14158651000
756.4204178437385,509.49716275842195,1416.08590,14160859000
817.3391197375221,542.1772479618144,1416.32140,14163214000
821.9878570522746,501.52952653045674,1416.55670,14165567000
916.522906621183,521.2460746832569,1416.78160,14167816000
958.4017282647168,537.8056031525094,1417.05000,14170500000
940.1755859083032,584.5380727938957,1417.26900,14172690000
820.5878833242808,617.127728843737,1417.50520,14175052000
840.2576217273366,569.4285956990674,1417.74490,14177449000
817.7759368322337,592.327475432404,1417.97020,14179702000
847.7909341938179,544.3583568467174,1418.23670,14182367000
879.6633647785318,496.0214139127914,1418.48070,14184807000
950.0458891318967,485.20163186363817,1418.71330,14187133000
911.4199363341268,494.5035546492544,1418.95070,14189507000
758.4903808203504,491.1107464451812,1419.20350,14192035000
715.4419113564376,532.888647124655,1419.44430,14194443000
729.1607968660721,544.7068748864059,1419.67740,14196774000
950.8900911589901,528.9437490563962,1419.91160,14199116000
940.758107451701,483.277289739721,1420.19140,14201914000
901.9296680073511,422.45424912793675,1420.47610,14204761000
925.805357061273,446.6234420006966,1420.75640,14207564000
860.9631452155965,481.14264318173736,1421.02550,14210255000
879.5209057446077,477.2103273659811,1421.26730,14212673000
865.7817768012242,462.8860960934296,1421.55160,14215516000
885.7307611800845,508.8490586592376,1421.84690,14218469000
898.6992445868065,511.25104564964846,1422.06870,14220687000
867.6774840353996,549.5768565328872,1422.29850,14222985000
905.066277142101,545.4322742003441,1422.54100,14225410000
936.5426454144192,559.8124471640158,1422.76720,14227672000
969.6555901962738,559.2688964119251,1423.01250,14230125000
923.0831188465628,515.545699498298,1423.25250,14232525000
938.4283020555682,515.0829863942554,1423.49340,14234934000
896.9500575500604,477.91392488628185,1423.72830,14237283000
937.0384620614418,465.2781144268188,1423.95870,14239587000
1053.531610214819,506.0395742204701,1424.18150,14241815000
889.5664572338442,493.3635679391236,1424.43080,14244308000
630.8125882819983,445.96193089956495,1424.66710,14246671000
638.2647467158698,403.0160176418962,1424.90000,14249000000
581.572828582037,393.9391308085683,1425.12610,14251261000
566.3060632545769,365.8101611629978,1425.36420,14253642000
449.96591230550996,324.5419095540969,1425.59330,14255933000
373.7018706706299,305.33280782477107,1425.82810,14258281000
565.0128789678932,298.24429347483795,1426.06500,14260650000
590.617258772938,372.9064490713431,1426.29850,14262985000
561.5259042483673,359.55623403516665,1426.56350,14265635000
617.150970434286,411.94578234868203,1426.78740,14267874000
661.3717367127986,510.1768061390776,1427.01510,14270151000
666.4801747891105,574.9523917179855,1427.25240,14272524000
750.0987706065819,612.827834849378,1427.48160,14274816000
788.9579343791864,567.108400532286,1427.71060,14277106000
752.0566775926058,547.996040047352,1427.93440,14279344000
745.9115335821223,589.8977129628784,1428.17480,14281748000
741.4903915094536,558.6310496413194,1428.42440,14284244000
739.6195040954942,560.429274842388,1428.64980,14286498000
778.3535797969772,591.1249871373902,1428.88810,14288881000
850.7055830924494,565.8844547409141,1429.11660,14291166000
810.2643226882969,531.4343345222095,1429.37290,14293729000
810.3011846500087,447.36720749009777,1429.59950,14295995000
920.3612076920239,480.14143249104166,1429.84250,14298425000
940.6602708874711,465.51444884857574,1430.06800,14300680000
986.3298459036779,514.5043172238378,1430.29940,14302994000
906.8075807013257,476.38182570494774,1430.56980,14305698000
846.1220182734545,408.529136454106,1430.79880,14307988000
996.9319017599191,382.0212289974817,1431.03120,14310312000
870.7195664977859,347.7547209942308,1431.26600,14312660000
984.6419721160072,336.67213014330224,1431.49790,14314979000
974.3985811931935,329.8985255419352,1431.72310,14317231000
898.5590785404253,361.7252029546993,1431.95110,14319511000
814.0160970508384,342.16398305857484,1432.18190,14321819000
757.3470324944759,355.31686516235817,1432.40320,14324032000
850.1213176107564,411.3784776218984,1432.63510,14326351000
937.4544860132296,403.7975404389804,1432.86960,14328696000
1031.3468451256233,426.8962107184336,1433.10200,14331020000
1110.9724304584513,477.03271836129284,1433.33060,14333306000
1182.5642017026241,481.99341194511635,1433.56120,14335612000
1190.368775699451,469.7624889394601,1433.78880,14337888000
971.5883894428716,458.9907865351146,1434.02990,14340299000
845.465583684954,487.00736207383426,1434.25550,14342555000
731.4510867636195,468.99361492789166,1434.48820,14344882000
685.2708767387434,430.55481885243506,1434.70420,14347042000
642.5459818639127,496.6324526063755,1434.94460,14349446000
666.2538190928963,523.5045171230793,1435.17330,14351733000
643.1274995039173,543.6315663011025,1435.40790,14354079000
760.7662398419817,626.0144206255441,1435.63970,14356397000
791.1940203083873,622.4458136075312,1435.88740,14358874000
851.2732005962395,638.0605185090749,1436.11750,14361175000
805.3336469770164,600.0247706913713,1436.37070,14363707000
792.0366769874964,581.3449025731546,1436.61220,14366122000
737.5274934872558,594.206536098326,1436.84930,14368493000
792.1628627207907,592.2249091167106,1437.08450,14370845000
815.6266739350176,598.9622403018075,1437.32830,14373283000
899.9646837943124,631.5775410048061,1437.56570,14375657000
876.2602836370069,636.4386766892634,1437.80650,14378065000
820.0641794823183,634.7838298956482,1438.04060,14380406000
829.8284795858021,681.5862437425831,1438.28290,14382829000
918.2420282657142,676.5848729312183,1438.52160,14385216000
820.2544135190635,663.2579496367123,1438.75110,14387511000
904.9376680597766,582.4427786228041,1439.02680,14390268000
874.3508285513276,479.47112723799273,1439.27520,14392752000
953.4189529591088,435.83582896631856,1439.50740,14395074000
1050.7608646987474,367.328308345256,1439.73660,14397366000
962.9373855018794,494.5085484500418,1439.96150,14399615000
887.2358535657074,524.1778836148317,1440.20230,14402023000
876.1462896266978,555.4313062143616,1440.42930,14404293000
832.4542698729842,556.7862136790937,1440.65250,14406525000
787.8888853346963,581.112560490228,1440.87640,14408764000
795.3395567958203,629.4503235364406,1441.11280,14411128000
764.3660191165475,708.5708399248188,1441.34560,14413456000
706.8902930228469,761.848981604861,1441.56980,14415698000
788.6973516456964,795.4368433563583,1441.81880,14418188000
861.384156619567,818.5744200651212,1442.04960,14420496000
921.6968137941988,841.6218105356552,1442.29160,14422916000
918.0829476142612,840.8628997586819,1442.54290,14425429000
848.7439080331993,820.4661628529425,1442.77820,14427782000
808.3780747746212,758.4557331264081,1443.02250,14430225000
752.6615699328894,711.0043096883767,1443.26330,14432633000
736.9156609318784,659.45476862996,1443.51800,14435180000
687.4074397232298,588.5473152643178,1443.74990,14437499000
683.2969667332812,628.6728330187776,1444.01850,14440185000
701.8856172374209,637.0026970960419,1444.25240,14442524000
656.8022689068293,647.909768717674,1444.50960,14445096000
788.8760263266478,666.1798298442314,1444.75560,14447556000
833.9376832279421,666.8349392809826,1445.02550,14450255000
946.1993130252032,680.387526954454,1445.25740,14452574000
867.3258622412069,650.4277752503962,1445.47840,14454784000
892.8022116849423,548.9435640386108,1445.70120,14457012000
932.3495601005059,509.93294989833635,1445.94390,14459439000
937.8088626077291,499.25103770582496,1446.18290,14461829000
890.0257934483288,415.37424172343833,1446.41530,14464153000
925.6875597806113,408.85402691197464,1446.66560,14466656000
967.1349652160864,422.3258589674671,1446.90430,14469043000
1011.4241970934282,461.56177893105996,1447.13330,14471333000
998.4516659624115,453.4564241235412,1447.38650,14473865000
935.521835919729,431.58402459590906,1447.62520,14476252000
1005.2451949242796,447.4236927882563,1447.86370,14478637000
998.507733175256,554.3992808751569,1448.09380,14480938000
878.0061363488013,514.5931032370206,1448.33770,14483377000
765.8207418016159,493.3221354333186,1448.61130,14486113000
647.2097669035925,389.1831366498072,1448.89670,14488967000
530.6279842888094,371.7666695981472,1449.16630,14491663000
623.0678486004049,474.5612602109681,1449.41220,14494122000
664.1776684328937,527.4852381337214,1449.65140,14496514000
674.926658937323,526.5623379995852,1449.92800,14499280000
560.2643962021593,494.16660488790177,1450.15870,14501587000
497.62485119241944,404.03672131055816,1450.39300,14503930000
537.179522383858,308.68679957844114,1450.62370,14506237000
529.1175214513673,206.26050511188834,1450.87950,14508795000
541.8773511553446,153.66040873179927,1451.10470,14511047000
612.3857095503729,134.7804075733571,1451.33230,14513323000
691.6310646500758,272.0319536714284,1451.56450,14515645000
787.0487217617114,322.8595701887656,1451.80230,14518023000
859.2305764129825,275.30112115227087,1452.02810,14520281000
999.1952481586461,318.17546520298214,1452.26980,14522698000
1080.781593642447,444.99950775724284,1452.51960,14525196000
1053.041363445279,536.0685743648753,1452.74010,14527401000
1082.2690898827825,585.4343705894898,1452.96580,14529658000
1137.98055600349,615.1437459211807,1453.18330,14531833000
1215.8632761524598,618.6558699759846,1453.40710,14534071000
1239.5389692500025,674.545404737419,1453.63210,14536321000
1365.170508251571,729.123912295716,1453.86940,14538694000
1298.85862962448,732.3890697713982,1454.09840,14540984000
1195.7064871841512,631.9832765614374,1454.33540,14543354000
987.4005813600556,559.419734913268,1454.57130,14545713000
770.3376868867243,469.0362639950635,1454.80330,14548033000
641.4921787584021,360.72988684173924,1455.04630,14550463000
582.8930967033912,265.12278454549926,1455.27440,14552744000
637.9807684641861,285.0079996200645,1455.50030,14555003000
646.51515849817,343.47232072243264,1455.72780,14557278000
662.2064475914042,297.63160934461274,1455.96450,14559645000
713.998176321436,286.46421763037716,1456.19090,14561909000
699.0437574581355,318.3478354450374,1456.42620,14564262000
702.4361596562052,217.84301448284384,1456.65720,14566572000
784.7567135834704,203.88356244112947,1456.89010,14568901000
835.9705846233328,237.77368581890886,1457.11970,14571197000
927.4482865172185,204.57698959109834,1457.35450,14573545000
898.1617872645231,185.3529238235806,1457.59130,14575913000
944.1101463822729,212.07883753627087,1457.81940,14578194000
996.5136396380352,304.0642368666181,1458.11960,14581196000
1143.1136833179635,364.1375968831798,1458.34890,14583489000
1160.8860882342215,367.33264837041474,1458.58620,14585862000
1237.1922382216935,408.6523361889206,1458.82660,14588266000
1354.5151966449998,447.21161711897065,1459.07740,14590774000
1389.3403061718036,605.9295653130613,1459.32040,14593204000
1408.289197364758,646.557775588142,1459.56010,14595601000
1319.6090748087079,681.542837852826,1459.78410,14597841000
1311.433438705036,726.6465811401824,1460.01430,14600143000
1331.0714348459517,800.5981351416992,1460.25210,14602521000
1252.194032443496,778.3243159784768,1460.50060,14605006000
1181.9914859824628,719.2259944772165,1460.78310,14607831000
1084.2151080289243,711.8929002899584,1461.01630,14610163000
1004.3334880861014,668.7647632289479,1461.25570,14612557000
959.8079739010282,595.949538360114,1461.49250,14614925000
994.255863025662,485.3012943374378,1461.72630,14617263000
902.4280468828418,460.06094367012105,1461.95590,14619559000
848.191586512567,330.19872236360857,1462.18570,14621857000
1051.1451692418625,367.1856843652333,1462.41580,14624158000
1101.4560717153736,367.77609215272145,1462.64640,14626464000
1055.9280445873205,387.7217427223197,1462.89400,14628940000
1039.849884855425,457.68768008317966,1463.17030,14631703000
1002.6072438197524,408.4967422760885,1463.40650,14634065000
978.0087491417345,370.6725341501637,1463.63370,14636337000
785.9913074387996,310.83996339941314,1463.93300,14639330000
846.6276087316028,335.3676726635053,1464.17510,14641751000
797.4346476777961,332.1395772091129,1464.40100,14644010000
838.5167203501933,333.3349967861224,1464.64140,14646414000
779.3351183346191,442.27263047753087,1464.88030,14648803000
794.2114370756024,500.1874803296665,1465.10640,14651064000
617.3193898804304,503.02457020601287,1465.34280,14653428000
580.6342448813554,488.5508465515997,1465.57210,14655721000
649.8721837105815,449.62631399483894,1465.79720,14657972000
825.8224722323043,384.8920540512596,1466.03060,14660306000
951.6477344690829,291.9650795685216,1466.25880,14662588000
991.4330451453172,179.34069707520538,1466.49010,14664901000
932.2365606973351,188.81270944088914,1466.71700,14667170000
965.040742956883,142.92567865267313,1466.94780,14669478000
1079.0761462082849,60.48247170326117,1467.17970,14671797000
1174.9467737594225,138.3238925174905,1467.40570,14674057000
1117.8900327146366,101.24908468191921,1467.63870,14676387000
926.3392027217767,138.0394330812278,1467.85890,14678589000
794.3367437923148,158.85054148874704,1468.08490,14680849000
654.6124786395844,162.96431349638314,1468.30610,14683061000
615.1353260595623,197.30606315495731,1468.53860,14685386000
537.4385107198412,205.82305948229404,1468.76270,14687627000
564.599477505029,228.85199716923898,1468.98790,14689879000
693.0096970186878,338.65204039654816,1469.22130,14692213000
688.4637387782476,427.08965811064274,1469.44650,14694465000
690.5929398537986,489.2956914685052,1469.68030,14696803000
730.9950527278697,525.1662581726646,1469.91970,14699197000
777.5466864382855,541.2521675715471,1470.15240,14701524000
757.3079901468435,521.1409631563296,1470.39190,14703919000
701.4708927140515,512.1997751166673,1470.62160,14706216000
728.6227236508433,368.1230704782977,1470.87630,14708763000
767.8901747378121,376.17455614646576,1471.11110,14711111000
753.2848042180069,307.7172284749949,1471.34160,14713416000
647.1759441770985,294.9126332720507,1471.56750,14715675000
462.5615738472501,243.36447601024386,1471.80170,14718017000
322.1774907460948,166.2033799585741,1472.03470,14720347000
373.02487004280687,257.148078298149,1472.27530,14722753000
420.62105017238684,417.64970943422657,1472.50990,14725099000
520.7094989072268,483.73034022702564,1472.73930,14727393000
528.1113563626635,498.33247685179055,1472.96550,14729655000
452.49094211178874,482.7213734161715,1473.19460,14731946000
529.0412956045817,488.16623635527026,1473.43470,14734347000
542.7289353029752,474.72377506795414,1473.66350,14736635000
666.8297798400359,458.2374050239483,1473.90250,14739025000
693.4696059018278,500.36251141122904,1474.17490,14741749000
582.8258171011028,559.0063350745013,1474.40240,14744024000
720.4664853174551,569.5825210662805,1474.64340,14746434000
653.670558738104,524.3724228191938,1474.86960,14748696000
680.3475471852323,511.7081613582096,1475.10140,14751014000
713.3834875860814,566.5101962788955,1475.32730,14753273000
809.0888021804524,451.8371135188138,1475.57110,14755711000
859.0208169655841,390.64373744830135,1475.81230,14758123000
802.1839367853909,397.4801585841899,1476.08070,14760807000
795.7840113742994,390.3088574385609,1476.30410,14763041000
795.518495643428,367.72006785084307,1476.52840,14765284000
913.1431225693475,293.99882443486166,1476.76890,14767689000
1014.7455674907368,220.9778172435986,1477.03870,14770387000
1115.3233446676172,222.08256763731265,1477.27070,14772707000
1262.9787804845419,247.5428391026528,1477.53360,14775336000
1372.1341566293522,278.2669596534392,1477.76410,14777641000
1477.4971731386427,268.90242397572854,1477.99590,14779959000
1475.2133295608824,272.80275343914855,1478.22510,14782251000
1463.007005638098,277.23577790522205,1478.45190,14784519000
1445.2518792606954,287.382637371554,1478.68620,14786862000
1432.4395255531854,262.13386771846416,1478.91060,14789106000
1307.2358115291831,242.11734078698797,1479.16150,14791615000
1137.402179735994,202.83665947924106,1479.40680,14794068000
1012.1407066901259,255.49588342530149,1479.67250,14796725000
852.4247404802367,295.48312536353416,1479.93130,14799313000
815.4703655033559,285.62861967662707,1480.15520,14801552000
749.6865415618945,268.2646144486184,1480.41750,14804175000
692.885116761283,313.5708966860583,1480.64970,14806497000
605.7634911203307,297.8288198644345,1480.87470,14808747000
578.7791676806473,329.89950629785363,1481.10410,14811041000
585.4253954492955,311.1074922231008,1481.33930,14813393000
618.5541254216554,285.7390178471406,1481.57230,14815723000
573.1916078098172,272.2250741946636,1481.83630,14818363000
606.355781501774,271.09896781181254,1482.06740,14820674000
676.3858334299009,239.87947513346174,1482.29380,14822938000
760.1155242620941,221.51685976766888,1482.51900,14825190000
819.3428507429107,206.18765802537635,1482.75100,14827510000
739.1599701512234,214.82606779533444,1482.98760,14829876000
686.8863973934798,239.76016653957026,1483.21860,14832186000
575.890902707281,239.23637507263297,1483.44210,14834421000
478.6495486871842,260.76176740569576,1483.67020,14836702000
379.11841798299815,258.60224182775903,1483.90970,14839097000
287.5060272627129,258.41980507133513,1484.14660,14841466000
284.579607821575,344.2575825235715,1484.37230,14843723000
452.30900722101387,443.3037602650918,1484.60590,14846059000
472.1843805885028,397.9822716160441,1484.84770,14848477000
660.6189903840683,371.65790210228215,1485.07740,14850774000
966.9257500634885,388.0881183161839,1485.30120,14853012000
1148.6903410136201,456.4932933919558,1485.52800,14855280000
976.1042151343017,515.0456859624333,1485.75090,14857509000
855.2197162761487,461.6444372245938,1485.97130,14859713000
685.7682744811535,437.25232526204724,1486.21010,14862101000
531.4775309489437,347.5077235775093,1486.43580,14864358000
509.9959420664843,336.58881727665073,1486.66370,14866637000
647.0478890950986,330.46354643019316,1486.90390,14869039000
745.6952373894812,451.22646089634094,1487.13270,14871327000
723.0232003203505,423.07238137529856,1487.36900,14873690000
782.345525326091,397.80554293429446,1487.59090,14875909000
870.3246179065022,363.632268283385,1487.81270,14878127000
837.8102509689554,381.30332816289257,1488.04020,14880402000
894.7696900484436,370.6219985180117,1488.26700,14882670000
981.6545299482513,388.5993306097998,1488.49860,14884986000
1021.8411715407642,376.92694326328393,1488.72910,14887291000
1023.5982223096685,469.26030397657735,1488.94780,14889478000
1042.0207273012395,472.5032246940953,1489.17240,14891724000
1043.478878421566,490.0343852022675,1489.40280,14894028000
993.0016984383869,463.0819792099782,1489.62600,14896260000
972.0942345698235,449.2502488571301,1489.84790,14898479000
1011.5959056239087,474.1965176945724,1490.07430,14900743000
1027.631092865881,514.9147384250742,1490.29640,14902964000
848.8597220478305,478.11795227202816,1490.51760,14905176000
704.9033035671665,431.6459258488955,1490.75100,14907510000
638.537325506381,470.94681862972715,1490.97810,14909781000
633.222085755858,475.406363270813,1491.20760,14912076000
588.4576511707124,495.8533741902711,1491.44020,14914402000
609.0218463991041,497.1534815511195,1491.66490,14916649000
647.3344287857849,576.6333905537365,1491.89190,14918919000
755.7777131733752,646.4881756265279,1492.11560,14921156000
808.8657159110744,646.1838421701141,1492.33800,14923380000
812.4981811208123,643.962726192549,1492.57440,14925744000
723.7466108749078,627.4471074523548,1492.80430,14928043000
727.4625009004595,629.0068561415386,1493.03190,14930319000
806.4523707119313,605.9371799647558,1493.25920,14932592000
792.4850001070965,600.3229134265182,1493.49440,14934944000
778.1660505752922,585.776194077034,1493.72000,14937200000
523.1289080879397,464.36819818194766,1493.95030,14939503000
373.66757364716347,416.53382978837226,1494.17880,14941788000
511.45320737518693,302.4517780775075,1494.40870,14944087000
545.3912357693522,418.11144260405473,1494.63920,14946392000
802.658235859775,507.37220603388,1494.87810,14948781000
1173.3934247993488,589.6831274302905,1495.10050,14951005000
1249.6469740057191,597.3519740477215,1495.32500,14953250000
1210.5299810466242,613.2392100432915,1495.56030,14955603000
1226.733500991453,593.0439342232326,1495.79400,14957940000
1234.3552560651303,580.0857447753805,1496.03620,14960362000
1103.5083794178104,495.3380750306042,1496.28790,14962879000
1131.059999983882,547.5343860920932,1496.52420,14965242000
970.6716596575059,443.11811633133254,1496.75750,14967575000
867.0929567267152,431.20216685600633,1496.98720,14969872000
752.842153301272,380.615664095261,1497.22430,14972243000
640.0570258229179,378.7623227047628,1497.45070,14974507000
548.9336199329072,348.80277040399136,1497.68100,14976810000
500.5648348669511,285.48302409173476,1497.93320,14979332000
457.877119064628,232.49343099603323,1498.15950,14981595000
377.00293650167174,184.58295070650107,1498.39030,14983903000
349.86251495279186,183.32539446029486,1498.61740,14986174000
274.6762027712935,124.92917305827572,1498.84690,14988469000
313.62605749038755,131.01815242367314,1499.11730,14991173000
268.8851454825073,157.89191538131752,1499.35310,14993531000
270.75577145758484,128.75845309685903,1499.58710,14995871000
284.57180881065466,155.79859074780552,1499.83940,14998394000
327.1763748757063,165.8606798502662,1500.06150,15000615000
427.45285677352365,291.0305774110237,1500.28790,15002879000
472.7087564477101,290.9300528404918,1500.51180,15005118000
442.5133583394693,311.87672825912244,1500.72980,15007298000
363.1306799073602,322.8959055908216,1500.94740,15009474000
370.2971203045822,280.7837189492508,1501.17520,15011752000
280.9807386057152,309.9737826436481,1501.40710,15014071000
225.03196317707082,322.15679089581033,1501.66110,15016611000
375.49362531639804,363.40836930631605,1501.88990,15018899000
626.6478222729708,368.03720299706384,1502.11760,15021176000
787.6784322268666,283.648326101739,1502.35460,15023546000
871.528534826024,248.04646015905524,1502.59610,15025961000
943.7127345141636,280.92879288996465,1502.81930,15028193000
1096.613949449331,279.6670532356981,1503.04050,15030405000
1226.082546368133,251.0453690186237,1503.31670,15033167000
1299.0396859728671,253.07345686184186,1503.60190,15036019000
1302.3879682834072,234.50164430694474,1503.83710,15038371000
1290.7321622238294,237.8075660376913,1504.07790,15040779000
1277.0906794790474,311.7700148593674,1504.29590,15042959000
1292.2096490673146,322.3531208189531,1504.51660,15045166000
1289.549317462923,367.2300221293091,1504.74500,15047450000
1353.457939891903,347.49709230415436,1504.96730,15049673000
1379.9753883545293,315.3913294350773,1505.18620,15051862000
1400.4029689405795,301.5893817937832,1505.41120,15054112000
1438.390124110435,313.449654113815,1505.63460,15056346000
1386.9100711980504,377.2290452871024,1505.85920,15058592000
1412.4409012563817,365.8504435588989,1506.08030,15060803000
1216.4897166177518,316.4851664861945,1506.30310,15063031000
979.3021361666994,245.15135551526004,1506.53260,15065326000
915.436772974016,275.71491344892223,1506.75790,15067579000
893.610436237836,335.1991897389046,1506.98580,15069858000
787.9762245626985,422.2163724382077,1507.21060,15072106000
770.5798289634671,533.3734384068797,1507.44010,15074401000
921.8930988406968,602.1482969837579,1507.68260,15076826000
1077.827197230154,664.4465437441206,1507.90430,15079043000
1128.3225344536165,718.5101165934456,1508.13470,15081347000
1146.7104659400113,690.0287047515799,1508.35790,15083579000
1254.3520346400803,692.9648377693908,1508.57420,15085742000
1259.3122793589653,723.552874965305,1508.79300,15087930000
1300.0096468338488,692.292624490506,1509.01380,15090138000
1225.1969837296506,737.4374236927057,1509.23610,15092361000
1168.4089284171953,777.3463292380766,1509.45970,15094597000
1182.0769200276732,794.042006944988,1509.67890,15096789000
1223.832754195522,798.5706000758505,1509.90450,15099045000
1247.1296780502119,814.6299048381944,1510.13310,15101331000
1295.706553799386,830.8790366142639,1510.35950,15103595000
1287.807123389695,844.2366210505386,1510.59060,15105906000
1278.1219604122682,856.2543866463982,1510.81390,15108139000
1214.4750159232372,879.805531913882,1511.03790,15110379000
1146.9621073169199,891.0296710486076,1511.26450,15112645000
1210.365092105244,802.9525256925298,1511.49150,15114915000
958.2551270028982,721.145868751802,1511.72750,15117275000
787.1245197033668,621.3320399967222,1511.96610,15119661000
780.4433122883029,491.1333486338837,1512.18700,15121870000
774.7364773217806,468.7796554176474,1512.40900,15124090000
892.780958057429,498.5383148688639,1512.63880,15126388000
877.3556244862611,506.5953928036656,1512.86710,15128671000
752.5383721088947,498.20222968706156,1513.09690,15130969000
705.3120572320104,513.1729453844112,1513.31430,15133143000
829.4849035108014,539.6582304528728,1513.53820,15135382000
830.2545044125598,548.3807577443213,1513.76400,15137640000
869.1824540875925,575.0681594865389,1513.99490,15139949000
852.3870617527596,636.1029296261995,1514.21550,15142155000
737.1382924413035,610.3622685348022,1514.43820,15144382000
636.0575817984811,509.8067120851491,1514.66230,15146623000
548.8880659280982,422.9174165092512,1514.89770,15148977000
601.5643673072177,309.620311098338,1515.12870,15151287000
571.7104821612307,288.98557157165214,1515.34920,15153492000
681.5760500598315,365.12527162551805,1515.58250,15155825000
814.1996479772783,444.4682259541033,1515.83780,15158378000
926.6728250955975,472.5728376074866,1516.10970,15161097000
917.0564983241459,519.5965866030693,1516.34150,15163415000
879.4621093364841,563.8513712323879,1516.62880,15166288000
884.1705335190017,576.9769762553468,1516.85520,15168552000
905.7154463572487,553.0879229696216,1517.07280,15170728000
883.6263528678019,595.1079123889974,1517.29920,15172992000
855.9624357743307,639.8762796379085,1517.54820,15175482000
834.9002384904314,645.0526692308973,1517.83320,15178332000
867.6961267946758,673.6180216467964,1518.05630,15180563000
866.5943963194492,624.1345934386137,1518.29230,15182923000
897.0935887005596,586.8715227784351,1518.51740,15185174000
937.5371615487727,508.2689962150422,1518.74060,15187406000
971.583637467436,490.03144094315866,1518.96330,15189633000
950.6943527778417,482.0546601037924,1519.19320,15191932000
947.1279157079664,440.25906927842846,1519.41440,15194144000
876.9890763184804,503.909090131672,1519.65540,15196554000
850.9968027087597,544.3794408987349,1519.88260,15198826000
781.676411677014,542.3329515315341,1520.10830,15201083000
732.1733461169201,543.6960982392236,1520.33890,15203389000
775.162792256767,548.0376954147414,1520.57320,15205732000
768.5671600288507,561.7262522783495,1520.81080,15208108000
729.1984546807676,569.1853684781927,1521.04430,15210443000
736.9992029517873,583.7181954301074,1521.28560,15212856000
722.3025540565582,606.5608081395637,1521.50720,15215072000
707.9826322880103,617.9767335763592,1521.74780,15217478000
680.6847350348316,629.8635149294441,1521.97390,15219739000
673.5359994685564,614.3593997458572,1522.20120,15222012000
723.0246150152412,625.7737423328341,1522.42580,15224258000
741.227028057499,612.5970002087187,1522.64600,15226460000
813.686199440192,671.8550658411509,1522.86880,15228688000
870.3849732643225,655.6150999199238,1523.09270,15230927000
907.9987240907582,662.4551794940884,1523.31960,15233196000
995.8686538164922,681.0174981968235,1523.54020,15235402000
1040.009765026854,675.7965673426082,1523.78170,15237817000
1056.306257354235,645.7229047534233,1524.00950,15240095000
1018.6063176247278,536.6642460689842,1524.23900,15242390000
951.2488402237872,460.0238956670039,1524.48380,15244838000
1003.5181501804802,581.1020033302868,1524.71050,15247105000
1019.7180748808679,613.7543105967433,1524.94200,15249420000
933.5575100346813,662.2087382822652,1525.16810,15251681000
947.4740392165387,676.3896786895069,1525.39690,15253969000
901.8538666380798,696.781032274886,1525.62580,15256258000
873.4169605913613,715.8328296781253,1525.84950,15258495000
947.795018841937,700.3372894822102,1526.07660,15260766000
875.4467339637484,639.6494578622217,1526.30930,15263093000
956.2152386678772,665.8706756719125,1526.53160,15265316000
1089.3834335195982,644.6569416839017,1526.76460,15267646000
1121.1169220003849,627.1387509921199,1526.99340,15269934000
1044.8299893991089,604.0016588780284,1527.26280,15272628000
973.699282401535,619.5498796869927,1527.48920,15274892000
982.4860497020533,539.8057503488326,1527.72180,15277218000
972.9085086435637,534.6705815758655,1527.95170,15279517000
1036.2621471708323,539.814369736748,1528.17810,15281781000
1040.0651120074535,482.60410311921623,1528.40720,15284072000
1066.211668099296,393.27514520641955,1528.63740,15286374000
1095.458945740483,302.0351706556532,1528.86780,15288678000
1313.1127463896944,321.88015520064175,1529.09680,15290968000
1318.1672658144741,383.0403000485519,1529.32990,15293299000
1330.0954664624362,458.7127628876791,1529.56330,15295633000
1257.1854340959749,483.42409067472573,1529.78340,15297834000
1155.5247698124263,460.39172526641977,1530.00930,15300093000
1099.548266479785,444.4839496908586,1530.22990,15302299000
1025.5437726028733,478.2459110796386,1530.46180,15304618000
902.0884255360472,450.82993833489377,1530.69140,15306914000
956.5072606349597,483.05436591730285,1530.91130,15309113000
1030.1664701061964,505.75390979784424,1531.13540,15311354000
1044.609390909463,499.09240548925663,1531.36480,15313648000
1065.2161275064286,536.7536113227033,1531.62530,15316253000
1095.1554483102536,592.9350942902859,1531.84620,15318462000
1113.2535484419088,550.6991973264643,1532.06880,15320688000
1156.1156423462617,527.123215489831,1532.29410,15322941000
1147.5658300375549,537.1484370095037,1532.51950,15325195000
1115.1154680093919,546.9465668505836,1532.74760,15327476000
1190.1602333412075,572.6535488785091,1532.97460,15329746000
1156.0186637052395,553.1550995943744,1533.20470,15332047000
1157.9156975579513,541.1982582581617,1533.42810,15334281000
1159.066062805995,539.779543771055,1533.66260,15336626000
1205.7230789865391,515.3918877303905,1533.89480,15338948000
1127.5633338283928,511.3081267895418,1534.12340,15341234000
1100.1560291423023,506.8534500204431,1534.35310,15343531000
1164.2567057205918,515.4513721774309,1534.58390,15345839000
1158.958938453955,491.7214573205216,1534.81350,15348135000
1115.9892973699182,512.2840340628227,1535.04740,15350474000
1102.669430300489,520.0998457979126,1535.27860,15352786000
1082.356576151288,505.1336311943073,1535.52310,15355231000
1120.9056863902722,485.5700569179804,1535.74280,15357428000
1174.9361990515206,489.83855489800436,1535.97110,15359711000
1169.894888121156,452.1108711690862,1536.20320,15362032000
1144.5974533991202,479.5588794123342,1536.44150,15364415000
1166.419298951596,470.8659260757849,1536.71940,15367194000
1186.9453456367003,468.2686800647396,1536.94700,15369470000
1128.8089861004146,478.0150504119822,1537.22480,15372248000
1128.1094349654447,509.2244800597908,1537.46350,15374635000
1113.9945682660634,502.7033122364834,1537.68630,15376863000
1118.2712005110825,526.8894764765897,1537.91740,15379174000
1055.1449088097827,530.4962639452656,1538.14960,15381496000
999.4811365203949,571.7163734826935,1538.37200,15383720000
991.220329614772,590.2366090150309,1538.59620,15385962000
1005.9313437614068,598.0069083707973,1538.81800,15388180000
999.1619673520505,590.4826789399242,1539.10480,15391048000
1030.1251000148284,584.6797652745283,1539.33730,15393373000
1089.142568616983,592.4327650967703,1539.57050,15395705000
1087.5362817982564,586.5599236650042,1539.79630,15397963000
1106.070046321134,572.7409178849814,1540.02330,15400233000
1098.1212003462185,575.6681849763011,1540.28850,15402885000
1076.5690486337503,563.0429515651247,1540.52150,15405215000
977.9945821793854,578.7915084439437,1540.75560,15407556000
886.8734909163742,592.4717374175723,1540.97760,15409776000
844.3243241044321,620.0877296410029,1541.20330,15412033000
807.712605546084,672.9646529537034,1541.42780,15414278000
786.8892153823595,678.8646815092238,1541.71170,15417117000
763.3902867264842,687.5092106359995,1541.94960,15419496000
716.2604110556147,711.7163089320404,1542.17810,15421781000
700.5149968974123,682.7492424549205,1542.40340,15424034000
721.7198412044344,683.2344034243745,1542.63470,15426347000
779.0528266516768,617.620742407666,1542.87870,15428787000
857.8801126054256,621.5685708982405,1543.11120,15431112000
835.6143838638478,620.4390093563696,1543.34790,15433479000
815.6955216786646,612.4971433648863,1543.57780,15435778000
858.1548299792485,585.3829149059259,1543.80900,15438090000
827.0429086784192,591.5241364978475,1544.04680,15440468000
804.3360308272258,595.7112431438977,1544.27180,15442718000
811.3534759159687,584.1407948754587,1544.49780,15444978000
841.3835388880593,567.9162394513309,1544.72190,15447219000
858.8493850512037,555.4583143602864,1544.95110,15449511000
924.7525416461252,502.6855226810482,1545.18310,15451831000
880.8174062281411,477.7702052208342,1545.41000,15454100000
905.5278030863678,489.6031699820309,1545.63400,15456340000
832.7947610438125,545.4163006904448,1545.86890,15458689000
810.6372332817037,513.0399095706034,1546.09680,15460968000
756.9389269918962,522.591031879874,1546.33180,15463318000
729.8631180533715,518.3161219454576,1546.55940,15465594000
667.583432329156,550.7027047144131,1546.78860,15467886000
600.7249544020044,587.304209628915,1547.06280,15470628000
591.2167102143924,571.1270057928782,1547.30420,15473042000
641.9335400380999,541.42247465495,1547.53260,15475326000
632.0096556920163,560.8067187894216,1547.76330,15477633000
650.6250634085418,603.6362612360624,1547.99360,15479936000
630.6025626669533,621.5472010699277,1548.21850,15482185000
677.4219501346631,658.14479977866,1548.44810,15484481000
720.7865004422874,674.3383582308169,1548.68190,15486819000
789.8135463524981,621.4274025390251,1548.91660,15489166000
837.7480651297674,593.2175045609384,1549.15130,15491513000
934.9756360596605,538.978454088191,1549.38390,15493839000
973.2988683965341,564.4423861440458,1549.61620,15496162000
1126.169330131952,510.4224078610471,1549.84440,15498444000
1063.7933688756898,542.6686139866517,1550.08150,15500815000
1051.9570638959992,525.037576444206,1550.30730,15503073000
1047.3077042421141,546.4492857857724,1550.53770,15505377000
1099.0020092997654,520.6546141634112,1550.75970,15507597000
985.5535994643535,535.6506882358694,1550.98750,15509875000
1089.5216524708787,573.4146596283208,1551.21810,15512181000
1159.5181195160526,608.1917285906346,1551.44810,15514481000
1166.249207542773,628.2260533820179,1551.67760,15516776000
1248.1734687597427,631.0073875500777,1551.91340,15519134000
1336.26953828768,607.1420754483606,1552.15940,15521594000
1352.7401783542634,632.1966391819886,1552.39450,15523945000
1345.6075861065503,653.3256889785101,1552.62490,15526249000
1403.1110632339694,648.7738337356769,1552.85230,15528523000
1380.7452995172728,565.0969233054514,1553.08690,15530869000
1290.2973300239746,458.3609012326174,1553.32110,15533211000
1146.0861544918002,353.71295720154654,1553.55110,15535511000
968.356135713218,265.35925853621535,1553.77920,15537792000
1083.5027992723205,322.0758035802496,1554.01450,15540145000
1119.8176390452952,360.64747994386846,1554.24890,15542489000
1028.9263536079986,381.06782400050525,1554.47760,15544776000
989.1941633368122,471.83301603417146,1554.70880,15547088000
924.4737875831366,459.2223781501522,1554.94330,15549433000
893.2760540518616,495.452822936535,1555.17220,15551722000
865.1013161424852,517.2078476206096,1555.40590,15554059000
859.6749376726015,535.2267254910122,1555.62620,15556262000
877.2210352707527,541.4375449500093,1555.86890,15558689000
960.9960514215269,624.0874580221929,1556.09770,15560977000
967.6381168040014,663.9533233449274,1556.33360,15563336000
952.2439156105562,680.6088747618065,1556.55890,15565589000
939.1409601218032,651.5604637281995,1556.78850,15567885000
980.554541217439,669.1009793893315,1557.02660,15570266000
969.2675750836142,652.0034731776268,1557.25990,15572599000
977.5564299818382,635.5123464859603,1557.48650,15574865000
1076.2489097153311,608.5668934835685,1557.72690,15577269000
1025.512471585292,553.2965169207832,1557.96330,15579633000
980.8850986938758,488.1192954636739,1558.18970,15581897000
956.7094768539412,456.0442038754865,1558.42090,15584209000
1074.0439895395111,458.58349463559824,1558.64690,15586469000
1229.0811474975253,438.47249492943905,1558.87800,15588780000
1223.5550348157951,461.8266324116129,1559.10280,15591028000
1280.4063102857972,519.3310608634608,1559.34130,15593413000
1213.5137371158323,555.7321138375543,1559.56580,15595658000
1139.6233654975833,518.0869261072988,1559.79490,15597949000
1107.276053929969,562.1416291319266,1560.04860,15600486000
1062.067410754614,603.3580312399101,1560.27140,15602714000
1093.4327406344755,603.7117067910958,1560.50900,15605090000
1168.9066486388165,630.49861546236,1560.73460,15607346000
1167.0936274691496,694.5966348568493,1560.96380,15609638000
1185.6829898846809,712.1261506615559,1561.18970,15611897000
1151.4040125861172,675.5807223685066,1561.41730,15614173000
1184.5436500939618,647.811385064981,1561.64920,15616492000
1185.4388560685552,586.3161318225978,1561.88860,15618886000
1118.6287250849923,556.7458867250967,1562.12880,15621288000
1099.5889930946391,563.2961487869734,1562.35870,15623587000
1014.5662782459677,564.8517238930561,1562.58130,15625813000
979.6962016400569,521.3375689166743,1562.81200,15628120000
1016.0027124406843,493.29369569830186,1563.03710,15630371000
966.783495113807,506.532134051212,1563.26340,15632634000
969.256110106085,531.8596297593624,1563.50490,15635049000
981.7454011225142,519.6382534564896,1563.75590,15637559000
998.2153886508179,492.96781389406016,1564.02880,15640288000
1029.9067353532846,454.93570061261,1564.25580,15642558000
969.1241642020454,448.17287264217504,1564.48460,15644846000
983.7638521694006,520.5724540236893,1564.72250,15647225000
922.462234175441,524.8460830685019,1564.94910,15649491000
894.0753252555593,519.7666500826091,1565.18470,15651847000
905.8555047071186,539.1295963422147,1565.41950,15654195000
893.6500527871415,556.0832595895237,1565.64980,15656498000
866.0703817733564,580.3494294351005,1565.87800,15658780000
886.1399801771507,553.8035383465495,1566.16540,15661654000
894.6280129597277,580.057163249627,1566.39420,15663942000
854.9949674811351,569.5989687210323,1566.62460,15666246000
892.1919353134177,572.0308753103928,1566.85430,15668543000
899.9895148936498,582.0417774655751,1567.08260,15670826000
896.1016966795664,599.5664568521577,1567.30220,15673022000
880.2442634668686,594.057233299525,1567.52930,15675293000
901.0854678471057,588.9018467937623,1567.75580,15677558000
930.8381485836187,620.6316240526689,1567.98860,15679886000
960.406263437004,672.8913319903703,1568.21190,15682119000
944.8068723027307,637.9534521394838,1568.43640,15684364000
899.7983923767937,650.8843332332335,1568.67480,15686748000
881.745180428356,643.0500848244048,1568.91050,15689105000
869.9031917885718,622.4340955555697,1569.13450,15691345000
903.6358681876296,549.3408684117768,1569.36530,15693653000
952.4005578086511,557.7077223891828,1569.59530,15695953000
948.6167081945379,577.6953196464215,1569.82220,15698222000
1062.9101100164326,567.7328324372935,1570.04950,15700495000
1035.9259896413485,599.6398629493522,1570.27310,15702731000
1062.3597098152527,596.3294897892697,1570.50280,15705028000
843.4668675125772,522.1676420631555,1570.72770,15707277000
737.4891027521733,499.0907987741558,1570.95400,15709540000
512.4139616972332,408.1647853245917,1571.18250,15711825000
346.17124546314045,406.07789535582367,1571.41840,15714184000
358.0451375659469,413.5741687937577,1571.65450,15716545000
226.30439728921186,390.1036525480832,1571.88660,15718866000
140.30598303933317,351.60418792551275,1572.10590,15721059000
120.77428112697814,363.2580627698812,1572.33270,15723327000
260.0171697292118,437.5270115393086,1572.56810,15725681000
472.0300206541027,497.2088749740809,1572.78770,15727877000
584.3208121608989,490.87986318218174,1573.01530,15730153000
748.9721369382906,515.0662877691885,1573.24750,15732475000
918.5683931933838,570.9165780059379,1573.47210,15734721000
1043.563751271854,471.45980339523123,1573.70750,15737075000
1141.5443339955805,387.56927156135924,1573.93760,15739376000
1231.6865741719914,349.4744341848416,1574.17110,15741711000
1266.531137637619,336.77455084415226,1574.39020,15743902000
1269.8004167319957,349.98701925078575,1574.64810,15746481000
1358.1676086597993,305.8323157656406,1574.87810,15748781000
1287.5940385185163,345.61402455161635,1575.10440,15751044000
1307.8238946849044,410.95514839919315,1575.33150,15753315000
1214.8965790630148,442.0924329864361,1575.61250,15756125000
1281.1003281918804,377.7295431497869,1575.84530,15758453000
1171.5461170132246,444.2210874636397,1576.07750,15760775000
1234.2526523573865,389.95454725304336,1576.30200,15763020000
1328.1916822463525,415.3123796579984,1576.58210,15765821000
1480.70531459174,447.09764816874787,1576.81050,15768105000
1437.4834763877398,426.0328861991105,1577.03780,15770378000
1427.2757293744028,436.21817585048217,1577.27280,15772728000
1209.77916064325,435.7419240895956,1577.49750,15774975000
980.6351254113594,396.22906727895975,1577.73380,15777338000
697.8158021140102,374.6334779519355,1578.01020,15780102000
832.1317461243469,425.5173138555417,1578.23880,15782388000
976.7281203622556,446.189933503823,1578.45720,15784572000
1049.2240620900805,422.9377826719286,1578.67830,15786783000
1094.340185506692,442.9090145140834,1578.90470,15789047000
1198.654645695241,437.02684679823307,1579.12620,15791262000
1274.7149066262189,466.6843810834677,1579.35110,15793511000
1383.6652871144545,492.95265584985196,1579.59860,15795986000
1453.3778074733527,521.8955075168367,1579.85660,15798566000
1364.5503792897362,417.724709511597,1580.09020,15800902000
1277.5836275132838,346.8957666744283,1580.32080,15803208000
1205.7007454444738,299.57775456163597,1580.54700,15805470000
1254.2537241874252,305.80945071382627,1580.78090,15807809000
1168.089432798387,327.74551498810246,1581.01990,15810199000
1309.6246375476965,447.38550154140717,1581.24580,15812458000
1338.1813526906117,462.56430145272213,1581.48080,15814808000
1313.1443875614423,438.8270102027252,1581.75890,15817589000
1276.304476260118,500.7334725417995,1582.04290,15820429000
1286.6431994286581,503.8464127719766,1582.25890,15822589000
1320.327450906382,472.76934978915403,1582.48630,15824863000
1366.126796988795,454.4220132114322,1582.71080,15827108000
1424.32791235248,495.78432635134936,1582.94190,15829419000
1319.9522530235993,457.70718594609616,1583.22290,15832229000
1144.146080750497,403.25527989104216,1583.45190,15834519000
1081.68552784635,373.35073973075185,1583.67770,15836777000
973.0585265168659,384.8804637173975,1583.90280,15839028000
1018.9692073718414,340.9316309524225,1584.13660,15841366000
1221.6413404136365,322.7267068201801,1584.35890,15843589000
1282.0435369512943,374.6578922922831,1584.58730,15845873000
1395.029572514779,368.2594588742778,1584.81630,15848163000
1395.8026083004595,443.59797045376143,1585.04320,15850432000
1394.5191154468657,430.117699399844,1585.26620,15852662000
1381.2355925152713,420.92362934511965,1585.50710,15855071000
1399.5452168298316,356.06030631377087,1585.79810,15857981000
1399.4866832780797,385.1783675459427,1586.04960,15860496000
1356.287904374916,330.70195568590606,1586.27710,15862771000
1213.3520756118592,399.5274666715447,1586.50570,15865057000
978.7429383847307,404.71772831487715,1586.75790,15867579000
738.5908106289049,385.10034040195075,1587.02560,15870256000
557.6013140790642,453.7406541288127,1587.27580,15872758000
488.22192656813576,424.5160158531086,1587.49710,15874971000
386.9373816157882,422.15514348817163,1587.72650,15877265000
341.8588874105843,471.03064490217105,1587.96260,15879626000
211.52039925271413,447.61880860690815,1588.19570,15881957000
410.441137093654,377.419477729245,1588.42370,15884237000
542.7097108656717,413.0058096424278,1588.65320,15886532000
605.0192891080109,475.4015585567121,1588.87680,15888768000
719.9678508691997,513.8091786078074,1589.13900,15891390000
769.9042255446161,550.9182536265619,1589.37510,15893751000
767.4656989057128,608.4152143655614,1589.60030,15896003000
867.1900557723202,681.7998059443613,1589.84430,15898443000
909.346204865022,753.3516220675333,1590.07920,15900792000
1018.8849677313298,756.5429470489383,1590.36330,15903633000
998.569008599422,777.6208151505868,1590.59170,15905917000
1104.9371318605538,805.0547677772879,1590.83440,15908344000
1114.843800425841,795.4142031734231,1591.06780,15910678000
1146.7047537592641,816.0734759791901,1591.30300,15913030000
1110.3749769098038,793.8009025730878,1591.54480,15915448000
1126.371377470626,786.909533513296,1591.77350,15917735000
1107.7432838709396,783.3972320823315,1592.01640,15920164000
1124.7603706255666,787.0788397005377,1592.24900,15922490000
1105.0218791605434,804.4825775624978,1592.48060,15924806000
1203.5009329134832,760.6439154277356,1592.70850,15927085000
1227.4910738148888,740.248708080127,1592.93620,15929362000
1126.7636399256512,702.4921436882018,1593.15220,15931522000
1140.4121204179326,658.7380502150037,1593.38780,15933878000
1123.0775732611107,689.5481497564948,1593.62870,15936287000
1137.6407090346179,671.8292864175405,1593.84970,15938497000
1127.9118618725556,645.1060103012735,1594.08330,15940833000
1081.6413248859321,496.5569210861109,1594.31700,15943170000
1017.3839179836236,419.3435914638346,1594.54470,15945447000
1057.7540221450479,314.813039836372,1594.77380,15947738000
1167.3990657809027,322.3646025205299,1595.01750,15950175000
1269.3256120315323,382.34499284414244,1595.24560,15952456000
1382.6339566509796,366.8619632203809,1595.47470,15954747000
1457.2461262409429,390.7533530884832,1595.70390,15957039000
1217.6936358809792,286.99712810250827,1595.92770,15959277000
1145.9872117665138,321.7867009405296,1596.16420,15961642000
1173.6095807025017,340.2580397913679,1596.41420,15964142000
1155.2562715205438,418.10046320668437,1596.64000,15966400000
1096.926156807195,469.0800029296521,1596.86730,15968673000
1045.1604236241703,494.88519367838995,1597.09840,15970984000
1078.3746147887264,571.7100643131747,1597.32950,15973295000
1095.2161385970576,633.2334788378569,1597.56110,15975611000
1014.7979083610944,661.7812227450044,1597.78180,15977818000
976.8459051953943,650.6100235475913,1598.05370,15980537000
1009.7292992645656,709.8107360410322,1598.28140,15982814000
1061.5424250081612,695.2126924472979,1598.51420,15985142000
1138.4728801876724,708.5797327553697,1598.73680,15987368000
1229.6340729319122,726.0078697855428,1598.97080,15989708000
1250.6593790892928,727.120526849848,1599.19490,15991949000
1384.4560307081001,789.2537014315521,1599.42290,15994229000
1466.7682231178792,805.4179966615744,1599.66330,15996633000
1539.0040080778572,767.3378630341607,1599.90200,15999020000
1491.7417026116952,739.2781519221905,1600.14040,16001404000
1479.8418977350932,733.321685732167,1600.37110,16003711000
1424.5181166279303,697.3860954257001,1600.61010,16006101000
1340.6562372400526,690.0997808181364,1600.84730,16008473000
1316.1185711525238,663.1046511586211,1601.09370,16010937000
1331.6436448171555,689.8626856697554,1601.32980,16013298000
1290.558886100267,655.1658631920021,1601.57370,16015737000
1296.293988044513,665.82253189711,1601.79730,16017973000
1343.5577138482445,614.5776010219727,1602.02180,16020218000
1390.8380511149037,600.7244390301596,1602.24850,16022485000
1440.1266009366493,660.5556544996759,1602.47600,16024760000
1414.9938734674133,646.1932000281806,1602.70890,16027089000
1336.3954558804257,475.4301941109929,1602.94100,16029410000
1354.8933335823367,489.6868568786849,1603.17290,16031729000
1365.2929678222663,534.5160312894941,1603.42930,16034293000
1349.0620225708606,588.9143265600355,1603.66140,16036614000
1356.0727739043853,637.2355088713695,1603.89540,16038954000
1346.2316262072243,649.9605305945797,1604.12300,16041230000
1360.918817304243,645.4529921305655,1604.35120,16043512000
1351.8650333714236,645.0266013474869,1604.58350,16045835000
1336.2246886331948,661.3505679876561,1604.82890,16048289000
1261.2368907203377,678.6616539989882,1605.07330,16050733000
1221.899277983738,680.906320972249,1605.29890,16052989000
1083.2233632439147,667.2763984877818,1605.53240,16055324000
841.4283871907588,587.640405100419,1605.75450,16057545000
795.6405283925197,490.19469910242674,1605.98110,16059811000
727.0636491872724,471.413158020232,1606.20810,16062081000
861.7431815769539,360.5649595942107,1606.44390,16064439000
904.1544685143803,303.8296743520934,1606.66950,16066695000
919.7193332615336,319.2062680213881,1606.89840,16068984000
772.9698477071329,246.0171263686201,1607.18080,16071808000
716.8642550734434,143.74062534062904,1607.40600,16074060000
647.35761233682,109.33011250093308,1607.64980,16076498000
623.059598948843,92.62816237674978,1607.88330,16078833000
667.2734767464028,62.50520220718158,1608.12620,16081262000
732.749842840793,124.40247863598916,1608.41100,16084110000
532.7149412356828,174.57423819078502,1608.67430,16086743000
780.1216420008124,204.43345117185243,1608.91380,16089138000
901.1912136823884,236.71278507586476,1609.16880,16091688000
1015.700194019136,372.6668374261871,1609.44070,16094407000
1040.9521423438187,533.8108944107795,1609.68210,16096821000
1063.8405822709233,570.897217396574,1609.90950,16099095000
1116.800255709003,599.33626858384,1610.13870,16101387000
1183.188539758528,622.3340203481011,1610.37080,16103708000
1167.71189564475,680.439055968487,1610.59610,16105961000
1203.0229068658196,688.5715372370424,1610.89820,16108982000
1224.8557072767092,717.7216199851916,1611.12620,16111262000
1184.3842654753253,710.836618484685,1611.35690,16113569000
1151.837552641795,715.0341240768706,1611.59010,16115901000
1083.7774632183703,773.8412504410422,1611.87930,16118793000
1086.9127338437895,795.7202473065586,1612.17440,16121744000
1050.6299705888384,771.4913931183409,1612.43210,16124321000
1031.5534971776883,816.0292787769715,1612.66830,16126683000
1024.5788140157522,800.829390066197,1612.89850,16128985000
1022.6266336361849,748.0500284353619,1613.13240,16131324000
1049.799417713319,751.6689943545628,1613.41100,16134110000
1045.1052905544539,781.3992119676404,1613.63940,16136394000
1049.91584138195,803.5530464279695,1613.89690,16138969000
1087.2012444156042,798.4640463359801,1614.11760,16141176000
1139.1534235221613,776.5591441592328,1614.33810,16143381000
1071.8014680888245,873.8691727427796,1614.56510,16145651000
1112.139920863168,841.1621430343334,1614.80210,16148021000
1127.8508004622258,874.0765094542029,1615.03960,16150396000
1137.646747340203,889.3145808084189,1615.26530,16152653000
1104.301308866597,876.8537702639103,1615.54510,16155451000
1144.6930915678638,862.0306872398183,1615.77490,16157749000
1117.339747658114,837.8029617606373,1616.00410,16160041000
1071.0012246689464,806.7921103681766,1616.24300,16162430000
1058.0570131806185,775.7706162161236,1616.46190,16164619000
1046.0560943545938,783.5090446524756,1616.70170,16167017000
1073.9866612730586,718.6696748775895,1616.94940,16169494000
1071.31172935589,660.4513851579298,1617.19240,16171924000
914.3032151907393,603.3775228105437,1617.41110,16174111000
789.9549331574718,552.7344960861024,1617.64280,16176428000
788.6458591306398,500.3207741295129,1617.87720,16178772000
866.3834112498428,537.6334380145581,1618.11170,16181117000
870.8919211922398,577.00783295477,1618.33350,16183335000
872.7560832125488,610.9186043541121,1618.56330,16185633000
937.1694987978632,655.361707017269,1618.80660,16188066000
952.9327771012927,706.9124163342162,1619.04050,16190405000
1010.850046466204,769.9304588760277,1619.26140,16192614000
1018.484418287424,735.3271137012013,1619.49040,16194904000
917.5234672192126,656.0850185504429,1619.71990,16197199000
796.798000243972,598.6635042394878,1619.95130,16199513000
653.5629001858396,531.1934032506916,1620.19340,16201934000
484.74910593414427,508.16909320223544,1620.43710,16204371000
337.564340066228,496.9064281773928,1620.66650,16206665000
232.374429981909,468.46546408874946,1620.89440,16208944000
438.1047638803292,577.8456539086818,1621.12500,16211250000
659.7617131415063,612.1674116390166,1621.34840,16213484000
765.0334514161498,623.4038222717184,1621.57520,16215752000
841.079519272136,669.6411838662718,1621.80570,16218057000
900.2373109060123,709.1342292826272,1622.02910,16220291000
951.1337012259459,712.8884234119039,1622.25940,16222594000
1055.7125839853652,751.2203672977386,1622.48620,16224862000
1017.6884815632823,782.5075144663354,1622.72060,16227206000
1090.9854818045262,836.7066593656731,1622.95370,16229537000
1116.3782245252964,908.0577836052591,1623.18620,16231862000
1036.2417195656687,821.9745468535468,1623.41260,16234126000
1034.3949205872862,765.1159164685524,1623.63720,16236372000
996.3912982183532,701.859399814382,1623.87170,16238717000
946.5908789686094,714.4535538340942,1624.10760,16241076000
980.0663927003791,747.1131805453165,1624.33870,16243387000
971.718842967599,818.4875233954775,1624.58710,16245871000
992.1451445603147,807.2566926403521,1624.81240,16248124000
1006.1001685627601,763.1000393340802,1625.04570,16250457000
1077.5867395759751,791.0695502786405,1625.27720,16252772000
1099.9440384958798,717.9289159482115,1625.52600,16255260000
1119.4813621661588,753.6237691625794,1625.75740,16257574000
1154.839996140296,713.0341879861271,1625.99940,16259994000
1126.6611565184967,672.8300793727166,1626.21930,16262193000
1122.1644342092818,622.1160789863452,1626.44810,16264481000
1121.0836998882287,621.6637955590079,1626.69620,16266962000
1088.1305192353389,625.8628722593972,1626.92260,16269226000
964.1530910294655,604.6741980523609,1627.15240,16271524000
919.4905938980584,565.7668597610113,1627.38160,16273816000
912.1965262581585,541.0031348819324,1627.60590,16276059000
891.0754709645021,544.6585109419832,1627.82940,16278294000
866.866317358688,543.0230865895456,1628.06710,16280671000
869.3818888313676,534.4221452196676,1628.29650,16282965000
888.9405958104375,560.2397001009213,1628.52470,16285247000
850.3688507954546,548.7613906310883,1628.78440,16287844000
802.3372059318082,562.7737777626221,1629.00990,16290099000
822.8907210542657,528.3949517189815,1629.24680,16292468000
801.5359393202367,529.9897629555818,1629.48260,16294826000
894.0962945400449,527.3441373330695,1629.72210,16297221000
978.401745515998,536.623319591889,1629.95170,16299517000
956.7655037772007,577.6867670095972,1630.18760,16301876000
1005.9337915050422,609.1227647082796,1630.45930,16304593000
1022.7150519334723,617.7391591954041,1630.68860,16306886000
972.8006827623985,656.7233666981306,1630.91440,16309144000
966.3938482163588,671.5070267208184,1631.14080,16311408000
919.0271982831958,662.04199278077,1631.37510,16313751000
907.1789305715612,629.3016281053483,1631.59490,16315949000
924.2883764497309,584.4762908510454,1631.82620,16318262000
828.9963626376037,528.5175248119185,1632.07720,16320772000
763.1397962313363,543.7282115767805,1632.32950,16323295000
787.4833759187428,561.6845619594051,1632.56090,16325609000
762.6688937842583,561.6199495397477,1632.78730,16327873000
727.1839026171896,582.1762133559283,1633.01080,16330108000
823.0556607171976,579.8874994076406,1633.24030,16332403000
931.9584842215671,611.4258146738104,1633.47140,16334714000
953.131629365948,585.1293645183389,1633.69950,16336995000
981.8517938430255,588.4348163526998,1633.93410,16339341000
985.4610377949875,618.473794660474,1634.16270,16341627000
958.5965803830776,551.8334807799354,1634.39480,16343948000
1048.437354669752,535.4647094916971,1634.62150,16346215000
1145.8081250528653,532.4196281303798,1634.84690,16348469000
1168.643322907156,498.21604576935096,1635.07130,16350713000
1173.675565902764,518.5852432806579,1635.31570,16353157000
1202.737192540751,554.4013934237742,1635.54450,16355445000
1187.4977746945683,564.6058417917038,1635.77430,16357743000
1210.9918915160322,576.4055863909269,1635.99640,16359964000
1218.9308517349882,593.0552031367921,1636.25970,16362597000
1225.644191075161,642.96930125072,1636.49090,16364909000
1235.469211570212,641.3679745101132,1636.72690,16367269000
1279.8222055484548,620.0825313809263,1636.95740,16369574000
1247.1325900369525,632.8076820422272,1637.18860,16371886000
1213.9077512603508,550.6528060368074,1637.41720,16374172000
1174.8475458012638,546.3222746645259,1637.64620,16376462000
1175.570573827887,532.6986664966945,1637.87880,16378788000
1184.4330722196469,482.601026512119,1638.10590,16381059000
1100.9877810313524,428.050490156472,1638.33170,16383317000
1120.8088131799695,381.6867215888776,1638.55940,16385594000
1031.970606932486,272.8240846359709,1638.78490,16387849000
954.1285086684488,246.84955927388916,1639.01040,16390104000
778.1358773268023,238.853452954477,1639.23890,16392389000
677.7762108774476,243.59777503917618,1639.46580,16394658000
754.132505322161,324.40268999346006,1639.68660,16396866000
850.423735411954,352.26415239823234,1639.92220,16399222000
893.3323471696161,298.2445257160929,1640.15010,16401501000
897.2268623639719,248.05420815279467,1640.39020,16403902000
932.8874270748913,177.3644884544412,1640.61580,16406158000
834.3809021814337,215.53204004695542,1640.83680,16408368000
772.9093819216118,203.97399736488583,1641.05930,16410593000
754.7923004479829,307.674826101386,1641.29340,16412934000
529.0775281911237,317.6978633858333,1641.52790,16415279000
548.987620420017,382.69688710708556,1641.76020,16417602000
653.6927695372258,361.61220777134804,1642.01320,16420132000
704.6734759514313,490.87751711951915,1642.24090,16422409000
831.0449827765239,531.821224075043,1642.46920,16424692000
888.1418246771682,562.6340227977814,1642.69480,16426948000
938.5030654813513,559.4619558342114,1642.91720,16429172000
975.5663215786739,582.0629846828924,1643.15160,16431516000
1021.7263407926768,540.4844240681164,1643.38330,16433833000
1010.4804217156499,541.2118701296549,1643.61660,16436166000
992.2236365585293,529.5433121795886,1643.84320,16438432000
1052.1729310521675,525.0962844104874,1644.06990,16440699000
1063.087883145468,548.3872789484498,1644.32520,16443252000
1094.135650121935,525.8549447530178,1644.54680,16445468000
1089.3718399067268,466.9627926305261,1644.77920,16447792000
1117.8596920782702,365.9178244401003,1645.01480,16450148000
1179.7892328015143,420.12147652525107,1645.26550,16452655000
1249.8247357894238,444.07657404684187,1645.50050,16455005000
1109.070184274804,365.6874339092884,1645.75830,16457583000
931.292644108409,313.5978056355157,1646.00490,16460049000
1007.64876781729,353.1779666321278,1646.22710,16462271000
1012.1191899253504,412.6849330359037,1646.45400,16464540000
1045.4334013207538,462.46267825009625,1646.68300,16466830000
1028.227760458396,531.8193133294786,1646.91000,16469100000
1102.7436893157774,537.6608049902081,1647.14950,16471495000
1319.6598387971048,690.7671282421973,1647.37420,16473742000
1246.2089428193358,721.6437068729019,1647.60360,16476036000
1079.977941089029,665.1186605998888,1647.83940,16478394000
979.981485014917,703.1915325254321,1648.06610,16480661000
900.7702978901972,673.5209000260284,1648.29070,16482907000
930.0851082224257,683.6005599817995,1648.52970,16485297000
941.1720847872394,685.4510026784421,1648.76250,16487625000
925.840754185397,633.550625657908,1648.98450,16489845000
929.6688509563036,555.5447947017851,1649.25020,16492502000
847.192084516305,515.331551533982,1649.47620,16494762000
789.7009102258836,498.93243754759425,1649.70340,16497034000
742.0758599651944,468.75325153755773,1649.92710,16499271000
773.3050409629212,449.67184258053345,1650.14910,16501491000
766.6823782673473,409.1474708211226,1650.37760,16503776000
815.2920647112886,411.94083116847946,1650.60610,16506061000
805.1233961588829,410.6015265294569,1650.83100,16508310000
797.7540732819047,376.0393378756901,1651.05760,16510576000
842.7728896537567,337.571182401002,1651.29010,16512901000
828.1266967283286,334.0693456891931,1651.52490,16515249000
812.8840906644721,350.6972593359841,1651.75730,16517573000
885.8328586187838,337.03244965688026,1651.98330,16519833000
992.6070818873698,308.5426777328749,1652.20790,16522079000
970.0458074163274,252.54443505535727,1652.43680,16524368000
824.8589231597681,181.53690561895428,1652.67330,16526733000
729.0363779185528,201.57810717626023,1652.90560,16529056000
653.0308886204882,206.41824521081003,1653.13390,16531339000
775.1479921549208,215.56477321377616,1653.36440,16533644000
793.6149844166591,284.98078805979856,1653.62960,16536296000
787.8707812540573,280.07212441245304,1653.85530,16538553000
760.5874750250375,355.8359323523894,1654.08290,16540829000
613.7475138884275,323.054657957872,1654.36900,16543690000
499.679565514871,285.68007380445454,1654.60850,16546085000
461.89713079094236,265.8037727700833,1654.84650,16548465000
494.07740007547307,325.0960451897089,1655.07760,16550776000
503.7498754758146,374.77077460628834,1655.30950,16553095000
662.3902802486845,452.60507210915705,1655.54170,16555417000
710.657230557385,465.14985452506545,1655.78010,16557801000
796.5378615247305,439.39012580732566,1656.05260,16560526000
767.3354135577175,375.46182676660464,1656.32530,16563253000
851.8127330214022,396.8558393317439,1656.59440,16565944000
839.3293495439276,403.3596845599598,1656.81840,16568184000
909.1676656465007,407.076213209309,1657.04740,16570474000
1031.5582442455122,405.77221082827435,1657.29100,16572910000
995.9736144813746,445.4975429703298,1657.55110,16575511000
984.3967079605713,505.02122285739085,1657.78290,16577829000
918.3678600157114,581.8126131923705,1658.05590,16580559000
861.9738871126242,618.515013333171,1658.28580,16582858000
878.0992126549047,652.0541726977536,1658.56210,16585621000
858.3223252090531,680.1041295968217,1658.79850,16587985000
853.8144057343671,695.2726549122867,1659.03580,16590358000
1012.3677532930496,653.1721012085841,1659.27660,16592766000
1058.5978823246178,620.1923193462793,1659.55530,16595553000
1024.1704997784846,542.7329928589982,1659.84010,16598401000
958.4686439883812,466.7660971541133,1660.10890,16601089000
1085.7501837278935,372.8482850305697,1660.33740,16603374000
1087.7042961968975,299.1680293653893,1660.57520,16605752000
1003.0282246458577,239.04977715813416,1660.80950,16608095000
1035.6055863555173,207.2127224925706,1661.04070,16610407000
991.6532870912029,183.62805559342476,1661.26910,16612691000
1087.0947056435912,324.2493450206057,1661.51060,16615106000
1096.1997633690953,322.34756228585195,1661.73970,16617397000
945.2438643066012,333.4604736687321,1661.96730,16619673000
680.045412367871,314.69551801131763,1662.21120,16622112000
519.6988235876843,365.74710471239774,1662.43820,16624382000
418.2392702918934,331.12772103115776,1662.66770,16626677000
444.8769524058021,307.23984082096223,1662.89060,16628906000
424.48947766677065,318.7426242939299,1663.12120,16631212000
408.0045143724727,270.90132212960395,1663.34830,16633483000
362.8145518469957,205.0215492959256,1663.56950,16635695000
431.6119318710741,161.45485182138268,1663.80260,16638026000
608.2859673134296,167.36731686285367,1664.03470,16640347000
774.2189235284055,139.07154462312772,1664.26940,16642694000
934.614572648562,101.88882351222566,1664.50200,16645020000
1054.0366807915407,101.81354400835693,1664.73130,16647313000
1152.864225140411,123.89173608773993,1664.95980,16649598000
1300.4922486742503,143.22287074010794,1665.19250,16651925000
1292.100813887966,130.99378669691046,1665.41570,16654157000
1214.0591336415814,146.8774908120198,1665.64460,16656446000
1173.5252807515378,148.5189629876292,1665.87050,16658705000
1240.3044238607945,171.66312494550505,1666.10090,16661009000
1242.678832907406,204.33819599372015,1666.32570,16663257000
1093.1052787654226,152.79107618277558,1666.55570,16665557000
1157.7891508339073,98.19482934336725,1666.78800,16667880000
1139.6484973716174,25.47685602385973,1667.01530,16670153000
1062.1010334236214,88.18880816585472,1667.24170,16672417000
1039.5259448383324,140.129544491967,1667.47960,16674796000
1071.147959190079,223.64269046955724,1667.69720,16676972000
1089.726656928334,236.9274928471559,1667.92930,16679293000
1004.9480617274834,301.13765406763287,1668.14980,16681498000
946.3392212655563,426.44091855046855,1668.36990,16683699000
956.7132833212245,455.20648626274516,1668.59800,16685980000
927.5893215767247,475.261868906561,1668.81990,16688199000
895.0173985937722,516.0569897072942,1669.04770,16690477000
870.233129397696,544.6494497005032,1669.26600,16692660000
906.7781958390701,538.9259891449011,1669.49750,16694975000
939.8072032535615,546.2694655449953,1669.72240,16697224000
980.4076810497903,569.835848146013,1669.95450,16699545000
916.2445120013166,625.5956799644032,1670.18600,16701860000
1002.0005388490246,598.2906643748491,1670.42330,16704233000
1007.9879505079087,610.292675329907,1670.66170,16706617000
1003.2087165221884,565.8453537541915,1670.89120,16708912000
1063.0898659110485,554.1696727419459,1671.11890,16711189000
1094.1100025385542,520.6566313152003,1671.34220,16713422000
1158.8107060948907,456.9019985422069,1671.56690,16715669000
1119.14152366751,455.53264894354567,1671.79230,16717923000
1098.7994345825412,446.2517226552031,1672.02870,16720287000
1099.3523227596575,412.3131590934596,1672.24670,16722467000
1093.901807557346,422.34154566967896,1672.47060,16724706000
1080.0796843805701,440.603843136601,1672.70120,16727012000
1097.0451856233524,477.26717950571174,1672.92630,16729263000
1081.356723039833,479.12443641051385,1673.16220,16731622000
1051.0123459496665,503.30050306542665,1673.39180,16733918000
1017.4523457914831,527.0761157190167,1673.63580,16736358000
1009.7037945147335,556.6721725645486,1673.88460,16738846000
1001.3777191321693,506.36074003171854,1674.13000,16741300000
1032.8648039670322,447.16615584914894,1674.36110,16743611000
1079.8832927666572,431.18874750845555,1674.59820,16745982000
1076.8849485646037,406.9184068338618,1674.82870,16748287000
1107.2256983777295,404.5335730648489,1675.06080,16750608000
1121.818602239659,434.62631916901324,1675.34060,16753406000
1164.4581931921857,362.6258585626305,1675.58390,16755839000
1212.5094708448614,376.9509263746364,1675.81190,16758119000
1172.989395336985,349.8700232172123,1676.03660,16760366000
1144.824136515417,291.8217800402088,1676.26580,16762658000
1008.7453995516428,198.3202683483437,1676.50110,16765011000
825.0323316645741,226.73202041095476,1676.73000,16767300000
878.8058216956456,274.1886168750241,1676.95610,16769561000
856.4540866701979,300.1950823803724,1677.18630,16771863000
987.357435121112,243.7221589575031,1677.42240,16774224000
1021.7959769288968,247.8936284642024,1677.65090,16776509000
977.8454851365259,283.0181016337519,1677.87900,16778790000
881.807534772646,335.26138607494585,1678.10800,16781080000
793.5812578030129,440.5417264407481,1678.33980,16783398000
766.4174730972592,471.39851713218513,1678.57320,16785732000
774.5495205975564,523.1351099363377,1678.81330,16788133000
837.5220191039294,537.9982410015006,1679.03780,16790378000
878.9664586033073,544.3006591540825,1679.27970,16792797000
932.0624360929061,575.9719922223454,1679.50970,16795097000
1012.2517231198163,625.8524068294939,1679.73800,16797380000
1085.48470769472,634.5106928121754,1679.97800,16799780000
1148.4107908773271,619.9774019453923,1680.20230,16802023000
1176.2424624316154,665.0861801768269,1680.43070,16804307000
1280.39809918944,668.6420693286818,1680.67850,16806785000
1236.712340021877,622.0305165967976,1680.90530,16809053000
1290.148882914959,600.3587494928297,1681.13900,16811390000
1330.7581039128245,625.874062709666,1681.36850,16813685000
1416.3211652522396,669.5235385809683,1681.63440,16816344000
1330.321774706124,560.211091967758,1681.87630,16818763000
1271.394280324885,559.2234769688474,1682.10840,16821084000
1188.1760332717402,541.6871428363454,1682.34090,16823409000
1125.7298329664422,528.3334062600367,1682.58100,16825810000
946.4230718733091,489.7037193471487,1682.80940,16828094000
906.6746135049301,528.6363290077778,1683.03820,16830382000
848.8776509575833,512.0641879978189,1683.26510,16832651000
823.1387338907176,558.9381512075496,1683.50240,16835024000
780.4872708856819,473.86269909380314,1683.73970,16837397000
764.8102196353799,529.071548084146,1683.96920,16839692000
713.7612577758847,567.3333914163171,1684.20230,16842023000
704.4769342888512,622.51528425639,1684.45180,16844518000
700.068408832863,569.7074223200772,1684.68000,16846800000
701.6709186151691,584.9455689760506,1684.91320,16849132000
746.8827453264806,549.2050497602594,1685.14390,16851439000
766.8739961656746,527.2307849807953,1685.37470,16853747000
799.0525697208903,541.1936048339155,1685.60190,16856019000
777.1530538275787,544.9579015734406,1685.83840,16858384000
740.5181070409973,532.6691955261884,1686.05240,16860524000
779.8838311657933,540.1390146346799,1686.27880,16862788000
844.0748529071443,555.9580651394486,1686.51230,16865123000
861.0027683493498,559.0718516150956,1686.74060,16867406000
884.25406745032,557.3783730693038,1686.96550,16869655000
898.8471570553206,522.5171674425152,1687.19840,16871984000
915.2577683476908,484.3813593976132,1687.41960,16874196000
897.5576690961127,483.06842284220056,1687.64770,16876477000
917.257109331777,505.5164446530246,1687.87320,16878732000
923.1924201579552,507.19599811231996,1688.11010,16881101000
897.3335284851322,549.3285728221708,1688.33890,16883389000
1007.8258072383034,551.1681732883116,1688.56810,16885681000
1001.3563408800567,580.5482940072682,1688.80310,16888031000
1120.5704519748465,555.9057831744578,1689.03820,16890382000
1149.2055082256477,610.0106493419651,1689.25830,16892583000
1099.0929324331023,607.0201197449463,1689.48880,16894888000
1084.947072710115,565.093367391713,1689.72530,16897253000
1089.1406156652056,589.4905968683591,1689.95230,16899523000
1105.294155158495,616.1581184564462,1690.18850,16901885000
1129.4218839602352,574.2136909061919,1690.42240,16904224000
1075.9880632859276,636.8844313721737,1690.64460,16906446000
1147.7539860612778,605.5949691141066,1690.86900,16908690000
1122.9541124445132,567.7060504419595,1691.09910,16910991000
1220.9034451164225,610.7471691490808,1691.32190,16913219000
1132.5626041891965,635.3448552560989,1691.54940,16915494000
1153.927258716171,642.4416879372196,1691.77970,16917797000
1142.4349608284947,684.5670163796325,1692.00430,16920043000
1154.824994766062,668.2698661556567,1692.23410,16922341000
1111.942719489477,539.1661141743991,1692.49750,16924975000
1154.3815936529734,457.2974868497678,1692.72960,16927296000
1166.2719310430655,511.6037512638187,1692.95240,16929524000
1128.4200185336754,578.6732353301423,1693.21490,16932149000
1050.0033796097289,624.3978910097126,1693.46810,16934681000
1223.655885564247,553.2873702900395,1693.69410,16936941000
1274.7547057482202,547.7657505518082,1693.98220,16939822000
1250.7196865735277,585.1941754205975,1694.22910,16942291000
1084.7489501907646,455.00312415223306,1694.54780,16945478000
885.5208559267012,417.4262284989652,1694.79940,16947994000
792.4616893643108,359.5223813454117,1695.03020,16950302000
664.8233449592445,330.20624654459397,1695.25770,16952577000
660.7323510854898,267.4479858081507,1695.49100,16954910000
654.1184015913343,211.63788614277186,1695.73330,16957333000
683.1334047489244,180.6579193321048,1696.01450,16960145000
883.517758581796,309.37081724350924,1696.23120,16962312000
956.6465075448548,388.70720517003303,1696.46770,16964677000
969.974334908672,404.44923515828447,1696.70550,16967055000
985.168363314815,450.98113815176896,1696.95610,16969561000
1072.5967777114543,545.7199842464611,1697.18150,16971815000
1046.549227396467,556.1540228378145,1697.41610,16974161000
959.4180574029921,501.3627654341926,1697.64270,16976427000
1014.1034417039649,490.54873170607556,1697.88120,16978812000
1004.4869076589584,498.00230565272295,1698.10600,16981060000
925.1643581349442,567.40587899836,1698.37260,16983726000
1140.2325144493686,581.1105700825265,1698.61510,16986151000
1086.4269513170336,582.2699596594365,1698.90210,16989021000
1098.9340479470231,582.7592425640498,1699.16850,16991685000
1012.9258177349548,592.8781831226554,1699.44810,16994481000
1028.248846589588,549.9039116192153,1699.68990,16996899000
1073.828780896042,380.1672978161759,1699.93930,16999393000
1049.8479272359252,361.9214657452766,1700.21200,17002120000
1051.8365529605942,367.81370024033413,1700.46300,17004630000
1019.9133878675166,309.8705780331616,1700.71000,17007100000
1022.5236425588017,392.9590501417628,1700.97610,17009761000
995.9331999314718,400.57859630898906,1701.23400,17012340000
933.1849920352757,358.9819900869001,1701.51080,17015108000
976.2236137749819,355.1141597786982,1701.77970,17017797000
945.2741967679933,460.09290361199555,1702.02650,17020265000
860.9338734886628,354.13858378528505,1702.29920,17022992000
868.0007722409606,305.88859101418535,1702.55240,17025524000
972.3630487684941,214.65290350746983,1702.83910,17028391000
1031.7660590995135,241.94847264676253,1703.09250,17030925000
1152.7177318564027,356.36781453277206,1703.46730,17034673000
1065.3837806125537,370.1435625124199,1703.74960,17037496000
993.586939051356,455.76389358480026,1704.00000,17040000000
1031.1600990614847,420.60981839986664,1704.26460,17042646000
1080.907253972848,308.09129577962744,1704.51920,17045192000
911.0535590875693,191.91343856876696,1704.76590,17047659000
770.9758764702467,136.9569001695405,1705.03970,17050397000
759.2445743998761,81.92111883869289,1705.28550,17052855000
721.5604980814891,71.01216969890406,1705.53700,17055370000
763.4874114355543,88.60562158296528,1705.80620,17058062000
733.426730594163,186.3032704947024,1706.06540,17060654000
807.366129172228,224.33919836744914,1706.34620,17063462000
802.0928555303627,269.2813479875657,1706.60200,17066020000
762.1331457250184,364.1193282714616,1706.85750,17068575000
821.1477581974765,323.18522215987775,1707.16020,17071602000
888.1586072521043,378.9343857361304,1707.42530,17074253000
842.1932861243699,400.9308084360583,1707.72990,17077299000
827.0111371840478,457.613407831736,1708.00530,17080053000
789.979419854359,483.52418116470295,1708.23700,17082370000
893.767856955286,555.6599215598775,1708.46260,17084626000
901.1478693020915,551.6479087277298,1708.75610,17087561000
754.0278803268411,586.0100883499949,1708.98450,17089845000
704.6195660799104,621.4107341797418,1709.21960,17092196000
695.117822198222,650.7572854110356,1709.45200,17094520000
898.1053417946059,613.0604153677466,1709.68330,17096833000
975.592117787784,547.9395515174233,1709.99210,17099921000
945.2672893979102,395.46515206342804,1710.24080,17102408000
1066.1713287976684,385.55700616823333,1710.49890,17104989000
1083.8875893358622,425.98060847464234,1710.76750,17107675000
1111.5735678261956,460.63564827247365,1711.05050,17110505000
1039.101696376064,394.41391632917214,1711.30060,17113006000
936.490613866895,444.0319943626587,1711.56030,17115603000
1030.3618467912997,486.4324544578721,1711.84240,17118424000
926.2938739271094,510.9345523236865,1712.10680,17121068000
872.4273124654007,473.1425860689904,1712.41430,17124143000
921.5527872229699,493.293539939115,1712.69910,17126991000
945.7079715103337,429.46517649907514,1712.94700,17129470000
909.8890653765496,375.3170826505836,1713.19880,17131988000
994.566359602687,302.53627670139105,1713.47000,17134700000
870.0457448996184,360.50411626991934,1713.80280,17138028000
1080.9871025314515,248.4758798885656,1714.06430,17140643000
925.2912261080832,297.8405228471263,1714.32810,17143281000
1028.6483512924522,291.3953179533536,1714.57600,17145760000
976.2474290098934,285.9625320501986,1714.83760,17148376000
931.4643281409461,368.4096172683158,1715.27980,17152798000
1006.5193454727109,296.679592481082,1715.54600,17155460000
920.4139327602785,238.8550055382719,1715.80110,17158011000
822.627159170478,246.18700882923912,1716.11450,17161145000
773.2799685203913,226.24331842040027,1716.35960,17163596000
707.4938413080959,247.35881452760628,1716.60460,17166046000
758.5550496063984,276.27945017410894,1716.95280,17169528000
902.5652532884362,286.902431787297,1717.19580,17171958000
885.2373320359372,232.13204719040328,1717.43780,17174378000
1036.5787702858308,232.51606865073367,1717.68380,17176838000
1005.5814004784436,286.7179698017078,1717.92200,17179220000
939.2862421992527,279.2020607482227,1718.17070,17181707000
852.8299307849921,396.67313066781634,1718.40890,17184089000
867.8887787297035,394.9409778926395,1718.64880,17186488000
961.0881794411983,502.67879573041114,1718.90190,17189019000
883.167595173736,452.29040609010224,1719.16460,17191646000
920.3529552975195,444.67442141774484,1719.41770,17194177000
935.6785317049377,391.01164070450255,1719.67300,17196730000
911.3070139345323,430.01068677980146,1719.94320,17199432000
986.7084007605314,403.9167334546915,1720.19780,17201978000
860.8152836118675,358.7864771011186,1720.46830,17204683000
906.1744066228139,432.06563236925734,1720.70230,17207023000
931.6648605777052,433.8208781200082,1720.93080,17209308000
1024.397434351738,498.04959205455157,1721.16810,17211681000
1100.2932705345813,465.51684380435483,1721.39580,17213958000
1120.0487832610813,500.7742373877044,1721.62530,17216253000
997.6382071436708,466.487111201815,1721.85470,17218547000
876.9607539092952,418.950351430961,1722.09080,17220908000
797.1485272549888,474.2671676781767,1722.31380,17223138000
737.1447412296477,466.10936609251866,1722.55060,17225506000
770.6936584609003,446.4575953968459,1722.79020,17227902000
855.0326209449765,417.53759178560074,1723.02300,17230230000
763.9578693232565,457.03846637218254,1723.25310,17232531000
725.8657273637484,478.5114128698963,1723.48740,17234874000
888.1598370071056,512.9730145948067,1723.72730,17237273000
1151.250682462072,520.4662569152847,1723.96210,17239621000
1118.9849401234947,438.32540472898995,1724.18810,17241881000
1222.3209406449052,355.14356697945163,1724.78890,17247889000
1165.8591007638743,380.98195342893496,1725.27170,17252717000
1232.271821864648,274.17332196364896,1727.73880,17277388000
1289.6805518641586,238.6699636528495,1729.80280,17298028000
1184.6438287683793,213.5987611050274,1730.03070,17300307000
1151.559087790173,173.50086192260483,1731.54520,17315452000
970.8478800271594,219.80312674420435,1731.78760,17317876000
945.2669567732369,199.24157423588903,1732.10620,17321062000
1020.2197757003148,237.04781388037762,1732.35000,17323500000
1100.1192291504872,283.7029227994038,1732.78770,17327877000
1012.2206169669514,305.5370456202545,1733.73570,17337357000
928.8847808663895,315.5348712176955,1734.07670,17340767000
875.3719546602881,259.6041195324972,1734.34430,17343443000
809.2354818151751,182.839685366016,1734.67040,17346704000
843.6627056067646,135.964369958896,1735.04150,17350415000
828.9731792620223,101.57505413518288,1735.28370,17352837000
813.0451368646065,104.49429300077226,1735.52560,17355256000
876.0503746159253,121.03909090532974,1735.77730,17357773000
908.9881915476454,141.40307682791132,1736.03720,17360372000
976.4802181450466,80.39951722326661,1736.28730,17362873000
996.2493716699452,84.1814764289141,1736.54930,17365493000
1093.1190967034747,122.98821249324828,1736.81330,17368133000
1038.6476754752107,170.28935082201264,1737.07920,17370792000
1044.6108032730426,149.07524691801606,1737.40600,17374060000
1042.2955408785353,98.03921809390499,1737.83610,17378361000
985.152817303132,127.26905312252816,1738.09730,17380973000
1024.0119229387053,213.27584635764265,1738.35280,17383528000
1015.2627916565517,275.9786157624472,1738.60030,17386003000
936.0578315661525,291.1939172436136,1738.85100,17388510000
868.6474245044021,370.37319170123885,1739.14540,17391454000
854.2704572586179,480.16441473302854,1739.40340,17394034000
801.4201572101608,481.4614072414931,1739.62600,17396260000
685.9636065256594,447.2365423729691,1739.86030,17398603000
664.4508395593755,516.6853143498794,1740.11750,17401175000
645.5834515502806,418.6640587121644,1740.36480,17403648000
640.7428711791312,334.54126682828786,1740.64640,17406464000
845.4246908078056,423.0159672238942,1740.88060,17408806000
911.3243356464424,458.81645657846343,1741.13040,17411304000
1006.8484397136838,412.16757424347526,1741.38520,17413852000
944.3994756606602,473.2394213016259,1741.63260,17416326000
1092.3193803177328,608.5939073706624,1741.93730,17419373000
1046.331615439526,643.0914549320806,1742.18350,17421835000
1008.8664292639376,659.1500109488466,1742.43260,17424326000
1040.2074876623456,689.5912064356112,1742.73900,17427390000
1049.6552471665168,601.9341332738563,1743.04460,17430446000
1172.3591823900858,583.7372372331873,1743.33210,17433321000
1091.7740066331182,529.4780215735423,1743.58330,17435833000
1184.129165740896,468.894970774232,1743.82950,17438295000
1133.0424964724343,499.5135300786069,1744.05930,17440593000
1000.8385492994132,469.1553200896916,1744.30020,17443002000
813.5506970624423,368.4660544096428,1744.53570,17445357000
587.6793529215134,398.7046298780828,1744.77660,17447766000
484.63599751902746,325.8799865536768,1745.00680,17450068000
369.3673311962615,225.27487460488285,1745.24900,17452490000
404.8086076949943,147.5843676368941,1745.48830,17454883000
469.6783036134106,186.21305600351934,1745.73110,17457311000
518.1458566058666,218.70746322991567,1745.98140,17459814000
600.8133980130948,200.92388410185228,1746.20800,17462080000
689.5802219141032,218.91927602292705,1746.49680,17464968000
799.9910804964688,225.4166109185115,1746.73690,17467369000
960.357165225348,287.71992043546226,1746.96930,17469693000
975.3066455722053,284.31253619596293,1747.19980,17471998000
1050.3607765276793,256.78594842680945,1747.42260,17474226000
1141.1035301136128,324.76305272223993,1747.68250,17476825000
1178.5936387019865,397.96173311383984,1747.93040,17479304000
1054.5902839658195,386.95672263656434,1748.16840,17481684000
1045.5683226147946,364.7498248857037,1748.40350,17484035000
1129.0954673280667,358.61414474574804,1748.63890,17486389000
1168.81598706103,361.2305365006601,1748.86640,17488664000
1230.640867763649,485.625287010843,1749.11440,17491144000
1270.4832488725576,531.9454455833203,1749.35660,17493566000
1229.5849348499814,494.6917633981615,1749.58530,17495853000
1213.6562940497515,570.5151501856523,1749.80970,17498097000
1106.6522178669884,559.2850266882286,1750.04150,17500415000
1011.0995531944217,601.30007134513,1750.26900,17502690000
924.7746285831835,639.4751124064868,1750.49930,17504993000
851.8168697093604,710.9190080356406,1750.73100,17507310000
827.0159206263817,724.8100013645042,1750.98140,17509814000
891.053530617352,597.921471323196,1751.21390,17512139000
862.1761109960681,432.8125910376039,1751.44230,17514423000
689.3504469285471,347.2676473507516,1751.67800,17516780000
683.2977642944829,379.6278156994965,1751.90740,17519074000
559.8882187292555,375.39769716181644,1752.14150,17521415000
604.1085885066237,342.6749055819667,1752.37270,17523727000
652.5279884581263,365.28421631366723,1752.60940,17526094000
672.8225257004407,445.1254310026315,1752.88140,17528814000
718.2969290430525,567.920492088283,1753.11160,17531116000
642.5869830861667,591.11825969587,1753.32930,17533293000
590.7975414043543,624.94251005688,1753.56870,17535687000
626.4591223349609,445.78467432510956,1753.79780,17537978000
687.3131450940313,356.22355047363055,1754.04040,17540404000
658.9316117689192,298.3316462861343,1754.29900,17542990000
716.2229605357527,334.1621421455412,1754.57410,17545741000
749.679482900773,327.80145457014936,1754.84130,17548413000
743.7366388020731,296.82111603741083,1755.11910,17551191000
641.2368733165904,202.85486771917394,1755.41660,17554166000
688.7790549512607,202.17597925426674,1755.66890,17556689000
702.9055224857498,208.2805366718214,1755.93720,17559372000
741.8180590130474,240.08108503931,1756.20280,17562028000
853.0899676190675,306.80834626571476,1756.82180,17568218000
826.3110556112788,288.7547309399454,1757.09600,17570960000
773.839624876734,268.7432063031274,1757.34430,17573443000
790.3917429255803,285.05454179934713,1757.58730,17575873000
770.181025674185,308.1888423373707,1757.84040,17578404000
748.0926958789347,334.1341026817144,1758.09910,17580991000
768.0443398019912,362.03789003759925,1758.32320,17583232000
893.5051009212909,401.13885831509384,1758.55380,17585538000
1153.8366039668458,459.84339711855876,1758.78330,17587833000
1192.7632198150486,503.5515920205697,1759.02320,17590232000
1174.9963015936696,485.3232922523519,1759.25510,17592551000
1137.345285366719,535.2251620266577,1759.48440,17594844000
1117.5106891533862,580.1530774741349,1759.71420,17597142000
1080.167316408094,627.1068677066316,1759.96160,17599616000
1019.6411291027815,636.1406378831335,1760.19380,17601938000
877.8825847492716,641.6319011078293,1760.42450,17604245000
827.4647042098311,637.1203808145315,1760.66360,17606636000
774.4352293867928,694.0709152394753,1760.89540,17608954000
777.8199243001698,712.3888382671308,1761.12480,17611248000
833.8430044516842,659.0065068979906,1761.34930,17613493000
864.7196757817014,687.9426477546027,1761.58030,17615803000
857.9564071004153,720.6322566434441,1761.81140,17618114000
850.149561666737,696.5505215199297,1762.10390,17621039000
994.0718725196757,705.821238255123,1762.32880,17623288000
969.6962974174203,669.0278902821021,1762.60600,17626060000
989.4750869504005,585.5157147809235,1762.83000,17628300000
950.9115031845992,510.20440155321296,1763.06870,17630687000
1065.961060997543,400.4147629351087,1763.31790,17633179000
1109.088848066812,359.52817180509777,1763.56420,17635642000
1022.7267969501189,332.6770750178852,1763.86780,17638678000
991.3288227204717,376.51306668635493,1764.12600,17641260000
1001.726174758906,300.2422825737843,1764.41360,17644136000
956.1869391963367,291.47438019947253,1764.70640,17647064000
987.7955044334935,331.06878178514347,1764.97240,17649724000
867.0051618531827,340.22769557934976,1765.31240,17653124000
965.9859004527718,385.9919333033845,1765.56580,17655658000
1044.7326864223198,343.6127060777776,1765.81350,17658135000
1054.059078679854,394.3902989926992,1766.05880,17660588000
1075.2817813246986,323.2185033976885,1766.29950,17662995000
1068.453490226138,209.9098282229018,1766.54110,17665411000
1087.0858271074487,298.5781991214489,1766.78580,17667858000
1062.7921431935422,377.46068924960355,1767.03740,17670374000
1064.4174194416064,340.8573843785246,1767.28960,17672896000
992.8886735964414,500.3422730351889,1767.55180,17675518000
974.4080276795779,566.5257083073059,1767.80460,17678046000
882.9764287729239,586.7798893458425,1768.06100,17680610000
824.4828696184652,679.7922971488066,1768.32280,17683228000
922.3365422901765,591.9208869491658,1768.57780,17685778000
960.319586078654,510.92690159116256,1768.84330,17688433000
913.8966436126591,440.25886426623657,1769.13260,17691326000
804.3725300349345,482.6514090340538,1769.38190,17693819000
930.6658560260139,529.7581396128071,1769.64350,17696435000
947.6908289087914,554.3747401679287,1769.98330,17699833000
986.0313062688523,494.4270404054402,1770.24140,17702414000
1033.8202783303454,527.44529477858,1770.48870,17704887000
1065.212046179668,515.0413418130581,1770.75210,17707521000
1066.8056355586266,560.2906178814133,1771.00670,17710067000
1002.7257185332594,567.6766116869834,1771.28530,17712853000
1017.3352755276811,552.870475655646,1771.57330,17715733000
1073.9884981154755,478.64793156603196,1771.83690,17718369000
1060.6979869488478,469.98968446750274,1772.20740,17722074000
1077.0959661694558,551.3794943816894,1772.44730,17724473000
1046.1398773627016,610.4078327794242,1772.68620,17726862000
1182.3411156085817,491.88733360994536,1772.98290,17729829000
1103.2810810768524,408.1509913881485,1773.22850,17732285000
1016.4357791438548,321.41795818105163,1773.48010,17734801000
1030.184381986797,415.876136981904,1773.74720,17737472000
1057.2430810120038,449.0786469266261,1773.98590,17739859000
1009.9524855269783,403.5299221571707,1774.25150,17742515000
1015.9367999153048,372.7552111477993,1774.50950,17745095000
1017.778999530117,407.3403944594587,1774.76930,17747693000
1028.458544060089,416.7095160596899,1775.01020,17750102000
1102.2948337253497,436.55683770819024,1775.24960,17752496000
1014.9657924027815,453.5415892017963,1775.47720,17754772000
860.0304402390685,475.02852740467836,1775.70330,17757033000
911.525128217452,429.3916686840188,1775.93150,17759315000
828.0199224609571,451.2204620777496,1776.15620,17761562000
826.5470157662844,536.239199470186,1776.38660,17763866000
624.8111666813468,607.0416193982182,1776.60800,17766080000
539.8025428563993,593.1546159645649,1776.83570,17768357000
550.7805491856038,630.6356937572277,1777.07190,17770719000
598.9419771390177,588.6057409015001,1777.30200,17773020000
540.1939153320104,560.0384641567722,1777.53500,17775350000
531.6333989324874,549.2038653713566,1777.77400,17777740000
588.4578711314429,527.6753342451052,1778.00590,17780059000
562.2262920117936,500.4622225648323,1778.23030,17782303000
640.5709178551936,474.05751133496983,1778.46680,17784668000
743.0499125601377,469.7190094860054,1778.74450,17787445000
763.3713754281293,452.0447027685838,1779.02680,17790268000
859.6606748004705,436.83782106052615,1779.27830,17792783000
968.5643306501767,440.90895871688286,1779.54580,17795458000
1038.626982892908,405.9828156457731,1779.84170,17798417000
1021.9197538585227,365.9320844346877,1780.12680,17801268000
1050.7863504982715,310.4651522348003,1780.37580,17803758000
1117.8373464852577,353.07737906382977,1780.65710,17806571000
1177.3923634726493,392.83358323835165,1780.90180,17809018000
1162.2169846354132,351.85482252634154,1781.17430,17811743000
1020.0816909854093,378.24535389013516,1781.40380,17814038000
897.3969841838227,482.674760549597,1781.64130,17816413000
860.4287510438553,550.4909585999982,1781.89750,17818975000
901.9149839381109,621.7188672322163,1782.13380,17821338000
851.368032777054,678.9363394688445,1782.37090,17823709000
799.3343739172886,675.488088310363,1782.65270,17826527000
702.265820307959,744.2972516108292,1782.89700,17828970000
692.657866648909,754.4835026772528,1783.13600,17831360000
645.8974309606793,824.3165789380577,1783.36470,17833647000
628.1628790623624,672.5276970489698,1783.59720,17835972000
580.1895595252018,514.3533360331635,1783.88420,17838842000
503.1433568515028,440.5603735062363,1784.11880,17841188000
316.9030126800998,449.9394079286285,1784.37480,17843748000
296.66532254898544,390.68673779237747,1784.62100,17846210000
433.12400104871733,480.04083879363236,1784.84810,17848481000
450.8360201252226,471.81215349313106,1785.11300,17851130000
427.17921812536156,552.717027349508,1785.34120,17853412000
319.1974245016694,431.425071497954,1785.57820,17855782000
492.41381228759303,425.154018584676,1785.80760,17858076000
554.6594067389225,301.55901031542203,1786.03610,17860361000
554.9320562019002,172.5765220691397,1786.27810,17862781000
766.5638955777708,178.29055880083757,1786.50220,17865022000
980.2792806452125,191.04411140832872,1786.73890,17867389000
841.5807961559526,295.81843641096555,1786.97210,17869721000
836.6225773537332,254.71825572782487,1787.21340,17872134000
784.9486714666493,206.9477511544587,1787.44760,17874476000
676.9411153250127,178.386021310578,1787.68430,17876843000
586.2513133142428,146.5700090633297,1787.92030,17879203000
423.65178049715644,133.86928367154908,1788.16780,17881678000
392.7298757446312,96.25458971146742,1788.40010,17884001000
399.7956922300581,94.61653380841447,1788.63720,17886372000
322.81954217039225,98.98074440088931,1788.87460,17888746000
418.1028823509581,52.0694393709352,1789.11010,17891101000
495.9781034198254,97.51559113654841,1789.34200,17893420000
562.5631732214847,123.05603895440078,1789.58260,17895826000
649.8668680631665,95.21694773918477,1789.84820,17898482000
707.2783210667322,72.6820427769727,1790.08470,17900847000
823.5126423690049,50.06267366491158,1790.30530,17903053000
919.752521710344,73.14406394987333,1790.53370,17905337000
942.232085232527,71.41149107010003,1790.79260,17907926000
971.9703067521691,80.69580696173384,1791.02120,17910212000
920.628047018665,258.90483389721567,1791.25240,17912524000
852.9468533049156,280.5073333963268,1791.48680,17914868000
834.458338945932,275.2994973455703,1791.71930,17917193000
764.1327625314173,291.3040874717281,1791.95240,17919524000
629.0790926444035,360.37055505054303,1792.18610,17921861000
513.356837014689,397.6456121821419,1792.41700,17924170000
418.65027443053657,371.706648062079,1792.64580,17926458000
506.68841216107194,400.72134521670984,1792.87530,17928753000
600.0264084374089,358.5372027508002,1793.10630,17931063000
529.6645850856464,357.22118629713975,1793.34120,17933412000
464.4350851344883,316.0785273737462,1793.57020,17935702000
516.1241728104966,356.9809009442448,1793.81640,17938164000
601.0131493466445,416.92592224614026,1794.10810,17941081000
649.2352256489601,468.3194020997505,1794.33640,17943364000
589.7777100573891,446.12916684697683,1794.60660,17946066000
584.3052474805071,397.68677566557903,1794.89940,17948994000
560.71097818284,391.7841649392217,1795.18130,17951813000
527.0142776490276,295.9107200193015,1795.42690,17954269000
516.5013414295225,355.1066786894997,1795.71870,17957187000
570.9316787214541,431.3341983759705,1795.95100,17959510000
577.9866093899589,505.39818936447864,1796.19110,17961911000
666.955560070981,605.6300342532301,1796.42230,17964223000
705.8280871398815,655.583165344307,1796.65680,17966568000
691.4660238361188,737.0822026111807,1796.91440,17969144000
674.3588053401947,732.8202469908241,1797.14300,17971430000
609.1413777980478,722.1333878100328,1797.37500,17973750000
620.0074553216457,745.2438368987494,1797.61300,17976130000
520.3954293256152,718.294548952751,1797.83690,17978369000
591.2466701612005,711.6907985657431,1798.06770,17980677000
669.7037710593012,687.7074113081835,1798.30210,17983021000
638.5272747561411,712.462451526899,1798.54250,17985425000
712.7433615335667,765.4415108443861,1798.78500,17987850000
797.1556196274627,747.6684240009129,1799.01860,17990186000
821.7757699554495,698.888305959947,1799.25120,17992512000
815.8425954731185,698.4227949479056,1799.50880,17995088000
784.4650541736584,693.4784079298031,1799.72960,17997296000
843.7364074921728,710.7001343756626,1800.01050,18000105000
857.665571140055,750.0342404330788,1800.28600,18002860000
768.133900182213,744.5617497548718,1800.52520,18005252000
720.8253085645717,648.3169738824663,1800.76290,18007629000
758.0896521568507,634.0267673031976,1801.00170,18010017000
633.3174954275336,572.5900135489468,1801.23670,18012367000
488.1218828265897,577.1707793116345,1801.46300,18014630000
500.6985795408545,547.670059241969,1801.69460,18016946000
595.1090660711693,584.6184826277117,1801.93930,18019393000
655.9069451218564,518.4005820442927,1802.17930,18021793000
750.4165224172978,426.39585746337855,1802.41370,18024137000
764.5392205047374,337.5300278580163,1802.64460,18026446000
794.3120214918343,314.63037698192414,1802.87820,18028782000
823.5202451000744,245.70986003432645,1803.11270,18031127000
909.8278841067213,197.61716715197645,1803.36250,18033625000
982.9553888204099,176.6967064666474,1803.60130,18036013000
1036.4031601741876,201.25104251587194,1803.84260,18038426000
1039.655490755522,291.3317895458449,1804.08660,18040866000
1055.42050834485,368.52238069521815,1804.31940,18043194000
1081.8908346079613,430.12359942204785,1804.55140,18045514000
1021.1749682434565,466.7741433807372,1804.83550,18048355000
968.5921742546246,557.3757203743342,1805.07200,18050720000
995.9058611270959,602.3311909884592,1805.31770,18053177000
992.84300046401,568.9960974474541,1805.55700,18055570000
982.6973018762651,602.0171829573026,1805.78630,18057863000
927.2131124327016,592.0050018470396,1806.02260,18060226000
885.5638454961132,603.0311045752087,1806.24610,18062461000
672.6970987820375,529.8846383107008,1806.48410,18064841000
615.6347024498141,515.8892825508865,1806.72010,18067201000
566.2021375402966,532.4884168684481,1806.94840,18069484000
632.1458291850256,448.9625562640371,1807.17600,18071760000
628.7657663948404,499.3710280493925,1807.39980,18073998000
809.3042276010513,586.0498959132563,1807.62880,18076288000
769.4142122939761,570.6209591375779,1807.87220,18078722000
921.0656991861256,559.2945296035007,1808.10070,18081007000
973.0388308544931,594.0593341770225,1808.33170,18083317000
1066.2177184336388,584.3165960375744,1808.57310,18085731000
1144.466193974944,682.0171668789158,1808.81110,18088111000
1158.3945598501077,722.9791995305973,1809.04210,18090421000
1195.4708484980986,739.5546239237552,1809.27520,18092752000
1218.9622936604244,717.5158216496179,1809.51410,18095141000
1113.423322036425,695.4853772338332,1809.74770,18097477000
984.5652673532487,701.4348929465737,1809.98460,18099846000
899.7932754485194,700.9247112586223,1810.21460,18102146000
896.2843857161077,690.0191580784335,1810.44890,18104489000
867.905546248593,674.632025843963,1810.67710,18106771000
817.8674084976575,675.3829235191326,1810.90410,18109041000
780.2428283828699,672.924224137964,1811.14190,18111419000
738.5298653886355,596.8295753318295,1811.37540,18113754000
779.9587451342014,638.540281609785,1811.60370,18116037000
791.5786121255336,630.161550733313,1811.83730,18118373000
826.4161750585911,614.1747946265382,1812.07170,18120717000
772.1469966663569,604.9040007970852,1812.30770,18123077000
844.422821009219,599.4595431292317,1812.55600,18125560000
916.7391587478594,565.6642815172934,1812.78700,18127870000
955.1919914220113,590.2034299656385,1813.04260,18130426000
923.8501358468907,560.1124657880206,1813.26850,18132685000
948.1322738778505,587.9474285166053,1813.49840,18134984000
895.117066735288,586.4089083105819,1813.75010,18137501000
867.7226544773364,571.321790876153,1813.97750,18139775000
878.8863085130004,579.2377504553183,1814.21810,18142181000
895.824222591285,523.6849191031334,1814.46030,18144603000
954.5890699077798,550.8474530412716,1814.70230,18147023000
977.6747439499236,556.3033325544528,1814.94220,18149422000
872.0996347886556,552.0860872317079,1815.16350,18151635000
872.5983949331118,555.1713630723119,1815.38590,18153859000
950.3421498819826,553.2225780990946,1815.62090,18156209000
1050.722007676926,547.9283898965367,1815.85160,18158516000
988.0948303324159,448.1754468551779,1816.07670,18160767000
916.1953291423282,422.0686557128681,1816.31300,18163130000
829.7291458914922,392.1569045016682,1816.54970,18165497000
742.7188684199652,368.5772739499652,1816.78200,18167820000
719.2074612623595,340.6217794961631,1817.00730,18170073000
852.167346963563,387.2541808347356,1817.24790,18172479000
994.0277304501321,294.0478490164246,1817.50610,18175061000
1071.4029089825633,316.88322046892677,1817.74740,18177474000
1162.452485820474,278.78110426507715,1817.97500,18179750000
1093.766487644463,240.1684801029516,1818.23860,18182386000
1176.918713268528,214.3052707767014,1818.49610,18184961000
1195.7012761679061,270.7826545805349,1818.78020,18187802000
1159.773226823149,332.6587466247823,1819.03800,18190380000
1140.8833755298851,380.76022162784324,1819.31000,18193100000
1177.6242844313635,374.8228583226755,1819.55230,18195523000
1035.6476233380065,435.196843498348,1819.78160,18197816000
1000.7270079025692,362.14773234759076,1820.01350,18200135000
802.7505439863414,361.0937598858782,1820.25160,18202516000
625.7673150500732,327.69931046128045,1820.49010,18204901000
484.70960159087576,343.0001481094471,1820.75980,18207598000
495.08043781955587,291.12382759503845,1820.99260,18209926000
529.281891162717,333.86317271702876,1821.24160,18212416000
660.5933485765215,353.97406568793593,1821.48790,18214879000
723.1528579422225,427.24952361810114,1821.71890,18217189000
807.7618416825467,471.54548452842585,1821.96470,18219647000
937.4779683509063,448.1197623690848,1822.20380,18222038000
866.6085878045303,406.10966367744294,1822.43130,18224313000
903.9861924566856,364.6960351134012,1822.69260,18226926000
980.054900303304,401.11448104315474,1822.97430,18229743000
1038.8415353424546,414.67787766681863,1823.20280,18232028000
1103.6285313278445,485.6064039194511,1823.48310,18234831000
1122.9433907107007,462.7321498065198,1823.72170,18237217000
1145.1452997126992,475.45652998882423,1823.95240,18239524000
1141.5369539709488,464.1082656743235,1824.19270,18241927000
1167.4613813698468,455.78266082431537,1824.42870,18244287000
1186.8837739522112,448.019737485559,1824.69850,18246985000
1166.7513077410972,482.8561297235456,1824.98430,18249843000
1179.3185542560495,481.34315619289833,1825.25930,18252593000
1241.3816925623794,504.38710905929145,1825.48220,18254822000
1168.1612215075452,555.2571643656628,1825.71930,18257193000
1068.6906915472691,567.9838891713731,1825.94470,18259447000
954.8326237310544,537.8835641693062,1826.16950,18261695000
889.2115175365905,545.220007378896,1826.40340,18264034000
935.496503439806,526.7708490515412,1826.64560,18266456000
1002.2477893600233,557.0755802139691,1826.87120,18268712000
955.2931701674597,671.143528271117,1827.11380,18271138000
892.4237261157563,703.3799091796158,1827.34320,18273432000
921.6818241392086,736.4905639962025,1827.57000,18275700000
916.0088630800942,718.6425416179104,1827.80140,18278014000
759.4237371412412,682.9901569431911,1828.02890,18280289000
742.4525668617521,712.5157169265419,1828.25050,18282505000
767.5849181068593,754.413271795468,1828.47780,18284778000
751.2872865585807,776.4203589426618,1828.70750,18287075000
702.2289460316891,743.097161883066,1828.95160,18289516000
648.776774846381,682.043592732599,1829.17660,18291766000
664.2955440572939,650.9071018501046,1829.41630,18294163000
626.8983341592124,668.4058543358235,1829.64550,18296455000
597.6680293912234,630.9367861014739,1829.87470,18298747000
621.4277563212404,674.61149682116,1830.09860,18300986000
640.3130129755418,661.4620412444802,1830.32950,18303295000
661.5453017007063,608.5756306397402,1830.55810,18305581000
673.1519253658207,593.5981728038248,1830.79100,18307910000
677.5735280338796,545.2411686272798,1831.01450,18310145000
684.462878667039,473.0581680990377,1831.24640,18312464000
709.52442770126,500.61828522718304,1831.47870,18314787000
682.3369282108304,501.3793080667554,1831.70420,18317042000
679.3768664738509,506.74713830586916,1831.93210,18319321000
638.623539370303,486.42591083024604,1832.15920,18321592000
647.154470449035,502.5682953225618,1832.38350,18323835000
682.7905496948044,539.3968566437545,1832.60980,18326098000
641.9924341834196,486.2812793139534,1832.83770,18328377000
628.435316874275,494.9237739968015,1833.06580,18330658000
641.8778315307298,484.96813109204595,1833.28850,18332885000
665.5819858777118,456.02323099363696,1833.51390,18335139000
810.9939827317781,487.1583500985521,1833.73790,18337379000
847.4031427682414,514.7753995757307,1833.96720,18339672000
927.4125263258624,546.290664990569,1834.19740,18341974000
833.2959975124082,501.8045290082956,1834.42630,18344263000
793.8435889597218,526.1953993030688,1834.66830,18346683000
759.5633098677212,555.2808033824234,1834.89620,18348962000
740.0011682556736,557.8093969052978,1835.11640,18351164000
736.5050373812076,539.3962017184293,1835.34390,18353439000
680.2499969038391,499.8374415981012,1835.57170,18355717000
667.6127443050266,471.75958960441915,1835.79780,18357978000
711.5320070321364,453.6190836424608,1836.02200,18360220000
783.3970322191725,451.9167568959711,1836.25080,18362508000
851.1210280936062,364.9037482701969,1836.47820,18364782000
972.4198868259768,342.64451070162033,1836.70080,18367008000
1100.0415322469873,356.08593647028823,1836.93370,18369337000
1077.1191394160355,348.61092905691066,1837.16580,18371658000
1112.0176688727406,353.9252858459695,1837.40400,18374040000
1119.7860644513999,363.9574217998133,1837.63410,18376341000
1104.2603254365235,401.74829577399913,1837.87090,18378709000
1088.0003624623928,456.4942595836586,1838.09520,18380952000
1119.0328049970944,518.0726292198324,1838.31830,18383183000
1080.7764773220156,485.3194012100668,1838.54350,18385435000
1019.266483125946,530.8512706573517,1838.78420,18387842000
994.7319063594003,576.4854252120302,1839.00700,18390070000
1042.387673025837,692.7650574971321,1839.23080,18392308000
1011.8111663671245,727.7522466934266,1839.45860,18394586000
933.7610207755826,766.8370379237329,1839.69360,18396936000
863.3204620984803,806.5005945644875,1839.92990,18399299000
882.8376234469997,895.2462601119407,1840.15440,18401544000
779.5846325294921,905.7574343916381,1840.38950,18403895000
708.6835975402746,903.0363895565765,1840.61520,18406152000
757.0715500924897,870.5176954650017,1840.83790,18408379000
813.6220381694363,805.775247584357,1841.07390,18410739000
920.7182438645295,801.3672087598242,1841.30390,18413039000
910.5792692048569,827.9994275984475,1841.52910,18415291000
884.3784515811839,822.3598640652244,1841.75940,18417594000
863.4040739411878,783.7223908980424,1841.98370,18419837000
820.1774029575379,802.3617039590704,1842.22400,18422240000
874.3360600562454,825.1961903934802,1842.45850,18424585000
920.3540912156923,844.2263409169417,1842.70560,18427056000
814.4301860677346,870.4244087562638,1842.93100,18429310000
948.1306099577553,812.7288349975757,1843.15950,18431595000
964.475239945403,700.1647189316179,1843.38400,18433840000
1168.8839363488103,702.2977678896308,1843.62070,18436207000
1238.3811625564206,675.3393071954753,1843.85100,18438510000
1176.598500421258,588.5250968837785,1844.09090,18440909000
1197.209609155162,518.0553588256411,1844.32380,18443238000
1184.7310082322829,426.8265324167642,1844.55230,18445523000
1207.8746543178445,383.3419936346635,1844.82260,18448226000
1203.0998413586258,325.940682022967,1845.09630,18450963000
1132.1739310486412,283.16956555204865,1845.33370,18453337000
1069.3329148376856,230.84611120528473,1845.58020,18455802000
1025.864600576883,232.66440324607618,1845.81610,18458161000
983.779720305374,188.51639138938828,1846.11140,18461114000
955.5516388276618,219.12973885625559,1846.34900,18463490000
932.0335669130607,175.72651206601316,1846.57300,18465730000
944.3956029438227,208.50782009231477,1846.82770,18468277000
1003.5815233614733,247.9367717369041,1847.03690,18470369000
1021.4335192937344,323.6083370761082,1847.24320,18472432000
951.3498050140638,362.5834899413163,1847.45460,18474546000
916.8733444126254,354.2226668417487,1847.66450,18476645000
894.2264997189467,381.40838238979984,1847.88040,18478804000
920.7785292897362,373.63895090167006,1848.09910,18480991000
886.7016923394733,400.9434168311712,1848.30600,18483060000
900.6177598257125,406.50923314900837,1848.52220,18485222000
918.3286174643422,386.94779175367944,1848.72900,18487290000
943.7856973248711,387.4362646239944,1848.93580,18489358000
908.900938789799,347.8625734009753,1849.14380,18491438000
936.0609524492363,359.88040991190314,1849.35070,18493507000
994.5659340981448,350.792712941831,1849.56550,18495655000
1010.853951578009,374.0242457480961,1849.79210,18497921000
981.6187246840814,281.9695491585456,1850.03670,18500367000
1013.2704034830319,290.6613061840837,1850.27720,18502772000
1012.2770328750495,321.67673461772483,1850.52260,18505226000
1027.2923357030127,322.1081497518225,1850.75400,18507540000
1055.5443886265996,298.7398644829579,1850.98780,18509878000
1058.788074121422,295.3866659492176,1851.21790,18512179000
994.3642023957484,374.04667070974375,1851.44450,18514445000
1104.4385501905945,393.3528349111567,1851.67200,18516720000
1022.0287186179042,396.1150155245669,1851.91650,18519165000
906.2777595264726,391.4165949328113,1852.14760,18521476000
916.9511047028681,408.7513158430154,1852.36820,18523682000
949.6475804923506,416.76786025554316,1852.59770,18525977000
905.0666872522387,443.1101268586505,1852.82380,18528238000
923.5788604115638,387.6669121397421,1853.05360,18530536000
964.4485331909162,330.1760105033545,1853.29870,18532987000
970.4187876222938,353.4616708862618,1853.54040,18535404000
1015.2660570732777,387.7716956190342,1853.76500,18537650000
1013.2354407826182,457.0944736715906,1853.99480,18539948000
1028.7159867612963,510.0026053641418,1854.22540,18542254000
1050.347011201457,413.5577135332932,1854.45610,18544561000
1095.1077525680876,422.14288828945564,1854.68740,18546874000
1045.4413886847667,385.8611393609073,1854.91710,18549171000
873.2973174257745,337.22509035274084,1855.17230,18551723000
851.7464652433059,258.58742827247136,1855.42850,18554285000
809.4117176596583,260.42388174663563,1855.68910,18556891000
745.4817782981087,239.17367549265532,1855.94450,18559445000
814.0376858442355,304.7010152261589,1856.19660,18561966000
743.8363827828539,298.2807994538846,1856.43220,18564322000
652.9340482358707,230.85827250249133,1856.66250,18566625000
510.28631015322514,189.33193667640487,1856.89250,18568925000
472.9224311385466,258.5469885790096,1857.12000,18571200000
530.8213644495379,325.25161349070373,1857.34780,18573478000
713.7096340666442,394.8742282142724,1857.58220,18575822000
750.5738437247948,354.259039982261,1857.84240,18578424000
835.2810263491739,319.08813941967895,1858.06960,18580696000
657.2198642955257,316.970360415226,1858.29530,18582953000
437.6589560215583,369.56970477440876,1858.57230,18585723000
370.1282808329256,361.4164408034106,1858.79880,18587988000
236.96027631374432,299.1579977669874,1859.03480,18590348000
447.53765102523903,284.6152647395753,1859.26500,18592650000
498.99418131273063,359.6774499363599,1859.50030,18595003000
551.151859306496,403.5062842987276,1859.74620,18597462000
669.4514417319318,510.7507884812579,1859.97460,18599746000
804.2154074566837,494.8603031959644,1860.23630,18602363000
844.4627464275462,557.4593471740096,1860.46380,18604638000
966.2378101808092,584.3731496712566,1860.71690,18607169000
1037.3772166877584,565.5718600874342,1860.94390,18609439000
1068.7448557081855,500.83314789582346,1861.19200,18611920000
1190.7833755791335,434.451741999144,1861.42240,18614224000
1230.086503135498,463.10802916307176,1861.65080,18616508000
1177.941875896409,464.6521644038672,1861.88120,18618812000
1299.678239254029,472.95182524938224,1862.10910,18621091000
1387.871325340796,560.0017481482354,1862.34640,18623464000
1331.5437676081795,562.8524455615513,1862.57620,18625762000
1328.1721884623425,578.2720389710227,1862.86370,18628637000
1325.1714094419453,587.3053032951897,1863.14970,18631497000
1195.2528418092447,428.0755046278759,1863.41100,18634110000
971.9479304639237,365.6255494987296,1863.66680,18636668000
875.0420481009912,468.9682795451409,1863.92510,18639251000
823.2261987115016,458.6334203843803,1864.15170,18641517000
789.1513210944224,482.52087835099513,1864.37770,18643777000
664.8811688300171,416.2942899864101,1864.60990,18646099000
627.3865933917314,375.3404640960974,1864.82960,18648296000
585.5082009604525,352.2952692728553,1865.06380,18650638000
416.624067063859,379.2960280316514,1865.30550,18653055000
392.450879785653,395.86071167152403,1865.52990,18655299000
375.79730508736,392.36651577788626,1865.75810,18657581000
422.6419777719353,369.81754641037537,1865.99040,18659904000
541.5575080869473,475.2541470713522,1866.21940,18662194000
715.0529116696209,539.293763231609,1866.44910,18664491000
723.4139393051025,601.8248218347346,1866.67510,18666751000
768.536088208442,634.9314555631468,1866.90580,18669058000
726.9556529435058,637.2951940939389,1867.16080,18671608000
639.3894425397265,591.3958352361885,1867.38930,18673893000
619.99504077107,522.4030021910958,1867.61840,18676184000
583.2326835465732,531.5108488005939,1867.84700,18678470000
541.8799811130597,547.3983023509553,1868.07920,18680792000
471.20177469892417,511.0483731870042,1868.30790,18683079000
531.0283043755318,457.5245918793984,1868.53380,18685338000
582.8357891150523,397.1409191997951,1868.75750,18687575000
642.3576069284036,423.39150214032344,1868.98080,18689808000
780.6392725537959,483.82850402644704,1869.21510,18692151000
1012.828935256354,530.7022757850473,1869.45390,18694539000
1158.5217336184742,568.4971522747339,1869.69380,18696938000
1171.4623856666292,593.8484237994905,1869.92380,18699238000
1195.1743372624533,624.0619065292674,1870.15480,18701548000
1191.8645429881215,625.9812822133474,1870.38510,18703851000
1246.3278867669676,669.5220361933694,1870.61240,18706124000
1211.6774570164946,690.3188448039914,1870.83650,18708365000
1219.718068896379,684.7375314870108,1871.06330,18710633000
1261.0081756400277,687.3148558924607,1871.30140,18713014000
1190.4880254983975,667.6650466524212,1871.53150,18715315000
1078.6749445061973,541.6541956019352,1871.75620,18717562000
954.9769519227985,494.59868419873095,1871.98080,18719808000
1015.7335499661693,573.7279630792193,1872.20330,18722033000
977.8091286092522,610.4839625367894,1872.42760,18724276000
1029.194462947281,619.2694863486058,1872.65090,18726509000
957.0433557362195,665.8997522921376,1872.87920,18728792000
974.3021093268243,624.2121330044797,1873.10400,18731040000
961.9517264036341,641.2546940233742,1873.33670,18733367000
1028.8634709762955,683.9798185921026,1873.56520,18735652000
1017.1699653997593,692.8063808786238,1873.82620,18738262000
1075.295131165182,684.2138978638247,1874.09860,18740986000
1095.1204704918007,703.242532839892,1874.33000,18743300000
1085.855110579592,608.4023180970071,1874.54900,18745490000
993.8337344942091,591.9256954067162,1874.77220,18747722000
1069.185040815321,569.7559551311155,1875.00360,18750036000
1019.4455771110514,594.212650245393,1875.24330,18752433000
1060.6172582612517,571.6505147168959,1875.46310,18754631000
1059.864296451354,512.1963485296727,1875.72360,18757236000
1128.7191474750016,538.4093455017485,1875.95510,18759551000
1207.3504421558207,565.5629253714346,1876.18970,18761897000
1166.2370756321086,576.0598339222429,1876.48700,18764870000
1142.3505587444688,573.3529656052485,1876.71320,18767132000
1152.2489241551125,584.0462636947715,1876.94150,18769415000
1019.8005391692644,569.5090656703742,1877.16420,18771642000
902.4046405546501,540.3810045132137,1877.39520,18773952000
939.9418039663093,516.1110262893922,1877.67790,18776779000
956.7870049621532,536.2115947807001,1877.95540,18779554000
946.015220183312,480.74771948307716,1878.18610,18781861000
919.5348544926513,425.72777129205065,1878.41030,18784103000
863.1644012196824,357.5529631569289,1878.63940,18786394000
945.7130295386258,364.2429906558894,1878.91300,18789130000
1131.3462433761758,408.71484736224124,1879.18230,18791823000
1217.022613846414,476.89542675799936,1879.41360,18794136000
1252.9636023399728,545.0120376236976,1879.63950,18796395000
1246.878491839705,590.0059741693894,1879.91020,18799102000
1156.5946128780515,486.21952998821087,1880.14950,18801495000
1074.1809756230898,417.13011996992014,1880.38780,18803878000
1047.29675308871,380.6124165545751,1880.61600,18806160000
1129.6307685438148,506.13681670010044,1880.85880,18808588000
1236.3537985537344,523.2738734238261,1881.08660,18810866000
1167.034632217828,532.2499492663583,1881.37420,18813742000
982.7388395041411,475.20375355161394,1881.60380,18816038000
805.8791341550123,420.8939262276619,1881.83700,18818370000
767.6171024533083,401.9343581366375,1882.08150,18820815000
845.0897724010348,460.2321882456829,1882.33370,18823337000
1001.1992673565788,517.3519174154098,1882.56360,18825636000
977.3833279266122,491.15404216905915,1882.80550,18828055000
903.0162133930249,431.36024272255094,1883.04470,18830447000
935.8189963431923,419.2235740312333,1883.28510,18832851000
981.9067797716519,411.7538444838015,1883.51040,18835104000
978.0536359202732,390.54530941630884,1883.73900,18837390000
991.3231970467475,369.6957626612827,1883.96990,18839699000
1056.6714936780625,387.3330532729153,1884.26370,18842637000
1200.8918793590005,465.8818214154013,1884.48920,18844892000
1248.8304228159382,552.796354473535,1884.72190,18847219000
1308.2195139558066,607.6866559760929,1884.95710,18849571000
1370.0106708831818,622.4685415334393,1885.19040,18851904000
1372.4426895443023,604.3674847438124,1885.42500,18854250000
1385.2632090693621,579.6663100438715,1885.65110,18856511000
1418.8377645708802,608.405965682052,1885.87990,18858799000
1362.091646412281,631.7081658235868,1886.10900,18861090000
1385.8452219706178,650.0724944161979,1886.34540,18863454000
1329.3111853909697,680.2905251944283,1886.57430,18865743000
1325.1039750897169,682.5691175771237,1886.79990,18867999000
1231.0961706863689,629.695445525015,1887.02930,18870293000
1136.339444825441,576.2578102190727,1887.26810,18872681000
1088.1855348739766,508.8345770376253,1887.50310,18875031000
1035.2996079399536,484.1623455081199,1887.72870,18877287000
1004.7472895012346,431.4731647554453,1887.95760,18879576000
941.5544697710027,420.58624578946973,1888.18320,18881832000
860.8327459429325,320.76195953788636,1888.40960,18884096000
800.8430480518573,335.1775304309442,1888.64030,18886403000
822.0645910977894,308.0423132792854,1888.86640,18888664000
786.9978470914749,311.5470979326402,1889.10210,18891021000
765.257073033996,291.9357318474598,1889.33050,18893305000
754.3268468042038,310.5561593269114,1889.55180,18895518000
797.9062311811728,297.5349289171963,1889.78080,18897808000
809.4579942970336,306.41951612338886,1890.00760,18900076000
860.5959983857027,292.5460117160486,1890.22620,18902262000
853.53516668594,345.0409398342167,1890.46220,18904622000
805.8461057621208,261.1125978853687,1890.69270,18906927000
754.5551385430895,164.8254062552175,1890.92200,18909220000
711.4026353981907,159.66661744939057,1891.15600,18911560000
767.4541785475146,130.76795061841133,1891.38680,18913868000
834.7315447128802,188.89618944754602,1891.60550,18916055000
825.9700943558526,216.14574631597887,1891.84060,18918406000
819.3212075629573,200.31138067641382,1892.06690,18920669000
769.3753438812535,206.86697296489038,1892.30440,18923044000
754.4590134882159,238.12177572295138,1892.53180,18925318000
775.129537773106,290.922961075414,1892.76430,18927643000
766.756273436889,261.18141451128577,1892.99350,18929935000
771.925898254433,267.9536026572291,1893.22790,18932279000
827.9314554560065,306.67002770687554,1893.47830,18934783000
845.3179846994667,296.30660468219816,1893.70300,18937030000
811.3312594140094,267.6985446971238,1893.92090,18939209000
802.3055629108194,263.6836093054596,1894.14920,18941492000
775.1525307414064,276.4438362268543,1894.38310,18943831000
816.5123340491764,319.2438414004155,1894.63760,18946376000
817.3695816278504,353.3359344763089,1894.86480,18948648000
870.9597544590594,347.1386058652043,1895.09130,18950913000
893.2404501046176,340.01303986600743,1895.33180,18953318000
907.4031619448965,301.25987547475125,1895.56280,18955628000
924.4020064961189,299.4967107760392,1895.78850,18957885000
950.0536062853796,312.41174866889247,1896.00740,18960074000
921.7350557053076,294.3846876675578,1896.25020,18962502000
956.9857266728218,289.6114947273068,1896.52720,18965272000
937.3419368272343,291.7263463121521,1896.75610,18967561000
997.2533851635154,241.91265877900412,1897.01160,18970116000
973.2715147868812,297.3342046936718,1897.24560,18972456000
908.2331435688034,276.83850791563606,1897.47730,18974773000
945.3211556533574,237.04910052326676,1897.76360,18977636000
933.8643181764863,286.43784902150765,1897.99570,18979957000
904.5615213065802,352.5971436249501,1898.21610,18982161000
893.0674692765497,349.33738044928094,1898.44610,18984461000
899.8548828364897,270.2562225898149,1898.67090,18986709000
876.2634171620797,253.37151247554945,1898.89820,18988982000
914.0774802279515,257.0793953010587,1899.14890,18991489000
947.3898749067922,252.06434528542857,1899.42550,18994255000
915.9407101910392,249.40622213873692,1899.70110,18997011000
875.2154329036023,217.3448642328796,1899.93780,18999378000
800.8002544629754,193.22664781793725,1900.17230,19001723000
839.5083335990389,198.04815430987898,1900.42690,19004269000
841.5323181525326,255.73462388544954,1900.66790,19006679000
838.6585836985674,277.21677079638715,1900.91050,19009105000
889.8155894521134,298.4676931238887,1901.13990,19011399000
852.8365149938624,223.38938179153297,1901.38320,19013832000
858.7920071764235,232.8589234775354,1901.65680,19016568000
873.9113763574525,254.8682727564332,1901.88660,19018866000
919.4335956647667,247.76372934777604,1902.12800,19021280000
939.4751059653704,243.74987713875586,1902.35890,19023589000
879.2550651004067,188.84002525918453,1902.59410,19025941000
916.2666964626843,192.2733729531262,1902.83730,19028373000
909.6491636516463,238.6237708947337,1903.12140,19031214000
854.0429549315411,231.20836114266655,1903.41530,19034153000
788.9135003531018,253.0803945749529,1903.65620,19036562000
776.6145076813564,196.08270141549076,1903.94060,19039406000
793.4763904367296,261.6759756944308,1904.16380,19041638000
707.6219600637419,258.7086088774059,1904.39170,19043917000
715.2965811727704,237.07491935828472,1904.62570,19046257000
672.1171586709304,266.9675290380051,1904.85780,19048578000
774.7078180733813,319.10266383376154,1905.08140,19050814000
746.2131089980675,349.8527521818142,1905.31680,19053168000
714.9065714192581,319.73820496828966,1905.54180,19055418000
766.1928290393354,359.78571622435055,1905.77380,19057738000
778.4509462475578,309.73784047397703,1906.00020,19060002000
752.0459176535726,248.51017617411875,1906.22560,19062256000
777.8779641229437,281.95984981595353,1906.46240,19064624000
827.9072150777295,293.0758824818675,1906.68860,19066886000
891.7374899296611,256.52358914384916,1906.93310,19069331000
876.4429204318975,283.68112101601685,1907.16430,19071643000
913.0872755786005,188.1852691015573,1907.39080,19073908000
878.2256346521858,229.4628676566586,1907.61960,19076196000
866.4411936678816,137.1099602094093,1907.84530,19078453000
899.9976018586058,179.64754920375344,1908.07120,19080712000
845.2366058422865,146.9945781450786,1908.29540,19082954000
864.6269873270177,200.13837562414977,1908.51880,19085188000
909.1417363306781,183.70289385184313,1908.75520,19087552000
927.3091466479563,183.4227733160997,1908.98900,19089890000
920.0165814061697,194.22313559973088,1909.22170,19092217000
907.939277377244,254.40534946645766,1909.46950,19094695000
956.2177730384752,209.21861124672012,1909.69710,19096971000
966.1047730646486,246.66990335700723,1909.93460,19099346000
985.0190885861292,188.01568905056462,1910.16520,19101652000
988.0765119169938,243.8391676163402,1910.39170,19103917000
894.8169794298842,177.94518451450568,1910.61960,19106196000
1026.581165945972,262.22138787131206,1910.85470,19108547000
1063.2339094160707,313.076415278678,1911.08140,19110814000
1215.6341854680957,445.2257390303362,1911.30970,19113097000
1110.9125136831924,452.59506565486663,1911.54510,19115451000
1056.7706085366372,465.4846974162907,1911.77480,19117748000
970.3284577482183,328.542601921545,1912.02570,19120257000
934.0639103703681,326.482159042372,1912.25000,19122500000
966.36882419795,248.42278136589624,1912.48040,19124804000
953.5437200862604,268.3479995644885,1912.70620,19127062000
921.7598679832115,259.0509172140117,1912.94390,19129439000
949.6279899613139,294.00600247616285,1913.16700,19131670000
920.5421395283614,251.20549580469992,1913.40140,19134014000
950.7517470127857,315.1237446432643,1913.63760,19136376000
1038.327195474635,313.96345526889536,1913.86380,19138638000
1142.872526682214,372.22705889042845,1914.08870,19140887000
1196.4597376555491,354.9368049718344,1914.31780,19143178000
1074.0248041596021,321.95185944150626,1914.54140,19145414000
888.8979258596612,308.04170503571896,1914.76650,19147665000
872.3801167034833,308.407099864163,1914.99210,19149921000
781.0175864631052,318.80449806326305,1915.22530,19152253000
641.1121650699694,239.8165457091233,1915.45380,19154538000
429.717130169437,236.45287399259246,1915.71650,19157165000
291.8096600699158,280.66530972829764,1915.94110,19159411000
297.12534246846093,291.90205625952444,1916.17250,19161725000
446.4877862018765,413.9488103423,1916.39530,19163953000
512.921540344795,496.75045173058254,1916.63700,19166370000
540.4870433031123,547.7902763038691,1916.86580,19168658000
588.2333997179036,572.574607937671,1917.10050,19171005000
624.3108655179284,596.6395802914127,1917.32590,19173259000
698.1131865276021,618.6401681771683,1917.57180,19175718000
716.9322342055152,606.5436721474235,1917.81140,19178114000
799.5511686273328,555.1230747849409,1918.04090,19180409000
827.1621286109716,545.8154436672661,1918.26880,19182688000
853.1710058690722,533.2500078011263,1918.49830,19184983000
843.472790878119,498.6327135613332,1918.74050,19187405000
850.5088168865474,468.65131339692,1918.98030,19189803000
875.7575681197236,438.30792897216605,1919.21700,19192170000
890.2671572418895,394.5371007155419,1919.44830,19194483000
932.9470961042927,397.61551178404284,1919.67940,19196794000
826.1227978822384,403.1541214479764,1919.90640,19199064000
859.8028373261513,373.5842536467746,1920.12750,19201275000
880.835119203367,397.36729246021986,1920.35430,19203543000
894.7742106911668,401.1563167526116,1920.57600,19205760000
926.0039177251969,402.7809173156015,1920.80110,19208011000
937.0428691573694,387.2063592242384,1921.03750,19210375000
1008.5526649569587,348.25898671621985,1921.28640,19212864000
1039.3754879725302,351.40381276630865,1921.52100,19215210000
1036.4506471604623,348.4899925367786,1921.75350,19217535000
1048.392446025559,377.09168377731316,1921.98490,19219849000
1079.4324692636828,373.49623709290853,1922.22110,19222211000
1083.3831239827807,418.33746147653375,1922.45820,19224582000
1085.5480128135111,412.50826153848317,1922.68130,19226813000
1061.8649625903531,416.71908786175425,1922.91850,19229185000
1062.5345623677454,439.5873468837123,1923.14240,19231424000
1091.108162142632,448.1975030655387,1923.36930,19233693000
1094.344799791078,461.3669200522539,1923.59650,19235965000
1023.3504986031462,484.12918518007416,1923.83740,19238374000
976.2819660314368,531.4229832634387,1924.06100,19240610000
1055.0896325682168,541.209740935858,1924.30170,19243017000
1031.2307566425372,517.694058125447,1924.52380,19245238000
1049.2117224108376,541.0817359699524,1924.77730,19247773000
943.320149778399,536.6763092380431,1925.00900,19250090000
920.7898907745641,596.6010258266537,1925.23490,19252349000
864.438377230833,655.2018329285543,1925.46150,19254615000
853.2920588119097,625.7025857205834,1925.68620,19256862000
877.0845375931054,632.0945770436055,1925.91860,19259186000
835.1367269969317,574.0912252872093,1926.15120,19261512000
850.4183556877636,570.108387855546,1926.38310,19263831000
887.3547118635398,519.8233277831041,1926.61450,19266145000
912.306649922655,551.472151728846,1926.85250,19268525000
953.4524363631829,535.0896419517462,1927.11840,19271184000
1017.27798440672,474.8822366467919,1927.34650,19273465000
1074.5517045284937,430.55994376000797,1927.57300,19275730000
1013.2543823820716,415.8928115211734,1927.80620,19278062000
835.7837604305715,334.339001006897,1928.03200,19280320000
800.9547328256325,309.22371157013464,1928.27150,19282715000
813.8448213989514,284.5103562268267,1928.50060,19285006000
862.0610603643865,245.20360285153646,1928.73050,19287305000
943.643814723677,154.21152252264375,1928.95870,19289587000
983.6584585597743,131.53148600231037,1929.18200,19291820000
1032.1194081259189,103.0828979598727,1929.40970,19294097000
1085.1002937293124,157.94529688929967,1929.63920,19296392000
1149.6752328986602,110.25144869396838,1929.87510,19298751000
1161.732923574966,108.13650010626388,1930.10030,19301003000
1176.856506662922,92.09398821757968,1930.32560,19303256000
1254.0229698877663,62.78187444401329,1930.55100,19305510000
1281.0012150547232,24.455742687901978,1930.78030,19307803000
1143.510213016294,126.22951460958296,1931.01040,19310104000
939.0647682036291,158.41037262162263,1931.23570,19312357000
960.6165001601444,188.97077375846817,1931.46820,19314682000
988.880610048611,181.66343453431807,1931.68900,19316890000
1002.1589796234373,221.48210359938463,1931.90710,19319071000
985.1549860501214,258.9078214146152,1932.13620,19321362000
1069.7122008573817,261.48572850928196,1932.35580,19323558000
1111.9911456793623,270.0721074175547,1932.58080,19325808000
1118.5765046416002,284.2048000382271,1932.81070,19328107000
1100.7327377335796,322.9919061905994,1933.05260,19330526000
1073.4462110259783,393.41499718376326,1933.33340,19333334000
827.1302261371187,474.30341039716916,1933.55850,19335585000
694.5996896159554,482.286841629094,1933.78280,19337828000
596.5002127180904,444.8671342333407,1934.00950,19340095000
607.2880914128434,426.8472212860818,1934.25230,19342523000
578.2143394777797,406.5488020304773,1934.47960,19344796000
595.7454551800662,378.91703998775097,1934.74180,19347418000
570.1333519949955,329.65355722683967,1934.97370,19349737000
644.1950453966203,408.1271693095849,1935.21890,19352189000
660.7017669911992,420.1862867690642,1935.44590,19354459000
661.0012678344222,484.29789239770656,1935.66960,19356696000
662.6491282584111,498.62107411333756,1935.90660,19359066000
652.1408140719298,484.33079877952883,1936.13450,19361345000
676.6331369341823,484.75405114654126,1936.36680,19363668000
654.4851923236614,406.860433055436,1936.60680,19366068000
486.9093457348482,460.44774233057893,1936.82940,19368294000
429.2168193270061,468.9461603730012,1937.06700,19370670000
490.4272596987298,448.62132584709957,1937.29450,19372945000
790.0479493177468,502.4112342060236,1937.55840,19375584000
892.6182970282981,490.0911436926836,1937.81810,19378181000
817.5516979766464,441.6312426107901,1938.05200,19380520000
768.4542718068153,332.72406795046743,1938.28070,19382807000
788.9087203596346,279.3597173765403,1938.51820,19385182000
790.3870994243002,289.4164770547058,1938.77370,19387737000
707.529014942054,283.83927629021366,1939.02060,19390206000
614.1496419282605,273.0414235331169,1939.24600,19392460000
608.4207514060339,286.6402612020993,1939.54010,19395401000
502.06090174141104,240.53220241816157,1939.78650,19397865000
432.1943833748509,237.13458271233657,1940.02600,19400260000
375.26307362749174,285.2918799270653,1940.26090,19402609000
454.3390255790537,304.29327521819164,1940.51900,19405190000
456.50600183569185,332.25917802545456,1940.76640,19407664000
407.79318614864667,330.01230669981294,1941.00940,19410094000
435.0508861908452,314.6721917367877,1941.23240,19412324000
367.506912502247,311.0621989525687,1941.46900,19414690000
466.65759959083357,374.77811837120714,1941.71210,19417121000
466.3107957014138,413.07462833572947,1941.97070,19419707000
518.3002455908578,381.0350022227417,1942.24990,19422499000
602.4138968424554,408.83946445393514,1942.48960,19424896000
832.7656361002788,433.3214798340827,1942.72240,19427224000
927.24068552189,381.3347108092528,1943.00670,19430067000
966.9812874974386,391.81646461549985,1943.23330,19432333000
1031.9252176399962,415.3921130223949,1943.54070,19435407000
1129.8239517762652,357.04646169816,1943.79330,19437933000
1147.1893333230569,306.4549575986535,1944.03730,19440373000
1149.5518189910533,191.05537988302143,1944.26940,19442694000
1159.0181634304488,290.94358078558434,1944.55280,19445528000
1118.8819317452367,358.12368132506737,1944.79900,19447990000
1142.692067574306,452.4190308713785,1945.03980,19450398000
1153.1450051489307,454.13018134626446,1945.29500,19452950000
1138.460059243898,491.55515852948315,1945.53010,19455301000
1074.4406402670093,575.5755710573228,1945.75700,19457570000
1019.9393299466296,586.0265066309225,1945.98520,19459852000
991.1691579250798,620.2479930087229,1946.21420,19462142000
903.9132603564431,657.4466914940976,1946.44850,19464485000
871.8143754127078,692.8460548366476,1946.67620,19466762000
756.3222841463781,706.9150051727239,1946.89700,19468970000
692.9167570874228,726.2920291369251,1947.12960,19471296000
675.1311267257248,743.6399644956366,1947.40180,19474018000
652.6352073543072,736.3648930621943,1947.63490,19476349000
649.3252772340561,738.1432302312932,1947.88150,19478815000
630.9490869753034,733.7649865433658,1948.11410,19481141000
616.2575424589062,762.9339494547451,1948.34000,19483400000
632.2548530695941,711.0599782277603,1948.56570,19485657000
688.7760151423947,692.3703871226936,1948.79470,19487947000
730.3575143018788,663.7835653811657,1949.02730,19490273000
747.222763450458,607.3085286073797,1949.28010,19492801000
756.8960551151365,573.1877961484795,1949.51110,19495111000
827.9500840874202,552.4407386229678,1949.75460,19497546000
942.4184263120806,602.6096615541923,1949.98410,19499841000
947.3871888754005,601.9390888946116,1950.20660,19502066000
1070.8727022180956,601.9616692397586,1950.44920,19504492000
1212.2812145815112,626.3121985804236,1950.67950,19506795000
1104.4889507893347,609.497501058106,1950.91780,19509178000
1109.516595590636,572.6530658327963,1951.17040,19511704000
1020.5821300773233,525.8778980208396,1951.40530,19514053000
917.9018207663843,479.36051003579877,1951.63260,19516326000
924.582151041073,443.4115839884672,1951.87480,19518748000
852.3362900603385,415.17482754024047,1952.10720,19521072000
842.3096345115907,408.4471911374946,1952.34590,19523459000
797.8404706911836,438.7074809073466,1952.57750,19525775000
809.8448605650276,446.4947974925585,1952.80410,19528041000
757.554824637781,446.36993222076944,1953.04040,19530404000
757.6504986904771,473.4661959620969,1953.27780,19532778000
811.8159177149396,423.3072791217403,1953.52930,19535293000
832.5588420370428,491.66353379249426,1953.76560,19537656000
785.7325188091309,552.1704315311791,1953.99600,19539960000
737.8034478187412,569.8728192461255,1954.23040,19542304000
721.6221957417696,602.0209480297156,1954.45470,19544547000
724.7125803941558,618.5911738605113,1954.68090,19546809000
733.2144402049661,662.4064439463352,1954.91680,19549168000
690.2608897471429,717.5777676728097,1955.15050,19551505000
788.7778657376901,723.2921144172485,1955.37870,19553787000
677.3042272039874,668.5644515885309,1955.61080,19556108000
803.391078238061,702.282871918619,1955.83560,19558356000
818.4984957596686,664.0875330231659,1956.05800,19560580000
818.5439265944614,614.8792329137427,1956.28620,19562862000
860.083663526789,581.2707450747913,1956.54230,19565423000
930.4886196794632,574.1598736579374,1956.79110,19567911000
857.3384506244583,379.4138156993422,1957.04540,19570454000
897.769698382576,367.2420844331697,1957.29330,19572933000
823.5620062258873,430.74318085036936,1957.56210,19575621000
963.3095436801713,477.30337305561045,1957.81470,19578147000
913.1679302954922,407.0819301492745,1958.08220,19580822000
1013.2921198789594,464.990595712515,1958.35460,19583546000
1005.2179833322258,478.7187709132926,1958.60790,19586079000
952.3141047066254,419.59357224134754,1958.85130,19588513000
854.7646319501707,442.67910391341894,1959.10650,19591065000
752.6638371702584,372.7606050840094,1959.36470,19593647000
748.4546864774454,407.4534738968558,1959.62510,19596251000
749.2221755321151,377.2101668186087,1959.85810,19598581000
732.4492314339459,374.14003774387356,1960.09220,19600922000
705.3917245525272,347.16989801207393,1960.32870,19603287000
690.0089753690622,294.50533913441006,1960.59350,19605935000
692.0553316496752,291.20968354714176,1960.85410,19608541000
877.6832577757527,264.3394954261335,1961.10970,19611097000
937.4150072187019,349.6000674455477,1961.36730,19613673000
997.181870875864,452.3612767118457,1961.59730,19615973000
886.3703972915417,462.77461244774577,1961.83740,19618374000
856.5753611026474,519.5810362870885,1962.07010,19620701000
787.550306961816,513.2807409029585,1962.30590,19623059000
826.0839821604847,473.0092384490484,1962.52760,19625276000
1070.0458792166262,553.745432293764,1962.77020,19627702000
1073.513518465811,482.84998000776943,1963.01470,19630147000
1022.0126670166615,485.17454341725306,1963.24980,19632498000
1112.2415561276937,503.3568497066926,1963.50750,19635075000
1075.6970246375295,414.1447901194809,1963.81290,19638129000
973.3481415478606,379.45140249614883,1964.06450,19640645000
1020.0543282751526,395.60303146961553,1964.30540,19643054000
1130.876035814659,400.99023319068493,1964.73970,19647397000
1134.9822394118912,514.2655786165373,1964.98380,19649838000
1080.911693580351,531.6351745434547,1965.22730,19652273000
1020.37221329646,563.6105907745302,1965.45420,19654542000
914.7641765202429,585.6690202855931,1965.67820,19656782000
744.8037050968068,584.3202065019246,1965.91850,19659185000
795.4063566908693,644.8899547754138,1966.14190,19661419000
826.969282809556,715.7414316007147,1966.36020,19663602000
835.0491313876354,781.9833525120081,1966.60120,19666012000
874.0040924248564,791.6432034250784,1966.82670,19668267000
850.0419762572766,805.1750549966723,1967.07140,19670714000
908.8463567178169,768.2389786097327,1967.29600,19672960000
815.8469324449279,795.7368635074629,1967.53070,19675307000
793.4065464308542,770.7531354868509,1967.75840,19677584000
933.0507919315173,770.3562321829152,1967.98860,19679886000
1154.8951275628292,739.5310234554047,1968.21080,19682108000
1223.1137766977772,740.1201811759128,1968.43860,19684386000
1261.8287370730645,719.4380218337895,1968.67490,19686749000
1263.230352055457,638.340800373935,1968.90480,19689048000
1229.3618317308315,563.3596366694088,1969.13960,19691396000
1185.868283207514,526.6228802907327,1969.37360,19693736000
1052.1782790093198,555.6533680577148,1969.60350,19696035000
978.3210600403544,541.913848656853,1969.83600,19698360000
823.0765683937989,541.1719648641167,1970.06730,19700673000
739.8130658963531,501.9761587381204,1970.30220,19703022000
715.3745031009219,533.4844515082082,1970.52410,19705241000
799.5559171765167,586.5369394040433,1970.75180,19707518000
798.543296114498,631.6907203491612,1970.98280,19709828000
784.749939796247,722.1954410141681,1971.20170,19712017000
874.627132117507,718.0479954041557,1971.45140,19714514000
839.7564507697823,646.9367353492929,1971.68380,19716838000
846.7160865542046,579.233278038523,1971.91510,19719151000
744.5329455675144,577.9258911268117,1972.14590,19721459000
640.9392559969895,604.6744758091219,1972.37400,19723740000
638.0353882011931,614.5905332465178,1972.59670,19725967000
675.2979476990738,646.2673500231538,1972.82480,19728248000
694.6467587461558,617.9856206987271,1973.04410,19730441000
646.1049933077188,546.8333364769911,1973.26250,19732625000
706.4623712325129,581.6518717090723,1973.48350,19734835000
748.5090127679731,641.012145887106,1973.70920,19737092000
709.0202125637294,635.3972226469311,1973.93400,19739340000
790.7294174553738,627.6519611847609,1974.15670,19741567000
733.0118896896648,643.4099376777178,1974.38010,19743801000
733.8032417559335,657.0965374751703,1974.60320,19746032000
681.8039630911974,679.7832277937615,1974.83030,19748303000
675.9665480588365,702.8925483667233,1975.05510,19750551000
796.3350301684962,560.1371809761647,1975.28950,19752895000
962.427471267294,575.5475091820472,1975.53860,19755386000
836.4774712348221,604.4684625433661,1975.77600,19757760000
787.3262073018439,671.6171018147675,1976.00210,19760021000
811.4094199289565,675.6218953850828,1976.22460,19762246000
736.2191974564633,647.5355530286109,1976.47920,19764792000
705.2830620678037,669.9659935866772,1976.71410,19767141000
704.9424580052487,671.2901984544981,1976.98490,19769849000
707.4526359454011,621.6085104798344,1977.21290,19772129000
705.6626224487192,595.1085030136059,1977.46160,19774616000
657.6161179145273,607.5513120674523,1977.70980,19777098000
631.6560070996762,635.6856138363441,1977.93580,19779358000
585.9118075633534,684.1543446049938,1978.15940,19781594000
898.362021348704,603.840823220937,1978.39190,19783919000
881.137649237912,608.2302375124257,1978.70220,19787022000
948.388230599147,618.5911404603523,1978.95170,19789517000
949.282769020343,665.5304650952802,1979.23290,19792329000
958.4597397085536,683.9095958471141,1979.48140,19794814000
1032.7510143197874,722.4641829427618,1979.70220,19797022000
1066.3575287354824,687.9188242942625,1979.95390,19799539000
1089.1156871750345,687.2850700274805,1980.18830,19801883000
1063.0854175486727,656.8583927545811,1980.47260,19804726000
1108.2686615388454,596.230569780722,1980.70420,19807042000
1116.266304622369,526.4822753333515,1980.92380,19809238000
1216.5731376787007,455.48685772321545,1981.19900,19811990000
1195.679943184804,455.8937942408627,1981.45390,19814539000
1222.5043419469748,419.9912262543981,1981.68350,19816835000
1232.72311812878,320.0444523508242,1981.94210,19819421000
1276.183457087148,316.37031824021574,1982.17280,19821728000
1298.7035763150536,365.4470523373954,1982.40250,19824025000
1274.2981332460809,474.25766574276173,1982.63950,19826395000
1194.1075880243966,399.8117654829704,1982.92170,19829217000
1208.6820928205777,495.36312882472254,1983.19240,19831924000
1143.7357169350478,499.04172692938624,1983.41750,19834175000
1136.6317366173846,498.1949078906474,1983.64700,19836470000
1022.8487327368963,479.1304679706056,1983.87600,19838760000
897.7119675168354,437.0868978525068,1984.11710,19841171000
823.1183061193288,394.22119355643963,1984.35970,19843597000
855.0020383988671,356.61186792470875,1984.61270,19846127000
730.1689768691431,335.0888458719342,1984.86440,19848644000
674.9899088461818,331.3462778155008,1985.10830,19851083000
855.9518112186197,332.0901234753977,1985.35240,19853524000
765.6516098960976,297.4365129078488,1985.66360,19856636000
750.2548436702745,353.0909391832699,1985.93630,19859363000
688.0863447083594,430.1465401696318,1986.18640,19861864000
826.2689541687828,423.6858975249519,1986.43670,19864367000
866.1082806177595,497.4315899626025,1986.69370,19866937000
908.5047201484624,452.462076263622,1986.95120,19869512000
895.8044163701537,395.7161809282743,1987.20280,19872028000
963.8448099986592,368.20065323127614,1987.46130,19874613000
1025.5081856292466,333.88978246502165,1987.72360,19877236000
1043.789992540441,312.2768366131232,1987.97690,19879769000
1216.2507355045998,437.2380659693413,1988.23440,19882344000
1110.4990035913318,470.79331600024847,1988.50780,19885078000
1083.4278060823283,600.2000129294144,1988.73990,19887399000
944.4058646079017,538.4643113576533,1988.97760,19889776000
899.7474844014271,516.4054072418356,1989.25310,19892531000
955.959051118541,478.065677239036,1989.47860,19894786000
1007.4410157583791,422.34308791580827,1989.70570,19897057000
843.5415652436508,375.17494276303535,1989.92980,19899298000
676.7338526544729,353.5449570186388,1990.15350,19901535000
523.1325506503027,285.74911549194303,1990.38170,19903817000
505.45497031884287,257.9097519619969,1990.60870,19906087000
549.4476966164108,220.19773120957396,1990.83280,19908328000
590.4522255381601,229.1572994637131,1991.05370,19910537000
640.3551279714513,222.55825014662298,1991.28760,19912876000
723.4324380354362,206.08396222552437,1991.52170,19915217000
715.3774688443949,234.64423711754634,1991.75200,19917520000
813.7578411877688,265.86875813866516,1991.99500,19919950000
922.13829595891,371.3356785356443,1992.23160,19922316000
974.7789800892346,457.2844969891227,1992.46080,19924608000
908.030906442818,419.30729241905544,1992.68440,19926844000
843.5456768346071,381.78373058099794,1992.91740,19929174000
824.0054523933414,424.72731887230543,1993.14130,19931413000
823.1111845036553,356.3573373021558,1993.37020,19933702000
972.2176560039819,300.0510283813287,1993.59260,19935926000
823.8222219028961,386.74489147858577,1993.82040,19938204000
688.0237356873067,357.51473044874064,1994.04900,19940490000
536.5239178633294,395.629945122875,1994.27130,19942713000
388.84603867174064,363.33875674441634,1994.49710,19944971000
319.0910517191763,355.6198727130883,1994.72790,19947279000
469.9440993971061,313.69165426745036,1994.96150,19949615000
554.6474356393642,301.4455776385731,1995.21260,19952126000
756.2128935724297,355.16990009572294,1995.43660,19954366000
802.380975394906,398.84360748756944,1995.66690,19956669000
791.8920221787603,439.73520259405905,1995.90280,19959028000
873.6256040977956,500.84032414272576,1996.12860,19961286000
980.4386979456303,608.9288898797492,1996.36670,19963667000
1055.4350382837563,564.5557387143836,1996.60900,19966090000
973.0360237916664,609.4642370060872,1996.85930,19968593000
1061.4333801316739,581.8785866427811,1997.10900,19971090000
1087.2878703231033,535.7210774262771,1997.41610,19974161000
1178.2760970543447,465.7710016675797,1997.66260,19976626000
1162.2702280834153,411.73953963102844,1997.95510,19979551000
1012.477007977561,460.49309855772964,1998.21440,19982144000
929.4973734123796,520.2565241471234,1998.48770,19984877000
990.1781786048895,560.6127812820758,1998.73370,19987337000
958.3038161292641,515.8914008252542,1998.99140,19989914000
1003.6356719727645,514.2263818432895,1999.24840,19992484000
877.2788842683376,602.7289315437399,1999.51120,19995112000
900.9660606629536,632.1296101437559,1999.75190,19997519000
967.0068169902127,492.5820583823201,2000.00380,20000038000
846.4526769034804,495.25035279976703,2000.26250,20002625000
952.5774088552239,476.73962371076857,2000.51560,20005156000
974.7357485445624,496.8713362217229,2000.77080,20007708000
947.2607438012666,430.9988080193482,2001.03620,20010362000
953.6803499860185,358.0382452085576,2001.29470,20012947000
1004.1231597342489,276.4564733403833,2001.59670,20015967000
958.1426244790788,190.14294039405178,2001.85210,20018521000
720.7454909696942,110.2462511728765,2002.10120,20021012000
718.856653203942,236.70646161284878,2002.34770,20023477000
904.9649860123619,320.472907970224,2002.60270,20026027000
888.8688872702667,281.28761750525865,2002.84750,20028475000
920.993686711152,264.6104698490191,2003.10490,20031049000
814.8765937754391,328.65098391505893,2003.35340,20033534000
811.5891032673143,336.069916154123,2003.59960,20035996000
828.2282778981906,364.7662202426967,2003.84450,20038445000
749.6350893771319,263.04327701119706,2004.09310,20040931000
878.5669385736658,372.9737154422713,2004.38580,20043858000
893.3008209055744,313.15055615115995,2004.64490,20046449000
1002.1546866226869,432.316156926439,2004.91460,20049146000
1021.2461742330552,459.020876931702,2005.17140,20051714000
950.7778065119923,564.46208037536,2005.43780,20054378000
945.5530356597174,531.984821703909,2005.69290,20056929000
918.0398944162608,606.6514578213564,2005.94040,20059404000
1015.7429979415956,664.332217922407,2006.20340,20062034000
1016.0387520371762,619.5165371402761,2006.46280,20064628000
1021.1341283230005,500.7033068026206,2006.73150,20067315000
1077.410859133047,555.0850516984923,2006.97800,20069780000
1135.190224501426,573.5115347056674,2007.19730,20071973000
1089.5877882570896,571.7160102860747,2007.42180,20074218000
1109.5953860214033,506.76325064546785,2007.64160,20076416000
1162.7448771422153,479.1438298065407,2007.87540,20078754000
1118.0724277629997,432.67945939737433,2008.10620,20081062000
998.4934351622718,336.592096730336,2008.33970,20083397000
990.9148975454807,258.14814277255493,2008.56770,20085677000
889.1664341858911,173.86952391724324,2008.79820,20087982000
857.8351028936095,148.8699705182191,2009.03580,20090358000
735.8736530388734,150.5229633490922,2009.26340,20092634000
650.0791050825304,154.932156102372,2009.48850,20094885000
580.1959031002305,202.09431485215583,2009.71930,20097193000
574.8826386569957,204.624900424231,2009.94720,20099472000
591.8841179231541,267.941232424046,2010.18750,20101875000
616.8964549127841,236.05457443953625,2010.41680,20104168000
566.3066800226013,196.27827935994705,2010.64360,20106436000
371.4115037131327,192.97312065820944,2010.87870,20108787000
592.6518621395705,290.0768798401972,2011.15830,20111583000
856.6379318257058,323.7424590034751,2011.38690,20113869000
688.783929415624,282.0395961576096,2011.64580,20116458000
559.806821006445,261.1274054870898,2011.88620,20118862000
582.1173525770378,179.20638911469558,2012.12310,20121231000
719.2451534542375,203.90323208103902,2012.35340,20123534000
967.657172178624,283.4372184151666,2012.60950,20126095000
782.5726470577879,309.7495491600593,2012.84510,20128451000
731.1173448831075,341.6912334808639,2013.07430,20130743000
603.2215002032732,325.4616471880405,2013.31110,20133111000
448.3002424636809,207.95577223546735,2013.53560,20135356000
329.38605881256564,209.77264489862395,2013.75850,20137585000
213.81777534984678,184.2833447295505,2013.98830,20139883000
216.03571575583422,156.04084200847657,2014.21180,20142118000
226.2968247890213,167.08848048232937,2014.45120,20144512000
162.7622685137378,176.2230287413439,2014.67540,20146754000
389.0461371142926,377.2450315961555,2014.90130,20149013000
489.1005332778952,312.87163750473565,2015.13240,20151324000
491.9106793047522,265.1271165451162,2015.35470,20153547000
421.8084487572476,248.72154107560235,2015.59000,20155900000
426.2345570556182,225.13769339187346,2015.82290,20158229000
358.4932893610982,182.15244906380045,2016.05680,20160568000
408.05722129155424,66.52667136442726,2016.28060,20162806000
485.7101450932099,47.36575217989328,2016.50100,20165010000
653.4784456167607,91.0542887498414,2016.72040,20167204000
878.4459181385259,118.17048275097433,2016.94690,20169469000
996.5205914348363,173.74334022761536,2017.17250,20171725000
1199.5175385004063,230.55244161584523,2017.41760,20174176000
1225.3928516465303,172.95613620954805,2017.66730,20176673000
1287.177575092306,155.3598083672639,2017.89870,20178987000
1290.2988610178136,294.87085692181665,2018.12720,20181272000
1289.423658382914,377.68760875922015,2018.36360,20183636000
1331.1805299664445,481.34809709714887,2018.59710,20185971000
1301.9717724886739,493.8077520343608,2018.82720,20188272000
1295.6576772674198,540.5298450736378,2019.04530,20190453000
1259.185220751541,586.4781267021864,2019.27270,20192727000
1203.6481894560889,605.4070953340179,2019.49780,20194978000
1131.7977408940844,643.6202606106887,2019.72100,20197210000
1106.310454051623,639.4087058169235,2019.94590,20199459000
1041.5620005814997,624.2146031574905,2020.17420,20201742000
936.2647042996189,598.7948445939835,2020.43260,20204326000
874.2015446579775,577.2237491327318,2020.67010,20206701000
815.3691163972928,566.8118993348991,2020.89760,20208976000
755.1553321257411,596.0928006623325,2021.13580,20211358000
718.2864688522225,592.1986017789133,2021.36300,20213630000
728.3555714538992,584.8514253881106,2021.58960,20215896000
739.7931610758357,574.2867808582764,2021.82220,20218222000
812.793950515336,607.0523732781397,2022.06020,20220602000
776.6883013699662,599.7202091488934,2022.28080,20222808000
821.5215283749098,607.2706069472314,2022.50580,20225058000
784.0491263041463,571.4574340432492,2022.76590,20227659000
812.7506615308639,528.0611522915797,2022.99170,20229917000
773.1398983747144,517.1356972351678,2023.24470,20232447000
803.0431587687119,552.8601497784865,2023.47490,20234749000
779.3056793347796,533.3004353749062,2023.69700,20236970000
740.7050442272433,545.838815774498,2023.92330,20239233000
735.0862857066383,559.5423527833301,2024.14770,20241477000
727.6825536353053,529.4658135273506,2024.37380,20243738000
683.8503394903943,522.1153973630885,2024.62230,20246223000
838.7912599509851,577.270137464236,2024.84750,20248475000
911.2300132516733,601.3434486200089,2025.07520,20250752000
864.5902115422106,599.0356056673693,2025.29610,20252961000
816.9644873920669,564.290016499153,2025.52810,20255281000
782.9745628091553,603.1647328802762,2025.75250,20257525000
791.646626277232,538.332342373635,2025.98450,20259845000
801.583595429728,543.5503783685566,2026.21050,20262105000
771.2865891668652,550.1006260942655,2026.44650,20264465000
796.8769443744853,545.3114590061854,2026.66920,20266692000
742.4971122158203,516.8440467143203,2026.92750,20269275000
744.4636317694114,520.3819072782433,2027.15490,20271549000
771.6883702657215,507.337917888529,2027.37530,20273753000
740.380535698487,483.1731523281481,2027.60680,20276068000
764.7370800472095,461.9961544036325,2027.83870,20278387000
817.8066536065646,463.0338510092687,2028.05690,20280569000
843.2064892074224,436.054874196865,2028.28650,20282865000
739.469101907548,447.0910719026922,2028.51030,20285103000
735.8054841316639,432.12253086296886,2028.73930,20287393000
751.8652589806412,472.65905588730146,2028.96530,20289653000
744.0565189158954,498.2026628348197,2029.18960,20291896000
733.3643439020556,491.8381032783005,2029.42450,20294245000
768.4510732342218,502.9053956081278,2029.66650,20296665000
806.4450578660296,501.45878067233406,2029.90500,20299050000
814.8217567059946,489.9910290883647,2030.16650,20301665000
834.0358787763802,501.4805526966646,2030.45080,20304508000
828.9305087266433,487.1729816607833,2030.72280,20307228000
800.0630254161396,515.6490552162802,2030.94670,20309467000
794.4145870545468,534.9632202083401,2031.17220,20311722000
799.4206364814046,549.1355929348981,2031.42910,20314291000
820.6668842668608,578.0405441115714,2031.64870,20316487000
780.7831782955591,602.3197793592908,2031.87900,20318790000
780.4566023702649,573.6198517093604,2032.13130,20321313000
780.4748361406637,544.9304392398038,2032.37160,20323716000
807.1812830755003,524.5399460110447,2032.61790,20326179000
853.6564359653161,388.5247051676726,2032.84950,20328495000
657.34214235936,292.77520294199417,2033.07850,20330785000
536.296314372283,197.1402113616109,2033.35830,20333583000
430.6274311266518,166.44308615653563,2033.59310,20335931000
405.1378896887399,161.63858029577216,2033.81940,20338194000
381.4430915261022,154.55838961535218,2034.07900,20340790000
567.7603867520488,180.26243909862507,2034.31000,20343100000
641.7409342055145,215.0317636964986,2034.53290,20345329000
703.5337461993461,271.1991982381762,2034.75950,20347595000
785.5328200842246,340.65855558806606,2035.04200,20350420000
910.7154014967032,426.77300948515887,2035.30740,20353074000
986.6585089618703,523.4575383327298,2035.52780,20355278000
1099.3884398290945,587.2320434997986,2035.75950,20357595000
1103.01361228676,603.6659705873353,2035.98920,20359892000
1120.8411031072542,634.0071441653324,2036.21840,20362184000
1103.9836738612196,622.065441623615,2036.44730,20364473000
1062.0707054594593,601.7096535848434,2036.67340,20366734000
1027.0925009097775,608.9823427340824,2036.90030,20369003000
984.8991593831854,580.066845860385,2037.12300,20371230000
942.518071514528,544.6656277446272,2037.35360,20373536000
940.4457387691207,532.5364387295598,2037.58790,20375879000
892.8342681748708,490.18738759683026,2037.83370,20378337000
863.3086424489039,498.8347435902997,2038.06210,20380621000
885.5252754013002,472.0011190301024,2038.30350,20383035000
822.5218222988722,477.5794555049138,2038.53040,20385304000
856.6184871209224,473.67947278699575,2038.76670,20387667000
892.5498246542577,497.62792042344006,2038.99340,20389934000
844.6665968219652,520.6272776489512,2039.21980,20392198000
832.6254844552055,525.8427065432389,2039.46930,20394693000
835.877597062356,537.2654940329252,2039.69030,20396903000
828.9001429549629,553.142839657646,2039.92240,20399224000
804.6467996227649,578.1666837353036,2040.15670,20401567000
790.3094224787852,606.0634227644908,2040.37850,20403785000
749.3602046479958,587.9275689883239,2040.60890,20406089000
760.1992419019177,595.7746788316341,2040.83790,20408379000
740.203025568873,628.8361072148854,2041.07110,20410711000
773.1225907739923,657.9366601865454,2041.34240,20413424000
775.7983342388358,668.3186788768788,2041.57030,20415703000
781.8340398107116,672.4337683454949,2041.79540,20417954000
797.1298622852428,685.9401378144847,2042.02670,20420267000
833.4704404643825,667.5442550383119,2042.24370,20422437000
855.2028820375219,636.1380760319541,2042.48140,20424814000
964.1432638306236,622.7198232106365,2042.71450,20427145000
989.6440718006047,603.0068364487429,2042.95090,20429509000
1122.5735577255532,651.4826804802752,2043.17100,20431710000
1193.9385820967977,637.59206330383,2043.39140,20433914000
1222.63437435146,675.805432607548,2043.62570,20436257000
1245.675250273035,615.1943971587712,2043.85460,20438546000
1267.58537565455,594.5381182058061,2044.08370,20440837000
1293.8352287613138,576.8013242132705,2044.31160,20443116000
1423.266077049721,638.0060074719026,2044.56470,20445647000
1567.8271370430014,666.0164057998422,2044.80100,20448010000
1493.597541279993,695.7904875680118,2045.02710,20450271000
1505.7986096989089,685.0232981761559,2045.25400,20452540000
1466.6110006396382,685.727392868101,2045.48480,20454848000
1382.4282514051563,661.7275056963334,2045.73260,20457326000
1288.004596056146,647.9793379478034,2046.02070,20460207000
1269.4560998165996,633.5087538640028,2046.25640,20462564000
1163.7996417348527,600.8846137655369,2046.48850,20464885000
1093.18628862486,574.259633410874,2046.78310,20467831000
1045.1185980405062,593.2819559514211,2047.00550,20470055000
1065.9704968182998,594.1152519874566,2047.23370,20472337000
1050.7089889277693,576.1111587422317,2047.46890,20474689000
996.2520488099331,575.2198791510888,2047.69890,20476989000
955.9526586767367,569.7306662354362,2047.93570,20479357000
971.9261593754793,539.5557878868099,2048.21180,20482118000
1006.3702610811062,505.4009586388486,2048.44410,20484441000
1123.7898933298482,545.7453707350497,2048.67200,20486720000
1338.2557942621609,602.725138780545,2048.91480,20489148000
1360.0092795528637,601.2253013148795,2049.14190,20491419000
1443.944308347151,601.8304876080028,2049.38380,20493838000
1398.317087275117,606.4162826727022,2049.63000,20496300000
1414.7254611632127,569.9393738723804,2049.85470,20498547000
1478.5538836242956,611.5945964639783,2050.10560,20501056000
1595.208239235926,642.8684197199685,2050.38920,20503892000
1630.2570806616081,644.935197692859,2050.62390,20506239000
1645.2892809442626,671.1773143436308,2050.85410,20508541000
1626.4692996579292,689.0201726033943,2051.07710,20510771000
1635.6316413343243,633.7067043274005,2051.29450,20512945000
1586.3390033300147,613.6972637704007,2051.53130,20515313000
1563.6200828551162,619.5907544098654,2051.77490,20517749000
1536.2609027072676,636.8693308747972,2052.00150,20520015000
1522.621296411744,614.4869649363326,2052.24000,20522400000
1564.4608989731805,671.9341463567896,2052.48230,20524823000
1552.215679839053,680.1379169766394,2052.71390,20527139000
1617.1097466093838,725.8286721566034,2052.95380,20529538000
1569.1558524546447,751.2852597693335,2053.17470,20531747000
1670.7999482158784,751.3021060151312,2053.40840,20534084000
1704.6249707269042,755.39595507411,2053.66190,20536619000
1785.9377461155123,774.4636640346964,2053.90350,20539035000
1722.0678031815096,764.7921174188277,2054.12740,20541274000
1647.356961747278,728.2053896487174,2054.35380,20543538000
1605.3333180503648,703.9253401345427,2054.59590,20545959000
1525.3709620522905,675.1786932639823,2054.83090,20548309000
1407.3670788002366,654.077312375304,2055.05510,20550551000
1384.4579535574803,604.5990731025445,2055.30230,20553023000
1415.065109327743,625.7402936620088,2055.53950,20555395000
1430.5647664487292,666.2600322572598,2055.76040,20557604000
1470.146428685699,676.3255667364409,2056.01910,20560191000
1457.0864794496763,737.920422556291,2056.24990,20562499000
1544.3914393619002,736.6000586046175,2056.47810,20564781000
1489.4141646511785,705.8843053605167,2056.70860,20567086000
1465.508310567026,686.482305250856,2056.93900,20569390000
1411.99975673618,644.1120187309482,2057.19160,20571916000
1345.199938475697,622.8859415125079,2057.42300,20574230000
1315.016594039105,592.8495175694728,2057.65340,20576534000
1272.1120562071587,623.8676642479053,2057.88870,20578887000
1306.4838391133874,612.1269817235823,2058.12670,20581267000
1332.5583856276546,635.7975149875502,2058.35350,20583535000
1333.8118249604781,673.1780950900325,2058.59070,20585907000
1315.5982646712425,709.9181305623059,2058.81980,20588198000
1357.590780204067,692.5737964013483,2059.04570,20590457000
1310.9046780880374,682.3492199705561,2059.26870,20592687000
1285.319054074882,658.4655668371377,2059.51120,20595112000
1329.4626175029082,666.4097684798792,2059.73510,20597351000
1377.678880694351,664.429920304577,2059.96700,20599670000
1421.0893993839925,625.3261623057878,2060.19950,20601995000
1425.524090837075,621.437303724115,2060.43460,20604346000
1485.6833895769341,652.8508024632404,2060.66470,20606647000
1497.2640897309275,657.1780342950524,2060.89230,20608923000
1509.356838777099,686.5300838826106,2061.11630,20611163000
1621.4385299288674,712.9992021469992,2061.34670,20613467000
1720.4445975055496,701.4573257662904,2061.57530,20615753000
1746.246832769955,731.8293629581135,2061.80830,20618083000
1642.965665299163,676.984663199604,2062.04070,20620407000
1719.415808082039,703.6912077249606,2062.27420,20622742000
1599.552040738094,658.9465166015966,2062.50820,20625082000
1401.5740280056348,584.6681677899958,2062.73130,20627313000
1207.4505607817857,471.70508269944094,2062.96940,20629694000
1076.293309342528,341.9679980725346,2063.20150,20632015000
980.0356924283202,184.98184540667648,2063.43910,20634391000
995.135373738087,125.87761071468205,2063.68130,20636813000
1004.6782736378027,170.72661662559292,2063.91280,20639128000
968.8169677681432,249.4613417465839,2064.16240,20641624000
897.6960032470075,247.89732675577955,2064.39630,20643963000
863.6904003249754,293.2293708576624,2064.62960,20646296000
793.1114352432685,345.8132777222391,2064.90010,20649001000
845.8749477053291,365.7222253453564,2065.13010,20651301000
923.2852776818232,461.4463152538381,2065.35720,20653572000
990.8542663741048,547.4319776360655,2065.64500,20656450000
1031.1503886962037,518.3194887225224,2065.87380,20658738000
1038.1844083385527,505.32737314812226,2066.10110,20661011000
1051.2533365402876,489.4352122638195,2066.33500,20663350000
1173.2748476524748,501.69445922113846,2066.57100,20665710000
1174.6958572781507,513.2473906808091,2066.79640,20667964000
1129.9720517812632,537.7478295194843,2067.02370,20670237000
1155.775838064641,549.6586526869659,2067.26710,20672671000
1161.2162439203985,561.3446180402824,2067.52020,20675202000
1105.0988773487475,564.9855961303075,2067.82910,20678291000
1100.1443508990349,563.360196061199,2068.07410,20680741000
1090.3504463882512,585.1389601439652,2068.33250,20683325000
1094.8604749058911,572.8417525774753,2068.55640,20685564000
1091.0176111403505,531.6180705299626,2068.78940,20687894000
1103.5267165155444,602.2917652059731,2069.01360,20690136000
1125.2791905889426,618.1516005052395,2069.23600,20692360000
1118.2782973249589,633.5897051749314,2069.47340,20694734000
1141.96860467335,640.4666739000385,2069.73200,20697320000
1062.9051713889364,600.2151728275975,2070.01470,20700147000
952.6664553098659,553.4889671292387,2070.25280,20702528000
905.8239263804811,504.2241515881386,2070.48650,20704865000
795.7932891464304,507.3044318765761,2070.70520,20707052000
714.1140248187936,503.2999921868942,2070.93300,20709330000
754.2659100997809,528.3678739543858,2071.16710,20711671000
794.2748725961342,569.6918048857701,2071.39510,20713951000
828.523910112701,580.8259810098175,2071.62870,20716287000
863.1910756917434,633.8552883829768,2071.86900,20718690000
820.0592564247338,597.2660799455175,2072.09500,20720950000
895.2860785377775,617.1582249834025,2072.38370,20723837000
879.3876590056719,657.8825886569747,2072.61410,20726141000
952.3243394462046,674.967628346001,2072.84490,20728449000
1017.3210474199501,652.5424118305649,2073.07770,20730777000
978.785662499198,622.6191257226341,2073.30990,20733099000
1039.231977964426,584.3021087044315,2073.53820,20735382000
1009.1662330898357,617.4782041797149,2073.76480,20737648000
1049.7009230121955,561.092312007379,2074.00270,20740027000
1114.4144667688022,561.9430676496539,2074.23750,20742375000
1081.1311696012708,554.3245533527161,2074.46540,20744654000
1167.8465506262444,566.0642821586727,2074.69410,20746941000
1260.6735109758788,555.2885922680085,2074.91570,20749157000
1181.846029952769,568.775831245563,2075.13610,20751361000
1192.5526347741838,559.5634405873712,2075.36150,20753615000
1203.0449140030714,545.1422923967856,2075.59340,20755934000
1206.6734636206559,527.7253810243016,2075.83300,20758330000
1194.6300544362023,549.5692738276107,2076.08860,20760886000
1193.2895836351902,570.1924056328202,2076.31710,20763171000
1211.6965981962724,573.3297725932778,2076.54740,20765474000
1120.1468252694394,546.819100679653,2076.77680,20767768000
1219.1911096001652,552.1278462346758,2077.00080,20770008000
1134.3983771532835,582.07939017855,2077.23000,20772300000
1200.1373926649733,587.0396458261264,2077.68150,20776815000
1169.0564383401986,600.3204187001753,2077.91750,20779175000
1179.3337133705666,588.4520922487551,2078.14060,20781406000
1207.0840565488731,599.009182860784,2078.42540,20784254000
1170.224578952308,579.1862208627576,2078.64970,20786497000
1166.997587347049,573.9676940995352,2078.88470,20788847000
1146.2390890160357,601.9758558487639,2079.10950,20791095000
1064.299992874635,562.0035361395381,2079.34150,20793415000
1007.638190281899,478.6751525663749,2079.58830,20795883000
921.1790151033465,374.9328778774176,2079.82690,20798269000
857.1947605543471,421.91753991932035,2080.05920,20800592000
839.3200663923898,460.86260078745937,2080.33490,20803349000
918.5071566895496,468.9243836926808,2080.55970,20805597000
950.071103435462,476.7419445684217,2080.79360,20807936000
1060.158162194236,504.7457573517703,2081.02570,20810257000
1152.427125151878,580.295685934448,2081.26820,20812682000
1247.6807779166566,610.3986578665134,2081.50070,20815007000
1313.4358020483676,572.8609381147581,2081.75590,20817559000
1285.6009551663365,566.7689004214848,2082.04790,20820479000
1282.0754479575264,560.8140390088131,2082.27170,20822717000
1227.824274989494,595.7640622664709,2082.49760,20824976000
1224.1559347628204,607.8295043424303,2082.72750,20827275000
1158.532928911361,575.303591326722,2082.96190,20829619000
1138.6445249712267,556.8884122541768,2083.19510,20831951000
1098.961940413083,552.7367238250147,2083.42440,20834244000
1092.4788860320016,514.4761255370782,2083.66190,20836619000
1081.3047166384504,544.3795055263753,2083.90460,20839046000
1057.7043786739484,575.2742733859412,2084.14190,20841419000
950.021624818611,572.6271823898613,2084.39510,20843951000
923.6817159175523,618.6554031733062,2084.62620,20846262000
883.3101562336537,671.3572374265318,2084.86230,20848623000
891.4676070633583,675.3439179646132,2085.12800,20851280000
873.8503585457722,677.2273772426311,2085.35320,20853532000
931.063676629205,666.792284885889,2085.58130,20855813000
1009.6593586194336,628.5553057843161,2085.81630,20858163000
1047.7694696015817,572.0404296082078,2086.09040,20860904000
1099.9512888753131,549.464728295545,2086.31070,20863107000
1198.0533954159528,536.0478393088425,2086.54790,20865479000
1229.23844464451,511.5714147300198,2086.81590,20868159000
1271.754454900281,515.9719746818497,2087.04710,20870471000
1111.0603857247565,477.3763473433897,2087.27760,20872776000
1155.5766394844186,409.800482998294,2087.52240,20875224000
1137.2447534146218,381.4155740825762,2087.75520,20877552000
1155.577864282164,335.95240348885324,2087.98540,20879854000
1074.6611668095773,340.19901287024794,2088.22210,20882221000
1018.2724811828417,398.5962158361441,2088.50720,20885072000
1015.8776086036542,450.1589915328927,2088.76520,20887652000
1018.0791834698995,479.3730889302091,2089.02220,20890222000
1020.3191004763062,477.2976658782204,2089.25560,20892556000
1013.7030432445031,475.3415996238243,2089.49330,20894933000
998.2977341936333,504.47453154461914,2089.73540,20897354000
1096.0450479113638,505.4205435549116,2089.95760,20899576000
1168.660796846237,488.4955733119422,2090.18630,20901863000
1232.2339433945554,491.0194518657572,2090.41250,20904125000
1240.420588744816,450.2602147859677,2090.63870,20906387000
1226.3831881309854,463.258752770827,2090.86340,20908634000
1262.292713636137,408.83193704088495,2091.09300,20910930000
1348.0679945119155,435.2495929952316,2091.31920,20913192000
1322.003183661695,455.90675816989057,2091.55070,20915507000
1321.964775774089,462.9429088415887,2091.78400,20917840000
1337.396853283397,467.6634414967055,2092.00540,20920054000
1339.8994467322282,503.52841807650515,2092.24080,20922408000
1268.373385217977,485.4503032173125,2092.46970,20924697000
1257.1806590896856,448.936504317751,2092.70490,20927049000
1270.2139765904803,463.90814050156536,2092.92790,20929279000
1302.4939227457774,446.1025183510193,2093.15950,20931595000
1400.118653442256,518.4276419700675,2093.38760,20933876000
1436.3095968892417,550.411485648909,2093.61850,20936185000
1546.9817459375477,580.8510540490863,2093.84120,20938412000
1540.3704154552534,592.5660182182327,2094.06350,20940635000
1450.6304786627381,561.0929460194731,2094.30080,20943008000
1366.848473046642,552.3703201124107,2094.52700,20945270000
1399.029677073457,565.0705791646101,2094.76340,20947634000
1317.8325192770556,584.7381311100559,2094.98720,20949872000
1352.7071248198106,548.9527686694904,2095.22800,20952280000
1318.8527198891984,554.000708027832,2095.46250,20954625000
1234.1850979239866,543.9905440175557,2095.75040,20957504000
1209.1729698087606,603.0403007388786,2096.00490,20960049000
1082.7979766222265,584.378639128851,2096.25970,20962597000
1036.544778837607,583.7218677964539,2096.49370,20964937000
972.5156672935924,542.0462816060892,2096.74120,20967412000
854.8055776749701,467.951712440983,2097.02370,20970237000
855.744857311363,500.8154381143926,2097.25520,20972552000
970.0818755179098,539.4375542801613,2097.49690,20974969000
1038.3011511779346,534.7948932114423,2097.72890,20977289000
888.99839149129,498.62824890634306,2097.98850,20979885000
1070.4474607829907,579.4346171291407,2098.20980,20982098000
1227.4074737069154,621.8269179937191,2098.43610,20984361000
1250.5861035195487,668.3088216903101,2098.69750,20986975000
1292.4837171804886,639.6774882156715,2098.93840,20989384000
1307.6839028352995,676.6983602476167,2099.16080,20991608000
1230.558712317236,672.426814345027,2099.38710,20993871000
1239.0113819303447,689.4025152085896,2099.64670,20996467000
1199.2113840479078,650.1684808851587,2099.93500,20999350000
1272.062731395617,616.9802575641011,2100.17670,21001767000
1198.641001027282,633.5169713298438,2100.41000,21004100000
1254.348750995109,593.2476604069906,2100.64330,21006433000
1259.2852219953797,614.8408153476605,2100.86600,21008660000
1254.6702574818626,603.884824286658,2101.09440,21010944000
1279.4245123272121,617.9451608578281,2101.33000,21013300000
1305.541643442436,582.5166236895096,2101.57380,21015738000
1284.6058334930226,564.154561612823,2101.83220,21018322000
1225.9981469499055,597.0217220522231,2102.06680,21020668000
1265.9945506712666,592.7868405000011,2102.30810,21023081000
1301.9286690568892,612.082289989489,2102.55530,21025553000
1243.3816961832156,610.0801321162112,2102.78030,21027803000
1298.1675968160314,610.8197480443919,2103.01960,21030196000
1261.9819698096005,596.9383426124765,2103.25570,21032557000
1291.9778865288683,645.4867263508432,2103.48320,21034832000
1278.7176326826757,658.107801856031,2103.71300,21037130000
1447.7708136609149,680.4358774181119,2103.94370,21039437000
1515.877431611417,762.4683145859649,2104.17000,21041700000
1532.5093653880558,787.9520838324502,2104.39350,21043935000
1505.7401747744996,806.0142088415104,2104.62240,21046224000
1420.900541021455,824.4879910336881,2104.87960,21048796000
1396.8135890099768,816.4079862027419,2105.10640,21051064000
1392.1581577556506,868.7616192154147,2105.34390,21053439000
1205.0943503832866,746.0538415707063,2105.57050,21055705000
1170.8638787145567,614.9885071952824,2105.79920,21057992000
1065.581307560335,469.0543310845659,2106.02420,21060242000
973.0283470097357,325.5197355017884,2106.25810,21062581000
977.3896694739136,238.7628871577756,2106.49120,21064912000
987.2846087260675,184.50305512383738,2106.71100,21067110000
985.549741143376,143.75001864393306,2106.94150,21069415000
1023.5913969043585,202.06406356907559,2107.16620,21071662000
1176.5797026483654,286.18123918465625,2107.38940,21073894000
1258.395328024838,396.5761725184409,2107.61770,21076177000
1338.0578327482456,422.5369762938485,2107.84690,21078469000
1289.0093594758691,500.4020977259963,2108.07460,21080746000
1248.0836458670576,546.0419667048111,2108.30360,21083036000
1312.9952365134156,605.1681265583812,2108.54490,21085449000
1379.6000326301948,657.7010169126595,2108.80870,21088087000
1280.21985034025,694.7975608483274,2109.04150,21090415000
1262.929968756802,723.2870059471713,2109.26830,21092683000
1295.5274951930953,704.8118668312866,2109.51390,21095139000
1375.104137829866,750.3566621156797,2109.74330,21097433000
1367.6834775640127,772.8937964686677,2109.98190,21099819000
1384.5293239009893,771.5649374633823,2110.23030,21102303000
1381.074846839778,748.4433272325169,2110.48980,21104898000
1378.6336803585239,745.7296513165821,2110.74940,21107494000
1376.5692523036062,736.5207392055863,2111.04290,21110429000
1495.457115814498,760.5626690022211,2111.32920,21113292000
1585.186546658391,753.2980208298766,2111.56640,21115664000
1604.2774342064517,747.1706148321762,2111.81570,21118157000
1667.1697117257602,808.0171601448762,2112.05270,21120527000
1673.8579181552723,814.0244455158726,2112.31980,21123198000
1712.074152346344,824.5739127294455,2112.56310,21125631000
1652.7571981258784,803.2722164384456,2112.86530,21128653000
1589.7317044696497,772.4759188874649,2113.13690,21131369000
1483.5041626632346,751.7220084565758,2113.36430,21133643000
1474.8996559141267,739.3706904741782,2113.65250,21136525000
1543.3413591085207,652.8859514939428,2113.88780,21138878000
1509.2187666178859,605.6381812571155,2114.12840,21141284000
1550.4197466520293,552.3249749958838,2114.37500,21143750000
1415.9936582259247,436.284425145486,2114.59870,21145987000
1183.0726247516616,351.75124228744784,2114.82310,21148231000
1109.8026318542638,249.20808738001963,2115.04530,21150453000
1035.6053228399985,198.0769761001096,2115.28250,21152825000
899.5029367235973,249.70850572376256,2115.51230,21155123000
847.4820907444968,177.16097959559497,2115.74160,21157416000
817.2412006266273,177.5918011184613,2115.97050,21159705000
957.8161419227005,294.03467703285014,2116.20660,21162066000
1180.4332124404586,317.5567206318547,2116.43780,21164378000
1305.8027806734328,336.7063120106344,2116.68160,21166816000
1385.0518676259694,427.41284963998044,2116.91030,21169103000
1572.8150978642325,514.6286816558129,2117.14280,21171428000
1522.4034372225096,523.2086145120059,2117.36320,21173632000
1351.7199013888194,386.9580610288218,2117.59070,21175907000
1273.510133443573,539.5164337516997,2117.86810,21178681000
1031.4680200073794,586.3750285352472,2118.11940,21181194000
1169.3252843884409,717.6648239585418,2118.33980,21183398000
1355.6707244401955,644.4135206450924,2118.55960,21185596000
1246.5164092989564,598.8348338589626,2118.79470,21187947000
1277.2073660884869,559.5968017351762,2119.06410,21190641000
1360.338002261149,473.519907291724,2119.31620,21193162000
1431.2179570362134,468.11549953895116,2119.53820,21195382000
1427.7709983864927,496.9714035961368,2119.76850,21197685000
1355.4829028070142,441.5641045723575,2119.99170,21199917000
1134.048943482973,434.2909773957585,2120.21560,21202156000
1153.2754190626572,470.1355471398238,2120.48990,21204899000
1076.7954150860553,399.6722780482488,2120.71650,21207165000
1049.006824022367,329.9264493750256,2120.94650,21209465000
1001.2474936770736,324.2197414844037,2121.17160,21211716000
1009.7590682698545,255.342531045265,2121.41030,21214103000
980.8278905149099,238.75213203226875,2121.64700,21216470000
971.1979395117561,216.40882993901175,2121.91350,21219135000
902.9068769764226,293.4284750833832,2122.13950,21221395000
833.6674241220169,297.0410022878499,2122.36550,21223655000
753.3789110264386,284.9458006681375,2122.60020,21226002000
706.4880642183656,384.904807268118,2122.86170,21228617000
689.5132418014549,440.43354374327447,2123.08160,21230816000
661.9138399042353,460.0265156745911,2123.32260,21233226000
741.8214770235579,422.8824721201862,2123.56410,21235641000
781.5264067207723,359.15940863145573,2123.78650,21237865000
919.0665270679003,419.52348821622206,2124.01370,21240137000
950.3192727506361,421.43426962122993,2124.24340,21242434000
859.9160633760614,380.69799883070164,2124.46880,21244688000
763.1247973301702,350.63839671951837,2124.69540,21246954000
593.3217125100294,340.1290003737446,2124.92720,21249272000
518.2724300060834,367.66673715550536,2125.16530,21251653000
650.958992222689,384.1854198831967,2125.40470,21254047000
698.0700800291467,346.2714756791715,2125.65440,21256544000
769.6761471219929,335.0704059437983,2125.90130,21259013000
783.0123020608693,384.14840325321086,2126.14310,21261431000
943.0720887941925,382.5089851984269,2126.40260,21264026000
934.5676861088231,423.4642865985745,2126.64820,21266482000
998.6971593990104,517.9771170264191,2126.88120,21268812000
1091.441406662522,481.4800406082436,2127.11650,21271165000
980.1162000047191,477.4089649488375,2127.40240,21274024000
860.7039767121328,424.40639150693494,2127.62430,21276243000
805.7966817766467,432.94563033129805,2127.84690,21278469000
652.0310084285597,370.28268064934093,2128.07250,21280725000
577.8796313265989,332.53904752059464,2128.29440,21282944000
524.8640126624958,258.1781323777772,2128.51960,21285196000
503.32934113248166,211.55632427071782,2128.75290,21287529000
494.9114345246253,154.22699626441252,2128.98830,21289883000
446.00519737591526,145.00761758337723,2129.21900,21292190000
495.12739671844264,109.43343935603694,2129.46460,21294646000
513.1965776681748,147.14938207585175,2129.68980,21296898000
580.8939020251463,247.56944999058027,2129.92420,21299242000
755.5092384282847,308.0433086541973,2130.15200,21301520000
882.6944362909605,348.7739771433487,2130.37700,21303770000
1047.6680954597236,333.47745591050983,2130.60630,21306063000
1214.731824466708,405.8484053442279,2130.82820,21308282000
1128.0824663822905,433.6228831673582,2131.05740,21310574000
1017.3248621043256,433.1488008565395,2131.28960,21312896000
1170.4164693114967,464.78033786856287,2131.51320,21315132000
1195.3563741844564,351.836892380739,2131.74300,21317430000
1364.1217829537418,423.79919118074395,2131.97660,21319766000
1336.442672275415,477.7314875434117,2132.20960,21322096000
1321.2621936021521,526.3597041882654,2132.44000,21324400000
1269.2666576651413,595.3884560511372,2132.67090,21326709000
1166.363211510341,698.2333265634653,2132.89520,21328952000
1090.0210884031276,762.5438656015381,2133.11890,21331189000
958.064714891119,782.8989586966761,2133.34570,21333457000
822.350784851212,766.2631588039973,2133.56570,21335657000
827.6731072937849,669.6351538757751,2133.78640,21337864000
847.6966668381102,579.7768531492959,2134.01000,21340100000
763.198579388942,484.49564148921183,2134.23000,21342300000
740.4512754922519,485.52604101107266,2134.45950,21344595000
736.6220516836547,489.8971969098263,2134.70000,21347000000
749.9638059498407,489.73268696897384,2134.92870,21349287000
819.2719241554053,478.5889488428384,2135.17430,21351743000
859.7960265354906,516.2834361467529,2135.40140,21354014000
883.4533151428009,539.2442028881798,2135.66360,21356636000
894.2927077288656,535.5236975447219,2135.90620,21359062000
937.520907242564,525.4360709143807,2136.15190,21361519000
945.8486917957512,500.85668202979275,2136.38330,21363833000
915.7260878573618,502.60873002210263,2136.66710,21366671000
920.2047460495418,478.9819339814267,2136.89090,21368909000
924.6689117381337,487.58660647072236,2137.16490,21371649000
957.6321651897773,505.60542784956687,2137.41190,21374119000
944.9266943771039,561.7266541946783,2137.65310,21376531000
880.8658337940346,606.1488143897207,2137.90360,21379036000
825.324775269894,574.48814923082,2138.12740,21381274000
863.2567654199638,589.5473723772925,2138.36360,21383636000
866.074240615629,584.0986631396415,2138.59550,21385955000
857.2852399743844,582.5315813616523,2138.87640,21388764000
911.5140064933323,552.5561822933543,2139.15660,21391566000
963.6443073199006,583.8777629016934,2139.43730,21394373000
988.3892845720108,574.4552439296888,2139.73100,21397310000
1069.3924721278627,583.248687044919,2139.97090,21399709000
1075.5053885573202,567.713627422814,2140.24160,21402416000
1103.4437995616418,570.644057991891,2140.47160,21404716000
1087.1564556290298,560.7979138868924,2140.70120,21407012000
1056.7121197015354,558.8909392752978,2140.97870,21409787000
1025.874974611931,545.3290761111001,2141.21330,21412133000
924.0430840487168,522.9239939803867,2141.50160,21415016000
950.4576976325949,490.59632233843035,2141.77850,21417785000
998.9423458941222,491.7778933266973,2142.00740,21420074000
1083.0603108488717,505.927066523495,2142.23140,21422314000
1086.083932022282,557.3466012153733,2142.45730,21424573000
1156.9651976659015,533.8090818997996,2142.68120,21426812000
1138.3647964028146,552.9084549655441,2142.91070,21429107000
1110.7570773931286,554.0123396042612,2143.14020,21431402000
1092.3939207881235,554.930012812418,2143.36220,21433622000
1054.0858526787265,548.123406732167,2143.59600,21435960000
1018.3877285977593,536.0828387216204,2143.82390,21438239000
1024.893925656191,542.7757451739559,2144.06150,21440615000
914.4775476091775,582.8839260713834,2144.29370,21442937000
910.9422277812457,593.4225120442103,2144.53190,21445319000
895.8815587744352,626.0419183494865,2144.76610,21447661000
895.069664056851,639.9292064700967,2145.00880,21450088000
899.2488898210928,617.5637956346267,2145.23740,21452374000
913.4029657351897,608.8200976328031,2145.46930,21454693000
697.5366941491582,524.5449917893293,2145.69120,21456912000
681.4196377453948,386.52119734263573,2145.91380,21459138000
624.0019700347839,341.18185612922275,2146.14140,21461414000
682.8776278294381,350.6339065541381,2146.41230,21464123000
794.1218703581352,315.07367705271895,2146.64050,21466405000
879.9092935768675,301.27799160432846,2146.88800,21468880000
919.7737005059562,404.56733739296055,2147.11340,21471134000
1008.3300679640347,511.37492139184565,2147.36360,21473636000
1067.8855642852855,565.3501339864505,2147.59170,21475917000
1039.500741073149,589.2643290515709,2147.85290,21478529000
1039.1655622661804,567.2769616418225,2148.11070,21481107000
985.1558999632808,562.9642355869613,2148.33860,21483386000
985.8717532123138,572.797693262688,2148.56460,21485646000
955.0303045195006,547.3100528707546,2148.79840,21487984000
896.4292851322687,560.1123863735934,2149.04180,21490418000
883.6950921244478,570.9945740143994,2149.27640,21492764000
866.9857386769253,563.3566456510725,2149.50740,21495074000
877.8571325763799,540.4147127392682,2149.72610,21497261000
858.3904034763208,507.5844973767315,2149.95810,21499581000
862.507206121309,518.635001586212,2150.18010,21501801000
824.0697221374195,530.6454373682009,2150.40640,21504064000
834.5619074096295,521.2205964003031,2150.62860,21506286000
827.5086889445599,541.4897352420514,2150.85330,21508533000
844.4248785775294,548.9461508518538,2151.09070,21510907000
856.8317845341662,564.5094438878149,2151.32460,21513246000
866.0288196298255,585.8208974266438,2151.55830,21515583000
857.0340164011585,568.6148225983552,2151.78350,21517835000
850.4481174383747,562.8764829201383,2152.01810,21520181000
866.2131394163501,534.320794846028,2152.23780,21522378000
845.8404474497501,556.9284737372236,2152.46820,21524682000
852.0231705116163,574.865562058718,2152.70440,21527044000
824.0766381614092,588.1440457803684,2152.93180,21529318000
834.755086826356,604.2461169689817,2153.17360,21531736000
866.1552018497331,603.2194980193678,2153.40340,21534034000
877.9952161219007,608.1241027863467,2153.62450,21536245000
812.1677273893506,608.258413716055,2153.84950,21538495000
821.7493353213991,394.7074970014264,2154.07130,21540713000
778.8344092070735,427.26170648520133,2154.29140,21542914000
734.7244727449095,427.4801702041923,2154.51930,21545193000
654.9188097704606,414.36039357613276,2154.74180,21547418000
688.7698715605345,450.55722845002373,2154.97380,21549738000
713.8062943837459,449.3216848369701,2155.22810,21552281000
714.9101353796565,488.6704927720726,2155.44500,21554450000
686.335269237002,511.370095068672,2155.66650,21556665000
709.8158536945583,527.2480271596894,2155.89110,21558911000
703.561027402298,533.8044567445679,2156.11750,21561175000
754.9304806437009,559.9713878849495,2156.35400,21563540000
700.8693842593211,578.1871596755927,2156.58740,21565874000
772.6599943529637,567.0488695996933,2156.81450,21568145000
825.4555611269732,616.9046437307231,2157.03860,21570386000
849.2716352190907,650.9211785877734,2157.26510,21572651000
911.780595715903,666.0353956303413,2157.49630,21574963000
960.1477750359118,678.604245098889,2157.72870,21577287000
1030.7532486827886,702.1198948978439,2157.96350,21579635000
1114.5790699058657,726.8912181632212,2158.19390,21581939000
1182.189327427113,732.4456981005637,2158.42600,21584260000
1229.1287403151189,755.5562588466819,2158.67150,21586715000
1146.8017456208413,744.5988831305971,2158.89850,21588985000
1092.7395392815827,727.5965978000735,2159.12770,21591277000
1134.477036859952,727.9184621443168,2159.34920,21593492000
1136.2501269478294,727.2477528565953,2159.57600,21595760000
1145.4496215378358,677.7131673921166,2159.81230,21598123000
1031.1556104639367,662.675044928512,2160.03720,21600372000
1076.331877623838,672.6673539774143,2160.27020,21602702000
1099.8572282839607,659.3961767107239,2160.49850,21604985000
1134.487800706469,634.2208564270599,2160.72990,21607299000
1072.9896028631265,616.6502789245219,2160.95920,21609592000
1118.5142051872544,615.0661192032769,2161.19760,21611976000
1177.186601882345,612.3310824445346,2161.47980,21614798000
1227.9315647822973,596.4586658111253,2161.71130,21617113000
1208.759628295234,587.3956411306482,2161.94040,21619404000
1161.7271800248416,591.8639402826237,2162.17360,21621736000
1121.2451666835004,585.0789929316509,2162.40170,21624017000
1063.0215727541897,637.8686283454235,2162.63000,21626300000
1059.3141277849065,652.0586050345296,2162.85990,21628599000
1037.727750284182,671.4303312774562,2163.08310,21630831000
1014.172923448789,718.0411339838743,2163.31170,21633117000
1003.8038803621829,753.7888664380334,2163.53770,21635377000
992.5476322261962,779.362557071556,2163.76480,21637648000
1039.8999122844018,828.873754252474,2164.00300,21640030000
953.3148716442711,794.6682444409054,2164.23820,21642382000
842.9396094507473,806.5336409821289,2164.46530,21644653000
830.7389901763595,842.0320580160721,2164.69260,21646926000
821.1459717763026,864.1524299771726,2164.91930,21649193000
930.1919450282205,847.5707866719355,2165.14240,21651424000
1026.718370479212,852.7014264776931,2165.37260,21653726000
1009.5701365627004,860.1181269680687,2165.60000,21656000000
978.6159245963661,810.1904776447655,2165.82490,21658249000
944.7724582604051,790.6242132570569,2166.06090,21660609000
921.931390240853,781.4059235245459,2166.28010,21662801000
906.6743944013848,781.603711341858,2166.50990,21665099000
947.6423683352975,758.0036712341104,2166.73770,21667377000
966.9223693531712,720.6665727698871,2166.99450,21669945000
1004.8800255602262,702.634125471915,2167.23320,21672332000
1014.664123869952,671.975049239342,2167.47270,21674727000
1045.955683600333,645.1072458970824,2167.69490,21676949000
996.8211993403188,652.408226694241,2167.92140,21679214000
1019.4696497760772,625.3662513311051,2168.17330,21681733000
1010.9892387470119,676.0385320173716,2168.40100,21684010000
1005.0151904380989,626.8193637148411,2168.62940,21686294000
893.0509748078521,614.3250664210947,2168.85670,21688567000
911.5174696830409,598.988998854416,2169.09800,21690980000
958.7718935063796,598.7868533806436,2169.32780,21693278000
972.0834814759712,599.2084136704735,2169.58220,21695822000
965.7749637796869,571.9501011779137,2169.81580,21698158000
981.0101958476971,611.2727755745063,2170.04410,21700441000
944.2733972480619,619.5656713588022,2170.26860,21702686000
910.7269188278005,685.9412937690557,2170.52160,21705216000
816.4252779824316,702.0286039387489,2170.74410,21707441000
776.4557370604462,736.2378066631661,2170.96950,21709695000
748.0090083299838,719.5032349195549,2171.20270,21712027000
718.9415178010432,735.4683062404256,2171.43790,21714379000
659.3198678065364,738.1230285743547,2171.68800,21716880000
713.0351757014572,687.4635606683427,2171.91340,21719134000
651.6745226739492,541.3525725321032,2172.13670,21721367000
683.1702393422108,466.9074810440656,2172.37180,21723718000
845.111586854998,406.6476709252949,2172.60990,21726099000
746.6507226723551,314.8345402582172,2172.85410,21728541000
729.5139909517364,243.81765616690618,2173.08630,21730863000
712.694769026349,252.16485751617998,2173.31250,21733125000
652.1088199909019,210.9289723798165,2173.54920,21735492000
639.0159317880026,247.25259728435987,2173.77420,21737742000
620.8468004364569,252.7040577245561,2173.99840,21739984000
601.9667546006457,212.83176692202306,2174.23070,21742307000
504.26126194594076,238.5557480855356,2174.46850,21744685000
480.1375122566964,256.72871711851224,2174.72610,21747261000
414.19588092001044,277.29976726849156,2174.96190,21749619000
427.25909737886246,276.79308353615284,2175.18880,21751888000
451.32470426012316,265.66428090994617,2175.44520,21754452000
457.5120785441617,296.9507680449882,2175.72330,21757233000
553.6386204326797,365.16042338059844,2175.94630,21759463000
539.4414998036265,386.11441039520867,2176.17560,21761756000
551.8010667703776,398.43819784329423,2176.40070,21764007000
578.6271630456029,437.5145057645858,2176.63520,21766352000
596.3277285854798,400.3783615119495,2176.86480,21768648000
580.1874007975813,401.10545058756094,2177.10280,21771028000
604.6850767981078,355.6063533428111,2177.36110,21773611000
607.0627808942086,365.1479338479479,2177.63220,21776322000
551.2837224913101,383.6223298127493,2177.91040,21779104000
474.6679047736847,402.70019575126497,2178.17620,21781762000
425.09368636608815,411.77537026188264,2178.43500,21784350000
417.28275408688535,430.6582573346871,2178.66970,21786697000
451.58798891014555,415.67906603497903,2178.89350,21788935000
495.05819721245194,420.3777354049742,2179.13110,21791311000
503.2966008544332,404.50354340051945,2179.36030,21793603000
520.9854636076515,366.426161029733,2179.58700,21795870000
511.9877212120433,405.0880514346138,2179.84030,21798403000
598.5603988183487,450.2405599474543,2180.08950,21800895000
541.2201590868913,505.1516783361501,2180.33080,21803308000
471.06079014489853,519.208148011774,2180.57870,21805787000
460.5634245918431,476.8118676648709,2180.82260,21808226000
454.38545262610023,436.4417869163145,2181.04940,21810494000
412.9214187888346,463.15596875678546,2181.27790,21812779000
482.75433722091316,429.3910071779909,2181.50120,21815012000
604.052862284656,462.31541062683516,2181.74150,21817415000
754.6085868119812,486.869647648856,2181.96550,21819655000
857.8280434588298,497.95840037483975,2182.18780,21821878000
928.768701621924,477.8719041364086,2182.41210,21824121000
1011.732372071983,502.13385094335274,2182.63630,21826363000
1046.945132272688,509.5938983853755,2182.86470,21828647000
1088.664719603939,542.4560002615596,2183.09040,21830904000
1027.9145844200898,497.95859328251305,2183.32260,21833226000
937.566110647383,408.45261588147065,2183.54510,21835451000
845.152823396153,367.72420049717005,2183.78000,21837800000
806.7482050756738,318.97463209590717,2184.01810,21840181000
634.1802925446752,266.51426521801307,2184.24100,21842410000
508.37539685321923,218.2563474204175,2184.46110,21844611000
466.48499709091675,142.17141255410175,2184.68480,21846848000
458.261548856193,200.6322512530411,2184.92010,21849201000
389.33954768098044,169.58962421801485,2185.14500,21851450000
357.701348510029,142.77848284353541,2185.38190,21853819000
323.7032865210382,128.35495537529542,2185.60730,21856073000
347.4226825803315,86.30839600951697,2185.83290,21858329000
344.68894051358075,154.62434642204758,2186.06050,21860605000
414.949463751143,207.9482053977219,2186.28890,21862889000
432.4037869613677,194.8574729770853,2186.51350,21865135000
483.41266044088275,160.33530204553713,2186.74230,21867423000
486.28114739984574,201.49017104894676,2186.97260,21869726000
474.97612325858347,264.5828685520373,2187.20740,21872074000
459.70781664463993,320.3672342816607,2187.43960,21874396000
472.69353236918266,380.1164396917135,2187.68020,21876802000
543.9719103991663,398.21425098343747,2187.93630,21879363000
559.3232049953803,430.419420192698,2188.17000,21881700000
557.5889399018739,435.6989018730651,2188.42250,21884225000
540.4634841125667,459.0091771569919,2188.68150,21886815000
633.7471882866362,485.39430524878327,2188.92750,21889275000
671.364092430085,535.8128872788958,2189.17930,21891793000
739.9969384575037,528.5794539252856,2189.41900,21894190000
827.083545184719,530.7449475383833,2189.71470,21897147000
873.31117193804,554.2924209160054,2189.97110,21899711000
921.7663536022204,539.0205469912772,2190.19420,21901942000
877.2219628591074,515.2635135497911,2190.44600,21904460000
822.8154559877117,489.5868586651395,2190.67490,21906749000
859.0851546007144,522.066327443815,2190.89950,21908995000
836.9383486507913,507.19403201160736,2191.14180,21911418000
818.4277383593408,493.70962465473826,2191.37310,21913731000
749.7763203932991,435.1969802972045,2191.65120,21916512000
744.7578865233774,375.08548437635955,2191.88070,21918807000
720.5289420567962,385.81991166285576,2192.11450,21921145000
683.9121607840096,380.71953983635507,2192.39620,21923962000
628.4671415092472,385.0069250964009,2192.63830,21926383000
659.5877238266911,363.6638648940893,2192.86970,21928697000
690.1824001688711,347.76237220280484,2193.11130,21931113000
710.3328875850739,315.5067961527777,2193.34250,21933425000
682.9536434310186,336.96912454712015,2193.57230,21935723000
683.0632695362931,334.30990097838134,2193.79520,21937952000
811.4190715839377,409.2101811402394,2194.03710,21940371000
860.2664546436638,411.7437578099994,2194.29930,21942993000
783.7979713989977,373.0807125657902,2194.53100,21945310000
714.6200903661023,380.0438605911074,2194.76230,21947623000
707.2046295128486,382.02567153987417,2194.98580,21949858000
649.4005167483448,384.85174453518937,2195.20980,21952098000
572.878576784184,361.91326845934003,2195.43710,21954371000
567.6995456400175,390.56334210394357,2195.66080,21956608000
576.6003592658282,403.5215420463427,2195.89340,21958934000
624.3876963082125,398.67187791180766,2196.13260,21961326000
608.1597170711307,395.501571171032,2196.35860,21963586000
604.4851204869472,413.2626630718693,2196.58440,21965844000
574.7473574064711,446.2866854645424,2196.81100,21968110000
586.1227627952417,478.9184479482058,2197.03930,21970393000
570.53894792919,473.03173470592543,2197.27910,21972791000
598.1450522043438,480.57431174456343,2197.54320,21975432000
600.839455867918,497.2157395405537,2197.76940,21977694000
589.0742027301768,543.8660327850603,2198.00020,21980002000
582.4559063096194,547.846352758699,2198.22310,21982231000
601.575218383413,569.1125939957241,2198.44460,21984446000
588.4466817702377,564.9643432163606,2198.66910,21986691000
612.420708147827,519.7188693074779,2198.89660,21988966000
628.3648413747854,500.05882499046066,2199.13410,21991341000
624.2108041914919,566.7183070684503,2199.40340,21994034000
616.0760787233227,557.4383886108369,2199.63610,21996361000
636.6214174906581,559.6839374255075,2199.86030,21998603000
623.6240621947745,531.7477912483367,2200.08860,22000886000
676.0022171105478,517.7579020458606,2200.30810,22003081000
653.1150249171416,514.6336016511166,2200.52720,22005272000
656.2018457282045,542.7257305921884,2200.75730,22007573000
711.2226082114711,491.91207031525266,2200.98730,22009873000
785.2843516117622,496.7963137950384,2201.21610,22012161000
772.0725941650678,544.7048904559833,2201.44860,22014486000
734.130840122144,567.5121912345054,2201.68100,22016810000
867.5949378994909,508.69772353392966,2201.91130,22019113000
944.3176518093027,454.5143091144668,2202.14220,22021422000
1010.7233242290997,503.2678056761871,2202.36780,22023678000
892.157732237009,544.0769097951395,2202.59730,22025973000
879.3702817077959,525.0424842644419,2202.83450,22028345000
818.3645486157889,362.81285071973707,2203.07780,22030778000
761.3397342621532,370.82285343312594,2203.30620,22033062000
779.847376311287,337.08594191165685,2203.53660,22035366000
719.3199508350614,331.18725978543443,2203.76790,22037679000
563.1453842273181,339.7834645672075,2203.99780,22039978000
579.4419574636436,298.15349894371917,2204.21920,22042192000
599.5184967337613,385.5803343705832,2204.44630,22044463000
579.0235470252308,401.79514493660656,2204.67830,22046783000
643.9007633165264,493.345822789401,2204.91470,22049147000
719.8567547224719,506.2387787462453,2205.14350,22051435000
755.1143700197059,542.3250421142828,2205.37070,22053707000
811.4266199475321,607.8305654274063,2205.61440,22056144000
826.5066111410475,663.9439361462175,2205.84430,22058443000
802.8736327280483,693.9821268847295,2206.07130,22060713000
964.1213659086046,716.2385033241715,2206.30100,22063010000
965.2164997820078,720.6134419630264,2206.52770,22065277000
901.4275374897104,738.4375487691366,2206.76320,22067632000
963.3595070383038,731.1967578691597,2206.99690,22069969000
962.2952847340975,691.24973415946,2207.23070,22072307000
992.2006260281064,632.1369574697063,2207.46570,22074657000
798.6076630935527,524.7521844162263,2207.69470,22076947000
813.1762311223528,559.6655778305878,2207.95960,22079596000
778.5175679653073,418.2001018069747,2208.20140,22082014000
783.7393328855926,446.01938355002466,2208.43090,22084309000
847.1266043807791,455.3625031340101,2208.69440,22086944000
873.2932724321504,476.56761836828116,2208.92320,22089232000
889.8778800606108,513.3740085844598,2209.14860,22091486000
921.7158130951026,574.0700494335417,2209.39200,22093920000
929.6856559263279,553.5133119834337,2209.62860,22096286000
912.75649737049,606.4939408190373,2209.85230,22098523000
801.6858816941185,568.027103565448,2210.07950,22100795000
756.8307065117807,531.5799607893284,2210.30250,22103025000
727.5865683411195,581.9480098262742,2210.52540,22105254000
723.953740968585,581.9352246817663,2210.75470,22107547000
658.815169198386,643.6643837387043,2210.98800,22109880000
658.3934917315701,611.133632491585,2211.23360,22112336000
728.7312560729506,606.1175205745845,2211.46850,22114685000
745.7599472669058,564.0158126632675,2211.70480,22117048000
747.8707655301155,559.1478272023666,2211.93080,22119308000
762.5519841810152,563.9472369393992,2212.15500,22121550000
764.2787476464352,510.2612639243163,2212.38130,22123813000
781.404644067081,542.3005512395385,2212.60850,22126085000
776.5272082117407,548.1106464190365,2212.83660,22128366000
742.4584103889583,565.7273086789959,2213.07410,22130741000
800.4401008588276,591.6546456132943,2213.32770,22133277000
821.858735358804,586.1028500508303,2213.60340,22136034000
925.5290121928608,643.6650148204301,2213.89880,22138988000
953.5958681122459,635.9676147725125,2214.13230,22141323000
966.2904281786866,616.1064988703524,2214.38760,22143876000
1068.160048703592,672.5989944652911,2214.62910,22146291000
989.7863380672047,548.4553364042255,2214.85840,22148584000
735.8995827296828,485.5361865321748,2215.08410,22150841000
702.7030328317123,506.0211850515175,2215.31650,22153165000
504.96019607342066,425.06413725257545,2215.57890,22155789000
358.817738584538,418.7293881492089,2215.81230,22158123000
237.99423526938892,363.160548148507,2216.10550,22161055000
124.0679350458631,320.7038533031847,2216.33170,22163317000
154.60308164745976,275.34985634693885,2216.57970,22165797000
251.03339572713384,257.40634409917254,2216.84200,22168420000
289.8471399088494,143.19513894057286,2217.12090,22171209000
460.7081665502822,99.79025211555313,2217.35760,22173576000
594.3602158895815,32.70646740740483,2217.58780,22175878000
822.8416555795678,84.2437258840272,2217.85950,22178595000
931.3276412958099,81.8437870146752,2218.08410,22180841000
993.2095830345976,76.96739222097216,2218.30900,22183090000
1232.8263802087297,99.3415807076855,2218.58590,22185859000
1064.4838589094343,166.76113351470053,2218.87880,22188788000
839.2112417267195,157.32578943177901,2219.16770,22191677000
691.8626776332355,158.3498533711572,2219.38930,22193893000
572.7521894292656,210.7628176320158,2219.62080,22196208000
523.203098238093,236.09989278930692,2219.87260,22198726000
491.6199506935543,199.25880816084418,2220.09970,22200997000
449.4497792909464,232.7493028657177,2220.33350,22203335000
521.5147621331118,230.4690158895234,2220.56160,22205616000
507.1024310135352,287.00556570821635,2220.79630,22207963000
509.4965974308442,369.34085768963587,2221.02210,22210221000
560.1305030698427,466.9727037080019,2221.25280,22212528000
589.1355684082664,580.8767640709663,2221.48120,22214812000
599.1685257427347,648.7261118388446,2221.70560,22217056000
618.6711557021301,635.7747268859309,2221.93660,22219366000
721.4338574392705,647.7350880461273,2222.17110,22221711000
695.7593151810015,602.630013065106,2222.39860,22223986000
677.800304253204,548.2293612841449,2222.62430,22226243000
745.1552884327102,519.229603732886,2222.85930,22228593000
802.842555642161,485.9245850950959,2223.08870,22230887000
862.0350200120794,558.006113597122,2223.32490,22233249000
836.4930470227364,559.1098559292271,2223.55640,22235564000
812.6391943191662,575.6007610212229,2223.78900,22237890000
813.6440500935165,595.6506624764277,2224.02150,22240215000
895.9405050825959,644.7761773070918,2224.25580,22242558000
919.8319522593907,612.9781061523881,2224.48850,22244885000
858.0707266449324,611.9990076162907,2224.70640,22247064000
792.0460191153144,594.082259791485,2224.92940,22249294000
794.2302893860319,552.7929382063081,2225.15290,22251529000
780.8278561690689,554.1090713793265,2225.37730,22253773000
698.6249837401942,548.9692192425318,2225.60400,22256040000
718.3225131923834,552.4091902393823,2225.83650,22258365000
696.9535335225264,565.290256423509,2226.05850,22260585000
690.0786571464561,541.0803949823413,2226.28320,22262832000
719.2779453392346,535.6095150853901,2226.51770,22265177000
743.993916829328,588.1031933309222,2226.74010,22267401000
780.1875473281269,609.5604704669722,2226.97130,22269713000
759.9464804969863,636.6645125464682,2227.20180,22272018000
747.3860923374306,644.2111536964319,2227.42890,22274289000
779.2135032246897,659.1410833097677,2227.65780,22276578000
794.0474927934328,696.1001954616207,2227.88210,22278821000
756.4581237242616,679.2042579981224,2228.11660,22281166000
716.0016794660821,662.6715264769617,2228.34330,22283433000
706.0353263103528,634.4200498872706,2228.57280,22285728000
758.5164167000707,616.2844532151988,2228.80270,22288027000
773.5791011271522,665.1682936531038,2229.03610,22290361000
809.4762490171566,643.8823826484379,2229.26170,22292617000
801.092125529557,636.1526030787583,2229.49590,22294959000
802.1567274855965,658.9844879793967,2229.72780,22297278000
827.7690839095056,702.1949149975154,2229.96260,22299626000
834.5513014609202,715.2335749100563,2230.19640,22301964000
778.3957863642539,701.4296403847558,2230.42730,22304273000
760.3703452215237,675.4797819336055,2230.65410,22306541000
782.3899878502868,694.8340058112869,2230.88230,22308823000
787.4306831717456,717.1306673098215,2231.10720,22311072000
824.7070579280205,700.2747483700039,2231.33810,22313381000
842.9730054116371,690.9221341978698,2231.56700,22315670000
845.7674547849098,722.8995095945647,2231.79280,22317928000
851.956316741678,719.5597336691803,2232.01980,22320198000
879.9636022946489,760.534914146261,2232.24770,22322477000
940.4073278581569,718.684432214361,2232.47940,22324794000
1016.2923022491341,733.7955853659123,2232.71090,22327109000
1088.226592358095,772.8210206644436,2232.93770,22329377000
1194.55551928564,819.1333951555696,2233.16620,22331662000
1271.2521809871519,806.1427823481555,2233.39180,22333918000
1334.6126460815813,721.9641484234702,2233.63060,22336306000
1399.439816904104,705.9916396657538,2233.85800,22338580000
1415.5493745960207,586.5517857630124,2234.08420,22340842000
1450.217194612056,501.5936717441755,2234.31410,22343141000
1412.0455942060323,494.7263444290816,2234.55620,22345562000
1408.7557889480956,467.09371906887725,2234.78270,22347827000
1376.8670004022724,482.8870856863309,2235.01800,22350180000
1320.2368641162404,442.1478153949078,2235.24280,22352428000
1238.8712470829523,431.1248786574502,2235.46970,22354697000
1174.1324831932952,479.45060590119954,2235.69000,22356900000
1130.7853400297531,503.40751945335404,2235.92020,22359202000
1123.3641426052613,466.97780922051305,2236.15570,22361557000
1057.7126504171474,517.5882454393105,2236.38010,22363801000
1020.8773762492912,482.5223477617184,2236.61460,22366146000
1046.7792998021953,533.4996431406908,2236.84820,22368482000
937.2490754467152,560.0395770577843,2237.07740,22370774000
1085.1860772626796,555.1468827575432,2237.30040,22373004000
1224.2538820122177,458.4739312541226,2237.53470,22375347000
1199.3568114195157,392.84044080294433,2237.76500,22377650000
1269.4993485728355,317.3496575606912,2237.99480,22379948000
1198.9308148552952,363.69564964841976,2238.22820,22382282000
1082.3287263303675,352.29143216128756,2238.46300,22384630000
1168.1220447246187,422.7111585205073,2238.71850,22387185000
1145.8971275741076,452.41188034263445,2239.02180,22390218000
1117.8597424153907,430.8583107948634,2239.28560,22392856000
1029.8088396167827,458.88337720589107,2239.54280,22395428000
1058.958165437343,439.1594065300573,2239.80500,22398050000
963.5249678212601,502.40489643370165,2240.07750,22400775000
1022.8541162492321,511.9835358354219,2240.33440,22403344000
966.7952884096183,490.8290205484987,2240.62240,22406224000
1035.0194163276624,509.2364012922676,2240.90720,22409072000
1000.0108929982864,547.9177920068416,2241.23030,22412303000
1018.9534358218195,477.9721729973509,2241.50400,22415040000
970.6791060857901,467.9935597433325,2241.80150,22418015000
912.1577812973188,439.96692009864245,2242.05400,22420540000
775.5133772241904,414.5515918724712,2242.30390,22423039000
719.5571146778049,366.6682454779933,2242.56490,22425649000
777.110222026309,321.212746212856,2242.81540,22428154000
765.8088672188851,426.0930006026269,2243.06500,22430650000
815.7736555133174,488.90272025751517,2243.31860,22433186000
856.0840484243878,533.472983055661,2243.57180,22435718000
959.1923276222893,534.2439909273576,2243.83380,22438338000
995.4542243079625,527.2777633935775,2244.09350,22440935000
1003.4409128618685,509.5145193463664,2244.35350,22443535000
950.8680472544319,508.0245483349317,2244.66520,22446652000
980.4304748971368,488.6348649261637,2244.94880,22449488000
1086.4494605196128,423.52135041671977,2245.22310,22452231000
1180.8759663365342,428.0323087218419,2245.46150,22454615000
1264.5794657903705,438.40330183919497,2245.68730,22456873000
1086.441452922367,500.1091747389231,2245.97280,22459728000
927.7591260249068,535.7981336855955,2246.20280,22462028000
707.4128013162785,437.5389386062704,2246.43050,22464305000
802.8432103494797,479.56287634356556,2246.69930,22466993000
853.9819337754883,470.7168082215974,2246.92310,22469231000
975.2308317971087,582.6964727853233,2247.15120,22471512000
972.8699529341083,560.6904159943094,2247.37980,22473798000
1158.1005292991617,602.688794370713,2247.60720,22476072000
1166.360078827008,597.9361782077673,2247.87560,22478756000
1297.7724231416798,591.3857020803844,2248.10200,22481020000
1175.1888838071193,566.3746843958718,2248.33790,22483379000
1215.7611167138505,569.4379022934899,2248.59710,22485971000
1236.1022021837612,578.6297540612534,2248.85460,22488546000
1274.7343779933076,573.1607983568678,2249.08820,22490882000
1337.8445886264979,541.5331037784715,2249.32110,22493211000
1383.2671160852713,506.4262324595223,2249.58120,22495812000
1449.3787313603004,448.80024188722814,2249.80700,22498070000
1452.4710366673912,461.5791233735558,2250.03230,22500323000
1434.6638693634557,353.6877054484884,2250.26250,22502625000
1346.0217453198018,314.18421713547707,2250.49280,22504928000
1183.3584622762496,273.21987377252697,2250.71790,22507179000
1150.7529621607152,190.42554611651522,2250.97130,22509713000
1083.451505186139,172.28167761805145,2251.20210,22512021000
1144.19822898419,273.3358538196678,2251.42540,22514254000
1164.8823126080345,301.8637133424731,2251.65810,22516581000
1101.8594406604925,242.36364489934354,2251.88410,22518841000
1111.0404479925112,252.30908274284897,2252.10910,22521091000
1128.8633205940278,207.7920515999234,2252.33320,22523332000
1120.0875198974943,272.79851883450783,2252.56360,22525636000
1052.8449389026919,340.90721859919245,2252.78620,22527862000
912.6143537180712,455.2883921114923,2253.01720,22530172000
867.3231430677787,546.5355365881812,2253.29620,22532962000
796.7243178366728,564.7342415400193,2253.53320,22535332000
964.1411393046577,611.8092383557091,2253.76540,22537654000
1032.418178857755,510.94813118799453,2253.99790,22539979000
1029.879509244776,489.25324856336664,2254.22090,22542209000
1074.684848177033,445.7870138123042,2254.45480,22544548000
1153.2580590230186,391.7316219750749,2254.68240,22546824000
1097.7815630529446,402.82707231908836,2254.90140,22549014000
1066.1253468454022,426.2519218979447,2255.13600,22551360000
1054.3947211104423,440.2030163068192,2255.40820,22554082000
1030.6820936004233,497.9614202993045,2255.64150,22556415000
1022.9132696026012,572.0318779799798,2255.87060,22558706000
1033.2736239055396,556.4174621248168,2256.09460,22560946000
1035.025717501996,564.766621909036,2256.33290,22563329000
997.2731269254127,539.9058011496697,2256.55980,22565598000
938.1680532255969,478.8012680325888,2256.80920,22568092000
898.9465571841031,393.2926261106902,2257.03650,22570365000
885.3565465328845,408.5960745503551,2257.27550,22572755000
802.6203615037871,312.0849309939458,2257.53930,22575393000
744.7696440113862,329.9095670087047,2257.80590,22578059000
837.6770405296827,336.9789143784079,2258.03930,22580393000
882.5828423935974,389.6887804992608,2258.26900,22582690000
975.6441916155427,444.663806263336,2258.50200,22585020000
932.5124629659978,492.85013050820965,2258.76650,22587665000
991.281212047751,521.9721448463754,2259.00680,22590068000
1012.4706163769374,484.95647992085424,2259.25910,22592591000
1070.8990449124278,485.3846830867375,2259.51860,22595186000
1060.5648061885763,455.96016610425147,2259.80340,22598034000
838.4101168315519,570.6000901613829,2260.05960,22600596000
854.6718186493216,600.2263187901209,2260.35740,22603574000
815.1041664943502,618.9877907576948,2260.61540,22606154000
939.1821931400423,537.2299504993825,2260.89280,22608928000
997.3240312185021,535.4466725027122,2261.15020,22611502000
964.5378101022668,544.2090750487654,2261.42030,22614203000
899.0564278353679,589.5160331949768,2261.69320,22616932000
786.632080455131,613.4483718077788,2261.95430,22619543000
805.8694991549003,555.697332965945,2262.21590,22622159000
869.2077366232952,544.4848485379958,2262.47770,22624777000
818.5773565064441,507.5414033460645,2262.73790,22627379000
754.7836047241041,424.3415143367059,2263.00450,22630045000
853.0674781050159,386.9794596324709,2263.27450,22632745000
864.6752074750385,322.1060499807313,2263.53110,22635311000
913.9435249394728,335.4701611821754,2263.78010,22637801000
896.8605619730877,419.75668453733806,2264.03220,22640322000
925.9337250784678,440.6334442240994,2264.29410,22642941000
846.5309505327833,451.36389171042697,2264.55000,22645500000
824.203015119334,399.63674161251424,2264.81090,22648109000
895.8423492832344,424.1689619422149,2265.07210,22650721000
1001.5859158916119,409.1990438134915,2265.32560,22653256000
1056.4572235989044,390.99411465486327,2265.59600,22655960000
1105.1000858232808,334.9173800100007,2265.85180,22658518000
1110.1622991747763,242.43162618577054,2266.13420,22661342000
1097.9293209981204,198.6150448698879,2266.41030,22664103000
1093.6380459318907,213.98840959414423,2266.67920,22666792000
1129.9667877638997,204.8656747259836,2266.92290,22669229000
1146.0010590417833,168.94072655406876,2267.17910,22671791000
1168.2524139931447,202.6663103348736,2267.44820,22674482000
1184.0590566748672,284.61522814209957,2267.69980,22676998000
1160.2982979480323,330.9681611653635,2267.97080,22679708000
1098.7692104498653,288.9063294241435,2268.24600,22682460000
1093.5287372982111,397.8281577465508,2268.48610,22684861000
1009.9237243193417,339.92376993506184,2268.73570,22687357000
952.7214323643967,347.2195297574362,2269.19680,22691968000
835.6267806333486,291.5909046049119,2269.86790,22698679000
560.2809215716096,312.77720735935605,2270.09960,22700996000
435.7760997371588,281.47362549286186,2270.31680,22703168000
445.93512882517257,405.34923312199976,2270.53430,22705343000
392.4579196121494,399.15742413022,2270.75130,22707513000
344.62261372645315,382.5576953396724,2270.97470,22709747000
304.26100523964635,431.272405884917,2271.21100,22712110000
225.49272975028725,389.1579224834795,2271.42770,22714277000
307.1394036343539,381.1505967130189,2271.65180,22716518000
350.40612578578,453.06971677103115,2271.87570,22718757000
397.36486935386876,482.706340411871,2272.12440,22721244000
501.5461469057232,365.3108514714986,2272.37440,22723744000
814.6036685177221,263.4647178845339,2272.61160,22726116000
770.3143435634946,332.2989101617071,2272.83970,22728397000
670.6081549884923,303.16239932593277,2273.06920,22730692000
544.7478176217431,274.0566503975718,2273.33210,22733321000
509.9109136759973,244.06550360509135,2273.57220,22735722000
415.069552957529,288.2501792974383,2273.81530,22738153000
389.57049741682573,284.5562557440148,2274.07100,22740710000
545.8811671799797,253.03287975486916,2274.30980,22743098000
748.4215744127765,215.3495105620769,2274.53970,22745397000
710.8278149558179,144.60157558345657,2274.76660,22747666000
754.9404459714318,159.8119441789916,2275.02750,22750275000
657.9778566737384,173.15612341008378,2275.27700,22752770000
730.9855860677469,303.62386860388585,2275.50410,22755041000
710.8210569212421,429.240277749724,2275.73250,22757325000
798.0010264548403,416.40764947687467,2275.98750,22759875000
918.4397487190316,415.3031749450983,2276.24320,22762432000
889.2070448835692,441.0701295969977,2276.47710,22764771000
736.8532619438008,433.52069814558143,2276.71000,22767100000
748.7196206246771,427.0874665500486,2276.94960,22769496000
695.6835401238417,449.0081565661956,2277.20990,22772099000
632.0373079110682,404.3114933447028,2277.44200,22774420000
770.7341306852734,399.6501820455057,2277.67490,22776749000
795.8188114732994,435.7598595827682,2277.90970,22779097000
1133.6823015613631,534.4246940887037,2278.17770,22781777000
1000.3866483446221,466.9029004904976,2278.42220,22784222000
937.6410070453999,440.5706013071543,2278.67980,22786798000
965.1048944098842,405.22370414375064,2279.35180,22793518000
1085.4981961682954,428.7544172998445,2279.62620,22796262000
1078.9916240791129,535.1771179974128,2279.86570,22798657000
967.0733647648038,484.43967978940344,2280.08040,22800804000
821.9796297359508,460.59403692626216,2280.31010,22803101000
678.0073279126515,440.8660585007665,2280.55750,22805575000
690.666890177018,400.5558062655027,2280.78250,22807825000
535.8176919609677,389.1843287419561,2281.01310,22810131000
521.4675138038934,306.7610292838382,2281.24070,22812407000
454.90652189993835,257.971606002326,2281.48970,22814897000
436.5759322905526,211.8187097462423,2281.73900,22817390000
375.6379380582001,166.05547839355984,2281.96630,22819663000
441.06555867295924,182.25049866861505,2282.20610,22822061000
432.8583259410951,256.1438892942309,2282.43210,22824321000
366.7333240504632,229.6456144352785,2282.67470,22826747000
427.9642836037154,282.10434214864915,2282.89650,22828965000
593.7020134196644,291.80519918343634,2283.13100,22831310000
656.9595213890287,345.22038699686584,2283.35560,22833556000
664.8126013067862,490.3094397642841,2283.58400,22835840000
755.275029303608,553.037389079423,2283.82750,22838275000
964.8212609715097,657.8122809051368,2284.05790,22840579000
1032.515163497056,722.9063320403412,2284.27530,22842753000
1101.1324731838047,738.9401901427167,2284.51370,22845137000
1158.2883605223813,684.1368654088508,2284.76380,22847638000
1142.4338986068353,653.1474817000336,2284.99180,22849918000
1066.1176009542494,658.7155859957796,2285.22930,22852293000
1049.3308278037316,690.3435819635838,2285.45540,22854554000
954.3803983900033,685.46822492196,2285.68370,22856837000
899.7547750547334,672.3503714568343,2285.90710,22859071000
818.8322823143027,670.1724120417946,2286.14190,22861419000
790.8807185030744,696.6266747546904,2286.37030,22863703000
696.7051469789499,720.1681609669305,2286.60120,22866012000
694.8307488289455,716.0792484626903,2286.82300,22868230000
722.194224590043,695.8955745993499,2287.04810,22870481000
788.5994859167517,579.1017674942282,2287.28030,22872803000
900.3862519018642,530.9410552546561,2287.50460,22875046000
1076.551243999047,542.4213117934245,2287.74240,22877424000
1198.4239075072196,565.685707581536,2287.97510,22879751000
1324.7730091799456,559.9980522048029,2288.20240,22882024000
1376.0305151915386,565.9824887136293,2288.42990,22884299000
1253.5526842253228,575.3098414438135,2288.65640,22886564000
1094.2781174156994,570.2385201705914,2288.89210,22888921000
997.3752647949746,547.4425734811083,2289.12190,22891219000
1047.5604077075548,520.3416726906804,2289.35440,22893544000
1153.8152759236173,545.3940126408924,2289.58330,22895833000
1079.2461378369292,523.2644379552193,2289.80740,22898074000
1010.3497504888131,439.50300145267494,2290.02630,22900263000
907.7333465067779,411.48311617077417,2290.25120,22902512000
805.8974388118013,404.9272984658329,2290.47770,22904777000
803.3963588020981,465.1957852735223,2290.71800,22907180000
827.7681695567418,493.577590859416,2290.95530,22909553000
846.1555931469971,519.7009263888532,2291.18650,22911865000
812.9838138521304,572.6330696695611,2291.41350,22914135000
768.7948131648296,594.7661937300187,2291.64810,22916481000
768.6588523721047,610.8136655755765,2291.87600,22918760000
699.6175696655073,645.5732822046502,2292.10190,22921019000
605.9079287488803,691.729053663263,2292.33560,22923356000
648.0613546875016,693.2880461233631,2292.57240,22925724000
639.8602300033513,572.6784072038907,2292.79850,22927985000
696.6561230673127,515.5241335442361,2293.04750,22930475000
792.9792760215432,509.15985047303735,2293.26780,22932678000
772.9023190029123,460.51630145763374,2293.50380,22935038000
762.2572909714487,391.55292521419983,2293.72590,22937259000
778.1267269185508,435.7778648435173,2293.96430,22939643000
722.5254013453965,441.0146446859619,2294.25260,22942526000
637.8302133284913,451.2080592524123,2294.53650,22945365000
599.2655836872427,467.384771619718,2294.76160,22947616000
677.6646481798821,512.6294171187169,2294.99150,22949915000
715.5493906037685,555.2202219452058,2295.25160,22952516000
768.865739723637,597.0741578919783,2295.47780,22954778000
733.7884440528235,576.1311233000771,2295.70710,22957071000
742.8077202625581,606.4685724203467,2295.99960,22959996000
651.8575519558735,572.3765135711662,2296.23910,22962391000
610.8559859972521,527.9067744564861,2296.47140,22964714000
589.0398194747769,507.59010725910684,2296.70180,22967018000
586.6531324169164,509.69183001509236,2296.92650,22969265000
521.5820212976072,525.9198572855992,2297.15480,22971548000
517.0953255629021,524.4592649709167,2297.39250,22973925000
521.2570569604827,558.3944578521041,2297.65550,22976555000
530.1155105879465,539.7217566384337,2297.88100,22978810000
530.2647963061595,521.8007028056267,2298.11440,22981144000
602.1560955193235,520.8723542498901,2298.36640,22983664000
604.4849098791717,589.1449955035978,2298.61600,22986160000
580.5754340228547,612.5808994137523,2298.85690,22988569000
605.0246169547547,627.5986841600142,2299.08310,22990831000
690.3913949360441,632.3329007540415,2299.37260,22993726000
749.3656818400483,642.6518890609827,2299.62670,22996267000
749.1633805910478,597.6372712067523,2299.84750,22998475000
733.5036004194293,612.8969541285619,2300.10930,23001093000
627.5999271811065,610.1914279119453,2300.33520,23003352000
590.552232578858,617.902448953581,2300.55930,23005593000
528.7282984818816,634.5834485523036,2300.80010,23008001000
395.34962324587724,608.5594745179552,2301.03830,23010383000
377.64344940416277,606.9969724543655,2301.26860,23012686000
359.1992696117015,570.2330343137379,2301.50860,23015086000
441.1196493780832,617.7001268012658,2301.74430,23017443000
512.5879390689099,645.0116562428068,2301.97440,23019744000
381.4239153184063,639.3810848236309,2302.20560,23022056000
473.87205654088217,674.6908756286327,2302.43330,23024333000
523.5870707549564,649.217315916195,2302.66480,23026648000
548.9381250013255,690.9028968326475,2302.89960,23028996000
548.755475843647,725.8832318095667,2303.13180,23031318000
527.304093774267,696.685330067792,2303.35630,23033563000
602.0220975204728,743.3678203065286,2303.58240,23035824000
590.9384177143802,752.6815249223923,2303.81020,23038102000
488.4191171137738,736.8874943901664,2304.03350,23040335000
473.47451796031993,753.2064263096046,2304.26600,23042660000
511.57996365052907,788.9278470934809,2304.48990,23044899000
515.0839938641683,794.1569135997482,2304.71520,23047152000
602.7601082240544,754.9616519917079,2304.93870,23049387000
593.8765126458871,748.022529592774,2305.16420,23051642000
686.455119319972,688.7616581660316,2305.39270,23053927000
655.2210268915168,699.5902683671288,2305.63240,23056324000
750.5280408300366,668.45195979346,2305.86130,23058613000
818.2077177140051,697.9193388925202,2306.08960,23060896000
900.5456950416858,677.0296116083443,2306.32220,23063222000
913.5081097032981,713.9842784424234,2306.55570,23065557000
937.8430511649102,657.7820962610783,2306.78390,23067839000
819.9798198429279,683.4226950092786,2307.02700,23070270000
913.3043953590696,644.2938004147071,2307.32320,23073232000
807.6543397922035,605.292394856345,2307.55340,23075534000
870.9305015816337,541.1083798005254,2307.83900,23078390000
930.2868340958261,543.4579107338324,2308.10210,23081021000
973.792376596549,518.6988837439299,2308.39030,23083903000
945.9827684666869,600.5863633754842,2308.65390,23086539000
1113.9065612680934,618.5807712182625,2308.94950,23089495000
1091.8310426286164,636.8378083891254,2309.18230,23091823000
889.702152768746,623.554310002315,2309.46350,23094635000
927.6127319596036,636.8060022670215,2309.70110,23097011000
917.2668501931557,721.0455429132395,2309.99650,23099965000
937.1398291805582,751.0380638594894,2310.28140,23102814000
827.6908328918482,804.1968328817454,2310.50940,23105094000
890.3646467794814,828.8947581560953,2310.78650,23107865000
794.2444981303736,768.0674377454973,2311.08530,23110853000
714.4186580620521,654.9156633190984,2311.31970,23113197000
585.6393243010386,644.4828550824832,2311.60570,23116057000
475.984516091675,640.2274557455789,2311.85700,23118570000
506.5454713895065,630.0019572808009,2312.15580,23121558000
510.6173744648129,615.9334302663431,2312.39130,23123913000
488.41506532750907,592.090918981001,2312.61900,23126190000
599.9114725236,611.8572986367467,2312.90140,23129014000
631.200057611328,531.7962552252526,2313.18170,23131817000
584.820533950139,467.63401395674373,2313.46880,23134688000
506.0088266044499,394.1491612603782,2313.71700,23137170000
538.2824476543685,420.04612186367194,2313.95230,23139523000
499.95449042662443,446.7100941951039,2314.19240,23141924000
492.06020425508785,457.8619496471379,2314.42230,23144223000
586.8986529517844,507.32473057515705,2314.65710,23146571000
522.3771547134445,561.4162605642294,2314.88920,23148892000
498.23962815983026,539.1030977509188,2315.12040,23151204000
500.3894662309685,521.2872187517091,2315.35370,23153537000
526.7212838597837,466.1605930984007,2315.57680,23155768000
586.9995368741455,418.38453858493517,2315.80400,23158040000
607.7516587001365,374.36775983259156,2316.03290,23160329000
718.4052780896953,407.4805251528513,2316.27150,23162715000
758.9288482479384,434.93412277148695,2316.50260,23165026000
706.697718887772,427.6340289084219,2316.74050,23167405000
909.8224733821661,455.30016087180576,2316.97440,23169744000
1051.3009433323407,374.52628847495663,2317.20690,23172069000
863.6776371237928,414.83294007679433,2317.43320,23174332000
710.2701152262457,425.9395970176728,2317.65910,23176591000
672.0260174688622,476.4928389013966,2317.90060,23179006000
608.9986732282563,460.59023638117435,2318.12450,23181245000
531.2141173080244,357.19965630624847,2318.36180,23183618000
438.63241438187475,274.0233063275168,2318.59310,23185931000
439.6896936474244,279.4394058555218,2318.83440,23188344000
449.4740209679853,329.149432762654,2319.06790,23190679000
494.81682087749704,355.5521003221275,2319.30230,23193023000
532.2605910990943,407.8154784094233,2319.53610,23195361000
563.8880110749117,452.6695150566687,2319.77080,23197708000
621.0976178068116,441.0711459974319,2320.00180,23200018000
704.3778336839974,505.6476077281545,2320.23840,23202384000
751.7798469639201,510.2513213198444,2320.47800,23204780000
803.0015744994023,527.2903044156197,2320.70790,23207079000
748.3783961709661,574.4614607890747,2320.94130,23209413000
772.9102235563548,623.1219794941801,2321.16780,23211678000
798.5986068219445,648.6820698196931,2321.40840,23214084000
812.288965535434,554.6577133909568,2321.63350,23216335000
862.2150175752142,525.67200100873,2321.87090,23218709000
933.3338337038778,463.4188605477628,2322.09630,23220963000
901.7846846631635,370.343546325221,2322.32500,23223250000
741.0432623351321,332.48804803147016,2322.55670,23225567000
711.7812001458299,288.3029074953256,2322.79400,23227940000
602.6284726786438,240.58649020606768,2323.07760,23230776000
658.8763958101239,257.7375775324553,2323.31560,23233156000
621.3214812200308,277.7752065748519,2323.55220,23235522000
591.3716983694769,301.5606142401337,2323.79390,23237939000
568.5645833841164,287.7601990703834,2324.03770,23240377000
